0,0
1,1
2,1
3,2
4,1
5,2
6,2
7,3
8,1
9,2
10,2
11,3
12,2
13,3
14,3
15,4
16,1
17,2
18,2
19,3
20,2
21,3
22,3
23,4
24,2
25,3
26,3
27,4
28,3
29,4
30,4
31,3
32,1
33,2
34,2
35,3
36,2
37,3
38,3
39,4
40,2
41,3
42,3
43,4
44,3
45,4
46,4
47,3
48,2
49,3
50,3
51,4
52,3
53,4
54,4
55,3
56,3
57,4
58,4
59,3
60,4
61,3
62,3
63,2
64,1
65,2
66,2
67,3
68,2
69,3
70,3
71,4
72,2
73,3
74,3
75,4
76,3
77,4
78,4
79,3
80,2
81,3
82,3
83,4
84,3
85,4
86,4
87,3
88,3
89,4
90,4
91,3
92,4
93,3
94,3
95,2
96,2
97,3
98,3
99,4
100,3
101,4
102,4
103,3
104,3
105,4
106,4
107,3
108,4
109,3
110,3
111,2
112,3
113,4
114,4
115,3
116,4
117,3
118,3
119,2
120,4
121,3
122,3
123,2
124,3
125,2
126,2
127,1
128,1
129,2
130,2
131,3
132,2
133,3
134,3
135,4
136,2
137,3
138,3
139,4
140,3
141,4
142,4
143,3
144,2
145,3
146,3
147,4
148,3
149,4
150,4
151,3
152,3
153,4
154,4
155,3
156,4
157,3
158,3
159,2
160,2
161,3
162,3
163,4
164,3
165,4
166,4
167,3
168,3
169,4
170,4
171,3
172,4
173,3
174,3
175,2
176,3
177,4
178,4
179,3
180,4
181,3
182,3
183,2
184,4
185,3
186,3
187,2
188,3
189,2
190,2
191,1
192,2
193,3
194,3
195,4
196,3
197,4
198,4
199,3
200,3
201,4
202,4
203,3
204,4
205,3
206,3
207,2
208,3
209,4
210,4
211,3
212,4
213,3
214,3
215,2
216,4
217,3
218,3
219,2
220,3
221,2
222,2
223,1
224,3
225,4
226,4
227,3
228,4
229,3
230,3
231,2
232,4
233,3
234,3
235,2
236,3
237,2
238,2
239,1
240,4
241,3
242,3
243,2
244,3
245,2
246,2
247,1
248,3
249,2
250,2
251,1
252,2
253,1
254,1
255,0
256,1
257,2
258,2
259,3
260,2
261,3
262,3
263,4
264,2
265,3
266,3
267,4
268,3
269,4
270,4
271,3
272,2
273,3
274,3
275,4
276,3
277,4
278,4
279,3
280,3
281,4
282,4
283,3
284,4
285,3
286,3
287,2
288,2
289,3
290,3
291,4
292,3
293,4
294,4
295,3
296,3
297,4
298,4
299,3
300,4
301,3
302,3
303,2
304,3
305,4
306,4
307,3
308,4
309,3
310,3
311,2
312,4
313,3
314,3
315,2
316,3
317,2
318,2
319,1
320,2
321,3
322,3
323,4
324,3
325,4
326,4
327,3
328,3
329,4
330,4
331,3
332,4
333,3
334,3
335,2
336,3
337,4
338,4
339,3
340,4
341,3
342,3
343,2
344,4
345,3
346,3
347,2
348,3
349,2
350,2
351,1
352,3
353,4
354,4
355,3
356,4
357,3
358,3
359,2
360,4
361,3
362,3
363,2
364,3
365,2
366,2
367,1
368,4
369,3
370,3
371,2
372,3
373,2
374,2
375,1
376,3
377,2
378,2
379,1
380,2
381,1
382,1
383,0
384,2
385,3
386,3
387,4
388,3
389,4
390,4
391,3
392,3
393,4
394,4
395,3
396,4
397,3
398,3
399,2
400,3
401,4
402,4
403,3
404,4
405,3
406,3
407,2
408,4
409,3
410,3
411,2
412,3
413,2
414,2
415,1
416,3
417,4
418,4
419,3
420,4
421,3
422,3
423,2
424,4
425,3
426,3
427,2
428,3
429,2
430,2
431,1
432,4
433,3
434,3
435,2
436,3
437,2
438,2
439,1
440,3
441,2
442,2
443,1
444,2
445,1
446,1
447,0
448,3
449,4
450,4
451,3
452,4
453,3
454,3
455,2
456,4
457,3
458,3
459,2
460,3
461,2
462,2
463,1
464,4
465,3
466,3
467,2
468,3
469,2
470,2
471,1
472,3
473,2
474,2
475,1
476,2
477,1
478,1
479,0
480,4
481,3
482,3
483,2
484,3
485,2
486,2
487,1
488,3
489,2
490,2
491,1
492,2
493,1
494,1
495,0
496,3
497,2
498,2
499,1
500,2
501,1
502,1
503,0
504,2
505,1
506,1
507,0
508,1
509,0
510,0
511,1
512,1
513,2
514,2
515,3
516,2
517,3
518,3
519,4
520,2
521,3
522,3
523,4
524,3
525,4
526,4
527,3
528,2
529,3
530,3
531,4
532,3
533,4
534,4
535,3
536,3
537,4
538,4
539,3
540,4
541,3
542,3
543,2
544,2
545,3
546,3
547,4
548,3
549,4
550,4
551,3
552,3
553,4
554,4
555,3
556,4
557,3
558,3
559,2
560,3
561,4
562,4
563,3
564,4
565,3
566,3
567,2
568,4
569,3
570,3
571,2
572,3
573,2
574,2
575,1
576,2
577,3
578,3
579,4
580,3
581,4
582,4
583,3
584,3
585,4
586,4
587,3
588,4
589,3
590,3
591,2
592,3
593,4
594,4
595,3
596,4
597,3
598,3
599,2
600,4
601,3
602,3
603,2
604,3
605,2
606,2
607,1
608,3
609,4
610,4
611,3
612,4
613,3
614,3
615,2
616,4
617,3
618,3
619,2
620,3
621,2
622,2
623,1
624,4
625,3
626,3
627,2
628,3
629,2
630,2
631,1
632,3
633,2
634,2
635,1
636,2
637,1
638,1
639,0
640,2
641,3
642,3
643,4
644,3
645,4
646,4
647,3
648,3
649,4
650,4
651,3
652,4
653,3
654,3
655,2
656,3
657,4
658,4
659,3
660,4
661,3
662,3
663,2
664,4
665,3
666,3
667,2
668,3
669,2
670,2
671,1
672,3
673,4
674,4
675,3
676,4
677,3
678,3
679,2
680,4
681,3
682,3
683,2
684,3
685,2
686,2
687,1
688,4
689,3
690,3
691,2
692,3
693,2
694,2
695,1
696,3
697,2
698,2
699,1
700,2
701,1
702,1
703,0
704,3
705,4
706,4
707,3
708,4
709,3
710,3
711,2
712,4
713,3
714,3
715,2
716,3
717,2
718,2
719,1
720,4
721,3
722,3
723,2
724,3
725,2
726,2
727,1
728,3
729,2
730,2
731,1
732,2
733,1
734,1
735,0
736,4
737,3
738,3
739,2
740,3
741,2
742,2
743,1
744,3
745,2
746,2
747,1
748,2
749,1
750,1
751,0
752,3
753,2
754,2
755,1
756,2
757,1
758,1
759,0
760,2
761,1
762,1
763,0
764,1
765,0
766,0
767,1
768,2
769,3
770,3
771,4
772,3
773,4
774,4
775,3
776,3
777,4
778,4
779,3
780,4
781,3
782,3
783,2
784,3
785,4
786,4
787,3
788,4
789,3
790,3
791,2
792,4
793,3
794,3
795,2
796,3
797,2
798,2
799,1
800,3
801,4
802,4
803,3
804,4
805,3
806,3
807,2
808,4
809,3
810,3
811,2
812,3
813,2
814,2
815,1
816,4
817,3
818,3
819,2
820,3
821,2
822,2
823,1
824,3
825,2
826,2
827,1
828,2
829,1
830,1
831,0
832,3
833,4
834,4
835,3
836,4
837,3
838,3
839,2
840,4
841,3
842,3
843,2
844,3
845,2
846,2
847,1
848,4
849,3
850,3
851,2
852,3
853,2
854,2
855,1
856,3
857,2
858,2
859,1
860,2
861,1
862,1
863,0
864,4
865,3
866,3
867,2
868,3
869,2
870,2
871,1
872,3
873,2
874,2
875,1
876,2
877,1
878,1
879,0
880,3
881,2
882,2
883,1
884,2
885,1
886,1
887,0
888,2
889,1
890,1
891,0
892,1
893,0
894,0
895,1
896,3
897,4
898,4
899,3
900,4
901,3
902,3
903,2
904,4
905,3
906,3
907,2
908,3
909,2
910,2
911,1
912,4
913,3
914,3
915,2
916,3
917,2
918,2
919,1
920,3
921,2
922,2
923,1
924,2
925,1
926,1
927,0
928,4
929,3
930,3
931,2
932,3
933,2
934,2
935,1
936,3
937,2
938,2
939,1
940,2
941,1
942,1
943,0
944,3
945,2
946,2
947,1
948,2
949,1
950,1
951,0
952,2
953,1
954,1
955,0
956,1
957,0
958,0
959,1
960,4
961,3
962,3
963,2
964,3
965,2
966,2
967,1
968,3
969,2
970,2
971,1
972,2
973,1
974,1
975,0
976,3
977,2
978,2
979,1
980,2
981,1
982,1
983,0
984,2
985,1
986,1
987,0
988,1
989,0
990,0
991,1
992,3
993,2
994,2
995,1
996,2
997,1
998,1
999,0
1000,2
1001,1
1002,1
1003,0
1004,1
1005,0
1006,0
1007,1
1008,2
1009,1
1010,1
1011,0
1012,1
1013,0
1014,0
1015,1
1016,1
1017,0
1018,0
1019,1
1020,0
1021,1
1022,1
1023,2
1024,1
1025,2
1026,2
1027,3
1028,2
1029,3
1030,3
1031,4
1032,2
1033,3
1034,3
1035,4
1036,3
1037,4
1038,4
1039,3
1040,2
1041,3
1042,3
1043,4
1044,3
1045,4
1046,4
1047,3
1048,3
1049,4
1050,4
1051,3
1052,4
1053,3
1054,3
1055,2
1056,2
1057,3
1058,3
1059,4
1060,3
1061,4
1062,4
1063,3
1064,3
1065,4
1066,4
1067,3
1068,4
1069,3
1070,3
1071,2
1072,3
1073,4
1074,4
1075,3
1076,4
1077,3
1078,3
1079,2
1080,4
1081,3
1082,3
1083,2
1084,3
1085,2
1086,2
1087,1
1088,2
1089,3
1090,3
1091,4
1092,3
1093,4
1094,4
1095,3
1096,3
1097,4
1098,4
1099,3
1100,4
1101,3
1102,3
1103,2
1104,3
1105,4
1106,4
1107,3
1108,4
1109,3
1110,3
1111,2
1112,4
1113,3
1114,3
1115,2
1116,3
1117,2
1118,2
1119,1
1120,3
1121,4
1122,4
1123,3
1124,4
1125,3
1126,3
1127,2
1128,4
1129,3
1130,3
1131,2
1132,3
1133,2
1134,2
1135,1
1136,4
1137,3
1138,3
1139,2
1140,3
1141,2
1142,2
1143,1
1144,3
1145,2
1146,2
1147,1
1148,2
1149,1
1150,1
1151,0
1152,2
1153,3
1154,3
1155,4
1156,3
1157,4
1158,4
1159,3
1160,3
1161,4
1162,4
1163,3
1164,4
1165,3
1166,3
1167,2
1168,3
1169,4
1170,4
1171,3
1172,4
1173,3
1174,3
1175,2
1176,4
1177,3
1178,3
1179,2
1180,3
1181,2
1182,2
1183,1
1184,3
1185,4
1186,4
1187,3
1188,4
1189,3
1190,3
1191,2
1192,4
1193,3
1194,3
1195,2
1196,3
1197,2
1198,2
1199,1
1200,4
1201,3
1202,3
1203,2
1204,3
1205,2
1206,2
1207,1
1208,3
1209,2
1210,2
1211,1
1212,2
1213,1
1214,1
1215,0
1216,3
1217,4
1218,4
1219,3
1220,4
1221,3
1222,3
1223,2
1224,4
1225,3
1226,3
1227,2
1228,3
1229,2
1230,2
1231,1
1232,4
1233,3
1234,3
1235,2
1236,3
1237,2
1238,2
1239,1
1240,3
1241,2
1242,2
1243,1
1244,2
1245,1
1246,1
1247,0
1248,4
1249,3
1250,3
1251,2
1252,3
1253,2
1254,2
1255,1
1256,3
1257,2
1258,2
1259,1
1260,2
1261,1
1262,1
1263,0
1264,3
1265,2
1266,2
1267,1
1268,2
1269,1
1270,1
1271,0
1272,2
1273,1
1274,1
1275,0
1276,1
1277,0
1278,0
1279,1
1280,2
1281,3
1282,3
1283,4
1284,3
1285,4
1286,4
1287,3
1288,3
1289,4
1290,4
1291,3
1292,4
1293,3
1294,3
1295,2
1296,3
1297,4
1298,4
1299,3
1300,4
1301,3
1302,3
1303,2
1304,4
1305,3
1306,3
1307,2
1308,3
1309,2
1310,2
1311,1
1312,3
1313,4
1314,4
1315,3
1316,4
1317,3
1318,3
1319,2
1320,4
1321,3
1322,3
1323,2
1324,3
1325,2
1326,2
1327,1
1328,4
1329,3
1330,3
1331,2
1332,3
1333,2
1334,2
1335,1
1336,3
1337,2
1338,2
1339,1
1340,2
1341,1
1342,1
1343,0
1344,3
1345,4
1346,4
1347,3
1348,4
1349,3
1350,3
1351,2
1352,4
1353,3
1354,3
1355,2
1356,3
1357,2
1358,2
1359,1
1360,4
1361,3
1362,3
1363,2
1364,3
1365,2
1366,2
1367,1
1368,3
1369,2
1370,2
1371,1
1372,2
1373,1
1374,1
1375,0
1376,4
1377,3
1378,3
1379,2
1380,3
1381,2
1382,2
1383,1
1384,3
1385,2
1386,2
1387,1
1388,2
1389,1
1390,1
1391,0
1392,3
1393,2
1394,2
1395,1
1396,2
1397,1
1398,1
1399,0
1400,2
1401,1
1402,1
1403,0
1404,1
1405,0
1406,0
1407,1
1408,3
1409,4
1410,4
1411,3
1412,4
1413,3
1414,3
1415,2
1416,4
1417,3
1418,3
1419,2
1420,3
1421,2
1422,2
1423,1
1424,4
1425,3
1426,3
1427,2
1428,3
1429,2
1430,2
1431,1
1432,3
1433,2
1434,2
1435,1
1436,2
1437,1
1438,1
1439,0
1440,4
1441,3
1442,3
1443,2
1444,3
1445,2
1446,2
1447,1
1448,3
1449,2
1450,2
1451,1
1452,2
1453,1
1454,1
1455,0
1456,3
1457,2
1458,2
1459,1
1460,2
1461,1
1462,1
1463,0
1464,2
1465,1
1466,1
1467,0
1468,1
1469,0
1470,0
1471,1
1472,4
1473,3
1474,3
1475,2
1476,3
1477,2
1478,2
1479,1
1480,3
1481,2
1482,2
1483,1
1484,2
1485,1
1486,1
1487,0
1488,3
1489,2
1490,2
1491,1
1492,2
1493,1
1494,1
1495,0
1496,2
1497,1
1498,1
1499,0
1500,1
1501,0
1502,0
1503,1
1504,3
1505,2
1506,2
1507,1
1508,2
1509,1
1510,1
1511,0
1512,2
1513,1
1514,1
1515,0
1516,1
1517,0
1518,0
1519,1
1520,2
1521,1
1522,1
1523,0
1524,1
1525,0
1526,0
1527,1
1528,1
1529,0
1530,0
1531,1
1532,0
1533,1
1534,1
1535,2
1536,2
1537,3
1538,3
1539,4
1540,3
1541,4
1542,4
1543,3
1544,3
1545,4
1546,4
1547,3
1548,4
1549,3
1550,3
1551,2
1552,3
1553,4
1554,4
1555,3
1556,4
1557,3
1558,3
1559,2
1560,4
1561,3
1562,3
1563,2
1564,3
1565,2
1566,2
1567,1
1568,3
1569,4
1570,4
1571,3
1572,4
1573,3
1574,3
1575,2
1576,4
1577,3
1578,3
1579,2
1580,3
1581,2
1582,2
1583,1
1584,4
1585,3
1586,3
1587,2
1588,3
1589,2
1590,2
1591,1
1592,3
1593,2
1594,2
1595,1
1596,2
1597,1
1598,1
1599,0
1600,3
1601,4
1602,4
1603,3
1604,4
1605,3
1606,3
1607,2
1608,4
1609,3
1610,3
1611,2
1612,3
1613,2
1614,2
1615,1
1616,4
1617,3
1618,3
1619,2
1620,3
1621,2
1622,2
1623,1
1624,3
1625,2
1626,2
1627,1
1628,2
1629,1
1630,1
1631,0
1632,4
1633,3
1634,3
1635,2
1636,3
1637,2
1638,2
1639,1
1640,3
1641,2
1642,2
1643,1
1644,2
1645,1
1646,1
1647,0
1648,3
1649,2
1650,2
1651,1
1652,2
1653,1
1654,1
1655,0
1656,2
1657,1
1658,1
1659,0
1660,1
1661,0
1662,0
1663,1
1664,3
1665,4
1666,4
1667,3
1668,4
1669,3
1670,3
1671,2
1672,4
1673,3
1674,3
1675,2
1676,3
1677,2
1678,2
1679,1
1680,4
1681,3
1682,3
1683,2
1684,3
1685,2
1686,2
1687,1
1688,3
1689,2
1690,2
1691,1
1692,2
1693,1
1694,1
1695,0
1696,4
1697,3
1698,3
1699,2
1700,3
1701,2
1702,2
1703,1
1704,3
1705,2
1706,2
1707,1
1708,2
1709,1
1710,1
1711,0
1712,3
1713,2
1714,2
1715,1
1716,2
1717,1
1718,1
1719,0
1720,2
1721,1
1722,1
1723,0
1724,1
1725,0
1726,0
1727,1
1728,4
1729,3
1730,3
1731,2
1732,3
1733,2
1734,2
1735,1
1736,3
1737,2
1738,2
1739,1
1740,2
1741,1
1742,1
1743,0
1744,3
1745,2
1746,2
1747,1
1748,2
1749,1
1750,1
1751,0
1752,2
1753,1
1754,1
1755,0
1756,1
1757,0
1758,0
1759,1
1760,3
1761,2
1762,2
1763,1
1764,2
1765,1
1766,1
1767,0
1768,2
1769,1
1770,1
1771,0
1772,1
1773,0
1774,0
1775,1
1776,2
1777,1
1778,1
1779,0
1780,1
1781,0
1782,0
1783,1
1784,1
1785,0
1786,0
1787,1
1788,0
1789,1
1790,1
1791,2
1792,3
1793,4
1794,4
1795,3
1796,4
1797,3
1798,3
1799,2
1800,4
1801,3
1802,3
1803,2
1804,3
1805,2
1806,2
1807,1
1808,4
1809,3
1810,3
1811,2
1812,3
1813,2
1814,2
1815,1
1816,3
1817,2
1818,2
1819,1
1820,2
1821,1
1822,1
1823,0
1824,4
1825,3
1826,3
1827,2
1828,3
1829,2
1830,2
1831,1
1832,3
1833,2
1834,2
1835,1
1836,2
1837,1
1838,1
1839,0
1840,3
1841,2
1842,2
1843,1
1844,2
1845,1
1846,1
1847,0
1848,2
1849,1
1850,1
1851,0
1852,1
1853,0
1854,0
1855,1
1856,4
1857,3
1858,3
1859,2
1860,3
1861,2
1862,2
1863,1
1864,3
1865,2
1866,2
1867,1
1868,2
1869,1
1870,1
1871,0
1872,3
1873,2
1874,2
1875,1
1876,2
1877,1
1878,1
1879,0
1880,2
1881,1
1882,1
1883,0
1884,1
1885,0
1886,0
1887,1
1888,3
1889,2
1890,2
1891,1
1892,2
1893,1
1894,1
1895,0
1896,2
1897,1
1898,1
1899,0
1900,1
1901,0
1902,0
1903,1
1904,2
1905,1
1906,1
1907,0
1908,1
1909,0
1910,0
1911,1
1912,1
1913,0
1914,0
1915,1
1916,0
1917,1
1918,1
1919,2
1920,4
1921,3
1922,3
1923,2
1924,3
1925,2
1926,2
1927,1
1928,3
1929,2
1930,2
1931,1
1932,2
1933,1
1934,1
1935,0
1936,3
1937,2
1938,2
1939,1
1940,2
1941,1
1942,1
1943,0
1944,2
1945,1
1946,1
1947,0
1948,1
1949,0
1950,0
1951,1
1952,3
1953,2
1954,2
1955,1
1956,2
1957,1
1958,1
1959,0
1960,2
1961,1
1962,1
1963,0
1964,1
1965,0
1966,0
1967,1
1968,2
1969,1
1970,1
1971,0
1972,1
1973,0
1974,0
1975,1
1976,1
1977,0
1978,0
1979,1
1980,0
1981,1
1982,1
1983,2
1984,3
1985,2
1986,2
1987,1
1988,2
1989,1
1990,1
1991,0
1992,2
1993,1
1994,1
1995,0
1996,1
1997,0
1998,0
1999,1
2000,2
2001,1
2002,1
2003,0
2004,1
2005,0
2006,0
2007,1
2008,1
2009,0
2010,0
2011,1
2012,0
2013,1
2014,1
2015,2
2016,2
2017,1
2018,1
2019,0
2020,1
2021,0
2022,0
2023,1
2024,1
2025,0
2026,0
2027,1
2028,0
2029,1
2030,1
2031,2
2032,1
2033,0
2034,0
2035,1
2036,0
2037,1
2038,1
2039,2
2040,0
2041,1
2042,1
2043,2
2044,1
2045,2
2046,2
2047,3
2048,1
2049,2
2050,2
2051,3
2052,2
2053,3
2054,3
2055,4
2056,2
2057,3
2058,3
2059,4
2060,3
2061,4
2062,4
2063,3
2064,2
2065,3
2066,3
2067,4
2068,3
2069,4
2070,4
2071,3
2072,3
2073,4
2074,4
2075,3
2076,4
2077,3
2078,3
2079,2
2080,2
2081,3
2082,3
2083,4
2084,3
2085,4
2086,4
2087,3
2088,3
2089,4
2090,4
2091,3
2092,4
2093,3
2094,3
2095,2
2096,3
2097,4
2098,4
2099,3
2100,4
2101,3
2102,3
2103,2
2104,4
2105,3
2106,3
2107,2
2108,3
2109,2
2110,2
2111,1
2112,2
2113,3
2114,3
2115,4
2116,3
2117,4
2118,4
2119,3
2120,3
2121,4
2122,4
2123,3
2124,4
2125,3
2126,3
2127,2
2128,3
2129,4
2130,4
2131,3
2132,4
2133,3
2134,3
2135,2
2136,4
2137,3
2138,3
2139,2
2140,3
2141,2
2142,2
2143,1
2144,3
2145,4
2146,4
2147,3
2148,4
2149,3
2150,3
2151,2
2152,4
2153,3
2154,3
2155,2
2156,3
2157,2
2158,2
2159,1
2160,4
2161,3
2162,3
2163,2
2164,3
2165,2
2166,2
2167,1
2168,3
2169,2
2170,2
2171,1
2172,2
2173,1
2174,1
2175,0
2176,2
2177,3
2178,3
2179,4
2180,3
2181,4
2182,4
2183,3
2184,3
2185,4
2186,4
2187,3
2188,4
2189,3
2190,3
2191,2
2192,3
2193,4
2194,4
2195,3
2196,4
2197,3
2198,3
2199,2
2200,4
2201,3
2202,3
2203,2
2204,3
2205,2
2206,2
2207,1
2208,3
2209,4
2210,4
2211,3
2212,4
2213,3
2214,3
2215,2
2216,4
2217,3
2218,3
2219,2
2220,3
2221,2
2222,2
2223,1
2224,4
2225,3
2226,3
2227,2
2228,3
2229,2
2230,2
2231,1
2232,3
2233,2
2234,2
2235,1
2236,2
2237,1
2238,1
2239,0
2240,3
2241,4
2242,4
2243,3
2244,4
2245,3
2246,3
2247,2
2248,4
2249,3
2250,3
2251,2
2252,3
2253,2
2254,2
2255,1
2256,4
2257,3
2258,3
2259,2
2260,3
2261,2
2262,2
2263,1
2264,3
2265,2
2266,2
2267,1
2268,2
2269,1
2270,1
2271,0
2272,4
2273,3
2274,3
2275,2
2276,3
2277,2
2278,2
2279,1
2280,3
2281,2
2282,2
2283,1
2284,2
2285,1
2286,1
2287,0
2288,3
2289,2
2290,2
2291,1
2292,2
2293,1
2294,1
2295,0
2296,2
2297,1
2298,1
2299,0
2300,1
2301,0
2302,0
2303,1
2304,2
2305,3
2306,3
2307,4
2308,3
2309,4
2310,4
2311,3
2312,3
2313,4
2314,4
2315,3
2316,4
2317,3
2318,3
2319,2
2320,3
2321,4
2322,4
2323,3
2324,4
2325,3
2326,3
2327,2
2328,4
2329,3
2330,3
2331,2
2332,3
2333,2
2334,2
2335,1
2336,3
2337,4
2338,4
2339,3
2340,4
2341,3
2342,3
2343,2
2344,4
2345,3
2346,3
2347,2
2348,3
2349,2
2350,2
2351,1
2352,4
2353,3
2354,3
2355,2
2356,3
2357,2
2358,2
2359,1
2360,3
2361,2
2362,2
2363,1
2364,2
2365,1
2366,1
2367,0
2368,3
2369,4
2370,4
2371,3
2372,4
2373,3
2374,3
2375,2
2376,4
2377,3
2378,3
2379,2
2380,3
2381,2
2382,2
2383,1
2384,4
2385,3
2386,3
2387,2
2388,3
2389,2
2390,2
2391,1
2392,3
2393,2
2394,2
2395,1
2396,2
2397,1
2398,1
2399,0
2400,4
2401,3
2402,3
2403,2
2404,3
2405,2
2406,2
2407,1
2408,3
2409,2
2410,2
2411,1
2412,2
2413,1
2414,1
2415,0
2416,3
2417,2
2418,2
2419,1
2420,2
2421,1
2422,1
2423,0
2424,2
2425,1
2426,1
2427,0
2428,1
2429,0
2430,0
2431,1
2432,3
2433,4
2434,4
2435,3
2436,4
2437,3
2438,3
2439,2
2440,4
2441,3
2442,3
2443,2
2444,3
2445,2
2446,2
2447,1
2448,4
2449,3
2450,3
2451,2
2452,3
2453,2
2454,2
2455,1
2456,3
2457,2
2458,2
2459,1
2460,2
2461,1
2462,1
2463,0
2464,4
2465,3
2466,3
2467,2
2468,3
2469,2
2470,2
2471,1
2472,3
2473,2
2474,2
2475,1
2476,2
2477,1
2478,1
2479,0
2480,3
2481,2
2482,2
2483,1
2484,2
2485,1
2486,1
2487,0
2488,2
2489,1
2490,1
2491,0
2492,1
2493,0
2494,0
2495,1
2496,4
2497,3
2498,3
2499,2
2500,3
2501,2
2502,2
2503,1
2504,3
2505,2
2506,2
2507,1
2508,2
2509,1
2510,1
2511,0
2512,3
2513,2
2514,2
2515,1
2516,2
2517,1
2518,1
2519,0
2520,2
2521,1
2522,1
2523,0
2524,1
2525,0
2526,0
2527,1
2528,3
2529,2
2530,2
2531,1
2532,2
2533,1
2534,1
2535,0
2536,2
2537,1
2538,1
2539,0
2540,1
2541,0
2542,0
2543,1
2544,2
2545,1
2546,1
2547,0
2548,1
2549,0
2550,0
2551,1
2552,1
2553,0
2554,0
2555,1
2556,0
2557,1
2558,1
2559,2
2560,2
2561,3
2562,3
2563,4
2564,3
2565,4
2566,4
2567,3
2568,3
2569,4
2570,4
2571,3
2572,4
2573,3
2574,3
2575,2
2576,3
2577,4
2578,4
2579,3
2580,4
2581,3
2582,3
2583,2
2584,4
2585,3
2586,3
2587,2
2588,3
2589,2
2590,2
2591,1
2592,3
2593,4
2594,4
2595,3
2596,4
2597,3
2598,3
2599,2
2600,4
2601,3
2602,3
2603,2
2604,3
2605,2
2606,2
2607,1
2608,4
2609,3
2610,3
2611,2
2612,3
2613,2
2614,2
2615,1
2616,3
2617,2
2618,2
2619,1
2620,2
2621,1
2622,1
2623,0
2624,3
2625,4
2626,4
2627,3
2628,4
2629,3
2630,3
2631,2
2632,4
2633,3
2634,3
2635,2
2636,3
2637,2
2638,2
2639,1
2640,4
2641,3
2642,3
2643,2
2644,3
2645,2
2646,2
2647,1
2648,3
2649,2
2650,2
2651,1
2652,2
2653,1
2654,1
2655,0
2656,4
2657,3
2658,3
2659,2
2660,3
2661,2
2662,2
2663,1
2664,3
2665,2
2666,2
2667,1
2668,2
2669,1
2670,1
2671,0
2672,3
2673,2
2674,2
2675,1
2676,2
2677,1
2678,1
2679,0
2680,2
2681,1
2682,1
2683,0
2684,1
2685,0
2686,0
2687,1
2688,3
2689,4
2690,4
2691,3
2692,4
2693,3
2694,3
2695,2
2696,4
2697,3
2698,3
2699,2
2700,3
2701,2
2702,2
2703,1
2704,4
2705,3
2706,3
2707,2
2708,3
2709,2
2710,2
2711,1
2712,3
2713,2
2714,2
2715,1
2716,2
2717,1
2718,1
2719,0
2720,4
2721,3
2722,3
2723,2
2724,3
2725,2
2726,2
2727,1
2728,3
2729,2
2730,2
2731,1
2732,2
2733,1
2734,1
2735,0
2736,3
2737,2
2738,2
2739,1
2740,2
2741,1
2742,1
2743,0
2744,2
2745,1
2746,1
2747,0
2748,1
2749,0
2750,0
2751,1
2752,4
2753,3
2754,3
2755,2
2756,3
2757,2
2758,2
2759,1
2760,3
2761,2
2762,2
2763,1
2764,2
2765,1
2766,1
2767,0
2768,3
2769,2
2770,2
2771,1
2772,2
2773,1
2774,1
2775,0
2776,2
2777,1
2778,1
2779,0
2780,1
2781,0
2782,0
2783,1
2784,3
2785,2
2786,2
2787,1
2788,2
2789,1
2790,1
2791,0
2792,2
2793,1
2794,1
2795,0
2796,1
2797,0
2798,0
2799,1
2800,2
2801,1
2802,1
2803,0
2804,1
2805,0
2806,0
2807,1
2808,1
2809,0
2810,0
2811,1
2812,0
2813,1
2814,1
2815,2
2816,3
2817,4
2818,4
2819,3
2820,4
2821,3
2822,3
2823,2
2824,4
2825,3
2826,3
2827,2
2828,3
2829,2
2830,2
2831,1
2832,4
2833,3
2834,3
2835,2
2836,3
2837,2
2838,2
2839,1
2840,3
2841,2
2842,2
2843,1
2844,2
2845,1
2846,1
2847,0
2848,4
2849,3
2850,3
2851,2
2852,3
2853,2
2854,2
2855,1
2856,3
2857,2
2858,2
2859,1
2860,2
2861,1
2862,1
2863,0
2864,3
2865,2
2866,2
2867,1
2868,2
2869,1
2870,1
2871,0
2872,2
2873,1
2874,1
2875,0
2876,1
2877,0
2878,0
2879,1
2880,4
2881,3
2882,3
2883,2
2884,3
2885,2
2886,2
2887,1
2888,3
2889,2
2890,2
2891,1
2892,2
2893,1
2894,1
2895,0
2896,3
2897,2
2898,2
2899,1
2900,2
2901,1
2902,1
2903,0
2904,2
2905,1
2906,1
2907,0
2908,1
2909,0
2910,0
2911,1
2912,3
2913,2
2914,2
2915,1
2916,2
2917,1
2918,1
2919,0
2920,2
2921,1
2922,1
2923,0
2924,1
2925,0
2926,0
2927,1
2928,2
2929,1
2930,1
2931,0
2932,1
2933,0
2934,0
2935,1
2936,1
2937,0
2938,0
2939,1
2940,0
2941,1
2942,1
2943,2
2944,4
2945,3
2946,3
2947,2
2948,3
2949,2
2950,2
2951,1
2952,3
2953,2
2954,2
2955,1
2956,2
2957,1
2958,1
2959,0
2960,3
2961,2
2962,2
2963,1
2964,2
2965,1
2966,1
2967,0
2968,2
2969,1
2970,1
2971,0
2972,1
2973,0
2974,0
2975,1
2976,3
2977,2
2978,2
2979,1
2980,2
2981,1
2982,1
2983,0
2984,2
2985,1
2986,1
2987,0
2988,1
2989,0
2990,0
2991,1
2992,2
2993,1
2994,1
2995,0
2996,1
2997,0
2998,0
2999,1
3000,1
3001,0
3002,0
3003,1
3004,0
3005,1
3006,1
3007,2
3008,3
3009,2
3010,2
3011,1
3012,2
3013,1
3014,1
3015,0
3016,2
3017,1
3018,1
3019,0
3020,1
3021,0
3022,0
3023,1
3024,2
3025,1
3026,1
3027,0
3028,1
3029,0
3030,0
3031,1
3032,1
3033,0
3034,0
3035,1
3036,0
3037,1
3038,1
3039,2
3040,2
3041,1
3042,1
3043,0
3044,1
3045,0
3046,0
3047,1
3048,1
3049,0
3050,0
3051,1
3052,0
3053,1
3054,1
3055,2
3056,1
3057,0
3058,0
3059,1
3060,0
3061,1
3062,1
3063,2
3064,0
3065,1
3066,1
3067,2
3068,1
3069,2
3070,2
3071,3
3072,2
3073,3
3074,3
3075,4
3076,3
3077,4
3078,4
3079,3
3080,3
3081,4
3082,4
3083,3
3084,4
3085,3
3086,3
3087,2
3088,3
3089,4
3090,4
3091,3
3092,4
3093,3
3094,3
3095,2
3096,4
3097,3
3098,3
3099,2
3100,3
3101,2
3102,2
3103,1
3104,3
3105,4
3106,4
3107,3
3108,4
3109,3
3110,3
3111,2
3112,4
3113,3
3114,3
3115,2
3116,3
3117,2
3118,2
3119,1
3120,4
3121,3
3122,3
3123,2
3124,3
3125,2
3126,2
3127,1
3128,3
3129,2
3130,2
3131,1
3132,2
3133,1
3134,1
3135,0
3136,3
3137,4
3138,4
3139,3
3140,4
3141,3
3142,3
3143,2
3144,4
3145,3
3146,3
3147,2
3148,3
3149,2
3150,2
3151,1
3152,4
3153,3
3154,3
3155,2
3156,3
3157,2
3158,2
3159,1
3160,3
3161,2
3162,2
3163,1
3164,2
3165,1
3166,1
3167,0
3168,4
3169,3
3170,3
3171,2
3172,3
3173,2
3174,2
3175,1
3176,3
3177,2
3178,2
3179,1
3180,2
3181,1
3182,1
3183,0
3184,3
3185,2
3186,2
3187,1
3188,2
3189,1
3190,1
3191,0
3192,2
3193,1
3194,1
3195,0
3196,1
3197,0
3198,0
3199,1
3200,3
3201,4
3202,4
3203,3
3204,4
3205,3
3206,3
3207,2
3208,4
3209,3
3210,3
3211,2
3212,3
3213,2
3214,2
3215,1
3216,4
3217,3
3218,3
3219,2
3220,3
3221,2
3222,2
3223,1
3224,3
3225,2
3226,2
3227,1
3228,2
3229,1
3230,1
3231,0
3232,4
3233,3
3234,3
3235,2
3236,3
3237,2
3238,2
3239,1
3240,3
3241,2
3242,2
3243,1
3244,2
3245,1
3246,1
3247,0
3248,3
3249,2
3250,2
3251,1
3252,2
3253,1
3254,1
3255,0
3256,2
3257,1
3258,1
3259,0
3260,1
3261,0
3262,0
3263,1
3264,4
3265,3
3266,3
3267,2
3268,3
3269,2
3270,2
3271,1
3272,3
3273,2
3274,2
3275,1
3276,2
3277,1
3278,1
3279,0
3280,3
3281,2
3282,2
3283,1
3284,2
3285,1
3286,1
3287,0
3288,2
3289,1
3290,1
3291,0
3292,1
3293,0
3294,0
3295,1
3296,3
3297,2
3298,2
3299,1
3300,2
3301,1
3302,1
3303,0
3304,2
3305,1
3306,1
3307,0
3308,1
3309,0
3310,0
3311,1
3312,2
3313,1
3314,1
3315,0
3316,1
3317,0
3318,0
3319,1
3320,1
3321,0
3322,0
3323,1
3324,0
3325,1
3326,1
3327,2
3328,3
3329,4
3330,4
3331,3
3332,4
3333,3
3334,3
3335,2
3336,4
3337,3
3338,3
3339,2
3340,3
3341,2
3342,2
3343,1
3344,4
3345,3
3346,3
3347,2
3348,3
3349,2
3350,2
3351,1
3352,3
3353,2
3354,2
3355,1
3356,2
3357,1
3358,1
3359,0
3360,4
3361,3
3362,3
3363,2
3364,3
3365,2
3366,2
3367,1
3368,3
3369,2
3370,2
3371,1
3372,2
3373,1
3374,1
3375,0
3376,3
3377,2
3378,2
3379,1
3380,2
3381,1
3382,1
3383,0
3384,2
3385,1
3386,1
3387,0
3388,1
3389,0
3390,0
3391,1
3392,4
3393,3
3394,3
3395,2
3396,3
3397,2
3398,2
3399,1
3400,3
3401,2
3402,2
3403,1
3404,2
3405,1
3406,1
3407,0
3408,3
3409,2
3410,2
3411,1
3412,2
3413,1
3414,1
3415,0
3416,2
3417,1
3418,1
3419,0
3420,1
3421,0
3422,0
3423,1
3424,3
3425,2
3426,2
3427,1
3428,2
3429,1
3430,1
3431,0
3432,2
3433,1
3434,1
3435,0
3436,1
3437,0
3438,0
3439,1
3440,2
3441,1
3442,1
3443,0
3444,1
3445,0
3446,0
3447,1
3448,1
3449,0
3450,0
3451,1
3452,0
3453,1
3454,1
3455,2
3456,4
3457,3
3458,3
3459,2
3460,3
3461,2
3462,2
3463,1
3464,3
3465,2
3466,2
3467,1
3468,2
3469,1
3470,1
3471,0
3472,3
3473,2
3474,2
3475,1
3476,2
3477,1
3478,1
3479,0
3480,2
3481,1
3482,1
3483,0
3484,1
3485,0
3486,0
3487,1
3488,3
3489,2
3490,2
3491,1
3492,2
3493,1
3494,1
3495,0
3496,2
3497,1
3498,1
3499,0
3500,1
3501,0
3502,0
3503,1
3504,2
3505,1
3506,1
3507,0
3508,1
3509,0
3510,0
3511,1
3512,1
3513,0
3514,0
3515,1
3516,0
3517,1
3518,1
3519,2
3520,3
3521,2
3522,2
3523,1
3524,2
3525,1
3526,1
3527,0
3528,2
3529,1
3530,1
3531,0
3532,1
3533,0
3534,0
3535,1
3536,2
3537,1
3538,1
3539,0
3540,1
3541,0
3542,0
3543,1
3544,1
3545,0
3546,0
3547,1
3548,0
3549,1
3550,1
3551,2
3552,2
3553,1
3554,1
3555,0
3556,1
3557,0
3558,0
3559,1
3560,1
3561,0
3562,0
3563,1
3564,0
3565,1
3566,1
3567,2
3568,1
3569,0
3570,0
3571,1
3572,0
3573,1
3574,1
3575,2
3576,0
3577,1
3578,1
3579,2
3580,1
3581,2
3582,2
3583,3
3584,3
3585,4
3586,4
3587,3
3588,4
3589,3
3590,3
3591,2
3592,4
3593,3
3594,3
3595,2
3596,3
3597,2
3598,2
3599,1
3600,4
3601,3
3602,3
3603,2
3604,3
3605,2
3606,2
3607,1
3608,3
3609,2
3610,2
3611,1
3612,2
3613,1
3614,1
3615,0
3616,4
3617,3
3618,3
3619,2
3620,3
3621,2
3622,2
3623,1
3624,3
3625,2
3626,2
3627,1
3628,2
3629,1
3630,1
3631,0
3632,3
3633,2
3634,2
3635,1
3636,2
3637,1
3638,1
3639,0
3640,2
3641,1
3642,1
3643,0
3644,1
3645,0
3646,0
3647,1
3648,4
3649,3
3650,3
3651,2
3652,3
3653,2
3654,2
3655,1
3656,3
3657,2
3658,2
3659,1
3660,2
3661,1
3662,1
3663,0
3664,3
3665,2
3666,2
3667,1
3668,2
3669,1
3670,1
3671,0
3672,2
3673,1
3674,1
3675,0
3676,1
3677,0
3678,0
3679,1
3680,3
3681,2
3682,2
3683,1
3684,2
3685,1
3686,1
3687,0
3688,2
3689,1
3690,1
3691,0
3692,1
3693,0
3694,0
3695,1
3696,2
3697,1
3698,1
3699,0
3700,1
3701,0
3702,0
3703,1
3704,1
3705,0
3706,0
3707,1
3708,0
3709,1
3710,1
3711,2
3712,4
3713,3
3714,3
3715,2
3716,3
3717,2
3718,2
3719,1
3720,3
3721,2
3722,2
3723,1
3724,2
3725,1
3726,1
3727,0
3728,3
3729,2
3730,2
3731,1
3732,2
3733,1
3734,1
3735,0
3736,2
3737,1
3738,1
3739,0
3740,1
3741,0
3742,0
3743,1
3744,3
3745,2
3746,2
3747,1
3748,2
3749,1
3750,1
3751,0
3752,2
3753,1
3754,1
3755,0
3756,1
3757,0
3758,0
3759,1
3760,2
3761,1
3762,1
3763,0
3764,1
3765,0
3766,0
3767,1
3768,1
3769,0
3770,0
3771,1
3772,0
3773,1
3774,1
3775,2
3776,3
3777,2
3778,2
3779,1
3780,2
3781,1
3782,1
3783,0
3784,2
3785,1
3786,1
3787,0
3788,1
3789,0
3790,0
3791,1
3792,2
3793,1
3794,1
3795,0
3796,1
3797,0
3798,0
3799,1
3800,1
3801,0
3802,0
3803,1
3804,0
3805,1
3806,1
3807,2
3808,2
3809,1
3810,1
3811,0
3812,1
3813,0
3814,0
3815,1
3816,1
3817,0
3818,0
3819,1
3820,0
3821,1
3822,1
3823,2
3824,1
3825,0
3826,0
3827,1
3828,0
3829,1
3830,1
3831,2
3832,0
3833,1
3834,1
3835,2
3836,1
3837,2
3838,2
3839,3
3840,4
3841,3
3842,3
3843,2
3844,3
3845,2
3846,2
3847,1
3848,3
3849,2
3850,2
3851,1
3852,2
3853,1
3854,1
3855,0
3856,3
3857,2
3858,2
3859,1
3860,2
3861,1
3862,1
3863,0
3864,2
3865,1
3866,1
3867,0
3868,1
3869,0
3870,0
3871,1
3872,3
3873,2
3874,2
3875,1
3876,2
3877,1
3878,1
3879,0
3880,2
3881,1
3882,1
3883,0
3884,1
3885,0
3886,0
3887,1
3888,2
3889,1
3890,1
3891,0
3892,1
3893,0
3894,0
3895,1
3896,1
3897,0
3898,0
3899,1
3900,0
3901,1
3902,1
3903,2
3904,3
3905,2
3906,2
3907,1
3908,2
3909,1
3910,1
3911,0
3912,2
3913,1
3914,1
3915,0
3916,1
3917,0
3918,0
3919,1
3920,2
3921,1
3922,1
3923,0
3924,1
3925,0
3926,0
3927,1
3928,1
3929,0
3930,0
3931,1
3932,0
3933,1
3934,1
3935,2
3936,2
3937,1
3938,1
3939,0
3940,1
3941,0
3942,0
3943,1
3944,1
3945,0
3946,0
3947,1
3948,0
3949,1
3950,1
3951,2
3952,1
3953,0
3954,0
3955,1
3956,0
3957,1
3958,1
3959,2
3960,0
3961,1
3962,1
3963,2
3964,1
3965,2
3966,2
3967,3
3968,3
3969,2
3970,2
3971,1
3972,2
3973,1
3974,1
3975,0
3976,2
3977,1
3978,1
3979,0
3980,1
3981,0
3982,0
3983,1
3984,2
3985,1
3986,1
3987,0
3988,1
3989,0
3990,0
3991,1
3992,1
3993,0
3994,0
3995,1
3996,0
3997,1
3998,1
3999,2
4000,2
4001,1
4002,1
4003,0
4004,1
4005,0
4006,0
4007,1
4008,1
4009,0
4010,0
4011,1
4012,0
4013,1
4014,1
4015,2
4016,1
4017,0
4018,0
4019,1
4020,0
4021,1
4022,1
4023,2
4024,0
4025,1
4026,1
4027,2
4028,1
4029,2
4030,2
4031,3
4032,2
4033,1
4034,1
4035,0
4036,1
4037,0
4038,0
4039,1
4040,1
4041,0
4042,0
4043,1
4044,0
4045,1
4046,1
4047,2
4048,1
4049,0
4050,0
4051,1
4052,0
4053,1
4054,1
4055,2
4056,0
4057,1
4058,1
4059,2
4060,1
4061,2
4062,2
4063,3
4064,1
4065,0
4066,0
4067,1
4068,0
4069,1
4070,1
4071,2
4072,0
4073,1
4074,1
4075,2
4076,1
4077,2
4078,2
4079,3
4080,0
4081,1
4082,1
4083,2
4084,1
4085,2
4086,2
4087,3
4088,1
4089,2
4090,2
4091,3
4092,2
4093,3
4094,3
4095,4
4096,1
4097,2
4098,2
4099,3
4100,2
4101,3
4102,3
4103,4
4104,2
4105,3
4106,3
4107,4
4108,3
4109,4
4110,4
4111,3
4112,2
4113,3
4114,3
4115,4
4116,3
4117,4
4118,4
4119,3
4120,3
4121,4
4122,4
4123,3
4124,4
4125,3
4126,3
4127,2
4128,2
4129,3
4130,3
4131,4
4132,3
4133,4
4134,4
4135,3
4136,3
4137,4
4138,4
4139,3
4140,4
4141,3
4142,3
4143,2
4144,3
4145,4
4146,4
4147,3
4148,4
4149,3
4150,3
4151,2
4152,4
4153,3
4154,3
4155,2
4156,3
4157,2
4158,2
4159,1
4160,2
4161,3
4162,3
4163,4
4164,3
4165,4
4166,4
4167,3
4168,3
4169,4
4170,4
4171,3
4172,4
4173,3
4174,3
4175,2
4176,3
4177,4
4178,4
4179,3
4180,4
4181,3
4182,3
4183,2
4184,4
4185,3
4186,3
4187,2
4188,3
4189,2
4190,2
4191,1
4192,3
4193,4
4194,4
4195,3
4196,4
4197,3
4198,3
4199,2
4200,4
4201,3
4202,3
4203,2
4204,3
4205,2
4206,2
4207,1
4208,4
4209,3
4210,3
4211,2
4212,3
4213,2
4214,2
4215,1
4216,3
4217,2
4218,2
4219,1
4220,2
4221,1
4222,1
4223,0
4224,2
4225,3
4226,3
4227,4
4228,3
4229,4
4230,4
4231,3
4232,3
4233,4
4234,4
4235,3
4236,4
4237,3
4238,3
4239,2
4240,3
4241,4
4242,4
4243,3
4244,4
4245,3
4246,3
4247,2
4248,4
4249,3
4250,3
4251,2
4252,3
4253,2
4254,2
4255,1
4256,3
4257,4
4258,4
4259,3
4260,4
4261,3
4262,3
4263,2
4264,4
4265,3
4266,3
4267,2
4268,3
4269,2
4270,2
4271,1
4272,4
4273,3
4274,3
4275,2
4276,3
4277,2
4278,2
4279,1
4280,3
4281,2
4282,2
4283,1
4284,2
4285,1
4286,1
4287,0
4288,3
4289,4
4290,4
4291,3
4292,4
4293,3
4294,3
4295,2
4296,4
4297,3
4298,3
4299,2
4300,3
4301,2
4302,2
4303,1
4304,4
4305,3
4306,3
4307,2
4308,3
4309,2
4310,2
4311,1
4312,3
4313,2
4314,2
4315,1
4316,2
4317,1
4318,1
4319,0
4320,4
4321,3
4322,3
4323,2
4324,3
4325,2
4326,2
4327,1
4328,3
4329,2
4330,2
4331,1
4332,2
4333,1
4334,1
4335,0
4336,3
4337,2
4338,2
4339,1
4340,2
4341,1
4342,1
4343,0
4344,2
4345,1
4346,1
4347,0
4348,1
4349,0
4350,0
4351,1
4352,2
4353,3
4354,3
4355,4
4356,3
4357,4
4358,4
4359,3
4360,3
4361,4
4362,4
4363,3
4364,4
4365,3
4366,3
4367,2
4368,3
4369,4
4370,4
4371,3
4372,4
4373,3
4374,3
4375,2
4376,4
4377,3
4378,3
4379,2
4380,3
4381,2
4382,2
4383,1
4384,3
4385,4
4386,4
4387,3
4388,4
4389,3
4390,3
4391,2
4392,4
4393,3
4394,3
4395,2
4396,3
4397,2
4398,2
4399,1
4400,4
4401,3
4402,3
4403,2
4404,3
4405,2
4406,2
4407,1
4408,3
4409,2
4410,2
4411,1
4412,2
4413,1
4414,1
4415,0
4416,3
4417,4
4418,4
4419,3
4420,4
4421,3
4422,3
4423,2
4424,4
4425,3
4426,3
4427,2
4428,3
4429,2
4430,2
4431,1
4432,4
4433,3
4434,3
4435,2
4436,3
4437,2
4438,2
4439,1
4440,3
4441,2
4442,2
4443,1
4444,2
4445,1
4446,1
4447,0
4448,4
4449,3
4450,3
4451,2
4452,3
4453,2
4454,2
4455,1
4456,3
4457,2
4458,2
4459,1
4460,2
4461,1
4462,1
4463,0
4464,3
4465,2
4466,2
4467,1
4468,2
4469,1
4470,1
4471,0
4472,2
4473,1
4474,1
4475,0
4476,1
4477,0
4478,0
4479,1
4480,3
4481,4
4482,4
4483,3
4484,4
4485,3
4486,3
4487,2
4488,4
4489,3
4490,3
4491,2
4492,3
4493,2
4494,2
4495,1
4496,4
4497,3
4498,3
4499,2
4500,3
4501,2
4502,2
4503,1
4504,3
4505,2
4506,2
4507,1
4508,2
4509,1
4510,1
4511,0
4512,4
4513,3
4514,3
4515,2
4516,3
4517,2
4518,2
4519,1
4520,3
4521,2
4522,2
4523,1
4524,2
4525,1
4526,1
4527,0
4528,3
4529,2
4530,2
4531,1
4532,2
4533,1
4534,1
4535,0
4536,2
4537,1
4538,1
4539,0
4540,1
4541,0
4542,0
4543,1
4544,4
4545,3
4546,3
4547,2
4548,3
4549,2
4550,2
4551,1
4552,3
4553,2
4554,2
4555,1
4556,2
4557,1
4558,1
4559,0
4560,3
4561,2
4562,2
4563,1
4564,2
4565,1
4566,1
4567,0
4568,2
4569,1
4570,1
4571,0
4572,1
4573,0
4574,0
4575,1
4576,3
4577,2
4578,2
4579,1
4580,2
4581,1
4582,1
4583,0
4584,2
4585,1
4586,1
4587,0
4588,1
4589,0
4590,0
4591,1
4592,2
4593,1
4594,1
4595,0
4596,1
4597,0
4598,0
4599,1
4600,1
4601,0
4602,0
4603,1
4604,0
4605,1
4606,1
4607,2
4608,2
4609,3
4610,3
4611,4
4612,3
4613,4
4614,4
4615,3
4616,3
4617,4
4618,4
4619,3
4620,4
4621,3
4622,3
4623,2
4624,3
4625,4
4626,4
4627,3
4628,4
4629,3
4630,3
4631,2
4632,4
4633,3
4634,3
4635,2
4636,3
4637,2
4638,2
4639,1
4640,3
4641,4
4642,4
4643,3
4644,4
4645,3
4646,3
4647,2
4648,4
4649,3
4650,3
4651,2
4652,3
4653,2
4654,2
4655,1
4656,4
4657,3
4658,3
4659,2
4660,3
4661,2
4662,2
4663,1
4664,3
4665,2
4666,2
4667,1
4668,2
4669,1
4670,1
4671,0
4672,3
4673,4
4674,4
4675,3
4676,4
4677,3
4678,3
4679,2
4680,4
4681,3
4682,3
4683,2
4684,3
4685,2
4686,2
4687,1
4688,4
4689,3
4690,3
4691,2
4692,3
4693,2
4694,2
4695,1
4696,3
4697,2
4698,2
4699,1
4700,2
4701,1
4702,1
4703,0
4704,4
4705,3
4706,3
4707,2
4708,3
4709,2
4710,2
4711,1
4712,3
4713,2
4714,2
4715,1
4716,2
4717,1
4718,1
4719,0
4720,3
4721,2
4722,2
4723,1
4724,2
4725,1
4726,1
4727,0
4728,2
4729,1
4730,1
4731,0
4732,1
4733,0
4734,0
4735,1
4736,3
4737,4
4738,4
4739,3
4740,4
4741,3
4742,3
4743,2
4744,4
4745,3
4746,3
4747,2
4748,3
4749,2
4750,2
4751,1
4752,4
4753,3
4754,3
4755,2
4756,3
4757,2
4758,2
4759,1
4760,3
4761,2
4762,2
4763,1
4764,2
4765,1
4766,1
4767,0
4768,4
4769,3
4770,3
4771,2
4772,3
4773,2
4774,2
4775,1
4776,3
4777,2
4778,2
4779,1
4780,2
4781,1
4782,1
4783,0
4784,3
4785,2
4786,2
4787,1
4788,2
4789,1
4790,1
4791,0
4792,2
4793,1
4794,1
4795,0
4796,1
4797,0
4798,0
4799,1
4800,4
4801,3
4802,3
4803,2
4804,3
4805,2
4806,2
4807,1
4808,3
4809,2
4810,2
4811,1
4812,2
4813,1
4814,1
4815,0
4816,3
4817,2
4818,2
4819,1
4820,2
4821,1
4822,1
4823,0
4824,2
4825,1
4826,1
4827,0
4828,1
4829,0
4830,0
4831,1
4832,3
4833,2
4834,2
4835,1
4836,2
4837,1
4838,1
4839,0
4840,2
4841,1
4842,1
4843,0
4844,1
4845,0
4846,0
4847,1
4848,2
4849,1
4850,1
4851,0
4852,1
4853,0
4854,0
4855,1
4856,1
4857,0
4858,0
4859,1
4860,0
4861,1
4862,1
4863,2
4864,3
4865,4
4866,4
4867,3
4868,4
4869,3
4870,3
4871,2
4872,4
4873,3
4874,3
4875,2
4876,3
4877,2
4878,2
4879,1
4880,4
4881,3
4882,3
4883,2
4884,3
4885,2
4886,2
4887,1
4888,3
4889,2
4890,2
4891,1
4892,2
4893,1
4894,1
4895,0
4896,4
4897,3
4898,3
4899,2
4900,3
4901,2
4902,2
4903,1
4904,3
4905,2
4906,2
4907,1
4908,2
4909,1
4910,1
4911,0
4912,3
4913,2
4914,2
4915,1
4916,2
4917,1
4918,1
4919,0
4920,2
4921,1
4922,1
4923,0
4924,1
4925,0
4926,0
4927,1
4928,4
4929,3
4930,3
4931,2
4932,3
4933,2
4934,2
4935,1
4936,3
4937,2
4938,2
4939,1
4940,2
4941,1
4942,1
4943,0
4944,3
4945,2
4946,2
4947,1
4948,2
4949,1
4950,1
4951,0
4952,2
4953,1
4954,1
4955,0
4956,1
4957,0
4958,0
4959,1
4960,3
4961,2
4962,2
4963,1
4964,2
4965,1
4966,1
4967,0
4968,2
4969,1
4970,1
4971,0
4972,1
4973,0
4974,0
4975,1
4976,2
4977,1
4978,1
4979,0
4980,1
4981,0
4982,0
4983,1
4984,1
4985,0
4986,0
4987,1
4988,0
4989,1
4990,1
4991,2
4992,4
4993,3
4994,3
4995,2
4996,3
4997,2
4998,2
4999,1
5000,3
5001,2
5002,2
5003,1
5004,2
5005,1
5006,1
5007,0
5008,3
5009,2
5010,2
5011,1
5012,2
5013,1
5014,1
5015,0
5016,2
5017,1
5018,1
5019,0
5020,1
5021,0
5022,0
5023,1
5024,3
5025,2
5026,2
5027,1
5028,2
5029,1
5030,1
5031,0
5032,2
5033,1
5034,1
5035,0
5036,1
5037,0
5038,0
5039,1
5040,2
5041,1
5042,1
5043,0
5044,1
5045,0
5046,0
5047,1
5048,1
5049,0
5050,0
5051,1
5052,0
5053,1
5054,1
5055,2
5056,3
5057,2
5058,2
5059,1
5060,2
5061,1
5062,1
5063,0
5064,2
5065,1
5066,1
5067,0
5068,1
5069,0
5070,0
5071,1
5072,2
5073,1
5074,1
5075,0
5076,1
5077,0
5078,0
5079,1
5080,1
5081,0
5082,0
5083,1
5084,0
5085,1
5086,1
5087,2
5088,2
5089,1
5090,1
5091,0
5092,1
5093,0
5094,0
5095,1
5096,1
5097,0
5098,0
5099,1
5100,0
5101,1
5102,1
5103,2
5104,1
5105,0
5106,0
5107,1
5108,0
5109,1
5110,1
5111,2
5112,0
5113,1
5114,1
5115,2
5116,1
5117,2
5118,2
5119,3
5120,2
5121,3
5122,3
5123,4
5124,3
5125,4
5126,4
5127,3
5128,3
5129,4
5130,4
5131,3
5132,4
5133,3
5134,3
5135,2
5136,3
5137,4
5138,4
5139,3
5140,4
5141,3
5142,3
5143,2
5144,4
5145,3
5146,3
5147,2
5148,3
5149,2
5150,2
5151,1
5152,3
5153,4
5154,4
5155,3
5156,4
5157,3
5158,3
5159,2
5160,4
5161,3
5162,3
5163,2
5164,3
5165,2
5166,2
5167,1
5168,4
5169,3
5170,3
5171,2
5172,3
5173,2
5174,2
5175,1
5176,3
5177,2
5178,2
5179,1
5180,2
5181,1
5182,1
5183,0
5184,3
5185,4
5186,4
5187,3
5188,4
5189,3
5190,3
5191,2
5192,4
5193,3
5194,3
5195,2
5196,3
5197,2
5198,2
5199,1
5200,4
5201,3
5202,3
5203,2
5204,3
5205,2
5206,2
5207,1
5208,3
5209,2
5210,2
5211,1
5212,2
5213,1
5214,1
5215,0
5216,4
5217,3
5218,3
5219,2
5220,3
5221,2
5222,2
5223,1
5224,3
5225,2
5226,2
5227,1
5228,2
5229,1
5230,1
5231,0
5232,3
5233,2
5234,2
5235,1
5236,2
5237,1
5238,1
5239,0
5240,2
5241,1
5242,1
5243,0
5244,1
5245,0
5246,0
5247,1
5248,3
5249,4
5250,4
5251,3
5252,4
5253,3
5254,3
5255,2
5256,4
5257,3
5258,3
5259,2
5260,3
5261,2
5262,2
5263,1
5264,4
5265,3
5266,3
5267,2
5268,3
5269,2
5270,2
5271,1
5272,3
5273,2
5274,2
5275,1
5276,2
5277,1
5278,1
5279,0
5280,4
5281,3
5282,3
5283,2
5284,3
5285,2
5286,2
5287,1
5288,3
5289,2
5290,2
5291,1
5292,2
5293,1
5294,1
5295,0
5296,3
5297,2
5298,2
5299,1
5300,2
5301,1
5302,1
5303,0
5304,2
5305,1
5306,1
5307,0
5308,1
5309,0
5310,0
5311,1
5312,4
5313,3
5314,3
5315,2
5316,3
5317,2
5318,2
5319,1
5320,3
5321,2
5322,2
5323,1
5324,2
5325,1
5326,1
5327,0
5328,3
5329,2
5330,2
5331,1
5332,2
5333,1
5334,1
5335,0
5336,2
5337,1
5338,1
5339,0
5340,1
5341,0
5342,0
5343,1
5344,3
5345,2
5346,2
5347,1
5348,2
5349,1
5350,1
5351,0
5352,2
5353,1
5354,1
5355,0
5356,1
5357,0
5358,0
5359,1
5360,2
5361,1
5362,1
5363,0
5364,1
5365,0
5366,0
5367,1
5368,1
5369,0
5370,0
5371,1
5372,0
5373,1
5374,1
5375,2
5376,3
5377,4
5378,4
5379,3
5380,4
5381,3
5382,3
5383,2
5384,4
5385,3
5386,3
5387,2
5388,3
5389,2
5390,2
5391,1
5392,4
5393,3
5394,3
5395,2
5396,3
5397,2
5398,2
5399,1
5400,3
5401,2
5402,2
5403,1
5404,2
5405,1
5406,1
5407,0
5408,4
5409,3
5410,3
5411,2
5412,3
5413,2
5414,2
5415,1
5416,3
5417,2
5418,2
5419,1
5420,2
5421,1
5422,1
5423,0
5424,3
5425,2
5426,2
5427,1
5428,2
5429,1
5430,1
5431,0
5432,2
5433,1
5434,1
5435,0
5436,1
5437,0
5438,0
5439,1
5440,4
5441,3
5442,3
5443,2
5444,3
5445,2
5446,2
5447,1
5448,3
5449,2
5450,2
5451,1
5452,2
5453,1
5454,1
5455,0
5456,3
5457,2
5458,2
5459,1
5460,2
5461,1
5462,1
5463,0
5464,2
5465,1
5466,1
5467,0
5468,1
5469,0
5470,0
5471,1
5472,3
5473,2
5474,2
5475,1
5476,2
5477,1
5478,1
5479,0
5480,2
5481,1
5482,1
5483,0
5484,1
5485,0
5486,0
5487,1
5488,2
5489,1
5490,1
5491,0
5492,1
5493,0
5494,0
5495,1
5496,1
5497,0
5498,0
5499,1
5500,0
5501,1
5502,1
5503,2
5504,4
5505,3
5506,3
5507,2
5508,3
5509,2
5510,2
5511,1
5512,3
5513,2
5514,2
5515,1
5516,2
5517,1
5518,1
5519,0
5520,3
5521,2
5522,2
5523,1
5524,2
5525,1
5526,1
5527,0
5528,2
5529,1
5530,1
5531,0
5532,1
5533,0
5534,0
5535,1
5536,3
5537,2
5538,2
5539,1
5540,2
5541,1
5542,1
5543,0
5544,2
5545,1
5546,1
5547,0
5548,1
5549,0
5550,0
5551,1
5552,2
5553,1
5554,1
5555,0
5556,1
5557,0
5558,0
5559,1
5560,1
5561,0
5562,0
5563,1
5564,0
5565,1
5566,1
5567,2
5568,3
5569,2
5570,2
5571,1
5572,2
5573,1
5574,1
5575,0
5576,2
5577,1
5578,1
5579,0
5580,1
5581,0
5582,0
5583,1
5584,2
5585,1
5586,1
5587,0
5588,1
5589,0
5590,0
5591,1
5592,1
5593,0
5594,0
5595,1
5596,0
5597,1
5598,1
5599,2
5600,2
5601,1
5602,1
5603,0
5604,1
5605,0
5606,0
5607,1
5608,1
5609,0
5610,0
5611,1
5612,0
5613,1
5614,1
5615,2
5616,1
5617,0
5618,0
5619,1
5620,0
5621,1
5622,1
5623,2
5624,0
5625,1
5626,1
5627,2
5628,1
5629,2
5630,2
5631,3
5632,3
5633,4
5634,4
5635,3
5636,4
5637,3
5638,3
5639,2
5640,4
5641,3
5642,3
5643,2
5644,3
5645,2
5646,2
5647,1
5648,4
5649,3
5650,3
5651,2
5652,3
5653,2
5654,2
5655,1
5656,3
5657,2
5658,2
5659,1
5660,2
5661,1
5662,1
5663,0
5664,4
5665,3
5666,3
5667,2
5668,3
5669,2
5670,2
5671,1
5672,3
5673,2
5674,2
5675,1
5676,2
5677,1
5678,1
5679,0
5680,3
5681,2
5682,2
5683,1
5684,2
5685,1
5686,1
5687,0
5688,2
5689,1
5690,1
5691,0
5692,1
5693,0
5694,0
5695,1
5696,4
5697,3
5698,3
5699,2
5700,3
5701,2
5702,2
5703,1
5704,3
5705,2
5706,2
5707,1
5708,2
5709,1
5710,1
5711,0
5712,3
5713,2
5714,2
5715,1
5716,2
5717,1
5718,1
5719,0
5720,2
5721,1
5722,1
5723,0
5724,1
5725,0
5726,0
5727,1
5728,3
5729,2
5730,2
5731,1
5732,2
5733,1
5734,1
5735,0
5736,2
5737,1
5738,1
5739,0
5740,1
5741,0
5742,0
5743,1
5744,2
5745,1
5746,1
5747,0
5748,1
5749,0
5750,0
5751,1
5752,1
5753,0
5754,0
5755,1
5756,0
5757,1
5758,1
5759,2
5760,4
5761,3
5762,3
5763,2
5764,3
5765,2
5766,2
5767,1
5768,3
5769,2
5770,2
5771,1
5772,2
5773,1
5774,1
5775,0
5776,3
5777,2
5778,2
5779,1
5780,2
5781,1
5782,1
5783,0
5784,2
5785,1
5786,1
5787,0
5788,1
5789,0
5790,0
5791,1
5792,3
5793,2
5794,2
5795,1
5796,2
5797,1
5798,1
5799,0
5800,2
5801,1
5802,1
5803,0
5804,1
5805,0
5806,0
5807,1
5808,2
5809,1
5810,1
5811,0
5812,1
5813,0
5814,0
5815,1
5816,1
5817,0
5818,0
5819,1
5820,0
5821,1
5822,1
5823,2
5824,3
5825,2
5826,2
5827,1
5828,2
5829,1
5830,1
5831,0
5832,2
5833,1
5834,1
5835,0
5836,1
5837,0
5838,0
5839,1
5840,2
5841,1
5842,1
5843,0
5844,1
5845,0
5846,0
5847,1
5848,1
5849,0
5850,0
5851,1
5852,0
5853,1
5854,1
5855,2
5856,2
5857,1
5858,1
5859,0
5860,1
5861,0
5862,0
5863,1
5864,1
5865,0
5866,0
5867,1
5868,0
5869,1
5870,1
5871,2
5872,1
5873,0
5874,0
5875,1
5876,0
5877,1
5878,1
5879,2
5880,0
5881,1
5882,1
5883,2
5884,1
5885,2
5886,2
5887,3
5888,4
5889,3
5890,3
5891,2
5892,3
5893,2
5894,2
5895,1
5896,3
5897,2
5898,2
5899,1
5900,2
5901,1
5902,1
5903,0
5904,3
5905,2
5906,2
5907,1
5908,2
5909,1
5910,1
5911,0
5912,2
5913,1
5914,1
5915,0
5916,1
5917,0
5918,0
5919,1
5920,3
5921,2
5922,2
5923,1
5924,2
5925,1
5926,1
5927,0
5928,2
5929,1
5930,1
5931,0
5932,1
5933,0
5934,0
5935,1
5936,2
5937,1
5938,1
5939,0
5940,1
5941,0
5942,0
5943,1
5944,1
5945,0
5946,0
5947,1
5948,0
5949,1
5950,1
5951,2
5952,3
5953,2
5954,2
5955,1
5956,2
5957,1
5958,1
5959,0
5960,2
5961,1
5962,1
5963,0
5964,1
5965,0
5966,0
5967,1
5968,2
5969,1
5970,1
5971,0
5972,1
5973,0
5974,0
5975,1
5976,1
5977,0
5978,0
5979,1
5980,0
5981,1
5982,1
5983,2
5984,2
5985,1
5986,1
5987,0
5988,1
5989,0
5990,0
5991,1
5992,1
5993,0
5994,0
5995,1
5996,0
5997,1
5998,1
5999,2
6000,1
6001,0
6002,0
6003,1
6004,0
6005,1
6006,1
6007,2
6008,0
6009,1
6010,1
6011,2
6012,1
6013,2
6014,2
6015,3
6016,3
6017,2
6018,2
6019,1
6020,2
6021,1
6022,1
6023,0
6024,2
6025,1
6026,1
6027,0
6028,1
6029,0
6030,0
6031,1
6032,2
6033,1
6034,1
6035,0
6036,1
6037,0
6038,0
6039,1
6040,1
6041,0
6042,0
6043,1
6044,0
6045,1
6046,1
6047,2
6048,2
6049,1
6050,1
6051,0
6052,1
6053,0
6054,0
6055,1
6056,1
6057,0
6058,0
6059,1
6060,0
6061,1
6062,1
6063,2
6064,1
6065,0
6066,0
6067,1
6068,0
6069,1
6070,1
6071,2
6072,0
6073,1
6074,1
6075,2
6076,1
6077,2
6078,2
6079,3
6080,2
6081,1
6082,1
6083,0
6084,1
6085,0
6086,0
6087,1
6088,1
6089,0
6090,0
6091,1
6092,0
6093,1
6094,1
6095,2
6096,1
6097,0
6098,0
6099,1
6100,0
6101,1
6102,1
6103,2
6104,0
6105,1
6106,1
6107,2
6108,1
6109,2
6110,2
6111,3
6112,1
6113,0
6114,0
6115,1
6116,0
6117,1
6118,1
6119,2
6120,0
6121,1
6122,1
6123,2
6124,1
6125,2
6126,2
6127,3
6128,0
6129,1
6130,1
6131,2
6132,1
6133,2
6134,2
6135,3
6136,1
6137,2
6138,2
6139,3
6140,2
6141,3
6142,3
6143,4
6144,2
6145,3
6146,3
6147,4
6148,3
6149,4
6150,4
6151,3
6152,3
6153,4
6154,4
6155,3
6156,4
6157,3
6158,3
6159,2
6160,3
6161,4
6162,4
6163,3
6164,4
6165,3
6166,3
6167,2
6168,4
6169,3
6170,3
6171,2
6172,3
6173,2
6174,2
6175,1
6176,3
6177,4
6178,4
6179,3
6180,4
6181,3
6182,3
6183,2
6184,4
6185,3
6186,3
6187,2
6188,3
6189,2
6190,2
6191,1
6192,4
6193,3
6194,3
6195,2
6196,3
6197,2
6198,2
6199,1
6200,3
6201,2
6202,2
6203,1
6204,2
6205,1
6206,1
6207,0
6208,3
6209,4
6210,4
6211,3
6212,4
6213,3
6214,3
6215,2
6216,4
6217,3
6218,3
6219,2
6220,3
6221,2
6222,2
6223,1
6224,4
6225,3
6226,3
6227,2
6228,3
6229,2
6230,2
6231,1
6232,3
6233,2
6234,2
6235,1
6236,2
6237,1
6238,1
6239,0
6240,4
6241,3
6242,3
6243,2
6244,3
6245,2
6246,2
6247,1
6248,3
6249,2
6250,2
6251,1
6252,2
6253,1
6254,1
6255,0
6256,3
6257,2
6258,2
6259,1
6260,2
6261,1
6262,1
6263,0
6264,2
6265,1
6266,1
6267,0
6268,1
6269,0
6270,0
6271,1
6272,3
6273,4
6274,4
6275,3
6276,4
6277,3
6278,3
6279,2
6280,4
6281,3
6282,3
6283,2
6284,3
6285,2
6286,2
6287,1
6288,4
6289,3
6290,3
6291,2
6292,3
6293,2
6294,2
6295,1
6296,3
6297,2
6298,2
6299,1
6300,2
6301,1
6302,1
6303,0
6304,4
6305,3
6306,3
6307,2
6308,3
6309,2
6310,2
6311,1
6312,3
6313,2
6314,2
6315,1
6316,2
6317,1
6318,1
6319,0
6320,3
6321,2
6322,2
6323,1
6324,2
6325,1
6326,1
6327,0
6328,2
6329,1
6330,1
6331,0
6332,1
6333,0
6334,0
6335,1
6336,4
6337,3
6338,3
6339,2
6340,3
6341,2
6342,2
6343,1
6344,3
6345,2
6346,2
6347,1
6348,2
6349,1
6350,1
6351,0
6352,3
6353,2
6354,2
6355,1
6356,2
6357,1
6358,1
6359,0
6360,2
6361,1
6362,1
6363,0
6364,1
6365,0
6366,0
6367,1
6368,3
6369,2
6370,2
6371,1
6372,2
6373,1
6374,1
6375,0
6376,2
6377,1
6378,1
6379,0
6380,1
6381,0
6382,0
6383,1
6384,2
6385,1
6386,1
6387,0
6388,1
6389,0
6390,0
6391,1
6392,1
6393,0
6394,0
6395,1
6396,0
6397,1
6398,1
6399,2
6400,3
6401,4
6402,4
6403,3
6404,4
6405,3
6406,3
6407,2
6408,4
6409,3
6410,3
6411,2
6412,3
6413,2
6414,2
6415,1
6416,4
6417,3
6418,3
6419,2
6420,3
6421,2
6422,2
6423,1
6424,3
6425,2
6426,2
6427,1
6428,2
6429,1
6430,1
6431,0
6432,4
6433,3
6434,3
6435,2
6436,3
6437,2
6438,2
6439,1
6440,3
6441,2
6442,2
6443,1
6444,2
6445,1
6446,1
6447,0
6448,3
6449,2
6450,2
6451,1
6452,2
6453,1
6454,1
6455,0
6456,2
6457,1
6458,1
6459,0
6460,1
6461,0
6462,0
6463,1
6464,4
6465,3
6466,3
6467,2
6468,3
6469,2
6470,2
6471,1
6472,3
6473,2
6474,2
6475,1
6476,2
6477,1
6478,1
6479,0
6480,3
6481,2
6482,2
6483,1
6484,2
6485,1
6486,1
6487,0
6488,2
6489,1
6490,1
6491,0
6492,1
6493,0
6494,0
6495,1
6496,3
6497,2
6498,2
6499,1
6500,2
6501,1
6502,1
6503,0
6504,2
6505,1
6506,1
6507,0
6508,1
6509,0
6510,0
6511,1
6512,2
6513,1
6514,1
6515,0
6516,1
6517,0
6518,0
6519,1
6520,1
6521,0
6522,0
6523,1
6524,0
6525,1
6526,1
6527,2
6528,4
6529,3
6530,3
6531,2
6532,3
6533,2
6534,2
6535,1
6536,3
6537,2
6538,2
6539,1
6540,2
6541,1
6542,1
6543,0
6544,3
6545,2
6546,2
6547,1
6548,2
6549,1
6550,1
6551,0
6552,2
6553,1
6554,1
6555,0
6556,1
6557,0
6558,0
6559,1
6560,3
6561,2
6562,2
6563,1
6564,2
6565,1
6566,1
6567,0
6568,2
6569,1
6570,1
6571,0
6572,1
6573,0
6574,0
6575,1
6576,2
6577,1
6578,1
6579,0
6580,1
6581,0
6582,0
6583,1
6584,1
6585,0
6586,0
6587,1
6588,0
6589,1
6590,1
6591,2
6592,3
6593,2
6594,2
6595,1
6596,2
6597,1
6598,1
6599,0
6600,2
6601,1
6602,1
6603,0
6604,1
6605,0
6606,0
6607,1
6608,2
6609,1
6610,1
6611,0
6612,1
6613,0
6614,0
6615,1
6616,1
6617,0
6618,0
6619,1
6620,0
6621,1
6622,1
6623,2
6624,2
6625,1
6626,1
6627,0
6628,1
6629,0
6630,0
6631,1
6632,1
6633,0
6634,0
6635,1
6636,0
6637,1
6638,1
6639,2
6640,1
6641,0
6642,0
6643,1
6644,0
6645,1
6646,1
6647,2
6648,0
6649,1
6650,1
6651,2
6652,1
6653,2
6654,2
6655,3
6656,3
6657,4
6658,4
6659,3
6660,4
6661,3
6662,3
6663,2
6664,4
6665,3
6666,3
6667,2
6668,3
6669,2
6670,2
6671,1
6672,4
6673,3
6674,3
6675,2
6676,3
6677,2
6678,2
6679,1
6680,3
6681,2
6682,2
6683,1
6684,2
6685,1
6686,1
6687,0
6688,4
6689,3
6690,3
6691,2
6692,3
6693,2
6694,2
6695,1
6696,3
6697,2
6698,2
6699,1
6700,2
6701,1
6702,1
6703,0
6704,3
6705,2
6706,2
6707,1
6708,2
6709,1
6710,1
6711,0
6712,2
6713,1
6714,1
6715,0
6716,1
6717,0
6718,0
6719,1
6720,4
6721,3
6722,3
6723,2
6724,3
6725,2
6726,2
6727,1
6728,3
6729,2
6730,2
6731,1
6732,2
6733,1
6734,1
6735,0
6736,3
6737,2
6738,2
6739,1
6740,2
6741,1
6742,1
6743,0
6744,2
6745,1
6746,1
6747,0
6748,1
6749,0
6750,0
6751,1
6752,3
6753,2
6754,2
6755,1
6756,2
6757,1
6758,1
6759,0
6760,2
6761,1
6762,1
6763,0
6764,1
6765,0
6766,0
6767,1
6768,2
6769,1
6770,1
6771,0
6772,1
6773,0
6774,0
6775,1
6776,1
6777,0
6778,0
6779,1
6780,0
6781,1
6782,1
6783,2
6784,4
6785,3
6786,3
6787,2
6788,3
6789,2
6790,2
6791,1
6792,3
6793,2
6794,2
6795,1
6796,2
6797,1
6798,1
6799,0
6800,3
6801,2
6802,2
6803,1
6804,2
6805,1
6806,1
6807,0
6808,2
6809,1
6810,1
6811,0
6812,1
6813,0
6814,0
6815,1
6816,3
6817,2
6818,2
6819,1
6820,2
6821,1
6822,1
6823,0
6824,2
6825,1
6826,1
6827,0
6828,1
6829,0
6830,0
6831,1
6832,2
6833,1
6834,1
6835,0
6836,1
6837,0
6838,0
6839,1
6840,1
6841,0
6842,0
6843,1
6844,0
6845,1
6846,1
6847,2
6848,3
6849,2
6850,2
6851,1
6852,2
6853,1
6854,1
6855,0
6856,2
6857,1
6858,1
6859,0
6860,1
6861,0
6862,0
6863,1
6864,2
6865,1
6866,1
6867,0
6868,1
6869,0
6870,0
6871,1
6872,1
6873,0
6874,0
6875,1
6876,0
6877,1
6878,1
6879,2
6880,2
6881,1
6882,1
6883,0
6884,1
6885,0
6886,0
6887,1
6888,1
6889,0
6890,0
6891,1
6892,0
6893,1
6894,1
6895,2
6896,1
6897,0
6898,0
6899,1
6900,0
6901,1
6902,1
6903,2
6904,0
6905,1
6906,1
6907,2
6908,1
6909,2
6910,2
6911,3
6912,4
6913,3
6914,3
6915,2
6916,3
6917,2
6918,2
6919,1
6920,3
6921,2
6922,2
6923,1
6924,2
6925,1
6926,1
6927,0
6928,3
6929,2
6930,2
6931,1
6932,2
6933,1
6934,1
6935,0
6936,2
6937,1
6938,1
6939,0
6940,1
6941,0
6942,0
6943,1
6944,3
6945,2
6946,2
6947,1
6948,2
6949,1
6950,1
6951,0
6952,2
6953,1
6954,1
6955,0
6956,1
6957,0
6958,0
6959,1
6960,2
6961,1
6962,1
6963,0
6964,1
6965,0
6966,0
6967,1
6968,1
6969,0
6970,0
6971,1
6972,0
6973,1
6974,1
6975,2
6976,3
6977,2
6978,2
6979,1
6980,2
6981,1
6982,1
6983,0
6984,2
6985,1
6986,1
6987,0
6988,1
6989,0
6990,0
6991,1
6992,2
6993,1
6994,1
6995,0
6996,1
6997,0
6998,0
6999,1
7000,1
7001,0
7002,0
7003,1
7004,0
7005,1
7006,1
7007,2
7008,2
7009,1
7010,1
7011,0
7012,1
7013,0
7014,0
7015,1
7016,1
7017,0
7018,0
7019,1
7020,0
7021,1
7022,1
7023,2
7024,1
7025,0
7026,0
7027,1
7028,0
7029,1
7030,1
7031,2
7032,0
7033,1
7034,1
7035,2
7036,1
7037,2
7038,2
7039,3
7040,3
7041,2
7042,2
7043,1
7044,2
7045,1
7046,1
7047,0
7048,2
7049,1
7050,1
7051,0
7052,1
7053,0
7054,0
7055,1
7056,2
7057,1
7058,1
7059,0
7060,1
7061,0
7062,0
7063,1
7064,1
7065,0
7066,0
7067,1
7068,0
7069,1
7070,1
7071,2
7072,2
7073,1
7074,1
7075,0
7076,1
7077,0
7078,0
7079,1
7080,1
7081,0
7082,0
7083,1
7084,0
7085,1
7086,1
7087,2
7088,1
7089,0
7090,0
7091,1
7092,0
7093,1
7094,1
7095,2
7096,0
7097,1
7098,1
7099,2
7100,1
7101,2
7102,2
7103,3
7104,2
7105,1
7106,1
7107,0
7108,1
7109,0
7110,0
7111,1
7112,1
7113,0
7114,0
7115,1
7116,0
7117,1
7118,1
7119,2
7120,1
7121,0
7122,0
7123,1
7124,0
7125,1
7126,1
7127,2
7128,0
7129,1
7130,1
7131,2
7132,1
7133,2
7134,2
7135,3
7136,1
7137,0
7138,0
7139,1
7140,0
7141,1
7142,1
7143,2
7144,0
7145,1
7146,1
7147,2
7148,1
7149,2
7150,2
7151,3
7152,0
7153,1
7154,1
7155,2
7156,1
7157,2
7158,2
7159,3
7160,1
7161,2
7162,2
7163,3
7164,2
7165,3
7166,3
7167,4
7168,3
7169,4
7170,4
7171,3
7172,4
7173,3
7174,3
7175,2
7176,4
7177,3
7178,3
7179,2
7180,3
7181,2
7182,2
7183,1
7184,4
7185,3
7186,3
7187,2
7188,3
7189,2
7190,2
7191,1
7192,3
7193,2
7194,2
7195,1
7196,2
7197,1
7198,1
7199,0
7200,4
7201,3
7202,3
7203,2
7204,3
7205,2
7206,2
7207,1
7208,3
7209,2
7210,2
7211,1
7212,2
7213,1
7214,1
7215,0
7216,3
7217,2
7218,2
7219,1
7220,2
7221,1
7222,1
7223,0
7224,2
7225,1
7226,1
7227,0
7228,1
7229,0
7230,0
7231,1
7232,4
7233,3
7234,3
7235,2
7236,3
7237,2
7238,2
7239,1
7240,3
7241,2
7242,2
7243,1
7244,2
7245,1
7246,1
7247,0
7248,3
7249,2
7250,2
7251,1
7252,2
7253,1
7254,1
7255,0
7256,2
7257,1
7258,1
7259,0
7260,1
7261,0
7262,0
7263,1
7264,3
7265,2
7266,2
7267,1
7268,2
7269,1
7270,1
7271,0
7272,2
7273,1
7274,1
7275,0
7276,1
7277,0
7278,0
7279,1
7280,2
7281,1
7282,1
7283,0
7284,1
7285,0
7286,0
7287,1
7288,1
7289,0
7290,0
7291,1
7292,0
7293,1
7294,1
7295,2
7296,4
7297,3
7298,3
7299,2
7300,3
7301,2
7302,2
7303,1
7304,3
7305,2
7306,2
7307,1
7308,2
7309,1
7310,1
7311,0
7312,3
7313,2
7314,2
7315,1
7316,2
7317,1
7318,1
7319,0
7320,2
7321,1
7322,1
7323,0
7324,1
7325,0
7326,0
7327,1
7328,3
7329,2
7330,2
7331,1
7332,2
7333,1
7334,1
7335,0
7336,2
7337,1
7338,1
7339,0
7340,1
7341,0
7342,0
7343,1
7344,2
7345,1
7346,1
7347,0
7348,1
7349,0
7350,0
7351,1
7352,1
7353,0
7354,0
7355,1
7356,0
7357,1
7358,1
7359,2
7360,3
7361,2
7362,2
7363,1
7364,2
7365,1
7366,1
7367,0
7368,2
7369,1
7370,1
7371,0
7372,1
7373,0
7374,0
7375,1
7376,2
7377,1
7378,1
7379,0
7380,1
7381,0
7382,0
7383,1
7384,1
7385,0
7386,0
7387,1
7388,0
7389,1
7390,1
7391,2
7392,2
7393,1
7394,1
7395,0
7396,1
7397,0
7398,0
7399,1
7400,1
7401,0
7402,0
7403,1
7404,0
7405,1
7406,1
7407,2
7408,1
7409,0
7410,0
7411,1
7412,0
7413,1
7414,1
7415,2
7416,0
7417,1
7418,1
7419,2
7420,1
7421,2
7422,2
7423,3
7424,4
7425,3
7426,3
7427,2
7428,3
7429,2
7430,2
7431,1
7432,3
7433,2
7434,2
7435,1
7436,2
7437,1
7438,1
7439,0
7440,3
7441,2
7442,2
7443,1
7444,2
7445,1
7446,1
7447,0
7448,2
7449,1
7450,1
7451,0
7452,1
7453,0
7454,0
7455,1
7456,3
7457,2
7458,2
7459,1
7460,2
7461,1
7462,1
7463,0
7464,2
7465,1
7466,1
7467,0
7468,1
7469,0
7470,0
7471,1
7472,2
7473,1
7474,1
7475,0
7476,1
7477,0
7478,0
7479,1
7480,1
7481,0
7482,0
7483,1
7484,0
7485,1
7486,1
7487,2
7488,3
7489,2
7490,2
7491,1
7492,2
7493,1
7494,1
7495,0
7496,2
7497,1
7498,1
7499,0
7500,1
7501,0
7502,0
7503,1
7504,2
7505,1
7506,1
7507,0
7508,1
7509,0
7510,0
7511,1
7512,1
7513,0
7514,0
7515,1
7516,0
7517,1
7518,1
7519,2
7520,2
7521,1
7522,1
7523,0
7524,1
7525,0
7526,0
7527,1
7528,1
7529,0
7530,0
7531,1
7532,0
7533,1
7534,1
7535,2
7536,1
7537,0
7538,0
7539,1
7540,0
7541,1
7542,1
7543,2
7544,0
7545,1
7546,1
7547,2
7548,1
7549,2
7550,2
7551,3
7552,3
7553,2
7554,2
7555,1
7556,2
7557,1
7558,1
7559,0
7560,2
7561,1
7562,1
7563,0
7564,1
7565,0
7566,0
7567,1
7568,2
7569,1
7570,1
7571,0
7572,1
7573,0
7574,0
7575,1
7576,1
7577,0
7578,0
7579,1
7580,0
7581,1
7582,1
7583,2
7584,2
7585,1
7586,1
7587,0
7588,1
7589,0
7590,0
7591,1
7592,1
7593,0
7594,0
7595,1
7596,0
7597,1
7598,1
7599,2
7600,1
7601,0
7602,0
7603,1
7604,0
7605,1
7606,1
7607,2
7608,0
7609,1
7610,1
7611,2
7612,1
7613,2
7614,2
7615,3
7616,2
7617,1
7618,1
7619,0
7620,1
7621,0
7622,0
7623,1
7624,1
7625,0
7626,0
7627,1
7628,0
7629,1
7630,1
7631,2
7632,1
7633,0
7634,0
7635,1
7636,0
7637,1
7638,1
7639,2
7640,0
7641,1
7642,1
7643,2
7644,1
7645,2
7646,2
7647,3
7648,1
7649,0
7650,0
7651,1
7652,0
7653,1
7654,1
7655,2
7656,0
7657,1
7658,1
7659,2
7660,1
7661,2
7662,2
7663,3
7664,0
7665,1
7666,1
7667,2
7668,1
7669,2
7670,2
7671,3
7672,1
7673,2
7674,2
7675,3
7676,2
7677,3
7678,3
7679,4
7680,4
7681,3
7682,3
7683,2
7684,3
7685,2
7686,2
7687,1
7688,3
7689,2
7690,2
7691,1
7692,2
7693,1
7694,1
7695,0
7696,3
7697,2
7698,2
7699,1
7700,2
7701,1
7702,1
7703,0
7704,2
7705,1
7706,1
7707,0
7708,1
7709,0
7710,0
7711,1
7712,3
7713,2
7714,2
7715,1
7716,2
7717,1
7718,1
7719,0
7720,2
7721,1
7722,1
7723,0
7724,1
7725,0
7726,0
7727,1
7728,2
7729,1
7730,1
7731,0
7732,1
7733,0
7734,0
7735,1
7736,1
7737,0
7738,0
7739,1
7740,0
7741,1
7742,1
7743,2
7744,3
7745,2
7746,2
7747,1
7748,2
7749,1
7750,1
7751,0
7752,2
7753,1
7754,1
7755,0
7756,1
7757,0
7758,0
7759,1
7760,2
7761,1
7762,1
7763,0
7764,1
7765,0
7766,0
7767,1
7768,1
7769,0
7770,0
7771,1
7772,0
7773,1
7774,1
7775,2
7776,2
7777,1
7778,1
7779,0
7780,1
7781,0
7782,0
7783,1
7784,1
7785,0
7786,0
7787,1
7788,0
7789,1
7790,1
7791,2
7792,1
7793,0
7794,0
7795,1
7796,0
7797,1
7798,1
7799,2
7800,0
7801,1
7802,1
7803,2
7804,1
7805,2
7806,2
7807,3
7808,3
7809,2
7810,2
7811,1
7812,2
7813,1
7814,1
7815,0
7816,2
7817,1
7818,1
7819,0
7820,1
7821,0
7822,0
7823,1
7824,2
7825,1
7826,1
7827,0
7828,1
7829,0
7830,0
7831,1
7832,1
7833,0
7834,0
7835,1
7836,0
7837,1
7838,1
7839,2
7840,2
7841,1
7842,1
7843,0
7844,1
7845,0
7846,0
7847,1
7848,1
7849,0
7850,0
7851,1
7852,0
7853,1
7854,1
7855,2
7856,1
7857,0
7858,0
7859,1
7860,0
7861,1
7862,1
7863,2
7864,0
7865,1
7866,1
7867,2
7868,1
7869,2
7870,2
7871,3
7872,2
7873,1
7874,1
7875,0
7876,1
7877,0
7878,0
7879,1
7880,1
7881,0
7882,0
7883,1
7884,0
7885,1
7886,1
7887,2
7888,1
7889,0
7890,0
7891,1
7892,0
7893,1
7894,1
7895,2
7896,0
7897,1
7898,1
7899,2
7900,1
7901,2
7902,2
7903,3
7904,1
7905,0
7906,0
7907,1
7908,0
7909,1
7910,1
7911,2
7912,0
7913,1
7914,1
7915,2
7916,1
7917,2
7918,2
7919,3
7920,0
7921,1
7922,1
7923,2
7924,1
7925,2
7926,2
7927,3
7928,1
7929,2
7930,2
7931,3
7932,2
7933,3
7934,3
7935,4
7936,3
7937,2
7938,2
7939,1
7940,2
7941,1
7942,1
7943,0
7944,2
7945,1
7946,1
7947,0
7948,1
7949,0
7950,0
7951,1
7952,2
7953,1
7954,1
7955,0
7956,1
7957,0
7958,0
7959,1
7960,1
7961,0
7962,0
7963,1
7964,0
7965,1
7966,1
7967,2
7968,2
7969,1
7970,1
7971,0
7972,1
7973,0
7974,0
7975,1
7976,1
7977,0
7978,0
7979,1
7980,0
7981,1
7982,1
7983,2
7984,1
7985,0
7986,0
7987,1
7988,0
7989,1
7990,1
7991,2
7992,0
7993,1
7994,1
7995,2
7996,1
7997,2
7998,2
7999,3
8000,2
8001,1
8002,1
8003,0
8004,1
8005,0
8006,0
8007,1
8008,1
8009,0
8010,0
8011,1
8012,0
8013,1
8014,1
8015,2
8016,1
8017,0
8018,0
8019,1
8020,0
8021,1
8022,1
8023,2
8024,0
8025,1
8026,1
8027,2
8028,1
8029,2
8030,2
8031,3
8032,1
8033,0
8034,0
8035,1
8036,0
8037,1
8038,1
8039,2
8040,0
8041,1
8042,1
8043,2
8044,1
8045,2
8046,2
8047,3
8048,0
8049,1
8050,1
8051,2
8052,1
8053,2
8054,2
8055,3
8056,1
8057,2
8058,2
8059,3
8060,2
8061,3
8062,3
8063,4
8064,2
8065,1
8066,1
8067,0
8068,1
8069,0
8070,0
8071,1
8072,1
8073,0
8074,0
8075,1
8076,0
8077,1
8078,1
8079,2
8080,1
8081,0
8082,0
8083,1
8084,0
8085,1
8086,1
8087,2
8088,0
8089,1
8090,1
8091,2
8092,1
8093,2
8094,2
8095,3
8096,1
8097,0
8098,0
8099,1
8100,0
8101,1
8102,1
8103,2
8104,0
8105,1
8106,1
8107,2
8108,1
8109,2
8110,2
8111,3
8112,0
8113,1
8114,1
8115,2
8116,1
8117,2
8118,2
8119,3
8120,1
8121,2
8122,2
8123,3
8124,2
8125,3
8126,3
8127,4
8128,1
8129,0
8130,0
8131,1
8132,0
8133,1
8134,1
8135,2
8136,0
8137,1
8138,1
8139,2
8140,1
8141,2
8142,2
8143,3
8144,0
8145,1
8146,1
8147,2
8148,1
8149,2
8150,2
8151,3
8152,1
8153,2
8154,2
8155,3
8156,2
8157,3
8158,3
8159,4
8160,0
8161,1
8162,1
8163,2
8164,1
8165,2
8166,2
8167,3
8168,1
8169,2
8170,2
8171,3
8172,2
8173,3
8174,3
8175,4
8176,1
8177,2
8178,2
8179,3
8180,2
8181,3
8182,3
8183,4
8184,2
8185,3
8186,3
8187,4
8188,3
8189,4
8190,4
8191,3
8192,1
8193,2
8194,2
8195,3
8196,2
8197,3
8198,3
8199,4
8200,2
8201,3
8202,3
8203,4
8204,3
8205,4
8206,4
8207,3
8208,2
8209,3
8210,3
8211,4
8212,3
8213,4
8214,4
8215,3
8216,3
8217,4
8218,4
8219,3
8220,4
8221,3
8222,3
8223,2
8224,2
8225,3
8226,3
8227,4
8228,3
8229,4
8230,4
8231,3
8232,3
8233,4
8234,4
8235,3
8236,4
8237,3
8238,3
8239,2
8240,3
8241,4
8242,4
8243,3
8244,4
8245,3
8246,3
8247,2
8248,4
8249,3
8250,3
8251,2
8252,3
8253,2
8254,2
8255,1
8256,2
8257,3
8258,3
8259,4
8260,3
8261,4
8262,4
8263,3
8264,3
8265,4
8266,4
8267,3
8268,4
8269,3
8270,3
8271,2
8272,3
8273,4
8274,4
8275,3
8276,4
8277,3
8278,3
8279,2
8280,4
8281,3
8282,3
8283,2
8284,3
8285,2
8286,2
8287,1
8288,3
8289,4
8290,4
8291,3
8292,4
8293,3
8294,3
8295,2
8296,4
8297,3
8298,3
8299,2
8300,3
8301,2
8302,2
8303,1
8304,4
8305,3
8306,3
8307,2
8308,3
8309,2
8310,2
8311,1
8312,3
8313,2
8314,2
8315,1
8316,2
8317,1
8318,1
8319,0
8320,2
8321,3
8322,3
8323,4
8324,3
8325,4
8326,4
8327,3
8328,3
8329,4
8330,4
8331,3
8332,4
8333,3
8334,3
8335,2
8336,3
8337,4
8338,4
8339,3
8340,4
8341,3
8342,3
8343,2
8344,4
8345,3
8346,3
8347,2
8348,3
8349,2
8350,2
8351,1
8352,3
8353,4
8354,4
8355,3
8356,4
8357,3
8358,3
8359,2
8360,4
8361,3
8362,3
8363,2
8364,3
8365,2
8366,2
8367,1
8368,4
8369,3
8370,3
8371,2
8372,3
8373,2
8374,2
8375,1
8376,3
8377,2
8378,2
8379,1
8380,2
8381,1
8382,1
8383,0
8384,3
8385,4
8386,4
8387,3
8388,4
8389,3
8390,3
8391,2
8392,4
8393,3
8394,3
8395,2
8396,3
8397,2
8398,2
8399,1
8400,4
8401,3
8402,3
8403,2
8404,3
8405,2
8406,2
8407,1
8408,3
8409,2
8410,2
8411,1
8412,2
8413,1
8414,1
8415,0
8416,4
8417,3
8418,3
8419,2
8420,3
8421,2
8422,2
8423,1
8424,3
8425,2
8426,2
8427,1
8428,2
8429,1
8430,1
8431,0
8432,3
8433,2
8434,2
8435,1
8436,2
8437,1
8438,1
8439,0
8440,2
8441,1
8442,1
8443,0
8444,1
8445,0
8446,0
8447,1
8448,2
8449,3
8450,3
8451,4
8452,3
8453,4
8454,4
8455,3
8456,3
8457,4
8458,4
8459,3
8460,4
8461,3
8462,3
8463,2
8464,3
8465,4
8466,4
8467,3
8468,4
8469,3
8470,3
8471,2
8472,4
8473,3
8474,3
8475,2
8476,3
8477,2
8478,2
8479,1
8480,3
8481,4
8482,4
8483,3
8484,4
8485,3
8486,3
8487,2
8488,4
8489,3
8490,3
8491,2
8492,3
8493,2
8494,2
8495,1
8496,4
8497,3
8498,3
8499,2
8500,3
8501,2
8502,2
8503,1
8504,3
8505,2
8506,2
8507,1
8508,2
8509,1
8510,1
8511,0
8512,3
8513,4
8514,4
8515,3
8516,4
8517,3
8518,3
8519,2
8520,4
8521,3
8522,3
8523,2
8524,3
8525,2
8526,2
8527,1
8528,4
8529,3
8530,3
8531,2
8532,3
8533,2
8534,2
8535,1
8536,3
8537,2
8538,2
8539,1
8540,2
8541,1
8542,1
8543,0
8544,4
8545,3
8546,3
8547,2
8548,3
8549,2
8550,2
8551,1
8552,3
8553,2
8554,2
8555,1
8556,2
8557,1
8558,1
8559,0
8560,3
8561,2
8562,2
8563,1
8564,2
8565,1
8566,1
8567,0
8568,2
8569,1
8570,1
8571,0
8572,1
8573,0
8574,0
8575,1
8576,3
8577,4
8578,4
8579,3
8580,4
8581,3
8582,3
8583,2
8584,4
8585,3
8586,3
8587,2
8588,3
8589,2
8590,2
8591,1
8592,4
8593,3
8594,3
8595,2
8596,3
8597,2
8598,2
8599,1
8600,3
8601,2
8602,2
8603,1
8604,2
8605,1
8606,1
8607,0
8608,4
8609,3
8610,3
8611,2
8612,3
8613,2
8614,2
8615,1
8616,3
8617,2
8618,2
8619,1
8620,2
8621,1
8622,1
8623,0
8624,3
8625,2
8626,2
8627,1
8628,2
8629,1
8630,1
8631,0
8632,2
8633,1
8634,1
8635,0
8636,1
8637,0
8638,0
8639,1
8640,4
8641,3
8642,3
8643,2
8644,3
8645,2
8646,2
8647,1
8648,3
8649,2
8650,2
8651,1
8652,2
8653,1
8654,1
8655,0
8656,3
8657,2
8658,2
8659,1
8660,2
8661,1
8662,1
8663,0
8664,2
8665,1
8666,1
8667,0
8668,1
8669,0
8670,0
8671,1
8672,3
8673,2
8674,2
8675,1
8676,2
8677,1
8678,1
8679,0
8680,2
8681,1
8682,1
8683,0
8684,1
8685,0
8686,0
8687,1
8688,2
8689,1
8690,1
8691,0
8692,1
8693,0
8694,0
8695,1
8696,1
8697,0
8698,0
8699,1
8700,0
8701,1
8702,1
8703,2
8704,2
8705,3
8706,3
8707,4
8708,3
8709,4
8710,4
8711,3
8712,3
8713,4
8714,4
8715,3
8716,4
8717,3
8718,3
8719,2
8720,3
8721,4
8722,4
8723,3
8724,4
8725,3
8726,3
8727,2
8728,4
8729,3
8730,3
8731,2
8732,3
8733,2
8734,2
8735,1
8736,3
8737,4
8738,4
8739,3
8740,4
8741,3
8742,3
8743,2
8744,4
8745,3
8746,3
8747,2
8748,3
8749,2
8750,2
8751,1
8752,4
8753,3
8754,3
8755,2
8756,3
8757,2
8758,2
8759,1
8760,3
8761,2
8762,2
8763,1
8764,2
8765,1
8766,1
8767,0
8768,3
8769,4
8770,4
8771,3
8772,4
8773,3
8774,3
8775,2
8776,4
8777,3
8778,3
8779,2
8780,3
8781,2
8782,2
8783,1
8784,4
8785,3
8786,3
8787,2
8788,3
8789,2
8790,2
8791,1
8792,3
8793,2
8794,2
8795,1
8796,2
8797,1
8798,1
8799,0
8800,4
8801,3
8802,3
8803,2
8804,3
8805,2
8806,2
8807,1
8808,3
8809,2
8810,2
8811,1
8812,2
8813,1
8814,1
8815,0
8816,3
8817,2
8818,2
8819,1
8820,2
8821,1
8822,1
8823,0
8824,2
8825,1
8826,1
8827,0
8828,1
8829,0
8830,0
8831,1
8832,3
8833,4
8834,4
8835,3
8836,4
8837,3
8838,3
8839,2
8840,4
8841,3
8842,3
8843,2
8844,3
8845,2
8846,2
8847,1
8848,4
8849,3
8850,3
8851,2
8852,3
8853,2
8854,2
8855,1
8856,3
8857,2
8858,2
8859,1
8860,2
8861,1
8862,1
8863,0
8864,4
8865,3
8866,3
8867,2
8868,3
8869,2
8870,2
8871,1
8872,3
8873,2
8874,2
8875,1
8876,2
8877,1
8878,1
8879,0
8880,3
8881,2
8882,2
8883,1
8884,2
8885,1
8886,1
8887,0
8888,2
8889,1
8890,1
8891,0
8892,1
8893,0
8894,0
8895,1
8896,4
8897,3
8898,3
8899,2
8900,3
8901,2
8902,2
8903,1
8904,3
8905,2
8906,2
8907,1
8908,2
8909,1
8910,1
8911,0
8912,3
8913,2
8914,2
8915,1
8916,2
8917,1
8918,1
8919,0
8920,2
8921,1
8922,1
8923,0
8924,1
8925,0
8926,0
8927,1
8928,3
8929,2
8930,2
8931,1
8932,2
8933,1
8934,1
8935,0
8936,2
8937,1
8938,1
8939,0
8940,1
8941,0
8942,0
8943,1
8944,2
8945,1
8946,1
8947,0
8948,1
8949,0
8950,0
8951,1
8952,1
8953,0
8954,0
8955,1
8956,0
8957,1
8958,1
8959,2
8960,3
8961,4
8962,4
8963,3
8964,4
8965,3
8966,3
8967,2
8968,4
8969,3
8970,3
8971,2
8972,3
8973,2
8974,2
8975,1
8976,4
8977,3
8978,3
8979,2
8980,3
8981,2
8982,2
8983,1
8984,3
8985,2
8986,2
8987,1
8988,2
8989,1
8990,1
8991,0
8992,4
8993,3
8994,3
8995,2
8996,3
8997,2
8998,2
8999,1
9000,3
9001,2
9002,2
9003,1
9004,2
9005,1
9006,1
9007,0
9008,3
9009,2
9010,2
9011,1
9012,2
9013,1
9014,1
9015,0
9016,2
9017,1
9018,1
9019,0
9020,1
9021,0
9022,0
9023,1
9024,4
9025,3
9026,3
9027,2
9028,3
9029,2
9030,2
9031,1
9032,3
9033,2
9034,2
9035,1
9036,2
9037,1
9038,1
9039,0
9040,3
9041,2
9042,2
9043,1
9044,2
9045,1
9046,1
9047,0
9048,2
9049,1
9050,1
9051,0
9052,1
9053,0
9054,0
9055,1
9056,3
9057,2
9058,2
9059,1
9060,2
9061,1
9062,1
9063,0
9064,2
9065,1
9066,1
9067,0
9068,1
9069,0
9070,0
9071,1
9072,2
9073,1
9074,1
9075,0
9076,1
9077,0
9078,0
9079,1
9080,1
9081,0
9082,0
9083,1
9084,0
9085,1
9086,1
9087,2
9088,4
9089,3
9090,3
9091,2
9092,3
9093,2
9094,2
9095,1
9096,3
9097,2
9098,2
9099,1
9100,2
9101,1
9102,1
9103,0
9104,3
9105,2
9106,2
9107,1
9108,2
9109,1
9110,1
9111,0
9112,2
9113,1
9114,1
9115,0
9116,1
9117,0
9118,0
9119,1
9120,3
9121,2
9122,2
9123,1
9124,2
9125,1
9126,1
9127,0
9128,2
9129,1
9130,1
9131,0
9132,1
9133,0
9134,0
9135,1
9136,2
9137,1
9138,1
9139,0
9140,1
9141,0
9142,0
9143,1
9144,1
9145,0
9146,0
9147,1
9148,0
9149,1
9150,1
9151,2
9152,3
9153,2
9154,2
9155,1
9156,2
9157,1
9158,1
9159,0
9160,2
9161,1
9162,1
9163,0
9164,1
9165,0
9166,0
9167,1
9168,2
9169,1
9170,1
9171,0
9172,1
9173,0
9174,0
9175,1
9176,1
9177,0
9178,0
9179,1
9180,0
9181,1
9182,1
9183,2
9184,2
9185,1
9186,1
9187,0
9188,1
9189,0
9190,0
9191,1
9192,1
9193,0
9194,0
9195,1
9196,0
9197,1
9198,1
9199,2
9200,1
9201,0
9202,0
9203,1
9204,0
9205,1
9206,1
9207,2
9208,0
9209,1
9210,1
9211,2
9212,1
9213,2
9214,2
9215,3
9216,2
9217,3
9218,3
9219,4
9220,3
9221,4
9222,4
9223,3
9224,3
9225,4
9226,4
9227,3
9228,4
9229,3
9230,3
9231,2
9232,3
9233,4
9234,4
9235,3
9236,4
9237,3
9238,3
9239,2
9240,4
9241,3
9242,3
9243,2
9244,3
9245,2
9246,2
9247,1
9248,3
9249,4
9250,4
9251,3
9252,4
9253,3
9254,3
9255,2
9256,4
9257,3
9258,3
9259,2
9260,3
9261,2
9262,2
9263,1
9264,4
9265,3
9266,3
9267,2
9268,3
9269,2
9270,2
9271,1
9272,3
9273,2
9274,2
9275,1
9276,2
9277,1
9278,1
9279,0
9280,3
9281,4
9282,4
9283,3
9284,4
9285,3
9286,3
9287,2
9288,4
9289,3
9290,3
9291,2
9292,3
9293,2
9294,2
9295,1
9296,4
9297,3
9298,3
9299,2
9300,3
9301,2
9302,2
9303,1
9304,3
9305,2
9306,2
9307,1
9308,2
9309,1
9310,1
9311,0
9312,4
9313,3
9314,3
9315,2
9316,3
9317,2
9318,2
9319,1
9320,3
9321,2
9322,2
9323,1
9324,2
9325,1
9326,1
9327,0
9328,3
9329,2
9330,2
9331,1
9332,2
9333,1
9334,1
9335,0
9336,2
9337,1
9338,1
9339,0
9340,1
9341,0
9342,0
9343,1
9344,3
9345,4
9346,4
9347,3
9348,4
9349,3
9350,3
9351,2
9352,4
9353,3
9354,3
9355,2
9356,3
9357,2
9358,2
9359,1
9360,4
9361,3
9362,3
9363,2
9364,3
9365,2
9366,2
9367,1
9368,3
9369,2
9370,2
9371,1
9372,2
9373,1
9374,1
9375,0
9376,4
9377,3
9378,3
9379,2
9380,3
9381,2
9382,2
9383,1
9384,3
9385,2
9386,2
9387,1
9388,2
9389,1
9390,1
9391,0
9392,3
9393,2
9394,2
9395,1
9396,2
9397,1
9398,1
9399,0
9400,2
9401,1
9402,1
9403,0
9404,1
9405,0
9406,0
9407,1
9408,4
9409,3
9410,3
9411,2
9412,3
9413,2
9414,2
9415,1
9416,3
9417,2
9418,2
9419,1
9420,2
9421,1
9422,1
9423,0
9424,3
9425,2
9426,2
9427,1
9428,2
9429,1
9430,1
9431,0
9432,2
9433,1
9434,1
9435,0
9436,1
9437,0
9438,0
9439,1
9440,3
9441,2
9442,2
9443,1
9444,2
9445,1
9446,1
9447,0
9448,2
9449,1
9450,1
9451,0
9452,1
9453,0
9454,0
9455,1
9456,2
9457,1
9458,1
9459,0
9460,1
9461,0
9462,0
9463,1
9464,1
9465,0
9466,0
9467,1
9468,0
9469,1
9470,1
9471,2
9472,3
9473,4
9474,4
9475,3
9476,4
9477,3
9478,3
9479,2
9480,4
9481,3
9482,3
9483,2
9484,3
9485,2
9486,2
9487,1
9488,4
9489,3
9490,3
9491,2
9492,3
9493,2
9494,2
9495,1
9496,3
9497,2
9498,2
9499,1
9500,2
9501,1
9502,1
9503,0
9504,4
9505,3
9506,3
9507,2
9508,3
9509,2
9510,2
9511,1
9512,3
9513,2
9514,2
9515,1
9516,2
9517,1
9518,1
9519,0
9520,3
9521,2
9522,2
9523,1
9524,2
9525,1
9526,1
9527,0
9528,2
9529,1
9530,1
9531,0
9532,1
9533,0
9534,0
9535,1
9536,4
9537,3
9538,3
9539,2
9540,3
9541,2
9542,2
9543,1
9544,3
9545,2
9546,2
9547,1
9548,2
9549,1
9550,1
9551,0
9552,3
9553,2
9554,2
9555,1
9556,2
9557,1
9558,1
9559,0
9560,2
9561,1
9562,1
9563,0
9564,1
9565,0
9566,0
9567,1
9568,3
9569,2
9570,2
9571,1
9572,2
9573,1
9574,1
9575,0
9576,2
9577,1
9578,1
9579,0
9580,1
9581,0
9582,0
9583,1
9584,2
9585,1
9586,1
9587,0
9588,1
9589,0
9590,0
9591,1
9592,1
9593,0
9594,0
9595,1
9596,0
9597,1
9598,1
9599,2
9600,4
9601,3
9602,3
9603,2
9604,3
9605,2
9606,2
9607,1
9608,3
9609,2
9610,2
9611,1
9612,2
9613,1
9614,1
9615,0
9616,3
9617,2
9618,2
9619,1
9620,2
9621,1
9622,1
9623,0
9624,2
9625,1
9626,1
9627,0
9628,1
9629,0
9630,0
9631,1
9632,3
9633,2
9634,2
9635,1
9636,2
9637,1
9638,1
9639,0
9640,2
9641,1
9642,1
9643,0
9644,1
9645,0
9646,0
9647,1
9648,2
9649,1
9650,1
9651,0
9652,1
9653,0
9654,0
9655,1
9656,1
9657,0
9658,0
9659,1
9660,0
9661,1
9662,1
9663,2
9664,3
9665,2
9666,2
9667,1
9668,2
9669,1
9670,1
9671,0
9672,2
9673,1
9674,1
9675,0
9676,1
9677,0
9678,0
9679,1
9680,2
9681,1
9682,1
9683,0
9684,1
9685,0
9686,0
9687,1
9688,1
9689,0
9690,0
9691,1
9692,0
9693,1
9694,1
9695,2
9696,2
9697,1
9698,1
9699,0
9700,1
9701,0
9702,0
9703,1
9704,1
9705,0
9706,0
9707,1
9708,0
9709,1
9710,1
9711,2
9712,1
9713,0
9714,0
9715,1
9716,0
9717,1
9718,1
9719,2
9720,0
9721,1
9722,1
9723,2
9724,1
9725,2
9726,2
9727,3
9728,3
9729,4
9730,4
9731,3
9732,4
9733,3
9734,3
9735,2
9736,4
9737,3
9738,3
9739,2
9740,3
9741,2
9742,2
9743,1
9744,4
9745,3
9746,3
9747,2
9748,3
9749,2
9750,2
9751,1
9752,3
9753,2
9754,2
9755,1
9756,2
9757,1
9758,1
9759,0
9760,4
9761,3
9762,3
9763,2
9764,3
9765,2
9766,2
9767,1
9768,3
9769,2
9770,2
9771,1
9772,2
9773,1
9774,1
9775,0
9776,3
9777,2
9778,2
9779,1
9780,2
9781,1
9782,1
9783,0
9784,2
9785,1
9786,1
9787,0
9788,1
9789,0
9790,0
9791,1
9792,4
9793,3
9794,3
9795,2
9796,3
9797,2
9798,2
9799,1
9800,3
9801,2
9802,2
9803,1
9804,2
9805,1
9806,1
9807,0
9808,3
9809,2
9810,2
9811,1
9812,2
9813,1
9814,1
9815,0
9816,2
9817,1
9818,1
9819,0
9820,1
9821,0
9822,0
9823,1
9824,3
9825,2
9826,2
9827,1
9828,2
9829,1
9830,1
9831,0
9832,2
9833,1
9834,1
9835,0
9836,1
9837,0
9838,0
9839,1
9840,2
9841,1
9842,1
9843,0
9844,1
9845,0
9846,0
9847,1
9848,1
9849,0
9850,0
9851,1
9852,0
9853,1
9854,1
9855,2
9856,4
9857,3
9858,3
9859,2
9860,3
9861,2
9862,2
9863,1
9864,3
9865,2
9866,2
9867,1
9868,2
9869,1
9870,1
9871,0
9872,3
9873,2
9874,2
9875,1
9876,2
9877,1
9878,1
9879,0
9880,2
9881,1
9882,1
9883,0
9884,1
9885,0
9886,0
9887,1
9888,3
9889,2
9890,2
9891,1
9892,2
9893,1
9894,1
9895,0
9896,2
9897,1
9898,1
9899,0
9900,1
9901,0
9902,0
9903,1
9904,2
9905,1
9906,1
9907,0
9908,1
9909,0
9910,0
9911,1
9912,1
9913,0
9914,0
9915,1
9916,0
9917,1
9918,1
9919,2
9920,3
9921,2
9922,2
9923,1
9924,2
9925,1
9926,1
9927,0
9928,2
9929,1
9930,1
9931,0
9932,1
9933,0
9934,0
9935,1
9936,2
9937,1
9938,1
9939,0
9940,1
9941,0
9942,0
9943,1
9944,1
9945,0
9946,0
9947,1
9948,0
9949,1
9950,1
9951,2
9952,2
9953,1
9954,1
9955,0
9956,1
9957,0
9958,0
9959,1
9960,1
9961,0
9962,0
9963,1
9964,0
9965,1
9966,1
9967,2
9968,1
9969,0
9970,0
9971,1
9972,0
9973,1
9974,1
9975,2
9976,0
9977,1
9978,1
9979,2
9980,1
9981,2
9982,2
9983,3
9984,4
9985,3
9986,3
9987,2
9988,3
9989,2
9990,2
9991,1
9992,3
9993,2
9994,2
9995,1
9996,2
9997,1
9998,1
9999,0
10000,3
10001,2
10002,2
10003,1
10004,2
10005,1
10006,1
10007,0
10008,2
10009,1
10010,1
10011,0
10012,1
10013,0
10014,0
10015,1
10016,3
10017,2
10018,2
10019,1
10020,2
10021,1
10022,1
10023,0
10024,2
10025,1
10026,1
10027,0
10028,1
10029,0
10030,0
10031,1
10032,2
10033,1
10034,1
10035,0
10036,1
10037,0
10038,0
10039,1
10040,1
10041,0
10042,0
10043,1
10044,0
10045,1
10046,1
10047,2
10048,3
10049,2
10050,2
10051,1
10052,2
10053,1
10054,1
10055,0
10056,2
10057,1
10058,1
10059,0
10060,1
10061,0
10062,0
10063,1
10064,2
10065,1
10066,1
10067,0
10068,1
10069,0
10070,0
10071,1
10072,1
10073,0
10074,0
10075,1
10076,0
10077,1
10078,1
10079,2
10080,2
10081,1
10082,1
10083,0
10084,1
10085,0
10086,0
10087,1
10088,1
10089,0
10090,0
10091,1
10092,0
10093,1
10094,1
10095,2
10096,1
10097,0
10098,0
10099,1
10100,0
10101,1
10102,1
10103,2
10104,0
10105,1
10106,1
10107,2
10108,1
10109,2
10110,2
10111,3
10112,3
10113,2
10114,2
10115,1
10116,2
10117,1
10118,1
10119,0
10120,2
10121,1
10122,1
10123,0
10124,1
10125,0
10126,0
10127,1
10128,2
10129,1
10130,1
10131,0
10132,1
10133,0
10134,0
10135,1
10136,1
10137,0
10138,0
10139,1
10140,0
10141,1
10142,1
10143,2
10144,2
10145,1
10146,1
10147,0
10148,1
10149,0
10150,0
10151,1
10152,1
10153,0
10154,0
10155,1
10156,0
10157,1
10158,1
10159,2
10160,1
10161,0
10162,0
10163,1
10164,0
10165,1
10166,1
10167,2
10168,0
10169,1
10170,1
10171,2
10172,1
10173,2
10174,2
10175,3
10176,2
10177,1
10178,1
10179,0
10180,1
10181,0
10182,0
10183,1
10184,1
10185,0
10186,0
10187,1
10188,0
10189,1
10190,1
10191,2
10192,1
10193,0
10194,0
10195,1
10196,0
10197,1
10198,1
10199,2
10200,0
10201,1
10202,1
10203,2
10204,1
10205,2
10206,2
10207,3
10208,1
10209,0
10210,0
10211,1
10212,0
10213,1
10214,1
10215,2
10216,0
10217,1
10218,1
10219,2
10220,1
10221,2
10222,2
10223,3
10224,0
10225,1
10226,1
10227,2
10228,1
10229,2
10230,2
10231,3
10232,1
10233,2
10234,2
10235,3
10236,2
10237,3
10238,3
10239,4
10240,2
10241,3
10242,3
10243,4
10244,3
10245,4
10246,4
10247,3
10248,3
10249,4
10250,4
10251,3
10252,4
10253,3
10254,3
10255,2
10256,3
10257,4
10258,4
10259,3
10260,4
10261,3
10262,3
10263,2
10264,4
10265,3
10266,3
10267,2
10268,3
10269,2
10270,2
10271,1
10272,3
10273,4
10274,4
10275,3
10276,4
10277,3
10278,3
10279,2
10280,4
10281,3
10282,3
10283,2
10284,3
10285,2
10286,2
10287,1
10288,4
10289,3
10290,3
10291,2
10292,3
10293,2
10294,2
10295,1
10296,3
10297,2
10298,2
10299,1
10300,2
10301,1
10302,1
10303,0
10304,3
10305,4
10306,4
10307,3
10308,4
10309,3
10310,3
10311,2
10312,4
10313,3
10314,3
10315,2
10316,3
10317,2
10318,2
10319,1
10320,4
10321,3
10322,3
10323,2
10324,3
10325,2
10326,2
10327,1
10328,3
10329,2
10330,2
10331,1
10332,2
10333,1
10334,1
10335,0
10336,4
10337,3
10338,3
10339,2
10340,3
10341,2
10342,2
10343,1
10344,3
10345,2
10346,2
10347,1
10348,2
10349,1
10350,1
10351,0
10352,3
10353,2
10354,2
10355,1
10356,2
10357,1
10358,1
10359,0
10360,2
10361,1
10362,1
10363,0
10364,1
10365,0
10366,0
10367,1
10368,3
10369,4
10370,4
10371,3
10372,4
10373,3
10374,3
10375,2
10376,4
10377,3
10378,3
10379,2
10380,3
10381,2
10382,2
10383,1
10384,4
10385,3
10386,3
10387,2
10388,3
10389,2
10390,2
10391,1
10392,3
10393,2
10394,2
10395,1
10396,2
10397,1
10398,1
10399,0
10400,4
10401,3
10402,3
10403,2
10404,3
10405,2
10406,2
10407,1
10408,3
10409,2
10410,2
10411,1
10412,2
10413,1
10414,1
10415,0
10416,3
10417,2
10418,2
10419,1
10420,2
10421,1
10422,1
10423,0
10424,2
10425,1
10426,1
10427,0
10428,1
10429,0
10430,0
10431,1
10432,4
10433,3
10434,3
10435,2
10436,3
10437,2
10438,2
10439,1
10440,3
10441,2
10442,2
10443,1
10444,2
10445,1
10446,1
10447,0
10448,3
10449,2
10450,2
10451,1
10452,2
10453,1
10454,1
10455,0
10456,2
10457,1
10458,1
10459,0
10460,1
10461,0
10462,0
10463,1
10464,3
10465,2
10466,2
10467,1
10468,2
10469,1
10470,1
10471,0
10472,2
10473,1
10474,1
10475,0
10476,1
10477,0
10478,0
10479,1
10480,2
10481,1
10482,1
10483,0
10484,1
10485,0
10486,0
10487,1
10488,1
10489,0
10490,0
10491,1
10492,0
10493,1
10494,1
10495,2
10496,3
10497,4
10498,4
10499,3
10500,4
10501,3
10502,3
10503,2
10504,4
10505,3
10506,3
10507,2
10508,3
10509,2
10510,2
10511,1
10512,4
10513,3
10514,3
10515,2
10516,3
10517,2
10518,2
10519,1
10520,3
10521,2
10522,2
10523,1
10524,2
10525,1
10526,1
10527,0
10528,4
10529,3
10530,3
10531,2
10532,3
10533,2
10534,2
10535,1
10536,3
10537,2
10538,2
10539,1
10540,2
10541,1
10542,1
10543,0
10544,3
10545,2
10546,2
10547,1
10548,2
10549,1
10550,1
10551,0
10552,2
10553,1
10554,1
10555,0
10556,1
10557,0
10558,0
10559,1
10560,4
10561,3
10562,3
10563,2
10564,3
10565,2
10566,2
10567,1
10568,3
10569,2
10570,2
10571,1
10572,2
10573,1
10574,1
10575,0
10576,3
10577,2
10578,2
10579,1
10580,2
10581,1
10582,1
10583,0
10584,2
10585,1
10586,1
10587,0
10588,1
10589,0
10590,0
10591,1
10592,3
10593,2
10594,2
10595,1
10596,2
10597,1
10598,1
10599,0
10600,2
10601,1
10602,1
10603,0
10604,1
10605,0
10606,0
10607,1
10608,2
10609,1
10610,1
10611,0
10612,1
10613,0
10614,0
10615,1
10616,1
10617,0
10618,0
10619,1
10620,0
10621,1
10622,1
10623,2
10624,4
10625,3
10626,3
10627,2
10628,3
10629,2
10630,2
10631,1
10632,3
10633,2
10634,2
10635,1
10636,2
10637,1
10638,1
10639,0
10640,3
10641,2
10642,2
10643,1
10644,2
10645,1
10646,1
10647,0
10648,2
10649,1
10650,1
10651,0
10652,1
10653,0
10654,0
10655,1
10656,3
10657,2
10658,2
10659,1
10660,2
10661,1
10662,1
10663,0
10664,2
10665,1
10666,1
10667,0
10668,1
10669,0
10670,0
10671,1
10672,2
10673,1
10674,1
10675,0
10676,1
10677,0
10678,0
10679,1
10680,1
10681,0
10682,0
10683,1
10684,0
10685,1
10686,1
10687,2
10688,3
10689,2
10690,2
10691,1
10692,2
10693,1
10694,1
10695,0
10696,2
10697,1
10698,1
10699,0
10700,1
10701,0
10702,0
10703,1
10704,2
10705,1
10706,1
10707,0
10708,1
10709,0
10710,0
10711,1
10712,1
10713,0
10714,0
10715,1
10716,0
10717,1
10718,1
10719,2
10720,2
10721,1
10722,1
10723,0
10724,1
10725,0
10726,0
10727,1
10728,1
10729,0
10730,0
10731,1
10732,0
10733,1
10734,1
10735,2
10736,1
10737,0
10738,0
10739,1
10740,0
10741,1
10742,1
10743,2
10744,0
10745,1
10746,1
10747,2
10748,1
10749,2
10750,2
10751,3
10752,3
10753,4
10754,4
10755,3
10756,4
10757,3
10758,3
10759,2
10760,4
10761,3
10762,3
10763,2
10764,3
10765,2
10766,2
10767,1
10768,4
10769,3
10770,3
10771,2
10772,3
10773,2
10774,2
10775,1
10776,3
10777,2
10778,2
10779,1
10780,2
10781,1
10782,1
10783,0
10784,4
10785,3
10786,3
10787,2
10788,3
10789,2
10790,2
10791,1
10792,3
10793,2
10794,2
10795,1
10796,2
10797,1
10798,1
10799,0
10800,3
10801,2
10802,2
10803,1
10804,2
10805,1
10806,1
10807,0
10808,2
10809,1
10810,1
10811,0
10812,1
10813,0
10814,0
10815,1
10816,4
10817,3
10818,3
10819,2
10820,3
10821,2
10822,2
10823,1
10824,3
10825,2
10826,2
10827,1
10828,2
10829,1
10830,1
10831,0
10832,3
10833,2
10834,2
10835,1
10836,2
10837,1
10838,1
10839,0
10840,2
10841,1
10842,1
10843,0
10844,1
10845,0
10846,0
10847,1
10848,3
10849,2
10850,2
10851,1
10852,2
10853,1
10854,1
10855,0
10856,2
10857,1
10858,1
10859,0
10860,1
10861,0
10862,0
10863,1
10864,2
10865,1
10866,1
10867,0
10868,1
10869,0
10870,0
10871,1
10872,1
10873,0
10874,0
10875,1
10876,0
10877,1
10878,1
10879,2
10880,4
10881,3
10882,3
10883,2
10884,3
10885,2
10886,2
10887,1
10888,3
10889,2
10890,2
10891,1
10892,2
10893,1
10894,1
10895,0
10896,3
10897,2
10898,2
10899,1
10900,2
10901,1
10902,1
10903,0
10904,2
10905,1
10906,1
10907,0
10908,1
10909,0
10910,0
10911,1
10912,3
10913,2
10914,2
10915,1
10916,2
10917,1
10918,1
10919,0
10920,2
10921,1
10922,1
10923,0
10924,1
10925,0
10926,0
10927,1
10928,2
10929,1
10930,1
10931,0
10932,1
10933,0
10934,0
10935,1
10936,1
10937,0
10938,0
10939,1
10940,0
10941,1
10942,1
10943,2
10944,3
10945,2
10946,2
10947,1
10948,2
10949,1
10950,1
10951,0
10952,2
10953,1
10954,1
10955,0
10956,1
10957,0
10958,0
10959,1
10960,2
10961,1
10962,1
10963,0
10964,1
10965,0
10966,0
10967,1
10968,1
10969,0
10970,0
10971,1
10972,0
10973,1
10974,1
10975,2
10976,2
10977,1
10978,1
10979,0
10980,1
10981,0
10982,0
10983,1
10984,1
10985,0
10986,0
10987,1
10988,0
10989,1
10990,1
10991,2
10992,1
10993,0
10994,0
10995,1
10996,0
10997,1
10998,1
10999,2
11000,0
11001,1
11002,1
11003,2
11004,1
11005,2
11006,2
11007,3
11008,4
11009,3
11010,3
11011,2
11012,3
11013,2
11014,2
11015,1
11016,3
11017,2
11018,2
11019,1
11020,2
11021,1
11022,1
11023,0
11024,3
11025,2
11026,2
11027,1
11028,2
11029,1
11030,1
11031,0
11032,2
11033,1
11034,1
11035,0
11036,1
11037,0
11038,0
11039,1
11040,3
11041,2
11042,2
11043,1
11044,2
11045,1
11046,1
11047,0
11048,2
11049,1
11050,1
11051,0
11052,1
11053,0
11054,0
11055,1
11056,2
11057,1
11058,1
11059,0
11060,1
11061,0
11062,0
11063,1
11064,1
11065,0
11066,0
11067,1
11068,0
11069,1
11070,1
11071,2
11072,3
11073,2
11074,2
11075,1
11076,2
11077,1
11078,1
11079,0
11080,2
11081,1
11082,1
11083,0
11084,1
11085,0
11086,0
11087,1
11088,2
11089,1
11090,1
11091,0
11092,1
11093,0
11094,0
11095,1
11096,1
11097,0
11098,0
11099,1
11100,0
11101,1
11102,1
11103,2
11104,2
11105,1
11106,1
11107,0
11108,1
11109,0
11110,0
11111,1
11112,1
11113,0
11114,0
11115,1
11116,0
11117,1
11118,1
11119,2
11120,1
11121,0
11122,0
11123,1
11124,0
11125,1
11126,1
11127,2
11128,0
11129,1
11130,1
11131,2
11132,1
11133,2
11134,2
11135,3
11136,3
11137,2
11138,2
11139,1
11140,2
11141,1
11142,1
11143,0
11144,2
11145,1
11146,1
11147,0
11148,1
11149,0
11150,0
11151,1
11152,2
11153,1
11154,1
11155,0
11156,1
11157,0
11158,0
11159,1
11160,1
11161,0
11162,0
11163,1
11164,0
11165,1
11166,1
11167,2
11168,2
11169,1
11170,1
11171,0
11172,1
11173,0
11174,0
11175,1
11176,1
11177,0
11178,0
11179,1
11180,0
11181,1
11182,1
11183,2
11184,1
11185,0
11186,0
11187,1
11188,0
11189,1
11190,1
11191,2
11192,0
11193,1
11194,1
11195,2
11196,1
11197,2
11198,2
11199,3
11200,2
11201,1
11202,1
11203,0
11204,1
11205,0
11206,0
11207,1
11208,1
11209,0
11210,0
11211,1
11212,0
11213,1
11214,1
11215,2
11216,1
11217,0
11218,0
11219,1
11220,0
11221,1
11222,1
11223,2
11224,0
11225,1
11226,1
11227,2
11228,1
11229,2
11230,2
11231,3
11232,1
11233,0
11234,0
11235,1
11236,0
11237,1
11238,1
11239,2
11240,0
11241,1
11242,1
11243,2
11244,1
11245,2
11246,2
11247,3
11248,0
11249,1
11250,1
11251,2
11252,1
11253,2
11254,2
11255,3
11256,1
11257,2
11258,2
11259,3
11260,2
11261,3
11262,3
11263,4
11264,3
11265,4
11266,4
11267,3
11268,4
11269,3
11270,3
11271,2
11272,4
11273,3
11274,3
11275,2
11276,3
11277,2
11278,2
11279,1
11280,4
11281,3
11282,3
11283,2
11284,3
11285,2
11286,2
11287,1
11288,3
11289,2
11290,2
11291,1
11292,2
11293,1
11294,1
11295,0
11296,4
11297,3
11298,3
11299,2
11300,3
11301,2
11302,2
11303,1
11304,3
11305,2
11306,2
11307,1
11308,2
11309,1
11310,1
11311,0
11312,3
11313,2
11314,2
11315,1
11316,2
11317,1
11318,1
11319,0
11320,2
11321,1
11322,1
11323,0
11324,1
11325,0
11326,0
11327,1
11328,4
11329,3
11330,3
11331,2
11332,3
11333,2
11334,2
11335,1
11336,3
11337,2
11338,2
11339,1
11340,2
11341,1
11342,1
11343,0
11344,3
11345,2
11346,2
11347,1
11348,2
11349,1
11350,1
11351,0
11352,2
11353,1
11354,1
11355,0
11356,1
11357,0
11358,0
11359,1
11360,3
11361,2
11362,2
11363,1
11364,2
11365,1
11366,1
11367,0
11368,2
11369,1
11370,1
11371,0
11372,1
11373,0
11374,0
11375,1
11376,2
11377,1
11378,1
11379,0
11380,1
11381,0
11382,0
11383,1
11384,1
11385,0
11386,0
11387,1
11388,0
11389,1
11390,1
11391,2
11392,4
11393,3
11394,3
11395,2
11396,3
11397,2
11398,2
11399,1
11400,3
11401,2
11402,2
11403,1
11404,2
11405,1
11406,1
11407,0
11408,3
11409,2
11410,2
11411,1
11412,2
11413,1
11414,1
11415,0
11416,2
11417,1
11418,1
11419,0
11420,1
11421,0
11422,0
11423,1
11424,3
11425,2
11426,2
11427,1
11428,2
11429,1
11430,1
11431,0
11432,2
11433,1
11434,1
11435,0
11436,1
11437,0
11438,0
11439,1
11440,2
11441,1
11442,1
11443,0
11444,1
11445,0
11446,0
11447,1
11448,1
11449,0
11450,0
11451,1
11452,0
11453,1
11454,1
11455,2
11456,3
11457,2
11458,2
11459,1
11460,2
11461,1
11462,1
11463,0
11464,2
11465,1
11466,1
11467,0
11468,1
11469,0
11470,0
11471,1
11472,2
11473,1
11474,1
11475,0
11476,1
11477,0
11478,0
11479,1
11480,1
11481,0
11482,0
11483,1
11484,0
11485,1
11486,1
11487,2
11488,2
11489,1
11490,1
11491,0
11492,1
11493,0
11494,0
11495,1
11496,1
11497,0
11498,0
11499,1
11500,0
11501,1
11502,1
11503,2
11504,1
11505,0
11506,0
11507,1
11508,0
11509,1
11510,1
11511,2
11512,0
11513,1
11514,1
11515,2
11516,1
11517,2
11518,2
11519,3
11520,4
11521,3
11522,3
11523,2
11524,3
11525,2
11526,2
11527,1
11528,3
11529,2
11530,2
11531,1
11532,2
11533,1
11534,1
11535,0
11536,3
11537,2
11538,2
11539,1
11540,2
11541,1
11542,1
11543,0
11544,2
11545,1
11546,1
11547,0
11548,1
11549,0
11550,0
11551,1
11552,3
11553,2
11554,2
11555,1
11556,2
11557,1
11558,1
11559,0
11560,2
11561,1
11562,1
11563,0
11564,1
11565,0
11566,0
11567,1
11568,2
11569,1
11570,1
11571,0
11572,1
11573,0
11574,0
11575,1
11576,1
11577,0
11578,0
11579,1
11580,0
11581,1
11582,1
11583,2
11584,3
11585,2
11586,2
11587,1
11588,2
11589,1
11590,1
11591,0
11592,2
11593,1
11594,1
11595,0
11596,1
11597,0
11598,0
11599,1
11600,2
11601,1
11602,1
11603,0
11604,1
11605,0
11606,0
11607,1
11608,1
11609,0
11610,0
11611,1
11612,0
11613,1
11614,1
11615,2
11616,2
11617,1
11618,1
11619,0
11620,1
11621,0
11622,0
11623,1
11624,1
11625,0
11626,0
11627,1
11628,0
11629,1
11630,1
11631,2
11632,1
11633,0
11634,0
11635,1
11636,0
11637,1
11638,1
11639,2
11640,0
11641,1
11642,1
11643,2
11644,1
11645,2
11646,2
11647,3
11648,3
11649,2
11650,2
11651,1
11652,2
11653,1
11654,1
11655,0
11656,2
11657,1
11658,1
11659,0
11660,1
11661,0
11662,0
11663,1
11664,2
11665,1
11666,1
11667,0
11668,1
11669,0
11670,0
11671,1
11672,1
11673,0
11674,0
11675,1
11676,0
11677,1
11678,1
11679,2
11680,2
11681,1
11682,1
11683,0
11684,1
11685,0
11686,0
11687,1
11688,1
11689,0
11690,0
11691,1
11692,0
11693,1
11694,1
11695,2
11696,1
11697,0
11698,0
11699,1
11700,0
11701,1
11702,1
11703,2
11704,0
11705,1
11706,1
11707,2
11708,1
11709,2
11710,2
11711,3
11712,2
11713,1
11714,1
11715,0
11716,1
11717,0
11718,0
11719,1
11720,1
11721,0
11722,0
11723,1
11724,0
11725,1
11726,1
11727,2
11728,1
11729,0
11730,0
11731,1
11732,0
11733,1
11734,1
11735,2
11736,0
11737,1
11738,1
11739,2
11740,1
11741,2
11742,2
11743,3
11744,1
11745,0
11746,0
11747,1
11748,0
11749,1
11750,1
11751,2
11752,0
11753,1
11754,1
11755,2
11756,1
11757,2
11758,2
11759,3
11760,0
11761,1
11762,1
11763,2
11764,1
11765,2
11766,2
11767,3
11768,1
11769,2
11770,2
11771,3
11772,2
11773,3
11774,3
11775,4
11776,4
11777,3
11778,3
11779,2
11780,3
11781,2
11782,2
11783,1
11784,3
11785,2
11786,2
11787,1
11788,2
11789,1
11790,1
11791,0
11792,3
11793,2
11794,2
11795,1
11796,2
11797,1
11798,1
11799,0
11800,2
11801,1
11802,1
11803,0
11804,1
11805,0
11806,0
11807,1
11808,3
11809,2
11810,2
11811,1
11812,2
11813,1
11814,1
11815,0
11816,2
11817,1
11818,1
11819,0
11820,1
11821,0
11822,0
11823,1
11824,2
11825,1
11826,1
11827,0
11828,1
11829,0
11830,0
11831,1
11832,1
11833,0
11834,0
11835,1
11836,0
11837,1
11838,1
11839,2
11840,3
11841,2
11842,2
11843,1
11844,2
11845,1
11846,1
11847,0
11848,2
11849,1
11850,1
11851,0
11852,1
11853,0
11854,0
11855,1
11856,2
11857,1
11858,1
11859,0
11860,1
11861,0
11862,0
11863,1
11864,1
11865,0
11866,0
11867,1
11868,0
11869,1
11870,1
11871,2
11872,2
11873,1
11874,1
11875,0
11876,1
11877,0
11878,0
11879,1
11880,1
11881,0
11882,0
11883,1
11884,0
11885,1
11886,1
11887,2
11888,1
11889,0
11890,0
11891,1
11892,0
11893,1
11894,1
11895,2
11896,0
11897,1
11898,1
11899,2
11900,1
11901,2
11902,2
11903,3
11904,3
11905,2
11906,2
11907,1
11908,2
11909,1
11910,1
11911,0
11912,2
11913,1
11914,1
11915,0
11916,1
11917,0
11918,0
11919,1
11920,2
11921,1
11922,1
11923,0
11924,1
11925,0
11926,0
11927,1
11928,1
11929,0
11930,0
11931,1
11932,0
11933,1
11934,1
11935,2
11936,2
11937,1
11938,1
11939,0
11940,1
11941,0
11942,0
11943,1
11944,1
11945,0
11946,0
11947,1
11948,0
11949,1
11950,1
11951,2
11952,1
11953,0
11954,0
11955,1
11956,0
11957,1
11958,1
11959,2
11960,0
11961,1
11962,1
11963,2
11964,1
11965,2
11966,2
11967,3
11968,2
11969,1
11970,1
11971,0
11972,1
11973,0
11974,0
11975,1
11976,1
11977,0
11978,0
11979,1
11980,0
11981,1
11982,1
11983,2
11984,1
11985,0
11986,0
11987,1
11988,0
11989,1
11990,1
11991,2
11992,0
11993,1
11994,1
11995,2
11996,1
11997,2
11998,2
11999,3
12000,1
12001,0
12002,0
12003,1
12004,0
12005,1
12006,1
12007,2
12008,0
12009,1
12010,1
12011,2
12012,1
12013,2
12014,2
12015,3
12016,0
12017,1
12018,1
12019,2
12020,1
12021,2
12022,2
12023,3
12024,1
12025,2
12026,2
12027,3
12028,2
12029,3
12030,3
12031,4
12032,3
12033,2
12034,2
12035,1
12036,2
12037,1
12038,1
12039,0
12040,2
12041,1
12042,1
12043,0
12044,1
12045,0
12046,0
12047,1
12048,2
12049,1
12050,1
12051,0
12052,1
12053,0
12054,0
12055,1
12056,1
12057,0
12058,0
12059,1
12060,0
12061,1
12062,1
12063,2
12064,2
12065,1
12066,1
12067,0
12068,1
12069,0
12070,0
12071,1
12072,1
12073,0
12074,0
12075,1
12076,0
12077,1
12078,1
12079,2
12080,1
12081,0
12082,0
12083,1
12084,0
12085,1
12086,1
12087,2
12088,0
12089,1
12090,1
12091,2
12092,1
12093,2
12094,2
12095,3
12096,2
12097,1
12098,1
12099,0
12100,1
12101,0
12102,0
12103,1
12104,1
12105,0
12106,0
12107,1
12108,0
12109,1
12110,1
12111,2
12112,1
12113,0
12114,0
12115,1
12116,0
12117,1
12118,1
12119,2
12120,0
12121,1
12122,1
12123,2
12124,1
12125,2
12126,2
12127,3
12128,1
12129,0
12130,0
12131,1
12132,0
12133,1
12134,1
12135,2
12136,0
12137,1
12138,1
12139,2
12140,1
12141,2
12142,2
12143,3
12144,0
12145,1
12146,1
12147,2
12148,1
12149,2
12150,2
12151,3
12152,1
12153,2
12154,2
12155,3
12156,2
12157,3
12158,3
12159,4
12160,2
12161,1
12162,1
12163,0
12164,1
12165,0
12166,0
12167,1
12168,1
12169,0
12170,0
12171,1
12172,0
12173,1
12174,1
12175,2
12176,1
12177,0
12178,0
12179,1
12180,0
12181,1
12182,1
12183,2
12184,0
12185,1
12186,1
12187,2
12188,1
12189,2
12190,2
12191,3
12192,1
12193,0
12194,0
12195,1
12196,0
12197,1
12198,1
12199,2
12200,0
12201,1
12202,1
12203,2
12204,1
12205,2
12206,2
12207,3
12208,0
12209,1
12210,1
12211,2
12212,1
12213,2
12214,2
12215,3
12216,1
12217,2
12218,2
12219,3
12220,2
12221,3
12222,3
12223,4
12224,1
12225,0
12226,0
12227,1
12228,0
12229,1
12230,1
12231,2
12232,0
12233,1
12234,1
12235,2
12236,1
12237,2
12238,2
12239,3
12240,0
12241,1
12242,1
12243,2
12244,1
12245,2
12246,2
12247,3
12248,1
12249,2
12250,2
12251,3
12252,2
12253,3
12254,3
12255,4
12256,0
12257,1
12258,1
12259,2
12260,1
12261,2
12262,2
12263,3
12264,1
12265,2
12266,2
12267,3
12268,2
12269,3
12270,3
12271,4
12272,1
12273,2
12274,2
12275,3
12276,2
12277,3
12278,3
12279,4
12280,2
12281,3
12282,3
12283,4
12284,3
12285,4
12286,4
12287,3
12288,2
12289,3
12290,3
12291,4
12292,3
12293,4
12294,4
12295,3
12296,3
12297,4
12298,4
12299,3
12300,4
12301,3
12302,3
12303,2
12304,3
12305,4
12306,4
12307,3
12308,4
12309,3
12310,3
12311,2
12312,4
12313,3
12314,3
12315,2
12316,3
12317,2
12318,2
12319,1
12320,3
12321,4
12322,4
12323,3
12324,4
12325,3
12326,3
12327,2
12328,4
12329,3
12330,3
12331,2
12332,3
12333,2
12334,2
12335,1
12336,4
12337,3
12338,3
12339,2
12340,3
12341,2
12342,2
12343,1
12344,3
12345,2
12346,2
12347,1
12348,2
12349,1
12350,1
12351,0
12352,3
12353,4
12354,4
12355,3
12356,4
12357,3
12358,3
12359,2
12360,4
12361,3
12362,3
12363,2
12364,3
12365,2
12366,2
12367,1
12368,4
12369,3
12370,3
12371,2
12372,3
12373,2
12374,2
12375,1
12376,3
12377,2
12378,2
12379,1
12380,2
12381,1
12382,1
12383,0
12384,4
12385,3
12386,3
12387,2
12388,3
12389,2
12390,2
12391,1
12392,3
12393,2
12394,2
12395,1
12396,2
12397,1
12398,1
12399,0
12400,3
12401,2
12402,2
12403,1
12404,2
12405,1
12406,1
12407,0
12408,2
12409,1
12410,1
12411,0
12412,1
12413,0
12414,0
12415,1
12416,3
12417,4
12418,4
12419,3
12420,4
12421,3
12422,3
12423,2
12424,4
12425,3
12426,3
12427,2
12428,3
12429,2
12430,2
12431,1
12432,4
12433,3
12434,3
12435,2
12436,3
12437,2
12438,2
12439,1
12440,3
12441,2
12442,2
12443,1
12444,2
12445,1
12446,1
12447,0
12448,4
12449,3
12450,3
12451,2
12452,3
12453,2
12454,2
12455,1
12456,3
12457,2
12458,2
12459,1
12460,2
12461,1
12462,1
12463,0
12464,3
12465,2
12466,2
12467,1
12468,2
12469,1
12470,1
12471,0
12472,2
12473,1
12474,1
12475,0
12476,1
12477,0
12478,0
12479,1
12480,4
12481,3
12482,3
12483,2
12484,3
12485,2
12486,2
12487,1
12488,3
12489,2
12490,2
12491,1
12492,2
12493,1
12494,1
12495,0
12496,3
12497,2
12498,2
12499,1
12500,2
12501,1
12502,1
12503,0
12504,2
12505,1
12506,1
12507,0
12508,1
12509,0
12510,0
12511,1
12512,3
12513,2
12514,2
12515,1
12516,2
12517,1
12518,1
12519,0
12520,2
12521,1
12522,1
12523,0
12524,1
12525,0
12526,0
12527,1
12528,2
12529,1
12530,1
12531,0
12532,1
12533,0
12534,0
12535,1
12536,1
12537,0
12538,0
12539,1
12540,0
12541,1
12542,1
12543,2
12544,3
12545,4
12546,4
12547,3
12548,4
12549,3
12550,3
12551,2
12552,4
12553,3
12554,3
12555,2
12556,3
12557,2
12558,2
12559,1
12560,4
12561,3
12562,3
12563,2
12564,3
12565,2
12566,2
12567,1
12568,3
12569,2
12570,2
12571,1
12572,2
12573,1
12574,1
12575,0
12576,4
12577,3
12578,3
12579,2
12580,3
12581,2
12582,2
12583,1
12584,3
12585,2
12586,2
12587,1
12588,2
12589,1
12590,1
12591,0
12592,3
12593,2
12594,2
12595,1
12596,2
12597,1
12598,1
12599,0
12600,2
12601,1
12602,1
12603,0
12604,1
12605,0
12606,0
12607,1
12608,4
12609,3
12610,3
12611,2
12612,3
12613,2
12614,2
12615,1
12616,3
12617,2
12618,2
12619,1
12620,2
12621,1
12622,1
12623,0
12624,3
12625,2
12626,2
12627,1
12628,2
12629,1
12630,1
12631,0
12632,2
12633,1
12634,1
12635,0
12636,1
12637,0
12638,0
12639,1
12640,3
12641,2
12642,2
12643,1
12644,2
12645,1
12646,1
12647,0
12648,2
12649,1
12650,1
12651,0
12652,1
12653,0
12654,0
12655,1
12656,2
12657,1
12658,1
12659,0
12660,1
12661,0
12662,0
12663,1
12664,1
12665,0
12666,0
12667,1
12668,0
12669,1
12670,1
12671,2
12672,4
12673,3
12674,3
12675,2
12676,3
12677,2
12678,2
12679,1
12680,3
12681,2
12682,2
12683,1
12684,2
12685,1
12686,1
12687,0
12688,3
12689,2
12690,2
12691,1
12692,2
12693,1
12694,1
12695,0
12696,2
12697,1
12698,1
12699,0
12700,1
12701,0
12702,0
12703,1
12704,3
12705,2
12706,2
12707,1
12708,2
12709,1
12710,1
12711,0
12712,2
12713,1
12714,1
12715,0
12716,1
12717,0
12718,0
12719,1
12720,2
12721,1
12722,1
12723,0
12724,1
12725,0
12726,0
12727,1
12728,1
12729,0
12730,0
12731,1
12732,0
12733,1
12734,1
12735,2
12736,3
12737,2
12738,2
12739,1
12740,2
12741,1
12742,1
12743,0
12744,2
12745,1
12746,1
12747,0
12748,1
12749,0
12750,0
12751,1
12752,2
12753,1
12754,1
12755,0
12756,1
12757,0
12758,0
12759,1
12760,1
12761,0
12762,0
12763,1
12764,0
12765,1
12766,1
12767,2
12768,2
12769,1
12770,1
12771,0
12772,1
12773,0
12774,0
12775,1
12776,1
12777,0
12778,0
12779,1
12780,0
12781,1
12782,1
12783,2
12784,1
12785,0
12786,0
12787,1
12788,0
12789,1
12790,1
12791,2
12792,0
12793,1
12794,1
12795,2
12796,1
12797,2
12798,2
12799,3
12800,3
12801,4
12802,4
12803,3
12804,4
12805,3
12806,3
12807,2
12808,4
12809,3
12810,3
12811,2
12812,3
12813,2
12814,2
12815,1
12816,4
12817,3
12818,3
12819,2
12820,3
12821,2
12822,2
12823,1
12824,3
12825,2
12826,2
12827,1
12828,2
12829,1
12830,1
12831,0
12832,4
12833,3
12834,3
12835,2
12836,3
12837,2
12838,2
12839,1
12840,3
12841,2
12842,2
12843,1
12844,2
12845,1
12846,1
12847,0
12848,3
12849,2
12850,2
12851,1
12852,2
12853,1
12854,1
12855,0
12856,2
12857,1
12858,1
12859,0
12860,1
12861,0
12862,0
12863,1
12864,4
12865,3
12866,3
12867,2
12868,3
12869,2
12870,2
12871,1
12872,3
12873,2
12874,2
12875,1
12876,2
12877,1
12878,1
12879,0
12880,3
12881,2
12882,2
12883,1
12884,2
12885,1
12886,1
12887,0
12888,2
12889,1
12890,1
12891,0
12892,1
12893,0
12894,0
12895,1
12896,3
12897,2
12898,2
12899,1
12900,2
12901,1
12902,1
12903,0
12904,2
12905,1
12906,1
12907,0
12908,1
12909,0
12910,0
12911,1
12912,2
12913,1
12914,1
12915,0
12916,1
12917,0
12918,0
12919,1
12920,1
12921,0
12922,0
12923,1
12924,0
12925,1
12926,1
12927,2
12928,4
12929,3
12930,3
12931,2
12932,3
12933,2
12934,2
12935,1
12936,3
12937,2
12938,2
12939,1
12940,2
12941,1
12942,1
12943,0
12944,3
12945,2
12946,2
12947,1
12948,2
12949,1
12950,1
12951,0
12952,2
12953,1
12954,1
12955,0
12956,1
12957,0
12958,0
12959,1
12960,3
12961,2
12962,2
12963,1
12964,2
12965,1
12966,1
12967,0
12968,2
12969,1
12970,1
12971,0
12972,1
12973,0
12974,0
12975,1
12976,2
12977,1
12978,1
12979,0
12980,1
12981,0
12982,0
12983,1
12984,1
12985,0
12986,0
12987,1
12988,0
12989,1
12990,1
12991,2
12992,3
12993,2
12994,2
12995,1
12996,2
12997,1
12998,1
12999,0
13000,2
13001,1
13002,1
13003,0
13004,1
13005,0
13006,0
13007,1
13008,2
13009,1
13010,1
13011,0
13012,1
13013,0
13014,0
13015,1
13016,1
13017,0
13018,0
13019,1
13020,0
13021,1
13022,1
13023,2
13024,2
13025,1
13026,1
13027,0
13028,1
13029,0
13030,0
13031,1
13032,1
13033,0
13034,0
13035,1
13036,0
13037,1
13038,1
13039,2
13040,1
13041,0
13042,0
13043,1
13044,0
13045,1
13046,1
13047,2
13048,0
13049,1
13050,1
13051,2
13052,1
13053,2
13054,2
13055,3
13056,4
13057,3
13058,3
13059,2
13060,3
13061,2
13062,2
13063,1
13064,3
13065,2
13066,2
13067,1
13068,2
13069,1
13070,1
13071,0
13072,3
13073,2
13074,2
13075,1
13076,2
13077,1
13078,1
13079,0
13080,2
13081,1
13082,1
13083,0
13084,1
13085,0
13086,0
13087,1
13088,3
13089,2
13090,2
13091,1
13092,2
13093,1
13094,1
13095,0
13096,2
13097,1
13098,1
13099,0
13100,1
13101,0
13102,0
13103,1
13104,2
13105,1
13106,1
13107,0
13108,1
13109,0
13110,0
13111,1
13112,1
13113,0
13114,0
13115,1
13116,0
13117,1
13118,1
13119,2
13120,3
13121,2
13122,2
13123,1
13124,2
13125,1
13126,1
13127,0
13128,2
13129,1
13130,1
13131,0
13132,1
13133,0
13134,0
13135,1
13136,2
13137,1
13138,1
13139,0
13140,1
13141,0
13142,0
13143,1
13144,1
13145,0
13146,0
13147,1
13148,0
13149,1
13150,1
13151,2
13152,2
13153,1
13154,1
13155,0
13156,1
13157,0
13158,0
13159,1
13160,1
13161,0
13162,0
13163,1
13164,0
13165,1
13166,1
13167,2
13168,1
13169,0
13170,0
13171,1
13172,0
13173,1
13174,1
13175,2
13176,0
13177,1
13178,1
13179,2
13180,1
13181,2
13182,2
13183,3
13184,3
13185,2
13186,2
13187,1
13188,2
13189,1
13190,1
13191,0
13192,2
13193,1
13194,1
13195,0
13196,1
13197,0
13198,0
13199,1
13200,2
13201,1
13202,1
13203,0
13204,1
13205,0
13206,0
13207,1
13208,1
13209,0
13210,0
13211,1
13212,0
13213,1
13214,1
13215,2
13216,2
13217,1
13218,1
13219,0
13220,1
13221,0
13222,0
13223,1
13224,1
13225,0
13226,0
13227,1
13228,0
13229,1
13230,1
13231,2
13232,1
13233,0
13234,0
13235,1
13236,0
13237,1
13238,1
13239,2
13240,0
13241,1
13242,1
13243,2
13244,1
13245,2
13246,2
13247,3
13248,2
13249,1
13250,1
13251,0
13252,1
13253,0
13254,0
13255,1
13256,1
13257,0
13258,0
13259,1
13260,0
13261,1
13262,1
13263,2
13264,1
13265,0
13266,0
13267,1
13268,0
13269,1
13270,1
13271,2
13272,0
13273,1
13274,1
13275,2
13276,1
13277,2
13278,2
13279,3
13280,1
13281,0
13282,0
13283,1
13284,0
13285,1
13286,1
13287,2
13288,0
13289,1
13290,1
13291,2
13292,1
13293,2
13294,2
13295,3
13296,0
13297,1
13298,1
13299,2
13300,1
13301,2
13302,2
13303,3
13304,1
13305,2
13306,2
13307,3
13308,2
13309,3
13310,3
13311,4
13312,3
13313,4
13314,4
13315,3
13316,4
13317,3
13318,3
13319,2
13320,4
13321,3
13322,3
13323,2
13324,3
13325,2
13326,2
13327,1
13328,4
13329,3
13330,3
13331,2
13332,3
13333,2
13334,2
13335,1
13336,3
13337,2
13338,2
13339,1
13340,2
13341,1
13342,1
13343,0
13344,4
13345,3
13346,3
13347,2
13348,3
13349,2
13350,2
13351,1
13352,3
13353,2
13354,2
13355,1
13356,2
13357,1
13358,1
13359,0
13360,3
13361,2
13362,2
13363,1
13364,2
13365,1
13366,1
13367,0
13368,2
13369,1
13370,1
13371,0
13372,1
13373,0
13374,0
13375,1
13376,4
13377,3
13378,3
13379,2
13380,3
13381,2
13382,2
13383,1
13384,3
13385,2
13386,2
13387,1
13388,2
13389,1
13390,1
13391,0
13392,3
13393,2
13394,2
13395,1
13396,2
13397,1
13398,1
13399,0
13400,2
13401,1
13402,1
13403,0
13404,1
13405,0
13406,0
13407,1
13408,3
13409,2
13410,2
13411,1
13412,2
13413,1
13414,1
13415,0
13416,2
13417,1
13418,1
13419,0
13420,1
13421,0
13422,0
13423,1
13424,2
13425,1
13426,1
13427,0
13428,1
13429,0
13430,0
13431,1
13432,1
13433,0
13434,0
13435,1
13436,0
13437,1
13438,1
13439,2
13440,4
13441,3
13442,3
13443,2
13444,3
13445,2
13446,2
13447,1
13448,3
13449,2
13450,2
13451,1
13452,2
13453,1
13454,1
13455,0
13456,3
13457,2
13458,2
13459,1
13460,2
13461,1
13462,1
13463,0
13464,2
13465,1
13466,1
13467,0
13468,1
13469,0
13470,0
13471,1
13472,3
13473,2
13474,2
13475,1
13476,2
13477,1
13478,1
13479,0
13480,2
13481,1
13482,1
13483,0
13484,1
13485,0
13486,0
13487,1
13488,2
13489,1
13490,1
13491,0
13492,1
13493,0
13494,0
13495,1
13496,1
13497,0
13498,0
13499,1
13500,0
13501,1
13502,1
13503,2
13504,3
13505,2
13506,2
13507,1
13508,2
13509,1
13510,1
13511,0
13512,2
13513,1
13514,1
13515,0
13516,1
13517,0
13518,0
13519,1
13520,2
13521,1
13522,1
13523,0
13524,1
13525,0
13526,0
13527,1
13528,1
13529,0
13530,0
13531,1
13532,0
13533,1
13534,1
13535,2
13536,2
13537,1
13538,1
13539,0
13540,1
13541,0
13542,0
13543,1
13544,1
13545,0
13546,0
13547,1
13548,0
13549,1
13550,1
13551,2
13552,1
13553,0
13554,0
13555,1
13556,0
13557,1
13558,1
13559,2
13560,0
13561,1
13562,1
13563,2
13564,1
13565,2
13566,2
13567,3
13568,4
13569,3
13570,3
13571,2
13572,3
13573,2
13574,2
13575,1
13576,3
13577,2
13578,2
13579,1
13580,2
13581,1
13582,1
13583,0
13584,3
13585,2
13586,2
13587,1
13588,2
13589,1
13590,1
13591,0
13592,2
13593,1
13594,1
13595,0
13596,1
13597,0
13598,0
13599,1
13600,3
13601,2
13602,2
13603,1
13604,2
13605,1
13606,1
13607,0
13608,2
13609,1
13610,1
13611,0
13612,1
13613,0
13614,0
13615,1
13616,2
13617,1
13618,1
13619,0
13620,1
13621,0
13622,0
13623,1
13624,1
13625,0
13626,0
13627,1
13628,0
13629,1
13630,1
13631,2
13632,3
13633,2
13634,2
13635,1
13636,2
13637,1
13638,1
13639,0
13640,2
13641,1
13642,1
13643,0
13644,1
13645,0
13646,0
13647,1
13648,2
13649,1
13650,1
13651,0
13652,1
13653,0
13654,0
13655,1
13656,1
13657,0
13658,0
13659,1
13660,0
13661,1
13662,1
13663,2
13664,2
13665,1
13666,1
13667,0
13668,1
13669,0
13670,0
13671,1
13672,1
13673,0
13674,0
13675,1
13676,0
13677,1
13678,1
13679,2
13680,1
13681,0
13682,0
13683,1
13684,0
13685,1
13686,1
13687,2
13688,0
13689,1
13690,1
13691,2
13692,1
13693,2
13694,2
13695,3
13696,3
13697,2
13698,2
13699,1
13700,2
13701,1
13702,1
13703,0
13704,2
13705,1
13706,1
13707,0
13708,1
13709,0
13710,0
13711,1
13712,2
13713,1
13714,1
13715,0
13716,1
13717,0
13718,0
13719,1
13720,1
13721,0
13722,0
13723,1
13724,0
13725,1
13726,1
13727,2
13728,2
13729,1
13730,1
13731,0
13732,1
13733,0
13734,0
13735,1
13736,1
13737,0
13738,0
13739,1
13740,0
13741,1
13742,1
13743,2
13744,1
13745,0
13746,0
13747,1
13748,0
13749,1
13750,1
13751,2
13752,0
13753,1
13754,1
13755,2
13756,1
13757,2
13758,2
13759,3
13760,2
13761,1
13762,1
13763,0
13764,1
13765,0
13766,0
13767,1
13768,1
13769,0
13770,0
13771,1
13772,0
13773,1
13774,1
13775,2
13776,1
13777,0
13778,0
13779,1
13780,0
13781,1
13782,1
13783,2
13784,0
13785,1
13786,1
13787,2
13788,1
13789,2
13790,2
13791,3
13792,1
13793,0
13794,0
13795,1
13796,0
13797,1
13798,1
13799,2
13800,0
13801,1
13802,1
13803,2
13804,1
13805,2
13806,2
13807,3
13808,0
13809,1
13810,1
13811,2
13812,1
13813,2
13814,2
13815,3
13816,1
13817,2
13818,2
13819,3
13820,2
13821,3
13822,3
13823,4
13824,4
13825,3
13826,3
13827,2
13828,3
13829,2
13830,2
13831,1
13832,3
13833,2
13834,2
13835,1
13836,2
13837,1
13838,1
13839,0
13840,3
13841,2
13842,2
13843,1
13844,2
13845,1
13846,1
13847,0
13848,2
13849,1
13850,1
13851,0
13852,1
13853,0
13854,0
13855,1
13856,3
13857,2
13858,2
13859,1
13860,2
13861,1
13862,1
13863,0
13864,2
13865,1
13866,1
13867,0
13868,1
13869,0
13870,0
13871,1
13872,2
13873,1
13874,1
13875,0
13876,1
13877,0
13878,0
13879,1
13880,1
13881,0
13882,0
13883,1
13884,0
13885,1
13886,1
13887,2
13888,3
13889,2
13890,2
13891,1
13892,2
13893,1
13894,1
13895,0
13896,2
13897,1
13898,1
13899,0
13900,1
13901,0
13902,0
13903,1
13904,2
13905,1
13906,1
13907,0
13908,1
13909,0
13910,0
13911,1
13912,1
13913,0
13914,0
13915,1
13916,0
13917,1
13918,1
13919,2
13920,2
13921,1
13922,1
13923,0
13924,1
13925,0
13926,0
13927,1
13928,1
13929,0
13930,0
13931,1
13932,0
13933,1
13934,1
13935,2
13936,1
13937,0
13938,0
13939,1
13940,0
13941,1
13942,1
13943,2
13944,0
13945,1
13946,1
13947,2
13948,1
13949,2
13950,2
13951,3
13952,3
13953,2
13954,2
13955,1
13956,2
13957,1
13958,1
13959,0
13960,2
13961,1
13962,1
13963,0
13964,1
13965,0
13966,0
13967,1
13968,2
13969,1
13970,1
13971,0
13972,1
13973,0
13974,0
13975,1
13976,1
13977,0
13978,0
13979,1
13980,0
13981,1
13982,1
13983,2
13984,2
13985,1
13986,1
13987,0
13988,1
13989,0
13990,0
13991,1
13992,1
13993,0
13994,0
13995,1
13996,0
13997,1
13998,1
13999,2
14000,1
14001,0
14002,0
14003,1
14004,0
14005,1
14006,1
14007,2
14008,0
14009,1
14010,1
14011,2
14012,1
14013,2
14014,2
14015,3
14016,2
14017,1
14018,1
14019,0
14020,1
14021,0
14022,0
14023,1
14024,1
14025,0
14026,0
14027,1
14028,0
14029,1
14030,1
14031,2
14032,1
14033,0
14034,0
14035,1
14036,0
14037,1
14038,1
14039,2
14040,0
14041,1
14042,1
14043,2
14044,1
14045,2
14046,2
14047,3
14048,1
14049,0
14050,0
14051,1
14052,0
14053,1
14054,1
14055,2
14056,0
14057,1
14058,1
14059,2
14060,1
14061,2
14062,2
14063,3
14064,0
14065,1
14066,1
14067,2
14068,1
14069,2
14070,2
14071,3
14072,1
14073,2
14074,2
14075,3
14076,2
14077,3
14078,3
14079,4
14080,3
14081,2
14082,2
14083,1
14084,2
14085,1
14086,1
14087,0
14088,2
14089,1
14090,1
14091,0
14092,1
14093,0
14094,0
14095,1
14096,2
14097,1
14098,1
14099,0
14100,1
14101,0
14102,0
14103,1
14104,1
14105,0
14106,0
14107,1
14108,0
14109,1
14110,1
14111,2
14112,2
14113,1
14114,1
14115,0
14116,1
14117,0
14118,0
14119,1
14120,1
14121,0
14122,0
14123,1
14124,0
14125,1
14126,1
14127,2
14128,1
14129,0
14130,0
14131,1
14132,0
14133,1
14134,1
14135,2
14136,0
14137,1
14138,1
14139,2
14140,1
14141,2
14142,2
14143,3
14144,2
14145,1
14146,1
14147,0
14148,1
14149,0
14150,0
14151,1
14152,1
14153,0
14154,0
14155,1
14156,0
14157,1
14158,1
14159,2
14160,1
14161,0
14162,0
14163,1
14164,0
14165,1
14166,1
14167,2
14168,0
14169,1
14170,1
14171,2
14172,1
14173,2
14174,2
14175,3
14176,1
14177,0
14178,0
14179,1
14180,0
14181,1
14182,1
14183,2
14184,0
14185,1
14186,1
14187,2
14188,1
14189,2
14190,2
14191,3
14192,0
14193,1
14194,1
14195,2
14196,1
14197,2
14198,2
14199,3
14200,1
14201,2
14202,2
14203,3
14204,2
14205,3
14206,3
14207,4
14208,2
14209,1
14210,1
14211,0
14212,1
14213,0
14214,0
14215,1
14216,1
14217,0
14218,0
14219,1
14220,0
14221,1
14222,1
14223,2
14224,1
14225,0
14226,0
14227,1
14228,0
14229,1
14230,1
14231,2
14232,0
14233,1
14234,1
14235,2
14236,1
14237,2
14238,2
14239,3
14240,1
14241,0
14242,0
14243,1
14244,0
14245,1
14246,1
14247,2
14248,0
14249,1
14250,1
14251,2
14252,1
14253,2
14254,2
14255,3
14256,0
14257,1
14258,1
14259,2
14260,1
14261,2
14262,2
14263,3
14264,1
14265,2
14266,2
14267,3
14268,2
14269,3
14270,3
14271,4
14272,1
14273,0
14274,0
14275,1
14276,0
14277,1
14278,1
14279,2
14280,0
14281,1
14282,1
14283,2
14284,1
14285,2
14286,2
14287,3
14288,0
14289,1
14290,1
14291,2
14292,1
14293,2
14294,2
14295,3
14296,1
14297,2
14298,2
14299,3
14300,2
14301,3
14302,3
14303,4
14304,0
14305,1
14306,1
14307,2
14308,1
14309,2
14310,2
14311,3
14312,1
14313,2
14314,2
14315,3
14316,2
14317,3
14318,3
14319,4
14320,1
14321,2
14322,2
14323,3
14324,2
14325,3
14326,3
14327,4
14328,2
14329,3
14330,3
14331,4
14332,3
14333,4
14334,4
14335,3
14336,3
14337,4
14338,4
14339,3
14340,4
14341,3
14342,3
14343,2
14344,4
14345,3
14346,3
14347,2
14348,3
14349,2
14350,2
14351,1
14352,4
14353,3
14354,3
14355,2
14356,3
14357,2
14358,2
14359,1
14360,3
14361,2
14362,2
14363,1
14364,2
14365,1
14366,1
14367,0
14368,4
14369,3
14370,3
14371,2
14372,3
14373,2
14374,2
14375,1
14376,3
14377,2
14378,2
14379,1
14380,2
14381,1
14382,1
14383,0
14384,3
14385,2
14386,2
14387,1
14388,2
14389,1
14390,1
14391,0
14392,2
14393,1
14394,1
14395,0
14396,1
14397,0
14398,0
14399,1
14400,4
14401,3
14402,3
14403,2
14404,3
14405,2
14406,2
14407,1
14408,3
14409,2
14410,2
14411,1
14412,2
14413,1
14414,1
14415,0
14416,3
14417,2
14418,2
14419,1
14420,2
14421,1
14422,1
14423,0
14424,2
14425,1
14426,1
14427,0
14428,1
14429,0
14430,0
14431,1
14432,3
14433,2
14434,2
14435,1
14436,2
14437,1
14438,1
14439,0
14440,2
14441,1
14442,1
14443,0
14444,1
14445,0
14446,0
14447,1
14448,2
14449,1
14450,1
14451,0
14452,1
14453,0
14454,0
14455,1
14456,1
14457,0
14458,0
14459,1
14460,0
14461,1
14462,1
14463,2
14464,4
14465,3
14466,3
14467,2
14468,3
14469,2
14470,2
14471,1
14472,3
14473,2
14474,2
14475,1
14476,2
14477,1
14478,1
14479,0
14480,3
14481,2
14482,2
14483,1
14484,2
14485,1
14486,1
14487,0
14488,2
14489,1
14490,1
14491,0
14492,1
14493,0
14494,0
14495,1
14496,3
14497,2
14498,2
14499,1
14500,2
14501,1
14502,1
14503,0
14504,2
14505,1
14506,1
14507,0
14508,1
14509,0
14510,0
14511,1
14512,2
14513,1
14514,1
14515,0
14516,1
14517,0
14518,0
14519,1
14520,1
14521,0
14522,0
14523,1
14524,0
14525,1
14526,1
14527,2
14528,3
14529,2
14530,2
14531,1
14532,2
14533,1
14534,1
14535,0
14536,2
14537,1
14538,1
14539,0
14540,1
14541,0
14542,0
14543,1
14544,2
14545,1
14546,1
14547,0
14548,1
14549,0
14550,0
14551,1
14552,1
14553,0
14554,0
14555,1
14556,0
14557,1
14558,1
14559,2
14560,2
14561,1
14562,1
14563,0
14564,1
14565,0
14566,0
14567,1
14568,1
14569,0
14570,0
14571,1
14572,0
14573,1
14574,1
14575,2
14576,1
14577,0
14578,0
14579,1
14580,0
14581,1
14582,1
14583,2
14584,0
14585,1
14586,1
14587,2
14588,1
14589,2
14590,2
14591,3
14592,4
14593,3
14594,3
14595,2
14596,3
14597,2
14598,2
14599,1
14600,3
14601,2
14602,2
14603,1
14604,2
14605,1
14606,1
14607,0
14608,3
14609,2
14610,2
14611,1
14612,2
14613,1
14614,1
14615,0
14616,2
14617,1
14618,1
14619,0
14620,1
14621,0
14622,0
14623,1
14624,3
14625,2
14626,2
14627,1
14628,2
14629,1
14630,1
14631,0
14632,2
14633,1
14634,1
14635,0
14636,1
14637,0
14638,0
14639,1
14640,2
14641,1
14642,1
14643,0
14644,1
14645,0
14646,0
14647,1
14648,1
14649,0
14650,0
14651,1
14652,0
14653,1
14654,1
14655,2
14656,3
14657,2
14658,2
14659,1
14660,2
14661,1
14662,1
14663,0
14664,2
14665,1
14666,1
14667,0
14668,1
14669,0
14670,0
14671,1
14672,2
14673,1
14674,1
14675,0
14676,1
14677,0
14678,0
14679,1
14680,1
14681,0
14682,0
14683,1
14684,0
14685,1
14686,1
14687,2
14688,2
14689,1
14690,1
14691,0
14692,1
14693,0
14694,0
14695,1
14696,1
14697,0
14698,0
14699,1
14700,0
14701,1
14702,1
14703,2
14704,1
14705,0
14706,0
14707,1
14708,0
14709,1
14710,1
14711,2
14712,0
14713,1
14714,1
14715,2
14716,1
14717,2
14718,2
14719,3
14720,3
14721,2
14722,2
14723,1
14724,2
14725,1
14726,1
14727,0
14728,2
14729,1
14730,1
14731,0
14732,1
14733,0
14734,0
14735,1
14736,2
14737,1
14738,1
14739,0
14740,1
14741,0
14742,0
14743,1
14744,1
14745,0
14746,0
14747,1
14748,0
14749,1
14750,1
14751,2
14752,2
14753,1
14754,1
14755,0
14756,1
14757,0
14758,0
14759,1
14760,1
14761,0
14762,0
14763,1
14764,0
14765,1
14766,1
14767,2
14768,1
14769,0
14770,0
14771,1
14772,0
14773,1
14774,1
14775,2
14776,0
14777,1
14778,1
14779,2
14780,1
14781,2
14782,2
14783,3
14784,2
14785,1
14786,1
14787,0
14788,1
14789,0
14790,0
14791,1
14792,1
14793,0
14794,0
14795,1
14796,0
14797,1
14798,1
14799,2
14800,1
14801,0
14802,0
14803,1
14804,0
14805,1
14806,1
14807,2
14808,0
14809,1
14810,1
14811,2
14812,1
14813,2
14814,2
14815,3
14816,1
14817,0
14818,0
14819,1
14820,0
14821,1
14822,1
14823,2
14824,0
14825,1
14826,1
14827,2
14828,1
14829,2
14830,2
14831,3
14832,0
14833,1
14834,1
14835,2
14836,1
14837,2
14838,2
14839,3
14840,1
14841,2
14842,2
14843,3
14844,2
14845,3
14846,3
14847,4
14848,4
14849,3
14850,3
14851,2
14852,3
14853,2
14854,2
14855,1
14856,3
14857,2
14858,2
14859,1
14860,2
14861,1
14862,1
14863,0
14864,3
14865,2
14866,2
14867,1
14868,2
14869,1
14870,1
14871,0
14872,2
14873,1
14874,1
14875,0
14876,1
14877,0
14878,0
14879,1
14880,3
14881,2
14882,2
14883,1
14884,2
14885,1
14886,1
14887,0
14888,2
14889,1
14890,1
14891,0
14892,1
14893,0
14894,0
14895,1
14896,2
14897,1
14898,1
14899,0
14900,1
14901,0
14902,0
14903,1
14904,1
14905,0
14906,0
14907,1
14908,0
14909,1
14910,1
14911,2
14912,3
14913,2
14914,2
14915,1
14916,2
14917,1
14918,1
14919,0
14920,2
14921,1
14922,1
14923,0
14924,1
14925,0
14926,0
14927,1
14928,2
14929,1
14930,1
14931,0
14932,1
14933,0
14934,0
14935,1
14936,1
14937,0
14938,0
14939,1
14940,0
14941,1
14942,1
14943,2
14944,2
14945,1
14946,1
14947,0
14948,1
14949,0
14950,0
14951,1
14952,1
14953,0
14954,0
14955,1
14956,0
14957,1
14958,1
14959,2
14960,1
14961,0
14962,0
14963,1
14964,0
14965,1
14966,1
14967,2
14968,0
14969,1
14970,1
14971,2
14972,1
14973,2
14974,2
14975,3
14976,3
14977,2
14978,2
14979,1
14980,2
14981,1
14982,1
14983,0
14984,2
14985,1
14986,1
14987,0
14988,1
14989,0
14990,0
14991,1
14992,2
14993,1
14994,1
14995,0
14996,1
14997,0
14998,0
14999,1
15000,1
15001,0
15002,0
15003,1
15004,0
15005,1
15006,1
15007,2
15008,2
15009,1
15010,1
15011,0
15012,1
15013,0
15014,0
15015,1
15016,1
15017,0
15018,0
15019,1
15020,0
15021,1
15022,1
15023,2
15024,1
15025,0
15026,0
15027,1
15028,0
15029,1
15030,1
15031,2
15032,0
15033,1
15034,1
15035,2
15036,1
15037,2
15038,2
15039,3
15040,2
15041,1
15042,1
15043,0
15044,1
15045,0
15046,0
15047,1
15048,1
15049,0
15050,0
15051,1
15052,0
15053,1
15054,1
15055,2
15056,1
15057,0
15058,0
15059,1
15060,0
15061,1
15062,1
15063,2
15064,0
15065,1
15066,1
15067,2
15068,1
15069,2
15070,2
15071,3
15072,1
15073,0
15074,0
15075,1
15076,0
15077,1
15078,1
15079,2
15080,0
15081,1
15082,1
15083,2
15084,1
15085,2
15086,2
15087,3
15088,0
15089,1
15090,1
15091,2
15092,1
15093,2
15094,2
15095,3
15096,1
15097,2
15098,2
15099,3
15100,2
15101,3
15102,3
15103,4
15104,3
15105,2
15106,2
15107,1
15108,2
15109,1
15110,1
15111,0
15112,2
15113,1
15114,1
15115,0
15116,1
15117,0
15118,0
15119,1
15120,2
15121,1
15122,1
15123,0
15124,1
15125,0
15126,0
15127,1
15128,1
15129,0
15130,0
15131,1
15132,0
15133,1
15134,1
15135,2
15136,2
15137,1
15138,1
15139,0
15140,1
15141,0
15142,0
15143,1
15144,1
15145,0
15146,0
15147,1
15148,0
15149,1
15150,1
15151,2
15152,1
15153,0
15154,0
15155,1
15156,0
15157,1
15158,1
15159,2
15160,0
15161,1
15162,1
15163,2
15164,1
15165,2
15166,2
15167,3
15168,2
15169,1
15170,1
15171,0
15172,1
15173,0
15174,0
15175,1
15176,1
15177,0
15178,0
15179,1
15180,0
15181,1
15182,1
15183,2
15184,1
15185,0
15186,0
15187,1
15188,0
15189,1
15190,1
15191,2
15192,0
15193,1
15194,1
15195,2
15196,1
15197,2
15198,2
15199,3
15200,1
15201,0
15202,0
15203,1
15204,0
15205,1
15206,1
15207,2
15208,0
15209,1
15210,1
15211,2
15212,1
15213,2
15214,2
15215,3
15216,0
15217,1
15218,1
15219,2
15220,1
15221,2
15222,2
15223,3
15224,1
15225,2
15226,2
15227,3
15228,2
15229,3
15230,3
15231,4
15232,2
15233,1
15234,1
15235,0
15236,1
15237,0
15238,0
15239,1
15240,1
15241,0
15242,0
15243,1
15244,0
15245,1
15246,1
15247,2
15248,1
15249,0
15250,0
15251,1
15252,0
15253,1
15254,1
15255,2
15256,0
15257,1
15258,1
15259,2
15260,1
15261,2
15262,2
15263,3
15264,1
15265,0
15266,0
15267,1
15268,0
15269,1
15270,1
15271,2
15272,0
15273,1
15274,1
15275,2
15276,1
15277,2
15278,2
15279,3
15280,0
15281,1
15282,1
15283,2
15284,1
15285,2
15286,2
15287,3
15288,1
15289,2
15290,2
15291,3
15292,2
15293,3
15294,3
15295,4
15296,1
15297,0
15298,0
15299,1
15300,0
15301,1
15302,1
15303,2
15304,0
15305,1
15306,1
15307,2
15308,1
15309,2
15310,2
15311,3
15312,0
15313,1
15314,1
15315,2
15316,1
15317,2
15318,2
15319,3
15320,1
15321,2
15322,2
15323,3
15324,2
15325,3
15326,3
15327,4
15328,0
15329,1
15330,1
15331,2
15332,1
15333,2
15334,2
15335,3
15336,1
15337,2
15338,2
15339,3
15340,2
15341,3
15342,3
15343,4
15344,1
15345,2
15346,2
15347,3
15348,2
15349,3
15350,3
15351,4
15352,2
15353,3
15354,3
15355,4
15356,3
15357,4
15358,4
15359,3
15360,4
15361,3
15362,3
15363,2
15364,3
15365,2
15366,2
15367,1
15368,3
15369,2
15370,2
15371,1
15372,2
15373,1
15374,1
15375,0
15376,3
15377,2
15378,2
15379,1
15380,2
15381,1
15382,1
15383,0
15384,2
15385,1
15386,1
15387,0
15388,1
15389,0
15390,0
15391,1
15392,3
15393,2
15394,2
15395,1
15396,2
15397,1
15398,1
15399,0
15400,2
15401,1
15402,1
15403,0
15404,1
15405,0
15406,0
15407,1
15408,2
15409,1
15410,1
15411,0
15412,1
15413,0
15414,0
15415,1
15416,1
15417,0
15418,0
15419,1
15420,0
15421,1
15422,1
15423,2
15424,3
15425,2
15426,2
15427,1
15428,2
15429,1
15430,1
15431,0
15432,2
15433,1
15434,1
15435,0
15436,1
15437,0
15438,0
15439,1
15440,2
15441,1
15442,1
15443,0
15444,1
15445,0
15446,0
15447,1
15448,1
15449,0
15450,0
15451,1
15452,0
15453,1
15454,1
15455,2
15456,2
15457,1
15458,1
15459,0
15460,1
15461,0
15462,0
15463,1
15464,1
15465,0
15466,0
15467,1
15468,0
15469,1
15470,1
15471,2
15472,1
15473,0
15474,0
15475,1
15476,0
15477,1
15478,1
15479,2
15480,0
15481,1
15482,1
15483,2
15484,1
15485,2
15486,2
15487,3
15488,3
15489,2
15490,2
15491,1
15492,2
15493,1
15494,1
15495,0
15496,2
15497,1
15498,1
15499,0
15500,1
15501,0
15502,0
15503,1
15504,2
15505,1
15506,1
15507,0
15508,1
15509,0
15510,0
15511,1
15512,1
15513,0
15514,0
15515,1
15516,0
15517,1
15518,1
15519,2
15520,2
15521,1
15522,1
15523,0
15524,1
15525,0
15526,0
15527,1
15528,1
15529,0
15530,0
15531,1
15532,0
15533,1
15534,1
15535,2
15536,1
15537,0
15538,0
15539,1
15540,0
15541,1
15542,1
15543,2
15544,0
15545,1
15546,1
15547,2
15548,1
15549,2
15550,2
15551,3
15552,2
15553,1
15554,1
15555,0
15556,1
15557,0
15558,0
15559,1
15560,1
15561,0
15562,0
15563,1
15564,0
15565,1
15566,1
15567,2
15568,1
15569,0
15570,0
15571,1
15572,0
15573,1
15574,1
15575,2
15576,0
15577,1
15578,1
15579,2
15580,1
15581,2
15582,2
15583,3
15584,1
15585,0
15586,0
15587,1
15588,0
15589,1
15590,1
15591,2
15592,0
15593,1
15594,1
15595,2
15596,1
15597,2
15598,2
15599,3
15600,0
15601,1
15602,1
15603,2
15604,1
15605,2
15606,2
15607,3
15608,1
15609,2
15610,2
15611,3
15612,2
15613,3
15614,3
15615,4
15616,3
15617,2
15618,2
15619,1
15620,2
15621,1
15622,1
15623,0
15624,2
15625,1
15626,1
15627,0
15628,1
15629,0
15630,0
15631,1
15632,2
15633,1
15634,1
15635,0
15636,1
15637,0
15638,0
15639,1
15640,1
15641,0
15642,0
15643,1
15644,0
15645,1
15646,1
15647,2
15648,2
15649,1
15650,1
15651,0
15652,1
15653,0
15654,0
15655,1
15656,1
15657,0
15658,0
15659,1
15660,0
15661,1
15662,1
15663,2
15664,1
15665,0
15666,0
15667,1
15668,0
15669,1
15670,1
15671,2
15672,0
15673,1
15674,1
15675,2
15676,1
15677,2
15678,2
15679,3
15680,2
15681,1
15682,1
15683,0
15684,1
15685,0
15686,0
15687,1
15688,1
15689,0
15690,0
15691,1
15692,0
15693,1
15694,1
15695,2
15696,1
15697,0
15698,0
15699,1
15700,0
15701,1
15702,1
15703,2
15704,0
15705,1
15706,1
15707,2
15708,1
15709,2
15710,2
15711,3
15712,1
15713,0
15714,0
15715,1
15716,0
15717,1
15718,1
15719,2
15720,0
15721,1
15722,1
15723,2
15724,1
15725,2
15726,2
15727,3
15728,0
15729,1
15730,1
15731,2
15732,1
15733,2
15734,2
15735,3
15736,1
15737,2
15738,2
15739,3
15740,2
15741,3
15742,3
15743,4
15744,2
15745,1
15746,1
15747,0
15748,1
15749,0
15750,0
15751,1
15752,1
15753,0
15754,0
15755,1
15756,0
15757,1
15758,1
15759,2
15760,1
15761,0
15762,0
15763,1
15764,0
15765,1
15766,1
15767,2
15768,0
15769,1
15770,1
15771,2
15772,1
15773,2
15774,2
15775,3
15776,1
15777,0
15778,0
15779,1
15780,0
15781,1
15782,1
15783,2
15784,0
15785,1
15786,1
15787,2
15788,1
15789,2
15790,2
15791,3
15792,0
15793,1
15794,1
15795,2
15796,1
15797,2
15798,2
15799,3
15800,1
15801,2
15802,2
15803,3
15804,2
15805,3
15806,3
15807,4
15808,1
15809,0
15810,0
15811,1
15812,0
15813,1
15814,1
15815,2
15816,0
15817,1
15818,1
15819,2
15820,1
15821,2
15822,2
15823,3
15824,0
15825,1
15826,1
15827,2
15828,1
15829,2
15830,2
15831,3
15832,1
15833,2
15834,2
15835,3
15836,2
15837,3
15838,3
15839,4
15840,0
15841,1
15842,1
15843,2
15844,1
15845,2
15846,2
15847,3
15848,1
15849,2
15850,2
15851,3
15852,2
15853,3
15854,3
15855,4
15856,1
15857,2
15858,2
15859,3
15860,2
15861,3
15862,3
15863,4
15864,2
15865,3
15866,3
15867,4
15868,3
15869,4
15870,4
15871,3
15872,3
15873,2
15874,2
15875,1
15876,2
15877,1
15878,1
15879,0
15880,2
15881,1
15882,1
15883,0
15884,1
15885,0
15886,0
15887,1
15888,2
15889,1
15890,1
15891,0
15892,1
15893,0
15894,0
15895,1
15896,1
15897,0
15898,0
15899,1
15900,0
15901,1
15902,1
15903,2
15904,2
15905,1
15906,1
15907,0
15908,1
15909,0
15910,0
15911,1
15912,1
15913,0
15914,0
15915,1
15916,0
15917,1
15918,1
15919,2
15920,1
15921,0
15922,0
15923,1
15924,0
15925,1
15926,1
15927,2
15928,0
15929,1
15930,1
15931,2
15932,1
15933,2
15934,2
15935,3
15936,2
15937,1
15938,1
15939,0
15940,1
15941,0
15942,0
15943,1
15944,1
15945,0
15946,0
15947,1
15948,0
15949,1
15950,1
15951,2
15952,1
15953,0
15954,0
15955,1
15956,0
15957,1
15958,1
15959,2
15960,0
15961,1
15962,1
15963,2
15964,1
15965,2
15966,2
15967,3
15968,1
15969,0
15970,0
15971,1
15972,0
15973,1
15974,1
15975,2
15976,0
15977,1
15978,1
15979,2
15980,1
15981,2
15982,2
15983,3
15984,0
15985,1
15986,1
15987,2
15988,1
15989,2
15990,2
15991,3
15992,1
15993,2
15994,2
15995,3
15996,2
15997,3
15998,3
15999,4
16000,2
16001,1
16002,1
16003,0
16004,1
16005,0
16006,0
16007,1
16008,1
16009,0
16010,0
16011,1
16012,0
16013,1
16014,1
16015,2
16016,1
16017,0
16018,0
16019,1
16020,0
16021,1
16022,1
16023,2
16024,0
16025,1
16026,1
16027,2
16028,1
16029,2
16030,2
16031,3
16032,1
16033,0
16034,0
16035,1
16036,0
16037,1
16038,1
16039,2
16040,0
16041,1
16042,1
16043,2
16044,1
16045,2
16046,2
16047,3
16048,0
16049,1
16050,1
16051,2
16052,1
16053,2
16054,2
16055,3
16056,1
16057,2
16058,2
16059,3
16060,2
16061,3
16062,3
16063,4
16064,1
16065,0
16066,0
16067,1
16068,0
16069,1
16070,1
16071,2
16072,0
16073,1
16074,1
16075,2
16076,1
16077,2
16078,2
16079,3
16080,0
16081,1
16082,1
16083,2
16084,1
16085,2
16086,2
16087,3
16088,1
16089,2
16090,2
16091,3
16092,2
16093,3
16094,3
16095,4
16096,0
16097,1
16098,1
16099,2
16100,1
16101,2
16102,2
16103,3
16104,1
16105,2
16106,2
16107,3
16108,2
16109,3
16110,3
16111,4
16112,1
16113,2
16114,2
16115,3
16116,2
16117,3
16118,3
16119,4
16120,2
16121,3
16122,3
16123,4
16124,3
16125,4
16126,4
16127,3
16128,2
16129,1
16130,1
16131,0
16132,1
16133,0
16134,0
16135,1
16136,1
16137,0
16138,0
16139,1
16140,0
16141,1
16142,1
16143,2
16144,1
16145,0
16146,0
16147,1
16148,0
16149,1
16150,1
16151,2
16152,0
16153,1
16154,1
16155,2
16156,1
16157,2
16158,2
16159,3
16160,1
16161,0
16162,0
16163,1
16164,0
16165,1
16166,1
16167,2
16168,0
16169,1
16170,1
16171,2
16172,1
16173,2
16174,2
16175,3
16176,0
16177,1
16178,1
16179,2
16180,1
16181,2
16182,2
16183,3
16184,1
16185,2
16186,2
16187,3
16188,2
16189,3
16190,3
16191,4
16192,1
16193,0
16194,0
16195,1
16196,0
16197,1
16198,1
16199,2
16200,0
16201,1
16202,1
16203,2
16204,1
16205,2
16206,2
16207,3
16208,0
16209,1
16210,1
16211,2
16212,1
16213,2
16214,2
16215,3
16216,1
16217,2
16218,2
16219,3
16220,2
16221,3
16222,3
16223,4
16224,0
16225,1
16226,1
16227,2
16228,1
16229,2
16230,2
16231,3
16232,1
16233,2
16234,2
16235,3
16236,2
16237,3
16238,3
16239,4
16240,1
16241,2
16242,2
16243,3
16244,2
16245,3
16246,3
16247,4
16248,2
16249,3
16250,3
16251,4
16252,3
16253,4
16254,4
16255,3
16256,1
16257,0
16258,0
16259,1
16260,0
16261,1
16262,1
16263,2
16264,0
16265,1
16266,1
16267,2
16268,1
16269,2
16270,2
16271,3
16272,0
16273,1
16274,1
16275,2
16276,1
16277,2
16278,2
16279,3
16280,1
16281,2
16282,2
16283,3
16284,2
16285,3
16286,3
16287,4
16288,0
16289,1
16290,1
16291,2
16292,1
16293,2
16294,2
16295,3
16296,1
16297,2
16298,2
16299,3
16300,2
16301,3
16302,3
16303,4
16304,1
16305,2
16306,2
16307,3
16308,2
16309,3
16310,3
16311,4
16312,2
16313,3
16314,3
16315,4
16316,3
16317,4
16318,4
16319,3
16320,0
16321,1
16322,1
16323,2
16324,1
16325,2
16326,2
16327,3
16328,1
16329,2
16330,2
16331,3
16332,2
16333,3
16334,3
16335,4
16336,1
16337,2
16338,2
16339,3
16340,2
16341,3
16342,3
16343,4
16344,2
16345,3
16346,3
16347,4
16348,3
16349,4
16350,4
16351,3
16352,1
16353,2
16354,2
16355,3
16356,2
16357,3
16358,3
16359,4
16360,2
16361,3
16362,3
16363,4
16364,3
16365,4
16366,4
16367,3
16368,2
16369,3
16370,3
16371,4
16372,3
16373,4
16374,4
16375,3
16376,3
16377,4
16378,4
16379,3
16380,4
16381,3
16382,3
16383,2
16384,1
16385,2
16386,2
16387,3
16388,2
16389,3
16390,3
16391,4
16392,2
16393,3
16394,3
16395,4
16396,3
16397,4
16398,4
16399,3
16400,2
16401,3
16402,3
16403,4
16404,3
16405,4
16406,4
16407,3
16408,3
16409,4
16410,4
16411,3
16412,4
16413,3
16414,3
16415,2
16416,2
16417,3
16418,3
16419,4
16420,3
16421,4
16422,4
16423,3
16424,3
16425,4
16426,4
16427,3
16428,4
16429,3
16430,3
16431,2
16432,3
16433,4
16434,4
16435,3
16436,4
16437,3
16438,3
16439,2
16440,4
16441,3
16442,3
16443,2
16444,3
16445,2
16446,2
16447,1
16448,2
16449,3
16450,3
16451,4
16452,3
16453,4
16454,4
16455,3
16456,3
16457,4
16458,4
16459,3
16460,4
16461,3
16462,3
16463,2
16464,3
16465,4
16466,4
16467,3
16468,4
16469,3
16470,3
16471,2
16472,4
16473,3
16474,3
16475,2
16476,3
16477,2
16478,2
16479,1
16480,3
16481,4
16482,4
16483,3
16484,4
16485,3
16486,3
16487,2
16488,4
16489,3
16490,3
16491,2
16492,3
16493,2
16494,2
16495,1
16496,4
16497,3
16498,3
16499,2
16500,3
16501,2
16502,2
16503,1
16504,3
16505,2
16506,2
16507,1
16508,2
16509,1
16510,1
16511,0
16512,2
16513,3
16514,3
16515,4
16516,3
16517,4
16518,4
16519,3
16520,3
16521,4
16522,4
16523,3
16524,4
16525,3
16526,3
16527,2
16528,3
16529,4
16530,4
16531,3
16532,4
16533,3
16534,3
16535,2
16536,4
16537,3
16538,3
16539,2
16540,3
16541,2
16542,2
16543,1
16544,3
16545,4
16546,4
16547,3
16548,4
16549,3
16550,3
16551,2
16552,4
16553,3
16554,3
16555,2
16556,3
16557,2
16558,2
16559,1
16560,4
16561,3
16562,3
16563,2
16564,3
16565,2
16566,2
16567,1
16568,3
16569,2
16570,2
16571,1
16572,2
16573,1
16574,1
16575,0
16576,3
16577,4
16578,4
16579,3
16580,4
16581,3
16582,3
16583,2
16584,4
16585,3
16586,3
16587,2
16588,3
16589,2
16590,2
16591,1
16592,4
16593,3
16594,3
16595,2
16596,3
16597,2
16598,2
16599,1
16600,3
16601,2
16602,2
16603,1
16604,2
16605,1
16606,1
16607,0
16608,4
16609,3
16610,3
16611,2
16612,3
16613,2
16614,2
16615,1
16616,3
16617,2
16618,2
16619,1
16620,2
16621,1
16622,1
16623,0
16624,3
16625,2
16626,2
16627,1
16628,2
16629,1
16630,1
16631,0
16632,2
16633,1
16634,1
16635,0
16636,1
16637,0
16638,0
16639,1
16640,2
16641,3
16642,3
16643,4
16644,3
16645,4
16646,4
16647,3
16648,3
16649,4
16650,4
16651,3
16652,4
16653,3
16654,3
16655,2
16656,3
16657,4
16658,4
16659,3
16660,4
16661,3
16662,3
16663,2
16664,4
16665,3
16666,3
16667,2
16668,3
16669,2
16670,2
16671,1
16672,3
16673,4
16674,4
16675,3
16676,4
16677,3
16678,3
16679,2
16680,4
16681,3
16682,3
16683,2
16684,3
16685,2
16686,2
16687,1
16688,4
16689,3
16690,3
16691,2
16692,3
16693,2
16694,2
16695,1
16696,3
16697,2
16698,2
16699,1
16700,2
16701,1
16702,1
16703,0
16704,3
16705,4
16706,4
16707,3
16708,4
16709,3
16710,3
16711,2
16712,4
16713,3
16714,3
16715,2
16716,3
16717,2
16718,2
16719,1
16720,4
16721,3
16722,3
16723,2
16724,3
16725,2
16726,2
16727,1
16728,3
16729,2
16730,2
16731,1
16732,2
16733,1
16734,1
16735,0
16736,4
16737,3
16738,3
16739,2
16740,3
16741,2
16742,2
16743,1
16744,3
16745,2
16746,2
16747,1
16748,2
16749,1
16750,1
16751,0
16752,3
16753,2
16754,2
16755,1
16756,2
16757,1
16758,1
16759,0
16760,2
16761,1
16762,1
16763,0
16764,1
16765,0
16766,0
16767,1
16768,3
16769,4
16770,4
16771,3
16772,4
16773,3
16774,3
16775,2
16776,4
16777,3
16778,3
16779,2
16780,3
16781,2
16782,2
16783,1
16784,4
16785,3
16786,3
16787,2
16788,3
16789,2
16790,2
16791,1
16792,3
16793,2
16794,2
16795,1
16796,2
16797,1
16798,1
16799,0
16800,4
16801,3
16802,3
16803,2
16804,3
16805,2
16806,2
16807,1
16808,3
16809,2
16810,2
16811,1
16812,2
16813,1
16814,1
16815,0
16816,3
16817,2
16818,2
16819,1
16820,2
16821,1
16822,1
16823,0
16824,2
16825,1
16826,1
16827,0
16828,1
16829,0
16830,0
16831,1
16832,4
16833,3
16834,3
16835,2
16836,3
16837,2
16838,2
16839,1
16840,3
16841,2
16842,2
16843,1
16844,2
16845,1
16846,1
16847,0
16848,3
16849,2
16850,2
16851,1
16852,2
16853,1
16854,1
16855,0
16856,2
16857,1
16858,1
16859,0
16860,1
16861,0
16862,0
16863,1
16864,3
16865,2
16866,2
16867,1
16868,2
16869,1
16870,1
16871,0
16872,2
16873,1
16874,1
16875,0
16876,1
16877,0
16878,0
16879,1
16880,2
16881,1
16882,1
16883,0
16884,1
16885,0
16886,0
16887,1
16888,1
16889,0
16890,0
16891,1
16892,0
16893,1
16894,1
16895,2
16896,2
16897,3
16898,3
16899,4
16900,3
16901,4
16902,4
16903,3
16904,3
16905,4
16906,4
16907,3
16908,4
16909,3
16910,3
16911,2
16912,3
16913,4
16914,4
16915,3
16916,4
16917,3
16918,3
16919,2
16920,4
16921,3
16922,3
16923,2
16924,3
16925,2
16926,2
16927,1
16928,3
16929,4
16930,4
16931,3
16932,4
16933,3
16934,3
16935,2
16936,4
16937,3
16938,3
16939,2
16940,3
16941,2
16942,2
16943,1
16944,4
16945,3
16946,3
16947,2
16948,3
16949,2
16950,2
16951,1
16952,3
16953,2
16954,2
16955,1
16956,2
16957,1
16958,1
16959,0
16960,3
16961,4
16962,4
16963,3
16964,4
16965,3
16966,3
16967,2
16968,4
16969,3
16970,3
16971,2
16972,3
16973,2
16974,2
16975,1
16976,4
16977,3
16978,3
16979,2
16980,3
16981,2
16982,2
16983,1
16984,3
16985,2
16986,2
16987,1
16988,2
16989,1
16990,1
16991,0
16992,4
16993,3
16994,3
16995,2
16996,3
16997,2
16998,2
16999,1
17000,3
17001,2
17002,2
17003,1
17004,2
17005,1
17006,1
17007,0
17008,3
17009,2
17010,2
17011,1
17012,2
17013,1
17014,1
17015,0
17016,2
17017,1
17018,1
17019,0
17020,1
17021,0
17022,0
17023,1
17024,3
17025,4
17026,4
17027,3
17028,4
17029,3
17030,3
17031,2
17032,4
17033,3
17034,3
17035,2
17036,3
17037,2
17038,2
17039,1
17040,4
17041,3
17042,3
17043,2
17044,3
17045,2
17046,2
17047,1
17048,3
17049,2
17050,2
17051,1
17052,2
17053,1
17054,1
17055,0
17056,4
17057,3
17058,3
17059,2
17060,3
17061,2
17062,2
17063,1
17064,3
17065,2
17066,2
17067,1
17068,2
17069,1
17070,1
17071,0
17072,3
17073,2
17074,2
17075,1
17076,2
17077,1
17078,1
17079,0
17080,2
17081,1
17082,1
17083,0
17084,1
17085,0
17086,0
17087,1
17088,4
17089,3
17090,3
17091,2
17092,3
17093,2
17094,2
17095,1
17096,3
17097,2
17098,2
17099,1
17100,2
17101,1
17102,1
17103,0
17104,3
17105,2
17106,2
17107,1
17108,2
17109,1
17110,1
17111,0
17112,2
17113,1
17114,1
17115,0
17116,1
17117,0
17118,0
17119,1
17120,3
17121,2
17122,2
17123,1
17124,2
17125,1
17126,1
17127,0
17128,2
17129,1
17130,1
17131,0
17132,1
17133,0
17134,0
17135,1
17136,2
17137,1
17138,1
17139,0
17140,1
17141,0
17142,0
17143,1
17144,1
17145,0
17146,0
17147,1
17148,0
17149,1
17150,1
17151,2
17152,3
17153,4
17154,4
17155,3
17156,4
17157,3
17158,3
17159,2
17160,4
17161,3
17162,3
17163,2
17164,3
17165,2
17166,2
17167,1
17168,4
17169,3
17170,3
17171,2
17172,3
17173,2
17174,2
17175,1
17176,3
17177,2
17178,2
17179,1
17180,2
17181,1
17182,1
17183,0
17184,4
17185,3
17186,3
17187,2
17188,3
17189,2
17190,2
17191,1
17192,3
17193,2
17194,2
17195,1
17196,2
17197,1
17198,1
17199,0
17200,3
17201,2
17202,2
17203,1
17204,2
17205,1
17206,1
17207,0
17208,2
17209,1
17210,1
17211,0
17212,1
17213,0
17214,0
17215,1
17216,4
17217,3
17218,3
17219,2
17220,3
17221,2
17222,2
17223,1
17224,3
17225,2
17226,2
17227,1
17228,2
17229,1
17230,1
17231,0
17232,3
17233,2
17234,2
17235,1
17236,2
17237,1
17238,1
17239,0
17240,2
17241,1
17242,1
17243,0
17244,1
17245,0
17246,0
17247,1
17248,3
17249,2
17250,2
17251,1
17252,2
17253,1
17254,1
17255,0
17256,2
17257,1
17258,1
17259,0
17260,1
17261,0
17262,0
17263,1
17264,2
17265,1
17266,1
17267,0
17268,1
17269,0
17270,0
17271,1
17272,1
17273,0
17274,0
17275,1
17276,0
17277,1
17278,1
17279,2
17280,4
17281,3
17282,3
17283,2
17284,3
17285,2
17286,2
17287,1
17288,3
17289,2
17290,2
17291,1
17292,2
17293,1
17294,1
17295,0
17296,3
17297,2
17298,2
17299,1
17300,2
17301,1
17302,1
17303,0
17304,2
17305,1
17306,1
17307,0
17308,1
17309,0
17310,0
17311,1
17312,3
17313,2
17314,2
17315,1
17316,2
17317,1
17318,1
17319,0
17320,2
17321,1
17322,1
17323,0
17324,1
17325,0
17326,0
17327,1
17328,2
17329,1
17330,1
17331,0
17332,1
17333,0
17334,0
17335,1
17336,1
17337,0
17338,0
17339,1
17340,0
17341,1
17342,1
17343,2
17344,3
17345,2
17346,2
17347,1
17348,2
17349,1
17350,1
17351,0
17352,2
17353,1
17354,1
17355,0
17356,1
17357,0
17358,0
17359,1
17360,2
17361,1
17362,1
17363,0
17364,1
17365,0
17366,0
17367,1
17368,1
17369,0
17370,0
17371,1
17372,0
17373,1
17374,1
17375,2
17376,2
17377,1
17378,1
17379,0
17380,1
17381,0
17382,0
17383,1
17384,1
17385,0
17386,0
17387,1
17388,0
17389,1
17390,1
17391,2
17392,1
17393,0
17394,0
17395,1
17396,0
17397,1
17398,1
17399,2
17400,0
17401,1
17402,1
17403,2
17404,1
17405,2
17406,2
17407,3
17408,2
17409,3
17410,3
17411,4
17412,3
17413,4
17414,4
17415,3
17416,3
17417,4
17418,4
17419,3
17420,4
17421,3
17422,3
17423,2
17424,3
17425,4
17426,4
17427,3
17428,4
17429,3
17430,3
17431,2
17432,4
17433,3
17434,3
17435,2
17436,3
17437,2
17438,2
17439,1
17440,3
17441,4
17442,4
17443,3
17444,4
17445,3
17446,3
17447,2
17448,4
17449,3
17450,3
17451,2
17452,3
17453,2
17454,2
17455,1
17456,4
17457,3
17458,3
17459,2
17460,3
17461,2
17462,2
17463,1
17464,3
17465,2
17466,2
17467,1
17468,2
17469,1
17470,1
17471,0
17472,3
17473,4
17474,4
17475,3
17476,4
17477,3
17478,3
17479,2
17480,4
17481,3
17482,3
17483,2
17484,3
17485,2
17486,2
17487,1
17488,4
17489,3
17490,3
17491,2
17492,3
17493,2
17494,2
17495,1
17496,3
17497,2
17498,2
17499,1
17500,2
17501,1
17502,1
17503,0
17504,4
17505,3
17506,3
17507,2
17508,3
17509,2
17510,2
17511,1
17512,3
17513,2
17514,2
17515,1
17516,2
17517,1
17518,1
17519,0
17520,3
17521,2
17522,2
17523,1
17524,2
17525,1
17526,1
17527,0
17528,2
17529,1
17530,1
17531,0
17532,1
17533,0
17534,0
17535,1
17536,3
17537,4
17538,4
17539,3
17540,4
17541,3
17542,3
17543,2
17544,4
17545,3
17546,3
17547,2
17548,3
17549,2
17550,2
17551,1
17552,4
17553,3
17554,3
17555,2
17556,3
17557,2
17558,2
17559,1
17560,3
17561,2
17562,2
17563,1
17564,2
17565,1
17566,1
17567,0
17568,4
17569,3
17570,3
17571,2
17572,3
17573,2
17574,2
17575,1
17576,3
17577,2
17578,2
17579,1
17580,2
17581,1
17582,1
17583,0
17584,3
17585,2
17586,2
17587,1
17588,2
17589,1
17590,1
17591,0
17592,2
17593,1
17594,1
17595,0
17596,1
17597,0
17598,0
17599,1
17600,4
17601,3
17602,3
17603,2
17604,3
17605,2
17606,2
17607,1
17608,3
17609,2
17610,2
17611,1
17612,2
17613,1
17614,1
17615,0
17616,3
17617,2
17618,2
17619,1
17620,2
17621,1
17622,1
17623,0
17624,2
17625,1
17626,1
17627,0
17628,1
17629,0
17630,0
17631,1
17632,3
17633,2
17634,2
17635,1
17636,2
17637,1
17638,1
17639,0
17640,2
17641,1
17642,1
17643,0
17644,1
17645,0
17646,0
17647,1
17648,2
17649,1
17650,1
17651,0
17652,1
17653,0
17654,0
17655,1
17656,1
17657,0
17658,0
17659,1
17660,0
17661,1
17662,1
17663,2
17664,3
17665,4
17666,4
17667,3
17668,4
17669,3
17670,3
17671,2
17672,4
17673,3
17674,3
17675,2
17676,3
17677,2
17678,2
17679,1
17680,4
17681,3
17682,3
17683,2
17684,3
17685,2
17686,2
17687,1
17688,3
17689,2
17690,2
17691,1
17692,2
17693,1
17694,1
17695,0
17696,4
17697,3
17698,3
17699,2
17700,3
17701,2
17702,2
17703,1
17704,3
17705,2
17706,2
17707,1
17708,2
17709,1
17710,1
17711,0
17712,3
17713,2
17714,2
17715,1
17716,2
17717,1
17718,1
17719,0
17720,2
17721,1
17722,1
17723,0
17724,1
17725,0
17726,0
17727,1
17728,4
17729,3
17730,3
17731,2
17732,3
17733,2
17734,2
17735,1
17736,3
17737,2
17738,2
17739,1
17740,2
17741,1
17742,1
17743,0
17744,3
17745,2
17746,2
17747,1
17748,2
17749,1
17750,1
17751,0
17752,2
17753,1
17754,1
17755,0
17756,1
17757,0
17758,0
17759,1
17760,3
17761,2
17762,2
17763,1
17764,2
17765,1
17766,1
17767,0
17768,2
17769,1
17770,1
17771,0
17772,1
17773,0
17774,0
17775,1
17776,2
17777,1
17778,1
17779,0
17780,1
17781,0
17782,0
17783,1
17784,1
17785,0
17786,0
17787,1
17788,0
17789,1
17790,1
17791,2
17792,4
17793,3
17794,3
17795,2
17796,3
17797,2
17798,2
17799,1
17800,3
17801,2
17802,2
17803,1
17804,2
17805,1
17806,1
17807,0
17808,3
17809,2
17810,2
17811,1
17812,2
17813,1
17814,1
17815,0
17816,2
17817,1
17818,1
17819,0
17820,1
17821,0
17822,0
17823,1
17824,3
17825,2
17826,2
17827,1
17828,2
17829,1
17830,1
17831,0
17832,2
17833,1
17834,1
17835,0
17836,1
17837,0
17838,0
17839,1
17840,2
17841,1
17842,1
17843,0
17844,1
17845,0
17846,0
17847,1
17848,1
17849,0
17850,0
17851,1
17852,0
17853,1
17854,1
17855,2
17856,3
17857,2
17858,2
17859,1
17860,2
17861,1
17862,1
17863,0
17864,2
17865,1
17866,1
17867,0
17868,1
17869,0
17870,0
17871,1
17872,2
17873,1
17874,1
17875,0
17876,1
17877,0
17878,0
17879,1
17880,1
17881,0
17882,0
17883,1
17884,0
17885,1
17886,1
17887,2
17888,2
17889,1
17890,1
17891,0
17892,1
17893,0
17894,0
17895,1
17896,1
17897,0
17898,0
17899,1
17900,0
17901,1
17902,1
17903,2
17904,1
17905,0
17906,0
17907,1
17908,0
17909,1
17910,1
17911,2
17912,0
17913,1
17914,1
17915,2
17916,1
17917,2
17918,2
17919,3
17920,3
17921,4
17922,4
17923,3
17924,4
17925,3
17926,3
17927,2
17928,4
17929,3
17930,3
17931,2
17932,3
17933,2
17934,2
17935,1
17936,4
17937,3
17938,3
17939,2
17940,3
17941,2
17942,2
17943,1
17944,3
17945,2
17946,2
17947,1
17948,2
17949,1
17950,1
17951,0
17952,4
17953,3
17954,3
17955,2
17956,3
17957,2
17958,2
17959,1
17960,3
17961,2
17962,2
17963,1
17964,2
17965,1
17966,1
17967,0
17968,3
17969,2
17970,2
17971,1
17972,2
17973,1
17974,1
17975,0
17976,2
17977,1
17978,1
17979,0
17980,1
17981,0
17982,0
17983,1
17984,4
17985,3
17986,3
17987,2
17988,3
17989,2
17990,2
17991,1
17992,3
17993,2
17994,2
17995,1
17996,2
17997,1
17998,1
17999,0
18000,3
18001,2
18002,2
18003,1
18004,2
18005,1
18006,1
18007,0
18008,2
18009,1
18010,1
18011,0
18012,1
18013,0
18014,0
18015,1
18016,3
18017,2
18018,2
18019,1
18020,2
18021,1
18022,1
18023,0
18024,2
18025,1
18026,1
18027,0
18028,1
18029,0
18030,0
18031,1
18032,2
18033,1
18034,1
18035,0
18036,1
18037,0
18038,0
18039,1
18040,1
18041,0
18042,0
18043,1
18044,0
18045,1
18046,1
18047,2
18048,4
18049,3
18050,3
18051,2
18052,3
18053,2
18054,2
18055,1
18056,3
18057,2
18058,2
18059,1
18060,2
18061,1
18062,1
18063,0
18064,3
18065,2
18066,2
18067,1
18068,2
18069,1
18070,1
18071,0
18072,2
18073,1
18074,1
18075,0
18076,1
18077,0
18078,0
18079,1
18080,3
18081,2
18082,2
18083,1
18084,2
18085,1
18086,1
18087,0
18088,2
18089,1
18090,1
18091,0
18092,1
18093,0
18094,0
18095,1
18096,2
18097,1
18098,1
18099,0
18100,1
18101,0
18102,0
18103,1
18104,1
18105,0
18106,0
18107,1
18108,0
18109,1
18110,1
18111,2
18112,3
18113,2
18114,2
18115,1
18116,2
18117,1
18118,1
18119,0
18120,2
18121,1
18122,1
18123,0
18124,1
18125,0
18126,0
18127,1
18128,2
18129,1
18130,1
18131,0
18132,1
18133,0
18134,0
18135,1
18136,1
18137,0
18138,0
18139,1
18140,0
18141,1
18142,1
18143,2
18144,2
18145,1
18146,1
18147,0
18148,1
18149,0
18150,0
18151,1
18152,1
18153,0
18154,0
18155,1
18156,0
18157,1
18158,1
18159,2
18160,1
18161,0
18162,0
18163,1
18164,0
18165,1
18166,1
18167,2
18168,0
18169,1
18170,1
18171,2
18172,1
18173,2
18174,2
18175,3
18176,4
18177,3
18178,3
18179,2
18180,3
18181,2
18182,2
18183,1
18184,3
18185,2
18186,2
18187,1
18188,2
18189,1
18190,1
18191,0
18192,3
18193,2
18194,2
18195,1
18196,2
18197,1
18198,1
18199,0
18200,2
18201,1
18202,1
18203,0
18204,1
18205,0
18206,0
18207,1
18208,3
18209,2
18210,2
18211,1
18212,2
18213,1
18214,1
18215,0
18216,2
18217,1
18218,1
18219,0
18220,1
18221,0
18222,0
18223,1
18224,2
18225,1
18226,1
18227,0
18228,1
18229,0
18230,0
18231,1
18232,1
18233,0
18234,0
18235,1
18236,0
18237,1
18238,1
18239,2
18240,3
18241,2
18242,2
18243,1
18244,2
18245,1
18246,1
18247,0
18248,2
18249,1
18250,1
18251,0
18252,1
18253,0
18254,0
18255,1
18256,2
18257,1
18258,1
18259,0
18260,1
18261,0
18262,0
18263,1
18264,1
18265,0
18266,0
18267,1
18268,0
18269,1
18270,1
18271,2
18272,2
18273,1
18274,1
18275,0
18276,1
18277,0
18278,0
18279,1
18280,1
18281,0
18282,0
18283,1
18284,0
18285,1
18286,1
18287,2
18288,1
18289,0
18290,0
18291,1
18292,0
18293,1
18294,1
18295,2
18296,0
18297,1
18298,1
18299,2
18300,1
18301,2
18302,2
18303,3
18304,3
18305,2
18306,2
18307,1
18308,2
18309,1
18310,1
18311,0
18312,2
18313,1
18314,1
18315,0
18316,1
18317,0
18318,0
18319,1
18320,2
18321,1
18322,1
18323,0
18324,1
18325,0
18326,0
18327,1
18328,1
18329,0
18330,0
18331,1
18332,0
18333,1
18334,1
18335,2
18336,2
18337,1
18338,1
18339,0
18340,1
18341,0
18342,0
18343,1
18344,1
18345,0
18346,0
18347,1
18348,0
18349,1
18350,1
18351,2
18352,1
18353,0
18354,0
18355,1
18356,0
18357,1
18358,1
18359,2
18360,0
18361,1
18362,1
18363,2
18364,1
18365,2
18366,2
18367,3
18368,2
18369,1
18370,1
18371,0
18372,1
18373,0
18374,0
18375,1
18376,1
18377,0
18378,0
18379,1
18380,0
18381,1
18382,1
18383,2
18384,1
18385,0
18386,0
18387,1
18388,0
18389,1
18390,1
18391,2
18392,0
18393,1
18394,1
18395,2
18396,1
18397,2
18398,2
18399,3
18400,1
18401,0
18402,0
18403,1
18404,0
18405,1
18406,1
18407,2
18408,0
18409,1
18410,1
18411,2
18412,1
18413,2
18414,2
18415,3
18416,0
18417,1
18418,1
18419,2
18420,1
18421,2
18422,2
18423,3
18424,1
18425,2
18426,2
18427,3
18428,2
18429,3
18430,3
18431,4
18432,2
18433,3
18434,3
18435,4
18436,3
18437,4
18438,4
18439,3
18440,3
18441,4
18442,4
18443,3
18444,4
18445,3
18446,3
18447,2
18448,3
18449,4
18450,4
18451,3
18452,4
18453,3
18454,3
18455,2
18456,4
18457,3
18458,3
18459,2
18460,3
18461,2
18462,2
18463,1
18464,3
18465,4
18466,4
18467,3
18468,4
18469,3
18470,3
18471,2
18472,4
18473,3
18474,3
18475,2
18476,3
18477,2
18478,2
18479,1
18480,4
18481,3
18482,3
18483,2
18484,3
18485,2
18486,2
18487,1
18488,3
18489,2
18490,2
18491,1
18492,2
18493,1
18494,1
18495,0
18496,3
18497,4
18498,4
18499,3
18500,4
18501,3
18502,3
18503,2
18504,4
18505,3
18506,3
18507,2
18508,3
18509,2
18510,2
18511,1
18512,4
18513,3
18514,3
18515,2
18516,3
18517,2
18518,2
18519,1
18520,3
18521,2
18522,2
18523,1
18524,2
18525,1
18526,1
18527,0
18528,4
18529,3
18530,3
18531,2
18532,3
18533,2
18534,2
18535,1
18536,3
18537,2
18538,2
18539,1
18540,2
18541,1
18542,1
18543,0
18544,3
18545,2
18546,2
18547,1
18548,2
18549,1
18550,1
18551,0
18552,2
18553,1
18554,1
18555,0
18556,1
18557,0
18558,0
18559,1
18560,3
18561,4
18562,4
18563,3
18564,4
18565,3
18566,3
18567,2
18568,4
18569,3
18570,3
18571,2
18572,3
18573,2
18574,2
18575,1
18576,4
18577,3
18578,3
18579,2
18580,3
18581,2
18582,2
18583,1
18584,3
18585,2
18586,2
18587,1
18588,2
18589,1
18590,1
18591,0
18592,4
18593,3
18594,3
18595,2
18596,3
18597,2
18598,2
18599,1
18600,3
18601,2
18602,2
18603,1
18604,2
18605,1
18606,1
18607,0
18608,3
18609,2
18610,2
18611,1
18612,2
18613,1
18614,1
18615,0
18616,2
18617,1
18618,1
18619,0
18620,1
18621,0
18622,0
18623,1
18624,4
18625,3
18626,3
18627,2
18628,3
18629,2
18630,2
18631,1
18632,3
18633,2
18634,2
18635,1
18636,2
18637,1
18638,1
18639,0
18640,3
18641,2
18642,2
18643,1
18644,2
18645,1
18646,1
18647,0
18648,2
18649,1
18650,1
18651,0
18652,1
18653,0
18654,0
18655,1
18656,3
18657,2
18658,2
18659,1
18660,2
18661,1
18662,1
18663,0
18664,2
18665,1
18666,1
18667,0
18668,1
18669,0
18670,0
18671,1
18672,2
18673,1
18674,1
18675,0
18676,1
18677,0
18678,0
18679,1
18680,1
18681,0
18682,0
18683,1
18684,0
18685,1
18686,1
18687,2
18688,3
18689,4
18690,4
18691,3
18692,4
18693,3
18694,3
18695,2
18696,4
18697,3
18698,3
18699,2
18700,3
18701,2
18702,2
18703,1
18704,4
18705,3
18706,3
18707,2
18708,3
18709,2
18710,2
18711,1
18712,3
18713,2
18714,2
18715,1
18716,2
18717,1
18718,1
18719,0
18720,4
18721,3
18722,3
18723,2
18724,3
18725,2
18726,2
18727,1
18728,3
18729,2
18730,2
18731,1
18732,2
18733,1
18734,1
18735,0
18736,3
18737,2
18738,2
18739,1
18740,2
18741,1
18742,1
18743,0
18744,2
18745,1
18746,1
18747,0
18748,1
18749,0
18750,0
18751,1
18752,4
18753,3
18754,3
18755,2
18756,3
18757,2
18758,2
18759,1
18760,3
18761,2
18762,2
18763,1
18764,2
18765,1
18766,1
18767,0
18768,3
18769,2
18770,2
18771,1
18772,2
18773,1
18774,1
18775,0
18776,2
18777,1
18778,1
18779,0
18780,1
18781,0
18782,0
18783,1
18784,3
18785,2
18786,2
18787,1
18788,2
18789,1
18790,1
18791,0
18792,2
18793,1
18794,1
18795,0
18796,1
18797,0
18798,0
18799,1
18800,2
18801,1
18802,1
18803,0
18804,1
18805,0
18806,0
18807,1
18808,1
18809,0
18810,0
18811,1
18812,0
18813,1
18814,1
18815,2
18816,4
18817,3
18818,3
18819,2
18820,3
18821,2
18822,2
18823,1
18824,3
18825,2
18826,2
18827,1
18828,2
18829,1
18830,1
18831,0
18832,3
18833,2
18834,2
18835,1
18836,2
18837,1
18838,1
18839,0
18840,2
18841,1
18842,1
18843,0
18844,1
18845,0
18846,0
18847,1
18848,3
18849,2
18850,2
18851,1
18852,2
18853,1
18854,1
18855,0
18856,2
18857,1
18858,1
18859,0
18860,1
18861,0
18862,0
18863,1
18864,2
18865,1
18866,1
18867,0
18868,1
18869,0
18870,0
18871,1
18872,1
18873,0
18874,0
18875,1
18876,0
18877,1
18878,1
18879,2
18880,3
18881,2
18882,2
18883,1
18884,2
18885,1
18886,1
18887,0
18888,2
18889,1
18890,1
18891,0
18892,1
18893,0
18894,0
18895,1
18896,2
18897,1
18898,1
18899,0
18900,1
18901,0
18902,0
18903,1
18904,1
18905,0
18906,0
18907,1
18908,0
18909,1
18910,1
18911,2
18912,2
18913,1
18914,1
18915,0
18916,1
18917,0
18918,0
18919,1
18920,1
18921,0
18922,0
18923,1
18924,0
18925,1
18926,1
18927,2
18928,1
18929,0
18930,0
18931,1
18932,0
18933,1
18934,1
18935,2
18936,0
18937,1
18938,1
18939,2
18940,1
18941,2
18942,2
18943,3
18944,3
18945,4
18946,4
18947,3
18948,4
18949,3
18950,3
18951,2
18952,4
18953,3
18954,3
18955,2
18956,3
18957,2
18958,2
18959,1
18960,4
18961,3
18962,3
18963,2
18964,3
18965,2
18966,2
18967,1
18968,3
18969,2
18970,2
18971,1
18972,2
18973,1
18974,1
18975,0
18976,4
18977,3
18978,3
18979,2
18980,3
18981,2
18982,2
18983,1
18984,3
18985,2
18986,2
18987,1
18988,2
18989,1
18990,1
18991,0
18992,3
18993,2
18994,2
18995,1
18996,2
18997,1
18998,1
18999,0
19000,2
19001,1
19002,1
19003,0
19004,1
19005,0
19006,0
19007,1
19008,4
19009,3
19010,3
19011,2
19012,3
19013,2
19014,2
19015,1
19016,3
19017,2
19018,2
19019,1
19020,2
19021,1
19022,1
19023,0
19024,3
19025,2
19026,2
19027,1
19028,2
19029,1
19030,1
19031,0
19032,2
19033,1
19034,1
19035,0
19036,1
19037,0
19038,0
19039,1
19040,3
19041,2
19042,2
19043,1
19044,2
19045,1
19046,1
19047,0
19048,2
19049,1
19050,1
19051,0
19052,1
19053,0
19054,0
19055,1
19056,2
19057,1
19058,1
19059,0
19060,1
19061,0
19062,0
19063,1
19064,1
19065,0
19066,0
19067,1
19068,0
19069,1
19070,1
19071,2
19072,4
19073,3
19074,3
19075,2
19076,3
19077,2
19078,2
19079,1
19080,3
19081,2
19082,2
19083,1
19084,2
19085,1
19086,1
19087,0
19088,3
19089,2
19090,2
19091,1
19092,2
19093,1
19094,1
19095,0
19096,2
19097,1
19098,1
19099,0
19100,1
19101,0
19102,0
19103,1
19104,3
19105,2
19106,2
19107,1
19108,2
19109,1
19110,1
19111,0
19112,2
19113,1
19114,1
19115,0
19116,1
19117,0
19118,0
19119,1
19120,2
19121,1
19122,1
19123,0
19124,1
19125,0
19126,0
19127,1
19128,1
19129,0
19130,0
19131,1
19132,0
19133,1
19134,1
19135,2
19136,3
19137,2
19138,2
19139,1
19140,2
19141,1
19142,1
19143,0
19144,2
19145,1
19146,1
19147,0
19148,1
19149,0
19150,0
19151,1
19152,2
19153,1
19154,1
19155,0
19156,1
19157,0
19158,0
19159,1
19160,1
19161,0
19162,0
19163,1
19164,0
19165,1
19166,1
19167,2
19168,2
19169,1
19170,1
19171,0
19172,1
19173,0
19174,0
19175,1
19176,1
19177,0
19178,0
19179,1
19180,0
19181,1
19182,1
19183,2
19184,1
19185,0
19186,0
19187,1
19188,0
19189,1
19190,1
19191,2
19192,0
19193,1
19194,1
19195,2
19196,1
19197,2
19198,2
19199,3
19200,4
19201,3
19202,3
19203,2
19204,3
19205,2
19206,2
19207,1
19208,3
19209,2
19210,2
19211,1
19212,2
19213,1
19214,1
19215,0
19216,3
19217,2
19218,2
19219,1
19220,2
19221,1
19222,1
19223,0
19224,2
19225,1
19226,1
19227,0
19228,1
19229,0
19230,0
19231,1
19232,3
19233,2
19234,2
19235,1
19236,2
19237,1
19238,1
19239,0
19240,2
19241,1
19242,1
19243,0
19244,1
19245,0
19246,0
19247,1
19248,2
19249,1
19250,1
19251,0
19252,1
19253,0
19254,0
19255,1
19256,1
19257,0
19258,0
19259,1
19260,0
19261,1
19262,1
19263,2
19264,3
19265,2
19266,2
19267,1
19268,2
19269,1
19270,1
19271,0
19272,2
19273,1
19274,1
19275,0
19276,1
19277,0
19278,0
19279,1
19280,2
19281,1
19282,1
19283,0
19284,1
19285,0
19286,0
19287,1
19288,1
19289,0
19290,0
19291,1
19292,0
19293,1
19294,1
19295,2
19296,2
19297,1
19298,1
19299,0
19300,1
19301,0
19302,0
19303,1
19304,1
19305,0
19306,0
19307,1
19308,0
19309,1
19310,1
19311,2
19312,1
19313,0
19314,0
19315,1
19316,0
19317,1
19318,1
19319,2
19320,0
19321,1
19322,1
19323,2
19324,1
19325,2
19326,2
19327,3
19328,3
19329,2
19330,2
19331,1
19332,2
19333,1
19334,1
19335,0
19336,2
19337,1
19338,1
19339,0
19340,1
19341,0
19342,0
19343,1
19344,2
19345,1
19346,1
19347,0
19348,1
19349,0
19350,0
19351,1
19352,1
19353,0
19354,0
19355,1
19356,0
19357,1
19358,1
19359,2
19360,2
19361,1
19362,1
19363,0
19364,1
19365,0
19366,0
19367,1
19368,1
19369,0
19370,0
19371,1
19372,0
19373,1
19374,1
19375,2
19376,1
19377,0
19378,0
19379,1
19380,0
19381,1
19382,1
19383,2
19384,0
19385,1
19386,1
19387,2
19388,1
19389,2
19390,2
19391,3
19392,2
19393,1
19394,1
19395,0
19396,1
19397,0
19398,0
19399,1
19400,1
19401,0
19402,0
19403,1
19404,0
19405,1
19406,1
19407,2
19408,1
19409,0
19410,0
19411,1
19412,0
19413,1
19414,1
19415,2
19416,0
19417,1
19418,1
19419,2
19420,1
19421,2
19422,2
19423,3
19424,1
19425,0
19426,0
19427,1
19428,0
19429,1
19430,1
19431,2
19432,0
19433,1
19434,1
19435,2
19436,1
19437,2
19438,2
19439,3
19440,0
19441,1
19442,1
19443,2
19444,1
19445,2
19446,2
19447,3
19448,1
19449,2
19450,2
19451,3
19452,2
19453,3
19454,3
19455,4
19456,3
19457,4
19458,4
19459,3
19460,4
19461,3
19462,3
19463,2
19464,4
19465,3
19466,3
19467,2
19468,3
19469,2
19470,2
19471,1
19472,4
19473,3
19474,3
19475,2
19476,3
19477,2
19478,2
19479,1
19480,3
19481,2
19482,2
19483,1
19484,2
19485,1
19486,1
19487,0
19488,4
19489,3
19490,3
19491,2
19492,3
19493,2
19494,2
19495,1
19496,3
19497,2
19498,2
19499,1
19500,2
19501,1
19502,1
19503,0
19504,3
19505,2
19506,2
19507,1
19508,2
19509,1
19510,1
19511,0
19512,2
19513,1
19514,1
19515,0
19516,1
19517,0
19518,0
19519,1
19520,4
19521,3
19522,3
19523,2
19524,3
19525,2
19526,2
19527,1
19528,3
19529,2
19530,2
19531,1
19532,2
19533,1
19534,1
19535,0
19536,3
19537,2
19538,2
19539,1
19540,2
19541,1
19542,1
19543,0
19544,2
19545,1
19546,1
19547,0
19548,1
19549,0
19550,0
19551,1
19552,3
19553,2
19554,2
19555,1
19556,2
19557,1
19558,1
19559,0
19560,2
19561,1
19562,1
19563,0
19564,1
19565,0
19566,0
19567,1
19568,2
19569,1
19570,1
19571,0
19572,1
19573,0
19574,0
19575,1
19576,1
19577,0
19578,0
19579,1
19580,0
19581,1
19582,1
19583,2
19584,4
19585,3
19586,3
19587,2
19588,3
19589,2
19590,2
19591,1
19592,3
19593,2
19594,2
19595,1
19596,2
19597,1
19598,1
19599,0
19600,3
19601,2
19602,2
19603,1
19604,2
19605,1
19606,1
19607,0
19608,2
19609,1
19610,1
19611,0
19612,1
19613,0
19614,0
19615,1
19616,3
19617,2
19618,2
19619,1
19620,2
19621,1
19622,1
19623,0
19624,2
19625,1
19626,1
19627,0
19628,1
19629,0
19630,0
19631,1
19632,2
19633,1
19634,1
19635,0
19636,1
19637,0
19638,0
19639,1
19640,1
19641,0
19642,0
19643,1
19644,0
19645,1
19646,1
19647,2
19648,3
19649,2
19650,2
19651,1
19652,2
19653,1
19654,1
19655,0
19656,2
19657,1
19658,1
19659,0
19660,1
19661,0
19662,0
19663,1
19664,2
19665,1
19666,1
19667,0
19668,1
19669,0
19670,0
19671,1
19672,1
19673,0
19674,0
19675,1
19676,0
19677,1
19678,1
19679,2
19680,2
19681,1
19682,1
19683,0
19684,1
19685,0
19686,0
19687,1
19688,1
19689,0
19690,0
19691,1
19692,0
19693,1
19694,1
19695,2
19696,1
19697,0
19698,0
19699,1
19700,0
19701,1
19702,1
19703,2
19704,0
19705,1
19706,1
19707,2
19708,1
19709,2
19710,2
19711,3
19712,4
19713,3
19714,3
19715,2
19716,3
19717,2
19718,2
19719,1
19720,3
19721,2
19722,2
19723,1
19724,2
19725,1
19726,1
19727,0
19728,3
19729,2
19730,2
19731,1
19732,2
19733,1
19734,1
19735,0
19736,2
19737,1
19738,1
19739,0
19740,1
19741,0
19742,0
19743,1
19744,3
19745,2
19746,2
19747,1
19748,2
19749,1
19750,1
19751,0
19752,2
19753,1
19754,1
19755,0
19756,1
19757,0
19758,0
19759,1
19760,2
19761,1
19762,1
19763,0
19764,1
19765,0
19766,0
19767,1
19768,1
19769,0
19770,0
19771,1
19772,0
19773,1
19774,1
19775,2
19776,3
19777,2
19778,2
19779,1
19780,2
19781,1
19782,1
19783,0
19784,2
19785,1
19786,1
19787,0
19788,1
19789,0
19790,0
19791,1
19792,2
19793,1
19794,1
19795,0
19796,1
19797,0
19798,0
19799,1
19800,1
19801,0
19802,0
19803,1
19804,0
19805,1
19806,1
19807,2
19808,2
19809,1
19810,1
19811,0
19812,1
19813,0
19814,0
19815,1
19816,1
19817,0
19818,0
19819,1
19820,0
19821,1
19822,1
19823,2
19824,1
19825,0
19826,0
19827,1
19828,0
19829,1
19830,1
19831,2
19832,0
19833,1
19834,1
19835,2
19836,1
19837,2
19838,2
19839,3
19840,3
19841,2
19842,2
19843,1
19844,2
19845,1
19846,1
19847,0
19848,2
19849,1
19850,1
19851,0
19852,1
19853,0
19854,0
19855,1
19856,2
19857,1
19858,1
19859,0
19860,1
19861,0
19862,0
19863,1
19864,1
19865,0
19866,0
19867,1
19868,0
19869,1
19870,1
19871,2
19872,2
19873,1
19874,1
19875,0
19876,1
19877,0
19878,0
19879,1
19880,1
19881,0
19882,0
19883,1
19884,0
19885,1
19886,1
19887,2
19888,1
19889,0
19890,0
19891,1
19892,0
19893,1
19894,1
19895,2
19896,0
19897,1
19898,1
19899,2
19900,1
19901,2
19902,2
19903,3
19904,2
19905,1
19906,1
19907,0
19908,1
19909,0
19910,0
19911,1
19912,1
19913,0
19914,0
19915,1
19916,0
19917,1
19918,1
19919,2
19920,1
19921,0
19922,0
19923,1
19924,0
19925,1
19926,1
19927,2
19928,0
19929,1
19930,1
19931,2
19932,1
19933,2
19934,2
19935,3
19936,1
19937,0
19938,0
19939,1
19940,0
19941,1
19942,1
19943,2
19944,0
19945,1
19946,1
19947,2
19948,1
19949,2
19950,2
19951,3
19952,0
19953,1
19954,1
19955,2
19956,1
19957,2
19958,2
19959,3
19960,1
19961,2
19962,2
19963,3
19964,2
19965,3
19966,3
19967,4
19968,4
19969,3
19970,3
19971,2
19972,3
19973,2
19974,2
19975,1
19976,3
19977,2
19978,2
19979,1
19980,2
19981,1
19982,1
19983,0
19984,3
19985,2
19986,2
19987,1
19988,2
19989,1
19990,1
19991,0
19992,2
19993,1
19994,1
19995,0
19996,1
19997,0
19998,0
19999,1
20000,3
20001,2
20002,2
20003,1
20004,2
20005,1
20006,1
20007,0
20008,2
20009,1
20010,1
20011,0
20012,1
20013,0
20014,0
20015,1
20016,2
20017,1
20018,1
20019,0
20020,1
20021,0
20022,0
20023,1
20024,1
20025,0
20026,0
20027,1
20028,0
20029,1
20030,1
20031,2
20032,3
20033,2
20034,2
20035,1
20036,2
20037,1
20038,1
20039,0
20040,2
20041,1
20042,1
20043,0
20044,1
20045,0
20046,0
20047,1
20048,2
20049,1
20050,1
20051,0
20052,1
20053,0
20054,0
20055,1
20056,1
20057,0
20058,0
20059,1
20060,0
20061,1
20062,1
20063,2
20064,2
20065,1
20066,1
20067,0
20068,1
20069,0
20070,0
20071,1
20072,1
20073,0
20074,0
20075,1
20076,0
20077,1
20078,1
20079,2
20080,1
20081,0
20082,0
20083,1
20084,0
20085,1
20086,1
20087,2
20088,0
20089,1
20090,1
20091,2
20092,1
20093,2
20094,2
20095,3
20096,3
20097,2
20098,2
20099,1
20100,2
20101,1
20102,1
20103,0
20104,2
20105,1
20106,1
20107,0
20108,1
20109,0
20110,0
20111,1
20112,2
20113,1
20114,1
20115,0
20116,1
20117,0
20118,0
20119,1
20120,1
20121,0
20122,0
20123,1
20124,0
20125,1
20126,1
20127,2
20128,2
20129,1
20130,1
20131,0
20132,1
20133,0
20134,0
20135,1
20136,1
20137,0
20138,0
20139,1
20140,0
20141,1
20142,1
20143,2
20144,1
20145,0
20146,0
20147,1
20148,0
20149,1
20150,1
20151,2
20152,0
20153,1
20154,1
20155,2
20156,1
20157,2
20158,2
20159,3
20160,2
20161,1
20162,1
20163,0
20164,1
20165,0
20166,0
20167,1
20168,1
20169,0
20170,0
20171,1
20172,0
20173,1
20174,1
20175,2
20176,1
20177,0
20178,0
20179,1
20180,0
20181,1
20182,1
20183,2
20184,0
20185,1
20186,1
20187,2
20188,1
20189,2
20190,2
20191,3
20192,1
20193,0
20194,0
20195,1
20196,0
20197,1
20198,1
20199,2
20200,0
20201,1
20202,1
20203,2
20204,1
20205,2
20206,2
20207,3
20208,0
20209,1
20210,1
20211,2
20212,1
20213,2
20214,2
20215,3
20216,1
20217,2
20218,2
20219,3
20220,2
20221,3
20222,3
20223,4
20224,3
20225,2
20226,2
20227,1
20228,2
20229,1
20230,1
20231,0
20232,2
20233,1
20234,1
20235,0
20236,1
20237,0
20238,0
20239,1
20240,2
20241,1
20242,1
20243,0
20244,1
20245,0
20246,0
20247,1
20248,1
20249,0
20250,0
20251,1
20252,0
20253,1
20254,1
20255,2
20256,2
20257,1
20258,1
20259,0
20260,1
20261,0
20262,0
20263,1
20264,1
20265,0
20266,0
20267,1
20268,0
20269,1
20270,1
20271,2
20272,1
20273,0
20274,0
20275,1
20276,0
20277,1
20278,1
20279,2
20280,0
20281,1
20282,1
20283,2
20284,1
20285,2
20286,2
20287,3
20288,2
20289,1
20290,1
20291,0
20292,1
20293,0
20294,0
20295,1
20296,1
20297,0
20298,0
20299,1
20300,0
20301,1
20302,1
20303,2
20304,1
20305,0
20306,0
20307,1
20308,0
20309,1
20310,1
20311,2
20312,0
20313,1
20314,1
20315,2
20316,1
20317,2
20318,2
20319,3
20320,1
20321,0
20322,0
20323,1
20324,0
20325,1
20326,1
20327,2
20328,0
20329,1
20330,1
20331,2
20332,1
20333,2
20334,2
20335,3
20336,0
20337,1
20338,1
20339,2
20340,1
20341,2
20342,2
20343,3
20344,1
20345,2
20346,2
20347,3
20348,2
20349,3
20350,3
20351,4
20352,2
20353,1
20354,1
20355,0
20356,1
20357,0
20358,0
20359,1
20360,1
20361,0
20362,0
20363,1
20364,0
20365,1
20366,1
20367,2
20368,1
20369,0
20370,0
20371,1
20372,0
20373,1
20374,1
20375,2
20376,0
20377,1
20378,1
20379,2
20380,1
20381,2
20382,2
20383,3
20384,1
20385,0
20386,0
20387,1
20388,0
20389,1
20390,1
20391,2
20392,0
20393,1
20394,1
20395,2
20396,1
20397,2
20398,2
20399,3
20400,0
20401,1
20402,1
20403,2
20404,1
20405,2
20406,2
20407,3
20408,1
20409,2
20410,2
20411,3
20412,2
20413,3
20414,3
20415,4
20416,1
20417,0
20418,0
20419,1
20420,0
20421,1
20422,1
20423,2
20424,0
20425,1
20426,1
20427,2
20428,1
20429,2
20430,2
20431,3
20432,0
20433,1
20434,1
20435,2
20436,1
20437,2
20438,2
20439,3
20440,1
20441,2
20442,2
20443,3
20444,2
20445,3
20446,3
20447,4
20448,0
20449,1
20450,1
20451,2
20452,1
20453,2
20454,2
20455,3
20456,1
20457,2
20458,2
20459,3
20460,2
20461,3
20462,3
20463,4
20464,1
20465,2
20466,2
20467,3
20468,2
20469,3
20470,3
20471,4
20472,2
20473,3
20474,3
20475,4
20476,3
20477,4
20478,4
20479,3
20480,2
20481,3
20482,3
20483,4
20484,3
20485,4
20486,4
20487,3
20488,3
20489,4
20490,4
20491,3
20492,4
20493,3
20494,3
20495,2
20496,3
20497,4
20498,4
20499,3
20500,4
20501,3
20502,3
20503,2
20504,4
20505,3
20506,3
20507,2
20508,3
20509,2
20510,2
20511,1
20512,3
20513,4
20514,4
20515,3
20516,4
20517,3
20518,3
20519,2
20520,4
20521,3
20522,3
20523,2
20524,3
20525,2
20526,2
20527,1
20528,4
20529,3
20530,3
20531,2
20532,3
20533,2
20534,2
20535,1
20536,3
20537,2
20538,2
20539,1
20540,2
20541,1
20542,1
20543,0
20544,3
20545,4
20546,4
20547,3
20548,4
20549,3
20550,3
20551,2
20552,4
20553,3
20554,3
20555,2
20556,3
20557,2
20558,2
20559,1
20560,4
20561,3
20562,3
20563,2
20564,3
20565,2
20566,2
20567,1
20568,3
20569,2
20570,2
20571,1
20572,2
20573,1
20574,1
20575,0
20576,4
20577,3
20578,3
20579,2
20580,3
20581,2
20582,2
20583,1
20584,3
20585,2
20586,2
20587,1
20588,2
20589,1
20590,1
20591,0
20592,3
20593,2
20594,2
20595,1
20596,2
20597,1
20598,1
20599,0
20600,2
20601,1
20602,1
20603,0
20604,1
20605,0
20606,0
20607,1
20608,3
20609,4
20610,4
20611,3
20612,4
20613,3
20614,3
20615,2
20616,4
20617,3
20618,3
20619,2
20620,3
20621,2
20622,2
20623,1
20624,4
20625,3
20626,3
20627,2
20628,3
20629,2
20630,2
20631,1
20632,3
20633,2
20634,2
20635,1
20636,2
20637,1
20638,1
20639,0
20640,4
20641,3
20642,3
20643,2
20644,3
20645,2
20646,2
20647,1
20648,3
20649,2
20650,2
20651,1
20652,2
20653,1
20654,1
20655,0
20656,3
20657,2
20658,2
20659,1
20660,2
20661,1
20662,1
20663,0
20664,2
20665,1
20666,1
20667,0
20668,1
20669,0
20670,0
20671,1
20672,4
20673,3
20674,3
20675,2
20676,3
20677,2
20678,2
20679,1
20680,3
20681,2
20682,2
20683,1
20684,2
20685,1
20686,1
20687,0
20688,3
20689,2
20690,2
20691,1
20692,2
20693,1
20694,1
20695,0
20696,2
20697,1
20698,1
20699,0
20700,1
20701,0
20702,0
20703,1
20704,3
20705,2
20706,2
20707,1
20708,2
20709,1
20710,1
20711,0
20712,2
20713,1
20714,1
20715,0
20716,1
20717,0
20718,0
20719,1
20720,2
20721,1
20722,1
20723,0
20724,1
20725,0
20726,0
20727,1
20728,1
20729,0
20730,0
20731,1
20732,0
20733,1
20734,1
20735,2
20736,3
20737,4
20738,4
20739,3
20740,4
20741,3
20742,3
20743,2
20744,4
20745,3
20746,3
20747,2
20748,3
20749,2
20750,2
20751,1
20752,4
20753,3
20754,3
20755,2
20756,3
20757,2
20758,2
20759,1
20760,3
20761,2
20762,2
20763,1
20764,2
20765,1
20766,1
20767,0
20768,4
20769,3
20770,3
20771,2
20772,3
20773,2
20774,2
20775,1
20776,3
20777,2
20778,2
20779,1
20780,2
20781,1
20782,1
20783,0
20784,3
20785,2
20786,2
20787,1
20788,2
20789,1
20790,1
20791,0
20792,2
20793,1
20794,1
20795,0
20796,1
20797,0
20798,0
20799,1
20800,4
20801,3
20802,3
20803,2
20804,3
20805,2
20806,2
20807,1
20808,3
20809,2
20810,2
20811,1
20812,2
20813,1
20814,1
20815,0
20816,3
20817,2
20818,2
20819,1
20820,2
20821,1
20822,1
20823,0
20824,2
20825,1
20826,1
20827,0
20828,1
20829,0
20830,0
20831,1
20832,3
20833,2
20834,2
20835,1
20836,2
20837,1
20838,1
20839,0
20840,2
20841,1
20842,1
20843,0
20844,1
20845,0
20846,0
20847,1
20848,2
20849,1
20850,1
20851,0
20852,1
20853,0
20854,0
20855,1
20856,1
20857,0
20858,0
20859,1
20860,0
20861,1
20862,1
20863,2
20864,4
20865,3
20866,3
20867,2
20868,3
20869,2
20870,2
20871,1
20872,3
20873,2
20874,2
20875,1
20876,2
20877,1
20878,1
20879,0
20880,3
20881,2
20882,2
20883,1
20884,2
20885,1
20886,1
20887,0
20888,2
20889,1
20890,1
20891,0
20892,1
20893,0
20894,0
20895,1
20896,3
20897,2
20898,2
20899,1
20900,2
20901,1
20902,1
20903,0
20904,2
20905,1
20906,1
20907,0
20908,1
20909,0
20910,0
20911,1
20912,2
20913,1
20914,1
20915,0
20916,1
20917,0
20918,0
20919,1
20920,1
20921,0
20922,0
20923,1
20924,0
20925,1
20926,1
20927,2
20928,3
20929,2
20930,2
20931,1
20932,2
20933,1
20934,1
20935,0
20936,2
20937,1
20938,1
20939,0
20940,1
20941,0
20942,0
20943,1
20944,2
20945,1
20946,1
20947,0
20948,1
20949,0
20950,0
20951,1
20952,1
20953,0
20954,0
20955,1
20956,0
20957,1
20958,1
20959,2
20960,2
20961,1
20962,1
20963,0
20964,1
20965,0
20966,0
20967,1
20968,1
20969,0
20970,0
20971,1
20972,0
20973,1
20974,1
20975,2
20976,1
20977,0
20978,0
20979,1
20980,0
20981,1
20982,1
20983,2
20984,0
20985,1
20986,1
20987,2
20988,1
20989,2
20990,2
20991,3
20992,3
20993,4
20994,4
20995,3
20996,4
20997,3
20998,3
20999,2
21000,4
21001,3
21002,3
21003,2
21004,3
21005,2
21006,2
21007,1
21008,4
21009,3
21010,3
21011,2
21012,3
21013,2
21014,2
21015,1
21016,3
21017,2
21018,2
21019,1
21020,2
21021,1
21022,1
21023,0
21024,4
21025,3
21026,3
21027,2
21028,3
21029,2
21030,2
21031,1
21032,3
21033,2
21034,2
21035,1
21036,2
21037,1
21038,1
21039,0
21040,3
21041,2
21042,2
21043,1
21044,2
21045,1
21046,1
21047,0
21048,2
21049,1
21050,1
21051,0
21052,1
21053,0
21054,0
21055,1
21056,4
21057,3
21058,3
21059,2
21060,3
21061,2
21062,2
21063,1
21064,3
21065,2
21066,2
21067,1
21068,2
21069,1
21070,1
21071,0
21072,3
21073,2
21074,2
21075,1
21076,2
21077,1
21078,1
21079,0
21080,2
21081,1
21082,1
21083,0
21084,1
21085,0
21086,0
21087,1
21088,3
21089,2
21090,2
21091,1
21092,2
21093,1
21094,1
21095,0
21096,2
21097,1
21098,1
21099,0
21100,1
21101,0
21102,0
21103,1
21104,2
21105,1
21106,1
21107,0
21108,1
21109,0
21110,0
21111,1
21112,1
21113,0
21114,0
21115,1
21116,0
21117,1
21118,1
21119,2
21120,4
21121,3
21122,3
21123,2
21124,3
21125,2
21126,2
21127,1
21128,3
21129,2
21130,2
21131,1
21132,2
21133,1
21134,1
21135,0
21136,3
21137,2
21138,2
21139,1
21140,2
21141,1
21142,1
21143,0
21144,2
21145,1
21146,1
21147,0
21148,1
21149,0
21150,0
21151,1
21152,3
21153,2
21154,2
21155,1
21156,2
21157,1
21158,1
21159,0
21160,2
21161,1
21162,1
21163,0
21164,1
21165,0
21166,0
21167,1
21168,2
21169,1
21170,1
21171,0
21172,1
21173,0
21174,0
21175,1
21176,1
21177,0
21178,0
21179,1
21180,0
21181,1
21182,1
21183,2
21184,3
21185,2
21186,2
21187,1
21188,2
21189,1
21190,1
21191,0
21192,2
21193,1
21194,1
21195,0
21196,1
21197,0
21198,0
21199,1
21200,2
21201,1
21202,1
21203,0
21204,1
21205,0
21206,0
21207,1
21208,1
21209,0
21210,0
21211,1
21212,0
21213,1
21214,1
21215,2
21216,2
21217,1
21218,1
21219,0
21220,1
21221,0
21222,0
21223,1
21224,1
21225,0
21226,0
21227,1
21228,0
21229,1
21230,1
21231,2
21232,1
21233,0
21234,0
21235,1
21236,0
21237,1
21238,1
21239,2
21240,0
21241,1
21242,1
21243,2
21244,1
21245,2
21246,2
21247,3
21248,4
21249,3
21250,3
21251,2
21252,3
21253,2
21254,2
21255,1
21256,3
21257,2
21258,2
21259,1
21260,2
21261,1
21262,1
21263,0
21264,3
21265,2
21266,2
21267,1
21268,2
21269,1
21270,1
21271,0
21272,2
21273,1
21274,1
21275,0
21276,1
21277,0
21278,0
21279,1
21280,3
21281,2
21282,2
21283,1
21284,2
21285,1
21286,1
21287,0
21288,2
21289,1
21290,1
21291,0
21292,1
21293,0
21294,0
21295,1
21296,2
21297,1
21298,1
21299,0
21300,1
21301,0
21302,0
21303,1
21304,1
21305,0
21306,0
21307,1
21308,0
21309,1
21310,1
21311,2
21312,3
21313,2
21314,2
21315,1
21316,2
21317,1
21318,1
21319,0
21320,2
21321,1
21322,1
21323,0
21324,1
21325,0
21326,0
21327,1
21328,2
21329,1
21330,1
21331,0
21332,1
21333,0
21334,0
21335,1
21336,1
21337,0
21338,0
21339,1
21340,0
21341,1
21342,1
21343,2
21344,2
21345,1
21346,1
21347,0
21348,1
21349,0
21350,0
21351,1
21352,1
21353,0
21354,0
21355,1
21356,0
21357,1
21358,1
21359,2
21360,1
21361,0
21362,0
21363,1
21364,0
21365,1
21366,1
21367,2
21368,0
21369,1
21370,1
21371,2
21372,1
21373,2
21374,2
21375,3
21376,3
21377,2
21378,2
21379,1
21380,2
21381,1
21382,1
21383,0
21384,2
21385,1
21386,1
21387,0
21388,1
21389,0
21390,0
21391,1
21392,2
21393,1
21394,1
21395,0
21396,1
21397,0
21398,0
21399,1
21400,1
21401,0
21402,0
21403,1
21404,0
21405,1
21406,1
21407,2
21408,2
21409,1
21410,1
21411,0
21412,1
21413,0
21414,0
21415,1
21416,1
21417,0
21418,0
21419,1
21420,0
21421,1
21422,1
21423,2
21424,1
21425,0
21426,0
21427,1
21428,0
21429,1
21430,1
21431,2
21432,0
21433,1
21434,1
21435,2
21436,1
21437,2
21438,2
21439,3
21440,2
21441,1
21442,1
21443,0
21444,1
21445,0
21446,0
21447,1
21448,1
21449,0
21450,0
21451,1
21452,0
21453,1
21454,1
21455,2
21456,1
21457,0
21458,0
21459,1
21460,0
21461,1
21462,1
21463,2
21464,0
21465,1
21466,1
21467,2
21468,1
21469,2
21470,2
21471,3
21472,1
21473,0
21474,0
21475,1
21476,0
21477,1
21478,1
21479,2
21480,0
21481,1
21482,1
21483,2
21484,1
21485,2
21486,2
21487,3
21488,0
21489,1
21490,1
21491,2
21492,1
21493,2
21494,2
21495,3
21496,1
21497,2
21498,2
21499,3
21500,2
21501,3
21502,3
21503,4
21504,3
21505,4
21506,4
21507,3
21508,4
21509,3
21510,3
21511,2
21512,4
21513,3
21514,3
21515,2
21516,3
21517,2
21518,2
21519,1
21520,4
21521,3
21522,3
21523,2
21524,3
21525,2
21526,2
21527,1
21528,3
21529,2
21530,2
21531,1
21532,2
21533,1
21534,1
21535,0
21536,4
21537,3
21538,3
21539,2
21540,3
21541,2
21542,2
21543,1
21544,3
21545,2
21546,2
21547,1
21548,2
21549,1
21550,1
21551,0
21552,3
21553,2
21554,2
21555,1
21556,2
21557,1
21558,1
21559,0
21560,2
21561,1
21562,1
21563,0
21564,1
21565,0
21566,0
21567,1
21568,4
21569,3
21570,3
21571,2
21572,3
21573,2
21574,2
21575,1
21576,3
21577,2
21578,2
21579,1
21580,2
21581,1
21582,1
21583,0
21584,3
21585,2
21586,2
21587,1
21588,2
21589,1
21590,1
21591,0
21592,2
21593,1
21594,1
21595,0
21596,1
21597,0
21598,0
21599,1
21600,3
21601,2
21602,2
21603,1
21604,2
21605,1
21606,1
21607,0
21608,2
21609,1
21610,1
21611,0
21612,1
21613,0
21614,0
21615,1
21616,2
21617,1
21618,1
21619,0
21620,1
21621,0
21622,0
21623,1
21624,1
21625,0
21626,0
21627,1
21628,0
21629,1
21630,1
21631,2
21632,4
21633,3
21634,3
21635,2
21636,3
21637,2
21638,2
21639,1
21640,3
21641,2
21642,2
21643,1
21644,2
21645,1
21646,1
21647,0
21648,3
21649,2
21650,2
21651,1
21652,2
21653,1
21654,1
21655,0
21656,2
21657,1
21658,1
21659,0
21660,1
21661,0
21662,0
21663,1
21664,3
21665,2
21666,2
21667,1
21668,2
21669,1
21670,1
21671,0
21672,2
21673,1
21674,1
21675,0
21676,1
21677,0
21678,0
21679,1
21680,2
21681,1
21682,1
21683,0
21684,1
21685,0
21686,0
21687,1
21688,1
21689,0
21690,0
21691,1
21692,0
21693,1
21694,1
21695,2
21696,3
21697,2
21698,2
21699,1
21700,2
21701,1
21702,1
21703,0
21704,2
21705,1
21706,1
21707,0
21708,1
21709,0
21710,0
21711,1
21712,2
21713,1
21714,1
21715,0
21716,1
21717,0
21718,0
21719,1
21720,1
21721,0
21722,0
21723,1
21724,0
21725,1
21726,1
21727,2
21728,2
21729,1
21730,1
21731,0
21732,1
21733,0
21734,0
21735,1
21736,1
21737,0
21738,0
21739,1
21740,0
21741,1
21742,1
21743,2
21744,1
21745,0
21746,0
21747,1
21748,0
21749,1
21750,1
21751,2
21752,0
21753,1
21754,1
21755,2
21756,1
21757,2
21758,2
21759,3
21760,4
21761,3
21762,3
21763,2
21764,3
21765,2
21766,2
21767,1
21768,3
21769,2
21770,2
21771,1
21772,2
21773,1
21774,1
21775,0
21776,3
21777,2
21778,2
21779,1
21780,2
21781,1
21782,1
21783,0
21784,2
21785,1
21786,1
21787,0
21788,1
21789,0
21790,0
21791,1
21792,3
21793,2
21794,2
21795,1
21796,2
21797,1
21798,1
21799,0
21800,2
21801,1
21802,1
21803,0
21804,1
21805,0
21806,0
21807,1
21808,2
21809,1
21810,1
21811,0
21812,1
21813,0
21814,0
21815,1
21816,1
21817,0
21818,0
21819,1
21820,0
21821,1
21822,1
21823,2
21824,3
21825,2
21826,2
21827,1
21828,2
21829,1
21830,1
21831,0
21832,2
21833,1
21834,1
21835,0
21836,1
21837,0
21838,0
21839,1
21840,2
21841,1
21842,1
21843,0
21844,1
21845,0
21846,0
21847,1
21848,1
21849,0
21850,0
21851,1
21852,0
21853,1
21854,1
21855,2
21856,2
21857,1
21858,1
21859,0
21860,1
21861,0
21862,0
21863,1
21864,1
21865,0
21866,0
21867,1
21868,0
21869,1
21870,1
21871,2
21872,1
21873,0
21874,0
21875,1
21876,0
21877,1
21878,1
21879,2
21880,0
21881,1
21882,1
21883,2
21884,1
21885,2
21886,2
21887,3
21888,3
21889,2
21890,2
21891,1
21892,2
21893,1
21894,1
21895,0
21896,2
21897,1
21898,1
21899,0
21900,1
21901,0
21902,0
21903,1
21904,2
21905,1
21906,1
21907,0
21908,1
21909,0
21910,0
21911,1
21912,1
21913,0
21914,0
21915,1
21916,0
21917,1
21918,1
21919,2
21920,2
21921,1
21922,1
21923,0
21924,1
21925,0
21926,0
21927,1
21928,1
21929,0
21930,0
21931,1
21932,0
21933,1
21934,1
21935,2
21936,1
21937,0
21938,0
21939,1
21940,0
21941,1
21942,1
21943,2
21944,0
21945,1
21946,1
21947,2
21948,1
21949,2
21950,2
21951,3
21952,2
21953,1
21954,1
21955,0
21956,1
21957,0
21958,0
21959,1
21960,1
21961,0
21962,0
21963,1
21964,0
21965,1
21966,1
21967,2
21968,1
21969,0
21970,0
21971,1
21972,0
21973,1
21974,1
21975,2
21976,0
21977,1
21978,1
21979,2
21980,1
21981,2
21982,2
21983,3
21984,1
21985,0
21986,0
21987,1
21988,0
21989,1
21990,1
21991,2
21992,0
21993,1
21994,1
21995,2
21996,1
21997,2
21998,2
21999,3
22000,0
22001,1
22002,1
22003,2
22004,1
22005,2
22006,2
22007,3
22008,1
22009,2
22010,2
22011,3
22012,2
22013,3
22014,3
22015,4
22016,4
22017,3
22018,3
22019,2
22020,3
22021,2
22022,2
22023,1
22024,3
22025,2
22026,2
22027,1
22028,2
22029,1
22030,1
22031,0
22032,3
22033,2
22034,2
22035,1
22036,2
22037,1
22038,1
22039,0
22040,2
22041,1
22042,1
22043,0
22044,1
22045,0
22046,0
22047,1
22048,3
22049,2
22050,2
22051,1
22052,2
22053,1
22054,1
22055,0
22056,2
22057,1
22058,1
22059,0
22060,1
22061,0
22062,0
22063,1
22064,2
22065,1
22066,1
22067,0
22068,1
22069,0
22070,0
22071,1
22072,1
22073,0
22074,0
22075,1
22076,0
22077,1
22078,1
22079,2
22080,3
22081,2
22082,2
22083,1
22084,2
22085,1
22086,1
22087,0
22088,2
22089,1
22090,1
22091,0
22092,1
22093,0
22094,0
22095,1
22096,2
22097,1
22098,1
22099,0
22100,1
22101,0
22102,0
22103,1
22104,1
22105,0
22106,0
22107,1
22108,0
22109,1
22110,1
22111,2
22112,2
22113,1
22114,1
22115,0
22116,1
22117,0
22118,0
22119,1
22120,1
22121,0
22122,0
22123,1
22124,0
22125,1
22126,1
22127,2
22128,1
22129,0
22130,0
22131,1
22132,0
22133,1
22134,1
22135,2
22136,0
22137,1
22138,1
22139,2
22140,1
22141,2
22142,2
22143,3
22144,3
22145,2
22146,2
22147,1
22148,2
22149,1
22150,1
22151,0
22152,2
22153,1
22154,1
22155,0
22156,1
22157,0
22158,0
22159,1
22160,2
22161,1
22162,1
22163,0
22164,1
22165,0
22166,0
22167,1
22168,1
22169,0
22170,0
22171,1
22172,0
22173,1
22174,1
22175,2
22176,2
22177,1
22178,1
22179,0
22180,1
22181,0
22182,0
22183,1
22184,1
22185,0
22186,0
22187,1
22188,0
22189,1
22190,1
22191,2
22192,1
22193,0
22194,0
22195,1
22196,0
22197,1
22198,1
22199,2
22200,0
22201,1
22202,1
22203,2
22204,1
22205,2
22206,2
22207,3
22208,2
22209,1
22210,1
22211,0
22212,1
22213,0
22214,0
22215,1
22216,1
22217,0
22218,0
22219,1
22220,0
22221,1
22222,1
22223,2
22224,1
22225,0
22226,0
22227,1
22228,0
22229,1
22230,1
22231,2
22232,0
22233,1
22234,1
22235,2
22236,1
22237,2
22238,2
22239,3
22240,1
22241,0
22242,0
22243,1
22244,0
22245,1
22246,1
22247,2
22248,0
22249,1
22250,1
22251,2
22252,1
22253,2
22254,2
22255,3
22256,0
22257,1
22258,1
22259,2
22260,1
22261,2
22262,2
22263,3
22264,1
22265,2
22266,2
22267,3
22268,2
22269,3
22270,3
22271,4
22272,3
22273,2
22274,2
22275,1
22276,2
22277,1
22278,1
22279,0
22280,2
22281,1
22282,1
22283,0
22284,1
22285,0
22286,0
22287,1
22288,2
22289,1
22290,1
22291,0
22292,1
22293,0
22294,0
22295,1
22296,1
22297,0
22298,0
22299,1
22300,0
22301,1
22302,1
22303,2
22304,2
22305,1
22306,1
22307,0
22308,1
22309,0
22310,0
22311,1
22312,1
22313,0
22314,0
22315,1
22316,0
22317,1
22318,1
22319,2
22320,1
22321,0
22322,0
22323,1
22324,0
22325,1
22326,1
22327,2
22328,0
22329,1
22330,1
22331,2
22332,1
22333,2
22334,2
22335,3
22336,2
22337,1
22338,1
22339,0
22340,1
22341,0
22342,0
22343,1
22344,1
22345,0
22346,0
22347,1
22348,0
22349,1
22350,1
22351,2
22352,1
22353,0
22354,0
22355,1
22356,0
22357,1
22358,1
22359,2
22360,0
22361,1
22362,1
22363,2
22364,1
22365,2
22366,2
22367,3
22368,1
22369,0
22370,0
22371,1
22372,0
22373,1
22374,1
22375,2
22376,0
22377,1
22378,1
22379,2
22380,1
22381,2
22382,2
22383,3
22384,0
22385,1
22386,1
22387,2
22388,1
22389,2
22390,2
22391,3
22392,1
22393,2
22394,2
22395,3
22396,2
22397,3
22398,3
22399,4
22400,2
22401,1
22402,1
22403,0
22404,1
22405,0
22406,0
22407,1
22408,1
22409,0
22410,0
22411,1
22412,0
22413,1
22414,1
22415,2
22416,1
22417,0
22418,0
22419,1
22420,0
22421,1
22422,1
22423,2
22424,0
22425,1
22426,1
22427,2
22428,1
22429,2
22430,2
22431,3
22432,1
22433,0
22434,0
22435,1
22436,0
22437,1
22438,1
22439,2
22440,0
22441,1
22442,1
22443,2
22444,1
22445,2
22446,2
22447,3
22448,0
22449,1
22450,1
22451,2
22452,1
22453,2
22454,2
22455,3
22456,1
22457,2
22458,2
22459,3
22460,2
22461,3
22462,3
22463,4
22464,1
22465,0
22466,0
22467,1
22468,0
22469,1
22470,1
22471,2
22472,0
22473,1
22474,1
22475,2
22476,1
22477,2
22478,2
22479,3
22480,0
22481,1
22482,1
22483,2
22484,1
22485,2
22486,2
22487,3
22488,1
22489,2
22490,2
22491,3
22492,2
22493,3
22494,3
22495,4
22496,0
22497,1
22498,1
22499,2
22500,1
22501,2
22502,2
22503,3
22504,1
22505,2
22506,2
22507,3
22508,2
22509,3
22510,3
22511,4
22512,1
22513,2
22514,2
22515,3
22516,2
22517,3
22518,3
22519,4
22520,2
22521,3
22522,3
22523,4
22524,3
22525,4
22526,4
22527,3
22528,3
22529,4
22530,4
22531,3
22532,4
22533,3
22534,3
22535,2
22536,4
22537,3
22538,3
22539,2
22540,3
22541,2
22542,2
22543,1
22544,4
22545,3
22546,3
22547,2
22548,3
22549,2
22550,2
22551,1
22552,3
22553,2
22554,2
22555,1
22556,2
22557,1
22558,1
22559,0
22560,4
22561,3
22562,3
22563,2
22564,3
22565,2
22566,2
22567,1
22568,3
22569,2
22570,2
22571,1
22572,2
22573,1
22574,1
22575,0
22576,3
22577,2
22578,2
22579,1
22580,2
22581,1
22582,1
22583,0
22584,2
22585,1
22586,1
22587,0
22588,1
22589,0
22590,0
22591,1
22592,4
22593,3
22594,3
22595,2
22596,3
22597,2
22598,2
22599,1
22600,3
22601,2
22602,2
22603,1
22604,2
22605,1
22606,1
22607,0
22608,3
22609,2
22610,2
22611,1
22612,2
22613,1
22614,1
22615,0
22616,2
22617,1
22618,1
22619,0
22620,1
22621,0
22622,0
22623,1
22624,3
22625,2
22626,2
22627,1
22628,2
22629,1
22630,1
22631,0
22632,2
22633,1
22634,1
22635,0
22636,1
22637,0
22638,0
22639,1
22640,2
22641,1
22642,1
22643,0
22644,1
22645,0
22646,0
22647,1
22648,1
22649,0
22650,0
22651,1
22652,0
22653,1
22654,1
22655,2
22656,4
22657,3
22658,3
22659,2
22660,3
22661,2
22662,2
22663,1
22664,3
22665,2
22666,2
22667,1
22668,2
22669,1
22670,1
22671,0
22672,3
22673,2
22674,2
22675,1
22676,2
22677,1
22678,1
22679,0
22680,2
22681,1
22682,1
22683,0
22684,1
22685,0
22686,0
22687,1
22688,3
22689,2
22690,2
22691,1
22692,2
22693,1
22694,1
22695,0
22696,2
22697,1
22698,1
22699,0
22700,1
22701,0
22702,0
22703,1
22704,2
22705,1
22706,1
22707,0
22708,1
22709,0
22710,0
22711,1
22712,1
22713,0
22714,0
22715,1
22716,0
22717,1
22718,1
22719,2
22720,3
22721,2
22722,2
22723,1
22724,2
22725,1
22726,1
22727,0
22728,2
22729,1
22730,1
22731,0
22732,1
22733,0
22734,0
22735,1
22736,2
22737,1
22738,1
22739,0
22740,1
22741,0
22742,0
22743,1
22744,1
22745,0
22746,0
22747,1
22748,0
22749,1
22750,1
22751,2
22752,2
22753,1
22754,1
22755,0
22756,1
22757,0
22758,0
22759,1
22760,1
22761,0
22762,0
22763,1
22764,0
22765,1
22766,1
22767,2
22768,1
22769,0
22770,0
22771,1
22772,0
22773,1
22774,1
22775,2
22776,0
22777,1
22778,1
22779,2
22780,1
22781,2
22782,2
22783,3
22784,4
22785,3
22786,3
22787,2
22788,3
22789,2
22790,2
22791,1
22792,3
22793,2
22794,2
22795,1
22796,2
22797,1
22798,1
22799,0
22800,3
22801,2
22802,2
22803,1
22804,2
22805,1
22806,1
22807,0
22808,2
22809,1
22810,1
22811,0
22812,1
22813,0
22814,0
22815,1
22816,3
22817,2
22818,2
22819,1
22820,2
22821,1
22822,1
22823,0
22824,2
22825,1
22826,1
22827,0
22828,1
22829,0
22830,0
22831,1
22832,2
22833,1
22834,1
22835,0
22836,1
22837,0
22838,0
22839,1
22840,1
22841,0
22842,0
22843,1
22844,0
22845,1
22846,1
22847,2
22848,3
22849,2
22850,2
22851,1
22852,2
22853,1
22854,1
22855,0
22856,2
22857,1
22858,1
22859,0
22860,1
22861,0
22862,0
22863,1
22864,2
22865,1
22866,1
22867,0
22868,1
22869,0
22870,0
22871,1
22872,1
22873,0
22874,0
22875,1
22876,0
22877,1
22878,1
22879,2
22880,2
22881,1
22882,1
22883,0
22884,1
22885,0
22886,0
22887,1
22888,1
22889,0
22890,0
22891,1
22892,0
22893,1
22894,1
22895,2
22896,1
22897,0
22898,0
22899,1
22900,0
22901,1
22902,1
22903,2
22904,0
22905,1
22906,1
22907,2
22908,1
22909,2
22910,2
22911,3
22912,3
22913,2
22914,2
22915,1
22916,2
22917,1
22918,1
22919,0
22920,2
22921,1
22922,1
22923,0
22924,1
22925,0
22926,0
22927,1
22928,2
22929,1
22930,1
22931,0
22932,1
22933,0
22934,0
22935,1
22936,1
22937,0
22938,0
22939,1
22940,0
22941,1
22942,1
22943,2
22944,2
22945,1
22946,1
22947,0
22948,1
22949,0
22950,0
22951,1
22952,1
22953,0
22954,0
22955,1
22956,0
22957,1
22958,1
22959,2
22960,1
22961,0
22962,0
22963,1
22964,0
22965,1
22966,1
22967,2
22968,0
22969,1
22970,1
22971,2
22972,1
22973,2
22974,2
22975,3
22976,2
22977,1
22978,1
22979,0
22980,1
22981,0
22982,0
22983,1
22984,1
22985,0
22986,0
22987,1
22988,0
22989,1
22990,1
22991,2
22992,1
22993,0
22994,0
22995,1
22996,0
22997,1
22998,1
22999,2
23000,0
23001,1
23002,1
23003,2
23004,1
23005,2
23006,2
23007,3
23008,1
23009,0
23010,0
23011,1
23012,0
23013,1
23014,1
23015,2
23016,0
23017,1
23018,1
23019,2
23020,1
23021,2
23022,2
23023,3
23024,0
23025,1
23026,1
23027,2
23028,1
23029,2
23030,2
23031,3
23032,1
23033,2
23034,2
23035,3
23036,2
23037,3
23038,3
23039,4
23040,4
23041,3
23042,3
23043,2
23044,3
23045,2
23046,2
23047,1
23048,3
23049,2
23050,2
23051,1
23052,2
23053,1
23054,1
23055,0
23056,3
23057,2
23058,2
23059,1
23060,2
23061,1
23062,1
23063,0
23064,2
23065,1
23066,1
23067,0
23068,1
23069,0
23070,0
23071,1
23072,3
23073,2
23074,2
23075,1
23076,2
23077,1
23078,1
23079,0
23080,2
23081,1
23082,1
23083,0
23084,1
23085,0
23086,0
23087,1
23088,2
23089,1
23090,1
23091,0
23092,1
23093,0
23094,0
23095,1
23096,1
23097,0
23098,0
23099,1
23100,0
23101,1
23102,1
23103,2
23104,3
23105,2
23106,2
23107,1
23108,2
23109,1
23110,1
23111,0
23112,2
23113,1
23114,1
23115,0
23116,1
23117,0
23118,0
23119,1
23120,2
23121,1
23122,1
23123,0
23124,1
23125,0
23126,0
23127,1
23128,1
23129,0
23130,0
23131,1
23132,0
23133,1
23134,1
23135,2
23136,2
23137,1
23138,1
23139,0
23140,1
23141,0
23142,0
23143,1
23144,1
23145,0
23146,0
23147,1
23148,0
23149,1
23150,1
23151,2
23152,1
23153,0
23154,0
23155,1
23156,0
23157,1
23158,1
23159,2
23160,0
23161,1
23162,1
23163,2
23164,1
23165,2
23166,2
23167,3
23168,3
23169,2
23170,2
23171,1
23172,2
23173,1
23174,1
23175,0
23176,2
23177,1
23178,1
23179,0
23180,1
23181,0
23182,0
23183,1
23184,2
23185,1
23186,1
23187,0
23188,1
23189,0
23190,0
23191,1
23192,1
23193,0
23194,0
23195,1
23196,0
23197,1
23198,1
23199,2
23200,2
23201,1
23202,1
23203,0
23204,1
23205,0
23206,0
23207,1
23208,1
23209,0
23210,0
23211,1
23212,0
23213,1
23214,1
23215,2
23216,1
23217,0
23218,0
23219,1
23220,0
23221,1
23222,1
23223,2
23224,0
23225,1
23226,1
23227,2
23228,1
23229,2
23230,2
23231,3
23232,2
23233,1
23234,1
23235,0
23236,1
23237,0
23238,0
23239,1
23240,1
23241,0
23242,0
23243,1
23244,0
23245,1
23246,1
23247,2
23248,1
23249,0
23250,0
23251,1
23252,0
23253,1
23254,1
23255,2
23256,0
23257,1
23258,1
23259,2
23260,1
23261,2
23262,2
23263,3
23264,1
23265,0
23266,0
23267,1
23268,0
23269,1
23270,1
23271,2
23272,0
23273,1
23274,1
23275,2
23276,1
23277,2
23278,2
23279,3
23280,0
23281,1
23282,1
23283,2
23284,1
23285,2
23286,2
23287,3
23288,1
23289,2
23290,2
23291,3
23292,2
23293,3
23294,3
23295,4
23296,3
23297,2
23298,2
23299,1
23300,2
23301,1
23302,1
23303,0
23304,2
23305,1
23306,1
23307,0
23308,1
23309,0
23310,0
23311,1
23312,2
23313,1
23314,1
23315,0
23316,1
23317,0
23318,0
23319,1
23320,1
23321,0
23322,0
23323,1
23324,0
23325,1
23326,1
23327,2
23328,2
23329,1
23330,1
23331,0
23332,1
23333,0
23334,0
23335,1
23336,1
23337,0
23338,0
23339,1
23340,0
23341,1
23342,1
23343,2
23344,1
23345,0
23346,0
23347,1
23348,0
23349,1
23350,1
23351,2
23352,0
23353,1
23354,1
23355,2
23356,1
23357,2
23358,2
23359,3
23360,2
23361,1
23362,1
23363,0
23364,1
23365,0
23366,0
23367,1
23368,1
23369,0
23370,0
23371,1
23372,0
23373,1
23374,1
23375,2
23376,1
23377,0
23378,0
23379,1
23380,0
23381,1
23382,1
23383,2
23384,0
23385,1
23386,1
23387,2
23388,1
23389,2
23390,2
23391,3
23392,1
23393,0
23394,0
23395,1
23396,0
23397,1
23398,1
23399,2
23400,0
23401,1
23402,1
23403,2
23404,1
23405,2
23406,2
23407,3
23408,0
23409,1
23410,1
23411,2
23412,1
23413,2
23414,2
23415,3
23416,1
23417,2
23418,2
23419,3
23420,2
23421,3
23422,3
23423,4
23424,2
23425,1
23426,1
23427,0
23428,1
23429,0
23430,0
23431,1
23432,1
23433,0
23434,0
23435,1
23436,0
23437,1
23438,1
23439,2
23440,1
23441,0
23442,0
23443,1
23444,0
23445,1
23446,1
23447,2
23448,0
23449,1
23450,1
23451,2
23452,1
23453,2
23454,2
23455,3
23456,1
23457,0
23458,0
23459,1
23460,0
23461,1
23462,1
23463,2
23464,0
23465,1
23466,1
23467,2
23468,1
23469,2
23470,2
23471,3
23472,0
23473,1
23474,1
23475,2
23476,1
23477,2
23478,2
23479,3
23480,1
23481,2
23482,2
23483,3
23484,2
23485,3
23486,3
23487,4
23488,1
23489,0
23490,0
23491,1
23492,0
23493,1
23494,1
23495,2
23496,0
23497,1
23498,1
23499,2
23500,1
23501,2
23502,2
23503,3
23504,0
23505,1
23506,1
23507,2
23508,1
23509,2
23510,2
23511,3
23512,1
23513,2
23514,2
23515,3
23516,2
23517,3
23518,3
23519,4
23520,0
23521,1
23522,1
23523,2
23524,1
23525,2
23526,2
23527,3
23528,1
23529,2
23530,2
23531,3
23532,2
23533,3
23534,3
23535,4
23536,1
23537,2
23538,2
23539,3
23540,2
23541,3
23542,3
23543,4
23544,2
23545,3
23546,3
23547,4
23548,3
23549,4
23550,4
23551,3
23552,4
23553,3
23554,3
23555,2
23556,3
23557,2
23558,2
23559,1
23560,3
23561,2
23562,2
23563,1
23564,2
23565,1
23566,1
23567,0
23568,3
23569,2
23570,2
23571,1
23572,2
23573,1
23574,1
23575,0
23576,2
23577,1
23578,1
23579,0
23580,1
23581,0
23582,0
23583,1
23584,3
23585,2
23586,2
23587,1
23588,2
23589,1
23590,1
23591,0
23592,2
23593,1
23594,1
23595,0
23596,1
23597,0
23598,0
23599,1
23600,2
23601,1
23602,1
23603,0
23604,1
23605,0
23606,0
23607,1
23608,1
23609,0
23610,0
23611,1
23612,0
23613,1
23614,1
23615,2
23616,3
23617,2
23618,2
23619,1
23620,2
23621,1
23622,1
23623,0
23624,2
23625,1
23626,1
23627,0
23628,1
23629,0
23630,0
23631,1
23632,2
23633,1
23634,1
23635,0
23636,1
23637,0
23638,0
23639,1
23640,1
23641,0
23642,0
23643,1
23644,0
23645,1
23646,1
23647,2
23648,2
23649,1
23650,1
23651,0
23652,1
23653,0
23654,0
23655,1
23656,1
23657,0
23658,0
23659,1
23660,0
23661,1
23662,1
23663,2
23664,1
23665,0
23666,0
23667,1
23668,0
23669,1
23670,1
23671,2
23672,0
23673,1
23674,1
23675,2
23676,1
23677,2
23678,2
23679,3
23680,3
23681,2
23682,2
23683,1
23684,2
23685,1
23686,1
23687,0
23688,2
23689,1
23690,1
23691,0
23692,1
23693,0
23694,0
23695,1
23696,2
23697,1
23698,1
23699,0
23700,1
23701,0
23702,0
23703,1
23704,1
23705,0
23706,0
23707,1
23708,0
23709,1
23710,1
23711,2
23712,2
23713,1
23714,1
23715,0
23716,1
23717,0
23718,0
23719,1
23720,1
23721,0
23722,0
23723,1
23724,0
23725,1
23726,1
23727,2
23728,1
23729,0
23730,0
23731,1
23732,0
23733,1
23734,1
23735,2
23736,0
23737,1
23738,1
23739,2
23740,1
23741,2
23742,2
23743,3
23744,2
23745,1
23746,1
23747,0
23748,1
23749,0
23750,0
23751,1
23752,1
23753,0
23754,0
23755,1
23756,0
23757,1
23758,1
23759,2
23760,1
23761,0
23762,0
23763,1
23764,0
23765,1
23766,1
23767,2
23768,0
23769,1
23770,1
23771,2
23772,1
23773,2
23774,2
23775,3
23776,1
23777,0
23778,0
23779,1
23780,0
23781,1
23782,1
23783,2
23784,0
23785,1
23786,1
23787,2
23788,1
23789,2
23790,2
23791,3
23792,0
23793,1
23794,1
23795,2
23796,1
23797,2
23798,2
23799,3
23800,1
23801,2
23802,2
23803,3
23804,2
23805,3
23806,3
23807,4
23808,3
23809,2
23810,2
23811,1
23812,2
23813,1
23814,1
23815,0
23816,2
23817,1
23818,1
23819,0
23820,1
23821,0
23822,0
23823,1
23824,2
23825,1
23826,1
23827,0
23828,1
23829,0
23830,0
23831,1
23832,1
23833,0
23834,0
23835,1
23836,0
23837,1
23838,1
23839,2
23840,2
23841,1
23842,1
23843,0
23844,1
23845,0
23846,0
23847,1
23848,1
23849,0
23850,0
23851,1
23852,0
23853,1
23854,1
23855,2
23856,1
23857,0
23858,0
23859,1
23860,0
23861,1
23862,1
23863,2
23864,0
23865,1
23866,1
23867,2
23868,1
23869,2
23870,2
23871,3
23872,2
23873,1
23874,1
23875,0
23876,1
23877,0
23878,0
23879,1
23880,1
23881,0
23882,0
23883,1
23884,0
23885,1
23886,1
23887,2
23888,1
23889,0
23890,0
23891,1
23892,0
23893,1
23894,1
23895,2
23896,0
23897,1
23898,1
23899,2
23900,1
23901,2
23902,2
23903,3
23904,1
23905,0
23906,0
23907,1
23908,0
23909,1
23910,1
23911,2
23912,0
23913,1
23914,1
23915,2
23916,1
23917,2
23918,2
23919,3
23920,0
23921,1
23922,1
23923,2
23924,1
23925,2
23926,2
23927,3
23928,1
23929,2
23930,2
23931,3
23932,2
23933,3
23934,3
23935,4
23936,2
23937,1
23938,1
23939,0
23940,1
23941,0
23942,0
23943,1
23944,1
23945,0
23946,0
23947,1
23948,0
23949,1
23950,1
23951,2
23952,1
23953,0
23954,0
23955,1
23956,0
23957,1
23958,1
23959,2
23960,0
23961,1
23962,1
23963,2
23964,1
23965,2
23966,2
23967,3
23968,1
23969,0
23970,0
23971,1
23972,0
23973,1
23974,1
23975,2
23976,0
23977,1
23978,1
23979,2
23980,1
23981,2
23982,2
23983,3
23984,0
23985,1
23986,1
23987,2
23988,1
23989,2
23990,2
23991,3
23992,1
23993,2
23994,2
23995,3
23996,2
23997,3
23998,3
23999,4
24000,1
24001,0
24002,0
24003,1
24004,0
24005,1
24006,1
24007,2
24008,0
24009,1
24010,1
24011,2
24012,1
24013,2
24014,2
24015,3
24016,0
24017,1
24018,1
24019,2
24020,1
24021,2
24022,2
24023,3
24024,1
24025,2
24026,2
24027,3
24028,2
24029,3
24030,3
24031,4
24032,0
24033,1
24034,1
24035,2
24036,1
24037,2
24038,2
24039,3
24040,1
24041,2
24042,2
24043,3
24044,2
24045,3
24046,3
24047,4
24048,1
24049,2
24050,2
24051,3
24052,2
24053,3
24054,3
24055,4
24056,2
24057,3
24058,3
24059,4
24060,3
24061,4
24062,4
24063,3
24064,3
24065,2
24066,2
24067,1
24068,2
24069,1
24070,1
24071,0
24072,2
24073,1
24074,1
24075,0
24076,1
24077,0
24078,0
24079,1
24080,2
24081,1
24082,1
24083,0
24084,1
24085,0
24086,0
24087,1
24088,1
24089,0
24090,0
24091,1
24092,0
24093,1
24094,1
24095,2
24096,2
24097,1
24098,1
24099,0
24100,1
24101,0
24102,0
24103,1
24104,1
24105,0
24106,0
24107,1
24108,0
24109,1
24110,1
24111,2
24112,1
24113,0
24114,0
24115,1
24116,0
24117,1
24118,1
24119,2
24120,0
24121,1
24122,1
24123,2
24124,1
24125,2
24126,2
24127,3
24128,2
24129,1
24130,1
24131,0
24132,1
24133,0
24134,0
24135,1
24136,1
24137,0
24138,0
24139,1
24140,0
24141,1
24142,1
24143,2
24144,1
24145,0
24146,0
24147,1
24148,0
24149,1
24150,1
24151,2
24152,0
24153,1
24154,1
24155,2
24156,1
24157,2
24158,2
24159,3
24160,1
24161,0
24162,0
24163,1
24164,0
24165,1
24166,1
24167,2
24168,0
24169,1
24170,1
24171,2
24172,1
24173,2
24174,2
24175,3
24176,0
24177,1
24178,1
24179,2
24180,1
24181,2
24182,2
24183,3
24184,1
24185,2
24186,2
24187,3
24188,2
24189,3
24190,3
24191,4
24192,2
24193,1
24194,1
24195,0
24196,1
24197,0
24198,0
24199,1
24200,1
24201,0
24202,0
24203,1
24204,0
24205,1
24206,1
24207,2
24208,1
24209,0
24210,0
24211,1
24212,0
24213,1
24214,1
24215,2
24216,0
24217,1
24218,1
24219,2
24220,1
24221,2
24222,2
24223,3
24224,1
24225,0
24226,0
24227,1
24228,0
24229,1
24230,1
24231,2
24232,0
24233,1
24234,1
24235,2
24236,1
24237,2
24238,2
24239,3
24240,0
24241,1
24242,1
24243,2
24244,1
24245,2
24246,2
24247,3
24248,1
24249,2
24250,2
24251,3
24252,2
24253,3
24254,3
24255,4
24256,1
24257,0
24258,0
24259,1
24260,0
24261,1
24262,1
24263,2
24264,0
24265,1
24266,1
24267,2
24268,1
24269,2
24270,2
24271,3
24272,0
24273,1
24274,1
24275,2
24276,1
24277,2
24278,2
24279,3
24280,1
24281,2
24282,2
24283,3
24284,2
24285,3
24286,3
24287,4
24288,0
24289,1
24290,1
24291,2
24292,1
24293,2
24294,2
24295,3
24296,1
24297,2
24298,2
24299,3
24300,2
24301,3
24302,3
24303,4
24304,1
24305,2
24306,2
24307,3
24308,2
24309,3
24310,3
24311,4
24312,2
24313,3
24314,3
24315,4
24316,3
24317,4
24318,4
24319,3
24320,2
24321,1
24322,1
24323,0
24324,1
24325,0
24326,0
24327,1
24328,1
24329,0
24330,0
24331,1
24332,0
24333,1
24334,1
24335,2
24336,1
24337,0
24338,0
24339,1
24340,0
24341,1
24342,1
24343,2
24344,0
24345,1
24346,1
24347,2
24348,1
24349,2
24350,2
24351,3
24352,1
24353,0
24354,0
24355,1
24356,0
24357,1
24358,1
24359,2
24360,0
24361,1
24362,1
24363,2
24364,1
24365,2
24366,2
24367,3
24368,0
24369,1
24370,1
24371,2
24372,1
24373,2
24374,2
24375,3
24376,1
24377,2
24378,2
24379,3
24380,2
24381,3
24382,3
24383,4
24384,1
24385,0
24386,0
24387,1
24388,0
24389,1
24390,1
24391,2
24392,0
24393,1
24394,1
24395,2
24396,1
24397,2
24398,2
24399,3
24400,0
24401,1
24402,1
24403,2
24404,1
24405,2
24406,2
24407,3
24408,1
24409,2
24410,2
24411,3
24412,2
24413,3
24414,3
24415,4
24416,0
24417,1
24418,1
24419,2
24420,1
24421,2
24422,2
24423,3
24424,1
24425,2
24426,2
24427,3
24428,2
24429,3
24430,3
24431,4
24432,1
24433,2
24434,2
24435,3
24436,2
24437,3
24438,3
24439,4
24440,2
24441,3
24442,3
24443,4
24444,3
24445,4
24446,4
24447,3
24448,1
24449,0
24450,0
24451,1
24452,0
24453,1
24454,1
24455,2
24456,0
24457,1
24458,1
24459,2
24460,1
24461,2
24462,2
24463,3
24464,0
24465,1
24466,1
24467,2
24468,1
24469,2
24470,2
24471,3
24472,1
24473,2
24474,2
24475,3
24476,2
24477,3
24478,3
24479,4
24480,0
24481,1
24482,1
24483,2
24484,1
24485,2
24486,2
24487,3
24488,1
24489,2
24490,2
24491,3
24492,2
24493,3
24494,3
24495,4
24496,1
24497,2
24498,2
24499,3
24500,2
24501,3
24502,3
24503,4
24504,2
24505,3
24506,3
24507,4
24508,3
24509,4
24510,4
24511,3
24512,0
24513,1
24514,1
24515,2
24516,1
24517,2
24518,2
24519,3
24520,1
24521,2
24522,2
24523,3
24524,2
24525,3
24526,3
24527,4
24528,1
24529,2
24530,2
24531,3
24532,2
24533,3
24534,3
24535,4
24536,2
24537,3
24538,3
24539,4
24540,3
24541,4
24542,4
24543,3
24544,1
24545,2
24546,2
24547,3
24548,2
24549,3
24550,3
24551,4
24552,2
24553,3
24554,3
24555,4
24556,3
24557,4
24558,4
24559,3
24560,2
24561,3
24562,3
24563,4
24564,3
24565,4
24566,4
24567,3
24568,3
24569,4
24570,4
24571,3
24572,4
24573,3
24574,3
24575,2
24576,2
24577,3
24578,3
24579,4
24580,3
24581,4
24582,4
24583,3
24584,3
24585,4
24586,4
24587,3
24588,4
24589,3
24590,3
24591,2
24592,3
24593,4
24594,4
24595,3
24596,4
24597,3
24598,3
24599,2
24600,4
24601,3
24602,3
24603,2
24604,3
24605,2
24606,2
24607,1
24608,3
24609,4
24610,4
24611,3
24612,4
24613,3
24614,3
24615,2
24616,4
24617,3
24618,3
24619,2
24620,3
24621,2
24622,2
24623,1
24624,4
24625,3
24626,3
24627,2
24628,3
24629,2
24630,2
24631,1
24632,3
24633,2
24634,2
24635,1
24636,2
24637,1
24638,1
24639,0
24640,3
24641,4
24642,4
24643,3
24644,4
24645,3
24646,3
24647,2
24648,4
24649,3
24650,3
24651,2
24652,3
24653,2
24654,2
24655,1
24656,4
24657,3
24658,3
24659,2
24660,3
24661,2
24662,2
24663,1
24664,3
24665,2
24666,2
24667,1
24668,2
24669,1
24670,1
24671,0
24672,4
24673,3
24674,3
24675,2
24676,3
24677,2
24678,2
24679,1
24680,3
24681,2
24682,2
24683,1
24684,2
24685,1
24686,1
24687,0
24688,3
24689,2
24690,2
24691,1
24692,2
24693,1
24694,1
24695,0
24696,2
24697,1
24698,1
24699,0
24700,1
24701,0
24702,0
24703,1
24704,3
24705,4
24706,4
24707,3
24708,4
24709,3
24710,3
24711,2
24712,4
24713,3
24714,3
24715,2
24716,3
24717,2
24718,2
24719,1
24720,4
24721,3
24722,3
24723,2
24724,3
24725,2
24726,2
24727,1
24728,3
24729,2
24730,2
24731,1
24732,2
24733,1
24734,1
24735,0
24736,4
24737,3
24738,3
24739,2
24740,3
24741,2
24742,2
24743,1
24744,3
24745,2
24746,2
24747,1
24748,2
24749,1
24750,1
24751,0
24752,3
24753,2
24754,2
24755,1
24756,2
24757,1
24758,1
24759,0
24760,2
24761,1
24762,1
24763,0
24764,1
24765,0
24766,0
24767,1
24768,4
24769,3
24770,3
24771,2
24772,3
24773,2
24774,2
24775,1
24776,3
24777,2
24778,2
24779,1
24780,2
24781,1
24782,1
24783,0
24784,3
24785,2
24786,2
24787,1
24788,2
24789,1
24790,1
24791,0
24792,2
24793,1
24794,1
24795,0
24796,1
24797,0
24798,0
24799,1
24800,3
24801,2
24802,2
24803,1
24804,2
24805,1
24806,1
24807,0
24808,2
24809,1
24810,1
24811,0
24812,1
24813,0
24814,0
24815,1
24816,2
24817,1
24818,1
24819,0
24820,1
24821,0
24822,0
24823,1
24824,1
24825,0
24826,0
24827,1
24828,0
24829,1
24830,1
24831,2
24832,3
24833,4
24834,4
24835,3
24836,4
24837,3
24838,3
24839,2
24840,4
24841,3
24842,3
24843,2
24844,3
24845,2
24846,2
24847,1
24848,4
24849,3
24850,3
24851,2
24852,3
24853,2
24854,2
24855,1
24856,3
24857,2
24858,2
24859,1
24860,2
24861,1
24862,1
24863,0
24864,4
24865,3
24866,3
24867,2
24868,3
24869,2
24870,2
24871,1
24872,3
24873,2
24874,2
24875,1
24876,2
24877,1
24878,1
24879,0
24880,3
24881,2
24882,2
24883,1
24884,2
24885,1
24886,1
24887,0
24888,2
24889,1
24890,1
24891,0
24892,1
24893,0
24894,0
24895,1
24896,4
24897,3
24898,3
24899,2
24900,3
24901,2
24902,2
24903,1
24904,3
24905,2
24906,2
24907,1
24908,2
24909,1
24910,1
24911,0
24912,3
24913,2
24914,2
24915,1
24916,2
24917,1
24918,1
24919,0
24920,2
24921,1
24922,1
24923,0
24924,1
24925,0
24926,0
24927,1
24928,3
24929,2
24930,2
24931,1
24932,2
24933,1
24934,1
24935,0
24936,2
24937,1
24938,1
24939,0
24940,1
24941,0
24942,0
24943,1
24944,2
24945,1
24946,1
24947,0
24948,1
24949,0
24950,0
24951,1
24952,1
24953,0
24954,0
24955,1
24956,0
24957,1
24958,1
24959,2
24960,4
24961,3
24962,3
24963,2
24964,3
24965,2
24966,2
24967,1
24968,3
24969,2
24970,2
24971,1
24972,2
24973,1
24974,1
24975,0
24976,3
24977,2
24978,2
24979,1
24980,2
24981,1
24982,1
24983,0
24984,2
24985,1
24986,1
24987,0
24988,1
24989,0
24990,0
24991,1
24992,3
24993,2
24994,2
24995,1
24996,2
24997,1
24998,1
24999,0
25000,2
25001,1
25002,1
25003,0
25004,1
25005,0
25006,0
25007,1
25008,2
25009,1
25010,1
25011,0
25012,1
25013,0
25014,0
25015,1
25016,1
25017,0
25018,0
25019,1
25020,0
25021,1
25022,1
25023,2
25024,3
25025,2
25026,2
25027,1
25028,2
25029,1
25030,1
25031,0
25032,2
25033,1
25034,1
25035,0
25036,1
25037,0
25038,0
25039,1
25040,2
25041,1
25042,1
25043,0
25044,1
25045,0
25046,0
25047,1
25048,1
25049,0
25050,0
25051,1
25052,0
25053,1
25054,1
25055,2
25056,2
25057,1
25058,1
25059,0
25060,1
25061,0
25062,0
25063,1
25064,1
25065,0
25066,0
25067,1
25068,0
25069,1
25070,1
25071,2
25072,1
25073,0
25074,0
25075,1
25076,0
25077,1
25078,1
25079,2
25080,0
25081,1
25082,1
25083,2
25084,1
25085,2
25086,2
25087,3
25088,3
25089,4
25090,4
25091,3
25092,4
25093,3
25094,3
25095,2
25096,4
25097,3
25098,3
25099,2
25100,3
25101,2
25102,2
25103,1
25104,4
25105,3
25106,3
25107,2
25108,3
25109,2
25110,2
25111,1
25112,3
25113,2
25114,2
25115,1
25116,2
25117,1
25118,1
25119,0
25120,4
25121,3
25122,3
25123,2
25124,3
25125,2
25126,2
25127,1
25128,3
25129,2
25130,2
25131,1
25132,2
25133,1
25134,1
25135,0
25136,3
25137,2
25138,2
25139,1
25140,2
25141,1
25142,1
25143,0
25144,2
25145,1
25146,1
25147,0
25148,1
25149,0
25150,0
25151,1
25152,4
25153,3
25154,3
25155,2
25156,3
25157,2
25158,2
25159,1
25160,3
25161,2
25162,2
25163,1
25164,2
25165,1
25166,1
25167,0
25168,3
25169,2
25170,2
25171,1
25172,2
25173,1
25174,1
25175,0
25176,2
25177,1
25178,1
25179,0
25180,1
25181,0
25182,0
25183,1
25184,3
25185,2
25186,2
25187,1
25188,2
25189,1
25190,1
25191,0
25192,2
25193,1
25194,1
25195,0
25196,1
25197,0
25198,0
25199,1
25200,2
25201,1
25202,1
25203,0
25204,1
25205,0
25206,0
25207,1
25208,1
25209,0
25210,0
25211,1
25212,0
25213,1
25214,1
25215,2
25216,4
25217,3
25218,3
25219,2
25220,3
25221,2
25222,2
25223,1
25224,3
25225,2
25226,2
25227,1
25228,2
25229,1
25230,1
25231,0
25232,3
25233,2
25234,2
25235,1
25236,2
25237,1
25238,1
25239,0
25240,2
25241,1
25242,1
25243,0
25244,1
25245,0
25246,0
25247,1
25248,3
25249,2
25250,2
25251,1
25252,2
25253,1
25254,1
25255,0
25256,2
25257,1
25258,1
25259,0
25260,1
25261,0
25262,0
25263,1
25264,2
25265,1
25266,1
25267,0
25268,1
25269,0
25270,0
25271,1
25272,1
25273,0
25274,0
25275,1
25276,0
25277,1
25278,1
25279,2
25280,3
25281,2
25282,2
25283,1
25284,2
25285,1
25286,1
25287,0
25288,2
25289,1
25290,1
25291,0
25292,1
25293,0
25294,0
25295,1
25296,2
25297,1
25298,1
25299,0
25300,1
25301,0
25302,0
25303,1
25304,1
25305,0
25306,0
25307,1
25308,0
25309,1
25310,1
25311,2
25312,2
25313,1
25314,1
25315,0
25316,1
25317,0
25318,0
25319,1
25320,1
25321,0
25322,0
25323,1
25324,0
25325,1
25326,1
25327,2
25328,1
25329,0
25330,0
25331,1
25332,0
25333,1
25334,1
25335,2
25336,0
25337,1
25338,1
25339,2
25340,1
25341,2
25342,2
25343,3
25344,4
25345,3
25346,3
25347,2
25348,3
25349,2
25350,2
25351,1
25352,3
25353,2
25354,2
25355,1
25356,2
25357,1
25358,1
25359,0
25360,3
25361,2
25362,2
25363,1
25364,2
25365,1
25366,1
25367,0
25368,2
25369,1
25370,1
25371,0
25372,1
25373,0
25374,0
25375,1
25376,3
25377,2
25378,2
25379,1
25380,2
25381,1
25382,1
25383,0
25384,2
25385,1
25386,1
25387,0
25388,1
25389,0
25390,0
25391,1
25392,2
25393,1
25394,1
25395,0
25396,1
25397,0
25398,0
25399,1
25400,1
25401,0
25402,0
25403,1
25404,0
25405,1
25406,1
25407,2
25408,3
25409,2
25410,2
25411,1
25412,2
25413,1
25414,1
25415,0
25416,2
25417,1
25418,1
25419,0
25420,1
25421,0
25422,0
25423,1
25424,2
25425,1
25426,1
25427,0
25428,1
25429,0
25430,0
25431,1
25432,1
25433,0
25434,0
25435,1
25436,0
25437,1
25438,1
25439,2
25440,2
25441,1
25442,1
25443,0
25444,1
25445,0
25446,0
25447,1
25448,1
25449,0
25450,0
25451,1
25452,0
25453,1
25454,1
25455,2
25456,1
25457,0
25458,0
25459,1
25460,0
25461,1
25462,1
25463,2
25464,0
25465,1
25466,1
25467,2
25468,1
25469,2
25470,2
25471,3
25472,3
25473,2
25474,2
25475,1
25476,2
25477,1
25478,1
25479,0
25480,2
25481,1
25482,1
25483,0
25484,1
25485,0
25486,0
25487,1
25488,2
25489,1
25490,1
25491,0
25492,1
25493,0
25494,0
25495,1
25496,1
25497,0
25498,0
25499,1
25500,0
25501,1
25502,1
25503,2
25504,2
25505,1
25506,1
25507,0
25508,1
25509,0
25510,0
25511,1
25512,1
25513,0
25514,0
25515,1
25516,0
25517,1
25518,1
25519,2
25520,1
25521,0
25522,0
25523,1
25524,0
25525,1
25526,1
25527,2
25528,0
25529,1
25530,1
25531,2
25532,1
25533,2
25534,2
25535,3
25536,2
25537,1
25538,1
25539,0
25540,1
25541,0
25542,0
25543,1
25544,1
25545,0
25546,0
25547,1
25548,0
25549,1
25550,1
25551,2
25552,1
25553,0
25554,0
25555,1
25556,0
25557,1
25558,1
25559,2
25560,0
25561,1
25562,1
25563,2
25564,1
25565,2
25566,2
25567,3
25568,1
25569,0
25570,0
25571,1
25572,0
25573,1
25574,1
25575,2
25576,0
25577,1
25578,1
25579,2
25580,1
25581,2
25582,2
25583,3
25584,0
25585,1
25586,1
25587,2
25588,1
25589,2
25590,2
25591,3
25592,1
25593,2
25594,2
25595,3
25596,2
25597,3
25598,3
25599,4
25600,3
25601,4
25602,4
25603,3
25604,4
25605,3
25606,3
25607,2
25608,4
25609,3
25610,3
25611,2
25612,3
25613,2
25614,2
25615,1
25616,4
25617,3
25618,3
25619,2
25620,3
25621,2
25622,2
25623,1
25624,3
25625,2
25626,2
25627,1
25628,2
25629,1
25630,1
25631,0
25632,4
25633,3
25634,3
25635,2
25636,3
25637,2
25638,2
25639,1
25640,3
25641,2
25642,2
25643,1
25644,2
25645,1
25646,1
25647,0
25648,3
25649,2
25650,2
25651,1
25652,2
25653,1
25654,1
25655,0
25656,2
25657,1
25658,1
25659,0
25660,1
25661,0
25662,0
25663,1
25664,4
25665,3
25666,3
25667,2
25668,3
25669,2
25670,2
25671,1
25672,3
25673,2
25674,2
25675,1
25676,2
25677,1
25678,1
25679,0
25680,3
25681,2
25682,2
25683,1
25684,2
25685,1
25686,1
25687,0
25688,2
25689,1
25690,1
25691,0
25692,1
25693,0
25694,0
25695,1
25696,3
25697,2
25698,2
25699,1
25700,2
25701,1
25702,1
25703,0
25704,2
25705,1
25706,1
25707,0
25708,1
25709,0
25710,0
25711,1
25712,2
25713,1
25714,1
25715,0
25716,1
25717,0
25718,0
25719,1
25720,1
25721,0
25722,0
25723,1
25724,0
25725,1
25726,1
25727,2
25728,4
25729,3
25730,3
25731,2
25732,3
25733,2
25734,2
25735,1
25736,3
25737,2
25738,2
25739,1
25740,2
25741,1
25742,1
25743,0
25744,3
25745,2
25746,2
25747,1
25748,2
25749,1
25750,1
25751,0
25752,2
25753,1
25754,1
25755,0
25756,1
25757,0
25758,0
25759,1
25760,3
25761,2
25762,2
25763,1
25764,2
25765,1
25766,1
25767,0
25768,2
25769,1
25770,1
25771,0
25772,1
25773,0
25774,0
25775,1
25776,2
25777,1
25778,1
25779,0
25780,1
25781,0
25782,0
25783,1
25784,1
25785,0
25786,0
25787,1
25788,0
25789,1
25790,1
25791,2
25792,3
25793,2
25794,2
25795,1
25796,2
25797,1
25798,1
25799,0
25800,2
25801,1
25802,1
25803,0
25804,1
25805,0
25806,0
25807,1
25808,2
25809,1
25810,1
25811,0
25812,1
25813,0
25814,0
25815,1
25816,1
25817,0
25818,0
25819,1
25820,0
25821,1
25822,1
25823,2
25824,2
25825,1
25826,1
25827,0
25828,1
25829,0
25830,0
25831,1
25832,1
25833,0
25834,0
25835,1
25836,0
25837,1
25838,1
25839,2
25840,1
25841,0
25842,0
25843,1
25844,0
25845,1
25846,1
25847,2
25848,0
25849,1
25850,1
25851,2
25852,1
25853,2
25854,2
25855,3
25856,4
25857,3
25858,3
25859,2
25860,3
25861,2
25862,2
25863,1
25864,3
25865,2
25866,2
25867,1
25868,2
25869,1
25870,1
25871,0
25872,3
25873,2
25874,2
25875,1
25876,2
25877,1
25878,1
25879,0
25880,2
25881,1
25882,1
25883,0
25884,1
25885,0
25886,0
25887,1
25888,3
25889,2
25890,2
25891,1
25892,2
25893,1
25894,1
25895,0
25896,2
25897,1
25898,1
25899,0
25900,1
25901,0
25902,0
25903,1
25904,2
25905,1
25906,1
25907,0
25908,1
25909,0
25910,0
25911,1
25912,1
25913,0
25914,0
25915,1
25916,0
25917,1
25918,1
25919,2
25920,3
25921,2
25922,2
25923,1
25924,2
25925,1
25926,1
25927,0
25928,2
25929,1
25930,1
25931,0
25932,1
25933,0
25934,0
25935,1
25936,2
25937,1
25938,1
25939,0
25940,1
25941,0
25942,0
25943,1
25944,1
25945,0
25946,0
25947,1
25948,0
25949,1
25950,1
25951,2
25952,2
25953,1
25954,1
25955,0
25956,1
25957,0
25958,0
25959,1
25960,1
25961,0
25962,0
25963,1
25964,0
25965,1
25966,1
25967,2
25968,1
25969,0
25970,0
25971,1
25972,0
25973,1
25974,1
25975,2
25976,0
25977,1
25978,1
25979,2
25980,1
25981,2
25982,2
25983,3
25984,3
25985,2
25986,2
25987,1
25988,2
25989,1
25990,1
25991,0
25992,2
25993,1
25994,1
25995,0
25996,1
25997,0
25998,0
25999,1
26000,2
26001,1
26002,1
26003,0
26004,1
26005,0
26006,0
26007,1
26008,1
26009,0
26010,0
26011,1
26012,0
26013,1
26014,1
26015,2
26016,2
26017,1
26018,1
26019,0
26020,1
26021,0
26022,0
26023,1
26024,1
26025,0
26026,0
26027,1
26028,0
26029,1
26030,1
26031,2
26032,1
26033,0
26034,0
26035,1
26036,0
26037,1
26038,1
26039,2
26040,0
26041,1
26042,1
26043,2
26044,1
26045,2
26046,2
26047,3
26048,2
26049,1
26050,1
26051,0
26052,1
26053,0
26054,0
26055,1
26056,1
26057,0
26058,0
26059,1
26060,0
26061,1
26062,1
26063,2
26064,1
26065,0
26066,0
26067,1
26068,0
26069,1
26070,1
26071,2
26072,0
26073,1
26074,1
26075,2
26076,1
26077,2
26078,2
26079,3
26080,1
26081,0
26082,0
26083,1
26084,0
26085,1
26086,1
26087,2
26088,0
26089,1
26090,1
26091,2
26092,1
26093,2
26094,2
26095,3
26096,0
26097,1
26098,1
26099,2
26100,1
26101,2
26102,2
26103,3
26104,1
26105,2
26106,2
26107,3
26108,2
26109,3
26110,3
26111,4
26112,4
26113,3
26114,3
26115,2
26116,3
26117,2
26118,2
26119,1
26120,3
26121,2
26122,2
26123,1
26124,2
26125,1
26126,1
26127,0
26128,3
26129,2
26130,2
26131,1
26132,2
26133,1
26134,1
26135,0
26136,2
26137,1
26138,1
26139,0
26140,1
26141,0
26142,0
26143,1
26144,3
26145,2
26146,2
26147,1
26148,2
26149,1
26150,1
26151,0
26152,2
26153,1
26154,1
26155,0
26156,1
26157,0
26158,0
26159,1
26160,2
26161,1
26162,1
26163,0
26164,1
26165,0
26166,0
26167,1
26168,1
26169,0
26170,0
26171,1
26172,0
26173,1
26174,1
26175,2
26176,3
26177,2
26178,2
26179,1
26180,2
26181,1
26182,1
26183,0
26184,2
26185,1
26186,1
26187,0
26188,1
26189,0
26190,0
26191,1
26192,2
26193,1
26194,1
26195,0
26196,1
26197,0
26198,0
26199,1
26200,1
26201,0
26202,0
26203,1
26204,0
26205,1
26206,1
26207,2
26208,2
26209,1
26210,1
26211,0
26212,1
26213,0
26214,0
26215,1
26216,1
26217,0
26218,0
26219,1
26220,0
26221,1
26222,1
26223,2
26224,1
26225,0
26226,0
26227,1
26228,0
26229,1
26230,1
26231,2
26232,0
26233,1
26234,1
26235,2
26236,1
26237,2
26238,2
26239,3
26240,3
26241,2
26242,2
26243,1
26244,2
26245,1
26246,1
26247,0
26248,2
26249,1
26250,1
26251,0
26252,1
26253,0
26254,0
26255,1
26256,2
26257,1
26258,1
26259,0
26260,1
26261,0
26262,0
26263,1
26264,1
26265,0
26266,0
26267,1
26268,0
26269,1
26270,1
26271,2
26272,2
26273,1
26274,1
26275,0
26276,1
26277,0
26278,0
26279,1
26280,1
26281,0
26282,0
26283,1
26284,0
26285,1
26286,1
26287,2
26288,1
26289,0
26290,0
26291,1
26292,0
26293,1
26294,1
26295,2
26296,0
26297,1
26298,1
26299,2
26300,1
26301,2
26302,2
26303,3
26304,2
26305,1
26306,1
26307,0
26308,1
26309,0
26310,0
26311,1
26312,1
26313,0
26314,0
26315,1
26316,0
26317,1
26318,1
26319,2
26320,1
26321,0
26322,0
26323,1
26324,0
26325,1
26326,1
26327,2
26328,0
26329,1
26330,1
26331,2
26332,1
26333,2
26334,2
26335,3
26336,1
26337,0
26338,0
26339,1
26340,0
26341,1
26342,1
26343,2
26344,0
26345,1
26346,1
26347,2
26348,1
26349,2
26350,2
26351,3
26352,0
26353,1
26354,1
26355,2
26356,1
26357,2
26358,2
26359,3
26360,1
26361,2
26362,2
26363,3
26364,2
26365,3
26366,3
26367,4
26368,3
26369,2
26370,2
26371,1
26372,2
26373,1
26374,1
26375,0
26376,2
26377,1
26378,1
26379,0
26380,1
26381,0
26382,0
26383,1
26384,2
26385,1
26386,1
26387,0
26388,1
26389,0
26390,0
26391,1
26392,1
26393,0
26394,0
26395,1
26396,0
26397,1
26398,1
26399,2
26400,2
26401,1
26402,1
26403,0
26404,1
26405,0
26406,0
26407,1
26408,1
26409,0
26410,0
26411,1
26412,0
26413,1
26414,1
26415,2
26416,1
26417,0
26418,0
26419,1
26420,0
26421,1
26422,1
26423,2
26424,0
26425,1
26426,1
26427,2
26428,1
26429,2
26430,2
26431,3
26432,2
26433,1
26434,1
26435,0
26436,1
26437,0
26438,0
26439,1
26440,1
26441,0
26442,0
26443,1
26444,0
26445,1
26446,1
26447,2
26448,1
26449,0
26450,0
26451,1
26452,0
26453,1
26454,1
26455,2
26456,0
26457,1
26458,1
26459,2
26460,1
26461,2
26462,2
26463,3
26464,1
26465,0
26466,0
26467,1
26468,0
26469,1
26470,1
26471,2
26472,0
26473,1
26474,1
26475,2
26476,1
26477,2
26478,2
26479,3
26480,0
26481,1
26482,1
26483,2
26484,1
26485,2
26486,2
26487,3
26488,1
26489,2
26490,2
26491,3
26492,2
26493,3
26494,3
26495,4
26496,2
26497,1
26498,1
26499,0
26500,1
26501,0
26502,0
26503,1
26504,1
26505,0
26506,0
26507,1
26508,0
26509,1
26510,1
26511,2
26512,1
26513,0
26514,0
26515,1
26516,0
26517,1
26518,1
26519,2
26520,0
26521,1
26522,1
26523,2
26524,1
26525,2
26526,2
26527,3
26528,1
26529,0
26530,0
26531,1
26532,0
26533,1
26534,1
26535,2
26536,0
26537,1
26538,1
26539,2
26540,1
26541,2
26542,2
26543,3
26544,0
26545,1
26546,1
26547,2
26548,1
26549,2
26550,2
26551,3
26552,1
26553,2
26554,2
26555,3
26556,2
26557,3
26558,3
26559,4
26560,1
26561,0
26562,0
26563,1
26564,0
26565,1
26566,1
26567,2
26568,0
26569,1
26570,1
26571,2
26572,1
26573,2
26574,2
26575,3
26576,0
26577,1
26578,1
26579,2
26580,1
26581,2
26582,2
26583,3
26584,1
26585,2
26586,2
26587,3
26588,2
26589,3
26590,3
26591,4
26592,0
26593,1
26594,1
26595,2
26596,1
26597,2
26598,2
26599,3
26600,1
26601,2
26602,2
26603,3
26604,2
26605,3
26606,3
26607,4
26608,1
26609,2
26610,2
26611,3
26612,2
26613,3
26614,3
26615,4
26616,2
26617,3
26618,3
26619,4
26620,3
26621,4
26622,4
26623,3
26624,3
26625,4
26626,4
26627,3
26628,4
26629,3
26630,3
26631,2
26632,4
26633,3
26634,3
26635,2
26636,3
26637,2
26638,2
26639,1
26640,4
26641,3
26642,3
26643,2
26644,3
26645,2
26646,2
26647,1
26648,3
26649,2
26650,2
26651,1
26652,2
26653,1
26654,1
26655,0
26656,4
26657,3
26658,3
26659,2
26660,3
26661,2
26662,2
26663,1
26664,3
26665,2
26666,2
26667,1
26668,2
26669,1
26670,1
26671,0
26672,3
26673,2
26674,2
26675,1
26676,2
26677,1
26678,1
26679,0
26680,2
26681,1
26682,1
26683,0
26684,1
26685,0
26686,0
26687,1
26688,4
26689,3
26690,3
26691,2
26692,3
26693,2
26694,2
26695,1
26696,3
26697,2
26698,2
26699,1
26700,2
26701,1
26702,1
26703,0
26704,3
26705,2
26706,2
26707,1
26708,2
26709,1
26710,1
26711,0
26712,2
26713,1
26714,1
26715,0
26716,1
26717,0
26718,0
26719,1
26720,3
26721,2
26722,2
26723,1
26724,2
26725,1
26726,1
26727,0
26728,2
26729,1
26730,1
26731,0
26732,1
26733,0
26734,0
26735,1
26736,2
26737,1
26738,1
26739,0
26740,1
26741,0
26742,0
26743,1
26744,1
26745,0
26746,0
26747,1
26748,0
26749,1
26750,1
26751,2
26752,4
26753,3
26754,3
26755,2
26756,3
26757,2
26758,2
26759,1
26760,3
26761,2
26762,2
26763,1
26764,2
26765,1
26766,1
26767,0
26768,3
26769,2
26770,2
26771,1
26772,2
26773,1
26774,1
26775,0
26776,2
26777,1
26778,1
26779,0
26780,1
26781,0
26782,0
26783,1
26784,3
26785,2
26786,2
26787,1
26788,2
26789,1
26790,1
26791,0
26792,2
26793,1
26794,1
26795,0
26796,1
26797,0
26798,0
26799,1
26800,2
26801,1
26802,1
26803,0
26804,1
26805,0
26806,0
26807,1
26808,1
26809,0
26810,0
26811,1
26812,0
26813,1
26814,1
26815,2
26816,3
26817,2
26818,2
26819,1
26820,2
26821,1
26822,1
26823,0
26824,2
26825,1
26826,1
26827,0
26828,1
26829,0
26830,0
26831,1
26832,2
26833,1
26834,1
26835,0
26836,1
26837,0
26838,0
26839,1
26840,1
26841,0
26842,0
26843,1
26844,0
26845,1
26846,1
26847,2
26848,2
26849,1
26850,1
26851,0
26852,1
26853,0
26854,0
26855,1
26856,1
26857,0
26858,0
26859,1
26860,0
26861,1
26862,1
26863,2
26864,1
26865,0
26866,0
26867,1
26868,0
26869,1
26870,1
26871,2
26872,0
26873,1
26874,1
26875,2
26876,1
26877,2
26878,2
26879,3
26880,4
26881,3
26882,3
26883,2
26884,3
26885,2
26886,2
26887,1
26888,3
26889,2
26890,2
26891,1
26892,2
26893,1
26894,1
26895,0
26896,3
26897,2
26898,2
26899,1
26900,2
26901,1
26902,1
26903,0
26904,2
26905,1
26906,1
26907,0
26908,1
26909,0
26910,0
26911,1
26912,3
26913,2
26914,2
26915,1
26916,2
26917,1
26918,1
26919,0
26920,2
26921,1
26922,1
26923,0
26924,1
26925,0
26926,0
26927,1
26928,2
26929,1
26930,1
26931,0
26932,1
26933,0
26934,0
26935,1
26936,1
26937,0
26938,0
26939,1
26940,0
26941,1
26942,1
26943,2
26944,3
26945,2
26946,2
26947,1
26948,2
26949,1
26950,1
26951,0
26952,2
26953,1
26954,1
26955,0
26956,1
26957,0
26958,0
26959,1
26960,2
26961,1
26962,1
26963,0
26964,1
26965,0
26966,0
26967,1
26968,1
26969,0
26970,0
26971,1
26972,0
26973,1
26974,1
26975,2
26976,2
26977,1
26978,1
26979,0
26980,1
26981,0
26982,0
26983,1
26984,1
26985,0
26986,0
26987,1
26988,0
26989,1
26990,1
26991,2
26992,1
26993,0
26994,0
26995,1
26996,0
26997,1
26998,1
26999,2
27000,0
27001,1
27002,1
27003,2
27004,1
27005,2
27006,2
27007,3
27008,3
27009,2
27010,2
27011,1
27012,2
27013,1
27014,1
27015,0
27016,2
27017,1
27018,1
27019,0
27020,1
27021,0
27022,0
27023,1
27024,2
27025,1
27026,1
27027,0
27028,1
27029,0
27030,0
27031,1
27032,1
27033,0
27034,0
27035,1
27036,0
27037,1
27038,1
27039,2
27040,2
27041,1
27042,1
27043,0
27044,1
27045,0
27046,0
27047,1
27048,1
27049,0
27050,0
27051,1
27052,0
27053,1
27054,1
27055,2
27056,1
27057,0
27058,0
27059,1
27060,0
27061,1
27062,1
27063,2
27064,0
27065,1
27066,1
27067,2
27068,1
27069,2
27070,2
27071,3
27072,2
27073,1
27074,1
27075,0
27076,1
27077,0
27078,0
27079,1
27080,1
27081,0
27082,0
27083,1
27084,0
27085,1
27086,1
27087,2
27088,1
27089,0
27090,0
27091,1
27092,0
27093,1
27094,1
27095,2
27096,0
27097,1
27098,1
27099,2
27100,1
27101,2
27102,2
27103,3
27104,1
27105,0
27106,0
27107,1
27108,0
27109,1
27110,1
27111,2
27112,0
27113,1
27114,1
27115,2
27116,1
27117,2
27118,2
27119,3
27120,0
27121,1
27122,1
27123,2
27124,1
27125,2
27126,2
27127,3
27128,1
27129,2
27130,2
27131,3
27132,2
27133,3
27134,3
27135,4
27136,4
27137,3
27138,3
27139,2
27140,3
27141,2
27142,2
27143,1
27144,3
27145,2
27146,2
27147,1
27148,2
27149,1
27150,1
27151,0
27152,3
27153,2
27154,2
27155,1
27156,2
27157,1
27158,1
27159,0
27160,2
27161,1
27162,1
27163,0
27164,1
27165,0
27166,0
27167,1
27168,3
27169,2
27170,2
27171,1
27172,2
27173,1
27174,1
27175,0
27176,2
27177,1
27178,1
27179,0
27180,1
27181,0
27182,0
27183,1
27184,2
27185,1
27186,1
27187,0
27188,1
27189,0
27190,0
27191,1
27192,1
27193,0
27194,0
27195,1
27196,0
27197,1
27198,1
27199,2
27200,3
27201,2
27202,2
27203,1
27204,2
27205,1
27206,1
27207,0
27208,2
27209,1
27210,1
27211,0
27212,1
27213,0
27214,0
27215,1
27216,2
27217,1
27218,1
27219,0
27220,1
27221,0
27222,0
27223,1
27224,1
27225,0
27226,0
27227,1
27228,0
27229,1
27230,1
27231,2
27232,2
27233,1
27234,1
27235,0
27236,1
27237,0
27238,0
27239,1
27240,1
27241,0
27242,0
27243,1
27244,0
27245,1
27246,1
27247,2
27248,1
27249,0
27250,0
27251,1
27252,0
27253,1
27254,1
27255,2
27256,0
27257,1
27258,1
27259,2
27260,1
27261,2
27262,2
27263,3
27264,3
27265,2
27266,2
27267,1
27268,2
27269,1
27270,1
27271,0
27272,2
27273,1
27274,1
27275,0
27276,1
27277,0
27278,0
27279,1
27280,2
27281,1
27282,1
27283,0
27284,1
27285,0
27286,0
27287,1
27288,1
27289,0
27290,0
27291,1
27292,0
27293,1
27294,1
27295,2
27296,2
27297,1
27298,1
27299,0
27300,1
27301,0
27302,0
27303,1
27304,1
27305,0
27306,0
27307,1
27308,0
27309,1
27310,1
27311,2
27312,1
27313,0
27314,0
27315,1
27316,0
27317,1
27318,1
27319,2
27320,0
27321,1
27322,1
27323,2
27324,1
27325,2
27326,2
27327,3
27328,2
27329,1
27330,1
27331,0
27332,1
27333,0
27334,0
27335,1
27336,1
27337,0
27338,0
27339,1
27340,0
27341,1
27342,1
27343,2
27344,1
27345,0
27346,0
27347,1
27348,0
27349,1
27350,1
27351,2
27352,0
27353,1
27354,1
27355,2
27356,1
27357,2
27358,2
27359,3
27360,1
27361,0
27362,0
27363,1
27364,0
27365,1
27366,1
27367,2
27368,0
27369,1
27370,1
27371,2
27372,1
27373,2
27374,2
27375,3
27376,0
27377,1
27378,1
27379,2
27380,1
27381,2
27382,2
27383,3
27384,1
27385,2
27386,2
27387,3
27388,2
27389,3
27390,3
27391,4
27392,3
27393,2
27394,2
27395,1
27396,2
27397,1
27398,1
27399,0
27400,2
27401,1
27402,1
27403,0
27404,1
27405,0
27406,0
27407,1
27408,2
27409,1
27410,1
27411,0
27412,1
27413,0
27414,0
27415,1
27416,1
27417,0
27418,0
27419,1
27420,0
27421,1
27422,1
27423,2
27424,2
27425,1
27426,1
27427,0
27428,1
27429,0
27430,0
27431,1
27432,1
27433,0
27434,0
27435,1
27436,0
27437,1
27438,1
27439,2
27440,1
27441,0
27442,0
27443,1
27444,0
27445,1
27446,1
27447,2
27448,0
27449,1
27450,1
27451,2
27452,1
27453,2
27454,2
27455,3
27456,2
27457,1
27458,1
27459,0
27460,1
27461,0
27462,0
27463,1
27464,1
27465,0
27466,0
27467,1
27468,0
27469,1
27470,1
27471,2
27472,1
27473,0
27474,0
27475,1
27476,0
27477,1
27478,1
27479,2
27480,0
27481,1
27482,1
27483,2
27484,1
27485,2
27486,2
27487,3
27488,1
27489,0
27490,0
27491,1
27492,0
27493,1
27494,1
27495,2
27496,0
27497,1
27498,1
27499,2
27500,1
27501,2
27502,2
27503,3
27504,0
27505,1
27506,1
27507,2
27508,1
27509,2
27510,2
27511,3
27512,1
27513,2
27514,2
27515,3
27516,2
27517,3
27518,3
27519,4
27520,2
27521,1
27522,1
27523,0
27524,1
27525,0
27526,0
27527,1
27528,1
27529,0
27530,0
27531,1
27532,0
27533,1
27534,1
27535,2
27536,1
27537,0
27538,0
27539,1
27540,0
27541,1
27542,1
27543,2
27544,0
27545,1
27546,1
27547,2
27548,1
27549,2
27550,2
27551,3
27552,1
27553,0
27554,0
27555,1
27556,0
27557,1
27558,1
27559,2
27560,0
27561,1
27562,1
27563,2
27564,1
27565,2
27566,2
27567,3
27568,0
27569,1
27570,1
27571,2
27572,1
27573,2
27574,2
27575,3
27576,1
27577,2
27578,2
27579,3
27580,2
27581,3
27582,3
27583,4
27584,1
27585,0
27586,0
27587,1
27588,0
27589,1
27590,1
27591,2
27592,0
27593,1
27594,1
27595,2
27596,1
27597,2
27598,2
27599,3
27600,0
27601,1
27602,1
27603,2
27604,1
27605,2
27606,2
27607,3
27608,1
27609,2
27610,2
27611,3
27612,2
27613,3
27614,3
27615,4
27616,0
27617,1
27618,1
27619,2
27620,1
27621,2
27622,2
27623,3
27624,1
27625,2
27626,2
27627,3
27628,2
27629,3
27630,3
27631,4
27632,1
27633,2
27634,2
27635,3
27636,2
27637,3
27638,3
27639,4
27640,2
27641,3
27642,3
27643,4
27644,3
27645,4
27646,4
27647,3
27648,4
27649,3
27650,3
27651,2
27652,3
27653,2
27654,2
27655,1
27656,3
27657,2
27658,2
27659,1
27660,2
27661,1
27662,1
27663,0
27664,3
27665,2
27666,2
27667,1
27668,2
27669,1
27670,1
27671,0
27672,2
27673,1
27674,1
27675,0
27676,1
27677,0
27678,0
27679,1
27680,3
27681,2
27682,2
27683,1
27684,2
27685,1
27686,1
27687,0
27688,2
27689,1
27690,1
27691,0
27692,1
27693,0
27694,0
27695,1
27696,2
27697,1
27698,1
27699,0
27700,1
27701,0
27702,0
27703,1
27704,1
27705,0
27706,0
27707,1
27708,0
27709,1
27710,1
27711,2
27712,3
27713,2
27714,2
27715,1
27716,2
27717,1
27718,1
27719,0
27720,2
27721,1
27722,1
27723,0
27724,1
27725,0
27726,0
27727,1
27728,2
27729,1
27730,1
27731,0
27732,1
27733,0
27734,0
27735,1
27736,1
27737,0
27738,0
27739,1
27740,0
27741,1
27742,1
27743,2
27744,2
27745,1
27746,1
27747,0
27748,1
27749,0
27750,0
27751,1
27752,1
27753,0
27754,0
27755,1
27756,0
27757,1
27758,1
27759,2
27760,1
27761,0
27762,0
27763,1
27764,0
27765,1
27766,1
27767,2
27768,0
27769,1
27770,1
27771,2
27772,1
27773,2
27774,2
27775,3
27776,3
27777,2
27778,2
27779,1
27780,2
27781,1
27782,1
27783,0
27784,2
27785,1
27786,1
27787,0
27788,1
27789,0
27790,0
27791,1
27792,2
27793,1
27794,1
27795,0
27796,1
27797,0
27798,0
27799,1
27800,1
27801,0
27802,0
27803,1
27804,0
27805,1
27806,1
27807,2
27808,2
27809,1
27810,1
27811,0
27812,1
27813,0
27814,0
27815,1
27816,1
27817,0
27818,0
27819,1
27820,0
27821,1
27822,1
27823,2
27824,1
27825,0
27826,0
27827,1
27828,0
27829,1
27830,1
27831,2
27832,0
27833,1
27834,1
27835,2
27836,1
27837,2
27838,2
27839,3
27840,2
27841,1
27842,1
27843,0
27844,1
27845,0
27846,0
27847,1
27848,1
27849,0
27850,0
27851,1
27852,0
27853,1
27854,1
27855,2
27856,1
27857,0
27858,0
27859,1
27860,0
27861,1
27862,1
27863,2
27864,0
27865,1
27866,1
27867,2
27868,1
27869,2
27870,2
27871,3
27872,1
27873,0
27874,0
27875,1
27876,0
27877,1
27878,1
27879,2
27880,0
27881,1
27882,1
27883,2
27884,1
27885,2
27886,2
27887,3
27888,0
27889,1
27890,1
27891,2
27892,1
27893,2
27894,2
27895,3
27896,1
27897,2
27898,2
27899,3
27900,2
27901,3
27902,3
27903,4
27904,3
27905,2
27906,2
27907,1
27908,2
27909,1
27910,1
27911,0
27912,2
27913,1
27914,1
27915,0
27916,1
27917,0
27918,0
27919,1
27920,2
27921,1
27922,1
27923,0
27924,1
27925,0
27926,0
27927,1
27928,1
27929,0
27930,0
27931,1
27932,0
27933,1
27934,1
27935,2
27936,2
27937,1
27938,1
27939,0
27940,1
27941,0
27942,0
27943,1
27944,1
27945,0
27946,0
27947,1
27948,0
27949,1
27950,1
27951,2
27952,1
27953,0
27954,0
27955,1
27956,0
27957,1
27958,1
27959,2
27960,0
27961,1
27962,1
27963,2
27964,1
27965,2
27966,2
27967,3
27968,2
27969,1
27970,1
27971,0
27972,1
27973,0
27974,0
27975,1
27976,1
27977,0
27978,0
27979,1
27980,0
27981,1
27982,1
27983,2
27984,1
27985,0
27986,0
27987,1
27988,0
27989,1
27990,1
27991,2
27992,0
27993,1
27994,1
27995,2
27996,1
27997,2
27998,2
27999,3
28000,1
28001,0
28002,0
28003,1
28004,0
28005,1
28006,1
28007,2
28008,0
28009,1
28010,1
28011,2
28012,1
28013,2
28014,2
28015,3
28016,0
28017,1
28018,1
28019,2
28020,1
28021,2
28022,2
28023,3
28024,1
28025,2
28026,2
28027,3
28028,2
28029,3
28030,3
28031,4
28032,2
28033,1
28034,1
28035,0
28036,1
28037,0
28038,0
28039,1
28040,1
28041,0
28042,0
28043,1
28044,0
28045,1
28046,1
28047,2
28048,1
28049,0
28050,0
28051,1
28052,0
28053,1
28054,1
28055,2
28056,0
28057,1
28058,1
28059,2
28060,1
28061,2
28062,2
28063,3
28064,1
28065,0
28066,0
28067,1
28068,0
28069,1
28070,1
28071,2
28072,0
28073,1
28074,1
28075,2
28076,1
28077,2
28078,2
28079,3
28080,0
28081,1
28082,1
28083,2
28084,1
28085,2
28086,2
28087,3
28088,1
28089,2
28090,2
28091,3
28092,2
28093,3
28094,3
28095,4
28096,1
28097,0
28098,0
28099,1
28100,0
28101,1
28102,1
28103,2
28104,0
28105,1
28106,1
28107,2
28108,1
28109,2
28110,2
28111,3
28112,0
28113,1
28114,1
28115,2
28116,1
28117,2
28118,2
28119,3
28120,1
28121,2
28122,2
28123,3
28124,2
28125,3
28126,3
28127,4
28128,0
28129,1
28130,1
28131,2
28132,1
28133,2
28134,2
28135,3
28136,1
28137,2
28138,2
28139,3
28140,2
28141,3
28142,3
28143,4
28144,1
28145,2
28146,2
28147,3
28148,2
28149,3
28150,3
28151,4
28152,2
28153,3
28154,3
28155,4
28156,3
28157,4
28158,4
28159,3
28160,3
28161,2
28162,2
28163,1
28164,2
28165,1
28166,1
28167,0
28168,2
28169,1
28170,1
28171,0
28172,1
28173,0
28174,0
28175,1
28176,2
28177,1
28178,1
28179,0
28180,1
28181,0
28182,0
28183,1
28184,1
28185,0
28186,0
28187,1
28188,0
28189,1
28190,1
28191,2
28192,2
28193,1
28194,1
28195,0
28196,1
28197,0
28198,0
28199,1
28200,1
28201,0
28202,0
28203,1
28204,0
28205,1
28206,1
28207,2
28208,1
28209,0
28210,0
28211,1
28212,0
28213,1
28214,1
28215,2
28216,0
28217,1
28218,1
28219,2
28220,1
28221,2
28222,2
28223,3
28224,2
28225,1
28226,1
28227,0
28228,1
28229,0
28230,0
28231,1
28232,1
28233,0
28234,0
28235,1
28236,0
28237,1
28238,1
28239,2
28240,1
28241,0
28242,0
28243,1
28244,0
28245,1
28246,1
28247,2
28248,0
28249,1
28250,1
28251,2
28252,1
28253,2
28254,2
28255,3
28256,1
28257,0
28258,0
28259,1
28260,0
28261,1
28262,1
28263,2
28264,0
28265,1
28266,1
28267,2
28268,1
28269,2
28270,2
28271,3
28272,0
28273,1
28274,1
28275,2
28276,1
28277,2
28278,2
28279,3
28280,1
28281,2
28282,2
28283,3
28284,2
28285,3
28286,3
28287,4
28288,2
28289,1
28290,1
28291,0
28292,1
28293,0
28294,0
28295,1
28296,1
28297,0
28298,0
28299,1
28300,0
28301,1
28302,1
28303,2
28304,1
28305,0
28306,0
28307,1
28308,0
28309,1
28310,1
28311,2
28312,0
28313,1
28314,1
28315,2
28316,1
28317,2
28318,2
28319,3
28320,1
28321,0
28322,0
28323,1
28324,0
28325,1
28326,1
28327,2
28328,0
28329,1
28330,1
28331,2
28332,1
28333,2
28334,2
28335,3
28336,0
28337,1
28338,1
28339,2
28340,1
28341,2
28342,2
28343,3
28344,1
28345,2
28346,2
28347,3
28348,2
28349,3
28350,3
28351,4
28352,1
28353,0
28354,0
28355,1
28356,0
28357,1
28358,1
28359,2
28360,0
28361,1
28362,1
28363,2
28364,1
28365,2
28366,2
28367,3
28368,0
28369,1
28370,1
28371,2
28372,1
28373,2
28374,2
28375,3
28376,1
28377,2
28378,2
28379,3
28380,2
28381,3
28382,3
28383,4
28384,0
28385,1
28386,1
28387,2
28388,1
28389,2
28390,2
28391,3
28392,1
28393,2
28394,2
28395,3
28396,2
28397,3
28398,3
28399,4
28400,1
28401,2
28402,2
28403,3
28404,2
28405,3
28406,3
28407,4
28408,2
28409,3
28410,3
28411,4
28412,3
28413,4
28414,4
28415,3
28416,2
28417,1
28418,1
28419,0
28420,1
28421,0
28422,0
28423,1
28424,1
28425,0
28426,0
28427,1
28428,0
28429,1
28430,1
28431,2
28432,1
28433,0
28434,0
28435,1
28436,0
28437,1
28438,1
28439,2
28440,0
28441,1
28442,1
28443,2
28444,1
28445,2
28446,2
28447,3
28448,1
28449,0
28450,0
28451,1
28452,0
28453,1
28454,1
28455,2
28456,0
28457,1
28458,1
28459,2
28460,1
28461,2
28462,2
28463,3
28464,0
28465,1
28466,1
28467,2
28468,1
28469,2
28470,2
28471,3
28472,1
28473,2
28474,2
28475,3
28476,2
28477,3
28478,3
28479,4
28480,1
28481,0
28482,0
28483,1
28484,0
28485,1
28486,1
28487,2
28488,0
28489,1
28490,1
28491,2
28492,1
28493,2
28494,2
28495,3
28496,0
28497,1
28498,1
28499,2
28500,1
28501,2
28502,2
28503,3
28504,1
28505,2
28506,2
28507,3
28508,2
28509,3
28510,3
28511,4
28512,0
28513,1
28514,1
28515,2
28516,1
28517,2
28518,2
28519,3
28520,1
28521,2
28522,2
28523,3
28524,2
28525,3
28526,3
28527,4
28528,1
28529,2
28530,2
28531,3
28532,2
28533,3
28534,3
28535,4
28536,2
28537,3
28538,3
28539,4
28540,3
28541,4
28542,4
28543,3
28544,1
28545,0
28546,0
28547,1
28548,0
28549,1
28550,1
28551,2
28552,0
28553,1
28554,1
28555,2
28556,1
28557,2
28558,2
28559,3
28560,0
28561,1
28562,1
28563,2
28564,1
28565,2
28566,2
28567,3
28568,1
28569,2
28570,2
28571,3
28572,2
28573,3
28574,3
28575,4
28576,0
28577,1
28578,1
28579,2
28580,1
28581,2
28582,2
28583,3
28584,1
28585,2
28586,2
28587,3
28588,2
28589,3
28590,3
28591,4
28592,1
28593,2
28594,2
28595,3
28596,2
28597,3
28598,3
28599,4
28600,2
28601,3
28602,3
28603,4
28604,3
28605,4
28606,4
28607,3
28608,0
28609,1
28610,1
28611,2
28612,1
28613,2
28614,2
28615,3
28616,1
28617,2
28618,2
28619,3
28620,2
28621,3
28622,3
28623,4
28624,1
28625,2
28626,2
28627,3
28628,2
28629,3
28630,3
28631,4
28632,2
28633,3
28634,3
28635,4
28636,3
28637,4
28638,4
28639,3
28640,1
28641,2
28642,2
28643,3
28644,2
28645,3
28646,3
28647,4
28648,2
28649,3
28650,3
28651,4
28652,3
28653,4
28654,4
28655,3
28656,2
28657,3
28658,3
28659,4
28660,3
28661,4
28662,4
28663,3
28664,3
28665,4
28666,4
28667,3
28668,4
28669,3
28670,3
28671,2
28672,3
28673,4
28674,4
28675,3
28676,4
28677,3
28678,3
28679,2
28680,4
28681,3
28682,3
28683,2
28684,3
28685,2
28686,2
28687,1
28688,4
28689,3
28690,3
28691,2
28692,3
28693,2
28694,2
28695,1
28696,3
28697,2
28698,2
28699,1
28700,2
28701,1
28702,1
28703,0
28704,4
28705,3
28706,3
28707,2
28708,3
28709,2
28710,2
28711,1
28712,3
28713,2
28714,2
28715,1
28716,2
28717,1
28718,1
28719,0
28720,3
28721,2
28722,2
28723,1
28724,2
28725,1
28726,1
28727,0
28728,2
28729,1
28730,1
28731,0
28732,1
28733,0
28734,0
28735,1
28736,4
28737,3
28738,3
28739,2
28740,3
28741,2
28742,2
28743,1
28744,3
28745,2
28746,2
28747,1
28748,2
28749,1
28750,1
28751,0
28752,3
28753,2
28754,2
28755,1
28756,2
28757,1
28758,1
28759,0
28760,2
28761,1
28762,1
28763,0
28764,1
28765,0
28766,0
28767,1
28768,3
28769,2
28770,2
28771,1
28772,2
28773,1
28774,1
28775,0
28776,2
28777,1
28778,1
28779,0
28780,1
28781,0
28782,0
28783,1
28784,2
28785,1
28786,1
28787,0
28788,1
28789,0
28790,0
28791,1
28792,1
28793,0
28794,0
28795,1
28796,0
28797,1
28798,1
28799,2
28800,4
28801,3
28802,3
28803,2
28804,3
28805,2
28806,2
28807,1
28808,3
28809,2
28810,2
28811,1
28812,2
28813,1
28814,1
28815,0
28816,3
28817,2
28818,2
28819,1
28820,2
28821,1
28822,1
28823,0
28824,2
28825,1
28826,1
28827,0
28828,1
28829,0
28830,0
28831,1
28832,3
28833,2
28834,2
28835,1
28836,2
28837,1
28838,1
28839,0
28840,2
28841,1
28842,1
28843,0
28844,1
28845,0
28846,0
28847,1
28848,2
28849,1
28850,1
28851,0
28852,1
28853,0
28854,0
28855,1
28856,1
28857,0
28858,0
28859,1
28860,0
28861,1
28862,1
28863,2
28864,3
28865,2
28866,2
28867,1
28868,2
28869,1
28870,1
28871,0
28872,2
28873,1
28874,1
28875,0
28876,1
28877,0
28878,0
28879,1
28880,2
28881,1
28882,1
28883,0
28884,1
28885,0
28886,0
28887,1
28888,1
28889,0
28890,0
28891,1
28892,0
28893,1
28894,1
28895,2
28896,2
28897,1
28898,1
28899,0
28900,1
28901,0
28902,0
28903,1
28904,1
28905,0
28906,0
28907,1
28908,0
28909,1
28910,1
28911,2
28912,1
28913,0
28914,0
28915,1
28916,0
28917,1
28918,1
28919,2
28920,0
28921,1
28922,1
28923,2
28924,1
28925,2
28926,2
28927,3
28928,4
28929,3
28930,3
28931,2
28932,3
28933,2
28934,2
28935,1
28936,3
28937,2
28938,2
28939,1
28940,2
28941,1
28942,1
28943,0
28944,3
28945,2
28946,2
28947,1
28948,2
28949,1
28950,1
28951,0
28952,2
28953,1
28954,1
28955,0
28956,1
28957,0
28958,0
28959,1
28960,3
28961,2
28962,2
28963,1
28964,2
28965,1
28966,1
28967,0
28968,2
28969,1
28970,1
28971,0
28972,1
28973,0
28974,0
28975,1
28976,2
28977,1
28978,1
28979,0
28980,1
28981,0
28982,0
28983,1
28984,1
28985,0
28986,0
28987,1
28988,0
28989,1
28990,1
28991,2
28992,3
28993,2
28994,2
28995,1
28996,2
28997,1
28998,1
28999,0
29000,2
29001,1
29002,1
29003,0
29004,1
29005,0
29006,0
29007,1
29008,2
29009,1
29010,1
29011,0
29012,1
29013,0
29014,0
29015,1
29016,1
29017,0
29018,0
29019,1
29020,0
29021,1
29022,1
29023,2
29024,2
29025,1
29026,1
29027,0
29028,1
29029,0
29030,0
29031,1
29032,1
29033,0
29034,0
29035,1
29036,0
29037,1
29038,1
29039,2
29040,1
29041,0
29042,0
29043,1
29044,0
29045,1
29046,1
29047,2
29048,0
29049,1
29050,1
29051,2
29052,1
29053,2
29054,2
29055,3
29056,3
29057,2
29058,2
29059,1
29060,2
29061,1
29062,1
29063,0
29064,2
29065,1
29066,1
29067,0
29068,1
29069,0
29070,0
29071,1
29072,2
29073,1
29074,1
29075,0
29076,1
29077,0
29078,0
29079,1
29080,1
29081,0
29082,0
29083,1
29084,0
29085,1
29086,1
29087,2
29088,2
29089,1
29090,1
29091,0
29092,1
29093,0
29094,0
29095,1
29096,1
29097,0
29098,0
29099,1
29100,0
29101,1
29102,1
29103,2
29104,1
29105,0
29106,0
29107,1
29108,0
29109,1
29110,1
29111,2
29112,0
29113,1
29114,1
29115,2
29116,1
29117,2
29118,2
29119,3
29120,2
29121,1
29122,1
29123,0
29124,1
29125,0
29126,0
29127,1
29128,1
29129,0
29130,0
29131,1
29132,0
29133,1
29134,1
29135,2
29136,1
29137,0
29138,0
29139,1
29140,0
29141,1
29142,1
29143,2
29144,0
29145,1
29146,1
29147,2
29148,1
29149,2
29150,2
29151,3
29152,1
29153,0
29154,0
29155,1
29156,0
29157,1
29158,1
29159,2
29160,0
29161,1
29162,1
29163,2
29164,1
29165,2
29166,2
29167,3
29168,0
29169,1
29170,1
29171,2
29172,1
29173,2
29174,2
29175,3
29176,1
29177,2
29178,2
29179,3
29180,2
29181,3
29182,3
29183,4
29184,4
29185,3
29186,3
29187,2
29188,3
29189,2
29190,2
29191,1
29192,3
29193,2
29194,2
29195,1
29196,2
29197,1
29198,1
29199,0
29200,3
29201,2
29202,2
29203,1
29204,2
29205,1
29206,1
29207,0
29208,2
29209,1
29210,1
29211,0
29212,1
29213,0
29214,0
29215,1
29216,3
29217,2
29218,2
29219,1
29220,2
29221,1
29222,1
29223,0
29224,2
29225,1
29226,1
29227,0
29228,1
29229,0
29230,0
29231,1
29232,2
29233,1
29234,1
29235,0
29236,1
29237,0
29238,0
29239,1
29240,1
29241,0
29242,0
29243,1
29244,0
29245,1
29246,1
29247,2
29248,3
29249,2
29250,2
29251,1
29252,2
29253,1
29254,1
29255,0
29256,2
29257,1
29258,1
29259,0
29260,1
29261,0
29262,0
29263,1
29264,2
29265,1
29266,1
29267,0
29268,1
29269,0
29270,0
29271,1
29272,1
29273,0
29274,0
29275,1
29276,0
29277,1
29278,1
29279,2
29280,2
29281,1
29282,1
29283,0
29284,1
29285,0
29286,0
29287,1
29288,1
29289,0
29290,0
29291,1
29292,0
29293,1
29294,1
29295,2
29296,1
29297,0
29298,0
29299,1
29300,0
29301,1
29302,1
29303,2
29304,0
29305,1
29306,1
29307,2
29308,1
29309,2
29310,2
29311,3
29312,3
29313,2
29314,2
29315,1
29316,2
29317,1
29318,1
29319,0
29320,2
29321,1
29322,1
29323,0
29324,1
29325,0
29326,0
29327,1
29328,2
29329,1
29330,1
29331,0
29332,1
29333,0
29334,0
29335,1
29336,1
29337,0
29338,0
29339,1
29340,0
29341,1
29342,1
29343,2
29344,2
29345,1
29346,1
29347,0
29348,1
29349,0
29350,0
29351,1
29352,1
29353,0
29354,0
29355,1
29356,0
29357,1
29358,1
29359,2
29360,1
29361,0
29362,0
29363,1
29364,0
29365,1
29366,1
29367,2
29368,0
29369,1
29370,1
29371,2
29372,1
29373,2
29374,2
29375,3
29376,2
29377,1
29378,1
29379,0
29380,1
29381,0
29382,0
29383,1
29384,1
29385,0
29386,0
29387,1
29388,0
29389,1
29390,1
29391,2
29392,1
29393,0
29394,0
29395,1
29396,0
29397,1
29398,1
29399,2
29400,0
29401,1
29402,1
29403,2
29404,1
29405,2
29406,2
29407,3
29408,1
29409,0
29410,0
29411,1
29412,0
29413,1
29414,1
29415,2
29416,0
29417,1
29418,1
29419,2
29420,1
29421,2
29422,2
29423,3
29424,0
29425,1
29426,1
29427,2
29428,1
29429,2
29430,2
29431,3
29432,1
29433,2
29434,2
29435,3
29436,2
29437,3
29438,3
29439,4
29440,3
29441,2
29442,2
29443,1
29444,2
29445,1
29446,1
29447,0
29448,2
29449,1
29450,1
29451,0
29452,1
29453,0
29454,0
29455,1
29456,2
29457,1
29458,1
29459,0
29460,1
29461,0
29462,0
29463,1
29464,1
29465,0
29466,0
29467,1
29468,0
29469,1
29470,1
29471,2
29472,2
29473,1
29474,1
29475,0
29476,1
29477,0
29478,0
29479,1
29480,1
29481,0
29482,0
29483,1
29484,0
29485,1
29486,1
29487,2
29488,1
29489,0
29490,0
29491,1
29492,0
29493,1
29494,1
29495,2
29496,0
29497,1
29498,1
29499,2
29500,1
29501,2
29502,2
29503,3
29504,2
29505,1
29506,1
29507,0
29508,1
29509,0
29510,0
29511,1
29512,1
29513,0
29514,0
29515,1
29516,0
29517,1
29518,1
29519,2
29520,1
29521,0
29522,0
29523,1
29524,0
29525,1
29526,1
29527,2
29528,0
29529,1
29530,1
29531,2
29532,1
29533,2
29534,2
29535,3
29536,1
29537,0
29538,0
29539,1
29540,0
29541,1
29542,1
29543,2
29544,0
29545,1
29546,1
29547,2
29548,1
29549,2
29550,2
29551,3
29552,0
29553,1
29554,1
29555,2
29556,1
29557,2
29558,2
29559,3
29560,1
29561,2
29562,2
29563,3
29564,2
29565,3
29566,3
29567,4
29568,2
29569,1
29570,1
29571,0
29572,1
29573,0
29574,0
29575,1
29576,1
29577,0
29578,0
29579,1
29580,0
29581,1
29582,1
29583,2
29584,1
29585,0
29586,0
29587,1
29588,0
29589,1
29590,1
29591,2
29592,0
29593,1
29594,1
29595,2
29596,1
29597,2
29598,2
29599,3
29600,1
29601,0
29602,0
29603,1
29604,0
29605,1
29606,1
29607,2
29608,0
29609,1
29610,1
29611,2
29612,1
29613,2
29614,2
29615,3
29616,0
29617,1
29618,1
29619,2
29620,1
29621,2
29622,2
29623,3
29624,1
29625,2
29626,2
29627,3
29628,2
29629,3
29630,3
29631,4
29632,1
29633,0
29634,0
29635,1
29636,0
29637,1
29638,1
29639,2
29640,0
29641,1
29642,1
29643,2
29644,1
29645,2
29646,2
29647,3
29648,0
29649,1
29650,1
29651,2
29652,1
29653,2
29654,2
29655,3
29656,1
29657,2
29658,2
29659,3
29660,2
29661,3
29662,3
29663,4
29664,0
29665,1
29666,1
29667,2
29668,1
29669,2
29670,2
29671,3
29672,1
29673,2
29674,2
29675,3
29676,2
29677,3
29678,3
29679,4
29680,1
29681,2
29682,2
29683,3
29684,2
29685,3
29686,3
29687,4
29688,2
29689,3
29690,3
29691,4
29692,3
29693,4
29694,4
29695,3
29696,4
29697,3
29698,3
29699,2
29700,3
29701,2
29702,2
29703,1
29704,3
29705,2
29706,2
29707,1
29708,2
29709,1
29710,1
29711,0
29712,3
29713,2
29714,2
29715,1
29716,2
29717,1
29718,1
29719,0
29720,2
29721,1
29722,1
29723,0
29724,1
29725,0
29726,0
29727,1
29728,3
29729,2
29730,2
29731,1
29732,2
29733,1
29734,1
29735,0
29736,2
29737,1
29738,1
29739,0
29740,1
29741,0
29742,0
29743,1
29744,2
29745,1
29746,1
29747,0
29748,1
29749,0
29750,0
29751,1
29752,1
29753,0
29754,0
29755,1
29756,0
29757,1
29758,1
29759,2
29760,3
29761,2
29762,2
29763,1
29764,2
29765,1
29766,1
29767,0
29768,2
29769,1
29770,1
29771,0
29772,1
29773,0
29774,0
29775,1
29776,2
29777,1
29778,1
29779,0
29780,1
29781,0
29782,0
29783,1
29784,1
29785,0
29786,0
29787,1
29788,0
29789,1
29790,1
29791,2
29792,2
29793,1
29794,1
29795,0
29796,1
29797,0
29798,0
29799,1
29800,1
29801,0
29802,0
29803,1
29804,0
29805,1
29806,1
29807,2
29808,1
29809,0
29810,0
29811,1
29812,0
29813,1
29814,1
29815,2
29816,0
29817,1
29818,1
29819,2
29820,1
29821,2
29822,2
29823,3
29824,3
29825,2
29826,2
29827,1
29828,2
29829,1
29830,1
29831,0
29832,2
29833,1
29834,1
29835,0
29836,1
29837,0
29838,0
29839,1
29840,2
29841,1
29842,1
29843,0
29844,1
29845,0
29846,0
29847,1
29848,1
29849,0
29850,0
29851,1
29852,0
29853,1
29854,1
29855,2
29856,2
29857,1
29858,1
29859,0
29860,1
29861,0
29862,0
29863,1
29864,1
29865,0
29866,0
29867,1
29868,0
29869,1
29870,1
29871,2
29872,1
29873,0
29874,0
29875,1
29876,0
29877,1
29878,1
29879,2
29880,0
29881,1
29882,1
29883,2
29884,1
29885,2
29886,2
29887,3
29888,2
29889,1
29890,1
29891,0
29892,1
29893,0
29894,0
29895,1
29896,1
29897,0
29898,0
29899,1
29900,0
29901,1
29902,1
29903,2
29904,1
29905,0
29906,0
29907,1
29908,0
29909,1
29910,1
29911,2
29912,0
29913,1
29914,1
29915,2
29916,1
29917,2
29918,2
29919,3
29920,1
29921,0
29922,0
29923,1
29924,0
29925,1
29926,1
29927,2
29928,0
29929,1
29930,1
29931,2
29932,1
29933,2
29934,2
29935,3
29936,0
29937,1
29938,1
29939,2
29940,1
29941,2
29942,2
29943,3
29944,1
29945,2
29946,2
29947,3
29948,2
29949,3
29950,3
29951,4
29952,3
29953,2
29954,2
29955,1
29956,2
29957,1
29958,1
29959,0
29960,2
29961,1
29962,1
29963,0
29964,1
29965,0
29966,0
29967,1
29968,2
29969,1
29970,1
29971,0
29972,1
29973,0
29974,0
29975,1
29976,1
29977,0
29978,0
29979,1
29980,0
29981,1
29982,1
29983,2
29984,2
29985,1
29986,1
29987,0
29988,1
29989,0
29990,0
29991,1
29992,1
29993,0
29994,0
29995,1
29996,0
29997,1
29998,1
29999,2
30000,1
30001,0
30002,0
30003,1
30004,0
30005,1
30006,1
30007,2
30008,0
30009,1
30010,1
30011,2
30012,1
30013,2
30014,2
30015,3
30016,2
30017,1
30018,1
30019,0
30020,1
30021,0
30022,0
30023,1
30024,1
30025,0
30026,0
30027,1
30028,0
30029,1
30030,1
30031,2
30032,1
30033,0
30034,0
30035,1
30036,0
30037,1
30038,1
30039,2
30040,0
30041,1
30042,1
30043,2
30044,1
30045,2
30046,2
30047,3
30048,1
30049,0
30050,0
30051,1
30052,0
30053,1
30054,1
30055,2
30056,0
30057,1
30058,1
30059,2
30060,1
30061,2
30062,2
30063,3
30064,0
30065,1
30066,1
30067,2
30068,1
30069,2
30070,2
30071,3
30072,1
30073,2
30074,2
30075,3
30076,2
30077,3
30078,3
30079,4
30080,2
30081,1
30082,1
30083,0
30084,1
30085,0
30086,0
30087,1
30088,1
30089,0
30090,0
30091,1
30092,0
30093,1
30094,1
30095,2
30096,1
30097,0
30098,0
30099,1
30100,0
30101,1
30102,1
30103,2
30104,0
30105,1
30106,1
30107,2
30108,1
30109,2
30110,2
30111,3
30112,1
30113,0
30114,0
30115,1
30116,0
30117,1
30118,1
30119,2
30120,0
30121,1
30122,1
30123,2
30124,1
30125,2
30126,2
30127,3
30128,0
30129,1
30130,1
30131,2
30132,1
30133,2
30134,2
30135,3
30136,1
30137,2
30138,2
30139,3
30140,2
30141,3
30142,3
30143,4
30144,1
30145,0
30146,0
30147,1
30148,0
30149,1
30150,1
30151,2
30152,0
30153,1
30154,1
30155,2
30156,1
30157,2
30158,2
30159,3
30160,0
30161,1
30162,1
30163,2
30164,1
30165,2
30166,2
30167,3
30168,1
30169,2
30170,2
30171,3
30172,2
30173,3
30174,3
30175,4
30176,0
30177,1
30178,1
30179,2
30180,1
30181,2
30182,2
30183,3
30184,1
30185,2
30186,2
30187,3
30188,2
30189,3
30190,3
30191,4
30192,1
30193,2
30194,2
30195,3
30196,2
30197,3
30198,3
30199,4
30200,2
30201,3
30202,3
30203,4
30204,3
30205,4
30206,4
30207,3
30208,3
30209,2
30210,2
30211,1
30212,2
30213,1
30214,1
30215,0
30216,2
30217,1
30218,1
30219,0
30220,1
30221,0
30222,0
30223,1
30224,2
30225,1
30226,1
30227,0
30228,1
30229,0
30230,0
30231,1
30232,1
30233,0
30234,0
30235,1
30236,0
30237,1
30238,1
30239,2
30240,2
30241,1
30242,1
30243,0
30244,1
30245,0
30246,0
30247,1
30248,1
30249,0
30250,0
30251,1
30252,0
30253,1
30254,1
30255,2
30256,1
30257,0
30258,0
30259,1
30260,0
30261,1
30262,1
30263,2
30264,0
30265,1
30266,1
30267,2
30268,1
30269,2
30270,2
30271,3
30272,2
30273,1
30274,1
30275,0
30276,1
30277,0
30278,0
30279,1
30280,1
30281,0
30282,0
30283,1
30284,0
30285,1
30286,1
30287,2
30288,1
30289,0
30290,0
30291,1
30292,0
30293,1
30294,1
30295,2
30296,0
30297,1
30298,1
30299,2
30300,1
30301,2
30302,2
30303,3
30304,1
30305,0
30306,0
30307,1
30308,0
30309,1
30310,1
30311,2
30312,0
30313,1
30314,1
30315,2
30316,1
30317,2
30318,2
30319,3
30320,0
30321,1
30322,1
30323,2
30324,1
30325,2
30326,2
30327,3
30328,1
30329,2
30330,2
30331,3
30332,2
30333,3
30334,3
30335,4
30336,2
30337,1
30338,1
30339,0
30340,1
30341,0
30342,0
30343,1
30344,1
30345,0
30346,0
30347,1
30348,0
30349,1
30350,1
30351,2
30352,1
30353,0
30354,0
30355,1
30356,0
30357,1
30358,1
30359,2
30360,0
30361,1
30362,1
30363,2
30364,1
30365,2
30366,2
30367,3
30368,1
30369,0
30370,0
30371,1
30372,0
30373,1
30374,1
30375,2
30376,0
30377,1
30378,1
30379,2
30380,1
30381,2
30382,2
30383,3
30384,0
30385,1
30386,1
30387,2
30388,1
30389,2
30390,2
30391,3
30392,1
30393,2
30394,2
30395,3
30396,2
30397,3
30398,3
30399,4
30400,1
30401,0
30402,0
30403,1
30404,0
30405,1
30406,1
30407,2
30408,0
30409,1
30410,1
30411,2
30412,1
30413,2
30414,2
30415,3
30416,0
30417,1
30418,1
30419,2
30420,1
30421,2
30422,2
30423,3
30424,1
30425,2
30426,2
30427,3
30428,2
30429,3
30430,3
30431,4
30432,0
30433,1
30434,1
30435,2
30436,1
30437,2
30438,2
30439,3
30440,1
30441,2
30442,2
30443,3
30444,2
30445,3
30446,3
30447,4
30448,1
30449,2
30450,2
30451,3
30452,2
30453,3
30454,3
30455,4
30456,2
30457,3
30458,3
30459,4
30460,3
30461,4
30462,4
30463,3
30464,2
30465,1
30466,1
30467,0
30468,1
30469,0
30470,0
30471,1
30472,1
30473,0
30474,0
30475,1
30476,0
30477,1
30478,1
30479,2
30480,1
30481,0
30482,0
30483,1
30484,0
30485,1
30486,1
30487,2
30488,0
30489,1
30490,1
30491,2
30492,1
30493,2
30494,2
30495,3
30496,1
30497,0
30498,0
30499,1
30500,0
30501,1
30502,1
30503,2
30504,0
30505,1
30506,1
30507,2
30508,1
30509,2
30510,2
30511,3
30512,0
30513,1
30514,1
30515,2
30516,1
30517,2
30518,2
30519,3
30520,1
30521,2
30522,2
30523,3
30524,2
30525,3
30526,3
30527,4
30528,1
30529,0
30530,0
30531,1
30532,0
30533,1
30534,1
30535,2
30536,0
30537,1
30538,1
30539,2
30540,1
30541,2
30542,2
30543,3
30544,0
30545,1
30546,1
30547,2
30548,1
30549,2
30550,2
30551,3
30552,1
30553,2
30554,2
30555,3
30556,2
30557,3
30558,3
30559,4
30560,0
30561,1
30562,1
30563,2
30564,1
30565,2
30566,2
30567,3
30568,1
30569,2
30570,2
30571,3
30572,2
30573,3
30574,3
30575,4
30576,1
30577,2
30578,2
30579,3
30580,2
30581,3
30582,3
30583,4
30584,2
30585,3
30586,3
30587,4
30588,3
30589,4
30590,4
30591,3
30592,1
30593,0
30594,0
30595,1
30596,0
30597,1
30598,1
30599,2
30600,0
30601,1
30602,1
30603,2
30604,1
30605,2
30606,2
30607,3
30608,0
30609,1
30610,1
30611,2
30612,1
30613,2
30614,2
30615,3
30616,1
30617,2
30618,2
30619,3
30620,2
30621,3
30622,3
30623,4
30624,0
30625,1
30626,1
30627,2
30628,1
30629,2
30630,2
30631,3
30632,1
30633,2
30634,2
30635,3
30636,2
30637,3
30638,3
30639,4
30640,1
30641,2
30642,2
30643,3
30644,2
30645,3
30646,3
30647,4
30648,2
30649,3
30650,3
30651,4
30652,3
30653,4
30654,4
30655,3
30656,0
30657,1
30658,1
30659,2
30660,1
30661,2
30662,2
30663,3
30664,1
30665,2
30666,2
30667,3
30668,2
30669,3
30670,3
30671,4
30672,1
30673,2
30674,2
30675,3
30676,2
30677,3
30678,3
30679,4
30680,2
30681,3
30682,3
30683,4
30684,3
30685,4
30686,4
30687,3
30688,1
30689,2
30690,2
30691,3
30692,2
30693,3
30694,3
30695,4
30696,2
30697,3
30698,3
30699,4
30700,3
30701,4
30702,4
30703,3
30704,2
30705,3
30706,3
30707,4
30708,3
30709,4
30710,4
30711,3
30712,3
30713,4
30714,4
30715,3
30716,4
30717,3
30718,3
30719,2
30720,4
30721,3
30722,3
30723,2
30724,3
30725,2
30726,2
30727,1
30728,3
30729,2
30730,2
30731,1
30732,2
30733,1
30734,1
30735,0
30736,3
30737,2
30738,2
30739,1
30740,2
30741,1
30742,1
30743,0
30744,2
30745,1
30746,1
30747,0
30748,1
30749,0
30750,0
30751,1
30752,3
30753,2
30754,2
30755,1
30756,2
30757,1
30758,1
30759,0
30760,2
30761,1
30762,1
30763,0
30764,1
30765,0
30766,0
30767,1
30768,2
30769,1
30770,1
30771,0
30772,1
30773,0
30774,0
30775,1
30776,1
30777,0
30778,0
30779,1
30780,0
30781,1
30782,1
30783,2
30784,3
30785,2
30786,2
30787,1
30788,2
30789,1
30790,1
30791,0
30792,2
30793,1
30794,1
30795,0
30796,1
30797,0
30798,0
30799,1
30800,2
30801,1
30802,1
30803,0
30804,1
30805,0
30806,0
30807,1
30808,1
30809,0
30810,0
30811,1
30812,0
30813,1
30814,1
30815,2
30816,2
30817,1
30818,1
30819,0
30820,1
30821,0
30822,0
30823,1
30824,1
30825,0
30826,0
30827,1
30828,0
30829,1
30830,1
30831,2
30832,1
30833,0
30834,0
30835,1
30836,0
30837,1
30838,1
30839,2
30840,0
30841,1
30842,1
30843,2
30844,1
30845,2
30846,2
30847,3
30848,3
30849,2
30850,2
30851,1
30852,2
30853,1
30854,1
30855,0
30856,2
30857,1
30858,1
30859,0
30860,1
30861,0
30862,0
30863,1
30864,2
30865,1
30866,1
30867,0
30868,1
30869,0
30870,0
30871,1
30872,1
30873,0
30874,0
30875,1
30876,0
30877,1
30878,1
30879,2
30880,2
30881,1
30882,1
30883,0
30884,1
30885,0
30886,0
30887,1
30888,1
30889,0
30890,0
30891,1
30892,0
30893,1
30894,1
30895,2
30896,1
30897,0
30898,0
30899,1
30900,0
30901,1
30902,1
30903,2
30904,0
30905,1
30906,1
30907,2
30908,1
30909,2
30910,2
30911,3
30912,2
30913,1
30914,1
30915,0
30916,1
30917,0
30918,0
30919,1
30920,1
30921,0
30922,0
30923,1
30924,0
30925,1
30926,1
30927,2
30928,1
30929,0
30930,0
30931,1
30932,0
30933,1
30934,1
30935,2
30936,0
30937,1
30938,1
30939,2
30940,1
30941,2
30942,2
30943,3
30944,1
30945,0
30946,0
30947,1
30948,0
30949,1
30950,1
30951,2
30952,0
30953,1
30954,1
30955,2
30956,1
30957,2
30958,2
30959,3
30960,0
30961,1
30962,1
30963,2
30964,1
30965,2
30966,2
30967,3
30968,1
30969,2
30970,2
30971,3
30972,2
30973,3
30974,3
30975,4
30976,3
30977,2
30978,2
30979,1
30980,2
30981,1
30982,1
30983,0
30984,2
30985,1
30986,1
30987,0
30988,1
30989,0
30990,0
30991,1
30992,2
30993,1
30994,1
30995,0
30996,1
30997,0
30998,0
30999,1
31000,1
31001,0
31002,0
31003,1
31004,0
31005,1
31006,1
31007,2
31008,2
31009,1
31010,1
31011,0
31012,1
31013,0
31014,0
31015,1
31016,1
31017,0
31018,0
31019,1
31020,0
31021,1
31022,1
31023,2
31024,1
31025,0
31026,0
31027,1
31028,0
31029,1
31030,1
31031,2
31032,0
31033,1
31034,1
31035,2
31036,1
31037,2
31038,2
31039,3
31040,2
31041,1
31042,1
31043,0
31044,1
31045,0
31046,0
31047,1
31048,1
31049,0
31050,0
31051,1
31052,0
31053,1
31054,1
31055,2
31056,1
31057,0
31058,0
31059,1
31060,0
31061,1
31062,1
31063,2
31064,0
31065,1
31066,1
31067,2
31068,1
31069,2
31070,2
31071,3
31072,1
31073,0
31074,0
31075,1
31076,0
31077,1
31078,1
31079,2
31080,0
31081,1
31082,1
31083,2
31084,1
31085,2
31086,2
31087,3
31088,0
31089,1
31090,1
31091,2
31092,1
31093,2
31094,2
31095,3
31096,1
31097,2
31098,2
31099,3
31100,2
31101,3
31102,3
31103,4
31104,2
31105,1
31106,1
31107,0
31108,1
31109,0
31110,0
31111,1
31112,1
31113,0
31114,0
31115,1
31116,0
31117,1
31118,1
31119,2
31120,1
31121,0
31122,0
31123,1
31124,0
31125,1
31126,1
31127,2
31128,0
31129,1
31130,1
31131,2
31132,1
31133,2
31134,2
31135,3
31136,1
31137,0
31138,0
31139,1
31140,0
31141,1
31142,1
31143,2
31144,0
31145,1
31146,1
31147,2
31148,1
31149,2
31150,2
31151,3
31152,0
31153,1
31154,1
31155,2
31156,1
31157,2
31158,2
31159,3
31160,1
31161,2
31162,2
31163,3
31164,2
31165,3
31166,3
31167,4
31168,1
31169,0
31170,0
31171,1
31172,0
31173,1
31174,1
31175,2
31176,0
31177,1
31178,1
31179,2
31180,1
31181,2
31182,2
31183,3
31184,0
31185,1
31186,1
31187,2
31188,1
31189,2
31190,2
31191,3
31192,1
31193,2
31194,2
31195,3
31196,2
31197,3
31198,3
31199,4
31200,0
31201,1
31202,1
31203,2
31204,1
31205,2
31206,2
31207,3
31208,1
31209,2
31210,2
31211,3
31212,2
31213,3
31214,3
31215,4
31216,1
31217,2
31218,2
31219,3
31220,2
31221,3
31222,3
31223,4
31224,2
31225,3
31226,3
31227,4
31228,3
31229,4
31230,4
31231,3
31232,3
31233,2
31234,2
31235,1
31236,2
31237,1
31238,1
31239,0
31240,2
31241,1
31242,1
31243,0
31244,1
31245,0
31246,0
31247,1
31248,2
31249,1
31250,1
31251,0
31252,1
31253,0
31254,0
31255,1
31256,1
31257,0
31258,0
31259,1
31260,0
31261,1
31262,1
31263,2
31264,2
31265,1
31266,1
31267,0
31268,1
31269,0
31270,0
31271,1
31272,1
31273,0
31274,0
31275,1
31276,0
31277,1
31278,1
31279,2
31280,1
31281,0
31282,0
31283,1
31284,0
31285,1
31286,1
31287,2
31288,0
31289,1
31290,1
31291,2
31292,1
31293,2
31294,2
31295,3
31296,2
31297,1
31298,1
31299,0
31300,1
31301,0
31302,0
31303,1
31304,1
31305,0
31306,0
31307,1
31308,0
31309,1
31310,1
31311,2
31312,1
31313,0
31314,0
31315,1
31316,0
31317,1
31318,1
31319,2
31320,0
31321,1
31322,1
31323,2
31324,1
31325,2
31326,2
31327,3
31328,1
31329,0
31330,0
31331,1
31332,0
31333,1
31334,1
31335,2
31336,0
31337,1
31338,1
31339,2
31340,1
31341,2
31342,2
31343,3
31344,0
31345,1
31346,1
31347,2
31348,1
31349,2
31350,2
31351,3
31352,1
31353,2
31354,2
31355,3
31356,2
31357,3
31358,3
31359,4
31360,2
31361,1
31362,1
31363,0
31364,1
31365,0
31366,0
31367,1
31368,1
31369,0
31370,0
31371,1
31372,0
31373,1
31374,1
31375,2
31376,1
31377,0
31378,0
31379,1
31380,0
31381,1
31382,1
31383,2
31384,0
31385,1
31386,1
31387,2
31388,1
31389,2
31390,2
31391,3
31392,1
31393,0
31394,0
31395,1
31396,0
31397,1
31398,1
31399,2
31400,0
31401,1
31402,1
31403,2
31404,1
31405,2
31406,2
31407,3
31408,0
31409,1
31410,1
31411,2
31412,1
31413,2
31414,2
31415,3
31416,1
31417,2
31418,2
31419,3
31420,2
31421,3
31422,3
31423,4
31424,1
31425,0
31426,0
31427,1
31428,0
31429,1
31430,1
31431,2
31432,0
31433,1
31434,1
31435,2
31436,1
31437,2
31438,2
31439,3
31440,0
31441,1
31442,1
31443,2
31444,1
31445,2
31446,2
31447,3
31448,1
31449,2
31450,2
31451,3
31452,2
31453,3
31454,3
31455,4
31456,0
31457,1
31458,1
31459,2
31460,1
31461,2
31462,2
31463,3
31464,1
31465,2
31466,2
31467,3
31468,2
31469,3
31470,3
31471,4
31472,1
31473,2
31474,2
31475,3
31476,2
31477,3
31478,3
31479,4
31480,2
31481,3
31482,3
31483,4
31484,3
31485,4
31486,4
31487,3
31488,2
31489,1
31490,1
31491,0
31492,1
31493,0
31494,0
31495,1
31496,1
31497,0
31498,0
31499,1
31500,0
31501,1
31502,1
31503,2
31504,1
31505,0
31506,0
31507,1
31508,0
31509,1
31510,1
31511,2
31512,0
31513,1
31514,1
31515,2
31516,1
31517,2
31518,2
31519,3
31520,1
31521,0
31522,0
31523,1
31524,0
31525,1
31526,1
31527,2
31528,0
31529,1
31530,1
31531,2
31532,1
31533,2
31534,2
31535,3
31536,0
31537,1
31538,1
31539,2
31540,1
31541,2
31542,2
31543,3
31544,1
31545,2
31546,2
31547,3
31548,2
31549,3
31550,3
31551,4
31552,1
31553,0
31554,0
31555,1
31556,0
31557,1
31558,1
31559,2
31560,0
31561,1
31562,1
31563,2
31564,1
31565,2
31566,2
31567,3
31568,0
31569,1
31570,1
31571,2
31572,1
31573,2
31574,2
31575,3
31576,1
31577,2
31578,2
31579,3
31580,2
31581,3
31582,3
31583,4
31584,0
31585,1
31586,1
31587,2
31588,1
31589,2
31590,2
31591,3
31592,1
31593,2
31594,2
31595,3
31596,2
31597,3
31598,3
31599,4
31600,1
31601,2
31602,2
31603,3
31604,2
31605,3
31606,3
31607,4
31608,2
31609,3
31610,3
31611,4
31612,3
31613,4
31614,4
31615,3
31616,1
31617,0
31618,0
31619,1
31620,0
31621,1
31622,1
31623,2
31624,0
31625,1
31626,1
31627,2
31628,1
31629,2
31630,2
31631,3
31632,0
31633,1
31634,1
31635,2
31636,1
31637,2
31638,2
31639,3
31640,1
31641,2
31642,2
31643,3
31644,2
31645,3
31646,3
31647,4
31648,0
31649,1
31650,1
31651,2
31652,1
31653,2
31654,2
31655,3
31656,1
31657,2
31658,2
31659,3
31660,2
31661,3
31662,3
31663,4
31664,1
31665,2
31666,2
31667,3
31668,2
31669,3
31670,3
31671,4
31672,2
31673,3
31674,3
31675,4
31676,3
31677,4
31678,4
31679,3
31680,0
31681,1
31682,1
31683,2
31684,1
31685,2
31686,2
31687,3
31688,1
31689,2
31690,2
31691,3
31692,2
31693,3
31694,3
31695,4
31696,1
31697,2
31698,2
31699,3
31700,2
31701,3
31702,3
31703,4
31704,2
31705,3
31706,3
31707,4
31708,3
31709,4
31710,4
31711,3
31712,1
31713,2
31714,2
31715,3
31716,2
31717,3
31718,3
31719,4
31720,2
31721,3
31722,3
31723,4
31724,3
31725,4
31726,4
31727,3
31728,2
31729,3
31730,3
31731,4
31732,3
31733,4
31734,4
31735,3
31736,3
31737,4
31738,4
31739,3
31740,4
31741,3
31742,3
31743,2
31744,3
31745,2
31746,2
31747,1
31748,2
31749,1
31750,1
31751,0
31752,2
31753,1
31754,1
31755,0
31756,1
31757,0
31758,0
31759,1
31760,2
31761,1
31762,1
31763,0
31764,1
31765,0
31766,0
31767,1
31768,1
31769,0
31770,0
31771,1
31772,0
31773,1
31774,1
31775,2
31776,2
31777,1
31778,1
31779,0
31780,1
31781,0
31782,0
31783,1
31784,1
31785,0
31786,0
31787,1
31788,0
31789,1
31790,1
31791,2
31792,1
31793,0
31794,0
31795,1
31796,0
31797,1
31798,1
31799,2
31800,0
31801,1
31802,1
31803,2
31804,1
31805,2
31806,2
31807,3
31808,2
31809,1
31810,1
31811,0
31812,1
31813,0
31814,0
31815,1
31816,1
31817,0
31818,0
31819,1
31820,0
31821,1
31822,1
31823,2
31824,1
31825,0
31826,0
31827,1
31828,0
31829,1
31830,1
31831,2
31832,0
31833,1
31834,1
31835,2
31836,1
31837,2
31838,2
31839,3
31840,1
31841,0
31842,0
31843,1
31844,0
31845,1
31846,1
31847,2
31848,0
31849,1
31850,1
31851,2
31852,1
31853,2
31854,2
31855,3
31856,0
31857,1
31858,1
31859,2
31860,1
31861,2
31862,2
31863,3
31864,1
31865,2
31866,2
31867,3
31868,2
31869,3
31870,3
31871,4
31872,2
31873,1
31874,1
31875,0
31876,1
31877,0
31878,0
31879,1
31880,1
31881,0
31882,0
31883,1
31884,0
31885,1
31886,1
31887,2
31888,1
31889,0
31890,0
31891,1
31892,0
31893,1
31894,1
31895,2
31896,0
31897,1
31898,1
31899,2
31900,1
31901,2
31902,2
31903,3
31904,1
31905,0
31906,0
31907,1
31908,0
31909,1
31910,1
31911,2
31912,0
31913,1
31914,1
31915,2
31916,1
31917,2
31918,2
31919,3
31920,0
31921,1
31922,1
31923,2
31924,1
31925,2
31926,2
31927,3
31928,1
31929,2
31930,2
31931,3
31932,2
31933,3
31934,3
31935,4
31936,1
31937,0
31938,0
31939,1
31940,0
31941,1
31942,1
31943,2
31944,0
31945,1
31946,1
31947,2
31948,1
31949,2
31950,2
31951,3
31952,0
31953,1
31954,1
31955,2
31956,1
31957,2
31958,2
31959,3
31960,1
31961,2
31962,2
31963,3
31964,2
31965,3
31966,3
31967,4
31968,0
31969,1
31970,1
31971,2
31972,1
31973,2
31974,2
31975,3
31976,1
31977,2
31978,2
31979,3
31980,2
31981,3
31982,3
31983,4
31984,1
31985,2
31986,2
31987,3
31988,2
31989,3
31990,3
31991,4
31992,2
31993,3
31994,3
31995,4
31996,3
31997,4
31998,4
31999,3
32000,2
32001,1
32002,1
32003,0
32004,1
32005,0
32006,0
32007,1
32008,1
32009,0
32010,0
32011,1
32012,0
32013,1
32014,1
32015,2
32016,1
32017,0
32018,0
32019,1
32020,0
32021,1
32022,1
32023,2
32024,0
32025,1
32026,1
32027,2
32028,1
32029,2
32030,2
32031,3
32032,1
32033,0
32034,0
32035,1
32036,0
32037,1
32038,1
32039,2
32040,0
32041,1
32042,1
32043,2
32044,1
32045,2
32046,2
32047,3
32048,0
32049,1
32050,1
32051,2
32052,1
32053,2
32054,2
32055,3
32056,1
32057,2
32058,2
32059,3
32060,2
32061,3
32062,3
32063,4
32064,1
32065,0
32066,0
32067,1
32068,0
32069,1
32070,1
32071,2
32072,0
32073,1
32074,1
32075,2
32076,1
32077,2
32078,2
32079,3
32080,0
32081,1
32082,1
32083,2
32084,1
32085,2
32086,2
32087,3
32088,1
32089,2
32090,2
32091,3
32092,2
32093,3
32094,3
32095,4
32096,0
32097,1
32098,1
32099,2
32100,1
32101,2
32102,2
32103,3
32104,1
32105,2
32106,2
32107,3
32108,2
32109,3
32110,3
32111,4
32112,1
32113,2
32114,2
32115,3
32116,2
32117,3
32118,3
32119,4
32120,2
32121,3
32122,3
32123,4
32124,3
32125,4
32126,4
32127,3
32128,1
32129,0
32130,0
32131,1
32132,0
32133,1
32134,1
32135,2
32136,0
32137,1
32138,1
32139,2
32140,1
32141,2
32142,2
32143,3
32144,0
32145,1
32146,1
32147,2
32148,1
32149,2
32150,2
32151,3
32152,1
32153,2
32154,2
32155,3
32156,2
32157,3
32158,3
32159,4
32160,0
32161,1
32162,1
32163,2
32164,1
32165,2
32166,2
32167,3
32168,1
32169,2
32170,2
32171,3
32172,2
32173,3
32174,3
32175,4
32176,1
32177,2
32178,2
32179,3
32180,2
32181,3
32182,3
32183,4
32184,2
32185,3
32186,3
32187,4
32188,3
32189,4
32190,4
32191,3
32192,0
32193,1
32194,1
32195,2
32196,1
32197,2
32198,2
32199,3
32200,1
32201,2
32202,2
32203,3
32204,2
32205,3
32206,3
32207,4
32208,1
32209,2
32210,2
32211,3
32212,2
32213,3
32214,3
32215,4
32216,2
32217,3
32218,3
32219,4
32220,3
32221,4
32222,4
32223,3
32224,1
32225,2
32226,2
32227,3
32228,2
32229,3
32230,3
32231,4
32232,2
32233,3
32234,3
32235,4
32236,3
32237,4
32238,4
32239,3
32240,2
32241,3
32242,3
32243,4
32244,3
32245,4
32246,4
32247,3
32248,3
32249,4
32250,4
32251,3
32252,4
32253,3
32254,3
32255,2
32256,2
32257,1
32258,1
32259,0
32260,1
32261,0
32262,0
32263,1
32264,1
32265,0
32266,0
32267,1
32268,0
32269,1
32270,1
32271,2
32272,1
32273,0
32274,0
32275,1
32276,0
32277,1
32278,1
32279,2
32280,0
32281,1
32282,1
32283,2
32284,1
32285,2
32286,2
32287,3
32288,1
32289,0
32290,0
32291,1
32292,0
32293,1
32294,1
32295,2
32296,0
32297,1
32298,1
32299,2
32300,1
32301,2
32302,2
32303,3
32304,0
32305,1
32306,1
32307,2
32308,1
32309,2
32310,2
32311,3
32312,1
32313,2
32314,2
32315,3
32316,2
32317,3
32318,3
32319,4
32320,1
32321,0
32322,0
32323,1
32324,0
32325,1
32326,1
32327,2
32328,0
32329,1
32330,1
32331,2
32332,1
32333,2
32334,2
32335,3
32336,0
32337,1
32338,1
32339,2
32340,1
32341,2
32342,2
32343,3
32344,1
32345,2
32346,2
32347,3
32348,2
32349,3
32350,3
32351,4
32352,0
32353,1
32354,1
32355,2
32356,1
32357,2
32358,2
32359,3
32360,1
32361,2
32362,2
32363,3
32364,2
32365,3
32366,3
32367,4
32368,1
32369,2
32370,2
32371,3
32372,2
32373,3
32374,3
32375,4
32376,2
32377,3
32378,3
32379,4
32380,3
32381,4
32382,4
32383,3
32384,1
32385,0
32386,0
32387,1
32388,0
32389,1
32390,1
32391,2
32392,0
32393,1
32394,1
32395,2
32396,1
32397,2
32398,2
32399,3
32400,0
32401,1
32402,1
32403,2
32404,1
32405,2
32406,2
32407,3
32408,1
32409,2
32410,2
32411,3
32412,2
32413,3
32414,3
32415,4
32416,0
32417,1
32418,1
32419,2
32420,1
32421,2
32422,2
32423,3
32424,1
32425,2
32426,2
32427,3
32428,2
32429,3
32430,3
32431,4
32432,1
32433,2
32434,2
32435,3
32436,2
32437,3
32438,3
32439,4
32440,2
32441,3
32442,3
32443,4
32444,3
32445,4
32446,4
32447,3
32448,0
32449,1
32450,1
32451,2
32452,1
32453,2
32454,2
32455,3
32456,1
32457,2
32458,2
32459,3
32460,2
32461,3
32462,3
32463,4
32464,1
32465,2
32466,2
32467,3
32468,2
32469,3
32470,3
32471,4
32472,2
32473,3
32474,3
32475,4
32476,3
32477,4
32478,4
32479,3
32480,1
32481,2
32482,2
32483,3
32484,2
32485,3
32486,3
32487,4
32488,2
32489,3
32490,3
32491,4
32492,3
32493,4
32494,4
32495,3
32496,2
32497,3
32498,3
32499,4
32500,3
32501,4
32502,4
32503,3
32504,3
32505,4
32506,4
32507,3
32508,4
32509,3
32510,3
32511,2
32512,1
32513,0
32514,0
32515,1
32516,0
32517,1
32518,1
32519,2
32520,0
32521,1
32522,1
32523,2
32524,1
32525,2
32526,2
32527,3
32528,0
32529,1
32530,1
32531,2
32532,1
32533,2
32534,2
32535,3
32536,1
32537,2
32538,2
32539,3
32540,2
32541,3
32542,3
32543,4
32544,0
32545,1
32546,1
32547,2
32548,1
32549,2
32550,2
32551,3
32552,1
32553,2
32554,2
32555,3
32556,2
32557,3
32558,3
32559,4
32560,1
32561,2
32562,2
32563,3
32564,2
32565,3
32566,3
32567,4
32568,2
32569,3
32570,3
32571,4
32572,3
32573,4
32574,4
32575,3
32576,0
32577,1
32578,1
32579,2
32580,1
32581,2
32582,2
32583,3
32584,1
32585,2
32586,2
32587,3
32588,2
32589,3
32590,3
32591,4
32592,1
32593,2
32594,2
32595,3
32596,2
32597,3
32598,3
32599,4
32600,2
32601,3
32602,3
32603,4
32604,3
32605,4
32606,4
32607,3
32608,1
32609,2
32610,2
32611,3
32612,2
32613,3
32614,3
32615,4
32616,2
32617,3
32618,3
32619,4
32620,3
32621,4
32622,4
32623,3
32624,2
32625,3
32626,3
32627,4
32628,3
32629,4
32630,4
32631,3
32632,3
32633,4
32634,4
32635,3
32636,4
32637,3
32638,3
32639,2
32640,0
32641,1
32642,1
32643,2
32644,1
32645,2
32646,2
32647,3
32648,1
32649,2
32650,2
32651,3
32652,2
32653,3
32654,3
32655,4
32656,1
32657,2
32658,2
32659,3
32660,2
32661,3
32662,3
32663,4
32664,2
32665,3
32666,3
32667,4
32668,3
32669,4
32670,4
32671,3
32672,1
32673,2
32674,2
32675,3
32676,2
32677,3
32678,3
32679,4
32680,2
32681,3
32682,3
32683,4
32684,3
32685,4
32686,4
32687,3
32688,2
32689,3
32690,3
32691,4
32692,3
32693,4
32694,4
32695,3
32696,3
32697,4
32698,4
32699,3
32700,4
32701,3
32702,3
32703,2
32704,1
32705,2
32706,2
32707,3
32708,2
32709,3
32710,3
32711,4
32712,2
32713,3
32714,3
32715,4
32716,3
32717,4
32718,4
32719,3
32720,2
32721,3
32722,3
32723,4
32724,3
32725,4
32726,4
32727,3
32728,3
32729,4
32730,4
32731,3
32732,4
32733,3
32734,3
32735,2
32736,2
32737,3
32738,3
32739,4
32740,3
32741,4
32742,4
32743,3
32744,3
32745,4
32746,4
32747,3
32748,4
32749,3
32750,3
32751,2
32752,3
32753,4
32754,4
32755,3
32756,4
32757,3
32758,3
32759,2
32760,4
32761,3
32762,3
32763,2
32764,3
32765,2
32766,2
32767,1
32768,1
32769,2
32770,2
32771,3
32772,2
32773,3
32774,3
32775,4
32776,2
32777,3
32778,3
32779,4
32780,3
32781,4
32782,4
32783,3
32784,2
32785,3
32786,3
32787,4
32788,3
32789,4
32790,4
32791,3
32792,3
32793,4
32794,4
32795,3
32796,4
32797,3
32798,3
32799,2
32800,2
32801,3
32802,3
32803,4
32804,3
32805,4
32806,4
32807,3
32808,3
32809,4
32810,4
32811,3
32812,4
32813,3
32814,3
32815,2
32816,3
32817,4
32818,4
32819,3
32820,4
32821,3
32822,3
32823,2
32824,4
32825,3
32826,3
32827,2
32828,3
32829,2
32830,2
32831,1
32832,2
32833,3
32834,3
32835,4
32836,3
32837,4
32838,4
32839,3
32840,3
32841,4
32842,4
32843,3
32844,4
32845,3
32846,3
32847,2
32848,3
32849,4
32850,4
32851,3
32852,4
32853,3
32854,3
32855,2
32856,4
32857,3
32858,3
32859,2
32860,3
32861,2
32862,2
32863,1
32864,3
32865,4
32866,4
32867,3
32868,4
32869,3
32870,3
32871,2
32872,4
32873,3
32874,3
32875,2
32876,3
32877,2
32878,2
32879,1
32880,4
32881,3
32882,3
32883,2
32884,3
32885,2
32886,2
32887,1
32888,3
32889,2
32890,2
32891,1
32892,2
32893,1
32894,1
32895,0
32896,2
32897,3
32898,3
32899,4
32900,3
32901,4
32902,4
32903,3
32904,3
32905,4
32906,4
32907,3
32908,4
32909,3
32910,3
32911,2
32912,3
32913,4
32914,4
32915,3
32916,4
32917,3
32918,3
32919,2
32920,4
32921,3
32922,3
32923,2
32924,3
32925,2
32926,2
32927,1
32928,3
32929,4
32930,4
32931,3
32932,4
32933,3
32934,3
32935,2
32936,4
32937,3
32938,3
32939,2
32940,3
32941,2
32942,2
32943,1
32944,4
32945,3
32946,3
32947,2
32948,3
32949,2
32950,2
32951,1
32952,3
32953,2
32954,2
32955,1
32956,2
32957,1
32958,1
32959,0
32960,3
32961,4
32962,4
32963,3
32964,4
32965,3
32966,3
32967,2
32968,4
32969,3
32970,3
32971,2
32972,3
32973,2
32974,2
32975,1
32976,4
32977,3
32978,3
32979,2
32980,3
32981,2
32982,2
32983,1
32984,3
32985,2
32986,2
32987,1
32988,2
32989,1
32990,1
32991,0
32992,4
32993,3
32994,3
32995,2
32996,3
32997,2
32998,2
32999,1
33000,3
33001,2
33002,2
33003,1
33004,2
33005,1
33006,1
33007,0
33008,3
33009,2
33010,2
33011,1
33012,2
33013,1
33014,1
33015,0
33016,2
33017,1
33018,1
33019,0
33020,1
33021,0
33022,0
33023,1
33024,2
33025,3
33026,3
33027,4
33028,3
33029,4
33030,4
33031,3
33032,3
33033,4
33034,4
33035,3
33036,4
33037,3
33038,3
33039,2
33040,3
33041,4
33042,4
33043,3
33044,4
33045,3
33046,3
33047,2
33048,4
33049,3
33050,3
33051,2
33052,3
33053,2
33054,2
33055,1
33056,3
33057,4
33058,4
33059,3
33060,4
33061,3
33062,3
33063,2
33064,4
33065,3
33066,3
33067,2
33068,3
33069,2
33070,2
33071,1
33072,4
33073,3
33074,3
33075,2
33076,3
33077,2
33078,2
33079,1
33080,3
33081,2
33082,2
33083,1
33084,2
33085,1
33086,1
33087,0
33088,3
33089,4
33090,4
33091,3
33092,4
33093,3
33094,3
33095,2
33096,4
33097,3
33098,3
33099,2
33100,3
33101,2
33102,2
33103,1
33104,4
33105,3
33106,3
33107,2
33108,3
33109,2
33110,2
33111,1
33112,3
33113,2
33114,2
33115,1
33116,2
33117,1
33118,1
33119,0
33120,4
33121,3
33122,3
33123,2
33124,3
33125,2
33126,2
33127,1
33128,3
33129,2
33130,2
33131,1
33132,2
33133,1
33134,1
33135,0
33136,3
33137,2
33138,2
33139,1
33140,2
33141,1
33142,1
33143,0
33144,2
33145,1
33146,1
33147,0
33148,1
33149,0
33150,0
33151,1
33152,3
33153,4
33154,4
33155,3
33156,4
33157,3
33158,3
33159,2
33160,4
33161,3
33162,3
33163,2
33164,3
33165,2
33166,2
33167,1
33168,4
33169,3
33170,3
33171,2
33172,3
33173,2
33174,2
33175,1
33176,3
33177,2
33178,2
33179,1
33180,2
33181,1
33182,1
33183,0
33184,4
33185,3
33186,3
33187,2
33188,3
33189,2
33190,2
33191,1
33192,3
33193,2
33194,2
33195,1
33196,2
33197,1
33198,1
33199,0
33200,3
33201,2
33202,2
33203,1
33204,2
33205,1
33206,1
33207,0
33208,2
33209,1
33210,1
33211,0
33212,1
33213,0
33214,0
33215,1
33216,4
33217,3
33218,3
33219,2
33220,3
33221,2
33222,2
33223,1
33224,3
33225,2
33226,2
33227,1
33228,2
33229,1
33230,1
33231,0
33232,3
33233,2
33234,2
33235,1
33236,2
33237,1
33238,1
33239,0
33240,2
33241,1
33242,1
33243,0
33244,1
33245,0
33246,0
33247,1
33248,3
33249,2
33250,2
33251,1
33252,2
33253,1
33254,1
33255,0
33256,2
33257,1
33258,1
33259,0
33260,1
33261,0
33262,0
33263,1
33264,2
33265,1
33266,1
33267,0
33268,1
33269,0
33270,0
33271,1
33272,1
33273,0
33274,0
33275,1
33276,0
33277,1
33278,1
33279,2
33280,2
33281,3
33282,3
33283,4
33284,3
33285,4
33286,4
33287,3
33288,3
33289,4
33290,4
33291,3
33292,4
33293,3
33294,3
33295,2
33296,3
33297,4
33298,4
33299,3
33300,4
33301,3
33302,3
33303,2
33304,4
33305,3
33306,3
33307,2
33308,3
33309,2
33310,2
33311,1
33312,3
33313,4
33314,4
33315,3
33316,4
33317,3
33318,3
33319,2
33320,4
33321,3
33322,3
33323,2
33324,3
33325,2
33326,2
33327,1
33328,4
33329,3
33330,3
33331,2
33332,3
33333,2
33334,2
33335,1
33336,3
33337,2
33338,2
33339,1
33340,2
33341,1
33342,1
33343,0
33344,3
33345,4
33346,4
33347,3
33348,4
33349,3
33350,3
33351,2
33352,4
33353,3
33354,3
33355,2
33356,3
33357,2
33358,2
33359,1
33360,4
33361,3
33362,3
33363,2
33364,3
33365,2
33366,2
33367,1
33368,3
33369,2
33370,2
33371,1
33372,2
33373,1
33374,1
33375,0
33376,4
33377,3
33378,3
33379,2
33380,3
33381,2
33382,2
33383,1
33384,3
33385,2
33386,2
33387,1
33388,2
33389,1
33390,1
33391,0
33392,3
33393,2
33394,2
33395,1
33396,2
33397,1
33398,1
33399,0
33400,2
33401,1
33402,1
33403,0
33404,1
33405,0
33406,0
33407,1
33408,3
33409,4
33410,4
33411,3
33412,4
33413,3
33414,3
33415,2
33416,4
33417,3
33418,3
33419,2
33420,3
33421,2
33422,2
33423,1
33424,4
33425,3
33426,3
33427,2
33428,3
33429,2
33430,2
33431,1
33432,3
33433,2
33434,2
33435,1
33436,2
33437,1
33438,1
33439,0
33440,4
33441,3
33442,3
33443,2
33444,3
33445,2
33446,2
33447,1
33448,3
33449,2
33450,2
33451,1
33452,2
33453,1
33454,1
33455,0
33456,3
33457,2
33458,2
33459,1
33460,2
33461,1
33462,1
33463,0
33464,2
33465,1
33466,1
33467,0
33468,1
33469,0
33470,0
33471,1
33472,4
33473,3
33474,3
33475,2
33476,3
33477,2
33478,2
33479,1
33480,3
33481,2
33482,2
33483,1
33484,2
33485,1
33486,1
33487,0
33488,3
33489,2
33490,2
33491,1
33492,2
33493,1
33494,1
33495,0
33496,2
33497,1
33498,1
33499,0
33500,1
33501,0
33502,0
33503,1
33504,3
33505,2
33506,2
33507,1
33508,2
33509,1
33510,1
33511,0
33512,2
33513,1
33514,1
33515,0
33516,1
33517,0
33518,0
33519,1
33520,2
33521,1
33522,1
33523,0
33524,1
33525,0
33526,0
33527,1
33528,1
33529,0
33530,0
33531,1
33532,0
33533,1
33534,1
33535,2
33536,3
33537,4
33538,4
33539,3
33540,4
33541,3
33542,3
33543,2
33544,4
33545,3
33546,3
33547,2
33548,3
33549,2
33550,2
33551,1
33552,4
33553,3
33554,3
33555,2
33556,3
33557,2
33558,2
33559,1
33560,3
33561,2
33562,2
33563,1
33564,2
33565,1
33566,1
33567,0
33568,4
33569,3
33570,3
33571,2
33572,3
33573,2
33574,2
33575,1
33576,3
33577,2
33578,2
33579,1
33580,2
33581,1
33582,1
33583,0
33584,3
33585,2
33586,2
33587,1
33588,2
33589,1
33590,1
33591,0
33592,2
33593,1
33594,1
33595,0
33596,1
33597,0
33598,0
33599,1
33600,4
33601,3
33602,3
33603,2
33604,3
33605,2
33606,2
33607,1
33608,3
33609,2
33610,2
33611,1
33612,2
33613,1
33614,1
33615,0
33616,3
33617,2
33618,2
33619,1
33620,2
33621,1
33622,1
33623,0
33624,2
33625,1
33626,1
33627,0
33628,1
33629,0
33630,0
33631,1
33632,3
33633,2
33634,2
33635,1
33636,2
33637,1
33638,1
33639,0
33640,2
33641,1
33642,1
33643,0
33644,1
33645,0
33646,0
33647,1
33648,2
33649,1
33650,1
33651,0
33652,1
33653,0
33654,0
33655,1
33656,1
33657,0
33658,0
33659,1
33660,0
33661,1
33662,1
33663,2
33664,4
33665,3
33666,3
33667,2
33668,3
33669,2
33670,2
33671,1
33672,3
33673,2
33674,2
33675,1
33676,2
33677,1
33678,1
33679,0
33680,3
33681,2
33682,2
33683,1
33684,2
33685,1
33686,1
33687,0
33688,2
33689,1
33690,1
33691,0
33692,1
33693,0
33694,0
33695,1
33696,3
33697,2
33698,2
33699,1
33700,2
33701,1
33702,1
33703,0
33704,2
33705,1
33706,1
33707,0
33708,1
33709,0
33710,0
33711,1
33712,2
33713,1
33714,1
33715,0
33716,1
33717,0
33718,0
33719,1
33720,1
33721,0
33722,0
33723,1
33724,0
33725,1
33726,1
33727,2
33728,3
33729,2
33730,2
33731,1
33732,2
33733,1
33734,1
33735,0
33736,2
33737,1
33738,1
33739,0
33740,1
33741,0
33742,0
33743,1
33744,2
33745,1
33746,1
33747,0
33748,1
33749,0
33750,0
33751,1
33752,1
33753,0
33754,0
33755,1
33756,0
33757,1
33758,1
33759,2
33760,2
33761,1
33762,1
33763,0
33764,1
33765,0
33766,0
33767,1
33768,1
33769,0
33770,0
33771,1
33772,0
33773,1
33774,1
33775,2
33776,1
33777,0
33778,0
33779,1
33780,0
33781,1
33782,1
33783,2
33784,0
33785,1
33786,1
33787,2
33788,1
33789,2
33790,2
33791,3
33792,2
33793,3
33794,3
33795,4
33796,3
33797,4
33798,4
33799,3
33800,3
33801,4
33802,4
33803,3
33804,4
33805,3
33806,3
33807,2
33808,3
33809,4
33810,4
33811,3
33812,4
33813,3
33814,3
33815,2
33816,4
33817,3
33818,3
33819,2
33820,3
33821,2
33822,2
33823,1
33824,3
33825,4
33826,4
33827,3
33828,4
33829,3
33830,3
33831,2
33832,4
33833,3
33834,3
33835,2
33836,3
33837,2
33838,2
33839,1
33840,4
33841,3
33842,3
33843,2
33844,3
33845,2
33846,2
33847,1
33848,3
33849,2
33850,2
33851,1
33852,2
33853,1
33854,1
33855,0
33856,3
33857,4
33858,4
33859,3
33860,4
33861,3
33862,3
33863,2
33864,4
33865,3
33866,3
33867,2
33868,3
33869,2
33870,2
33871,1
33872,4
33873,3
33874,3
33875,2
33876,3
33877,2
33878,2
33879,1
33880,3
33881,2
33882,2
33883,1
33884,2
33885,1
33886,1
33887,0
33888,4
33889,3
33890,3
33891,2
33892,3
33893,2
33894,2
33895,1
33896,3
33897,2
33898,2
33899,1
33900,2
33901,1
33902,1
33903,0
33904,3
33905,2
33906,2
33907,1
33908,2
33909,1
33910,1
33911,0
33912,2
33913,1
33914,1
33915,0
33916,1
33917,0
33918,0
33919,1
33920,3
33921,4
33922,4
33923,3
33924,4
33925,3
33926,3
33927,2
33928,4
33929,3
33930,3
33931,2
33932,3
33933,2
33934,2
33935,1
33936,4
33937,3
33938,3
33939,2
33940,3
33941,2
33942,2
33943,1
33944,3
33945,2
33946,2
33947,1
33948,2
33949,1
33950,1
33951,0
33952,4
33953,3
33954,3
33955,2
33956,3
33957,2
33958,2
33959,1
33960,3
33961,2
33962,2
33963,1
33964,2
33965,1
33966,1
33967,0
33968,3
33969,2
33970,2
33971,1
33972,2
33973,1
33974,1
33975,0
33976,2
33977,1
33978,1
33979,0
33980,1
33981,0
33982,0
33983,1
33984,4
33985,3
33986,3
33987,2
33988,3
33989,2
33990,2
33991,1
33992,3
33993,2
33994,2
33995,1
33996,2
33997,1
33998,1
33999,0
34000,3
34001,2
34002,2
34003,1
34004,2
34005,1
34006,1
34007,0
34008,2
34009,1
34010,1
34011,0
34012,1
34013,0
34014,0
34015,1
34016,3
34017,2
34018,2
34019,1
34020,2
34021,1
34022,1
34023,0
34024,2
34025,1
34026,1
34027,0
34028,1
34029,0
34030,0
34031,1
34032,2
34033,1
34034,1
34035,0
34036,1
34037,0
34038,0
34039,1
34040,1
34041,0
34042,0
34043,1
34044,0
34045,1
34046,1
34047,2
34048,3
34049,4
34050,4
34051,3
34052,4
34053,3
34054,3
34055,2
34056,4
34057,3
34058,3
34059,2
34060,3
34061,2
34062,2
34063,1
34064,4
34065,3
34066,3
34067,2
34068,3
34069,2
34070,2
34071,1
34072,3
34073,2
34074,2
34075,1
34076,2
34077,1
34078,1
34079,0
34080,4
34081,3
34082,3
34083,2
34084,3
34085,2
34086,2
34087,1
34088,3
34089,2
34090,2
34091,1
34092,2
34093,1
34094,1
34095,0
34096,3
34097,2
34098,2
34099,1
34100,2
34101,1
34102,1
34103,0
34104,2
34105,1
34106,1
34107,0
34108,1
34109,0
34110,0
34111,1
34112,4
34113,3
34114,3
34115,2
34116,3
34117,2
34118,2
34119,1
34120,3
34121,2
34122,2
34123,1
34124,2
34125,1
34126,1
34127,0
34128,3
34129,2
34130,2
34131,1
34132,2
34133,1
34134,1
34135,0
34136,2
34137,1
34138,1
34139,0
34140,1
34141,0
34142,0
34143,1
34144,3
34145,2
34146,2
34147,1
34148,2
34149,1
34150,1
34151,0
34152,2
34153,1
34154,1
34155,0
34156,1
34157,0
34158,0
34159,1
34160,2
34161,1
34162,1
34163,0
34164,1
34165,0
34166,0
34167,1
34168,1
34169,0
34170,0
34171,1
34172,0
34173,1
34174,1
34175,2
34176,4
34177,3
34178,3
34179,2
34180,3
34181,2
34182,2
34183,1
34184,3
34185,2
34186,2
34187,1
34188,2
34189,1
34190,1
34191,0
34192,3
34193,2
34194,2
34195,1
34196,2
34197,1
34198,1
34199,0
34200,2
34201,1
34202,1
34203,0
34204,1
34205,0
34206,0
34207,1
34208,3
34209,2
34210,2
34211,1
34212,2
34213,1
34214,1
34215,0
34216,2
34217,1
34218,1
34219,0
34220,1
34221,0
34222,0
34223,1
34224,2
34225,1
34226,1
34227,0
34228,1
34229,0
34230,0
34231,1
34232,1
34233,0
34234,0
34235,1
34236,0
34237,1
34238,1
34239,2
34240,3
34241,2
34242,2
34243,1
34244,2
34245,1
34246,1
34247,0
34248,2
34249,1
34250,1
34251,0
34252,1
34253,0
34254,0
34255,1
34256,2
34257,1
34258,1
34259,0
34260,1
34261,0
34262,0
34263,1
34264,1
34265,0
34266,0
34267,1
34268,0
34269,1
34270,1
34271,2
34272,2
34273,1
34274,1
34275,0
34276,1
34277,0
34278,0
34279,1
34280,1
34281,0
34282,0
34283,1
34284,0
34285,1
34286,1
34287,2
34288,1
34289,0
34290,0
34291,1
34292,0
34293,1
34294,1
34295,2
34296,0
34297,1
34298,1
34299,2
34300,1
34301,2
34302,2
34303,3
34304,3
34305,4
34306,4
34307,3
34308,4
34309,3
34310,3
34311,2
34312,4
34313,3
34314,3
34315,2
34316,3
34317,2
34318,2
34319,1
34320,4
34321,3
34322,3
34323,2
34324,3
34325,2
34326,2
34327,1
34328,3
34329,2
34330,2
34331,1
34332,2
34333,1
34334,1
34335,0
34336,4
34337,3
34338,3
34339,2
34340,3
34341,2
34342,2
34343,1
34344,3
34345,2
34346,2
34347,1
34348,2
34349,1
34350,1
34351,0
34352,3
34353,2
34354,2
34355,1
34356,2
34357,1
34358,1
34359,0
34360,2
34361,1
34362,1
34363,0
34364,1
34365,0
34366,0
34367,1
34368,4
34369,3
34370,3
34371,2
34372,3
34373,2
34374,2
34375,1
34376,3
34377,2
34378,2
34379,1
34380,2
34381,1
34382,1
34383,0
34384,3
34385,2
34386,2
34387,1
34388,2
34389,1
34390,1
34391,0
34392,2
34393,1
34394,1
34395,0
34396,1
34397,0
34398,0
34399,1
34400,3
34401,2
34402,2
34403,1
34404,2
34405,1
34406,1
34407,0
34408,2
34409,1
34410,1
34411,0
34412,1
34413,0
34414,0
34415,1
34416,2
34417,1
34418,1
34419,0
34420,1
34421,0
34422,0
34423,1
34424,1
34425,0
34426,0
34427,1
34428,0
34429,1
34430,1
34431,2
34432,4
34433,3
34434,3
34435,2
34436,3
34437,2
34438,2
34439,1
34440,3
34441,2
34442,2
34443,1
34444,2
34445,1
34446,1
34447,0
34448,3
34449,2
34450,2
34451,1
34452,2
34453,1
34454,1
34455,0
34456,2
34457,1
34458,1
34459,0
34460,1
34461,0
34462,0
34463,1
34464,3
34465,2
34466,2
34467,1
34468,2
34469,1
34470,1
34471,0
34472,2
34473,1
34474,1
34475,0
34476,1
34477,0
34478,0
34479,1
34480,2
34481,1
34482,1
34483,0
34484,1
34485,0
34486,0
34487,1
34488,1
34489,0
34490,0
34491,1
34492,0
34493,1
34494,1
34495,2
34496,3
34497,2
34498,2
34499,1
34500,2
34501,1
34502,1
34503,0
34504,2
34505,1
34506,1
34507,0
34508,1
34509,0
34510,0
34511,1
34512,2
34513,1
34514,1
34515,0
34516,1
34517,0
34518,0
34519,1
34520,1
34521,0
34522,0
34523,1
34524,0
34525,1
34526,1
34527,2
34528,2
34529,1
34530,1
34531,0
34532,1
34533,0
34534,0
34535,1
34536,1
34537,0
34538,0
34539,1
34540,0
34541,1
34542,1
34543,2
34544,1
34545,0
34546,0
34547,1
34548,0
34549,1
34550,1
34551,2
34552,0
34553,1
34554,1
34555,2
34556,1
34557,2
34558,2
34559,3
34560,4
34561,3
34562,3
34563,2
34564,3
34565,2
34566,2
34567,1
34568,3
34569,2
34570,2
34571,1
34572,2
34573,1
34574,1
34575,0
34576,3
34577,2
34578,2
34579,1
34580,2
34581,1
34582,1
34583,0
34584,2
34585,1
34586,1
34587,0
34588,1
34589,0
34590,0
34591,1
34592,3
34593,2
34594,2
34595,1
34596,2
34597,1
34598,1
34599,0
34600,2
34601,1
34602,1
34603,0
34604,1
34605,0
34606,0
34607,1
34608,2
34609,1
34610,1
34611,0
34612,1
34613,0
34614,0
34615,1
34616,1
34617,0
34618,0
34619,1
34620,0
34621,1
34622,1
34623,2
34624,3
34625,2
34626,2
34627,1
34628,2
34629,1
34630,1
34631,0
34632,2
34633,1
34634,1
34635,0
34636,1
34637,0
34638,0
34639,1
34640,2
34641,1
34642,1
34643,0
34644,1
34645,0
34646,0
34647,1
34648,1
34649,0
34650,0
34651,1
34652,0
34653,1
34654,1
34655,2
34656,2
34657,1
34658,1
34659,0
34660,1
34661,0
34662,0
34663,1
34664,1
34665,0
34666,0
34667,1
34668,0
34669,1
34670,1
34671,2
34672,1
34673,0
34674,0
34675,1
34676,0
34677,1
34678,1
34679,2
34680,0
34681,1
34682,1
34683,2
34684,1
34685,2
34686,2
34687,3
34688,3
34689,2
34690,2
34691,1
34692,2
34693,1
34694,1
34695,0
34696,2
34697,1
34698,1
34699,0
34700,1
34701,0
34702,0
34703,1
34704,2
34705,1
34706,1
34707,0
34708,1
34709,0
34710,0
34711,1
34712,1
34713,0
34714,0
34715,1
34716,0
34717,1
34718,1
34719,2
34720,2
34721,1
34722,1
34723,0
34724,1
34725,0
34726,0
34727,1
34728,1
34729,0
34730,0
34731,1
34732,0
34733,1
34734,1
34735,2
34736,1
34737,0
34738,0
34739,1
34740,0
34741,1
34742,1
34743,2
34744,0
34745,1
34746,1
34747,2
34748,1
34749,2
34750,2
34751,3
34752,2
34753,1
34754,1
34755,0
34756,1
34757,0
34758,0
34759,1
34760,1
34761,0
34762,0
34763,1
34764,0
34765,1
34766,1
34767,2
34768,1
34769,0
34770,0
34771,1
34772,0
34773,1
34774,1
34775,2
34776,0
34777,1
34778,1
34779,2
34780,1
34781,2
34782,2
34783,3
34784,1
34785,0
34786,0
34787,1
34788,0
34789,1
34790,1
34791,2
34792,0
34793,1
34794,1
34795,2
34796,1
34797,2
34798,2
34799,3
34800,0
34801,1
34802,1
34803,2
34804,1
34805,2
34806,2
34807,3
34808,1
34809,2
34810,2
34811,3
34812,2
34813,3
34814,3
34815,4
34816,2
34817,3
34818,3
34819,4
34820,3
34821,4
34822,4
34823,3
34824,3
34825,4
34826,4
34827,3
34828,4
34829,3
34830,3
34831,2
34832,3
34833,4
34834,4
34835,3
34836,4
34837,3
34838,3
34839,2
34840,4
34841,3
34842,3
34843,2
34844,3
34845,2
34846,2
34847,1
34848,3
34849,4
34850,4
34851,3
34852,4
34853,3
34854,3
34855,2
34856,4
34857,3
34858,3
34859,2
34860,3
34861,2
34862,2
34863,1
34864,4
34865,3
34866,3
34867,2
34868,3
34869,2
34870,2
34871,1
34872,3
34873,2
34874,2
34875,1
34876,2
34877,1
34878,1
34879,0
34880,3
34881,4
34882,4
34883,3
34884,4
34885,3
34886,3
34887,2
34888,4
34889,3
34890,3
34891,2
34892,3
34893,2
34894,2
34895,1
34896,4
34897,3
34898,3
34899,2
34900,3
34901,2
34902,2
34903,1
34904,3
34905,2
34906,2
34907,1
34908,2
34909,1
34910,1
34911,0
34912,4
34913,3
34914,3
34915,2
34916,3
34917,2
34918,2
34919,1
34920,3
34921,2
34922,2
34923,1
34924,2
34925,1
34926,1
34927,0
34928,3
34929,2
34930,2
34931,1
34932,2
34933,1
34934,1
34935,0
34936,2
34937,1
34938,1
34939,0
34940,1
34941,0
34942,0
34943,1
34944,3
34945,4
34946,4
34947,3
34948,4
34949,3
34950,3
34951,2
34952,4
34953,3
34954,3
34955,2
34956,3
34957,2
34958,2
34959,1
34960,4
34961,3
34962,3
34963,2
34964,3
34965,2
34966,2
34967,1
34968,3
34969,2
34970,2
34971,1
34972,2
34973,1
34974,1
34975,0
34976,4
34977,3
34978,3
34979,2
34980,3
34981,2
34982,2
34983,1
34984,3
34985,2
34986,2
34987,1
34988,2
34989,1
34990,1
34991,0
34992,3
34993,2
34994,2
34995,1
34996,2
34997,1
34998,1
34999,0
35000,2
35001,1
35002,1
35003,0
35004,1
35005,0
35006,0
35007,1
35008,4
35009,3
35010,3
35011,2
35012,3
35013,2
35014,2
35015,1
35016,3
35017,2
35018,2
35019,1
35020,2
35021,1
35022,1
35023,0
35024,3
35025,2
35026,2
35027,1
35028,2
35029,1
35030,1
35031,0
35032,2
35033,1
35034,1
35035,0
35036,1
35037,0
35038,0
35039,1
35040,3
35041,2
35042,2
35043,1
35044,2
35045,1
35046,1
35047,0
35048,2
35049,1
35050,1
35051,0
35052,1
35053,0
35054,0
35055,1
35056,2
35057,1
35058,1
35059,0
35060,1
35061,0
35062,0
35063,1
35064,1
35065,0
35066,0
35067,1
35068,0
35069,1
35070,1
35071,2
35072,3
35073,4
35074,4
35075,3
35076,4
35077,3
35078,3
35079,2
35080,4
35081,3
35082,3
35083,2
35084,3
35085,2
35086,2
35087,1
35088,4
35089,3
35090,3
35091,2
35092,3
35093,2
35094,2
35095,1
35096,3
35097,2
35098,2
35099,1
35100,2
35101,1
35102,1
35103,0
35104,4
35105,3
35106,3
35107,2
35108,3
35109,2
35110,2
35111,1
35112,3
35113,2
35114,2
35115,1
35116,2
35117,1
35118,1
35119,0
35120,3
35121,2
35122,2
35123,1
35124,2
35125,1
35126,1
35127,0
35128,2
35129,1
35130,1
35131,0
35132,1
35133,0
35134,0
35135,1
35136,4
35137,3
35138,3
35139,2
35140,3
35141,2
35142,2
35143,1
35144,3
35145,2
35146,2
35147,1
35148,2
35149,1
35150,1
35151,0
35152,3
35153,2
35154,2
35155,1
35156,2
35157,1
35158,1
35159,0
35160,2
35161,1
35162,1
35163,0
35164,1
35165,0
35166,0
35167,1
35168,3
35169,2
35170,2
35171,1
35172,2
35173,1
35174,1
35175,0
35176,2
35177,1
35178,1
35179,0
35180,1
35181,0
35182,0
35183,1
35184,2
35185,1
35186,1
35187,0
35188,1
35189,0
35190,0
35191,1
35192,1
35193,0
35194,0
35195,1
35196,0
35197,1
35198,1
35199,2
35200,4
35201,3
35202,3
35203,2
35204,3
35205,2
35206,2
35207,1
35208,3
35209,2
35210,2
35211,1
35212,2
35213,1
35214,1
35215,0
35216,3
35217,2
35218,2
35219,1
35220,2
35221,1
35222,1
35223,0
35224,2
35225,1
35226,1
35227,0
35228,1
35229,0
35230,0
35231,1
35232,3
35233,2
35234,2
35235,1
35236,2
35237,1
35238,1
35239,0
35240,2
35241,1
35242,1
35243,0
35244,1
35245,0
35246,0
35247,1
35248,2
35249,1
35250,1
35251,0
35252,1
35253,0
35254,0
35255,1
35256,1
35257,0
35258,0
35259,1
35260,0
35261,1
35262,1
35263,2
35264,3
35265,2
35266,2
35267,1
35268,2
35269,1
35270,1
35271,0
35272,2
35273,1
35274,1
35275,0
35276,1
35277,0
35278,0
35279,1
35280,2
35281,1
35282,1
35283,0
35284,1
35285,0
35286,0
35287,1
35288,1
35289,0
35290,0
35291,1
35292,0
35293,1
35294,1
35295,2
35296,2
35297,1
35298,1
35299,0
35300,1
35301,0
35302,0
35303,1
35304,1
35305,0
35306,0
35307,1
35308,0
35309,1
35310,1
35311,2
35312,1
35313,0
35314,0
35315,1
35316,0
35317,1
35318,1
35319,2
35320,0
35321,1
35322,1
35323,2
35324,1
35325,2
35326,2
35327,3
35328,3
35329,4
35330,4
35331,3
35332,4
35333,3
35334,3
35335,2
35336,4
35337,3
35338,3
35339,2
35340,3
35341,2
35342,2
35343,1
35344,4
35345,3
35346,3
35347,2
35348,3
35349,2
35350,2
35351,1
35352,3
35353,2
35354,2
35355,1
35356,2
35357,1
35358,1
35359,0
35360,4
35361,3
35362,3
35363,2
35364,3
35365,2
35366,2
35367,1
35368,3
35369,2
35370,2
35371,1
35372,2
35373,1
35374,1
35375,0
35376,3
35377,2
35378,2
35379,1
35380,2
35381,1
35382,1
35383,0
35384,2
35385,1
35386,1
35387,0
35388,1
35389,0
35390,0
35391,1
35392,4
35393,3
35394,3
35395,2
35396,3
35397,2
35398,2
35399,1
35400,3
35401,2
35402,2
35403,1
35404,2
35405,1
35406,1
35407,0
35408,3
35409,2
35410,2
35411,1
35412,2
35413,1
35414,1
35415,0
35416,2
35417,1
35418,1
35419,0
35420,1
35421,0
35422,0
35423,1
35424,3
35425,2
35426,2
35427,1
35428,2
35429,1
35430,1
35431,0
35432,2
35433,1
35434,1
35435,0
35436,1
35437,0
35438,0
35439,1
35440,2
35441,1
35442,1
35443,0
35444,1
35445,0
35446,0
35447,1
35448,1
35449,0
35450,0
35451,1
35452,0
35453,1
35454,1
35455,2
35456,4
35457,3
35458,3
35459,2
35460,3
35461,2
35462,2
35463,1
35464,3
35465,2
35466,2
35467,1
35468,2
35469,1
35470,1
35471,0
35472,3
35473,2
35474,2
35475,1
35476,2
35477,1
35478,1
35479,0
35480,2
35481,1
35482,1
35483,0
35484,1
35485,0
35486,0
35487,1
35488,3
35489,2
35490,2
35491,1
35492,2
35493,1
35494,1
35495,0
35496,2
35497,1
35498,1
35499,0
35500,1
35501,0
35502,0
35503,1
35504,2
35505,1
35506,1
35507,0
35508,1
35509,0
35510,0
35511,1
35512,1
35513,0
35514,0
35515,1
35516,0
35517,1
35518,1
35519,2
35520,3
35521,2
35522,2
35523,1
35524,2
35525,1
35526,1
35527,0
35528,2
35529,1
35530,1
35531,0
35532,1
35533,0
35534,0
35535,1
35536,2
35537,1
35538,1
35539,0
35540,1
35541,0
35542,0
35543,1
35544,1
35545,0
35546,0
35547,1
35548,0
35549,1
35550,1
35551,2
35552,2
35553,1
35554,1
35555,0
35556,1
35557,0
35558,0
35559,1
35560,1
35561,0
35562,0
35563,1
35564,0
35565,1
35566,1
35567,2
35568,1
35569,0
35570,0
35571,1
35572,0
35573,1
35574,1
35575,2
35576,0
35577,1
35578,1
35579,2
35580,1
35581,2
35582,2
35583,3
35584,4
35585,3
35586,3
35587,2
35588,3
35589,2
35590,2
35591,1
35592,3
35593,2
35594,2
35595,1
35596,2
35597,1
35598,1
35599,0
35600,3
35601,2
35602,2
35603,1
35604,2
35605,1
35606,1
35607,0
35608,2
35609,1
35610,1
35611,0
35612,1
35613,0
35614,0
35615,1
35616,3
35617,2
35618,2
35619,1
35620,2
35621,1
35622,1
35623,0
35624,2
35625,1
35626,1
35627,0
35628,1
35629,0
35630,0
35631,1
35632,2
35633,1
35634,1
35635,0
35636,1
35637,0
35638,0
35639,1
35640,1
35641,0
35642,0
35643,1
35644,0
35645,1
35646,1
35647,2
35648,3
35649,2
35650,2
35651,1
35652,2
35653,1
35654,1
35655,0
35656,2
35657,1
35658,1
35659,0
35660,1
35661,0
35662,0
35663,1
35664,2
35665,1
35666,1
35667,0
35668,1
35669,0
35670,0
35671,1
35672,1
35673,0
35674,0
35675,1
35676,0
35677,1
35678,1
35679,2
35680,2
35681,1
35682,1
35683,0
35684,1
35685,0
35686,0
35687,1
35688,1
35689,0
35690,0
35691,1
35692,0
35693,1
35694,1
35695,2
35696,1
35697,0
35698,0
35699,1
35700,0
35701,1
35702,1
35703,2
35704,0
35705,1
35706,1
35707,2
35708,1
35709,2
35710,2
35711,3
35712,3
35713,2
35714,2
35715,1
35716,2
35717,1
35718,1
35719,0
35720,2
35721,1
35722,1
35723,0
35724,1
35725,0
35726,0
35727,1
35728,2
35729,1
35730,1
35731,0
35732,1
35733,0
35734,0
35735,1
35736,1
35737,0
35738,0
35739,1
35740,0
35741,1
35742,1
35743,2
35744,2
35745,1
35746,1
35747,0
35748,1
35749,0
35750,0
35751,1
35752,1
35753,0
35754,0
35755,1
35756,0
35757,1
35758,1
35759,2
35760,1
35761,0
35762,0
35763,1
35764,0
35765,1
35766,1
35767,2
35768,0
35769,1
35770,1
35771,2
35772,1
35773,2
35774,2
35775,3
35776,2
35777,1
35778,1
35779,0
35780,1
35781,0
35782,0
35783,1
35784,1
35785,0
35786,0
35787,1
35788,0
35789,1
35790,1
35791,2
35792,1
35793,0
35794,0
35795,1
35796,0
35797,1
35798,1
35799,2
35800,0
35801,1
35802,1
35803,2
35804,1
35805,2
35806,2
35807,3
35808,1
35809,0
35810,0
35811,1
35812,0
35813,1
35814,1
35815,2
35816,0
35817,1
35818,1
35819,2
35820,1
35821,2
35822,2
35823,3
35824,0
35825,1
35826,1
35827,2
35828,1
35829,2
35830,2
35831,3
35832,1
35833,2
35834,2
35835,3
35836,2
35837,3
35838,3
35839,4
35840,3
35841,4
35842,4
35843,3
35844,4
35845,3
35846,3
35847,2
35848,4
35849,3
35850,3
35851,2
35852,3
35853,2
35854,2
35855,1
35856,4
35857,3
35858,3
35859,2
35860,3
35861,2
35862,2
35863,1
35864,3
35865,2
35866,2
35867,1
35868,2
35869,1
35870,1
35871,0
35872,4
35873,3
35874,3
35875,2
35876,3
35877,2
35878,2
35879,1
35880,3
35881,2
35882,2
35883,1
35884,2
35885,1
35886,1
35887,0
35888,3
35889,2
35890,2
35891,1
35892,2
35893,1
35894,1
35895,0
35896,2
35897,1
35898,1
35899,0
35900,1
35901,0
35902,0
35903,1
35904,4
35905,3
35906,3
35907,2
35908,3
35909,2
35910,2
35911,1
35912,3
35913,2
35914,2
35915,1
35916,2
35917,1
35918,1
35919,0
35920,3
35921,2
35922,2
35923,1
35924,2
35925,1
35926,1
35927,0
35928,2
35929,1
35930,1
35931,0
35932,1
35933,0
35934,0
35935,1
35936,3
35937,2
35938,2
35939,1
35940,2
35941,1
35942,1
35943,0
35944,2
35945,1
35946,1
35947,0
35948,1
35949,0
35950,0
35951,1
35952,2
35953,1
35954,1
35955,0
35956,1
35957,0
35958,0
35959,1
35960,1
35961,0
35962,0
35963,1
35964,0
35965,1
35966,1
35967,2
35968,4
35969,3
35970,3
35971,2
35972,3
35973,2
35974,2
35975,1
35976,3
35977,2
35978,2
35979,1
35980,2
35981,1
35982,1
35983,0
35984,3
35985,2
35986,2
35987,1
35988,2
35989,1
35990,1
35991,0
35992,2
35993,1
35994,1
35995,0
35996,1
35997,0
35998,0
35999,1
36000,3
36001,2
36002,2
36003,1
36004,2
36005,1
36006,1
36007,0
36008,2
36009,1
36010,1
36011,0
36012,1
36013,0
36014,0
36015,1
36016,2
36017,1
36018,1
36019,0
36020,1
36021,0
36022,0
36023,1
36024,1
36025,0
36026,0
36027,1
36028,0
36029,1
36030,1
36031,2
36032,3
36033,2
36034,2
36035,1
36036,2
36037,1
36038,1
36039,0
36040,2
36041,1
36042,1
36043,0
36044,1
36045,0
36046,0
36047,1
36048,2
36049,1
36050,1
36051,0
36052,1
36053,0
36054,0
36055,1
36056,1
36057,0
36058,0
36059,1
36060,0
36061,1
36062,1
36063,2
36064,2
36065,1
36066,1
36067,0
36068,1
36069,0
36070,0
36071,1
36072,1
36073,0
36074,0
36075,1
36076,0
36077,1
36078,1
36079,2
36080,1
36081,0
36082,0
36083,1
36084,0
36085,1
36086,1
36087,2
36088,0
36089,1
36090,1
36091,2
36092,1
36093,2
36094,2
36095,3
36096,4
36097,3
36098,3
36099,2
36100,3
36101,2
36102,2
36103,1
36104,3
36105,2
36106,2
36107,1
36108,2
36109,1
36110,1
36111,0
36112,3
36113,2
36114,2
36115,1
36116,2
36117,1
36118,1
36119,0
36120,2
36121,1
36122,1
36123,0
36124,1
36125,0
36126,0
36127,1
36128,3
36129,2
36130,2
36131,1
36132,2
36133,1
36134,1
36135,0
36136,2
36137,1
36138,1
36139,0
36140,1
36141,0
36142,0
36143,1
36144,2
36145,1
36146,1
36147,0
36148,1
36149,0
36150,0
36151,1
36152,1
36153,0
36154,0
36155,1
36156,0
36157,1
36158,1
36159,2
36160,3
36161,2
36162,2
36163,1
36164,2
36165,1
36166,1
36167,0
36168,2
36169,1
36170,1
36171,0
36172,1
36173,0
36174,0
36175,1
36176,2
36177,1
36178,1
36179,0
36180,1
36181,0
36182,0
36183,1
36184,1
36185,0
36186,0
36187,1
36188,0
36189,1
36190,1
36191,2
36192,2
36193,1
36194,1
36195,0
36196,1
36197,0
36198,0
36199,1
36200,1
36201,0
36202,0
36203,1
36204,0
36205,1
36206,1
36207,2
36208,1
36209,0
36210,0
36211,1
36212,0
36213,1
36214,1
36215,2
36216,0
36217,1
36218,1
36219,2
36220,1
36221,2
36222,2
36223,3
36224,3
36225,2
36226,2
36227,1
36228,2
36229,1
36230,1
36231,0
36232,2
36233,1
36234,1
36235,0
36236,1
36237,0
36238,0
36239,1
36240,2
36241,1
36242,1
36243,0
36244,1
36245,0
36246,0
36247,1
36248,1
36249,0
36250,0
36251,1
36252,0
36253,1
36254,1
36255,2
36256,2
36257,1
36258,1
36259,0
36260,1
36261,0
36262,0
36263,1
36264,1
36265,0
36266,0
36267,1
36268,0
36269,1
36270,1
36271,2
36272,1
36273,0
36274,0
36275,1
36276,0
36277,1
36278,1
36279,2
36280,0
36281,1
36282,1
36283,2
36284,1
36285,2
36286,2
36287,3
36288,2
36289,1
36290,1
36291,0
36292,1
36293,0
36294,0
36295,1
36296,1
36297,0
36298,0
36299,1
36300,0
36301,1
36302,1
36303,2
36304,1
36305,0
36306,0
36307,1
36308,0
36309,1
36310,1
36311,2
36312,0
36313,1
36314,1
36315,2
36316,1
36317,2
36318,2
36319,3
36320,1
36321,0
36322,0
36323,1
36324,0
36325,1
36326,1
36327,2
36328,0
36329,1
36330,1
36331,2
36332,1
36333,2
36334,2
36335,3
36336,0
36337,1
36338,1
36339,2
36340,1
36341,2
36342,2
36343,3
36344,1
36345,2
36346,2
36347,3
36348,2
36349,3
36350,3
36351,4
36352,4
36353,3
36354,3
36355,2
36356,3
36357,2
36358,2
36359,1
36360,3
36361,2
36362,2
36363,1
36364,2
36365,1
36366,1
36367,0
36368,3
36369,2
36370,2
36371,1
36372,2
36373,1
36374,1
36375,0
36376,2
36377,1
36378,1
36379,0
36380,1
36381,0
36382,0
36383,1
36384,3
36385,2
36386,2
36387,1
36388,2
36389,1
36390,1
36391,0
36392,2
36393,1
36394,1
36395,0
36396,1
36397,0
36398,0
36399,1
36400,2
36401,1
36402,1
36403,0
36404,1
36405,0
36406,0
36407,1
36408,1
36409,0
36410,0
36411,1
36412,0
36413,1
36414,1
36415,2
36416,3
36417,2
36418,2
36419,1
36420,2
36421,1
36422,1
36423,0
36424,2
36425,1
36426,1
36427,0
36428,1
36429,0
36430,0
36431,1
36432,2
36433,1
36434,1
36435,0
36436,1
36437,0
36438,0
36439,1
36440,1
36441,0
36442,0
36443,1
36444,0
36445,1
36446,1
36447,2
36448,2
36449,1
36450,1
36451,0
36452,1
36453,0
36454,0
36455,1
36456,1
36457,0
36458,0
36459,1
36460,0
36461,1
36462,1
36463,2
36464,1
36465,0
36466,0
36467,1
36468,0
36469,1
36470,1
36471,2
36472,0
36473,1
36474,1
36475,2
36476,1
36477,2
36478,2
36479,3
36480,3
36481,2
36482,2
36483,1
36484,2
36485,1
36486,1
36487,0
36488,2
36489,1
36490,1
36491,0
36492,1
36493,0
36494,0
36495,1
36496,2
36497,1
36498,1
36499,0
36500,1
36501,0
36502,0
36503,1
36504,1
36505,0
36506,0
36507,1
36508,0
36509,1
36510,1
36511,2
36512,2
36513,1
36514,1
36515,0
36516,1
36517,0
36518,0
36519,1
36520,1
36521,0
36522,0
36523,1
36524,0
36525,1
36526,1
36527,2
36528,1
36529,0
36530,0
36531,1
36532,0
36533,1
36534,1
36535,2
36536,0
36537,1
36538,1
36539,2
36540,1
36541,2
36542,2
36543,3
36544,2
36545,1
36546,1
36547,0
36548,1
36549,0
36550,0
36551,1
36552,1
36553,0
36554,0
36555,1
36556,0
36557,1
36558,1
36559,2
36560,1
36561,0
36562,0
36563,1
36564,0
36565,1
36566,1
36567,2
36568,0
36569,1
36570,1
36571,2
36572,1
36573,2
36574,2
36575,3
36576,1
36577,0
36578,0
36579,1
36580,0
36581,1
36582,1
36583,2
36584,0
36585,1
36586,1
36587,2
36588,1
36589,2
36590,2
36591,3
36592,0
36593,1
36594,1
36595,2
36596,1
36597,2
36598,2
36599,3
36600,1
36601,2
36602,2
36603,3
36604,2
36605,3
36606,3
36607,4
36608,3
36609,2
36610,2
36611,1
36612,2
36613,1
36614,1
36615,0
36616,2
36617,1
36618,1
36619,0
36620,1
36621,0
36622,0
36623,1
36624,2
36625,1
36626,1
36627,0
36628,1
36629,0
36630,0
36631,1
36632,1
36633,0
36634,0
36635,1
36636,0
36637,1
36638,1
36639,2
36640,2
36641,1
36642,1
36643,0
36644,1
36645,0
36646,0
36647,1
36648,1
36649,0
36650,0
36651,1
36652,0
36653,1
36654,1
36655,2
36656,1
36657,0
36658,0
36659,1
36660,0
36661,1
36662,1
36663,2
36664,0
36665,1
36666,1
36667,2
36668,1
36669,2
36670,2
36671,3
36672,2
36673,1
36674,1
36675,0
36676,1
36677,0
36678,0
36679,1
36680,1
36681,0
36682,0
36683,1
36684,0
36685,1
36686,1
36687,2
36688,1
36689,0
36690,0
36691,1
36692,0
36693,1
36694,1
36695,2
36696,0
36697,1
36698,1
36699,2
36700,1
36701,2
36702,2
36703,3
36704,1
36705,0
36706,0
36707,1
36708,0
36709,1
36710,1
36711,2
36712,0
36713,1
36714,1
36715,2
36716,1
36717,2
36718,2
36719,3
36720,0
36721,1
36722,1
36723,2
36724,1
36725,2
36726,2
36727,3
36728,1
36729,2
36730,2
36731,3
36732,2
36733,3
36734,3
36735,4
36736,2
36737,1
36738,1
36739,0
36740,1
36741,0
36742,0
36743,1
36744,1
36745,0
36746,0
36747,1
36748,0
36749,1
36750,1
36751,2
36752,1
36753,0
36754,0
36755,1
36756,0
36757,1
36758,1
36759,2
36760,0
36761,1
36762,1
36763,2
36764,1
36765,2
36766,2
36767,3
36768,1
36769,0
36770,0
36771,1
36772,0
36773,1
36774,1
36775,2
36776,0
36777,1
36778,1
36779,2
36780,1
36781,2
36782,2
36783,3
36784,0
36785,1
36786,1
36787,2
36788,1
36789,2
36790,2
36791,3
36792,1
36793,2
36794,2
36795,3
36796,2
36797,3
36798,3
36799,4
36800,1
36801,0
36802,0
36803,1
36804,0
36805,1
36806,1
36807,2
36808,0
36809,1
36810,1
36811,2
36812,1
36813,2
36814,2
36815,3
36816,0
36817,1
36818,1
36819,2
36820,1
36821,2
36822,2
36823,3
36824,1
36825,2
36826,2
36827,3
36828,2
36829,3
36830,3
36831,4
36832,0
36833,1
36834,1
36835,2
36836,1
36837,2
36838,2
36839,3
36840,1
36841,2
36842,2
36843,3
36844,2
36845,3
36846,3
36847,4
36848,1
36849,2
36850,2
36851,3
36852,2
36853,3
36854,3
36855,4
36856,2
36857,3
36858,3
36859,4
36860,3
36861,4
36862,4
36863,3
36864,2
36865,3
36866,3
36867,4
36868,3
36869,4
36870,4
36871,3
36872,3
36873,4
36874,4
36875,3
36876,4
36877,3
36878,3
36879,2
36880,3
36881,4
36882,4
36883,3
36884,4
36885,3
36886,3
36887,2
36888,4
36889,3
36890,3
36891,2
36892,3
36893,2
36894,2
36895,1
36896,3
36897,4
36898,4
36899,3
36900,4
36901,3
36902,3
36903,2
36904,4
36905,3
36906,3
36907,2
36908,3
36909,2
36910,2
36911,1
36912,4
36913,3
36914,3
36915,2
36916,3
36917,2
36918,2
36919,1
36920,3
36921,2
36922,2
36923,1
36924,2
36925,1
36926,1
36927,0
36928,3
36929,4
36930,4
36931,3
36932,4
36933,3
36934,3
36935,2
36936,4
36937,3
36938,3
36939,2
36940,3
36941,2
36942,2
36943,1
36944,4
36945,3
36946,3
36947,2
36948,3
36949,2
36950,2
36951,1
36952,3
36953,2
36954,2
36955,1
36956,2
36957,1
36958,1
36959,0
36960,4
36961,3
36962,3
36963,2
36964,3
36965,2
36966,2
36967,1
36968,3
36969,2
36970,2
36971,1
36972,2
36973,1
36974,1
36975,0
36976,3
36977,2
36978,2
36979,1
36980,2
36981,1
36982,1
36983,0
36984,2
36985,1
36986,1
36987,0
36988,1
36989,0
36990,0
36991,1
36992,3
36993,4
36994,4
36995,3
36996,4
36997,3
36998,3
36999,2
37000,4
37001,3
37002,3
37003,2
37004,3
37005,2
37006,2
37007,1
37008,4
37009,3
37010,3
37011,2
37012,3
37013,2
37014,2
37015,1
37016,3
37017,2
37018,2
37019,1
37020,2
37021,1
37022,1
37023,0
37024,4
37025,3
37026,3
37027,2
37028,3
37029,2
37030,2
37031,1
37032,3
37033,2
37034,2
37035,1
37036,2
37037,1
37038,1
37039,0
37040,3
37041,2
37042,2
37043,1
37044,2
37045,1
37046,1
37047,0
37048,2
37049,1
37050,1
37051,0
37052,1
37053,0
37054,0
37055,1
37056,4
37057,3
37058,3
37059,2
37060,3
37061,2
37062,2
37063,1
37064,3
37065,2
37066,2
37067,1
37068,2
37069,1
37070,1
37071,0
37072,3
37073,2
37074,2
37075,1
37076,2
37077,1
37078,1
37079,0
37080,2
37081,1
37082,1
37083,0
37084,1
37085,0
37086,0
37087,1
37088,3
37089,2
37090,2
37091,1
37092,2
37093,1
37094,1
37095,0
37096,2
37097,1
37098,1
37099,0
37100,1
37101,0
37102,0
37103,1
37104,2
37105,1
37106,1
37107,0
37108,1
37109,0
37110,0
37111,1
37112,1
37113,0
37114,0
37115,1
37116,0
37117,1
37118,1
37119,2
37120,3
37121,4
37122,4
37123,3
37124,4
37125,3
37126,3
37127,2
37128,4
37129,3
37130,3
37131,2
37132,3
37133,2
37134,2
37135,1
37136,4
37137,3
37138,3
37139,2
37140,3
37141,2
37142,2
37143,1
37144,3
37145,2
37146,2
37147,1
37148,2
37149,1
37150,1
37151,0
37152,4
37153,3
37154,3
37155,2
37156,3
37157,2
37158,2
37159,1
37160,3
37161,2
37162,2
37163,1
37164,2
37165,1
37166,1
37167,0
37168,3
37169,2
37170,2
37171,1
37172,2
37173,1
37174,1
37175,0
37176,2
37177,1
37178,1
37179,0
37180,1
37181,0
37182,0
37183,1
37184,4
37185,3
37186,3
37187,2
37188,3
37189,2
37190,2
37191,1
37192,3
37193,2
37194,2
37195,1
37196,2
37197,1
37198,1
37199,0
37200,3
37201,2
37202,2
37203,1
37204,2
37205,1
37206,1
37207,0
37208,2
37209,1
37210,1
37211,0
37212,1
37213,0
37214,0
37215,1
37216,3
37217,2
37218,2
37219,1
37220,2
37221,1
37222,1
37223,0
37224,2
37225,1
37226,1
37227,0
37228,1
37229,0
37230,0
37231,1
37232,2
37233,1
37234,1
37235,0
37236,1
37237,0
37238,0
37239,1
37240,1
37241,0
37242,0
37243,1
37244,0
37245,1
37246,1
37247,2
37248,4
37249,3
37250,3
37251,2
37252,3
37253,2
37254,2
37255,1
37256,3
37257,2
37258,2
37259,1
37260,2
37261,1
37262,1
37263,0
37264,3
37265,2
37266,2
37267,1
37268,2
37269,1
37270,1
37271,0
37272,2
37273,1
37274,1
37275,0
37276,1
37277,0
37278,0
37279,1
37280,3
37281,2
37282,2
37283,1
37284,2
37285,1
37286,1
37287,0
37288,2
37289,1
37290,1
37291,0
37292,1
37293,0
37294,0
37295,1
37296,2
37297,1
37298,1
37299,0
37300,1
37301,0
37302,0
37303,1
37304,1
37305,0
37306,0
37307,1
37308,0
37309,1
37310,1
37311,2
37312,3
37313,2
37314,2
37315,1
37316,2
37317,1
37318,1
37319,0
37320,2
37321,1
37322,1
37323,0
37324,1
37325,0
37326,0
37327,1
37328,2
37329,1
37330,1
37331,0
37332,1
37333,0
37334,0
37335,1
37336,1
37337,0
37338,0
37339,1
37340,0
37341,1
37342,1
37343,2
37344,2
37345,1
37346,1
37347,0
37348,1
37349,0
37350,0
37351,1
37352,1
37353,0
37354,0
37355,1
37356,0
37357,1
37358,1
37359,2
37360,1
37361,0
37362,0
37363,1
37364,0
37365,1
37366,1
37367,2
37368,0
37369,1
37370,1
37371,2
37372,1
37373,2
37374,2
37375,3
37376,3
37377,4
37378,4
37379,3
37380,4
37381,3
37382,3
37383,2
37384,4
37385,3
37386,3
37387,2
37388,3
37389,2
37390,2
37391,1
37392,4
37393,3
37394,3
37395,2
37396,3
37397,2
37398,2
37399,1
37400,3
37401,2
37402,2
37403,1
37404,2
37405,1
37406,1
37407,0
37408,4
37409,3
37410,3
37411,2
37412,3
37413,2
37414,2
37415,1
37416,3
37417,2
37418,2
37419,1
37420,2
37421,1
37422,1
37423,0
37424,3
37425,2
37426,2
37427,1
37428,2
37429,1
37430,1
37431,0
37432,2
37433,1
37434,1
37435,0
37436,1
37437,0
37438,0
37439,1
37440,4
37441,3
37442,3
37443,2
37444,3
37445,2
37446,2
37447,1
37448,3
37449,2
37450,2
37451,1
37452,2
37453,1
37454,1
37455,0
37456,3
37457,2
37458,2
37459,1
37460,2
37461,1
37462,1
37463,0
37464,2
37465,1
37466,1
37467,0
37468,1
37469,0
37470,0
37471,1
37472,3
37473,2
37474,2
37475,1
37476,2
37477,1
37478,1
37479,0
37480,2
37481,1
37482,1
37483,0
37484,1
37485,0
37486,0
37487,1
37488,2
37489,1
37490,1
37491,0
37492,1
37493,0
37494,0
37495,1
37496,1
37497,0
37498,0
37499,1
37500,0
37501,1
37502,1
37503,2
37504,4
37505,3
37506,3
37507,2
37508,3
37509,2
37510,2
37511,1
37512,3
37513,2
37514,2
37515,1
37516,2
37517,1
37518,1
37519,0
37520,3
37521,2
37522,2
37523,1
37524,2
37525,1
37526,1
37527,0
37528,2
37529,1
37530,1
37531,0
37532,1
37533,0
37534,0
37535,1
37536,3
37537,2
37538,2
37539,1
37540,2
37541,1
37542,1
37543,0
37544,2
37545,1
37546,1
37547,0
37548,1
37549,0
37550,0
37551,1
37552,2
37553,1
37554,1
37555,0
37556,1
37557,0
37558,0
37559,1
37560,1
37561,0
37562,0
37563,1
37564,0
37565,1
37566,1
37567,2
37568,3
37569,2
37570,2
37571,1
37572,2
37573,1
37574,1
37575,0
37576,2
37577,1
37578,1
37579,0
37580,1
37581,0
37582,0
37583,1
37584,2
37585,1
37586,1
37587,0
37588,1
37589,0
37590,0
37591,1
37592,1
37593,0
37594,0
37595,1
37596,0
37597,1
37598,1
37599,2
37600,2
37601,1
37602,1
37603,0
37604,1
37605,0
37606,0
37607,1
37608,1
37609,0
37610,0
37611,1
37612,0
37613,1
37614,1
37615,2
37616,1
37617,0
37618,0
37619,1
37620,0
37621,1
37622,1
37623,2
37624,0
37625,1
37626,1
37627,2
37628,1
37629,2
37630,2
37631,3
37632,4
37633,3
37634,3
37635,2
37636,3
37637,2
37638,2
37639,1
37640,3
37641,2
37642,2
37643,1
37644,2
37645,1
37646,1
37647,0
37648,3
37649,2
37650,2
37651,1
37652,2
37653,1
37654,1
37655,0
37656,2
37657,1
37658,1
37659,0
37660,1
37661,0
37662,0
37663,1
37664,3
37665,2
37666,2
37667,1
37668,2
37669,1
37670,1
37671,0
37672,2
37673,1
37674,1
37675,0
37676,1
37677,0
37678,0
37679,1
37680,2
37681,1
37682,1
37683,0
37684,1
37685,0
37686,0
37687,1
37688,1
37689,0
37690,0
37691,1
37692,0
37693,1
37694,1
37695,2
37696,3
37697,2
37698,2
37699,1
37700,2
37701,1
37702,1
37703,0
37704,2
37705,1
37706,1
37707,0
37708,1
37709,0
37710,0
37711,1
37712,2
37713,1
37714,1
37715,0
37716,1
37717,0
37718,0
37719,1
37720,1
37721,0
37722,0
37723,1
37724,0
37725,1
37726,1
37727,2
37728,2
37729,1
37730,1
37731,0
37732,1
37733,0
37734,0
37735,1
37736,1
37737,0
37738,0
37739,1
37740,0
37741,1
37742,1
37743,2
37744,1
37745,0
37746,0
37747,1
37748,0
37749,1
37750,1
37751,2
37752,0
37753,1
37754,1
37755,2
37756,1
37757,2
37758,2
37759,3
37760,3
37761,2
37762,2
37763,1
37764,2
37765,1
37766,1
37767,0
37768,2
37769,1
37770,1
37771,0
37772,1
37773,0
37774,0
37775,1
37776,2
37777,1
37778,1
37779,0
37780,1
37781,0
37782,0
37783,1
37784,1
37785,0
37786,0
37787,1
37788,0
37789,1
37790,1
37791,2
37792,2
37793,1
37794,1
37795,0
37796,1
37797,0
37798,0
37799,1
37800,1
37801,0
37802,0
37803,1
37804,0
37805,1
37806,1
37807,2
37808,1
37809,0
37810,0
37811,1
37812,0
37813,1
37814,1
37815,2
37816,0
37817,1
37818,1
37819,2
37820,1
37821,2
37822,2
37823,3
37824,2
37825,1
37826,1
37827,0
37828,1
37829,0
37830,0
37831,1
37832,1
37833,0
37834,0
37835,1
37836,0
37837,1
37838,1
37839,2
37840,1
37841,0
37842,0
37843,1
37844,0
37845,1
37846,1
37847,2
37848,0
37849,1
37850,1
37851,2
37852,1
37853,2
37854,2
37855,3
37856,1
37857,0
37858,0
37859,1
37860,0
37861,1
37862,1
37863,2
37864,0
37865,1
37866,1
37867,2
37868,1
37869,2
37870,2
37871,3
37872,0
37873,1
37874,1
37875,2
37876,1
37877,2
37878,2
37879,3
37880,1
37881,2
37882,2
37883,3
37884,2
37885,3
37886,3
37887,4
37888,3
37889,4
37890,4
37891,3
37892,4
37893,3
37894,3
37895,2
37896,4
37897,3
37898,3
37899,2
37900,3
37901,2
37902,2
37903,1
37904,4
37905,3
37906,3
37907,2
37908,3
37909,2
37910,2
37911,1
37912,3
37913,2
37914,2
37915,1
37916,2
37917,1
37918,1
37919,0
37920,4
37921,3
37922,3
37923,2
37924,3
37925,2
37926,2
37927,1
37928,3
37929,2
37930,2
37931,1
37932,2
37933,1
37934,1
37935,0
37936,3
37937,2
37938,2
37939,1
37940,2
37941,1
37942,1
37943,0
37944,2
37945,1
37946,1
37947,0
37948,1
37949,0
37950,0
37951,1
37952,4
37953,3
37954,3
37955,2
37956,3
37957,2
37958,2
37959,1
37960,3
37961,2
37962,2
37963,1
37964,2
37965,1
37966,1
37967,0
37968,3
37969,2
37970,2
37971,1
37972,2
37973,1
37974,1
37975,0
37976,2
37977,1
37978,1
37979,0
37980,1
37981,0
37982,0
37983,1
37984,3
37985,2
37986,2
37987,1
37988,2
37989,1
37990,1
37991,0
37992,2
37993,1
37994,1
37995,0
37996,1
37997,0
37998,0
37999,1
38000,2
38001,1
38002,1
38003,0
38004,1
38005,0
38006,0
38007,1
38008,1
38009,0
38010,0
38011,1
38012,0
38013,1
38014,1
38015,2
38016,4
38017,3
38018,3
38019,2
38020,3
38021,2
38022,2
38023,1
38024,3
38025,2
38026,2
38027,1
38028,2
38029,1
38030,1
38031,0
38032,3
38033,2
38034,2
38035,1
38036,2
38037,1
38038,1
38039,0
38040,2
38041,1
38042,1
38043,0
38044,1
38045,0
38046,0
38047,1
38048,3
38049,2
38050,2
38051,1
38052,2
38053,1
38054,1
38055,0
38056,2
38057,1
38058,1
38059,0
38060,1
38061,0
38062,0
38063,1
38064,2
38065,1
38066,1
38067,0
38068,1
38069,0
38070,0
38071,1
38072,1
38073,0
38074,0
38075,1
38076,0
38077,1
38078,1
38079,2
38080,3
38081,2
38082,2
38083,1
38084,2
38085,1
38086,1
38087,0
38088,2
38089,1
38090,1
38091,0
38092,1
38093,0
38094,0
38095,1
38096,2
38097,1
38098,1
38099,0
38100,1
38101,0
38102,0
38103,1
38104,1
38105,0
38106,0
38107,1
38108,0
38109,1
38110,1
38111,2
38112,2
38113,1
38114,1
38115,0
38116,1
38117,0
38118,0
38119,1
38120,1
38121,0
38122,0
38123,1
38124,0
38125,1
38126,1
38127,2
38128,1
38129,0
38130,0
38131,1
38132,0
38133,1
38134,1
38135,2
38136,0
38137,1
38138,1
38139,2
38140,1
38141,2
38142,2
38143,3
38144,4
38145,3
38146,3
38147,2
38148,3
38149,2
38150,2
38151,1
38152,3
38153,2
38154,2
38155,1
38156,2
38157,1
38158,1
38159,0
38160,3
38161,2
38162,2
38163,1
38164,2
38165,1
38166,1
38167,0
38168,2
38169,1
38170,1
38171,0
38172,1
38173,0
38174,0
38175,1
38176,3
38177,2
38178,2
38179,1
38180,2
38181,1
38182,1
38183,0
38184,2
38185,1
38186,1
38187,0
38188,1
38189,0
38190,0
38191,1
38192,2
38193,1
38194,1
38195,0
38196,1
38197,0
38198,0
38199,1
38200,1
38201,0
38202,0
38203,1
38204,0
38205,1
38206,1
38207,2
38208,3
38209,2
38210,2
38211,1
38212,2
38213,1
38214,1
38215,0
38216,2
38217,1
38218,1
38219,0
38220,1
38221,0
38222,0
38223,1
38224,2
38225,1
38226,1
38227,0
38228,1
38229,0
38230,0
38231,1
38232,1
38233,0
38234,0
38235,1
38236,0
38237,1
38238,1
38239,2
38240,2
38241,1
38242,1
38243,0
38244,1
38245,0
38246,0
38247,1
38248,1
38249,0
38250,0
38251,1
38252,0
38253,1
38254,1
38255,2
38256,1
38257,0
38258,0
38259,1
38260,0
38261,1
38262,1
38263,2
38264,0
38265,1
38266,1
38267,2
38268,1
38269,2
38270,2
38271,3
38272,3
38273,2
38274,2
38275,1
38276,2
38277,1
38278,1
38279,0
38280,2
38281,1
38282,1
38283,0
38284,1
38285,0
38286,0
38287,1
38288,2
38289,1
38290,1
38291,0
38292,1
38293,0
38294,0
38295,1
38296,1
38297,0
38298,0
38299,1
38300,0
38301,1
38302,1
38303,2
38304,2
38305,1
38306,1
38307,0
38308,1
38309,0
38310,0
38311,1
38312,1
38313,0
38314,0
38315,1
38316,0
38317,1
38318,1
38319,2
38320,1
38321,0
38322,0
38323,1
38324,0
38325,1
38326,1
38327,2
38328,0
38329,1
38330,1
38331,2
38332,1
38333,2
38334,2
38335,3
38336,2
38337,1
38338,1
38339,0
38340,1
38341,0
38342,0
38343,1
38344,1
38345,0
38346,0
38347,1
38348,0
38349,1
38350,1
38351,2
38352,1
38353,0
38354,0
38355,1
38356,0
38357,1
38358,1
38359,2
38360,0
38361,1
38362,1
38363,2
38364,1
38365,2
38366,2
38367,3
38368,1
38369,0
38370,0
38371,1
38372,0
38373,1
38374,1
38375,2
38376,0
38377,1
38378,1
38379,2
38380,1
38381,2
38382,2
38383,3
38384,0
38385,1
38386,1
38387,2
38388,1
38389,2
38390,2
38391,3
38392,1
38393,2
38394,2
38395,3
38396,2
38397,3
38398,3
38399,4
38400,4
38401,3
38402,3
38403,2
38404,3
38405,2
38406,2
38407,1
38408,3
38409,2
38410,2
38411,1
38412,2
38413,1
38414,1
38415,0
38416,3
38417,2
38418,2
38419,1
38420,2
38421,1
38422,1
38423,0
38424,2
38425,1
38426,1
38427,0
38428,1
38429,0
38430,0
38431,1
38432,3
38433,2
38434,2
38435,1
38436,2
38437,1
38438,1
38439,0
38440,2
38441,1
38442,1
38443,0
38444,1
38445,0
38446,0
38447,1
38448,2
38449,1
38450,1
38451,0
38452,1
38453,0
38454,0
38455,1
38456,1
38457,0
38458,0
38459,1
38460,0
38461,1
38462,1
38463,2
38464,3
38465,2
38466,2
38467,1
38468,2
38469,1
38470,1
38471,0
38472,2
38473,1
38474,1
38475,0
38476,1
38477,0
38478,0
38479,1
38480,2
38481,1
38482,1
38483,0
38484,1
38485,0
38486,0
38487,1
38488,1
38489,0
38490,0
38491,1
38492,0
38493,1
38494,1
38495,2
38496,2
38497,1
38498,1
38499,0
38500,1
38501,0
38502,0
38503,1
38504,1
38505,0
38506,0
38507,1
38508,0
38509,1
38510,1
38511,2
38512,1
38513,0
38514,0
38515,1
38516,0
38517,1
38518,1
38519,2
38520,0
38521,1
38522,1
38523,2
38524,1
38525,2
38526,2
38527,3
38528,3
38529,2
38530,2
38531,1
38532,2
38533,1
38534,1
38535,0
38536,2
38537,1
38538,1
38539,0
38540,1
38541,0
38542,0
38543,1
38544,2
38545,1
38546,1
38547,0
38548,1
38549,0
38550,0
38551,1
38552,1
38553,0
38554,0
38555,1
38556,0
38557,1
38558,1
38559,2
38560,2
38561,1
38562,1
38563,0
38564,1
38565,0
38566,0
38567,1
38568,1
38569,0
38570,0
38571,1
38572,0
38573,1
38574,1
38575,2
38576,1
38577,0
38578,0
38579,1
38580,0
38581,1
38582,1
38583,2
38584,0
38585,1
38586,1
38587,2
38588,1
38589,2
38590,2
38591,3
38592,2
38593,1
38594,1
38595,0
38596,1
38597,0
38598,0
38599,1
38600,1
38601,0
38602,0
38603,1
38604,0
38605,1
38606,1
38607,2
38608,1
38609,0
38610,0
38611,1
38612,0
38613,1
38614,1
38615,2
38616,0
38617,1
38618,1
38619,2
38620,1
38621,2
38622,2
38623,3
38624,1
38625,0
38626,0
38627,1
38628,0
38629,1
38630,1
38631,2
38632,0
38633,1
38634,1
38635,2
38636,1
38637,2
38638,2
38639,3
38640,0
38641,1
38642,1
38643,2
38644,1
38645,2
38646,2
38647,3
38648,1
38649,2
38650,2
38651,3
38652,2
38653,3
38654,3
38655,4
38656,3
38657,2
38658,2
38659,1
38660,2
38661,1
38662,1
38663,0
38664,2
38665,1
38666,1
38667,0
38668,1
38669,0
38670,0
38671,1
38672,2
38673,1
38674,1
38675,0
38676,1
38677,0
38678,0
38679,1
38680,1
38681,0
38682,0
38683,1
38684,0
38685,1
38686,1
38687,2
38688,2
38689,1
38690,1
38691,0
38692,1
38693,0
38694,0
38695,1
38696,1
38697,0
38698,0
38699,1
38700,0
38701,1
38702,1
38703,2
38704,1
38705,0
38706,0
38707,1
38708,0
38709,1
38710,1
38711,2
38712,0
38713,1
38714,1
38715,2
38716,1
38717,2
38718,2
38719,3
38720,2
38721,1
38722,1
38723,0
38724,1
38725,0
38726,0
38727,1
38728,1
38729,0
38730,0
38731,1
38732,0
38733,1
38734,1
38735,2
38736,1
38737,0
38738,0
38739,1
38740,0
38741,1
38742,1
38743,2
38744,0
38745,1
38746,1
38747,2
38748,1
38749,2
38750,2
38751,3
38752,1
38753,0
38754,0
38755,1
38756,0
38757,1
38758,1
38759,2
38760,0
38761,1
38762,1
38763,2
38764,1
38765,2
38766,2
38767,3
38768,0
38769,1
38770,1
38771,2
38772,1
38773,2
38774,2
38775,3
38776,1
38777,2
38778,2
38779,3
38780,2
38781,3
38782,3
38783,4
38784,2
38785,1
38786,1
38787,0
38788,1
38789,0
38790,0
38791,1
38792,1
38793,0
38794,0
38795,1
38796,0
38797,1
38798,1
38799,2
38800,1
38801,0
38802,0
38803,1
38804,0
38805,1
38806,1
38807,2
38808,0
38809,1
38810,1
38811,2
38812,1
38813,2
38814,2
38815,3
38816,1
38817,0
38818,0
38819,1
38820,0
38821,1
38822,1
38823,2
38824,0
38825,1
38826,1
38827,2
38828,1
38829,2
38830,2
38831,3
38832,0
38833,1
38834,1
38835,2
38836,1
38837,2
38838,2
38839,3
38840,1
38841,2
38842,2
38843,3
38844,2
38845,3
38846,3
38847,4
38848,1
38849,0
38850,0
38851,1
38852,0
38853,1
38854,1
38855,2
38856,0
38857,1
38858,1
38859,2
38860,1
38861,2
38862,2
38863,3
38864,0
38865,1
38866,1
38867,2
38868,1
38869,2
38870,2
38871,3
38872,1
38873,2
38874,2
38875,3
38876,2
38877,3
38878,3
38879,4
38880,0
38881,1
38882,1
38883,2
38884,1
38885,2
38886,2
38887,3
38888,1
38889,2
38890,2
38891,3
38892,2
38893,3
38894,3
38895,4
38896,1
38897,2
38898,2
38899,3
38900,2
38901,3
38902,3
38903,4
38904,2
38905,3
38906,3
38907,4
38908,3
38909,4
38910,4
38911,3
38912,3
38913,4
38914,4
38915,3
38916,4
38917,3
38918,3
38919,2
38920,4
38921,3
38922,3
38923,2
38924,3
38925,2
38926,2
38927,1
38928,4
38929,3
38930,3
38931,2
38932,3
38933,2
38934,2
38935,1
38936,3
38937,2
38938,2
38939,1
38940,2
38941,1
38942,1
38943,0
38944,4
38945,3
38946,3
38947,2
38948,3
38949,2
38950,2
38951,1
38952,3
38953,2
38954,2
38955,1
38956,2
38957,1
38958,1
38959,0
38960,3
38961,2
38962,2
38963,1
38964,2
38965,1
38966,1
38967,0
38968,2
38969,1
38970,1
38971,0
38972,1
38973,0
38974,0
38975,1
38976,4
38977,3
38978,3
38979,2
38980,3
38981,2
38982,2
38983,1
38984,3
38985,2
38986,2
38987,1
38988,2
38989,1
38990,1
38991,0
38992,3
38993,2
38994,2
38995,1
38996,2
38997,1
38998,1
38999,0
39000,2
39001,1
39002,1
39003,0
39004,1
39005,0
39006,0
39007,1
39008,3
39009,2
39010,2
39011,1
39012,2
39013,1
39014,1
39015,0
39016,2
39017,1
39018,1
39019,0
39020,1
39021,0
39022,0
39023,1
39024,2
39025,1
39026,1
39027,0
39028,1
39029,0
39030,0
39031,1
39032,1
39033,0
39034,0
39035,1
39036,0
39037,1
39038,1
39039,2
39040,4
39041,3
39042,3
39043,2
39044,3
39045,2
39046,2
39047,1
39048,3
39049,2
39050,2
39051,1
39052,2
39053,1
39054,1
39055,0
39056,3
39057,2
39058,2
39059,1
39060,2
39061,1
39062,1
39063,0
39064,2
39065,1
39066,1
39067,0
39068,1
39069,0
39070,0
39071,1
39072,3
39073,2
39074,2
39075,1
39076,2
39077,1
39078,1
39079,0
39080,2
39081,1
39082,1
39083,0
39084,1
39085,0
39086,0
39087,1
39088,2
39089,1
39090,1
39091,0
39092,1
39093,0
39094,0
39095,1
39096,1
39097,0
39098,0
39099,1
39100,0
39101,1
39102,1
39103,2
39104,3
39105,2
39106,2
39107,1
39108,2
39109,1
39110,1
39111,0
39112,2
39113,1
39114,1
39115,0
39116,1
39117,0
39118,0
39119,1
39120,2
39121,1
39122,1
39123,0
39124,1
39125,0
39126,0
39127,1
39128,1
39129,0
39130,0
39131,1
39132,0
39133,1
39134,1
39135,2
39136,2
39137,1
39138,1
39139,0
39140,1
39141,0
39142,0
39143,1
39144,1
39145,0
39146,0
39147,1
39148,0
39149,1
39150,1
39151,2
39152,1
39153,0
39154,0
39155,1
39156,0
39157,1
39158,1
39159,2
39160,0
39161,1
39162,1
39163,2
39164,1
39165,2
39166,2
39167,3
39168,4
39169,3
39170,3
39171,2
39172,3
39173,2
39174,2
39175,1
39176,3
39177,2
39178,2
39179,1
39180,2
39181,1
39182,1
39183,0
39184,3
39185,2
39186,2
39187,1
39188,2
39189,1
39190,1
39191,0
39192,2
39193,1
39194,1
39195,0
39196,1
39197,0
39198,0
39199,1
39200,3
39201,2
39202,2
39203,1
39204,2
39205,1
39206,1
39207,0
39208,2
39209,1
39210,1
39211,0
39212,1
39213,0
39214,0
39215,1
39216,2
39217,1
39218,1
39219,0
39220,1
39221,0
39222,0
39223,1
39224,1
39225,0
39226,0
39227,1
39228,0
39229,1
39230,1
39231,2
39232,3
39233,2
39234,2
39235,1
39236,2
39237,1
39238,1
39239,0
39240,2
39241,1
39242,1
39243,0
39244,1
39245,0
39246,0
39247,1
39248,2
39249,1
39250,1
39251,0
39252,1
39253,0
39254,0
39255,1
39256,1
39257,0
39258,0
39259,1
39260,0
39261,1
39262,1
39263,2
39264,2
39265,1
39266,1
39267,0
39268,1
39269,0
39270,0
39271,1
39272,1
39273,0
39274,0
39275,1
39276,0
39277,1
39278,1
39279,2
39280,1
39281,0
39282,0
39283,1
39284,0
39285,1
39286,1
39287,2
39288,0
39289,1
39290,1
39291,2
39292,1
39293,2
39294,2
39295,3
39296,3
39297,2
39298,2
39299,1
39300,2
39301,1
39302,1
39303,0
39304,2
39305,1
39306,1
39307,0
39308,1
39309,0
39310,0
39311,1
39312,2
39313,1
39314,1
39315,0
39316,1
39317,0
39318,0
39319,1
39320,1
39321,0
39322,0
39323,1
39324,0
39325,1
39326,1
39327,2
39328,2
39329,1
39330,1
39331,0
39332,1
39333,0
39334,0
39335,1
39336,1
39337,0
39338,0
39339,1
39340,0
39341,1
39342,1
39343,2
39344,1
39345,0
39346,0
39347,1
39348,0
39349,1
39350,1
39351,2
39352,0
39353,1
39354,1
39355,2
39356,1
39357,2
39358,2
39359,3
39360,2
39361,1
39362,1
39363,0
39364,1
39365,0
39366,0
39367,1
39368,1
39369,0
39370,0
39371,1
39372,0
39373,1
39374,1
39375,2
39376,1
39377,0
39378,0
39379,1
39380,0
39381,1
39382,1
39383,2
39384,0
39385,1
39386,1
39387,2
39388,1
39389,2
39390,2
39391,3
39392,1
39393,0
39394,0
39395,1
39396,0
39397,1
39398,1
39399,2
39400,0
39401,1
39402,1
39403,2
39404,1
39405,2
39406,2
39407,3
39408,0
39409,1
39410,1
39411,2
39412,1
39413,2
39414,2
39415,3
39416,1
39417,2
39418,2
39419,3
39420,2
39421,3
39422,3
39423,4
39424,4
39425,3
39426,3
39427,2
39428,3
39429,2
39430,2
39431,1
39432,3
39433,2
39434,2
39435,1
39436,2
39437,1
39438,1
39439,0
39440,3
39441,2
39442,2
39443,1
39444,2
39445,1
39446,1
39447,0
39448,2
39449,1
39450,1
39451,0
39452,1
39453,0
39454,0
39455,1
39456,3
39457,2
39458,2
39459,1
39460,2
39461,1
39462,1
39463,0
39464,2
39465,1
39466,1
39467,0
39468,1
39469,0
39470,0
39471,1
39472,2
39473,1
39474,1
39475,0
39476,1
39477,0
39478,0
39479,1
39480,1
39481,0
39482,0
39483,1
39484,0
39485,1
39486,1
39487,2
39488,3
39489,2
39490,2
39491,1
39492,2
39493,1
39494,1
39495,0
39496,2
39497,1
39498,1
39499,0
39500,1
39501,0
39502,0
39503,1
39504,2
39505,1
39506,1
39507,0
39508,1
39509,0
39510,0
39511,1
39512,1
39513,0
39514,0
39515,1
39516,0
39517,1
39518,1
39519,2
39520,2
39521,1
39522,1
39523,0
39524,1
39525,0
39526,0
39527,1
39528,1
39529,0
39530,0
39531,1
39532,0
39533,1
39534,1
39535,2
39536,1
39537,0
39538,0
39539,1
39540,0
39541,1
39542,1
39543,2
39544,0
39545,1
39546,1
39547,2
39548,1
39549,2
39550,2
39551,3
39552,3
39553,2
39554,2
39555,1
39556,2
39557,1
39558,1
39559,0
39560,2
39561,1
39562,1
39563,0
39564,1
39565,0
39566,0
39567,1
39568,2
39569,1
39570,1
39571,0
39572,1
39573,0
39574,0
39575,1
39576,1
39577,0
39578,0
39579,1
39580,0
39581,1
39582,1
39583,2
39584,2
39585,1
39586,1
39587,0
39588,1
39589,0
39590,0
39591,1
39592,1
39593,0
39594,0
39595,1
39596,0
39597,1
39598,1
39599,2
39600,1
39601,0
39602,0
39603,1
39604,0
39605,1
39606,1
39607,2
39608,0
39609,1
39610,1
39611,2
39612,1
39613,2
39614,2
39615,3
39616,2
39617,1
39618,1
39619,0
39620,1
39621,0
39622,0
39623,1
39624,1
39625,0
39626,0
39627,1
39628,0
39629,1
39630,1
39631,2
39632,1
39633,0
39634,0
39635,1
39636,0
39637,1
39638,1
39639,2
39640,0
39641,1
39642,1
39643,2
39644,1
39645,2
39646,2
39647,3
39648,1
39649,0
39650,0
39651,1
39652,0
39653,1
39654,1
39655,2
39656,0
39657,1
39658,1
39659,2
39660,1
39661,2
39662,2
39663,3
39664,0
39665,1
39666,1
39667,2
39668,1
39669,2
39670,2
39671,3
39672,1
39673,2
39674,2
39675,3
39676,2
39677,3
39678,3
39679,4
39680,3
39681,2
39682,2
39683,1
39684,2
39685,1
39686,1
39687,0
39688,2
39689,1
39690,1
39691,0
39692,1
39693,0
39694,0
39695,1
39696,2
39697,1
39698,1
39699,0
39700,1
39701,0
39702,0
39703,1
39704,1
39705,0
39706,0
39707,1
39708,0
39709,1
39710,1
39711,2
39712,2
39713,1
39714,1
39715,0
39716,1
39717,0
39718,0
39719,1
39720,1
39721,0
39722,0
39723,1
39724,0
39725,1
39726,1
39727,2
39728,1
39729,0
39730,0
39731,1
39732,0
39733,1
39734,1
39735,2
39736,0
39737,1
39738,1
39739,2
39740,1
39741,2
39742,2
39743,3
39744,2
39745,1
39746,1
39747,0
39748,1
39749,0
39750,0
39751,1
39752,1
39753,0
39754,0
39755,1
39756,0
39757,1
39758,1
39759,2
39760,1
39761,0
39762,0
39763,1
39764,0
39765,1
39766,1
39767,2
39768,0
39769,1
39770,1
39771,2
39772,1
39773,2
39774,2
39775,3
39776,1
39777,0
39778,0
39779,1
39780,0
39781,1
39782,1
39783,2
39784,0
39785,1
39786,1
39787,2
39788,1
39789,2
39790,2
39791,3
39792,0
39793,1
39794,1
39795,2
39796,1
39797,2
39798,2
39799,3
39800,1
39801,2
39802,2
39803,3
39804,2
39805,3
39806,3
39807,4
39808,2
39809,1
39810,1
39811,0
39812,1
39813,0
39814,0
39815,1
39816,1
39817,0
39818,0
39819,1
39820,0
39821,1
39822,1
39823,2
39824,1
39825,0
39826,0
39827,1
39828,0
39829,1
39830,1
39831,2
39832,0
39833,1
39834,1
39835,2
39836,1
39837,2
39838,2
39839,3
39840,1
39841,0
39842,0
39843,1
39844,0
39845,1
39846,1
39847,2
39848,0
39849,1
39850,1
39851,2
39852,1
39853,2
39854,2
39855,3
39856,0
39857,1
39858,1
39859,2
39860,1
39861,2
39862,2
39863,3
39864,1
39865,2
39866,2
39867,3
39868,2
39869,3
39870,3
39871,4
39872,1
39873,0
39874,0
39875,1
39876,0
39877,1
39878,1
39879,2
39880,0
39881,1
39882,1
39883,2
39884,1
39885,2
39886,2
39887,3
39888,0
39889,1
39890,1
39891,2
39892,1
39893,2
39894,2
39895,3
39896,1
39897,2
39898,2
39899,3
39900,2
39901,3
39902,3
39903,4
39904,0
39905,1
39906,1
39907,2
39908,1
39909,2
39910,2
39911,3
39912,1
39913,2
39914,2
39915,3
39916,2
39917,3
39918,3
39919,4
39920,1
39921,2
39922,2
39923,3
39924,2
39925,3
39926,3
39927,4
39928,2
39929,3
39930,3
39931,4
39932,3
39933,4
39934,4
39935,3
39936,4
39937,3
39938,3
39939,2
39940,3
39941,2
39942,2
39943,1
39944,3
39945,2
39946,2
39947,1
39948,2
39949,1
39950,1
39951,0
39952,3
39953,2
39954,2
39955,1
39956,2
39957,1
39958,1
39959,0
39960,2
39961,1
39962,1
39963,0
39964,1
39965,0
39966,0
39967,1
39968,3
39969,2
39970,2
39971,1
39972,2
39973,1
39974,1
39975,0
39976,2
39977,1
39978,1
39979,0
39980,1
39981,0
39982,0
39983,1
39984,2
39985,1
39986,1
39987,0
39988,1
39989,0
39990,0
39991,1
39992,1
39993,0
39994,0
39995,1
39996,0
39997,1
39998,1
39999,2
40000,3
40001,2
40002,2
40003,1
40004,2
40005,1
40006,1
40007,0
40008,2
40009,1
40010,1
40011,0
40012,1
40013,0
40014,0
40015,1
40016,2
40017,1
40018,1
40019,0
40020,1
40021,0
40022,0
40023,1
40024,1
40025,0
40026,0
40027,1
40028,0
40029,1
40030,1
40031,2
40032,2
40033,1
40034,1
40035,0
40036,1
40037,0
40038,0
40039,1
40040,1
40041,0
40042,0
40043,1
40044,0
40045,1
40046,1
40047,2
40048,1
40049,0
40050,0
40051,1
40052,0
40053,1
40054,1
40055,2
40056,0
40057,1
40058,1
40059,2
40060,1
40061,2
40062,2
40063,3
40064,3
40065,2
40066,2
40067,1
40068,2
40069,1
40070,1
40071,0
40072,2
40073,1
40074,1
40075,0
40076,1
40077,0
40078,0
40079,1
40080,2
40081,1
40082,1
40083,0
40084,1
40085,0
40086,0
40087,1
40088,1
40089,0
40090,0
40091,1
40092,0
40093,1
40094,1
40095,2
40096,2
40097,1
40098,1
40099,0
40100,1
40101,0
40102,0
40103,1
40104,1
40105,0
40106,0
40107,1
40108,0
40109,1
40110,1
40111,2
40112,1
40113,0
40114,0
40115,1
40116,0
40117,1
40118,1
40119,2
40120,0
40121,1
40122,1
40123,2
40124,1
40125,2
40126,2
40127,3
40128,2
40129,1
40130,1
40131,0
40132,1
40133,0
40134,0
40135,1
40136,1
40137,0
40138,0
40139,1
40140,0
40141,1
40142,1
40143,2
40144,1
40145,0
40146,0
40147,1
40148,0
40149,1
40150,1
40151,2
40152,0
40153,1
40154,1
40155,2
40156,1
40157,2
40158,2
40159,3
40160,1
40161,0
40162,0
40163,1
40164,0
40165,1
40166,1
40167,2
40168,0
40169,1
40170,1
40171,2
40172,1
40173,2
40174,2
40175,3
40176,0
40177,1
40178,1
40179,2
40180,1
40181,2
40182,2
40183,3
40184,1
40185,2
40186,2
40187,3
40188,2
40189,3
40190,3
40191,4
40192,3
40193,2
40194,2
40195,1
40196,2
40197,1
40198,1
40199,0
40200,2
40201,1
40202,1
40203,0
40204,1
40205,0
40206,0
40207,1
40208,2
40209,1
40210,1
40211,0
40212,1
40213,0
40214,0
40215,1
40216,1
40217,0
40218,0
40219,1
40220,0
40221,1
40222,1
40223,2
40224,2
40225,1
40226,1
40227,0
40228,1
40229,0
40230,0
40231,1
40232,1
40233,0
40234,0
40235,1
40236,0
40237,1
40238,1
40239,2
40240,1
40241,0
40242,0
40243,1
40244,0
40245,1
40246,1
40247,2
40248,0
40249,1
40250,1
40251,2
40252,1
40253,2
40254,2
40255,3
40256,2
40257,1
40258,1
40259,0
40260,1
40261,0
40262,0
40263,1
40264,1
40265,0
40266,0
40267,1
40268,0
40269,1
40270,1
40271,2
40272,1
40273,0
40274,0
40275,1
40276,0
40277,1
40278,1
40279,2
40280,0
40281,1
40282,1
40283,2
40284,1
40285,2
40286,2
40287,3
40288,1
40289,0
40290,0
40291,1
40292,0
40293,1
40294,1
40295,2
40296,0
40297,1
40298,1
40299,2
40300,1
40301,2
40302,2
40303,3
40304,0
40305,1
40306,1
40307,2
40308,1
40309,2
40310,2
40311,3
40312,1
40313,2
40314,2
40315,3
40316,2
40317,3
40318,3
40319,4
40320,2
40321,1
40322,1
40323,0
40324,1
40325,0
40326,0
40327,1
40328,1
40329,0
40330,0
40331,1
40332,0
40333,1
40334,1
40335,2
40336,1
40337,0
40338,0
40339,1
40340,0
40341,1
40342,1
40343,2
40344,0
40345,1
40346,1
40347,2
40348,1
40349,2
40350,2
40351,3
40352,1
40353,0
40354,0
40355,1
40356,0
40357,1
40358,1
40359,2
40360,0
40361,1
40362,1
40363,2
40364,1
40365,2
40366,2
40367,3
40368,0
40369,1
40370,1
40371,2
40372,1
40373,2
40374,2
40375,3
40376,1
40377,2
40378,2
40379,3
40380,2
40381,3
40382,3
40383,4
40384,1
40385,0
40386,0
40387,1
40388,0
40389,1
40390,1
40391,2
40392,0
40393,1
40394,1
40395,2
40396,1
40397,2
40398,2
40399,3
40400,0
40401,1
40402,1
40403,2
40404,1
40405,2
40406,2
40407,3
40408,1
40409,2
40410,2
40411,3
40412,2
40413,3
40414,3
40415,4
40416,0
40417,1
40418,1
40419,2
40420,1
40421,2
40422,2
40423,3
40424,1
40425,2
40426,2
40427,3
40428,2
40429,3
40430,3
40431,4
40432,1
40433,2
40434,2
40435,3
40436,2
40437,3
40438,3
40439,4
40440,2
40441,3
40442,3
40443,4
40444,3
40445,4
40446,4
40447,3
40448,3
40449,2
40450,2
40451,1
40452,2
40453,1
40454,1
40455,0
40456,2
40457,1
40458,1
40459,0
40460,1
40461,0
40462,0
40463,1
40464,2
40465,1
40466,1
40467,0
40468,1
40469,0
40470,0
40471,1
40472,1
40473,0
40474,0
40475,1
40476,0
40477,1
40478,1
40479,2
40480,2
40481,1
40482,1
40483,0
40484,1
40485,0
40486,0
40487,1
40488,1
40489,0
40490,0
40491,1
40492,0
40493,1
40494,1
40495,2
40496,1
40497,0
40498,0
40499,1
40500,0
40501,1
40502,1
40503,2
40504,0
40505,1
40506,1
40507,2
40508,1
40509,2
40510,2
40511,3
40512,2
40513,1
40514,1
40515,0
40516,1
40517,0
40518,0
40519,1
40520,1
40521,0
40522,0
40523,1
40524,0
40525,1
40526,1
40527,2
40528,1
40529,0
40530,0
40531,1
40532,0
40533,1
40534,1
40535,2
40536,0
40537,1
40538,1
40539,2
40540,1
40541,2
40542,2
40543,3
40544,1
40545,0
40546,0
40547,1
40548,0
40549,1
40550,1
40551,2
40552,0
40553,1
40554,1
40555,2
40556,1
40557,2
40558,2
40559,3
40560,0
40561,1
40562,1
40563,2
40564,1
40565,2
40566,2
40567,3
40568,1
40569,2
40570,2
40571,3
40572,2
40573,3
40574,3
40575,4
40576,2
40577,1
40578,1
40579,0
40580,1
40581,0
40582,0
40583,1
40584,1
40585,0
40586,0
40587,1
40588,0
40589,1
40590,1
40591,2
40592,1
40593,0
40594,0
40595,1
40596,0
40597,1
40598,1
40599,2
40600,0
40601,1
40602,1
40603,2
40604,1
40605,2
40606,2
40607,3
40608,1
40609,0
40610,0
40611,1
40612,0
40613,1
40614,1
40615,2
40616,0
40617,1
40618,1
40619,2
40620,1
40621,2
40622,2
40623,3
40624,0
40625,1
40626,1
40627,2
40628,1
40629,2
40630,2
40631,3
40632,1
40633,2
40634,2
40635,3
40636,2
40637,3
40638,3
40639,4
40640,1
40641,0
40642,0
40643,1
40644,0
40645,1
40646,1
40647,2
40648,0
40649,1
40650,1
40651,2
40652,1
40653,2
40654,2
40655,3
40656,0
40657,1
40658,1
40659,2
40660,1
40661,2
40662,2
40663,3
40664,1
40665,2
40666,2
40667,3
40668,2
40669,3
40670,3
40671,4
40672,0
40673,1
40674,1
40675,2
40676,1
40677,2
40678,2
40679,3
40680,1
40681,2
40682,2
40683,3
40684,2
40685,3
40686,3
40687,4
40688,1
40689,2
40690,2
40691,3
40692,2
40693,3
40694,3
40695,4
40696,2
40697,3
40698,3
40699,4
40700,3
40701,4
40702,4
40703,3
40704,2
40705,1
40706,1
40707,0
40708,1
40709,0
40710,0
40711,1
40712,1
40713,0
40714,0
40715,1
40716,0
40717,1
40718,1
40719,2
40720,1
40721,0
40722,0
40723,1
40724,0
40725,1
40726,1
40727,2
40728,0
40729,1
40730,1
40731,2
40732,1
40733,2
40734,2
40735,3
40736,1
40737,0
40738,0
40739,1
40740,0
40741,1
40742,1
40743,2
40744,0
40745,1
40746,1
40747,2
40748,1
40749,2
40750,2
40751,3
40752,0
40753,1
40754,1
40755,2
40756,1
40757,2
40758,2
40759,3
40760,1
40761,2
40762,2
40763,3
40764,2
40765,3
40766,3
40767,4
40768,1
40769,0
40770,0
40771,1
40772,0
40773,1
40774,1
40775,2
40776,0
40777,1
40778,1
40779,2
40780,1
40781,2
40782,2
40783,3
40784,0
40785,1
40786,1
40787,2
40788,1
40789,2
40790,2
40791,3
40792,1
40793,2
40794,2
40795,3
40796,2
40797,3
40798,3
40799,4
40800,0
40801,1
40802,1
40803,2
40804,1
40805,2
40806,2
40807,3
40808,1
40809,2
40810,2
40811,3
40812,2
40813,3
40814,3
40815,4
40816,1
40817,2
40818,2
40819,3
40820,2
40821,3
40822,3
40823,4
40824,2
40825,3
40826,3
40827,4
40828,3
40829,4
40830,4
40831,3
40832,1
40833,0
40834,0
40835,1
40836,0
40837,1
40838,1
40839,2
40840,0
40841,1
40842,1
40843,2
40844,1
40845,2
40846,2
40847,3
40848,0
40849,1
40850,1
40851,2
40852,1
40853,2
40854,2
40855,3
40856,1
40857,2
40858,2
40859,3
40860,2
40861,3
40862,3
40863,4
40864,0
40865,1
40866,1
40867,2
40868,1
40869,2
40870,2
40871,3
40872,1
40873,2
40874,2
40875,3
40876,2
40877,3
40878,3
40879,4
40880,1
40881,2
40882,2
40883,3
40884,2
40885,3
40886,3
40887,4
40888,2
40889,3
40890,3
40891,4
40892,3
40893,4
40894,4
40895,3
40896,0
40897,1
40898,1
40899,2
40900,1
40901,2
40902,2
40903,3
40904,1
40905,2
40906,2
40907,3
40908,2
40909,3
40910,3
40911,4
40912,1
40913,2
40914,2
40915,3
40916,2
40917,3
40918,3
40919,4
40920,2
40921,3
40922,3
40923,4
40924,3
40925,4
40926,4
40927,3
40928,1
40929,2
40930,2
40931,3
40932,2
40933,3
40934,3
40935,4
40936,2
40937,3
40938,3
40939,4
40940,3
40941,4
40942,4
40943,3
40944,2
40945,3
40946,3
40947,4
40948,3
40949,4
40950,4
40951,3
40952,3
40953,4
40954,4
40955,3
40956,4
40957,3
40958,3
40959,2
40960,2
40961,3
40962,3
40963,4
40964,3
40965,4
40966,4
40967,3
40968,3
40969,4
40970,4
40971,3
40972,4
40973,3
40974,3
40975,2
40976,3
40977,4
40978,4
40979,3
40980,4
40981,3
40982,3
40983,2
40984,4
40985,3
40986,3
40987,2
40988,3
40989,2
40990,2
40991,1
40992,3
40993,4
40994,4
40995,3
40996,4
40997,3
40998,3
40999,2
41000,4
41001,3
41002,3
41003,2
41004,3
41005,2
41006,2
41007,1
41008,4
41009,3
41010,3
41011,2
41012,3
41013,2
41014,2
41015,1
41016,3
41017,2
41018,2
41019,1
41020,2
41021,1
41022,1
41023,0
41024,3
41025,4
41026,4
41027,3
41028,4
41029,3
41030,3
41031,2
41032,4
41033,3
41034,3
41035,2
41036,3
41037,2
41038,2
41039,1
41040,4
41041,3
41042,3
41043,2
41044,3
41045,2
41046,2
41047,1
41048,3
41049,2
41050,2
41051,1
41052,2
41053,1
41054,1
41055,0
41056,4
41057,3
41058,3
41059,2
41060,3
41061,2
41062,2
41063,1
41064,3
41065,2
41066,2
41067,1
41068,2
41069,1
41070,1
41071,0
41072,3
41073,2
41074,2
41075,1
41076,2
41077,1
41078,1
41079,0
41080,2
41081,1
41082,1
41083,0
41084,1
41085,0
41086,0
41087,1
41088,3
41089,4
41090,4
41091,3
41092,4
41093,3
41094,3
41095,2
41096,4
41097,3
41098,3
41099,2
41100,3
41101,2
41102,2
41103,1
41104,4
41105,3
41106,3
41107,2
41108,3
41109,2
41110,2
41111,1
41112,3
41113,2
41114,2
41115,1
41116,2
41117,1
41118,1
41119,0
41120,4
41121,3
41122,3
41123,2
41124,3
41125,2
41126,2
41127,1
41128,3
41129,2
41130,2
41131,1
41132,2
41133,1
41134,1
41135,0
41136,3
41137,2
41138,2
41139,1
41140,2
41141,1
41142,1
41143,0
41144,2
41145,1
41146,1
41147,0
41148,1
41149,0
41150,0
41151,1
41152,4
41153,3
41154,3
41155,2
41156,3
41157,2
41158,2
41159,1
41160,3
41161,2
41162,2
41163,1
41164,2
41165,1
41166,1
41167,0
41168,3
41169,2
41170,2
41171,1
41172,2
41173,1
41174,1
41175,0
41176,2
41177,1
41178,1
41179,0
41180,1
41181,0
41182,0
41183,1
41184,3
41185,2
41186,2
41187,1
41188,2
41189,1
41190,1
41191,0
41192,2
41193,1
41194,1
41195,0
41196,1
41197,0
41198,0
41199,1
41200,2
41201,1
41202,1
41203,0
41204,1
41205,0
41206,0
41207,1
41208,1
41209,0
41210,0
41211,1
41212,0
41213,1
41214,1
41215,2
41216,3
41217,4
41218,4
41219,3
41220,4
41221,3
41222,3
41223,2
41224,4
41225,3
41226,3
41227,2
41228,3
41229,2
41230,2
41231,1
41232,4
41233,3
41234,3
41235,2
41236,3
41237,2
41238,2
41239,1
41240,3
41241,2
41242,2
41243,1
41244,2
41245,1
41246,1
41247,0
41248,4
41249,3
41250,3
41251,2
41252,3
41253,2
41254,2
41255,1
41256,3
41257,2
41258,2
41259,1
41260,2
41261,1
41262,1
41263,0
41264,3
41265,2
41266,2
41267,1
41268,2
41269,1
41270,1
41271,0
41272,2
41273,1
41274,1
41275,0
41276,1
41277,0
41278,0
41279,1
41280,4
41281,3
41282,3
41283,2
41284,3
41285,2
41286,2
41287,1
41288,3
41289,2
41290,2
41291,1
41292,2
41293,1
41294,1
41295,0
41296,3
41297,2
41298,2
41299,1
41300,2
41301,1
41302,1
41303,0
41304,2
41305,1
41306,1
41307,0
41308,1
41309,0
41310,0
41311,1
41312,3
41313,2
41314,2
41315,1
41316,2
41317,1
41318,1
41319,0
41320,2
41321,1
41322,1
41323,0
41324,1
41325,0
41326,0
41327,1
41328,2
41329,1
41330,1
41331,0
41332,1
41333,0
41334,0
41335,1
41336,1
41337,0
41338,0
41339,1
41340,0
41341,1
41342,1
41343,2
41344,4
41345,3
41346,3
41347,2
41348,3
41349,2
41350,2
41351,1
41352,3
41353,2
41354,2
41355,1
41356,2
41357,1
41358,1
41359,0
41360,3
41361,2
41362,2
41363,1
41364,2
41365,1
41366,1
41367,0
41368,2
41369,1
41370,1
41371,0
41372,1
41373,0
41374,0
41375,1
41376,3
41377,2
41378,2
41379,1
41380,2
41381,1
41382,1
41383,0
41384,2
41385,1
41386,1
41387,0
41388,1
41389,0
41390,0
41391,1
41392,2
41393,1
41394,1
41395,0
41396,1
41397,0
41398,0
41399,1
41400,1
41401,0
41402,0
41403,1
41404,0
41405,1
41406,1
41407,2
41408,3
41409,2
41410,2
41411,1
41412,2
41413,1
41414,1
41415,0
41416,2
41417,1
41418,1
41419,0
41420,1
41421,0
41422,0
41423,1
41424,2
41425,1
41426,1
41427,0
41428,1
41429,0
41430,0
41431,1
41432,1
41433,0
41434,0
41435,1
41436,0
41437,1
41438,1
41439,2
41440,2
41441,1
41442,1
41443,0
41444,1
41445,0
41446,0
41447,1
41448,1
41449,0
41450,0
41451,1
41452,0
41453,1
41454,1
41455,2
41456,1
41457,0
41458,0
41459,1
41460,0
41461,1
41462,1
41463,2
41464,0
41465,1
41466,1
41467,2
41468,1
41469,2
41470,2
41471,3
41472,3
41473,4
41474,4
41475,3
41476,4
41477,3
41478,3
41479,2
41480,4
41481,3
41482,3
41483,2
41484,3
41485,2
41486,2
41487,1
41488,4
41489,3
41490,3
41491,2
41492,3
41493,2
41494,2
41495,1
41496,3
41497,2
41498,2
41499,1
41500,2
41501,1
41502,1
41503,0
41504,4
41505,3
41506,3
41507,2
41508,3
41509,2
41510,2
41511,1
41512,3
41513,2
41514,2
41515,1
41516,2
41517,1
41518,1
41519,0
41520,3
41521,2
41522,2
41523,1
41524,2
41525,1
41526,1
41527,0
41528,2
41529,1
41530,1
41531,0
41532,1
41533,0
41534,0
41535,1
41536,4
41537,3
41538,3
41539,2
41540,3
41541,2
41542,2
41543,1
41544,3
41545,2
41546,2
41547,1
41548,2
41549,1
41550,1
41551,0
41552,3
41553,2
41554,2
41555,1
41556,2
41557,1
41558,1
41559,0
41560,2
41561,1
41562,1
41563,0
41564,1
41565,0
41566,0
41567,1
41568,3
41569,2
41570,2
41571,1
41572,2
41573,1
41574,1
41575,0
41576,2
41577,1
41578,1
41579,0
41580,1
41581,0
41582,0
41583,1
41584,2
41585,1
41586,1
41587,0
41588,1
41589,0
41590,0
41591,1
41592,1
41593,0
41594,0
41595,1
41596,0
41597,1
41598,1
41599,2
41600,4
41601,3
41602,3
41603,2
41604,3
41605,2
41606,2
41607,1
41608,3
41609,2
41610,2
41611,1
41612,2
41613,1
41614,1
41615,0
41616,3
41617,2
41618,2
41619,1
41620,2
41621,1
41622,1
41623,0
41624,2
41625,1
41626,1
41627,0
41628,1
41629,0
41630,0
41631,1
41632,3
41633,2
41634,2
41635,1
41636,2
41637,1
41638,1
41639,0
41640,2
41641,1
41642,1
41643,0
41644,1
41645,0
41646,0
41647,1
41648,2
41649,1
41650,1
41651,0
41652,1
41653,0
41654,0
41655,1
41656,1
41657,0
41658,0
41659,1
41660,0
41661,1
41662,1
41663,2
41664,3
41665,2
41666,2
41667,1
41668,2
41669,1
41670,1
41671,0
41672,2
41673,1
41674,1
41675,0
41676,1
41677,0
41678,0
41679,1
41680,2
41681,1
41682,1
41683,0
41684,1
41685,0
41686,0
41687,1
41688,1
41689,0
41690,0
41691,1
41692,0
41693,1
41694,1
41695,2
41696,2
41697,1
41698,1
41699,0
41700,1
41701,0
41702,0
41703,1
41704,1
41705,0
41706,0
41707,1
41708,0
41709,1
41710,1
41711,2
41712,1
41713,0
41714,0
41715,1
41716,0
41717,1
41718,1
41719,2
41720,0
41721,1
41722,1
41723,2
41724,1
41725,2
41726,2
41727,3
41728,4
41729,3
41730,3
41731,2
41732,3
41733,2
41734,2
41735,1
41736,3
41737,2
41738,2
41739,1
41740,2
41741,1
41742,1
41743,0
41744,3
41745,2
41746,2
41747,1
41748,2
41749,1
41750,1
41751,0
41752,2
41753,1
41754,1
41755,0
41756,1
41757,0
41758,0
41759,1
41760,3
41761,2
41762,2
41763,1
41764,2
41765,1
41766,1
41767,0
41768,2
41769,1
41770,1
41771,0
41772,1
41773,0
41774,0
41775,1
41776,2
41777,1
41778,1
41779,0
41780,1
41781,0
41782,0
41783,1
41784,1
41785,0
41786,0
41787,1
41788,0
41789,1
41790,1
41791,2
41792,3
41793,2
41794,2
41795,1
41796,2
41797,1
41798,1
41799,0
41800,2
41801,1
41802,1
41803,0
41804,1
41805,0
41806,0
41807,1
41808,2
41809,1
41810,1
41811,0
41812,1
41813,0
41814,0
41815,1
41816,1
41817,0
41818,0
41819,1
41820,0
41821,1
41822,1
41823,2
41824,2
41825,1
41826,1
41827,0
41828,1
41829,0
41830,0
41831,1
41832,1
41833,0
41834,0
41835,1
41836,0
41837,1
41838,1
41839,2
41840,1
41841,0
41842,0
41843,1
41844,0
41845,1
41846,1
41847,2
41848,0
41849,1
41850,1
41851,2
41852,1
41853,2
41854,2
41855,3
41856,3
41857,2
41858,2
41859,1
41860,2
41861,1
41862,1
41863,0
41864,2
41865,1
41866,1
41867,0
41868,1
41869,0
41870,0
41871,1
41872,2
41873,1
41874,1
41875,0
41876,1
41877,0
41878,0
41879,1
41880,1
41881,0
41882,0
41883,1
41884,0
41885,1
41886,1
41887,2
41888,2
41889,1
41890,1
41891,0
41892,1
41893,0
41894,0
41895,1
41896,1
41897,0
41898,0
41899,1
41900,0
41901,1
41902,1
41903,2
41904,1
41905,0
41906,0
41907,1
41908,0
41909,1
41910,1
41911,2
41912,0
41913,1
41914,1
41915,2
41916,1
41917,2
41918,2
41919,3
41920,2
41921,1
41922,1
41923,0
41924,1
41925,0
41926,0
41927,1
41928,1
41929,0
41930,0
41931,1
41932,0
41933,1
41934,1
41935,2
41936,1
41937,0
41938,0
41939,1
41940,0
41941,1
41942,1
41943,2
41944,0
41945,1
41946,1
41947,2
41948,1
41949,2
41950,2
41951,3
41952,1
41953,0
41954,0
41955,1
41956,0
41957,1
41958,1
41959,2
41960,0
41961,1
41962,1
41963,2
41964,1
41965,2
41966,2
41967,3
41968,0
41969,1
41970,1
41971,2
41972,1
41973,2
41974,2
41975,3
41976,1
41977,2
41978,2
41979,3
41980,2
41981,3
41982,3
41983,4
41984,3
41985,4
41986,4
41987,3
41988,4
41989,3
41990,3
41991,2
41992,4
41993,3
41994,3
41995,2
41996,3
41997,2
41998,2
41999,1
42000,4
42001,3
42002,3
42003,2
42004,3
42005,2
42006,2
42007,1
42008,3
42009,2
42010,2
42011,1
42012,2
42013,1
42014,1
42015,0
42016,4
42017,3
42018,3
42019,2
42020,3
42021,2
42022,2
42023,1
42024,3
42025,2
42026,2
42027,1
42028,2
42029,1
42030,1
42031,0
42032,3
42033,2
42034,2
42035,1
42036,2
42037,1
42038,1
42039,0
42040,2
42041,1
42042,1
42043,0
42044,1
42045,0
42046,0
42047,1
42048,4
42049,3
42050,3
42051,2
42052,3
42053,2
42054,2
42055,1
42056,3
42057,2
42058,2
42059,1
42060,2
42061,1
42062,1
42063,0
42064,3
42065,2
42066,2
42067,1
42068,2
42069,1
42070,1
42071,0
42072,2
42073,1
42074,1
42075,0
42076,1
42077,0
42078,0
42079,1
42080,3
42081,2
42082,2
42083,1
42084,2
42085,1
42086,1
42087,0
42088,2
42089,1
42090,1
42091,0
42092,1
42093,0
42094,0
42095,1
42096,2
42097,1
42098,1
42099,0
42100,1
42101,0
42102,0
42103,1
42104,1
42105,0
42106,0
42107,1
42108,0
42109,1
42110,1
42111,2
42112,4
42113,3
42114,3
42115,2
42116,3
42117,2
42118,2
42119,1
42120,3
42121,2
42122,2
42123,1
42124,2
42125,1
42126,1
42127,0
42128,3
42129,2
42130,2
42131,1
42132,2
42133,1
42134,1
42135,0
42136,2
42137,1
42138,1
42139,0
42140,1
42141,0
42142,0
42143,1
42144,3
42145,2
42146,2
42147,1
42148,2
42149,1
42150,1
42151,0
42152,2
42153,1
42154,1
42155,0
42156,1
42157,0
42158,0
42159,1
42160,2
42161,1
42162,1
42163,0
42164,1
42165,0
42166,0
42167,1
42168,1
42169,0
42170,0
42171,1
42172,0
42173,1
42174,1
42175,2
42176,3
42177,2
42178,2
42179,1
42180,2
42181,1
42182,1
42183,0
42184,2
42185,1
42186,1
42187,0
42188,1
42189,0
42190,0
42191,1
42192,2
42193,1
42194,1
42195,0
42196,1
42197,0
42198,0
42199,1
42200,1
42201,0
42202,0
42203,1
42204,0
42205,1
42206,1
42207,2
42208,2
42209,1
42210,1
42211,0
42212,1
42213,0
42214,0
42215,1
42216,1
42217,0
42218,0
42219,1
42220,0
42221,1
42222,1
42223,2
42224,1
42225,0
42226,0
42227,1
42228,0
42229,1
42230,1
42231,2
42232,0
42233,1
42234,1
42235,2
42236,1
42237,2
42238,2
42239,3
42240,4
42241,3
42242,3
42243,2
42244,3
42245,2
42246,2
42247,1
42248,3
42249,2
42250,2
42251,1
42252,2
42253,1
42254,1
42255,0
42256,3
42257,2
42258,2
42259,1
42260,2
42261,1
42262,1
42263,0
42264,2
42265,1
42266,1
42267,0
42268,1
42269,0
42270,0
42271,1
42272,3
42273,2
42274,2
42275,1
42276,2
42277,1
42278,1
42279,0
42280,2
42281,1
42282,1
42283,0
42284,1
42285,0
42286,0
42287,1
42288,2
42289,1
42290,1
42291,0
42292,1
42293,0
42294,0
42295,1
42296,1
42297,0
42298,0
42299,1
42300,0
42301,1
42302,1
42303,2
42304,3
42305,2
42306,2
42307,1
42308,2
42309,1
42310,1
42311,0
42312,2
42313,1
42314,1
42315,0
42316,1
42317,0
42318,0
42319,1
42320,2
42321,1
42322,1
42323,0
42324,1
42325,0
42326,0
42327,1
42328,1
42329,0
42330,0
42331,1
42332,0
42333,1
42334,1
42335,2
42336,2
42337,1
42338,1
42339,0
42340,1
42341,0
42342,0
42343,1
42344,1
42345,0
42346,0
42347,1
42348,0
42349,1
42350,1
42351,2
42352,1
42353,0
42354,0
42355,1
42356,0
42357,1
42358,1
42359,2
42360,0
42361,1
42362,1
42363,2
42364,1
42365,2
42366,2
42367,3
42368,3
42369,2
42370,2
42371,1
42372,2
42373,1
42374,1
42375,0
42376,2
42377,1
42378,1
42379,0
42380,1
42381,0
42382,0
42383,1
42384,2
42385,1
42386,1
42387,0
42388,1
42389,0
42390,0
42391,1
42392,1
42393,0
42394,0
42395,1
42396,0
42397,1
42398,1
42399,2
42400,2
42401,1
42402,1
42403,0
42404,1
42405,0
42406,0
42407,1
42408,1
42409,0
42410,0
42411,1
42412,0
42413,1
42414,1
42415,2
42416,1
42417,0
42418,0
42419,1
42420,0
42421,1
42422,1
42423,2
42424,0
42425,1
42426,1
42427,2
42428,1
42429,2
42430,2
42431,3
42432,2
42433,1
42434,1
42435,0
42436,1
42437,0
42438,0
42439,1
42440,1
42441,0
42442,0
42443,1
42444,0
42445,1
42446,1
42447,2
42448,1
42449,0
42450,0
42451,1
42452,0
42453,1
42454,1
42455,2
42456,0
42457,1
42458,1
42459,2
42460,1
42461,2
42462,2
42463,3
42464,1
42465,0
42466,0
42467,1
42468,0
42469,1
42470,1
42471,2
42472,0
42473,1
42474,1
42475,2
42476,1
42477,2
42478,2
42479,3
42480,0
42481,1
42482,1
42483,2
42484,1
42485,2
42486,2
42487,3
42488,1
42489,2
42490,2
42491,3
42492,2
42493,3
42494,3
42495,4
42496,4
42497,3
42498,3
42499,2
42500,3
42501,2
42502,2
42503,1
42504,3
42505,2
42506,2
42507,1
42508,2
42509,1
42510,1
42511,0
42512,3
42513,2
42514,2
42515,1
42516,2
42517,1
42518,1
42519,0
42520,2
42521,1
42522,1
42523,0
42524,1
42525,0
42526,0
42527,1
42528,3
42529,2
42530,2
42531,1
42532,2
42533,1
42534,1
42535,0
42536,2
42537,1
42538,1
42539,0
42540,1
42541,0
42542,0
42543,1
42544,2
42545,1
42546,1
42547,0
42548,1
42549,0
42550,0
42551,1
42552,1
42553,0
42554,0
42555,1
42556,0
42557,1
42558,1
42559,2
42560,3
42561,2
42562,2
42563,1
42564,2
42565,1
42566,1
42567,0
42568,2
42569,1
42570,1
42571,0
42572,1
42573,0
42574,0
42575,1
42576,2
42577,1
42578,1
42579,0
42580,1
42581,0
42582,0
42583,1
42584,1
42585,0
42586,0
42587,1
42588,0
42589,1
42590,1
42591,2
42592,2
42593,1
42594,1
42595,0
42596,1
42597,0
42598,0
42599,1
42600,1
42601,0
42602,0
42603,1
42604,0
42605,1
42606,1
42607,2
42608,1
42609,0
42610,0
42611,1
42612,0
42613,1
42614,1
42615,2
42616,0
42617,1
42618,1
42619,2
42620,1
42621,2
42622,2
42623,3
42624,3
42625,2
42626,2
42627,1
42628,2
42629,1
42630,1
42631,0
42632,2
42633,1
42634,1
42635,0
42636,1
42637,0
42638,0
42639,1
42640,2
42641,1
42642,1
42643,0
42644,1
42645,0
42646,0
42647,1
42648,1
42649,0
42650,0
42651,1
42652,0
42653,1
42654,1
42655,2
42656,2
42657,1
42658,1
42659,0
42660,1
42661,0
42662,0
42663,1
42664,1
42665,0
42666,0
42667,1
42668,0
42669,1
42670,1
42671,2
42672,1
42673,0
42674,0
42675,1
42676,0
42677,1
42678,1
42679,2
42680,0
42681,1
42682,1
42683,2
42684,1
42685,2
42686,2
42687,3
42688,2
42689,1
42690,1
42691,0
42692,1
42693,0
42694,0
42695,1
42696,1
42697,0
42698,0
42699,1
42700,0
42701,1
42702,1
42703,2
42704,1
42705,0
42706,0
42707,1
42708,0
42709,1
42710,1
42711,2
42712,0
42713,1
42714,1
42715,2
42716,1
42717,2
42718,2
42719,3
42720,1
42721,0
42722,0
42723,1
42724,0
42725,1
42726,1
42727,2
42728,0
42729,1
42730,1
42731,2
42732,1
42733,2
42734,2
42735,3
42736,0
42737,1
42738,1
42739,2
42740,1
42741,2
42742,2
42743,3
42744,1
42745,2
42746,2
42747,3
42748,2
42749,3
42750,3
42751,4
42752,3
42753,2
42754,2
42755,1
42756,2
42757,1
42758,1
42759,0
42760,2
42761,1
42762,1
42763,0
42764,1
42765,0
42766,0
42767,1
42768,2
42769,1
42770,1
42771,0
42772,1
42773,0
42774,0
42775,1
42776,1
42777,0
42778,0
42779,1
42780,0
42781,1
42782,1
42783,2
42784,2
42785,1
42786,1
42787,0
42788,1
42789,0
42790,0
42791,1
42792,1
42793,0
42794,0
42795,1
42796,0
42797,1
42798,1
42799,2
42800,1
42801,0
42802,0
42803,1
42804,0
42805,1
42806,1
42807,2
42808,0
42809,1
42810,1
42811,2
42812,1
42813,2
42814,2
42815,3
42816,2
42817,1
42818,1
42819,0
42820,1
42821,0
42822,0
42823,1
42824,1
42825,0
42826,0
42827,1
42828,0
42829,1
42830,1
42831,2
42832,1
42833,0
42834,0
42835,1
42836,0
42837,1
42838,1
42839,2
42840,0
42841,1
42842,1
42843,2
42844,1
42845,2
42846,2
42847,3
42848,1
42849,0
42850,0
42851,1
42852,0
42853,1
42854,1
42855,2
42856,0
42857,1
42858,1
42859,2
42860,1
42861,2
42862,2
42863,3
42864,0
42865,1
42866,1
42867,2
42868,1
42869,2
42870,2
42871,3
42872,1
42873,2
42874,2
42875,3
42876,2
42877,3
42878,3
42879,4
42880,2
42881,1
42882,1
42883,0
42884,1
42885,0
42886,0
42887,1
42888,1
42889,0
42890,0
42891,1
42892,0
42893,1
42894,1
42895,2
42896,1
42897,0
42898,0
42899,1
42900,0
42901,1
42902,1
42903,2
42904,0
42905,1
42906,1
42907,2
42908,1
42909,2
42910,2
42911,3
42912,1
42913,0
42914,0
42915,1
42916,0
42917,1
42918,1
42919,2
42920,0
42921,1
42922,1
42923,2
42924,1
42925,2
42926,2
42927,3
42928,0
42929,1
42930,1
42931,2
42932,1
42933,2
42934,2
42935,3
42936,1
42937,2
42938,2
42939,3
42940,2
42941,3
42942,3
42943,4
42944,1
42945,0
42946,0
42947,1
42948,0
42949,1
42950,1
42951,2
42952,0
42953,1
42954,1
42955,2
42956,1
42957,2
42958,2
42959,3
42960,0
42961,1
42962,1
42963,2
42964,1
42965,2
42966,2
42967,3
42968,1
42969,2
42970,2
42971,3
42972,2
42973,3
42974,3
42975,4
42976,0
42977,1
42978,1
42979,2
42980,1
42981,2
42982,2
42983,3
42984,1
42985,2
42986,2
42987,3
42988,2
42989,3
42990,3
42991,4
42992,1
42993,2
42994,2
42995,3
42996,2
42997,3
42998,3
42999,4
43000,2
43001,3
43002,3
43003,4
43004,3
43005,4
43006,4
43007,3
43008,3
43009,4
43010,4
43011,3
43012,4
43013,3
43014,3
43015,2
43016,4
43017,3
43018,3
43019,2
43020,3
43021,2
43022,2
43023,1
43024,4
43025,3
43026,3
43027,2
43028,3
43029,2
43030,2
43031,1
43032,3
43033,2
43034,2
43035,1
43036,2
43037,1
43038,1
43039,0
43040,4
43041,3
43042,3
43043,2
43044,3
43045,2
43046,2
43047,1
43048,3
43049,2
43050,2
43051,1
43052,2
43053,1
43054,1
43055,0
43056,3
43057,2
43058,2
43059,1
43060,2
43061,1
43062,1
43063,0
43064,2
43065,1
43066,1
43067,0
43068,1
43069,0
43070,0
43071,1
43072,4
43073,3
43074,3
43075,2
43076,3
43077,2
43078,2
43079,1
43080,3
43081,2
43082,2
43083,1
43084,2
43085,1
43086,1
43087,0
43088,3
43089,2
43090,2
43091,1
43092,2
43093,1
43094,1
43095,0
43096,2
43097,1
43098,1
43099,0
43100,1
43101,0
43102,0
43103,1
43104,3
43105,2
43106,2
43107,1
43108,2
43109,1
43110,1
43111,0
43112,2
43113,1
43114,1
43115,0
43116,1
43117,0
43118,0
43119,1
43120,2
43121,1
43122,1
43123,0
43124,1
43125,0
43126,0
43127,1
43128,1
43129,0
43130,0
43131,1
43132,0
43133,1
43134,1
43135,2
43136,4
43137,3
43138,3
43139,2
43140,3
43141,2
43142,2
43143,1
43144,3
43145,2
43146,2
43147,1
43148,2
43149,1
43150,1
43151,0
43152,3
43153,2
43154,2
43155,1
43156,2
43157,1
43158,1
43159,0
43160,2
43161,1
43162,1
43163,0
43164,1
43165,0
43166,0
43167,1
43168,3
43169,2
43170,2
43171,1
43172,2
43173,1
43174,1
43175,0
43176,2
43177,1
43178,1
43179,0
43180,1
43181,0
43182,0
43183,1
43184,2
43185,1
43186,1
43187,0
43188,1
43189,0
43190,0
43191,1
43192,1
43193,0
43194,0
43195,1
43196,0
43197,1
43198,1
43199,2
43200,3
43201,2
43202,2
43203,1
43204,2
43205,1
43206,1
43207,0
43208,2
43209,1
43210,1
43211,0
43212,1
43213,0
43214,0
43215,1
43216,2
43217,1
43218,1
43219,0
43220,1
43221,0
43222,0
43223,1
43224,1
43225,0
43226,0
43227,1
43228,0
43229,1
43230,1
43231,2
43232,2
43233,1
43234,1
43235,0
43236,1
43237,0
43238,0
43239,1
43240,1
43241,0
43242,0
43243,1
43244,0
43245,1
43246,1
43247,2
43248,1
43249,0
43250,0
43251,1
43252,0
43253,1
43254,1
43255,2
43256,0
43257,1
43258,1
43259,2
43260,1
43261,2
43262,2
43263,3
43264,4
43265,3
43266,3
43267,2
43268,3
43269,2
43270,2
43271,1
43272,3
43273,2
43274,2
43275,1
43276,2
43277,1
43278,1
43279,0
43280,3
43281,2
43282,2
43283,1
43284,2
43285,1
43286,1
43287,0
43288,2
43289,1
43290,1
43291,0
43292,1
43293,0
43294,0
43295,1
43296,3
43297,2
43298,2
43299,1
43300,2
43301,1
43302,1
43303,0
43304,2
43305,1
43306,1
43307,0
43308,1
43309,0
43310,0
43311,1
43312,2
43313,1
43314,1
43315,0
43316,1
43317,0
43318,0
43319,1
43320,1
43321,0
43322,0
43323,1
43324,0
43325,1
43326,1
43327,2
43328,3
43329,2
43330,2
43331,1
43332,2
43333,1
43334,1
43335,0
43336,2
43337,1
43338,1
43339,0
43340,1
43341,0
43342,0
43343,1
43344,2
43345,1
43346,1
43347,0
43348,1
43349,0
43350,0
43351,1
43352,1
43353,0
43354,0
43355,1
43356,0
43357,1
43358,1
43359,2
43360,2
43361,1
43362,1
43363,0
43364,1
43365,0
43366,0
43367,1
43368,1
43369,0
43370,0
43371,1
43372,0
43373,1
43374,1
43375,2
43376,1
43377,0
43378,0
43379,1
43380,0
43381,1
43382,1
43383,2
43384,0
43385,1
43386,1
43387,2
43388,1
43389,2
43390,2
43391,3
43392,3
43393,2
43394,2
43395,1
43396,2
43397,1
43398,1
43399,0
43400,2
43401,1
43402,1
43403,0
43404,1
43405,0
43406,0
43407,1
43408,2
43409,1
43410,1
43411,0
43412,1
43413,0
43414,0
43415,1
43416,1
43417,0
43418,0
43419,1
43420,0
43421,1
43422,1
43423,2
43424,2
43425,1
43426,1
43427,0
43428,1
43429,0
43430,0
43431,1
43432,1
43433,0
43434,0
43435,1
43436,0
43437,1
43438,1
43439,2
43440,1
43441,0
43442,0
43443,1
43444,0
43445,1
43446,1
43447,2
43448,0
43449,1
43450,1
43451,2
43452,1
43453,2
43454,2
43455,3
43456,2
43457,1
43458,1
43459,0
43460,1
43461,0
43462,0
43463,1
43464,1
43465,0
43466,0
43467,1
43468,0
43469,1
43470,1
43471,2
43472,1
43473,0
43474,0
43475,1
43476,0
43477,1
43478,1
43479,2
43480,0
43481,1
43482,1
43483,2
43484,1
43485,2
43486,2
43487,3
43488,1
43489,0
43490,0
43491,1
43492,0
43493,1
43494,1
43495,2
43496,0
43497,1
43498,1
43499,2
43500,1
43501,2
43502,2
43503,3
43504,0
43505,1
43506,1
43507,2
43508,1
43509,2
43510,2
43511,3
43512,1
43513,2
43514,2
43515,3
43516,2
43517,3
43518,3
43519,4
43520,4
43521,3
43522,3
43523,2
43524,3
43525,2
43526,2
43527,1
43528,3
43529,2
43530,2
43531,1
43532,2
43533,1
43534,1
43535,0
43536,3
43537,2
43538,2
43539,1
43540,2
43541,1
43542,1
43543,0
43544,2
43545,1
43546,1
43547,0
43548,1
43549,0
43550,0
43551,1
43552,3
43553,2
43554,2
43555,1
43556,2
43557,1
43558,1
43559,0
43560,2
43561,1
43562,1
43563,0
43564,1
43565,0
43566,0
43567,1
43568,2
43569,1
43570,1
43571,0
43572,1
43573,0
43574,0
43575,1
43576,1
43577,0
43578,0
43579,1
43580,0
43581,1
43582,1
43583,2
43584,3
43585,2
43586,2
43587,1
43588,2
43589,1
43590,1
43591,0
43592,2
43593,1
43594,1
43595,0
43596,1
43597,0
43598,0
43599,1
43600,2
43601,1
43602,1
43603,0
43604,1
43605,0
43606,0
43607,1
43608,1
43609,0
43610,0
43611,1
43612,0
43613,1
43614,1
43615,2
43616,2
43617,1
43618,1
43619,0
43620,1
43621,0
43622,0
43623,1
43624,1
43625,0
43626,0
43627,1
43628,0
43629,1
43630,1
43631,2
43632,1
43633,0
43634,0
43635,1
43636,0
43637,1
43638,1
43639,2
43640,0
43641,1
43642,1
43643,2
43644,1
43645,2
43646,2
43647,3
43648,3
43649,2
43650,2
43651,1
43652,2
43653,1
43654,1
43655,0
43656,2
43657,1
43658,1
43659,0
43660,1
43661,0
43662,0
43663,1
43664,2
43665,1
43666,1
43667,0
43668,1
43669,0
43670,0
43671,1
43672,1
43673,0
43674,0
43675,1
43676,0
43677,1
43678,1
43679,2
43680,2
43681,1
43682,1
43683,0
43684,1
43685,0
43686,0
43687,1
43688,1
43689,0
43690,0
43691,1
43692,0
43693,1
43694,1
43695,2
43696,1
43697,0
43698,0
43699,1
43700,0
43701,1
43702,1
43703,2
43704,0
43705,1
43706,1
43707,2
43708,1
43709,2
43710,2
43711,3
43712,2
43713,1
43714,1
43715,0
43716,1
43717,0
43718,0
43719,1
43720,1
43721,0
43722,0
43723,1
43724,0
43725,1
43726,1
43727,2
43728,1
43729,0
43730,0
43731,1
43732,0
43733,1
43734,1
43735,2
43736,0
43737,1
43738,1
43739,2
43740,1
43741,2
43742,2
43743,3
43744,1
43745,0
43746,0
43747,1
43748,0
43749,1
43750,1
43751,2
43752,0
43753,1
43754,1
43755,2
43756,1
43757,2
43758,2
43759,3
43760,0
43761,1
43762,1
43763,2
43764,1
43765,2
43766,2
43767,3
43768,1
43769,2
43770,2
43771,3
43772,2
43773,3
43774,3
43775,4
43776,3
43777,2
43778,2
43779,1
43780,2
43781,1
43782,1
43783,0
43784,2
43785,1
43786,1
43787,0
43788,1
43789,0
43790,0
43791,1
43792,2
43793,1
43794,1
43795,0
43796,1
43797,0
43798,0
43799,1
43800,1
43801,0
43802,0
43803,1
43804,0
43805,1
43806,1
43807,2
43808,2
43809,1
43810,1
43811,0
43812,1
43813,0
43814,0
43815,1
43816,1
43817,0
43818,0
43819,1
43820,0
43821,1
43822,1
43823,2
43824,1
43825,0
43826,0
43827,1
43828,0
43829,1
43830,1
43831,2
43832,0
43833,1
43834,1
43835,2
43836,1
43837,2
43838,2
43839,3
43840,2
43841,1
43842,1
43843,0
43844,1
43845,0
43846,0
43847,1
43848,1
43849,0
43850,0
43851,1
43852,0
43853,1
43854,1
43855,2
43856,1
43857,0
43858,0
43859,1
43860,0
43861,1
43862,1
43863,2
43864,0
43865,1
43866,1
43867,2
43868,1
43869,2
43870,2
43871,3
43872,1
43873,0
43874,0
43875,1
43876,0
43877,1
43878,1
43879,2
43880,0
43881,1
43882,1
43883,2
43884,1
43885,2
43886,2
43887,3
43888,0
43889,1
43890,1
43891,2
43892,1
43893,2
43894,2
43895,3
43896,1
43897,2
43898,2
43899,3
43900,2
43901,3
43902,3
43903,4
43904,2
43905,1
43906,1
43907,0
43908,1
43909,0
43910,0
43911,1
43912,1
43913,0
43914,0
43915,1
43916,0
43917,1
43918,1
43919,2
43920,1
43921,0
43922,0
43923,1
43924,0
43925,1
43926,1
43927,2
43928,0
43929,1
43930,1
43931,2
43932,1
43933,2
43934,2
43935,3
43936,1
43937,0
43938,0
43939,1
43940,0
43941,1
43942,1
43943,2
43944,0
43945,1
43946,1
43947,2
43948,1
43949,2
43950,2
43951,3
43952,0
43953,1
43954,1
43955,2
43956,1
43957,2
43958,2
43959,3
43960,1
43961,2
43962,2
43963,3
43964,2
43965,3
43966,3
43967,4
43968,1
43969,0
43970,0
43971,1
43972,0
43973,1
43974,1
43975,2
43976,0
43977,1
43978,1
43979,2
43980,1
43981,2
43982,2
43983,3
43984,0
43985,1
43986,1
43987,2
43988,1
43989,2
43990,2
43991,3
43992,1
43993,2
43994,2
43995,3
43996,2
43997,3
43998,3
43999,4
44000,0
44001,1
44002,1
44003,2
44004,1
44005,2
44006,2
44007,3
44008,1
44009,2
44010,2
44011,3
44012,2
44013,3
44014,3
44015,4
44016,1
44017,2
44018,2
44019,3
44020,2
44021,3
44022,3
44023,4
44024,2
44025,3
44026,3
44027,4
44028,3
44029,4
44030,4
44031,3
44032,4
44033,3
44034,3
44035,2
44036,3
44037,2
44038,2
44039,1
44040,3
44041,2
44042,2
44043,1
44044,2
44045,1
44046,1
44047,0
44048,3
44049,2
44050,2
44051,1
44052,2
44053,1
44054,1
44055,0
44056,2
44057,1
44058,1
44059,0
44060,1
44061,0
44062,0
44063,1
44064,3
44065,2
44066,2
44067,1
44068,2
44069,1
44070,1
44071,0
44072,2
44073,1
44074,1
44075,0
44076,1
44077,0
44078,0
44079,1
44080,2
44081,1
44082,1
44083,0
44084,1
44085,0
44086,0
44087,1
44088,1
44089,0
44090,0
44091,1
44092,0
44093,1
44094,1
44095,2
44096,3
44097,2
44098,2
44099,1
44100,2
44101,1
44102,1
44103,0
44104,2
44105,1
44106,1
44107,0
44108,1
44109,0
44110,0
44111,1
44112,2
44113,1
44114,1
44115,0
44116,1
44117,0
44118,0
44119,1
44120,1
44121,0
44122,0
44123,1
44124,0
44125,1
44126,1
44127,2
44128,2
44129,1
44130,1
44131,0
44132,1
44133,0
44134,0
44135,1
44136,1
44137,0
44138,0
44139,1
44140,0
44141,1
44142,1
44143,2
44144,1
44145,0
44146,0
44147,1
44148,0
44149,1
44150,1
44151,2
44152,0
44153,1
44154,1
44155,2
44156,1
44157,2
44158,2
44159,3
44160,3
44161,2
44162,2
44163,1
44164,2
44165,1
44166,1
44167,0
44168,2
44169,1
44170,1
44171,0
44172,1
44173,0
44174,0
44175,1
44176,2
44177,1
44178,1
44179,0
44180,1
44181,0
44182,0
44183,1
44184,1
44185,0
44186,0
44187,1
44188,0
44189,1
44190,1
44191,2
44192,2
44193,1
44194,1
44195,0
44196,1
44197,0
44198,0
44199,1
44200,1
44201,0
44202,0
44203,1
44204,0
44205,1
44206,1
44207,2
44208,1
44209,0
44210,0
44211,1
44212,0
44213,1
44214,1
44215,2
44216,0
44217,1
44218,1
44219,2
44220,1
44221,2
44222,2
44223,3
44224,2
44225,1
44226,1
44227,0
44228,1
44229,0
44230,0
44231,1
44232,1
44233,0
44234,0
44235,1
44236,0
44237,1
44238,1
44239,2
44240,1
44241,0
44242,0
44243,1
44244,0
44245,1
44246,1
44247,2
44248,0
44249,1
44250,1
44251,2
44252,1
44253,2
44254,2
44255,3
44256,1
44257,0
44258,0
44259,1
44260,0
44261,1
44262,1
44263,2
44264,0
44265,1
44266,1
44267,2
44268,1
44269,2
44270,2
44271,3
44272,0
44273,1
44274,1
44275,2
44276,1
44277,2
44278,2
44279,3
44280,1
44281,2
44282,2
44283,3
44284,2
44285,3
44286,3
44287,4
44288,3
44289,2
44290,2
44291,1
44292,2
44293,1
44294,1
44295,0
44296,2
44297,1
44298,1
44299,0
44300,1
44301,0
44302,0
44303,1
44304,2
44305,1
44306,1
44307,0
44308,1
44309,0
44310,0
44311,1
44312,1
44313,0
44314,0
44315,1
44316,0
44317,1
44318,1
44319,2
44320,2
44321,1
44322,1
44323,0
44324,1
44325,0
44326,0
44327,1
44328,1
44329,0
44330,0
44331,1
44332,0
44333,1
44334,1
44335,2
44336,1
44337,0
44338,0
44339,1
44340,0
44341,1
44342,1
44343,2
44344,0
44345,1
44346,1
44347,2
44348,1
44349,2
44350,2
44351,3
44352,2
44353,1
44354,1
44355,0
44356,1
44357,0
44358,0
44359,1
44360,1
44361,0
44362,0
44363,1
44364,0
44365,1
44366,1
44367,2
44368,1
44369,0
44370,0
44371,1
44372,0
44373,1
44374,1
44375,2
44376,0
44377,1
44378,1
44379,2
44380,1
44381,2
44382,2
44383,3
44384,1
44385,0
44386,0
44387,1
44388,0
44389,1
44390,1
44391,2
44392,0
44393,1
44394,1
44395,2
44396,1
44397,2
44398,2
44399,3
44400,0
44401,1
44402,1
44403,2
44404,1
44405,2
44406,2
44407,3
44408,1
44409,2
44410,2
44411,3
44412,2
44413,3
44414,3
44415,4
44416,2
44417,1
44418,1
44419,0
44420,1
44421,0
44422,0
44423,1
44424,1
44425,0
44426,0
44427,1
44428,0
44429,1
44430,1
44431,2
44432,1
44433,0
44434,0
44435,1
44436,0
44437,1
44438,1
44439,2
44440,0
44441,1
44442,1
44443,2
44444,1
44445,2
44446,2
44447,3
44448,1
44449,0
44450,0
44451,1
44452,0
44453,1
44454,1
44455,2
44456,0
44457,1
44458,1
44459,2
44460,1
44461,2
44462,2
44463,3
44464,0
44465,1
44466,1
44467,2
44468,1
44469,2
44470,2
44471,3
44472,1
44473,2
44474,2
44475,3
44476,2
44477,3
44478,3
44479,4
44480,1
44481,0
44482,0
44483,1
44484,0
44485,1
44486,1
44487,2
44488,0
44489,1
44490,1
44491,2
44492,1
44493,2
44494,2
44495,3
44496,0
44497,1
44498,1
44499,2
44500,1
44501,2
44502,2
44503,3
44504,1
44505,2
44506,2
44507,3
44508,2
44509,3
44510,3
44511,4
44512,0
44513,1
44514,1
44515,2
44516,1
44517,2
44518,2
44519,3
44520,1
44521,2
44522,2
44523,3
44524,2
44525,3
44526,3
44527,4
44528,1
44529,2
44530,2
44531,3
44532,2
44533,3
44534,3
44535,4
44536,2
44537,3
44538,3
44539,4
44540,3
44541,4
44542,4
44543,3
44544,3
44545,2
44546,2
44547,1
44548,2
44549,1
44550,1
44551,0
44552,2
44553,1
44554,1
44555,0
44556,1
44557,0
44558,0
44559,1
44560,2
44561,1
44562,1
44563,0
44564,1
44565,0
44566,0
44567,1
44568,1
44569,0
44570,0
44571,1
44572,0
44573,1
44574,1
44575,2
44576,2
44577,1
44578,1
44579,0
44580,1
44581,0
44582,0
44583,1
44584,1
44585,0
44586,0
44587,1
44588,0
44589,1
44590,1
44591,2
44592,1
44593,0
44594,0
44595,1
44596,0
44597,1
44598,1
44599,2
44600,0
44601,1
44602,1
44603,2
44604,1
44605,2
44606,2
44607,3
44608,2
44609,1
44610,1
44611,0
44612,1
44613,0
44614,0
44615,1
44616,1
44617,0
44618,0
44619,1
44620,0
44621,1
44622,1
44623,2
44624,1
44625,0
44626,0
44627,1
44628,0
44629,1
44630,1
44631,2
44632,0
44633,1
44634,1
44635,2
44636,1
44637,2
44638,2
44639,3
44640,1
44641,0
44642,0
44643,1
44644,0
44645,1
44646,1
44647,2
44648,0
44649,1
44650,1
44651,2
44652,1
44653,2
44654,2
44655,3
44656,0
44657,1
44658,1
44659,2
44660,1
44661,2
44662,2
44663,3
44664,1
44665,2
44666,2
44667,3
44668,2
44669,3
44670,3
44671,4
44672,2
44673,1
44674,1
44675,0
44676,1
44677,0
44678,0
44679,1
44680,1
44681,0
44682,0
44683,1
44684,0
44685,1
44686,1
44687,2
44688,1
44689,0
44690,0
44691,1
44692,0
44693,1
44694,1
44695,2
44696,0
44697,1
44698,1
44699,2
44700,1
44701,2
44702,2
44703,3
44704,1
44705,0
44706,0
44707,1
44708,0
44709,1
44710,1
44711,2
44712,0
44713,1
44714,1
44715,2
44716,1
44717,2
44718,2
44719,3
44720,0
44721,1
44722,1
44723,2
44724,1
44725,2
44726,2
44727,3
44728,1
44729,2
44730,2
44731,3
44732,2
44733,3
44734,3
44735,4
44736,1
44737,0
44738,0
44739,1
44740,0
44741,1
44742,1
44743,2
44744,0
44745,1
44746,1
44747,2
44748,1
44749,2
44750,2
44751,3
44752,0
44753,1
44754,1
44755,2
44756,1
44757,2
44758,2
44759,3
44760,1
44761,2
44762,2
44763,3
44764,2
44765,3
44766,3
44767,4
44768,0
44769,1
44770,1
44771,2
44772,1
44773,2
44774,2
44775,3
44776,1
44777,2
44778,2
44779,3
44780,2
44781,3
44782,3
44783,4
44784,1
44785,2
44786,2
44787,3
44788,2
44789,3
44790,3
44791,4
44792,2
44793,3
44794,3
44795,4
44796,3
44797,4
44798,4
44799,3
44800,2
44801,1
44802,1
44803,0
44804,1
44805,0
44806,0
44807,1
44808,1
44809,0
44810,0
44811,1
44812,0
44813,1
44814,1
44815,2
44816,1
44817,0
44818,0
44819,1
44820,0
44821,1
44822,1
44823,2
44824,0
44825,1
44826,1
44827,2
44828,1
44829,2
44830,2
44831,3
44832,1
44833,0
44834,0
44835,1
44836,0
44837,1
44838,1
44839,2
44840,0
44841,1
44842,1
44843,2
44844,1
44845,2
44846,2
44847,3
44848,0
44849,1
44850,1
44851,2
44852,1
44853,2
44854,2
44855,3
44856,1
44857,2
44858,2
44859,3
44860,2
44861,3
44862,3
44863,4
44864,1
44865,0
44866,0
44867,1
44868,0
44869,1
44870,1
44871,2
44872,0
44873,1
44874,1
44875,2
44876,1
44877,2
44878,2
44879,3
44880,0
44881,1
44882,1
44883,2
44884,1
44885,2
44886,2
44887,3
44888,1
44889,2
44890,2
44891,3
44892,2
44893,3
44894,3
44895,4
44896,0
44897,1
44898,1
44899,2
44900,1
44901,2
44902,2
44903,3
44904,1
44905,2
44906,2
44907,3
44908,2
44909,3
44910,3
44911,4
44912,1
44913,2
44914,2
44915,3
44916,2
44917,3
44918,3
44919,4
44920,2
44921,3
44922,3
44923,4
44924,3
44925,4
44926,4
44927,3
44928,1
44929,0
44930,0
44931,1
44932,0
44933,1
44934,1
44935,2
44936,0
44937,1
44938,1
44939,2
44940,1
44941,2
44942,2
44943,3
44944,0
44945,1
44946,1
44947,2
44948,1
44949,2
44950,2
44951,3
44952,1
44953,2
44954,2
44955,3
44956,2
44957,3
44958,3
44959,4
44960,0
44961,1
44962,1
44963,2
44964,1
44965,2
44966,2
44967,3
44968,1
44969,2
44970,2
44971,3
44972,2
44973,3
44974,3
44975,4
44976,1
44977,2
44978,2
44979,3
44980,2
44981,3
44982,3
44983,4
44984,2
44985,3
44986,3
44987,4
44988,3
44989,4
44990,4
44991,3
44992,0
44993,1
44994,1
44995,2
44996,1
44997,2
44998,2
44999,3
45000,1
45001,2
45002,2
45003,3
45004,2
45005,3
45006,3
45007,4
45008,1
45009,2
45010,2
45011,3
45012,2
45013,3
45014,3
45015,4
45016,2
45017,3
45018,3
45019,4
45020,3
45021,4
45022,4
45023,3
45024,1
45025,2
45026,2
45027,3
45028,2
45029,3
45030,3
45031,4
45032,2
45033,3
45034,3
45035,4
45036,3
45037,4
45038,4
45039,3
45040,2
45041,3
45042,3
45043,4
45044,3
45045,4
45046,4
45047,3
45048,3
45049,4
45050,4
45051,3
45052,4
45053,3
45054,3
45055,2
45056,3
45057,4
45058,4
45059,3
45060,4
45061,3
45062,3
45063,2
45064,4
45065,3
45066,3
45067,2
45068,3
45069,2
45070,2
45071,1
45072,4
45073,3
45074,3
45075,2
45076,3
45077,2
45078,2
45079,1
45080,3
45081,2
45082,2
45083,1
45084,2
45085,1
45086,1
45087,0
45088,4
45089,3
45090,3
45091,2
45092,3
45093,2
45094,2
45095,1
45096,3
45097,2
45098,2
45099,1
45100,2
45101,1
45102,1
45103,0
45104,3
45105,2
45106,2
45107,1
45108,2
45109,1
45110,1
45111,0
45112,2
45113,1
45114,1
45115,0
45116,1
45117,0
45118,0
45119,1
45120,4
45121,3
45122,3
45123,2
45124,3
45125,2
45126,2
45127,1
45128,3
45129,2
45130,2
45131,1
45132,2
45133,1
45134,1
45135,0
45136,3
45137,2
45138,2
45139,1
45140,2
45141,1
45142,1
45143,0
45144,2
45145,1
45146,1
45147,0
45148,1
45149,0
45150,0
45151,1
45152,3
45153,2
45154,2
45155,1
45156,2
45157,1
45158,1
45159,0
45160,2
45161,1
45162,1
45163,0
45164,1
45165,0
45166,0
45167,1
45168,2
45169,1
45170,1
45171,0
45172,1
45173,0
45174,0
45175,1
45176,1
45177,0
45178,0
45179,1
45180,0
45181,1
45182,1
45183,2
45184,4
45185,3
45186,3
45187,2
45188,3
45189,2
45190,2
45191,1
45192,3
45193,2
45194,2
45195,1
45196,2
45197,1
45198,1
45199,0
45200,3
45201,2
45202,2
45203,1
45204,2
45205,1
45206,1
45207,0
45208,2
45209,1
45210,1
45211,0
45212,1
45213,0
45214,0
45215,1
45216,3
45217,2
45218,2
45219,1
45220,2
45221,1
45222,1
45223,0
45224,2
45225,1
45226,1
45227,0
45228,1
45229,0
45230,0
45231,1
45232,2
45233,1
45234,1
45235,0
45236,1
45237,0
45238,0
45239,1
45240,1
45241,0
45242,0
45243,1
45244,0
45245,1
45246,1
45247,2
45248,3
45249,2
45250,2
45251,1
45252,2
45253,1
45254,1
45255,0
45256,2
45257,1
45258,1
45259,0
45260,1
45261,0
45262,0
45263,1
45264,2
45265,1
45266,1
45267,0
45268,1
45269,0
45270,0
45271,1
45272,1
45273,0
45274,0
45275,1
45276,0
45277,1
45278,1
45279,2
45280,2
45281,1
45282,1
45283,0
45284,1
45285,0
45286,0
45287,1
45288,1
45289,0
45290,0
45291,1
45292,0
45293,1
45294,1
45295,2
45296,1
45297,0
45298,0
45299,1
45300,0
45301,1
45302,1
45303,2
45304,0
45305,1
45306,1
45307,2
45308,1
45309,2
45310,2
45311,3
45312,4
45313,3
45314,3
45315,2
45316,3
45317,2
45318,2
45319,1
45320,3
45321,2
45322,2
45323,1
45324,2
45325,1
45326,1
45327,0
45328,3
45329,2
45330,2
45331,1
45332,2
45333,1
45334,1
45335,0
45336,2
45337,1
45338,1
45339,0
45340,1
45341,0
45342,0
45343,1
45344,3
45345,2
45346,2
45347,1
45348,2
45349,1
45350,1
45351,0
45352,2
45353,1
45354,1
45355,0
45356,1
45357,0
45358,0
45359,1
45360,2
45361,1
45362,1
45363,0
45364,1
45365,0
45366,0
45367,1
45368,1
45369,0
45370,0
45371,1
45372,0
45373,1
45374,1
45375,2
45376,3
45377,2
45378,2
45379,1
45380,2
45381,1
45382,1
45383,0
45384,2
45385,1
45386,1
45387,0
45388,1
45389,0
45390,0
45391,1
45392,2
45393,1
45394,1
45395,0
45396,1
45397,0
45398,0
45399,1
45400,1
45401,0
45402,0
45403,1
45404,0
45405,1
45406,1
45407,2
45408,2
45409,1
45410,1
45411,0
45412,1
45413,0
45414,0
45415,1
45416,1
45417,0
45418,0
45419,1
45420,0
45421,1
45422,1
45423,2
45424,1
45425,0
45426,0
45427,1
45428,0
45429,1
45430,1
45431,2
45432,0
45433,1
45434,1
45435,2
45436,1
45437,2
45438,2
45439,3
45440,3
45441,2
45442,2
45443,1
45444,2
45445,1
45446,1
45447,0
45448,2
45449,1
45450,1
45451,0
45452,1
45453,0
45454,0
45455,1
45456,2
45457,1
45458,1
45459,0
45460,1
45461,0
45462,0
45463,1
45464,1
45465,0
45466,0
45467,1
45468,0
45469,1
45470,1
45471,2
45472,2
45473,1
45474,1
45475,0
45476,1
45477,0
45478,0
45479,1
45480,1
45481,0
45482,0
45483,1
45484,0
45485,1
45486,1
45487,2
45488,1
45489,0
45490,0
45491,1
45492,0
45493,1
45494,1
45495,2
45496,0
45497,1
45498,1
45499,2
45500,1
45501,2
45502,2
45503,3
45504,2
45505,1
45506,1
45507,0
45508,1
45509,0
45510,0
45511,1
45512,1
45513,0
45514,0
45515,1
45516,0
45517,1
45518,1
45519,2
45520,1
45521,0
45522,0
45523,1
45524,0
45525,1
45526,1
45527,2
45528,0
45529,1
45530,1
45531,2
45532,1
45533,2
45534,2
45535,3
45536,1
45537,0
45538,0
45539,1
45540,0
45541,1
45542,1
45543,2
45544,0
45545,1
45546,1
45547,2
45548,1
45549,2
45550,2
45551,3
45552,0
45553,1
45554,1
45555,2
45556,1
45557,2
45558,2
45559,3
45560,1
45561,2
45562,2
45563,3
45564,2
45565,3
45566,3
45567,4
45568,4
45569,3
45570,3
45571,2
45572,3
45573,2
45574,2
45575,1
45576,3
45577,2
45578,2
45579,1
45580,2
45581,1
45582,1
45583,0
45584,3
45585,2
45586,2
45587,1
45588,2
45589,1
45590,1
45591,0
45592,2
45593,1
45594,1
45595,0
45596,1
45597,0
45598,0
45599,1
45600,3
45601,2
45602,2
45603,1
45604,2
45605,1
45606,1
45607,0
45608,2
45609,1
45610,1
45611,0
45612,1
45613,0
45614,0
45615,1
45616,2
45617,1
45618,1
45619,0
45620,1
45621,0
45622,0
45623,1
45624,1
45625,0
45626,0
45627,1
45628,0
45629,1
45630,1
45631,2
45632,3
45633,2
45634,2
45635,1
45636,2
45637,1
45638,1
45639,0
45640,2
45641,1
45642,1
45643,0
45644,1
45645,0
45646,0
45647,1
45648,2
45649,1
45650,1
45651,0
45652,1
45653,0
45654,0
45655,1
45656,1
45657,0
45658,0
45659,1
45660,0
45661,1
45662,1
45663,2
45664,2
45665,1
45666,1
45667,0
45668,1
45669,0
45670,0
45671,1
45672,1
45673,0
45674,0
45675,1
45676,0
45677,1
45678,1
45679,2
45680,1
45681,0
45682,0
45683,1
45684,0
45685,1
45686,1
45687,2
45688,0
45689,1
45690,1
45691,2
45692,1
45693,2
45694,2
45695,3
45696,3
45697,2
45698,2
45699,1
45700,2
45701,1
45702,1
45703,0
45704,2
45705,1
45706,1
45707,0
45708,1
45709,0
45710,0
45711,1
45712,2
45713,1
45714,1
45715,0
45716,1
45717,0
45718,0
45719,1
45720,1
45721,0
45722,0
45723,1
45724,0
45725,1
45726,1
45727,2
45728,2
45729,1
45730,1
45731,0
45732,1
45733,0
45734,0
45735,1
45736,1
45737,0
45738,0
45739,1
45740,0
45741,1
45742,1
45743,2
45744,1
45745,0
45746,0
45747,1
45748,0
45749,1
45750,1
45751,2
45752,0
45753,1
45754,1
45755,2
45756,1
45757,2
45758,2
45759,3
45760,2
45761,1
45762,1
45763,0
45764,1
45765,0
45766,0
45767,1
45768,1
45769,0
45770,0
45771,1
45772,0
45773,1
45774,1
45775,2
45776,1
45777,0
45778,0
45779,1
45780,0
45781,1
45782,1
45783,2
45784,0
45785,1
45786,1
45787,2
45788,1
45789,2
45790,2
45791,3
45792,1
45793,0
45794,0
45795,1
45796,0
45797,1
45798,1
45799,2
45800,0
45801,1
45802,1
45803,2
45804,1
45805,2
45806,2
45807,3
45808,0
45809,1
45810,1
45811,2
45812,1
45813,2
45814,2
45815,3
45816,1
45817,2
45818,2
45819,3
45820,2
45821,3
45822,3
45823,4
45824,3
45825,2
45826,2
45827,1
45828,2
45829,1
45830,1
45831,0
45832,2
45833,1
45834,1
45835,0
45836,1
45837,0
45838,0
45839,1
45840,2
45841,1
45842,1
45843,0
45844,1
45845,0
45846,0
45847,1
45848,1
45849,0
45850,0
45851,1
45852,0
45853,1
45854,1
45855,2
45856,2
45857,1
45858,1
45859,0
45860,1
45861,0
45862,0
45863,1
45864,1
45865,0
45866,0
45867,1
45868,0
45869,1
45870,1
45871,2
45872,1
45873,0
45874,0
45875,1
45876,0
45877,1
45878,1
45879,2
45880,0
45881,1
45882,1
45883,2
45884,1
45885,2
45886,2
45887,3
45888,2
45889,1
45890,1
45891,0
45892,1
45893,0
45894,0
45895,1
45896,1
45897,0
45898,0
45899,1
45900,0
45901,1
45902,1
45903,2
45904,1
45905,0
45906,0
45907,1
45908,0
45909,1
45910,1
45911,2
45912,0
45913,1
45914,1
45915,2
45916,1
45917,2
45918,2
45919,3
45920,1
45921,0
45922,0
45923,1
45924,0
45925,1
45926,1
45927,2
45928,0
45929,1
45930,1
45931,2
45932,1
45933,2
45934,2
45935,3
45936,0
45937,1
45938,1
45939,2
45940,1
45941,2
45942,2
45943,3
45944,1
45945,2
45946,2
45947,3
45948,2
45949,3
45950,3
45951,4
45952,2
45953,1
45954,1
45955,0
45956,1
45957,0
45958,0
45959,1
45960,1
45961,0
45962,0
45963,1
45964,0
45965,1
45966,1
45967,2
45968,1
45969,0
45970,0
45971,1
45972,0
45973,1
45974,1
45975,2
45976,0
45977,1
45978,1
45979,2
45980,1
45981,2
45982,2
45983,3
45984,1
45985,0
45986,0
45987,1
45988,0
45989,1
45990,1
45991,2
45992,0
45993,1
45994,1
45995,2
45996,1
45997,2
45998,2
45999,3
46000,0
46001,1
46002,1
46003,2
46004,1
46005,2
46006,2
46007,3
46008,1
46009,2
46010,2
46011,3
46012,2
46013,3
46014,3
46015,4
46016,1
46017,0
46018,0
46019,1
46020,0
46021,1
46022,1
46023,2
46024,0
46025,1
46026,1
46027,2
46028,1
46029,2
46030,2
46031,3
46032,0
46033,1
46034,1
46035,2
46036,1
46037,2
46038,2
46039,3
46040,1
46041,2
46042,2
46043,3
46044,2
46045,3
46046,3
46047,4
46048,0
46049,1
46050,1
46051,2
46052,1
46053,2
46054,2
46055,3
46056,1
46057,2
46058,2
46059,3
46060,2
46061,3
46062,3
46063,4
46064,1
46065,2
46066,2
46067,3
46068,2
46069,3
46070,3
46071,4
46072,2
46073,3
46074,3
46075,4
46076,3
46077,4
46078,4
46079,3
46080,4
46081,3
46082,3
46083,2
46084,3
46085,2
46086,2
46087,1
46088,3
46089,2
46090,2
46091,1
46092,2
46093,1
46094,1
46095,0
46096,3
46097,2
46098,2
46099,1
46100,2
46101,1
46102,1
46103,0
46104,2
46105,1
46106,1
46107,0
46108,1
46109,0
46110,0
46111,1
46112,3
46113,2
46114,2
46115,1
46116,2
46117,1
46118,1
46119,0
46120,2
46121,1
46122,1
46123,0
46124,1
46125,0
46126,0
46127,1
46128,2
46129,1
46130,1
46131,0
46132,1
46133,0
46134,0
46135,1
46136,1
46137,0
46138,0
46139,1
46140,0
46141,1
46142,1
46143,2
46144,3
46145,2
46146,2
46147,1
46148,2
46149,1
46150,1
46151,0
46152,2
46153,1
46154,1
46155,0
46156,1
46157,0
46158,0
46159,1
46160,2
46161,1
46162,1
46163,0
46164,1
46165,0
46166,0
46167,1
46168,1
46169,0
46170,0
46171,1
46172,0
46173,1
46174,1
46175,2
46176,2
46177,1
46178,1
46179,0
46180,1
46181,0
46182,0
46183,1
46184,1
46185,0
46186,0
46187,1
46188,0
46189,1
46190,1
46191,2
46192,1
46193,0
46194,0
46195,1
46196,0
46197,1
46198,1
46199,2
46200,0
46201,1
46202,1
46203,2
46204,1
46205,2
46206,2
46207,3
46208,3
46209,2
46210,2
46211,1
46212,2
46213,1
46214,1
46215,0
46216,2
46217,1
46218,1
46219,0
46220,1
46221,0
46222,0
46223,1
46224,2
46225,1
46226,1
46227,0
46228,1
46229,0
46230,0
46231,1
46232,1
46233,0
46234,0
46235,1
46236,0
46237,1
46238,1
46239,2
46240,2
46241,1
46242,1
46243,0
46244,1
46245,0
46246,0
46247,1
46248,1
46249,0
46250,0
46251,1
46252,0
46253,1
46254,1
46255,2
46256,1
46257,0
46258,0
46259,1
46260,0
46261,1
46262,1
46263,2
46264,0
46265,1
46266,1
46267,2
46268,1
46269,2
46270,2
46271,3
46272,2
46273,1
46274,1
46275,0
46276,1
46277,0
46278,0
46279,1
46280,1
46281,0
46282,0
46283,1
46284,0
46285,1
46286,1
46287,2
46288,1
46289,0
46290,0
46291,1
46292,0
46293,1
46294,1
46295,2
46296,0
46297,1
46298,1
46299,2
46300,1
46301,2
46302,2
46303,3
46304,1
46305,0
46306,0
46307,1
46308,0
46309,1
46310,1
46311,2
46312,0
46313,1
46314,1
46315,2
46316,1
46317,2
46318,2
46319,3
46320,0
46321,1
46322,1
46323,2
46324,1
46325,2
46326,2
46327,3
46328,1
46329,2
46330,2
46331,3
46332,2
46333,3
46334,3
46335,4
46336,3
46337,2
46338,2
46339,1
46340,2
46341,1
46342,1
46343,0
46344,2
46345,1
46346,1
46347,0
46348,1
46349,0
46350,0
46351,1
46352,2
46353,1
46354,1
46355,0
46356,1
46357,0
46358,0
46359,1
46360,1
46361,0
46362,0
46363,1
46364,0
46365,1
46366,1
46367,2
46368,2
46369,1
46370,1
46371,0
46372,1
46373,0
46374,0
46375,1
46376,1
46377,0
46378,0
46379,1
46380,0
46381,1
46382,1
46383,2
46384,1
46385,0
46386,0
46387,1
46388,0
46389,1
46390,1
46391,2
46392,0
46393,1
46394,1
46395,2
46396,1
46397,2
46398,2
46399,3
46400,2
46401,1
46402,1
46403,0
46404,1
46405,0
46406,0
46407,1
46408,1
46409,0
46410,0
46411,1
46412,0
46413,1
46414,1
46415,2
46416,1
46417,0
46418,0
46419,1
46420,0
46421,1
46422,1
46423,2
46424,0
46425,1
46426,1
46427,2
46428,1
46429,2
46430,2
46431,3
46432,1
46433,0
46434,0
46435,1
46436,0
46437,1
46438,1
46439,2
46440,0
46441,1
46442,1
46443,2
46444,1
46445,2
46446,2
46447,3
46448,0
46449,1
46450,1
46451,2
46452,1
46453,2
46454,2
46455,3
46456,1
46457,2
46458,2
46459,3
46460,2
46461,3
46462,3
46463,4
46464,2
46465,1
46466,1
46467,0
46468,1
46469,0
46470,0
46471,1
46472,1
46473,0
46474,0
46475,1
46476,0
46477,1
46478,1
46479,2
46480,1
46481,0
46482,0
46483,1
46484,0
46485,1
46486,1
46487,2
46488,0
46489,1
46490,1
46491,2
46492,1
46493,2
46494,2
46495,3
46496,1
46497,0
46498,0
46499,1
46500,0
46501,1
46502,1
46503,2
46504,0
46505,1
46506,1
46507,2
46508,1
46509,2
46510,2
46511,3
46512,0
46513,1
46514,1
46515,2
46516,1
46517,2
46518,2
46519,3
46520,1
46521,2
46522,2
46523,3
46524,2
46525,3
46526,3
46527,4
46528,1
46529,0
46530,0
46531,1
46532,0
46533,1
46534,1
46535,2
46536,0
46537,1
46538,1
46539,2
46540,1
46541,2
46542,2
46543,3
46544,0
46545,1
46546,1
46547,2
46548,1
46549,2
46550,2
46551,3
46552,1
46553,2
46554,2
46555,3
46556,2
46557,3
46558,3
46559,4
46560,0
46561,1
46562,1
46563,2
46564,1
46565,2
46566,2
46567,3
46568,1
46569,2
46570,2
46571,3
46572,2
46573,3
46574,3
46575,4
46576,1
46577,2
46578,2
46579,3
46580,2
46581,3
46582,3
46583,4
46584,2
46585,3
46586,3
46587,4
46588,3
46589,4
46590,4
46591,3
46592,3
46593,2
46594,2
46595,1
46596,2
46597,1
46598,1
46599,0
46600,2
46601,1
46602,1
46603,0
46604,1
46605,0
46606,0
46607,1
46608,2
46609,1
46610,1
46611,0
46612,1
46613,0
46614,0
46615,1
46616,1
46617,0
46618,0
46619,1
46620,0
46621,1
46622,1
46623,2
46624,2
46625,1
46626,1
46627,0
46628,1
46629,0
46630,0
46631,1
46632,1
46633,0
46634,0
46635,1
46636,0
46637,1
46638,1
46639,2
46640,1
46641,0
46642,0
46643,1
46644,0
46645,1
46646,1
46647,2
46648,0
46649,1
46650,1
46651,2
46652,1
46653,2
46654,2
46655,3
46656,2
46657,1
46658,1
46659,0
46660,1
46661,0
46662,0
46663,1
46664,1
46665,0
46666,0
46667,1
46668,0
46669,1
46670,1
46671,2
46672,1
46673,0
46674,0
46675,1
46676,0
46677,1
46678,1
46679,2
46680,0
46681,1
46682,1
46683,2
46684,1
46685,2
46686,2
46687,3
46688,1
46689,0
46690,0
46691,1
46692,0
46693,1
46694,1
46695,2
46696,0
46697,1
46698,1
46699,2
46700,1
46701,2
46702,2
46703,3
46704,0
46705,1
46706,1
46707,2
46708,1
46709,2
46710,2
46711,3
46712,1
46713,2
46714,2
46715,3
46716,2
46717,3
46718,3
46719,4
46720,2
46721,1
46722,1
46723,0
46724,1
46725,0
46726,0
46727,1
46728,1
46729,0
46730,0
46731,1
46732,0
46733,1
46734,1
46735,2
46736,1
46737,0
46738,0
46739,1
46740,0
46741,1
46742,1
46743,2
46744,0
46745,1
46746,1
46747,2
46748,1
46749,2
46750,2
46751,3
46752,1
46753,0
46754,0
46755,1
46756,0
46757,1
46758,1
46759,2
46760,0
46761,1
46762,1
46763,2
46764,1
46765,2
46766,2
46767,3
46768,0
46769,1
46770,1
46771,2
46772,1
46773,2
46774,2
46775,3
46776,1
46777,2
46778,2
46779,3
46780,2
46781,3
46782,3
46783,4
46784,1
46785,0
46786,0
46787,1
46788,0
46789,1
46790,1
46791,2
46792,0
46793,1
46794,1
46795,2
46796,1
46797,2
46798,2
46799,3
46800,0
46801,1
46802,1
46803,2
46804,1
46805,2
46806,2
46807,3
46808,1
46809,2
46810,2
46811,3
46812,2
46813,3
46814,3
46815,4
46816,0
46817,1
46818,1
46819,2
46820,1
46821,2
46822,2
46823,3
46824,1
46825,2
46826,2
46827,3
46828,2
46829,3
46830,3
46831,4
46832,1
46833,2
46834,2
46835,3
46836,2
46837,3
46838,3
46839,4
46840,2
46841,3
46842,3
46843,4
46844,3
46845,4
46846,4
46847,3
46848,2
46849,1
46850,1
46851,0
46852,1
46853,0
46854,0
46855,1
46856,1
46857,0
46858,0
46859,1
46860,0
46861,1
46862,1
46863,2
46864,1
46865,0
46866,0
46867,1
46868,0
46869,1
46870,1
46871,2
46872,0
46873,1
46874,1
46875,2
46876,1
46877,2
46878,2
46879,3
46880,1
46881,0
46882,0
46883,1
46884,0
46885,1
46886,1
46887,2
46888,0
46889,1
46890,1
46891,2
46892,1
46893,2
46894,2
46895,3
46896,0
46897,1
46898,1
46899,2
46900,1
46901,2
46902,2
46903,3
46904,1
46905,2
46906,2
46907,3
46908,2
46909,3
46910,3
46911,4
46912,1
46913,0
46914,0
46915,1
46916,0
46917,1
46918,1
46919,2
46920,0
46921,1
46922,1
46923,2
46924,1
46925,2
46926,2
46927,3
46928,0
46929,1
46930,1
46931,2
46932,1
46933,2
46934,2
46935,3
46936,1
46937,2
46938,2
46939,3
46940,2
46941,3
46942,3
46943,4
46944,0
46945,1
46946,1
46947,2
46948,1
46949,2
46950,2
46951,3
46952,1
46953,2
46954,2
46955,3
46956,2
46957,3
46958,3
46959,4
46960,1
46961,2
46962,2
46963,3
46964,2
46965,3
46966,3
46967,4
46968,2
46969,3
46970,3
46971,4
46972,3
46973,4
46974,4
46975,3
46976,1
46977,0
46978,0
46979,1
46980,0
46981,1
46982,1
46983,2
46984,0
46985,1
46986,1
46987,2
46988,1
46989,2
46990,2
46991,3
46992,0
46993,1
46994,1
46995,2
46996,1
46997,2
46998,2
46999,3
47000,1
47001,2
47002,2
47003,3
47004,2
47005,3
47006,3
47007,4
47008,0
47009,1
47010,1
47011,2
47012,1
47013,2
47014,2
47015,3
47016,1
47017,2
47018,2
47019,3
47020,2
47021,3
47022,3
47023,4
47024,1
47025,2
47026,2
47027,3
47028,2
47029,3
47030,3
47031,4
47032,2
47033,3
47034,3
47035,4
47036,3
47037,4
47038,4
47039,3
47040,0
47041,1
47042,1
47043,2
47044,1
47045,2
47046,2
47047,3
47048,1
47049,2
47050,2
47051,3
47052,2
47053,3
47054,3
47055,4
47056,1
47057,2
47058,2
47059,3
47060,2
47061,3
47062,3
47063,4
47064,2
47065,3
47066,3
47067,4
47068,3
47069,4
47070,4
47071,3
47072,1
47073,2
47074,2
47075,3
47076,2
47077,3
47078,3
47079,4
47080,2
47081,3
47082,3
47083,4
47084,3
47085,4
47086,4
47087,3
47088,2
47089,3
47090,3
47091,4
47092,3
47093,4
47094,4
47095,3
47096,3
47097,4
47098,4
47099,3
47100,4
47101,3
47102,3
47103,2
47104,4
47105,3
47106,3
47107,2
47108,3
47109,2
47110,2
47111,1
47112,3
47113,2
47114,2
47115,1
47116,2
47117,1
47118,1
47119,0
47120,3
47121,2
47122,2
47123,1
47124,2
47125,1
47126,1
47127,0
47128,2
47129,1
47130,1
47131,0
47132,1
47133,0
47134,0
47135,1
47136,3
47137,2
47138,2
47139,1
47140,2
47141,1
47142,1
47143,0
47144,2
47145,1
47146,1
47147,0
47148,1
47149,0
47150,0
47151,1
47152,2
47153,1
47154,1
47155,0
47156,1
47157,0
47158,0
47159,1
47160,1
47161,0
47162,0
47163,1
47164,0
47165,1
47166,1
47167,2
47168,3
47169,2
47170,2
47171,1
47172,2
47173,1
47174,1
47175,0
47176,2
47177,1
47178,1
47179,0
47180,1
47181,0
47182,0
47183,1
47184,2
47185,1
47186,1
47187,0
47188,1
47189,0
47190,0
47191,1
47192,1
47193,0
47194,0
47195,1
47196,0
47197,1
47198,1
47199,2
47200,2
47201,1
47202,1
47203,0
47204,1
47205,0
47206,0
47207,1
47208,1
47209,0
47210,0
47211,1
47212,0
47213,1
47214,1
47215,2
47216,1
47217,0
47218,0
47219,1
47220,0
47221,1
47222,1
47223,2
47224,0
47225,1
47226,1
47227,2
47228,1
47229,2
47230,2
47231,3
47232,3
47233,2
47234,2
47235,1
47236,2
47237,1
47238,1
47239,0
47240,2
47241,1
47242,1
47243,0
47244,1
47245,0
47246,0
47247,1
47248,2
47249,1
47250,1
47251,0
47252,1
47253,0
47254,0
47255,1
47256,1
47257,0
47258,0
47259,1
47260,0
47261,1
47262,1
47263,2
47264,2
47265,1
47266,1
47267,0
47268,1
47269,0
47270,0
47271,1
47272,1
47273,0
47274,0
47275,1
47276,0
47277,1
47278,1
47279,2
47280,1
47281,0
47282,0
47283,1
47284,0
47285,1
47286,1
47287,2
47288,0
47289,1
47290,1
47291,2
47292,1
47293,2
47294,2
47295,3
47296,2
47297,1
47298,1
47299,0
47300,1
47301,0
47302,0
47303,1
47304,1
47305,0
47306,0
47307,1
47308,0
47309,1
47310,1
47311,2
47312,1
47313,0
47314,0
47315,1
47316,0
47317,1
47318,1
47319,2
47320,0
47321,1
47322,1
47323,2
47324,1
47325,2
47326,2
47327,3
47328,1
47329,0
47330,0
47331,1
47332,0
47333,1
47334,1
47335,2
47336,0
47337,1
47338,1
47339,2
47340,1
47341,2
47342,2
47343,3
47344,0
47345,1
47346,1
47347,2
47348,1
47349,2
47350,2
47351,3
47352,1
47353,2
47354,2
47355,3
47356,2
47357,3
47358,3
47359,4
47360,3
47361,2
47362,2
47363,1
47364,2
47365,1
47366,1
47367,0
47368,2
47369,1
47370,1
47371,0
47372,1
47373,0
47374,0
47375,1
47376,2
47377,1
47378,1
47379,0
47380,1
47381,0
47382,0
47383,1
47384,1
47385,0
47386,0
47387,1
47388,0
47389,1
47390,1
47391,2
47392,2
47393,1
47394,1
47395,0
47396,1
47397,0
47398,0
47399,1
47400,1
47401,0
47402,0
47403,1
47404,0
47405,1
47406,1
47407,2
47408,1
47409,0
47410,0
47411,1
47412,0
47413,1
47414,1
47415,2
47416,0
47417,1
47418,1
47419,2
47420,1
47421,2
47422,2
47423,3
47424,2
47425,1
47426,1
47427,0
47428,1
47429,0
47430,0
47431,1
47432,1
47433,0
47434,0
47435,1
47436,0
47437,1
47438,1
47439,2
47440,1
47441,0
47442,0
47443,1
47444,0
47445,1
47446,1
47447,2
47448,0
47449,1
47450,1
47451,2
47452,1
47453,2
47454,2
47455,3
47456,1
47457,0
47458,0
47459,1
47460,0
47461,1
47462,1
47463,2
47464,0
47465,1
47466,1
47467,2
47468,1
47469,2
47470,2
47471,3
47472,0
47473,1
47474,1
47475,2
47476,1
47477,2
47478,2
47479,3
47480,1
47481,2
47482,2
47483,3
47484,2
47485,3
47486,3
47487,4
47488,2
47489,1
47490,1
47491,0
47492,1
47493,0
47494,0
47495,1
47496,1
47497,0
47498,0
47499,1
47500,0
47501,1
47502,1
47503,2
47504,1
47505,0
47506,0
47507,1
47508,0
47509,1
47510,1
47511,2
47512,0
47513,1
47514,1
47515,2
47516,1
47517,2
47518,2
47519,3
47520,1
47521,0
47522,0
47523,1
47524,0
47525,1
47526,1
47527,2
47528,0
47529,1
47530,1
47531,2
47532,1
47533,2
47534,2
47535,3
47536,0
47537,1
47538,1
47539,2
47540,1
47541,2
47542,2
47543,3
47544,1
47545,2
47546,2
47547,3
47548,2
47549,3
47550,3
47551,4
47552,1
47553,0
47554,0
47555,1
47556,0
47557,1
47558,1
47559,2
47560,0
47561,1
47562,1
47563,2
47564,1
47565,2
47566,2
47567,3
47568,0
47569,1
47570,1
47571,2
47572,1
47573,2
47574,2
47575,3
47576,1
47577,2
47578,2
47579,3
47580,2
47581,3
47582,3
47583,4
47584,0
47585,1
47586,1
47587,2
47588,1
47589,2
47590,2
47591,3
47592,1
47593,2
47594,2
47595,3
47596,2
47597,3
47598,3
47599,4
47600,1
47601,2
47602,2
47603,3
47604,2
47605,3
47606,3
47607,4
47608,2
47609,3
47610,3
47611,4
47612,3
47613,4
47614,4
47615,3
47616,3
47617,2
47618,2
47619,1
47620,2
47621,1
47622,1
47623,0
47624,2
47625,1
47626,1
47627,0
47628,1
47629,0
47630,0
47631,1
47632,2
47633,1
47634,1
47635,0
47636,1
47637,0
47638,0
47639,1
47640,1
47641,0
47642,0
47643,1
47644,0
47645,1
47646,1
47647,2
47648,2
47649,1
47650,1
47651,0
47652,1
47653,0
47654,0
47655,1
47656,1
47657,0
47658,0
47659,1
47660,0
47661,1
47662,1
47663,2
47664,1
47665,0
47666,0
47667,1
47668,0
47669,1
47670,1
47671,2
47672,0
47673,1
47674,1
47675,2
47676,1
47677,2
47678,2
47679,3
47680,2
47681,1
47682,1
47683,0
47684,1
47685,0
47686,0
47687,1
47688,1
47689,0
47690,0
47691,1
47692,0
47693,1
47694,1
47695,2
47696,1
47697,0
47698,0
47699,1
47700,0
47701,1
47702,1
47703,2
47704,0
47705,1
47706,1
47707,2
47708,1
47709,2
47710,2
47711,3
47712,1
47713,0
47714,0
47715,1
47716,0
47717,1
47718,1
47719,2
47720,0
47721,1
47722,1
47723,2
47724,1
47725,2
47726,2
47727,3
47728,0
47729,1
47730,1
47731,2
47732,1
47733,2
47734,2
47735,3
47736,1
47737,2
47738,2
47739,3
47740,2
47741,3
47742,3
47743,4
47744,2
47745,1
47746,1
47747,0
47748,1
47749,0
47750,0
47751,1
47752,1
47753,0
47754,0
47755,1
47756,0
47757,1
47758,1
47759,2
47760,1
47761,0
47762,0
47763,1
47764,0
47765,1
47766,1
47767,2
47768,0
47769,1
47770,1
47771,2
47772,1
47773,2
47774,2
47775,3
47776,1
47777,0
47778,0
47779,1
47780,0
47781,1
47782,1
47783,2
47784,0
47785,1
47786,1
47787,2
47788,1
47789,2
47790,2
47791,3
47792,0
47793,1
47794,1
47795,2
47796,1
47797,2
47798,2
47799,3
47800,1
47801,2
47802,2
47803,3
47804,2
47805,3
47806,3
47807,4
47808,1
47809,0
47810,0
47811,1
47812,0
47813,1
47814,1
47815,2
47816,0
47817,1
47818,1
47819,2
47820,1
47821,2
47822,2
47823,3
47824,0
47825,1
47826,1
47827,2
47828,1
47829,2
47830,2
47831,3
47832,1
47833,2
47834,2
47835,3
47836,2
47837,3
47838,3
47839,4
47840,0
47841,1
47842,1
47843,2
47844,1
47845,2
47846,2
47847,3
47848,1
47849,2
47850,2
47851,3
47852,2
47853,3
47854,3
47855,4
47856,1
47857,2
47858,2
47859,3
47860,2
47861,3
47862,3
47863,4
47864,2
47865,3
47866,3
47867,4
47868,3
47869,4
47870,4
47871,3
47872,2
47873,1
47874,1
47875,0
47876,1
47877,0
47878,0
47879,1
47880,1
47881,0
47882,0
47883,1
47884,0
47885,1
47886,1
47887,2
47888,1
47889,0
47890,0
47891,1
47892,0
47893,1
47894,1
47895,2
47896,0
47897,1
47898,1
47899,2
47900,1
47901,2
47902,2
47903,3
47904,1
47905,0
47906,0
47907,1
47908,0
47909,1
47910,1
47911,2
47912,0
47913,1
47914,1
47915,2
47916,1
47917,2
47918,2
47919,3
47920,0
47921,1
47922,1
47923,2
47924,1
47925,2
47926,2
47927,3
47928,1
47929,2
47930,2
47931,3
47932,2
47933,3
47934,3
47935,4
47936,1
47937,0
47938,0
47939,1
47940,0
47941,1
47942,1
47943,2
47944,0
47945,1
47946,1
47947,2
47948,1
47949,2
47950,2
47951,3
47952,0
47953,1
47954,1
47955,2
47956,1
47957,2
47958,2
47959,3
47960,1
47961,2
47962,2
47963,3
47964,2
47965,3
47966,3
47967,4
47968,0
47969,1
47970,1
47971,2
47972,1
47973,2
47974,2
47975,3
47976,1
47977,2
47978,2
47979,3
47980,2
47981,3
47982,3
47983,4
47984,1
47985,2
47986,2
47987,3
47988,2
47989,3
47990,3
47991,4
47992,2
47993,3
47994,3
47995,4
47996,3
47997,4
47998,4
47999,3
48000,1
48001,0
48002,0
48003,1
48004,0
48005,1
48006,1
48007,2
48008,0
48009,1
48010,1
48011,2
48012,1
48013,2
48014,2
48015,3
48016,0
48017,1
48018,1
48019,2
48020,1
48021,2
48022,2
48023,3
48024,1
48025,2
48026,2
48027,3
48028,2
48029,3
48030,3
48031,4
48032,0
48033,1
48034,1
48035,2
48036,1
48037,2
48038,2
48039,3
48040,1
48041,2
48042,2
48043,3
48044,2
48045,3
48046,3
48047,4
48048,1
48049,2
48050,2
48051,3
48052,2
48053,3
48054,3
48055,4
48056,2
48057,3
48058,3
48059,4
48060,3
48061,4
48062,4
48063,3
48064,0
48065,1
48066,1
48067,2
48068,1
48069,2
48070,2
48071,3
48072,1
48073,2
48074,2
48075,3
48076,2
48077,3
48078,3
48079,4
48080,1
48081,2
48082,2
48083,3
48084,2
48085,3
48086,3
48087,4
48088,2
48089,3
48090,3
48091,4
48092,3
48093,4
48094,4
48095,3
48096,1
48097,2
48098,2
48099,3
48100,2
48101,3
48102,3
48103,4
48104,2
48105,3
48106,3
48107,4
48108,3
48109,4
48110,4
48111,3
48112,2
48113,3
48114,3
48115,4
48116,3
48117,4
48118,4
48119,3
48120,3
48121,4
48122,4
48123,3
48124,4
48125,3
48126,3
48127,2
48128,3
48129,2
48130,2
48131,1
48132,2
48133,1
48134,1
48135,0
48136,2
48137,1
48138,1
48139,0
48140,1
48141,0
48142,0
48143,1
48144,2
48145,1
48146,1
48147,0
48148,1
48149,0
48150,0
48151,1
48152,1
48153,0
48154,0
48155,1
48156,0
48157,1
48158,1
48159,2
48160,2
48161,1
48162,1
48163,0
48164,1
48165,0
48166,0
48167,1
48168,1
48169,0
48170,0
48171,1
48172,0
48173,1
48174,1
48175,2
48176,1
48177,0
48178,0
48179,1
48180,0
48181,1
48182,1
48183,2
48184,0
48185,1
48186,1
48187,2
48188,1
48189,2
48190,2
48191,3
48192,2
48193,1
48194,1
48195,0
48196,1
48197,0
48198,0
48199,1
48200,1
48201,0
48202,0
48203,1
48204,0
48205,1
48206,1
48207,2
48208,1
48209,0
48210,0
48211,1
48212,0
48213,1
48214,1
48215,2
48216,0
48217,1
48218,1
48219,2
48220,1
48221,2
48222,2
48223,3
48224,1
48225,0
48226,0
48227,1
48228,0
48229,1
48230,1
48231,2
48232,0
48233,1
48234,1
48235,2
48236,1
48237,2
48238,2
48239,3
48240,0
48241,1
48242,1
48243,2
48244,1
48245,2
48246,2
48247,3
48248,1
48249,2
48250,2
48251,3
48252,2
48253,3
48254,3
48255,4
48256,2
48257,1
48258,1
48259,0
48260,1
48261,0
48262,0
48263,1
48264,1
48265,0
48266,0
48267,1
48268,0
48269,1
48270,1
48271,2
48272,1
48273,0
48274,0
48275,1
48276,0
48277,1
48278,1
48279,2
48280,0
48281,1
48282,1
48283,2
48284,1
48285,2
48286,2
48287,3
48288,1
48289,0
48290,0
48291,1
48292,0
48293,1
48294,1
48295,2
48296,0
48297,1
48298,1
48299,2
48300,1
48301,2
48302,2
48303,3
48304,0
48305,1
48306,1
48307,2
48308,1
48309,2
48310,2
48311,3
48312,1
48313,2
48314,2
48315,3
48316,2
48317,3
48318,3
48319,4
48320,1
48321,0
48322,0
48323,1
48324,0
48325,1
48326,1
48327,2
48328,0
48329,1
48330,1
48331,2
48332,1
48333,2
48334,2
48335,3
48336,0
48337,1
48338,1
48339,2
48340,1
48341,2
48342,2
48343,3
48344,1
48345,2
48346,2
48347,3
48348,2
48349,3
48350,3
48351,4
48352,0
48353,1
48354,1
48355,2
48356,1
48357,2
48358,2
48359,3
48360,1
48361,2
48362,2
48363,3
48364,2
48365,3
48366,3
48367,4
48368,1
48369,2
48370,2
48371,3
48372,2
48373,3
48374,3
48375,4
48376,2
48377,3
48378,3
48379,4
48380,3
48381,4
48382,4
48383,3
48384,2
48385,1
48386,1
48387,0
48388,1
48389,0
48390,0
48391,1
48392,1
48393,0
48394,0
48395,1
48396,0
48397,1
48398,1
48399,2
48400,1
48401,0
48402,0
48403,1
48404,0
48405,1
48406,1
48407,2
48408,0
48409,1
48410,1
48411,2
48412,1
48413,2
48414,2
48415,3
48416,1
48417,0
48418,0
48419,1
48420,0
48421,1
48422,1
48423,2
48424,0
48425,1
48426,1
48427,2
48428,1
48429,2
48430,2
48431,3
48432,0
48433,1
48434,1
48435,2
48436,1
48437,2
48438,2
48439,3
48440,1
48441,2
48442,2
48443,3
48444,2
48445,3
48446,3
48447,4
48448,1
48449,0
48450,0
48451,1
48452,0
48453,1
48454,1
48455,2
48456,0
48457,1
48458,1
48459,2
48460,1
48461,2
48462,2
48463,3
48464,0
48465,1
48466,1
48467,2
48468,1
48469,2
48470,2
48471,3
48472,1
48473,2
48474,2
48475,3
48476,2
48477,3
48478,3
48479,4
48480,0
48481,1
48482,1
48483,2
48484,1
48485,2
48486,2
48487,3
48488,1
48489,2
48490,2
48491,3
48492,2
48493,3
48494,3
48495,4
48496,1
48497,2
48498,2
48499,3
48500,2
48501,3
48502,3
48503,4
48504,2
48505,3
48506,3
48507,4
48508,3
48509,4
48510,4
48511,3
48512,1
48513,0
48514,0
48515,1
48516,0
48517,1
48518,1
48519,2
48520,0
48521,1
48522,1
48523,2
48524,1
48525,2
48526,2
48527,3
48528,0
48529,1
48530,1
48531,2
48532,1
48533,2
48534,2
48535,3
48536,1
48537,2
48538,2
48539,3
48540,2
48541,3
48542,3
48543,4
48544,0
48545,1
48546,1
48547,2
48548,1
48549,2
48550,2
48551,3
48552,1
48553,2
48554,2
48555,3
48556,2
48557,3
48558,3
48559,4
48560,1
48561,2
48562,2
48563,3
48564,2
48565,3
48566,3
48567,4
48568,2
48569,3
48570,3
48571,4
48572,3
48573,4
48574,4
48575,3
48576,0
48577,1
48578,1
48579,2
48580,1
48581,2
48582,2
48583,3
48584,1
48585,2
48586,2
48587,3
48588,2
48589,3
48590,3
48591,4
48592,1
48593,2
48594,2
48595,3
48596,2
48597,3
48598,3
48599,4
48600,2
48601,3
48602,3
48603,4
48604,3
48605,4
48606,4
48607,3
48608,1
48609,2
48610,2
48611,3
48612,2
48613,3
48614,3
48615,4
48616,2
48617,3
48618,3
48619,4
48620,3
48621,4
48622,4
48623,3
48624,2
48625,3
48626,3
48627,4
48628,3
48629,4
48630,4
48631,3
48632,3
48633,4
48634,4
48635,3
48636,4
48637,3
48638,3
48639,2
48640,2
48641,1
48642,1
48643,0
48644,1
48645,0
48646,0
48647,1
48648,1
48649,0
48650,0
48651,1
48652,0
48653,1
48654,1
48655,2
48656,1
48657,0
48658,0
48659,1
48660,0
48661,1
48662,1
48663,2
48664,0
48665,1
48666,1
48667,2
48668,1
48669,2
48670,2
48671,3
48672,1
48673,0
48674,0
48675,1
48676,0
48677,1
48678,1
48679,2
48680,0
48681,1
48682,1
48683,2
48684,1
48685,2
48686,2
48687,3
48688,0
48689,1
48690,1
48691,2
48692,1
48693,2
48694,2
48695,3
48696,1
48697,2
48698,2
48699,3
48700,2
48701,3
48702,3
48703,4
48704,1
48705,0
48706,0
48707,1
48708,0
48709,1
48710,1
48711,2
48712,0
48713,1
48714,1
48715,2
48716,1
48717,2
48718,2
48719,3
48720,0
48721,1
48722,1
48723,2
48724,1
48725,2
48726,2
48727,3
48728,1
48729,2
48730,2
48731,3
48732,2
48733,3
48734,3
48735,4
48736,0
48737,1
48738,1
48739,2
48740,1
48741,2
48742,2
48743,3
48744,1
48745,2
48746,2
48747,3
48748,2
48749,3
48750,3
48751,4
48752,1
48753,2
48754,2
48755,3
48756,2
48757,3
48758,3
48759,4
48760,2
48761,3
48762,3
48763,4
48764,3
48765,4
48766,4
48767,3
48768,1
48769,0
48770,0
48771,1
48772,0
48773,1
48774,1
48775,2
48776,0
48777,1
48778,1
48779,2
48780,1
48781,2
48782,2
48783,3
48784,0
48785,1
48786,1
48787,2
48788,1
48789,2
48790,2
48791,3
48792,1
48793,2
48794,2
48795,3
48796,2
48797,3
48798,3
48799,4
48800,0
48801,1
48802,1
48803,2
48804,1
48805,2
48806,2
48807,3
48808,1
48809,2
48810,2
48811,3
48812,2
48813,3
48814,3
48815,4
48816,1
48817,2
48818,2
48819,3
48820,2
48821,3
48822,3
48823,4
48824,2
48825,3
48826,3
48827,4
48828,3
48829,4
48830,4
48831,3
48832,0
48833,1
48834,1
48835,2
48836,1
48837,2
48838,2
48839,3
48840,1
48841,2
48842,2
48843,3
48844,2
48845,3
48846,3
48847,4
48848,1
48849,2
48850,2
48851,3
48852,2
48853,3
48854,3
48855,4
48856,2
48857,3
48858,3
48859,4
48860,3
48861,4
48862,4
48863,3
48864,1
48865,2
48866,2
48867,3
48868,2
48869,3
48870,3
48871,4
48872,2
48873,3
48874,3
48875,4
48876,3
48877,4
48878,4
48879,3
48880,2
48881,3
48882,3
48883,4
48884,3
48885,4
48886,4
48887,3
48888,3
48889,4
48890,4
48891,3
48892,4
48893,3
48894,3
48895,2
48896,1
48897,0
48898,0
48899,1
48900,0
48901,1
48902,1
48903,2
48904,0
48905,1
48906,1
48907,2
48908,1
48909,2
48910,2
48911,3
48912,0
48913,1
48914,1
48915,2
48916,1
48917,2
48918,2
48919,3
48920,1
48921,2
48922,2
48923,3
48924,2
48925,3
48926,3
48927,4
48928,0
48929,1
48930,1
48931,2
48932,1
48933,2
48934,2
48935,3
48936,1
48937,2
48938,2
48939,3
48940,2
48941,3
48942,3
48943,4
48944,1
48945,2
48946,2
48947,3
48948,2
48949,3
48950,3
48951,4
48952,2
48953,3
48954,3
48955,4
48956,3
48957,4
48958,4
48959,3
48960,0
48961,1
48962,1
48963,2
48964,1
48965,2
48966,2
48967,3
48968,1
48969,2
48970,2
48971,3
48972,2
48973,3
48974,3
48975,4
48976,1
48977,2
48978,2
48979,3
48980,2
48981,3
48982,3
48983,4
48984,2
48985,3
48986,3
48987,4
48988,3
48989,4
48990,4
48991,3
48992,1
48993,2
48994,2
48995,3
48996,2
48997,3
48998,3
48999,4
49000,2
49001,3
49002,3
49003,4
49004,3
49005,4
49006,4
49007,3
49008,2
49009,3
49010,3
49011,4
49012,3
49013,4
49014,4
49015,3
49016,3
49017,4
49018,4
49019,3
49020,4
49021,3
49022,3
49023,2
49024,0
49025,1
49026,1
49027,2
49028,1
49029,2
49030,2
49031,3
49032,1
49033,2
49034,2
49035,3
49036,2
49037,3
49038,3
49039,4
49040,1
49041,2
49042,2
49043,3
49044,2
49045,3
49046,3
49047,4
49048,2
49049,3
49050,3
49051,4
49052,3
49053,4
49054,4
49055,3
49056,1
49057,2
49058,2
49059,3
49060,2
49061,3
49062,3
49063,4
49064,2
49065,3
49066,3
49067,4
49068,3
49069,4
49070,4
49071,3
49072,2
49073,3
49074,3
49075,4
49076,3
49077,4
49078,4
49079,3
49080,3
49081,4
49082,4
49083,3
49084,4
49085,3
49086,3
49087,2
49088,1
49089,2
49090,2
49091,3
49092,2
49093,3
49094,3
49095,4
49096,2
49097,3
49098,3
49099,4
49100,3
49101,4
49102,4
49103,3
49104,2
49105,3
49106,3
49107,4
49108,3
49109,4
49110,4
49111,3
49112,3
49113,4
49114,4
49115,3
49116,4
49117,3
49118,3
49119,2
49120,2
49121,3
49122,3
49123,4
49124,3
49125,4
49126,4
49127,3
49128,3
49129,4
49130,4
49131,3
49132,4
49133,3
49134,3
49135,2
49136,3
49137,4
49138,4
49139,3
49140,4
49141,3
49142,3
49143,2
49144,4
49145,3
49146,3
49147,2
49148,3
49149,2
49150,2
49151,1
49152,2
49153,3
49154,3
49155,4
49156,3
49157,4
49158,4
49159,3
49160,3
49161,4
49162,4
49163,3
49164,4
49165,3
49166,3
49167,2
49168,3
49169,4
49170,4
49171,3
49172,4
49173,3
49174,3
49175,2
49176,4
49177,3
49178,3
49179,2
49180,3
49181,2
49182,2
49183,1
49184,3
49185,4
49186,4
49187,3
49188,4
49189,3
49190,3
49191,2
49192,4
49193,3
49194,3
49195,2
49196,3
49197,2
49198,2
49199,1
49200,4
49201,3
49202,3
49203,2
49204,3
49205,2
49206,2
49207,1
49208,3
49209,2
49210,2
49211,1
49212,2
49213,1
49214,1
49215,0
49216,3
49217,4
49218,4
49219,3
49220,4
49221,3
49222,3
49223,2
49224,4
49225,3
49226,3
49227,2
49228,3
49229,2
49230,2
49231,1
49232,4
49233,3
49234,3
49235,2
49236,3
49237,2
49238,2
49239,1
49240,3
49241,2
49242,2
49243,1
49244,2
49245,1
49246,1
49247,0
49248,4
49249,3
49250,3
49251,2
49252,3
49253,2
49254,2
49255,1
49256,3
49257,2
49258,2
49259,1
49260,2
49261,1
49262,1
49263,0
49264,3
49265,2
49266,2
49267,1
49268,2
49269,1
49270,1
49271,0
49272,2
49273,1
49274,1
49275,0
49276,1
49277,0
49278,0
49279,1
49280,3
49281,4
49282,4
49283,3
49284,4
49285,3
49286,3
49287,2
49288,4
49289,3
49290,3
49291,2
49292,3
49293,2
49294,2
49295,1
49296,4
49297,3
49298,3
49299,2
49300,3
49301,2
49302,2
49303,1
49304,3
49305,2
49306,2
49307,1
49308,2
49309,1
49310,1
49311,0
49312,4
49313,3
49314,3
49315,2
49316,3
49317,2
49318,2
49319,1
49320,3
49321,2
49322,2
49323,1
49324,2
49325,1
49326,1
49327,0
49328,3
49329,2
49330,2
49331,1
49332,2
49333,1
49334,1
49335,0
49336,2
49337,1
49338,1
49339,0
49340,1
49341,0
49342,0
49343,1
49344,4
49345,3
49346,3
49347,2
49348,3
49349,2
49350,2
49351,1
49352,3
49353,2
49354,2
49355,1
49356,2
49357,1
49358,1
49359,0
49360,3
49361,2
49362,2
49363,1
49364,2
49365,1
49366,1
49367,0
49368,2
49369,1
49370,1
49371,0
49372,1
49373,0
49374,0
49375,1
49376,3
49377,2
49378,2
49379,1
49380,2
49381,1
49382,1
49383,0
49384,2
49385,1
49386,1
49387,0
49388,1
49389,0
49390,0
49391,1
49392,2
49393,1
49394,1
49395,0
49396,1
49397,0
49398,0
49399,1
49400,1
49401,0
49402,0
49403,1
49404,0
49405,1
49406,1
49407,2
49408,3
49409,4
49410,4
49411,3
49412,4
49413,3
49414,3
49415,2
49416,4
49417,3
49418,3
49419,2
49420,3
49421,2
49422,2
49423,1
49424,4
49425,3
49426,3
49427,2
49428,3
49429,2
49430,2
49431,1
49432,3
49433,2
49434,2
49435,1
49436,2
49437,1
49438,1
49439,0
49440,4
49441,3
49442,3
49443,2
49444,3
49445,2
49446,2
49447,1
49448,3
49449,2
49450,2
49451,1
49452,2
49453,1
49454,1
49455,0
49456,3
49457,2
49458,2
49459,1
49460,2
49461,1
49462,1
49463,0
49464,2
49465,1
49466,1
49467,0
49468,1
49469,0
49470,0
49471,1
49472,4
49473,3
49474,3
49475,2
49476,3
49477,2
49478,2
49479,1
49480,3
49481,2
49482,2
49483,1
49484,2
49485,1
49486,1
49487,0
49488,3
49489,2
49490,2
49491,1
49492,2
49493,1
49494,1
49495,0
49496,2
49497,1
49498,1
49499,0
49500,1
49501,0
49502,0
49503,1
49504,3
49505,2
49506,2
49507,1
49508,2
49509,1
49510,1
49511,0
49512,2
49513,1
49514,1
49515,0
49516,1
49517,0
49518,0
49519,1
49520,2
49521,1
49522,1
49523,0
49524,1
49525,0
49526,0
49527,1
49528,1
49529,0
49530,0
49531,1
49532,0
49533,1
49534,1
49535,2
49536,4
49537,3
49538,3
49539,2
49540,3
49541,2
49542,2
49543,1
49544,3
49545,2
49546,2
49547,1
49548,2
49549,1
49550,1
49551,0
49552,3
49553,2
49554,2
49555,1
49556,2
49557,1
49558,1
49559,0
49560,2
49561,1
49562,1
49563,0
49564,1
49565,0
49566,0
49567,1
49568,3
49569,2
49570,2
49571,1
49572,2
49573,1
49574,1
49575,0
49576,2
49577,1
49578,1
49579,0
49580,1
49581,0
49582,0
49583,1
49584,2
49585,1
49586,1
49587,0
49588,1
49589,0
49590,0
49591,1
49592,1
49593,0
49594,0
49595,1
49596,0
49597,1
49598,1
49599,2
49600,3
49601,2
49602,2
49603,1
49604,2
49605,1
49606,1
49607,0
49608,2
49609,1
49610,1
49611,0
49612,1
49613,0
49614,0
49615,1
49616,2
49617,1
49618,1
49619,0
49620,1
49621,0
49622,0
49623,1
49624,1
49625,0
49626,0
49627,1
49628,0
49629,1
49630,1
49631,2
49632,2
49633,1
49634,1
49635,0
49636,1
49637,0
49638,0
49639,1
49640,1
49641,0
49642,0
49643,1
49644,0
49645,1
49646,1
49647,2
49648,1
49649,0
49650,0
49651,1
49652,0
49653,1
49654,1
49655,2
49656,0
49657,1
49658,1
49659,2
49660,1
49661,2
49662,2
49663,3
49664,3
49665,4
49666,4
49667,3
49668,4
49669,3
49670,3
49671,2
49672,4
49673,3
49674,3
49675,2
49676,3
49677,2
49678,2
49679,1
49680,4
49681,3
49682,3
49683,2
49684,3
49685,2
49686,2
49687,1
49688,3
49689,2
49690,2
49691,1
49692,2
49693,1
49694,1
49695,0
49696,4
49697,3
49698,3
49699,2
49700,3
49701,2
49702,2
49703,1
49704,3
49705,2
49706,2
49707,1
49708,2
49709,1
49710,1
49711,0
49712,3
49713,2
49714,2
49715,1
49716,2
49717,1
49718,1
49719,0
49720,2
49721,1
49722,1
49723,0
49724,1
49725,0
49726,0
49727,1
49728,4
49729,3
49730,3
49731,2
49732,3
49733,2
49734,2
49735,1
49736,3
49737,2
49738,2
49739,1
49740,2
49741,1
49742,1
49743,0
49744,3
49745,2
49746,2
49747,1
49748,2
49749,1
49750,1
49751,0
49752,2
49753,1
49754,1
49755,0
49756,1
49757,0
49758,0
49759,1
49760,3
49761,2
49762,2
49763,1
49764,2
49765,1
49766,1
49767,0
49768,2
49769,1
49770,1
49771,0
49772,1
49773,0
49774,0
49775,1
49776,2
49777,1
49778,1
49779,0
49780,1
49781,0
49782,0
49783,1
49784,1
49785,0
49786,0
49787,1
49788,0
49789,1
49790,1
49791,2
49792,4
49793,3
49794,3
49795,2
49796,3
49797,2
49798,2
49799,1
49800,3
49801,2
49802,2
49803,1
49804,2
49805,1
49806,1
49807,0
49808,3
49809,2
49810,2
49811,1
49812,2
49813,1
49814,1
49815,0
49816,2
49817,1
49818,1
49819,0
49820,1
49821,0
49822,0
49823,1
49824,3
49825,2
49826,2
49827,1
49828,2
49829,1
49830,1
49831,0
49832,2
49833,1
49834,1
49835,0
49836,1
49837,0
49838,0
49839,1
49840,2
49841,1
49842,1
49843,0
49844,1
49845,0
49846,0
49847,1
49848,1
49849,0
49850,0
49851,1
49852,0
49853,1
49854,1
49855,2
49856,3
49857,2
49858,2
49859,1
49860,2
49861,1
49862,1
49863,0
49864,2
49865,1
49866,1
49867,0
49868,1
49869,0
49870,0
49871,1
49872,2
49873,1
49874,1
49875,0
49876,1
49877,0
49878,0
49879,1
49880,1
49881,0
49882,0
49883,1
49884,0
49885,1
49886,1
49887,2
49888,2
49889,1
49890,1
49891,0
49892,1
49893,0
49894,0
49895,1
49896,1
49897,0
49898,0
49899,1
49900,0
49901,1
49902,1
49903,2
49904,1
49905,0
49906,0
49907,1
49908,0
49909,1
49910,1
49911,2
49912,0
49913,1
49914,1
49915,2
49916,1
49917,2
49918,2
49919,3
49920,4
49921,3
49922,3
49923,2
49924,3
49925,2
49926,2
49927,1
49928,3
49929,2
49930,2
49931,1
49932,2
49933,1
49934,1
49935,0
49936,3
49937,2
49938,2
49939,1
49940,2
49941,1
49942,1
49943,0
49944,2
49945,1
49946,1
49947,0
49948,1
49949,0
49950,0
49951,1
49952,3
49953,2
49954,2
49955,1
49956,2
49957,1
49958,1
49959,0
49960,2
49961,1
49962,1
49963,0
49964,1
49965,0
49966,0
49967,1
49968,2
49969,1
49970,1
49971,0
49972,1
49973,0
49974,0
49975,1
49976,1
49977,0
49978,0
49979,1
49980,0
49981,1
49982,1
49983,2
49984,3
49985,2
49986,2
49987,1
49988,2
49989,1
49990,1
49991,0
49992,2
49993,1
49994,1
49995,0
49996,1
49997,0
49998,0
49999,1
50000,2
50001,1
50002,1
50003,0
50004,1
50005,0
50006,0
50007,1
50008,1
50009,0
50010,0
50011,1
50012,0
50013,1
50014,1
50015,2
50016,2
50017,1
50018,1
50019,0
50020,1
50021,0
50022,0
50023,1
50024,1
50025,0
50026,0
50027,1
50028,0
50029,1
50030,1
50031,2
50032,1
50033,0
50034,0
50035,1
50036,0
50037,1
50038,1
50039,2
50040,0
50041,1
50042,1
50043,2
50044,1
50045,2
50046,2
50047,3
50048,3
50049,2
50050,2
50051,1
50052,2
50053,1
50054,1
50055,0
50056,2
50057,1
50058,1
50059,0
50060,1
50061,0
50062,0
50063,1
50064,2
50065,1
50066,1
50067,0
50068,1
50069,0
50070,0
50071,1
50072,1
50073,0
50074,0
50075,1
50076,0
50077,1
50078,1
50079,2
50080,2
50081,1
50082,1
50083,0
50084,1
50085,0
50086,0
50087,1
50088,1
50089,0
50090,0
50091,1
50092,0
50093,1
50094,1
50095,2
50096,1
50097,0
50098,0
50099,1
50100,0
50101,1
50102,1
50103,2
50104,0
50105,1
50106,1
50107,2
50108,1
50109,2
50110,2
50111,3
50112,2
50113,1
50114,1
50115,0
50116,1
50117,0
50118,0
50119,1
50120,1
50121,0
50122,0
50123,1
50124,0
50125,1
50126,1
50127,2
50128,1
50129,0
50130,0
50131,1
50132,0
50133,1
50134,1
50135,2
50136,0
50137,1
50138,1
50139,2
50140,1
50141,2
50142,2
50143,3
50144,1
50145,0
50146,0
50147,1
50148,0
50149,1
50150,1
50151,2
50152,0
50153,1
50154,1
50155,2
50156,1
50157,2
50158,2
50159,3
50160,0
50161,1
50162,1
50163,2
50164,1
50165,2
50166,2
50167,3
50168,1
50169,2
50170,2
50171,3
50172,2
50173,3
50174,3
50175,4
50176,3
50177,4
50178,4
50179,3
50180,4
50181,3
50182,3
50183,2
50184,4
50185,3
50186,3
50187,2
50188,3
50189,2
50190,2
50191,1
50192,4
50193,3
50194,3
50195,2
50196,3
50197,2
50198,2
50199,1
50200,3
50201,2
50202,2
50203,1
50204,2
50205,1
50206,1
50207,0
50208,4
50209,3
50210,3
50211,2
50212,3
50213,2
50214,2
50215,1
50216,3
50217,2
50218,2
50219,1
50220,2
50221,1
50222,1
50223,0
50224,3
50225,2
50226,2
50227,1
50228,2
50229,1
50230,1
50231,0
50232,2
50233,1
50234,1
50235,0
50236,1
50237,0
50238,0
50239,1
50240,4
50241,3
50242,3
50243,2
50244,3
50245,2
50246,2
50247,1
50248,3
50249,2
50250,2
50251,1
50252,2
50253,1
50254,1
50255,0
50256,3
50257,2
50258,2
50259,1
50260,2
50261,1
50262,1
50263,0
50264,2
50265,1
50266,1
50267,0
50268,1
50269,0
50270,0
50271,1
50272,3
50273,2
50274,2
50275,1
50276,2
50277,1
50278,1
50279,0
50280,2
50281,1
50282,1
50283,0
50284,1
50285,0
50286,0
50287,1
50288,2
50289,1
50290,1
50291,0
50292,1
50293,0
50294,0
50295,1
50296,1
50297,0
50298,0
50299,1
50300,0
50301,1
50302,1
50303,2
50304,4
50305,3
50306,3
50307,2
50308,3
50309,2
50310,2
50311,1
50312,3
50313,2
50314,2
50315,1
50316,2
50317,1
50318,1
50319,0
50320,3
50321,2
50322,2
50323,1
50324,2
50325,1
50326,1
50327,0
50328,2
50329,1
50330,1
50331,0
50332,1
50333,0
50334,0
50335,1
50336,3
50337,2
50338,2
50339,1
50340,2
50341,1
50342,1
50343,0
50344,2
50345,1
50346,1
50347,0
50348,1
50349,0
50350,0
50351,1
50352,2
50353,1
50354,1
50355,0
50356,1
50357,0
50358,0
50359,1
50360,1
50361,0
50362,0
50363,1
50364,0
50365,1
50366,1
50367,2
50368,3
50369,2
50370,2
50371,1
50372,2
50373,1
50374,1
50375,0
50376,2
50377,1
50378,1
50379,0
50380,1
50381,0
50382,0
50383,1
50384,2
50385,1
50386,1
50387,0
50388,1
50389,0
50390,0
50391,1
50392,1
50393,0
50394,0
50395,1
50396,0
50397,1
50398,1
50399,2
50400,2
50401,1
50402,1
50403,0
50404,1
50405,0
50406,0
50407,1
50408,1
50409,0
50410,0
50411,1
50412,0
50413,1
50414,1
50415,2
50416,1
50417,0
50418,0
50419,1
50420,0
50421,1
50422,1
50423,2
50424,0
50425,1
50426,1
50427,2
50428,1
50429,2
50430,2
50431,3
50432,4
50433,3
50434,3
50435,2
50436,3
50437,2
50438,2
50439,1
50440,3
50441,2
50442,2
50443,1
50444,2
50445,1
50446,1
50447,0
50448,3
50449,2
50450,2
50451,1
50452,2
50453,1
50454,1
50455,0
50456,2
50457,1
50458,1
50459,0
50460,1
50461,0
50462,0
50463,1
50464,3
50465,2
50466,2
50467,1
50468,2
50469,1
50470,1
50471,0
50472,2
50473,1
50474,1
50475,0
50476,1
50477,0
50478,0
50479,1
50480,2
50481,1
50482,1
50483,0
50484,1
50485,0
50486,0
50487,1
50488,1
50489,0
50490,0
50491,1
50492,0
50493,1
50494,1
50495,2
50496,3
50497,2
50498,2
50499,1
50500,2
50501,1
50502,1
50503,0
50504,2
50505,1
50506,1
50507,0
50508,1
50509,0
50510,0
50511,1
50512,2
50513,1
50514,1
50515,0
50516,1
50517,0
50518,0
50519,1
50520,1
50521,0
50522,0
50523,1
50524,0
50525,1
50526,1
50527,2
50528,2
50529,1
50530,1
50531,0
50532,1
50533,0
50534,0
50535,1
50536,1
50537,0
50538,0
50539,1
50540,0
50541,1
50542,1
50543,2
50544,1
50545,0
50546,0
50547,1
50548,0
50549,1
50550,1
50551,2
50552,0
50553,1
50554,1
50555,2
50556,1
50557,2
50558,2
50559,3
50560,3
50561,2
50562,2
50563,1
50564,2
50565,1
50566,1
50567,0
50568,2
50569,1
50570,1
50571,0
50572,1
50573,0
50574,0
50575,1
50576,2
50577,1
50578,1
50579,0
50580,1
50581,0
50582,0
50583,1
50584,1
50585,0
50586,0
50587,1
50588,0
50589,1
50590,1
50591,2
50592,2
50593,1
50594,1
50595,0
50596,1
50597,0
50598,0
50599,1
50600,1
50601,0
50602,0
50603,1
50604,0
50605,1
50606,1
50607,2
50608,1
50609,0
50610,0
50611,1
50612,0
50613,1
50614,1
50615,2
50616,0
50617,1
50618,1
50619,2
50620,1
50621,2
50622,2
50623,3
50624,2
50625,1
50626,1
50627,0
50628,1
50629,0
50630,0
50631,1
50632,1
50633,0
50634,0
50635,1
50636,0
50637,1
50638,1
50639,2
50640,1
50641,0
50642,0
50643,1
50644,0
50645,1
50646,1
50647,2
50648,0
50649,1
50650,1
50651,2
50652,1
50653,2
50654,2
50655,3
50656,1
50657,0
50658,0
50659,1
50660,0
50661,1
50662,1
50663,2
50664,0
50665,1
50666,1
50667,2
50668,1
50669,2
50670,2
50671,3
50672,0
50673,1
50674,1
50675,2
50676,1
50677,2
50678,2
50679,3
50680,1
50681,2
50682,2
50683,3
50684,2
50685,3
50686,3
50687,4
50688,4
50689,3
50690,3
50691,2
50692,3
50693,2
50694,2
50695,1
50696,3
50697,2
50698,2
50699,1
50700,2
50701,1
50702,1
50703,0
50704,3
50705,2
50706,2
50707,1
50708,2
50709,1
50710,1
50711,0
50712,2
50713,1
50714,1
50715,0
50716,1
50717,0
50718,0
50719,1
50720,3
50721,2
50722,2
50723,1
50724,2
50725,1
50726,1
50727,0
50728,2
50729,1
50730,1
50731,0
50732,1
50733,0
50734,0
50735,1
50736,2
50737,1
50738,1
50739,0
50740,1
50741,0
50742,0
50743,1
50744,1
50745,0
50746,0
50747,1
50748,0
50749,1
50750,1
50751,2
50752,3
50753,2
50754,2
50755,1
50756,2
50757,1
50758,1
50759,0
50760,2
50761,1
50762,1
50763,0
50764,1
50765,0
50766,0
50767,1
50768,2
50769,1
50770,1
50771,0
50772,1
50773,0
50774,0
50775,1
50776,1
50777,0
50778,0
50779,1
50780,0
50781,1
50782,1
50783,2
50784,2
50785,1
50786,1
50787,0
50788,1
50789,0
50790,0
50791,1
50792,1
50793,0
50794,0
50795,1
50796,0
50797,1
50798,1
50799,2
50800,1
50801,0
50802,0
50803,1
50804,0
50805,1
50806,1
50807,2
50808,0
50809,1
50810,1
50811,2
50812,1
50813,2
50814,2
50815,3
50816,3
50817,2
50818,2
50819,1
50820,2
50821,1
50822,1
50823,0
50824,2
50825,1
50826,1
50827,0
50828,1
50829,0
50830,0
50831,1
50832,2
50833,1
50834,1
50835,0
50836,1
50837,0
50838,0
50839,1
50840,1
50841,0
50842,0
50843,1
50844,0
50845,1
50846,1
50847,2
50848,2
50849,1
50850,1
50851,0
50852,1
50853,0
50854,0
50855,1
50856,1
50857,0
50858,0
50859,1
50860,0
50861,1
50862,1
50863,2
50864,1
50865,0
50866,0
50867,1
50868,0
50869,1
50870,1
50871,2
50872,0
50873,1
50874,1
50875,2
50876,1
50877,2
50878,2
50879,3
50880,2
50881,1
50882,1
50883,0
50884,1
50885,0
50886,0
50887,1
50888,1
50889,0
50890,0
50891,1
50892,0
50893,1
50894,1
50895,2
50896,1
50897,0
50898,0
50899,1
50900,0
50901,1
50902,1
50903,2
50904,0
50905,1
50906,1
50907,2
50908,1
50909,2
50910,2
50911,3
50912,1
50913,0
50914,0
50915,1
50916,0
50917,1
50918,1
50919,2
50920,0
50921,1
50922,1
50923,2
50924,1
50925,2
50926,2
50927,3
50928,0
50929,1
50930,1
50931,2
50932,1
50933,2
50934,2
50935,3
50936,1
50937,2
50938,2
50939,3
50940,2
50941,3
50942,3
50943,4
50944,3
50945,2
50946,2
50947,1
50948,2
50949,1
50950,1
50951,0
50952,2
50953,1
50954,1
50955,0
50956,1
50957,0
50958,0
50959,1
50960,2
50961,1
50962,1
50963,0
50964,1
50965,0
50966,0
50967,1
50968,1
50969,0
50970,0
50971,1
50972,0
50973,1
50974,1
50975,2
50976,2
50977,1
50978,1
50979,0
50980,1
50981,0
50982,0
50983,1
50984,1
50985,0
50986,0
50987,1
50988,0
50989,1
50990,1
50991,2
50992,1
50993,0
50994,0
50995,1
50996,0
50997,1
50998,1
50999,2
51000,0
51001,1
51002,1
51003,2
51004,1
51005,2
51006,2
51007,3
51008,2
51009,1
51010,1
51011,0
51012,1
51013,0
51014,0
51015,1
51016,1
51017,0
51018,0
51019,1
51020,0
51021,1
51022,1
51023,2
51024,1
51025,0
51026,0
51027,1
51028,0
51029,1
51030,1
51031,2
51032,0
51033,1
51034,1
51035,2
51036,1
51037,2
51038,2
51039,3
51040,1
51041,0
51042,0
51043,1
51044,0
51045,1
51046,1
51047,2
51048,0
51049,1
51050,1
51051,2
51052,1
51053,2
51054,2
51055,3
51056,0
51057,1
51058,1
51059,2
51060,1
51061,2
51062,2
51063,3
51064,1
51065,2
51066,2
51067,3
51068,2
51069,3
51070,3
51071,4
51072,2
51073,1
51074,1
51075,0
51076,1
51077,0
51078,0
51079,1
51080,1
51081,0
51082,0
51083,1
51084,0
51085,1
51086,1
51087,2
51088,1
51089,0
51090,0
51091,1
51092,0
51093,1
51094,1
51095,2
51096,0
51097,1
51098,1
51099,2
51100,1
51101,2
51102,2
51103,3
51104,1
51105,0
51106,0
51107,1
51108,0
51109,1
51110,1
51111,2
51112,0
51113,1
51114,1
51115,2
51116,1
51117,2
51118,2
51119,3
51120,0
51121,1
51122,1
51123,2
51124,1
51125,2
51126,2
51127,3
51128,1
51129,2
51130,2
51131,3
51132,2
51133,3
51134,3
51135,4
51136,1
51137,0
51138,0
51139,1
51140,0
51141,1
51142,1
51143,2
51144,0
51145,1
51146,1
51147,2
51148,1
51149,2
51150,2
51151,3
51152,0
51153,1
51154,1
51155,2
51156,1
51157,2
51158,2
51159,3
51160,1
51161,2
51162,2
51163,3
51164,2
51165,3
51166,3
51167,4
51168,0
51169,1
51170,1
51171,2
51172,1
51173,2
51174,2
51175,3
51176,1
51177,2
51178,2
51179,3
51180,2
51181,3
51182,3
51183,4
51184,1
51185,2
51186,2
51187,3
51188,2
51189,3
51190,3
51191,4
51192,2
51193,3
51194,3
51195,4
51196,3
51197,4
51198,4
51199,3
51200,3
51201,4
51202,4
51203,3
51204,4
51205,3
51206,3
51207,2
51208,4
51209,3
51210,3
51211,2
51212,3
51213,2
51214,2
51215,1
51216,4
51217,3
51218,3
51219,2
51220,3
51221,2
51222,2
51223,1
51224,3
51225,2
51226,2
51227,1
51228,2
51229,1
51230,1
51231,0
51232,4
51233,3
51234,3
51235,2
51236,3
51237,2
51238,2
51239,1
51240,3
51241,2
51242,2
51243,1
51244,2
51245,1
51246,1
51247,0
51248,3
51249,2
51250,2
51251,1
51252,2
51253,1
51254,1
51255,0
51256,2
51257,1
51258,1
51259,0
51260,1
51261,0
51262,0
51263,1
51264,4
51265,3
51266,3
51267,2
51268,3
51269,2
51270,2
51271,1
51272,3
51273,2
51274,2
51275,1
51276,2
51277,1
51278,1
51279,0
51280,3
51281,2
51282,2
51283,1
51284,2
51285,1
51286,1
51287,0
51288,2
51289,1
51290,1
51291,0
51292,1
51293,0
51294,0
51295,1
51296,3
51297,2
51298,2
51299,1
51300,2
51301,1
51302,1
51303,0
51304,2
51305,1
51306,1
51307,0
51308,1
51309,0
51310,0
51311,1
51312,2
51313,1
51314,1
51315,0
51316,1
51317,0
51318,0
51319,1
51320,1
51321,0
51322,0
51323,1
51324,0
51325,1
51326,1
51327,2
51328,4
51329,3
51330,3
51331,2
51332,3
51333,2
51334,2
51335,1
51336,3
51337,2
51338,2
51339,1
51340,2
51341,1
51342,1
51343,0
51344,3
51345,2
51346,2
51347,1
51348,2
51349,1
51350,1
51351,0
51352,2
51353,1
51354,1
51355,0
51356,1
51357,0
51358,0
51359,1
51360,3
51361,2
51362,2
51363,1
51364,2
51365,1
51366,1
51367,0
51368,2
51369,1
51370,1
51371,0
51372,1
51373,0
51374,0
51375,1
51376,2
51377,1
51378,1
51379,0
51380,1
51381,0
51382,0
51383,1
51384,1
51385,0
51386,0
51387,1
51388,0
51389,1
51390,1
51391,2
51392,3
51393,2
51394,2
51395,1
51396,2
51397,1
51398,1
51399,0
51400,2
51401,1
51402,1
51403,0
51404,1
51405,0
51406,0
51407,1
51408,2
51409,1
51410,1
51411,0
51412,1
51413,0
51414,0
51415,1
51416,1
51417,0
51418,0
51419,1
51420,0
51421,1
51422,1
51423,2
51424,2
51425,1
51426,1
51427,0
51428,1
51429,0
51430,0
51431,1
51432,1
51433,0
51434,0
51435,1
51436,0
51437,1
51438,1
51439,2
51440,1
51441,0
51442,0
51443,1
51444,0
51445,1
51446,1
51447,2
51448,0
51449,1
51450,1
51451,2
51452,1
51453,2
51454,2
51455,3
51456,4
51457,3
51458,3
51459,2
51460,3
51461,2
51462,2
51463,1
51464,3
51465,2
51466,2
51467,1
51468,2
51469,1
51470,1
51471,0
51472,3
51473,2
51474,2
51475,1
51476,2
51477,1
51478,1
51479,0
51480,2
51481,1
51482,1
51483,0
51484,1
51485,0
51486,0
51487,1
51488,3
51489,2
51490,2
51491,1
51492,2
51493,1
51494,1
51495,0
51496,2
51497,1
51498,1
51499,0
51500,1
51501,0
51502,0
51503,1
51504,2
51505,1
51506,1
51507,0
51508,1
51509,0
51510,0
51511,1
51512,1
51513,0
51514,0
51515,1
51516,0
51517,1
51518,1
51519,2
51520,3
51521,2
51522,2
51523,1
51524,2
51525,1
51526,1
51527,0
51528,2
51529,1
51530,1
51531,0
51532,1
51533,0
51534,0
51535,1
51536,2
51537,1
51538,1
51539,0
51540,1
51541,0
51542,0
51543,1
51544,1
51545,0
51546,0
51547,1
51548,0
51549,1
51550,1
51551,2
51552,2
51553,1
51554,1
51555,0
51556,1
51557,0
51558,0
51559,1
51560,1
51561,0
51562,0
51563,1
51564,0
51565,1
51566,1
51567,2
51568,1
51569,0
51570,0
51571,1
51572,0
51573,1
51574,1
51575,2
51576,0
51577,1
51578,1
51579,2
51580,1
51581,2
51582,2
51583,3
51584,3
51585,2
51586,2
51587,1
51588,2
51589,1
51590,1
51591,0
51592,2
51593,1
51594,1
51595,0
51596,1
51597,0
51598,0
51599,1
51600,2
51601,1
51602,1
51603,0
51604,1
51605,0
51606,0
51607,1
51608,1
51609,0
51610,0
51611,1
51612,0
51613,1
51614,1
51615,2
51616,2
51617,1
51618,1
51619,0
51620,1
51621,0
51622,0
51623,1
51624,1
51625,0
51626,0
51627,1
51628,0
51629,1
51630,1
51631,2
51632,1
51633,0
51634,0
51635,1
51636,0
51637,1
51638,1
51639,2
51640,0
51641,1
51642,1
51643,2
51644,1
51645,2
51646,2
51647,3
51648,2
51649,1
51650,1
51651,0
51652,1
51653,0
51654,0
51655,1
51656,1
51657,0
51658,0
51659,1
51660,0
51661,1
51662,1
51663,2
51664,1
51665,0
51666,0
51667,1
51668,0
51669,1
51670,1
51671,2
51672,0
51673,1
51674,1
51675,2
51676,1
51677,2
51678,2
51679,3
51680,1
51681,0
51682,0
51683,1
51684,0
51685,1
51686,1
51687,2
51688,0
51689,1
51690,1
51691,2
51692,1
51693,2
51694,2
51695,3
51696,0
51697,1
51698,1
51699,2
51700,1
51701,2
51702,2
51703,3
51704,1
51705,2
51706,2
51707,3
51708,2
51709,3
51710,3
51711,4
51712,4
51713,3
51714,3
51715,2
51716,3
51717,2
51718,2
51719,1
51720,3
51721,2
51722,2
51723,1
51724,2
51725,1
51726,1
51727,0
51728,3
51729,2
51730,2
51731,1
51732,2
51733,1
51734,1
51735,0
51736,2
51737,1
51738,1
51739,0
51740,1
51741,0
51742,0
51743,1
51744,3
51745,2
51746,2
51747,1
51748,2
51749,1
51750,1
51751,0
51752,2
51753,1
51754,1
51755,0
51756,1
51757,0
51758,0
51759,1
51760,2
51761,1
51762,1
51763,0
51764,1
51765,0
51766,0
51767,1
51768,1
51769,0
51770,0
51771,1
51772,0
51773,1
51774,1
51775,2
51776,3
51777,2
51778,2
51779,1
51780,2
51781,1
51782,1
51783,0
51784,2
51785,1
51786,1
51787,0
51788,1
51789,0
51790,0
51791,1
51792,2
51793,1
51794,1
51795,0
51796,1
51797,0
51798,0
51799,1
51800,1
51801,0
51802,0
51803,1
51804,0
51805,1
51806,1
51807,2
51808,2
51809,1
51810,1
51811,0
51812,1
51813,0
51814,0
51815,1
51816,1
51817,0
51818,0
51819,1
51820,0
51821,1
51822,1
51823,2
51824,1
51825,0
51826,0
51827,1
51828,0
51829,1
51830,1
51831,2
51832,0
51833,1
51834,1
51835,2
51836,1
51837,2
51838,2
51839,3
51840,3
51841,2
51842,2
51843,1
51844,2
51845,1
51846,1
51847,0
51848,2
51849,1
51850,1
51851,0
51852,1
51853,0
51854,0
51855,1
51856,2
51857,1
51858,1
51859,0
51860,1
51861,0
51862,0
51863,1
51864,1
51865,0
51866,0
51867,1
51868,0
51869,1
51870,1
51871,2
51872,2
51873,1
51874,1
51875,0
51876,1
51877,0
51878,0
51879,1
51880,1
51881,0
51882,0
51883,1
51884,0
51885,1
51886,1
51887,2
51888,1
51889,0
51890,0
51891,1
51892,0
51893,1
51894,1
51895,2
51896,0
51897,1
51898,1
51899,2
51900,1
51901,2
51902,2
51903,3
51904,2
51905,1
51906,1
51907,0
51908,1
51909,0
51910,0
51911,1
51912,1
51913,0
51914,0
51915,1
51916,0
51917,1
51918,1
51919,2
51920,1
51921,0
51922,0
51923,1
51924,0
51925,1
51926,1
51927,2
51928,0
51929,1
51930,1
51931,2
51932,1
51933,2
51934,2
51935,3
51936,1
51937,0
51938,0
51939,1
51940,0
51941,1
51942,1
51943,2
51944,0
51945,1
51946,1
51947,2
51948,1
51949,2
51950,2
51951,3
51952,0
51953,1
51954,1
51955,2
51956,1
51957,2
51958,2
51959,3
51960,1
51961,2
51962,2
51963,3
51964,2
51965,3
51966,3
51967,4
51968,3
51969,2
51970,2
51971,1
51972,2
51973,1
51974,1
51975,0
51976,2
51977,1
51978,1
51979,0
51980,1
51981,0
51982,0
51983,1
51984,2
51985,1
51986,1
51987,0
51988,1
51989,0
51990,0
51991,1
51992,1
51993,0
51994,0
51995,1
51996,0
51997,1
51998,1
51999,2
52000,2
52001,1
52002,1
52003,0
52004,1
52005,0
52006,0
52007,1
52008,1
52009,0
52010,0
52011,1
52012,0
52013,1
52014,1
52015,2
52016,1
52017,0
52018,0
52019,1
52020,0
52021,1
52022,1
52023,2
52024,0
52025,1
52026,1
52027,2
52028,1
52029,2
52030,2
52031,3
52032,2
52033,1
52034,1
52035,0
52036,1
52037,0
52038,0
52039,1
52040,1
52041,0
52042,0
52043,1
52044,0
52045,1
52046,1
52047,2
52048,1
52049,0
52050,0
52051,1
52052,0
52053,1
52054,1
52055,2
52056,0
52057,1
52058,1
52059,2
52060,1
52061,2
52062,2
52063,3
52064,1
52065,0
52066,0
52067,1
52068,0
52069,1
52070,1
52071,2
52072,0
52073,1
52074,1
52075,2
52076,1
52077,2
52078,2
52079,3
52080,0
52081,1
52082,1
52083,2
52084,1
52085,2
52086,2
52087,3
52088,1
52089,2
52090,2
52091,3
52092,2
52093,3
52094,3
52095,4
52096,2
52097,1
52098,1
52099,0
52100,1
52101,0
52102,0
52103,1
52104,1
52105,0
52106,0
52107,1
52108,0
52109,1
52110,1
52111,2
52112,1
52113,0
52114,0
52115,1
52116,0
52117,1
52118,1
52119,2
52120,0
52121,1
52122,1
52123,2
52124,1
52125,2
52126,2
52127,3
52128,1
52129,0
52130,0
52131,1
52132,0
52133,1
52134,1
52135,2
52136,0
52137,1
52138,1
52139,2
52140,1
52141,2
52142,2
52143,3
52144,0
52145,1
52146,1
52147,2
52148,1
52149,2
52150,2
52151,3
52152,1
52153,2
52154,2
52155,3
52156,2
52157,3
52158,3
52159,4
52160,1
52161,0
52162,0
52163,1
52164,0
52165,1
52166,1
52167,2
52168,0
52169,1
52170,1
52171,2
52172,1
52173,2
52174,2
52175,3
52176,0
52177,1
52178,1
52179,2
52180,1
52181,2
52182,2
52183,3
52184,1
52185,2
52186,2
52187,3
52188,2
52189,3
52190,3
52191,4
52192,0
52193,1
52194,1
52195,2
52196,1
52197,2
52198,2
52199,3
52200,1
52201,2
52202,2
52203,3
52204,2
52205,3
52206,3
52207,4
52208,1
52209,2
52210,2
52211,3
52212,2
52213,3
52214,3
52215,4
52216,2
52217,3
52218,3
52219,4
52220,3
52221,4
52222,4
52223,3
52224,4
52225,3
52226,3
52227,2
52228,3
52229,2
52230,2
52231,1
52232,3
52233,2
52234,2
52235,1
52236,2
52237,1
52238,1
52239,0
52240,3
52241,2
52242,2
52243,1
52244,2
52245,1
52246,1
52247,0
52248,2
52249,1
52250,1
52251,0
52252,1
52253,0
52254,0
52255,1
52256,3
52257,2
52258,2
52259,1
52260,2
52261,1
52262,1
52263,0
52264,2
52265,1
52266,1
52267,0
52268,1
52269,0
52270,0
52271,1
52272,2
52273,1
52274,1
52275,0
52276,1
52277,0
52278,0
52279,1
52280,1
52281,0
52282,0
52283,1
52284,0
52285,1
52286,1
52287,2
52288,3
52289,2
52290,2
52291,1
52292,2
52293,1
52294,1
52295,0
52296,2
52297,1
52298,1
52299,0
52300,1
52301,0
52302,0
52303,1
52304,2
52305,1
52306,1
52307,0
52308,1
52309,0
52310,0
52311,1
52312,1
52313,0
52314,0
52315,1
52316,0
52317,1
52318,1
52319,2
52320,2
52321,1
52322,1
52323,0
52324,1
52325,0
52326,0
52327,1
52328,1
52329,0
52330,0
52331,1
52332,0
52333,1
52334,1
52335,2
52336,1
52337,0
52338,0
52339,1
52340,0
52341,1
52342,1
52343,2
52344,0
52345,1
52346,1
52347,2
52348,1
52349,2
52350,2
52351,3
52352,3
52353,2
52354,2
52355,1
52356,2
52357,1
52358,1
52359,0
52360,2
52361,1
52362,1
52363,0
52364,1
52365,0
52366,0
52367,1
52368,2
52369,1
52370,1
52371,0
52372,1
52373,0
52374,0
52375,1
52376,1
52377,0
52378,0
52379,1
52380,0
52381,1
52382,1
52383,2
52384,2
52385,1
52386,1
52387,0
52388,1
52389,0
52390,0
52391,1
52392,1
52393,0
52394,0
52395,1
52396,0
52397,1
52398,1
52399,2
52400,1
52401,0
52402,0
52403,1
52404,0
52405,1
52406,1
52407,2
52408,0
52409,1
52410,1
52411,2
52412,1
52413,2
52414,2
52415,3
52416,2
52417,1
52418,1
52419,0
52420,1
52421,0
52422,0
52423,1
52424,1
52425,0
52426,0
52427,1
52428,0
52429,1
52430,1
52431,2
52432,1
52433,0
52434,0
52435,1
52436,0
52437,1
52438,1
52439,2
52440,0
52441,1
52442,1
52443,2
52444,1
52445,2
52446,2
52447,3
52448,1
52449,0
52450,0
52451,1
52452,0
52453,1
52454,1
52455,2
52456,0
52457,1
52458,1
52459,2
52460,1
52461,2
52462,2
52463,3
52464,0
52465,1
52466,1
52467,2
52468,1
52469,2
52470,2
52471,3
52472,1
52473,2
52474,2
52475,3
52476,2
52477,3
52478,3
52479,4
52480,3
52481,2
52482,2
52483,1
52484,2
52485,1
52486,1
52487,0
52488,2
52489,1
52490,1
52491,0
52492,1
52493,0
52494,0
52495,1
52496,2
52497,1
52498,1
52499,0
52500,1
52501,0
52502,0
52503,1
52504,1
52505,0
52506,0
52507,1
52508,0
52509,1
52510,1
52511,2
52512,2
52513,1
52514,1
52515,0
52516,1
52517,0
52518,0
52519,1
52520,1
52521,0
52522,0
52523,1
52524,0
52525,1
52526,1
52527,2
52528,1
52529,0
52530,0
52531,1
52532,0
52533,1
52534,1
52535,2
52536,0
52537,1
52538,1
52539,2
52540,1
52541,2
52542,2
52543,3
52544,2
52545,1
52546,1
52547,0
52548,1
52549,0
52550,0
52551,1
52552,1
52553,0
52554,0
52555,1
52556,0
52557,1
52558,1
52559,2
52560,1
52561,0
52562,0
52563,1
52564,0
52565,1
52566,1
52567,2
52568,0
52569,1
52570,1
52571,2
52572,1
52573,2
52574,2
52575,3
52576,1
52577,0
52578,0
52579,1
52580,0
52581,1
52582,1
52583,2
52584,0
52585,1
52586,1
52587,2
52588,1
52589,2
52590,2
52591,3
52592,0
52593,1
52594,1
52595,2
52596,1
52597,2
52598,2
52599,3
52600,1
52601,2
52602,2
52603,3
52604,2
52605,3
52606,3
52607,4
52608,2
52609,1
52610,1
52611,0
52612,1
52613,0
52614,0
52615,1
52616,1
52617,0
52618,0
52619,1
52620,0
52621,1
52622,1
52623,2
52624,1
52625,0
52626,0
52627,1
52628,0
52629,1
52630,1
52631,2
52632,0
52633,1
52634,1
52635,2
52636,1
52637,2
52638,2
52639,3
52640,1
52641,0
52642,0
52643,1
52644,0
52645,1
52646,1
52647,2
52648,0
52649,1
52650,1
52651,2
52652,1
52653,2
52654,2
52655,3
52656,0
52657,1
52658,1
52659,2
52660,1
52661,2
52662,2
52663,3
52664,1
52665,2
52666,2
52667,3
52668,2
52669,3
52670,3
52671,4
52672,1
52673,0
52674,0
52675,1
52676,0
52677,1
52678,1
52679,2
52680,0
52681,1
52682,1
52683,2
52684,1
52685,2
52686,2
52687,3
52688,0
52689,1
52690,1
52691,2
52692,1
52693,2
52694,2
52695,3
52696,1
52697,2
52698,2
52699,3
52700,2
52701,3
52702,3
52703,4
52704,0
52705,1
52706,1
52707,2
52708,1
52709,2
52710,2
52711,3
52712,1
52713,2
52714,2
52715,3
52716,2
52717,3
52718,3
52719,4
52720,1
52721,2
52722,2
52723,3
52724,2
52725,3
52726,3
52727,4
52728,2
52729,3
52730,3
52731,4
52732,3
52733,4
52734,4
52735,3
52736,3
52737,2
52738,2
52739,1
52740,2
52741,1
52742,1
52743,0
52744,2
52745,1
52746,1
52747,0
52748,1
52749,0
52750,0
52751,1
52752,2
52753,1
52754,1
52755,0
52756,1
52757,0
52758,0
52759,1
52760,1
52761,0
52762,0
52763,1
52764,0
52765,1
52766,1
52767,2
52768,2
52769,1
52770,1
52771,0
52772,1
52773,0
52774,0
52775,1
52776,1
52777,0
52778,0
52779,1
52780,0
52781,1
52782,1
52783,2
52784,1
52785,0
52786,0
52787,1
52788,0
52789,1
52790,1
52791,2
52792,0
52793,1
52794,1
52795,2
52796,1
52797,2
52798,2
52799,3
52800,2
52801,1
52802,1
52803,0
52804,1
52805,0
52806,0
52807,1
52808,1
52809,0
52810,0
52811,1
52812,0
52813,1
52814,1
52815,2
52816,1
52817,0
52818,0
52819,1
52820,0
52821,1
52822,1
52823,2
52824,0
52825,1
52826,1
52827,2
52828,1
52829,2
52830,2
52831,3
52832,1
52833,0
52834,0
52835,1
52836,0
52837,1
52838,1
52839,2
52840,0
52841,1
52842,1
52843,2
52844,1
52845,2
52846,2
52847,3
52848,0
52849,1
52850,1
52851,2
52852,1
52853,2
52854,2
52855,3
52856,1
52857,2
52858,2
52859,3
52860,2
52861,3
52862,3
52863,4
52864,2
52865,1
52866,1
52867,0
52868,1
52869,0
52870,0
52871,1
52872,1
52873,0
52874,0
52875,1
52876,0
52877,1
52878,1
52879,2
52880,1
52881,0
52882,0
52883,1
52884,0
52885,1
52886,1
52887,2
52888,0
52889,1
52890,1
52891,2
52892,1
52893,2
52894,2
52895,3
52896,1
52897,0
52898,0
52899,1
52900,0
52901,1
52902,1
52903,2
52904,0
52905,1
52906,1
52907,2
52908,1
52909,2
52910,2
52911,3
52912,0
52913,1
52914,1
52915,2
52916,1
52917,2
52918,2
52919,3
52920,1
52921,2
52922,2
52923,3
52924,2
52925,3
52926,3
52927,4
52928,1
52929,0
52930,0
52931,1
52932,0
52933,1
52934,1
52935,2
52936,0
52937,1
52938,1
52939,2
52940,1
52941,2
52942,2
52943,3
52944,0
52945,1
52946,1
52947,2
52948,1
52949,2
52950,2
52951,3
52952,1
52953,2
52954,2
52955,3
52956,2
52957,3
52958,3
52959,4
52960,0
52961,1
52962,1
52963,2
52964,1
52965,2
52966,2
52967,3
52968,1
52969,2
52970,2
52971,3
52972,2
52973,3
52974,3
52975,4
52976,1
52977,2
52978,2
52979,3
52980,2
52981,3
52982,3
52983,4
52984,2
52985,3
52986,3
52987,4
52988,3
52989,4
52990,4
52991,3
52992,2
52993,1
52994,1
52995,0
52996,1
52997,0
52998,0
52999,1
53000,1
53001,0
53002,0
53003,1
53004,0
53005,1
53006,1
53007,2
53008,1
53009,0
53010,0
53011,1
53012,0
53013,1
53014,1
53015,2
53016,0
53017,1
53018,1
53019,2
53020,1
53021,2
53022,2
53023,3
53024,1
53025,0
53026,0
53027,1
53028,0
53029,1
53030,1
53031,2
53032,0
53033,1
53034,1
53035,2
53036,1
53037,2
53038,2
53039,3
53040,0
53041,1
53042,1
53043,2
53044,1
53045,2
53046,2
53047,3
53048,1
53049,2
53050,2
53051,3
53052,2
53053,3
53054,3
53055,4
53056,1
53057,0
53058,0
53059,1
53060,0
53061,1
53062,1
53063,2
53064,0
53065,1
53066,1
53067,2
53068,1
53069,2
53070,2
53071,3
53072,0
53073,1
53074,1
53075,2
53076,1
53077,2
53078,2
53079,3
53080,1
53081,2
53082,2
53083,3
53084,2
53085,3
53086,3
53087,4
53088,0
53089,1
53090,1
53091,2
53092,1
53093,2
53094,2
53095,3
53096,1
53097,2
53098,2
53099,3
53100,2
53101,3
53102,3
53103,4
53104,1
53105,2
53106,2
53107,3
53108,2
53109,3
53110,3
53111,4
53112,2
53113,3
53114,3
53115,4
53116,3
53117,4
53118,4
53119,3
53120,1
53121,0
53122,0
53123,1
53124,0
53125,1
53126,1
53127,2
53128,0
53129,1
53130,1
53131,2
53132,1
53133,2
53134,2
53135,3
53136,0
53137,1
53138,1
53139,2
53140,1
53141,2
53142,2
53143,3
53144,1
53145,2
53146,2
53147,3
53148,2
53149,3
53150,3
53151,4
53152,0
53153,1
53154,1
53155,2
53156,1
53157,2
53158,2
53159,3
53160,1
53161,2
53162,2
53163,3
53164,2
53165,3
53166,3
53167,4
53168,1
53169,2
53170,2
53171,3
53172,2
53173,3
53174,3
53175,4
53176,2
53177,3
53178,3
53179,4
53180,3
53181,4
53182,4
53183,3
53184,0
53185,1
53186,1
53187,2
53188,1
53189,2
53190,2
53191,3
53192,1
53193,2
53194,2
53195,3
53196,2
53197,3
53198,3
53199,4
53200,1
53201,2
53202,2
53203,3
53204,2
53205,3
53206,3
53207,4
53208,2
53209,3
53210,3
53211,4
53212,3
53213,4
53214,4
53215,3
53216,1
53217,2
53218,2
53219,3
53220,2
53221,3
53222,3
53223,4
53224,2
53225,3
53226,3
53227,4
53228,3
53229,4
53230,4
53231,3
53232,2
53233,3
53234,3
53235,4
53236,3
53237,4
53238,4
53239,3
53240,3
53241,4
53242,4
53243,3
53244,4
53245,3
53246,3
53247,2
53248,3
53249,4
53250,4
53251,3
53252,4
53253,3
53254,3
53255,2
53256,4
53257,3
53258,3
53259,2
53260,3
53261,2
53262,2
53263,1
53264,4
53265,3
53266,3
53267,2
53268,3
53269,2
53270,2
53271,1
53272,3
53273,2
53274,2
53275,1
53276,2
53277,1
53278,1
53279,0
53280,4
53281,3
53282,3
53283,2
53284,3
53285,2
53286,2
53287,1
53288,3
53289,2
53290,2
53291,1
53292,2
53293,1
53294,1
53295,0
53296,3
53297,2
53298,2
53299,1
53300,2
53301,1
53302,1
53303,0
53304,2
53305,1
53306,1
53307,0
53308,1
53309,0
53310,0
53311,1
53312,4
53313,3
53314,3
53315,2
53316,3
53317,2
53318,2
53319,1
53320,3
53321,2
53322,2
53323,1
53324,2
53325,1
53326,1
53327,0
53328,3
53329,2
53330,2
53331,1
53332,2
53333,1
53334,1
53335,0
53336,2
53337,1
53338,1
53339,0
53340,1
53341,0
53342,0
53343,1
53344,3
53345,2
53346,2
53347,1
53348,2
53349,1
53350,1
53351,0
53352,2
53353,1
53354,1
53355,0
53356,1
53357,0
53358,0
53359,1
53360,2
53361,1
53362,1
53363,0
53364,1
53365,0
53366,0
53367,1
53368,1
53369,0
53370,0
53371,1
53372,0
53373,1
53374,1
53375,2
53376,4
53377,3
53378,3
53379,2
53380,3
53381,2
53382,2
53383,1
53384,3
53385,2
53386,2
53387,1
53388,2
53389,1
53390,1
53391,0
53392,3
53393,2
53394,2
53395,1
53396,2
53397,1
53398,1
53399,0
53400,2
53401,1
53402,1
53403,0
53404,1
53405,0
53406,0
53407,1
53408,3
53409,2
53410,2
53411,1
53412,2
53413,1
53414,1
53415,0
53416,2
53417,1
53418,1
53419,0
53420,1
53421,0
53422,0
53423,1
53424,2
53425,1
53426,1
53427,0
53428,1
53429,0
53430,0
53431,1
53432,1
53433,0
53434,0
53435,1
53436,0
53437,1
53438,1
53439,2
53440,3
53441,2
53442,2
53443,1
53444,2
53445,1
53446,1
53447,0
53448,2
53449,1
53450,1
53451,0
53452,1
53453,0
53454,0
53455,1
53456,2
53457,1
53458,1
53459,0
53460,1
53461,0
53462,0
53463,1
53464,1
53465,0
53466,0
53467,1
53468,0
53469,1
53470,1
53471,2
53472,2
53473,1
53474,1
53475,0
53476,1
53477,0
53478,0
53479,1
53480,1
53481,0
53482,0
53483,1
53484,0
53485,1
53486,1
53487,2
53488,1
53489,0
53490,0
53491,1
53492,0
53493,1
53494,1
53495,2
53496,0
53497,1
53498,1
53499,2
53500,1
53501,2
53502,2
53503,3
53504,4
53505,3
53506,3
53507,2
53508,3
53509,2
53510,2
53511,1
53512,3
53513,2
53514,2
53515,1
53516,2
53517,1
53518,1
53519,0
53520,3
53521,2
53522,2
53523,1
53524,2
53525,1
53526,1
53527,0
53528,2
53529,1
53530,1
53531,0
53532,1
53533,0
53534,0
53535,1
53536,3
53537,2
53538,2
53539,1
53540,2
53541,1
53542,1
53543,0
53544,2
53545,1
53546,1
53547,0
53548,1
53549,0
53550,0
53551,1
53552,2
53553,1
53554,1
53555,0
53556,1
53557,0
53558,0
53559,1
53560,1
53561,0
53562,0
53563,1
53564,0
53565,1
53566,1
53567,2
53568,3
53569,2
53570,2
53571,1
53572,2
53573,1
53574,1
53575,0
53576,2
53577,1
53578,1
53579,0
53580,1
53581,0
53582,0
53583,1
53584,2
53585,1
53586,1
53587,0
53588,1
53589,0
53590,0
53591,1
53592,1
53593,0
53594,0
53595,1
53596,0
53597,1
53598,1
53599,2
53600,2
53601,1
53602,1
53603,0
53604,1
53605,0
53606,0
53607,1
53608,1
53609,0
53610,0
53611,1
53612,0
53613,1
53614,1
53615,2
53616,1
53617,0
53618,0
53619,1
53620,0
53621,1
53622,1
53623,2
53624,0
53625,1
53626,1
53627,2
53628,1
53629,2
53630,2
53631,3
53632,3
53633,2
53634,2
53635,1
53636,2
53637,1
53638,1
53639,0
53640,2
53641,1
53642,1
53643,0
53644,1
53645,0
53646,0
53647,1
53648,2
53649,1
53650,1
53651,0
53652,1
53653,0
53654,0
53655,1
53656,1
53657,0
53658,0
53659,1
53660,0
53661,1
53662,1
53663,2
53664,2
53665,1
53666,1
53667,0
53668,1
53669,0
53670,0
53671,1
53672,1
53673,0
53674,0
53675,1
53676,0
53677,1
53678,1
53679,2
53680,1
53681,0
53682,0
53683,1
53684,0
53685,1
53686,1
53687,2
53688,0
53689,1
53690,1
53691,2
53692,1
53693,2
53694,2
53695,3
53696,2
53697,1
53698,1
53699,0
53700,1
53701,0
53702,0
53703,1
53704,1
53705,0
53706,0
53707,1
53708,0
53709,1
53710,1
53711,2
53712,1
53713,0
53714,0
53715,1
53716,0
53717,1
53718,1
53719,2
53720,0
53721,1
53722,1
53723,2
53724,1
53725,2
53726,2
53727,3
53728,1
53729,0
53730,0
53731,1
53732,0
53733,1
53734,1
53735,2
53736,0
53737,1
53738,1
53739,2
53740,1
53741,2
53742,2
53743,3
53744,0
53745,1
53746,1
53747,2
53748,1
53749,2
53750,2
53751,3
53752,1
53753,2
53754,2
53755,3
53756,2
53757,3
53758,3
53759,4
53760,4
53761,3
53762,3
53763,2
53764,3
53765,2
53766,2
53767,1
53768,3
53769,2
53770,2
53771,1
53772,2
53773,1
53774,1
53775,0
53776,3
53777,2
53778,2
53779,1
53780,2
53781,1
53782,1
53783,0
53784,2
53785,1
53786,1
53787,0
53788,1
53789,0
53790,0
53791,1
53792,3
53793,2
53794,2
53795,1
53796,2
53797,1
53798,1
53799,0
53800,2
53801,1
53802,1
53803,0
53804,1
53805,0
53806,0
53807,1
53808,2
53809,1
53810,1
53811,0
53812,1
53813,0
53814,0
53815,1
53816,1
53817,0
53818,0
53819,1
53820,0
53821,1
53822,1
53823,2
53824,3
53825,2
53826,2
53827,1
53828,2
53829,1
53830,1
53831,0
53832,2
53833,1
53834,1
53835,0
53836,1
53837,0
53838,0
53839,1
53840,2
53841,1
53842,1
53843,0
53844,1
53845,0
53846,0
53847,1
53848,1
53849,0
53850,0
53851,1
53852,0
53853,1
53854,1
53855,2
53856,2
53857,1
53858,1
53859,0
53860,1
53861,0
53862,0
53863,1
53864,1
53865,0
53866,0
53867,1
53868,0
53869,1
53870,1
53871,2
53872,1
53873,0
53874,0
53875,1
53876,0
53877,1
53878,1
53879,2
53880,0
53881,1
53882,1
53883,2
53884,1
53885,2
53886,2
53887,3
53888,3
53889,2
53890,2
53891,1
53892,2
53893,1
53894,1
53895,0
53896,2
53897,1
53898,1
53899,0
53900,1
53901,0
53902,0
53903,1
53904,2
53905,1
53906,1
53907,0
53908,1
53909,0
53910,0
53911,1
53912,1
53913,0
53914,0
53915,1
53916,0
53917,1
53918,1
53919,2
53920,2
53921,1
53922,1
53923,0
53924,1
53925,0
53926,0
53927,1
53928,1
53929,0
53930,0
53931,1
53932,0
53933,1
53934,1
53935,2
53936,1
53937,0
53938,0
53939,1
53940,0
53941,1
53942,1
53943,2
53944,0
53945,1
53946,1
53947,2
53948,1
53949,2
53950,2
53951,3
53952,2
53953,1
53954,1
53955,0
53956,1
53957,0
53958,0
53959,1
53960,1
53961,0
53962,0
53963,1
53964,0
53965,1
53966,1
53967,2
53968,1
53969,0
53970,0
53971,1
53972,0
53973,1
53974,1
53975,2
53976,0
53977,1
53978,1
53979,2
53980,1
53981,2
53982,2
53983,3
53984,1
53985,0
53986,0
53987,1
53988,0
53989,1
53990,1
53991,2
53992,0
53993,1
53994,1
53995,2
53996,1
53997,2
53998,2
53999,3
54000,0
54001,1
54002,1
54003,2
54004,1
54005,2
54006,2
54007,3
54008,1
54009,2
54010,2
54011,3
54012,2
54013,3
54014,3
54015,4
54016,3
54017,2
54018,2
54019,1
54020,2
54021,1
54022,1
54023,0
54024,2
54025,1
54026,1
54027,0
54028,1
54029,0
54030,0
54031,1
54032,2
54033,1
54034,1
54035,0
54036,1
54037,0
54038,0
54039,1
54040,1
54041,0
54042,0
54043,1
54044,0
54045,1
54046,1
54047,2
54048,2
54049,1
54050,1
54051,0
54052,1
54053,0
54054,0
54055,1
54056,1
54057,0
54058,0
54059,1
54060,0
54061,1
54062,1
54063,2
54064,1
54065,0
54066,0
54067,1
54068,0
54069,1
54070,1
54071,2
54072,0
54073,1
54074,1
54075,2
54076,1
54077,2
54078,2
54079,3
54080,2
54081,1
54082,1
54083,0
54084,1
54085,0
54086,0
54087,1
54088,1
54089,0
54090,0
54091,1
54092,0
54093,1
54094,1
54095,2
54096,1
54097,0
54098,0
54099,1
54100,0
54101,1
54102,1
54103,2
54104,0
54105,1
54106,1
54107,2
54108,1
54109,2
54110,2
54111,3
54112,1
54113,0
54114,0
54115,1
54116,0
54117,1
54118,1
54119,2
54120,0
54121,1
54122,1
54123,2
54124,1
54125,2
54126,2
54127,3
54128,0
54129,1
54130,1
54131,2
54132,1
54133,2
54134,2
54135,3
54136,1
54137,2
54138,2
54139,3
54140,2
54141,3
54142,3
54143,4
54144,2
54145,1
54146,1
54147,0
54148,1
54149,0
54150,0
54151,1
54152,1
54153,0
54154,0
54155,1
54156,0
54157,1
54158,1
54159,2
54160,1
54161,0
54162,0
54163,1
54164,0
54165,1
54166,1
54167,2
54168,0
54169,1
54170,1
54171,2
54172,1
54173,2
54174,2
54175,3
54176,1
54177,0
54178,0
54179,1
54180,0
54181,1
54182,1
54183,2
54184,0
54185,1
54186,1
54187,2
54188,1
54189,2
54190,2
54191,3
54192,0
54193,1
54194,1
54195,2
54196,1
54197,2
54198,2
54199,3
54200,1
54201,2
54202,2
54203,3
54204,2
54205,3
54206,3
54207,4
54208,1
54209,0
54210,0
54211,1
54212,0
54213,1
54214,1
54215,2
54216,0
54217,1
54218,1
54219,2
54220,1
54221,2
54222,2
54223,3
54224,0
54225,1
54226,1
54227,2
54228,1
54229,2
54230,2
54231,3
54232,1
54233,2
54234,2
54235,3
54236,2
54237,3
54238,3
54239,4
54240,0
54241,1
54242,1
54243,2
54244,1
54245,2
54246,2
54247,3
54248,1
54249,2
54250,2
54251,3
54252,2
54253,3
54254,3
54255,4
54256,1
54257,2
54258,2
54259,3
54260,2
54261,3
54262,3
54263,4
54264,2
54265,3
54266,3
54267,4
54268,3
54269,4
54270,4
54271,3
54272,4
54273,3
54274,3
54275,2
54276,3
54277,2
54278,2
54279,1
54280,3
54281,2
54282,2
54283,1
54284,2
54285,1
54286,1
54287,0
54288,3
54289,2
54290,2
54291,1
54292,2
54293,1
54294,1
54295,0
54296,2
54297,1
54298,1
54299,0
54300,1
54301,0
54302,0
54303,1
54304,3
54305,2
54306,2
54307,1
54308,2
54309,1
54310,1
54311,0
54312,2
54313,1
54314,1
54315,0
54316,1
54317,0
54318,0
54319,1
54320,2
54321,1
54322,1
54323,0
54324,1
54325,0
54326,0
54327,1
54328,1
54329,0
54330,0
54331,1
54332,0
54333,1
54334,1
54335,2
54336,3
54337,2
54338,2
54339,1
54340,2
54341,1
54342,1
54343,0
54344,2
54345,1
54346,1
54347,0
54348,1
54349,0
54350,0
54351,1
54352,2
54353,1
54354,1
54355,0
54356,1
54357,0
54358,0
54359,1
54360,1
54361,0
54362,0
54363,1
54364,0
54365,1
54366,1
54367,2
54368,2
54369,1
54370,1
54371,0
54372,1
54373,0
54374,0
54375,1
54376,1
54377,0
54378,0
54379,1
54380,0
54381,1
54382,1
54383,2
54384,1
54385,0
54386,0
54387,1
54388,0
54389,1
54390,1
54391,2
54392,0
54393,1
54394,1
54395,2
54396,1
54397,2
54398,2
54399,3
54400,3
54401,2
54402,2
54403,1
54404,2
54405,1
54406,1
54407,0
54408,2
54409,1
54410,1
54411,0
54412,1
54413,0
54414,0
54415,1
54416,2
54417,1
54418,1
54419,0
54420,1
54421,0
54422,0
54423,1
54424,1
54425,0
54426,0
54427,1
54428,0
54429,1
54430,1
54431,2
54432,2
54433,1
54434,1
54435,0
54436,1
54437,0
54438,0
54439,1
54440,1
54441,0
54442,0
54443,1
54444,0
54445,1
54446,1
54447,2
54448,1
54449,0
54450,0
54451,1
54452,0
54453,1
54454,1
54455,2
54456,0
54457,1
54458,1
54459,2
54460,1
54461,2
54462,2
54463,3
54464,2
54465,1
54466,1
54467,0
54468,1
54469,0
54470,0
54471,1
54472,1
54473,0
54474,0
54475,1
54476,0
54477,1
54478,1
54479,2
54480,1
54481,0
54482,0
54483,1
54484,0
54485,1
54486,1
54487,2
54488,0
54489,1
54490,1
54491,2
54492,1
54493,2
54494,2
54495,3
54496,1
54497,0
54498,0
54499,1
54500,0
54501,1
54502,1
54503,2
54504,0
54505,1
54506,1
54507,2
54508,1
54509,2
54510,2
54511,3
54512,0
54513,1
54514,1
54515,2
54516,1
54517,2
54518,2
54519,3
54520,1
54521,2
54522,2
54523,3
54524,2
54525,3
54526,3
54527,4
54528,3
54529,2
54530,2
54531,1
54532,2
54533,1
54534,1
54535,0
54536,2
54537,1
54538,1
54539,0
54540,1
54541,0
54542,0
54543,1
54544,2
54545,1
54546,1
54547,0
54548,1
54549,0
54550,0
54551,1
54552,1
54553,0
54554,0
54555,1
54556,0
54557,1
54558,1
54559,2
54560,2
54561,1
54562,1
54563,0
54564,1
54565,0
54566,0
54567,1
54568,1
54569,0
54570,0
54571,1
54572,0
54573,1
54574,1
54575,2
54576,1
54577,0
54578,0
54579,1
54580,0
54581,1
54582,1
54583,2
54584,0
54585,1
54586,1
54587,2
54588,1
54589,2
54590,2
54591,3
54592,2
54593,1
54594,1
54595,0
54596,1
54597,0
54598,0
54599,1
54600,1
54601,0
54602,0
54603,1
54604,0
54605,1
54606,1
54607,2
54608,1
54609,0
54610,0
54611,1
54612,0
54613,1
54614,1
54615,2
54616,0
54617,1
54618,1
54619,2
54620,1
54621,2
54622,2
54623,3
54624,1
54625,0
54626,0
54627,1
54628,0
54629,1
54630,1
54631,2
54632,0
54633,1
54634,1
54635,2
54636,1
54637,2
54638,2
54639,3
54640,0
54641,1
54642,1
54643,2
54644,1
54645,2
54646,2
54647,3
54648,1
54649,2
54650,2
54651,3
54652,2
54653,3
54654,3
54655,4
54656,2
54657,1
54658,1
54659,0
54660,1
54661,0
54662,0
54663,1
54664,1
54665,0
54666,0
54667,1
54668,0
54669,1
54670,1
54671,2
54672,1
54673,0
54674,0
54675,1
54676,0
54677,1
54678,1
54679,2
54680,0
54681,1
54682,1
54683,2
54684,1
54685,2
54686,2
54687,3
54688,1
54689,0
54690,0
54691,1
54692,0
54693,1
54694,1
54695,2
54696,0
54697,1
54698,1
54699,2
54700,1
54701,2
54702,2
54703,3
54704,0
54705,1
54706,1
54707,2
54708,1
54709,2
54710,2
54711,3
54712,1
54713,2
54714,2
54715,3
54716,2
54717,3
54718,3
54719,4
54720,1
54721,0
54722,0
54723,1
54724,0
54725,1
54726,1
54727,2
54728,0
54729,1
54730,1
54731,2
54732,1
54733,2
54734,2
54735,3
54736,0
54737,1
54738,1
54739,2
54740,1
54741,2
54742,2
54743,3
54744,1
54745,2
54746,2
54747,3
54748,2
54749,3
54750,3
54751,4
54752,0
54753,1
54754,1
54755,2
54756,1
54757,2
54758,2
54759,3
54760,1
54761,2
54762,2
54763,3
54764,2
54765,3
54766,3
54767,4
54768,1
54769,2
54770,2
54771,3
54772,2
54773,3
54774,3
54775,4
54776,2
54777,3
54778,3
54779,4
54780,3
54781,4
54782,4
54783,3
54784,3
54785,2
54786,2
54787,1
54788,2
54789,1
54790,1
54791,0
54792,2
54793,1
54794,1
54795,0
54796,1
54797,0
54798,0
54799,1
54800,2
54801,1
54802,1
54803,0
54804,1
54805,0
54806,0
54807,1
54808,1
54809,0
54810,0
54811,1
54812,0
54813,1
54814,1
54815,2
54816,2
54817,1
54818,1
54819,0
54820,1
54821,0
54822,0
54823,1
54824,1
54825,0
54826,0
54827,1
54828,0
54829,1
54830,1
54831,2
54832,1
54833,0
54834,0
54835,1
54836,0
54837,1
54838,1
54839,2
54840,0
54841,1
54842,1
54843,2
54844,1
54845,2
54846,2
54847,3
54848,2
54849,1
54850,1
54851,0
54852,1
54853,0
54854,0
54855,1
54856,1
54857,0
54858,0
54859,1
54860,0
54861,1
54862,1
54863,2
54864,1
54865,0
54866,0
54867,1
54868,0
54869,1
54870,1
54871,2
54872,0
54873,1
54874,1
54875,2
54876,1
54877,2
54878,2
54879,3
54880,1
54881,0
54882,0
54883,1
54884,0
54885,1
54886,1
54887,2
54888,0
54889,1
54890,1
54891,2
54892,1
54893,2
54894,2
54895,3
54896,0
54897,1
54898,1
54899,2
54900,1
54901,2
54902,2
54903,3
54904,1
54905,2
54906,2
54907,3
54908,2
54909,3
54910,3
54911,4
54912,2
54913,1
54914,1
54915,0
54916,1
54917,0
54918,0
54919,1
54920,1
54921,0
54922,0
54923,1
54924,0
54925,1
54926,1
54927,2
54928,1
54929,0
54930,0
54931,1
54932,0
54933,1
54934,1
54935,2
54936,0
54937,1
54938,1
54939,2
54940,1
54941,2
54942,2
54943,3
54944,1
54945,0
54946,0
54947,1
54948,0
54949,1
54950,1
54951,2
54952,0
54953,1
54954,1
54955,2
54956,1
54957,2
54958,2
54959,3
54960,0
54961,1
54962,1
54963,2
54964,1
54965,2
54966,2
54967,3
54968,1
54969,2
54970,2
54971,3
54972,2
54973,3
54974,3
54975,4
54976,1
54977,0
54978,0
54979,1
54980,0
54981,1
54982,1
54983,2
54984,0
54985,1
54986,1
54987,2
54988,1
54989,2
54990,2
54991,3
54992,0
54993,1
54994,1
54995,2
54996,1
54997,2
54998,2
54999,3
55000,1
55001,2
55002,2
55003,3
55004,2
55005,3
55006,3
55007,4
55008,0
55009,1
55010,1
55011,2
55012,1
55013,2
55014,2
55015,3
55016,1
55017,2
55018,2
55019,3
55020,2
55021,3
55022,3
55023,4
55024,1
55025,2
55026,2
55027,3
55028,2
55029,3
55030,3
55031,4
55032,2
55033,3
55034,3
55035,4
55036,3
55037,4
55038,4
55039,3
55040,2
55041,1
55042,1
55043,0
55044,1
55045,0
55046,0
55047,1
55048,1
55049,0
55050,0
55051,1
55052,0
55053,1
55054,1
55055,2
55056,1
55057,0
55058,0
55059,1
55060,0
55061,1
55062,1
55063,2
55064,0
55065,1
55066,1
55067,2
55068,1
55069,2
55070,2
55071,3
55072,1
55073,0
55074,0
55075,1
55076,0
55077,1
55078,1
55079,2
55080,0
55081,1
55082,1
55083,2
55084,1
55085,2
55086,2
55087,3
55088,0
55089,1
55090,1
55091,2
55092,1
55093,2
55094,2
55095,3
55096,1
55097,2
55098,2
55099,3
55100,2
55101,3
55102,3
55103,4
55104,1
55105,0
55106,0
55107,1
55108,0
55109,1
55110,1
55111,2
55112,0
55113,1
55114,1
55115,2
55116,1
55117,2
55118,2
55119,3
55120,0
55121,1
55122,1
55123,2
55124,1
55125,2
55126,2
55127,3
55128,1
55129,2
55130,2
55131,3
55132,2
55133,3
55134,3
55135,4
55136,0
55137,1
55138,1
55139,2
55140,1
55141,2
55142,2
55143,3
55144,1
55145,2
55146,2
55147,3
55148,2
55149,3
55150,3
55151,4
55152,1
55153,2
55154,2
55155,3
55156,2
55157,3
55158,3
55159,4
55160,2
55161,3
55162,3
55163,4
55164,3
55165,4
55166,4
55167,3
55168,1
55169,0
55170,0
55171,1
55172,0
55173,1
55174,1
55175,2
55176,0
55177,1
55178,1
55179,2
55180,1
55181,2
55182,2
55183,3
55184,0
55185,1
55186,1
55187,2
55188,1
55189,2
55190,2
55191,3
55192,1
55193,2
55194,2
55195,3
55196,2
55197,3
55198,3
55199,4
55200,0
55201,1
55202,1
55203,2
55204,1
55205,2
55206,2
55207,3
55208,1
55209,2
55210,2
55211,3
55212,2
55213,3
55214,3
55215,4
55216,1
55217,2
55218,2
55219,3
55220,2
55221,3
55222,3
55223,4
55224,2
55225,3
55226,3
55227,4
55228,3
55229,4
55230,4
55231,3
55232,0
55233,1
55234,1
55235,2
55236,1
55237,2
55238,2
55239,3
55240,1
55241,2
55242,2
55243,3
55244,2
55245,3
55246,3
55247,4
55248,1
55249,2
55250,2
55251,3
55252,2
55253,3
55254,3
55255,4
55256,2
55257,3
55258,3
55259,4
55260,3
55261,4
55262,4
55263,3
55264,1
55265,2
55266,2
55267,3
55268,2
55269,3
55270,3
55271,4
55272,2
55273,3
55274,3
55275,4
55276,3
55277,4
55278,4
55279,3
55280,2
55281,3
55282,3
55283,4
55284,3
55285,4
55286,4
55287,3
55288,3
55289,4
55290,4
55291,3
55292,4
55293,3
55294,3
55295,2
55296,4
55297,3
55298,3
55299,2
55300,3
55301,2
55302,2
55303,1
55304,3
55305,2
55306,2
55307,1
55308,2
55309,1
55310,1
55311,0
55312,3
55313,2
55314,2
55315,1
55316,2
55317,1
55318,1
55319,0
55320,2
55321,1
55322,1
55323,0
55324,1
55325,0
55326,0
55327,1
55328,3
55329,2
55330,2
55331,1
55332,2
55333,1
55334,1
55335,0
55336,2
55337,1
55338,1
55339,0
55340,1
55341,0
55342,0
55343,1
55344,2
55345,1
55346,1
55347,0
55348,1
55349,0
55350,0
55351,1
55352,1
55353,0
55354,0
55355,1
55356,0
55357,1
55358,1
55359,2
55360,3
55361,2
55362,2
55363,1
55364,2
55365,1
55366,1
55367,0
55368,2
55369,1
55370,1
55371,0
55372,1
55373,0
55374,0
55375,1
55376,2
55377,1
55378,1
55379,0
55380,1
55381,0
55382,0
55383,1
55384,1
55385,0
55386,0
55387,1
55388,0
55389,1
55390,1
55391,2
55392,2
55393,1
55394,1
55395,0
55396,1
55397,0
55398,0
55399,1
55400,1
55401,0
55402,0
55403,1
55404,0
55405,1
55406,1
55407,2
55408,1
55409,0
55410,0
55411,1
55412,0
55413,1
55414,1
55415,2
55416,0
55417,1
55418,1
55419,2
55420,1
55421,2
55422,2
55423,3
55424,3
55425,2
55426,2
55427,1
55428,2
55429,1
55430,1
55431,0
55432,2
55433,1
55434,1
55435,0
55436,1
55437,0
55438,0
55439,1
55440,2
55441,1
55442,1
55443,0
55444,1
55445,0
55446,0
55447,1
55448,1
55449,0
55450,0
55451,1
55452,0
55453,1
55454,1
55455,2
55456,2
55457,1
55458,1
55459,0
55460,1
55461,0
55462,0
55463,1
55464,1
55465,0
55466,0
55467,1
55468,0
55469,1
55470,1
55471,2
55472,1
55473,0
55474,0
55475,1
55476,0
55477,1
55478,1
55479,2
55480,0
55481,1
55482,1
55483,2
55484,1
55485,2
55486,2
55487,3
55488,2
55489,1
55490,1
55491,0
55492,1
55493,0
55494,0
55495,1
55496,1
55497,0
55498,0
55499,1
55500,0
55501,1
55502,1
55503,2
55504,1
55505,0
55506,0
55507,1
55508,0
55509,1
55510,1
55511,2
55512,0
55513,1
55514,1
55515,2
55516,1
55517,2
55518,2
55519,3
55520,1
55521,0
55522,0
55523,1
55524,0
55525,1
55526,1
55527,2
55528,0
55529,1
55530,1
55531,2
55532,1
55533,2
55534,2
55535,3
55536,0
55537,1
55538,1
55539,2
55540,1
55541,2
55542,2
55543,3
55544,1
55545,2
55546,2
55547,3
55548,2
55549,3
55550,3
55551,4
55552,3
55553,2
55554,2
55555,1
55556,2
55557,1
55558,1
55559,0
55560,2
55561,1
55562,1
55563,0
55564,1
55565,0
55566,0
55567,1
55568,2
55569,1
55570,1
55571,0
55572,1
55573,0
55574,0
55575,1
55576,1
55577,0
55578,0
55579,1
55580,0
55581,1
55582,1
55583,2
55584,2
55585,1
55586,1
55587,0
55588,1
55589,0
55590,0
55591,1
55592,1
55593,0
55594,0
55595,1
55596,0
55597,1
55598,1
55599,2
55600,1
55601,0
55602,0
55603,1
55604,0
55605,1
55606,1
55607,2
55608,0
55609,1
55610,1
55611,2
55612,1
55613,2
55614,2
55615,3
55616,2
55617,1
55618,1
55619,0
55620,1
55621,0
55622,0
55623,1
55624,1
55625,0
55626,0
55627,1
55628,0
55629,1
55630,1
55631,2
55632,1
55633,0
55634,0
55635,1
55636,0
55637,1
55638,1
55639,2
55640,0
55641,1
55642,1
55643,2
55644,1
55645,2
55646,2
55647,3
55648,1
55649,0
55650,0
55651,1
55652,0
55653,1
55654,1
55655,2
55656,0
55657,1
55658,1
55659,2
55660,1
55661,2
55662,2
55663,3
55664,0
55665,1
55666,1
55667,2
55668,1
55669,2
55670,2
55671,3
55672,1
55673,2
55674,2
55675,3
55676,2
55677,3
55678,3
55679,4
55680,2
55681,1
55682,1
55683,0
55684,1
55685,0
55686,0
55687,1
55688,1
55689,0
55690,0
55691,1
55692,0
55693,1
55694,1
55695,2
55696,1
55697,0
55698,0
55699,1
55700,0
55701,1
55702,1
55703,2
55704,0
55705,1
55706,1
55707,2
55708,1
55709,2
55710,2
55711,3
55712,1
55713,0
55714,0
55715,1
55716,0
55717,1
55718,1
55719,2
55720,0
55721,1
55722,1
55723,2
55724,1
55725,2
55726,2
55727,3
55728,0
55729,1
55730,1
55731,2
55732,1
55733,2
55734,2
55735,3
55736,1
55737,2
55738,2
55739,3
55740,2
55741,3
55742,3
55743,4
55744,1
55745,0
55746,0
55747,1
55748,0
55749,1
55750,1
55751,2
55752,0
55753,1
55754,1
55755,2
55756,1
55757,2
55758,2
55759,3
55760,0
55761,1
55762,1
55763,2
55764,1
55765,2
55766,2
55767,3
55768,1
55769,2
55770,2
55771,3
55772,2
55773,3
55774,3
55775,4
55776,0
55777,1
55778,1
55779,2
55780,1
55781,2
55782,2
55783,3
55784,1
55785,2
55786,2
55787,3
55788,2
55789,3
55790,3
55791,4
55792,1
55793,2
55794,2
55795,3
55796,2
55797,3
55798,3
55799,4
55800,2
55801,3
55802,3
55803,4
55804,3
55805,4
55806,4
55807,3
55808,3
55809,2
55810,2
55811,1
55812,2
55813,1
55814,1
55815,0
55816,2
55817,1
55818,1
55819,0
55820,1
55821,0
55822,0
55823,1
55824,2
55825,1
55826,1
55827,0
55828,1
55829,0
55830,0
55831,1
55832,1
55833,0
55834,0
55835,1
55836,0
55837,1
55838,1
55839,2
55840,2
55841,1
55842,1
55843,0
55844,1
55845,0
55846,0
55847,1
55848,1
55849,0
55850,0
55851,1
55852,0
55853,1
55854,1
55855,2
55856,1
55857,0
55858,0
55859,1
55860,0
55861,1
55862,1
55863,2
55864,0
55865,1
55866,1
55867,2
55868,1
55869,2
55870,2
55871,3
55872,2
55873,1
55874,1
55875,0
55876,1
55877,0
55878,0
55879,1
55880,1
55881,0
55882,0
55883,1
55884,0
55885,1
55886,1
55887,2
55888,1
55889,0
55890,0
55891,1
55892,0
55893,1
55894,1
55895,2
55896,0
55897,1
55898,1
55899,2
55900,1
55901,2
55902,2
55903,3
55904,1
55905,0
55906,0
55907,1
55908,0
55909,1
55910,1
55911,2
55912,0
55913,1
55914,1
55915,2
55916,1
55917,2
55918,2
55919,3
55920,0
55921,1
55922,1
55923,2
55924,1
55925,2
55926,2
55927,3
55928,1
55929,2
55930,2
55931,3
55932,2
55933,3
55934,3
55935,4
55936,2
55937,1
55938,1
55939,0
55940,1
55941,0
55942,0
55943,1
55944,1
55945,0
55946,0
55947,1
55948,0
55949,1
55950,1
55951,2
55952,1
55953,0
55954,0
55955,1
55956,0
55957,1
55958,1
55959,2
55960,0
55961,1
55962,1
55963,2
55964,1
55965,2
55966,2
55967,3
55968,1
55969,0
55970,0
55971,1
55972,0
55973,1
55974,1
55975,2
55976,0
55977,1
55978,1
55979,2
55980,1
55981,2
55982,2
55983,3
55984,0
55985,1
55986,1
55987,2
55988,1
55989,2
55990,2
55991,3
55992,1
55993,2
55994,2
55995,3
55996,2
55997,3
55998,3
55999,4
56000,1
56001,0
56002,0
56003,1
56004,0
56005,1
56006,1
56007,2
56008,0
56009,1
56010,1
56011,2
56012,1
56013,2
56014,2
56015,3
56016,0
56017,1
56018,1
56019,2
56020,1
56021,2
56022,2
56023,3
56024,1
56025,2
56026,2
56027,3
56028,2
56029,3
56030,3
56031,4
56032,0
56033,1
56034,1
56035,2
56036,1
56037,2
56038,2
56039,3
56040,1
56041,2
56042,2
56043,3
56044,2
56045,3
56046,3
56047,4
56048,1
56049,2
56050,2
56051,3
56052,2
56053,3
56054,3
56055,4
56056,2
56057,3
56058,3
56059,4
56060,3
56061,4
56062,4
56063,3
56064,2
56065,1
56066,1
56067,0
56068,1
56069,0
56070,0
56071,1
56072,1
56073,0
56074,0
56075,1
56076,0
56077,1
56078,1
56079,2
56080,1
56081,0
56082,0
56083,1
56084,0
56085,1
56086,1
56087,2
56088,0
56089,1
56090,1
56091,2
56092,1
56093,2
56094,2
56095,3
56096,1
56097,0
56098,0
56099,1
56100,0
56101,1
56102,1
56103,2
56104,0
56105,1
56106,1
56107,2
56108,1
56109,2
56110,2
56111,3
56112,0
56113,1
56114,1
56115,2
56116,1
56117,2
56118,2
56119,3
56120,1
56121,2
56122,2
56123,3
56124,2
56125,3
56126,3
56127,4
56128,1
56129,0
56130,0
56131,1
56132,0
56133,1
56134,1
56135,2
56136,0
56137,1
56138,1
56139,2
56140,1
56141,2
56142,2
56143,3
56144,0
56145,1
56146,1
56147,2
56148,1
56149,2
56150,2
56151,3
56152,1
56153,2
56154,2
56155,3
56156,2
56157,3
56158,3
56159,4
56160,0
56161,1
56162,1
56163,2
56164,1
56165,2
56166,2
56167,3
56168,1
56169,2
56170,2
56171,3
56172,2
56173,3
56174,3
56175,4
56176,1
56177,2
56178,2
56179,3
56180,2
56181,3
56182,3
56183,4
56184,2
56185,3
56186,3
56187,4
56188,3
56189,4
56190,4
56191,3
56192,1
56193,0
56194,0
56195,1
56196,0
56197,1
56198,1
56199,2
56200,0
56201,1
56202,1
56203,2
56204,1
56205,2
56206,2
56207,3
56208,0
56209,1
56210,1
56211,2
56212,1
56213,2
56214,2
56215,3
56216,1
56217,2
56218,2
56219,3
56220,2
56221,3
56222,3
56223,4
56224,0
56225,1
56226,1
56227,2
56228,1
56229,2
56230,2
56231,3
56232,1
56233,2
56234,2
56235,3
56236,2
56237,3
56238,3
56239,4
56240,1
56241,2
56242,2
56243,3
56244,2
56245,3
56246,3
56247,4
56248,2
56249,3
56250,3
56251,4
56252,3
56253,4
56254,4
56255,3
56256,0
56257,1
56258,1
56259,2
56260,1
56261,2
56262,2
56263,3
56264,1
56265,2
56266,2
56267,3
56268,2
56269,3
56270,3
56271,4
56272,1
56273,2
56274,2
56275,3
56276,2
56277,3
56278,3
56279,4
56280,2
56281,3
56282,3
56283,4
56284,3
56285,4
56286,4
56287,3
56288,1
56289,2
56290,2
56291,3
56292,2
56293,3
56294,3
56295,4
56296,2
56297,3
56298,3
56299,4
56300,3
56301,4
56302,4
56303,3
56304,2
56305,3
56306,3
56307,4
56308,3
56309,4
56310,4
56311,3
56312,3
56313,4
56314,4
56315,3
56316,4
56317,3
56318,3
56319,2
56320,3
56321,2
56322,2
56323,1
56324,2
56325,1
56326,1
56327,0
56328,2
56329,1
56330,1
56331,0
56332,1
56333,0
56334,0
56335,1
56336,2
56337,1
56338,1
56339,0
56340,1
56341,0
56342,0
56343,1
56344,1
56345,0
56346,0
56347,1
56348,0
56349,1
56350,1
56351,2
56352,2
56353,1
56354,1
56355,0
56356,1
56357,0
56358,0
56359,1
56360,1
56361,0
56362,0
56363,1
56364,0
56365,1
56366,1
56367,2
56368,1
56369,0
56370,0
56371,1
56372,0
56373,1
56374,1
56375,2
56376,0
56377,1
56378,1
56379,2
56380,1
56381,2
56382,2
56383,3
56384,2
56385,1
56386,1
56387,0
56388,1
56389,0
56390,0
56391,1
56392,1
56393,0
56394,0
56395,1
56396,0
56397,1
56398,1
56399,2
56400,1
56401,0
56402,0
56403,1
56404,0
56405,1
56406,1
56407,2
56408,0
56409,1
56410,1
56411,2
56412,1
56413,2
56414,2
56415,3
56416,1
56417,0
56418,0
56419,1
56420,0
56421,1
56422,1
56423,2
56424,0
56425,1
56426,1
56427,2
56428,1
56429,2
56430,2
56431,3
56432,0
56433,1
56434,1
56435,2
56436,1
56437,2
56438,2
56439,3
56440,1
56441,2
56442,2
56443,3
56444,2
56445,3
56446,3
56447,4
56448,2
56449,1
56450,1
56451,0
56452,1
56453,0
56454,0
56455,1
56456,1
56457,0
56458,0
56459,1
56460,0
56461,1
56462,1
56463,2
56464,1
56465,0
56466,0
56467,1
56468,0
56469,1
56470,1
56471,2
56472,0
56473,1
56474,1
56475,2
56476,1
56477,2
56478,2
56479,3
56480,1
56481,0
56482,0
56483,1
56484,0
56485,1
56486,1
56487,2
56488,0
56489,1
56490,1
56491,2
56492,1
56493,2
56494,2
56495,3
56496,0
56497,1
56498,1
56499,2
56500,1
56501,2
56502,2
56503,3
56504,1
56505,2
56506,2
56507,3
56508,2
56509,3
56510,3
56511,4
56512,1
56513,0
56514,0
56515,1
56516,0
56517,1
56518,1
56519,2
56520,0
56521,1
56522,1
56523,2
56524,1
56525,2
56526,2
56527,3
56528,0
56529,1
56530,1
56531,2
56532,1
56533,2
56534,2
56535,3
56536,1
56537,2
56538,2
56539,3
56540,2
56541,3
56542,3
56543,4
56544,0
56545,1
56546,1
56547,2
56548,1
56549,2
56550,2
56551,3
56552,1
56553,2
56554,2
56555,3
56556,2
56557,3
56558,3
56559,4
56560,1
56561,2
56562,2
56563,3
56564,2
56565,3
56566,3
56567,4
56568,2
56569,3
56570,3
56571,4
56572,3
56573,4
56574,4
56575,3
56576,2
56577,1
56578,1
56579,0
56580,1
56581,0
56582,0
56583,1
56584,1
56585,0
56586,0
56587,1
56588,0
56589,1
56590,1
56591,2
56592,1
56593,0
56594,0
56595,1
56596,0
56597,1
56598,1
56599,2
56600,0
56601,1
56602,1
56603,2
56604,1
56605,2
56606,2
56607,3
56608,1
56609,0
56610,0
56611,1
56612,0
56613,1
56614,1
56615,2
56616,0
56617,1
56618,1
56619,2
56620,1
56621,2
56622,2
56623,3
56624,0
56625,1
56626,1
56627,2
56628,1
56629,2
56630,2
56631,3
56632,1
56633,2
56634,2
56635,3
56636,2
56637,3
56638,3
56639,4
56640,1
56641,0
56642,0
56643,1
56644,0
56645,1
56646,1
56647,2
56648,0
56649,1
56650,1
56651,2
56652,1
56653,2
56654,2
56655,3
56656,0
56657,1
56658,1
56659,2
56660,1
56661,2
56662,2
56663,3
56664,1
56665,2
56666,2
56667,3
56668,2
56669,3
56670,3
56671,4
56672,0
56673,1
56674,1
56675,2
56676,1
56677,2
56678,2
56679,3
56680,1
56681,2
56682,2
56683,3
56684,2
56685,3
56686,3
56687,4
56688,1
56689,2
56690,2
56691,3
56692,2
56693,3
56694,3
56695,4
56696,2
56697,3
56698,3
56699,4
56700,3
56701,4
56702,4
56703,3
56704,1
56705,0
56706,0
56707,1
56708,0
56709,1
56710,1
56711,2
56712,0
56713,1
56714,1
56715,2
56716,1
56717,2
56718,2
56719,3
56720,0
56721,1
56722,1
56723,2
56724,1
56725,2
56726,2
56727,3
56728,1
56729,2
56730,2
56731,3
56732,2
56733,3
56734,3
56735,4
56736,0
56737,1
56738,1
56739,2
56740,1
56741,2
56742,2
56743,3
56744,1
56745,2
56746,2
56747,3
56748,2
56749,3
56750,3
56751,4
56752,1
56753,2
56754,2
56755,3
56756,2
56757,3
56758,3
56759,4
56760,2
56761,3
56762,3
56763,4
56764,3
56765,4
56766,4
56767,3
56768,0
56769,1
56770,1
56771,2
56772,1
56773,2
56774,2
56775,3
56776,1
56777,2
56778,2
56779,3
56780,2
56781,3
56782,3
56783,4
56784,1
56785,2
56786,2
56787,3
56788,2
56789,3
56790,3
56791,4
56792,2
56793,3
56794,3
56795,4
56796,3
56797,4
56798,4
56799,3
56800,1
56801,2
56802,2
56803,3
56804,2
56805,3
56806,3
56807,4
56808,2
56809,3
56810,3
56811,4
56812,3
56813,4
56814,4
56815,3
56816,2
56817,3
56818,3
56819,4
56820,3
56821,4
56822,4
56823,3
56824,3
56825,4
56826,4
56827,3
56828,4
56829,3
56830,3
56831,2
56832,2
56833,1
56834,1
56835,0
56836,1
56837,0
56838,0
56839,1
56840,1
56841,0
56842,0
56843,1
56844,0
56845,1
56846,1
56847,2
56848,1
56849,0
56850,0
56851,1
56852,0
56853,1
56854,1
56855,2
56856,0
56857,1
56858,1
56859,2
56860,1
56861,2
56862,2
56863,3
56864,1
56865,0
56866,0
56867,1
56868,0
56869,1
56870,1
56871,2
56872,0
56873,1
56874,1
56875,2
56876,1
56877,2
56878,2
56879,3
56880,0
56881,1
56882,1
56883,2
56884,1
56885,2
56886,2
56887,3
56888,1
56889,2
56890,2
56891,3
56892,2
56893,3
56894,3
56895,4
56896,1
56897,0
56898,0
56899,1
56900,0
56901,1
56902,1
56903,2
56904,0
56905,1
56906,1
56907,2
56908,1
56909,2
56910,2
56911,3
56912,0
56913,1
56914,1
56915,2
56916,1
56917,2
56918,2
56919,3
56920,1
56921,2
56922,2
56923,3
56924,2
56925,3
56926,3
56927,4
56928,0
56929,1
56930,1
56931,2
56932,1
56933,2
56934,2
56935,3
56936,1
56937,2
56938,2
56939,3
56940,2
56941,3
56942,3
56943,4
56944,1
56945,2
56946,2
56947,3
56948,2
56949,3
56950,3
56951,4
56952,2
56953,3
56954,3
56955,4
56956,3
56957,4
56958,4
56959,3
56960,1
56961,0
56962,0
56963,1
56964,0
56965,1
56966,1
56967,2
56968,0
56969,1
56970,1
56971,2
56972,1
56973,2
56974,2
56975,3
56976,0
56977,1
56978,1
56979,2
56980,1
56981,2
56982,2
56983,3
56984,1
56985,2
56986,2
56987,3
56988,2
56989,3
56990,3
56991,4
56992,0
56993,1
56994,1
56995,2
56996,1
56997,2
56998,2
56999,3
57000,1
57001,2
57002,2
57003,3
57004,2
57005,3
57006,3
57007,4
57008,1
57009,2
57010,2
57011,3
57012,2
57013,3
57014,3
57015,4
57016,2
57017,3
57018,3
57019,4
57020,3
57021,4
57022,4
57023,3
57024,0
57025,1
57026,1
57027,2
57028,1
57029,2
57030,2
57031,3
57032,1
57033,2
57034,2
57035,3
57036,2
57037,3
57038,3
57039,4
57040,1
57041,2
57042,2
57043,3
57044,2
57045,3
57046,3
57047,4
57048,2
57049,3
57050,3
57051,4
57052,3
57053,4
57054,4
57055,3
57056,1
57057,2
57058,2
57059,3
57060,2
57061,3
57062,3
57063,4
57064,2
57065,3
57066,3
57067,4
57068,3
57069,4
57070,4
57071,3
57072,2
57073,3
57074,3
57075,4
57076,3
57077,4
57078,4
57079,3
57080,3
57081,4
57082,4
57083,3
57084,4
57085,3
57086,3
57087,2
57088,1
57089,0
57090,0
57091,1
57092,0
57093,1
57094,1
57095,2
57096,0
57097,1
57098,1
57099,2
57100,1
57101,2
57102,2
57103,3
57104,0
57105,1
57106,1
57107,2
57108,1
57109,2
57110,2
57111,3
57112,1
57113,2
57114,2
57115,3
57116,2
57117,3
57118,3
57119,4
57120,0
57121,1
57122,1
57123,2
57124,1
57125,2
57126,2
57127,3
57128,1
57129,2
57130,2
57131,3
57132,2
57133,3
57134,3
57135,4
57136,1
57137,2
57138,2
57139,3
57140,2
57141,3
57142,3
57143,4
57144,2
57145,3
57146,3
57147,4
57148,3
57149,4
57150,4
57151,3
57152,0
57153,1
57154,1
57155,2
57156,1
57157,2
57158,2
57159,3
57160,1
57161,2
57162,2
57163,3
57164,2
57165,3
57166,3
57167,4
57168,1
57169,2
57170,2
57171,3
57172,2
57173,3
57174,3
57175,4
57176,2
57177,3
57178,3
57179,4
57180,3
57181,4
57182,4
57183,3
57184,1
57185,2
57186,2
57187,3
57188,2
57189,3
57190,3
57191,4
57192,2
57193,3
57194,3
57195,4
57196,3
57197,4
57198,4
57199,3
57200,2
57201,3
57202,3
57203,4
57204,3
57205,4
57206,4
57207,3
57208,3
57209,4
57210,4
57211,3
57212,4
57213,3
57214,3
57215,2
57216,0
57217,1
57218,1
57219,2
57220,1
57221,2
57222,2
57223,3
57224,1
57225,2
57226,2
57227,3
57228,2
57229,3
57230,3
57231,4
57232,1
57233,2
57234,2
57235,3
57236,2
57237,3
57238,3
57239,4
57240,2
57241,3
57242,3
57243,4
57244,3
57245,4
57246,4
57247,3
57248,1
57249,2
57250,2
57251,3
57252,2
57253,3
57254,3
57255,4
57256,2
57257,3
57258,3
57259,4
57260,3
57261,4
57262,4
57263,3
57264,2
57265,3
57266,3
57267,4
57268,3
57269,4
57270,4
57271,3
57272,3
57273,4
57274,4
57275,3
57276,4
57277,3
57278,3
57279,2
57280,1
57281,2
57282,2
57283,3
57284,2
57285,3
57286,3
57287,4
57288,2
57289,3
57290,3
57291,4
57292,3
57293,4
57294,4
57295,3
57296,2
57297,3
57298,3
57299,4
57300,3
57301,4
57302,4
57303,3
57304,3
57305,4
57306,4
57307,3
57308,4
57309,3
57310,3
57311,2
57312,2
57313,3
57314,3
57315,4
57316,3
57317,4
57318,4
57319,3
57320,3
57321,4
57322,4
57323,3
57324,4
57325,3
57326,3
57327,2
57328,3
57329,4
57330,4
57331,3
57332,4
57333,3
57334,3
57335,2
57336,4
57337,3
57338,3
57339,2
57340,3
57341,2
57342,2
57343,1
57344,3
57345,4
57346,4
57347,3
57348,4
57349,3
57350,3
57351,2
57352,4
57353,3
57354,3
57355,2
57356,3
57357,2
57358,2
57359,1
57360,4
57361,3
57362,3
57363,2
57364,3
57365,2
57366,2
57367,1
57368,3
57369,2
57370,2
57371,1
57372,2
57373,1
57374,1
57375,0
57376,4
57377,3
57378,3
57379,2
57380,3
57381,2
57382,2
57383,1
57384,3
57385,2
57386,2
57387,1
57388,2
57389,1
57390,1
57391,0
57392,3
57393,2
57394,2
57395,1
57396,2
57397,1
57398,1
57399,0
57400,2
57401,1
57402,1
57403,0
57404,1
57405,0
57406,0
57407,1
57408,4
57409,3
57410,3
57411,2
57412,3
57413,2
57414,2
57415,1
57416,3
57417,2
57418,2
57419,1
57420,2
57421,1
57422,1
57423,0
57424,3
57425,2
57426,2
57427,1
57428,2
57429,1
57430,1
57431,0
57432,2
57433,1
57434,1
57435,0
57436,1
57437,0
57438,0
57439,1
57440,3
57441,2
57442,2
57443,1
57444,2
57445,1
57446,1
57447,0
57448,2
57449,1
57450,1
57451,0
57452,1
57453,0
57454,0
57455,1
57456,2
57457,1
57458,1
57459,0
57460,1
57461,0
57462,0
57463,1
57464,1
57465,0
57466,0
57467,1
57468,0
57469,1
57470,1
57471,2
57472,4
57473,3
57474,3
57475,2
57476,3
57477,2
57478,2
57479,1
57480,3
57481,2
57482,2
57483,1
57484,2
57485,1
57486,1
57487,0
57488,3
57489,2
57490,2
57491,1
57492,2
57493,1
57494,1
57495,0
57496,2
57497,1
57498,1
57499,0
57500,1
57501,0
57502,0
57503,1
57504,3
57505,2
57506,2
57507,1
57508,2
57509,1
57510,1
57511,0
57512,2
57513,1
57514,1
57515,0
57516,1
57517,0
57518,0
57519,1
57520,2
57521,1
57522,1
57523,0
57524,1
57525,0
57526,0
57527,1
57528,1
57529,0
57530,0
57531,1
57532,0
57533,1
57534,1
57535,2
57536,3
57537,2
57538,2
57539,1
57540,2
57541,1
57542,1
57543,0
57544,2
57545,1
57546,1
57547,0
57548,1
57549,0
57550,0
57551,1
57552,2
57553,1
57554,1
57555,0
57556,1
57557,0
57558,0
57559,1
57560,1
57561,0
57562,0
57563,1
57564,0
57565,1
57566,1
57567,2
57568,2
57569,1
57570,1
57571,0
57572,1
57573,0
57574,0
57575,1
57576,1
57577,0
57578,0
57579,1
57580,0
57581,1
57582,1
57583,2
57584,1
57585,0
57586,0
57587,1
57588,0
57589,1
57590,1
57591,2
57592,0
57593,1
57594,1
57595,2
57596,1
57597,2
57598,2
57599,3
57600,4
57601,3
57602,3
57603,2
57604,3
57605,2
57606,2
57607,1
57608,3
57609,2
57610,2
57611,1
57612,2
57613,1
57614,1
57615,0
57616,3
57617,2
57618,2
57619,1
57620,2
57621,1
57622,1
57623,0
57624,2
57625,1
57626,1
57627,0
57628,1
57629,0
57630,0
57631,1
57632,3
57633,2
57634,2
57635,1
57636,2
57637,1
57638,1
57639,0
57640,2
57641,1
57642,1
57643,0
57644,1
57645,0
57646,0
57647,1
57648,2
57649,1
57650,1
57651,0
57652,1
57653,0
57654,0
57655,1
57656,1
57657,0
57658,0
57659,1
57660,0
57661,1
57662,1
57663,2
57664,3
57665,2
57666,2
57667,1
57668,2
57669,1
57670,1
57671,0
57672,2
57673,1
57674,1
57675,0
57676,1
57677,0
57678,0
57679,1
57680,2
57681,1
57682,1
57683,0
57684,1
57685,0
57686,0
57687,1
57688,1
57689,0
57690,0
57691,1
57692,0
57693,1
57694,1
57695,2
57696,2
57697,1
57698,1
57699,0
57700,1
57701,0
57702,0
57703,1
57704,1
57705,0
57706,0
57707,1
57708,0
57709,1
57710,1
57711,2
57712,1
57713,0
57714,0
57715,1
57716,0
57717,1
57718,1
57719,2
57720,0
57721,1
57722,1
57723,2
57724,1
57725,2
57726,2
57727,3
57728,3
57729,2
57730,2
57731,1
57732,2
57733,1
57734,1
57735,0
57736,2
57737,1
57738,1
57739,0
57740,1
57741,0
57742,0
57743,1
57744,2
57745,1
57746,1
57747,0
57748,1
57749,0
57750,0
57751,1
57752,1
57753,0
57754,0
57755,1
57756,0
57757,1
57758,1
57759,2
57760,2
57761,1
57762,1
57763,0
57764,1
57765,0
57766,0
57767,1
57768,1
57769,0
57770,0
57771,1
57772,0
57773,1
57774,1
57775,2
57776,1
57777,0
57778,0
57779,1
57780,0
57781,1
57782,1
57783,2
57784,0
57785,1
57786,1
57787,2
57788,1
57789,2
57790,2
57791,3
57792,2
57793,1
57794,1
57795,0
57796,1
57797,0
57798,0
57799,1
57800,1
57801,0
57802,0
57803,1
57804,0
57805,1
57806,1
57807,2
57808,1
57809,0
57810,0
57811,1
57812,0
57813,1
57814,1
57815,2
57816,0
57817,1
57818,1
57819,2
57820,1
57821,2
57822,2
57823,3
57824,1
57825,0
57826,0
57827,1
57828,0
57829,1
57830,1
57831,2
57832,0
57833,1
57834,1
57835,2
57836,1
57837,2
57838,2
57839,3
57840,0
57841,1
57842,1
57843,2
57844,1
57845,2
57846,2
57847,3
57848,1
57849,2
57850,2
57851,3
57852,2
57853,3
57854,3
57855,4
57856,4
57857,3
57858,3
57859,2
57860,3
57861,2
57862,2
57863,1
57864,3
57865,2
57866,2
57867,1
57868,2
57869,1
57870,1
57871,0
57872,3
57873,2
57874,2
57875,1
57876,2
57877,1
57878,1
57879,0
57880,2
57881,1
57882,1
57883,0
57884,1
57885,0
57886,0
57887,1
57888,3
57889,2
57890,2
57891,1
57892,2
57893,1
57894,1
57895,0
57896,2
57897,1
57898,1
57899,0
57900,1
57901,0
57902,0
57903,1
57904,2
57905,1
57906,1
57907,0
57908,1
57909,0
57910,0
57911,1
57912,1
57913,0
57914,0
57915,1
57916,0
57917,1
57918,1
57919,2
57920,3
57921,2
57922,2
57923,1
57924,2
57925,1
57926,1
57927,0
57928,2
57929,1
57930,1
57931,0
57932,1
57933,0
57934,0
57935,1
57936,2
57937,1
57938,1
57939,0
57940,1
57941,0
57942,0
57943,1
57944,1
57945,0
57946,0
57947,1
57948,0
57949,1
57950,1
57951,2
57952,2
57953,1
57954,1
57955,0
57956,1
57957,0
57958,0
57959,1
57960,1
57961,0
57962,0
57963,1
57964,0
57965,1
57966,1
57967,2
57968,1
57969,0
57970,0
57971,1
57972,0
57973,1
57974,1
57975,2
57976,0
57977,1
57978,1
57979,2
57980,1
57981,2
57982,2
57983,3
57984,3
57985,2
57986,2
57987,1
57988,2
57989,1
57990,1
57991,0
57992,2
57993,1
57994,1
57995,0
57996,1
57997,0
57998,0
57999,1
58000,2
58001,1
58002,1
58003,0
58004,1
58005,0
58006,0
58007,1
58008,1
58009,0
58010,0
58011,1
58012,0
58013,1
58014,1
58015,2
58016,2
58017,1
58018,1
58019,0
58020,1
58021,0
58022,0
58023,1
58024,1
58025,0
58026,0
58027,1
58028,0
58029,1
58030,1
58031,2
58032,1
58033,0
58034,0
58035,1
58036,0
58037,1
58038,1
58039,2
58040,0
58041,1
58042,1
58043,2
58044,1
58045,2
58046,2
58047,3
58048,2
58049,1
58050,1
58051,0
58052,1
58053,0
58054,0
58055,1
58056,1
58057,0
58058,0
58059,1
58060,0
58061,1
58062,1
58063,2
58064,1
58065,0
58066,0
58067,1
58068,0
58069,1
58070,1
58071,2
58072,0
58073,1
58074,1
58075,2
58076,1
58077,2
58078,2
58079,3
58080,1
58081,0
58082,0
58083,1
58084,0
58085,1
58086,1
58087,2
58088,0
58089,1
58090,1
58091,2
58092,1
58093,2
58094,2
58095,3
58096,0
58097,1
58098,1
58099,2
58100,1
58101,2
58102,2
58103,3
58104,1
58105,2
58106,2
58107,3
58108,2
58109,3
58110,3
58111,4
58112,3
58113,2
58114,2
58115,1
58116,2
58117,1
58118,1
58119,0
58120,2
58121,1
58122,1
58123,0
58124,1
58125,0
58126,0
58127,1
58128,2
58129,1
58130,1
58131,0
58132,1
58133,0
58134,0
58135,1
58136,1
58137,0
58138,0
58139,1
58140,0
58141,1
58142,1
58143,2
58144,2
58145,1
58146,1
58147,0
58148,1
58149,0
58150,0
58151,1
58152,1
58153,0
58154,0
58155,1
58156,0
58157,1
58158,1
58159,2
58160,1
58161,0
58162,0
58163,1
58164,0
58165,1
58166,1
58167,2
58168,0
58169,1
58170,1
58171,2
58172,1
58173,2
58174,2
58175,3
58176,2
58177,1
58178,1
58179,0
58180,1
58181,0
58182,0
58183,1
58184,1
58185,0
58186,0
58187,1
58188,0
58189,1
58190,1
58191,2
58192,1
58193,0
58194,0
58195,1
58196,0
58197,1
58198,1
58199,2
58200,0
58201,1
58202,1
58203,2
58204,1
58205,2
58206,2
58207,3
58208,1
58209,0
58210,0
58211,1
58212,0
58213,1
58214,1
58215,2
58216,0
58217,1
58218,1
58219,2
58220,1
58221,2
58222,2
58223,3
58224,0
58225,1
58226,1
58227,2
58228,1
58229,2
58230,2
58231,3
58232,1
58233,2
58234,2
58235,3
58236,2
58237,3
58238,3
58239,4
58240,2
58241,1
58242,1
58243,0
58244,1
58245,0
58246,0
58247,1
58248,1
58249,0
58250,0
58251,1
58252,0
58253,1
58254,1
58255,2
58256,1
58257,0
58258,0
58259,1
58260,0
58261,1
58262,1
58263,2
58264,0
58265,1
58266,1
58267,2
58268,1
58269,2
58270,2
58271,3
58272,1
58273,0
58274,0
58275,1
58276,0
58277,1
58278,1
58279,2
58280,0
58281,1
58282,1
58283,2
58284,1
58285,2
58286,2
58287,3
58288,0
58289,1
58290,1
58291,2
58292,1
58293,2
58294,2
58295,3
58296,1
58297,2
58298,2
58299,3
58300,2
58301,3
58302,3
58303,4
58304,1
58305,0
58306,0
58307,1
58308,0
58309,1
58310,1
58311,2
58312,0
58313,1
58314,1
58315,2
58316,1
58317,2
58318,2
58319,3
58320,0
58321,1
58322,1
58323,2
58324,1
58325,2
58326,2
58327,3
58328,1
58329,2
58330,2
58331,3
58332,2
58333,3
58334,3
58335,4
58336,0
58337,1
58338,1
58339,2
58340,1
58341,2
58342,2
58343,3
58344,1
58345,2
58346,2
58347,3
58348,2
58349,3
58350,3
58351,4
58352,1
58353,2
58354,2
58355,3
58356,2
58357,3
58358,3
58359,4
58360,2
58361,3
58362,3
58363,4
58364,3
58365,4
58366,4
58367,3
58368,4
58369,3
58370,3
58371,2
58372,3
58373,2
58374,2
58375,1
58376,3
58377,2
58378,2
58379,1
58380,2
58381,1
58382,1
58383,0
58384,3
58385,2
58386,2
58387,1
58388,2
58389,1
58390,1
58391,0
58392,2
58393,1
58394,1
58395,0
58396,1
58397,0
58398,0
58399,1
58400,3
58401,2
58402,2
58403,1
58404,2
58405,1
58406,1
58407,0
58408,2
58409,1
58410,1
58411,0
58412,1
58413,0
58414,0
58415,1
58416,2
58417,1
58418,1
58419,0
58420,1
58421,0
58422,0
58423,1
58424,1
58425,0
58426,0
58427,1
58428,0
58429,1
58430,1
58431,2
58432,3
58433,2
58434,2
58435,1
58436,2
58437,1
58438,1
58439,0
58440,2
58441,1
58442,1
58443,0
58444,1
58445,0
58446,0
58447,1
58448,2
58449,1
58450,1
58451,0
58452,1
58453,0
58454,0
58455,1
58456,1
58457,0
58458,0
58459,1
58460,0
58461,1
58462,1
58463,2
58464,2
58465,1
58466,1
58467,0
58468,1
58469,0
58470,0
58471,1
58472,1
58473,0
58474,0
58475,1
58476,0
58477,1
58478,1
58479,2
58480,1
58481,0
58482,0
58483,1
58484,0
58485,1
58486,1
58487,2
58488,0
58489,1
58490,1
58491,2
58492,1
58493,2
58494,2
58495,3
58496,3
58497,2
58498,2
58499,1
58500,2
58501,1
58502,1
58503,0
58504,2
58505,1
58506,1
58507,0
58508,1
58509,0
58510,0
58511,1
58512,2
58513,1
58514,1
58515,0
58516,1
58517,0
58518,0
58519,1
58520,1
58521,0
58522,0
58523,1
58524,0
58525,1
58526,1
58527,2
58528,2
58529,1
58530,1
58531,0
58532,1
58533,0
58534,0
58535,1
58536,1
58537,0
58538,0
58539,1
58540,0
58541,1
58542,1
58543,2
58544,1
58545,0
58546,0
58547,1
58548,0
58549,1
58550,1
58551,2
58552,0
58553,1
58554,1
58555,2
58556,1
58557,2
58558,2
58559,3
58560,2
58561,1
58562,1
58563,0
58564,1
58565,0
58566,0
58567,1
58568,1
58569,0
58570,0
58571,1
58572,0
58573,1
58574,1
58575,2
58576,1
58577,0
58578,0
58579,1
58580,0
58581,1
58582,1
58583,2
58584,0
58585,1
58586,1
58587,2
58588,1
58589,2
58590,2
58591,3
58592,1
58593,0
58594,0
58595,1
58596,0
58597,1
58598,1
58599,2
58600,0
58601,1
58602,1
58603,2
58604,1
58605,2
58606,2
58607,3
58608,0
58609,1
58610,1
58611,2
58612,1
58613,2
58614,2
58615,3
58616,1
58617,2
58618,2
58619,3
58620,2
58621,3
58622,3
58623,4
58624,3
58625,2
58626,2
58627,1
58628,2
58629,1
58630,1
58631,0
58632,2
58633,1
58634,1
58635,0
58636,1
58637,0
58638,0
58639,1
58640,2
58641,1
58642,1
58643,0
58644,1
58645,0
58646,0
58647,1
58648,1
58649,0
58650,0
58651,1
58652,0
58653,1
58654,1
58655,2
58656,2
58657,1
58658,1
58659,0
58660,1
58661,0
58662,0
58663,1
58664,1
58665,0
58666,0
58667,1
58668,0
58669,1
58670,1
58671,2
58672,1
58673,0
58674,0
58675,1
58676,0
58677,1
58678,1
58679,2
58680,0
58681,1
58682,1
58683,2
58684,1
58685,2
58686,2
58687,3
58688,2
58689,1
58690,1
58691,0
58692,1
58693,0
58694,0
58695,1
58696,1
58697,0
58698,0
58699,1
58700,0
58701,1
58702,1
58703,2
58704,1
58705,0
58706,0
58707,1
58708,0
58709,1
58710,1
58711,2
58712,0
58713,1
58714,1
58715,2
58716,1
58717,2
58718,2
58719,3
58720,1
58721,0
58722,0
58723,1
58724,0
58725,1
58726,1
58727,2
58728,0
58729,1
58730,1
58731,2
58732,1
58733,2
58734,2
58735,3
58736,0
58737,1
58738,1
58739,2
58740,1
58741,2
58742,2
58743,3
58744,1
58745,2
58746,2
58747,3
58748,2
58749,3
58750,3
58751,4
58752,2
58753,1
58754,1
58755,0
58756,1
58757,0
58758,0
58759,1
58760,1
58761,0
58762,0
58763,1
58764,0
58765,1
58766,1
58767,2
58768,1
58769,0
58770,0
58771,1
58772,0
58773,1
58774,1
58775,2
58776,0
58777,1
58778,1
58779,2
58780,1
58781,2
58782,2
58783,3
58784,1
58785,0
58786,0
58787,1
58788,0
58789,1
58790,1
58791,2
58792,0
58793,1
58794,1
58795,2
58796,1
58797,2
58798,2
58799,3
58800,0
58801,1
58802,1
58803,2
58804,1
58805,2
58806,2
58807,3
58808,1
58809,2
58810,2
58811,3
58812,2
58813,3
58814,3
58815,4
58816,1
58817,0
58818,0
58819,1
58820,0
58821,1
58822,1
58823,2
58824,0
58825,1
58826,1
58827,2
58828,1
58829,2
58830,2
58831,3
58832,0
58833,1
58834,1
58835,2
58836,1
58837,2
58838,2
58839,3
58840,1
58841,2
58842,2
58843,3
58844,2
58845,3
58846,3
58847,4
58848,0
58849,1
58850,1
58851,2
58852,1
58853,2
58854,2
58855,3
58856,1
58857,2
58858,2
58859,3
58860,2
58861,3
58862,3
58863,4
58864,1
58865,2
58866,2
58867,3
58868,2
58869,3
58870,3
58871,4
58872,2
58873,3
58874,3
58875,4
58876,3
58877,4
58878,4
58879,3
58880,3
58881,2
58882,2
58883,1
58884,2
58885,1
58886,1
58887,0
58888,2
58889,1
58890,1
58891,0
58892,1
58893,0
58894,0
58895,1
58896,2
58897,1
58898,1
58899,0
58900,1
58901,0
58902,0
58903,1
58904,1
58905,0
58906,0
58907,1
58908,0
58909,1
58910,1
58911,2
58912,2
58913,1
58914,1
58915,0
58916,1
58917,0
58918,0
58919,1
58920,1
58921,0
58922,0
58923,1
58924,0
58925,1
58926,1
58927,2
58928,1
58929,0
58930,0
58931,1
58932,0
58933,1
58934,1
58935,2
58936,0
58937,1
58938,1
58939,2
58940,1
58941,2
58942,2
58943,3
58944,2
58945,1
58946,1
58947,0
58948,1
58949,0
58950,0
58951,1
58952,1
58953,0
58954,0
58955,1
58956,0
58957,1
58958,1
58959,2
58960,1
58961,0
58962,0
58963,1
58964,0
58965,1
58966,1
58967,2
58968,0
58969,1
58970,1
58971,2
58972,1
58973,2
58974,2
58975,3
58976,1
58977,0
58978,0
58979,1
58980,0
58981,1
58982,1
58983,2
58984,0
58985,1
58986,1
58987,2
58988,1
58989,2
58990,2
58991,3
58992,0
58993,1
58994,1
58995,2
58996,1
58997,2
58998,2
58999,3
59000,1
59001,2
59002,2
59003,3
59004,2
59005,3
59006,3
59007,4
59008,2
59009,1
59010,1
59011,0
59012,1
59013,0
59014,0
59015,1
59016,1
59017,0
59018,0
59019,1
59020,0
59021,1
59022,1
59023,2
59024,1
59025,0
59026,0
59027,1
59028,0
59029,1
59030,1
59031,2
59032,0
59033,1
59034,1
59035,2
59036,1
59037,2
59038,2
59039,3
59040,1
59041,0
59042,0
59043,1
59044,0
59045,1
59046,1
59047,2
59048,0
59049,1
59050,1
59051,2
59052,1
59053,2
59054,2
59055,3
59056,0
59057,1
59058,1
59059,2
59060,1
59061,2
59062,2
59063,3
59064,1
59065,2
59066,2
59067,3
59068,2
59069,3
59070,3
59071,4
59072,1
59073,0
59074,0
59075,1
59076,0
59077,1
59078,1
59079,2
59080,0
59081,1
59082,1
59083,2
59084,1
59085,2
59086,2
59087,3
59088,0
59089,1
59090,1
59091,2
59092,1
59093,2
59094,2
59095,3
59096,1
59097,2
59098,2
59099,3
59100,2
59101,3
59102,3
59103,4
59104,0
59105,1
59106,1
59107,2
59108,1
59109,2
59110,2
59111,3
59112,1
59113,2
59114,2
59115,3
59116,2
59117,3
59118,3
59119,4
59120,1
59121,2
59122,2
59123,3
59124,2
59125,3
59126,3
59127,4
59128,2
59129,3
59130,3
59131,4
59132,3
59133,4
59134,4
59135,3
59136,2
59137,1
59138,1
59139,0
59140,1
59141,0
59142,0
59143,1
59144,1
59145,0
59146,0
59147,1
59148,0
59149,1
59150,1
59151,2
59152,1
59153,0
59154,0
59155,1
59156,0
59157,1
59158,1
59159,2
59160,0
59161,1
59162,1
59163,2
59164,1
59165,2
59166,2
59167,3
59168,1
59169,0
59170,0
59171,1
59172,0
59173,1
59174,1
59175,2
59176,0
59177,1
59178,1
59179,2
59180,1
59181,2
59182,2
59183,3
59184,0
59185,1
59186,1
59187,2
59188,1
59189,2
59190,2
59191,3
59192,1
59193,2
59194,2
59195,3
59196,2
59197,3
59198,3
59199,4
59200,1
59201,0
59202,0
59203,1
59204,0
59205,1
59206,1
59207,2
59208,0
59209,1
59210,1
59211,2
59212,1
59213,2
59214,2
59215,3
59216,0
59217,1
59218,1
59219,2
59220,1
59221,2
59222,2
59223,3
59224,1
59225,2
59226,2
59227,3
59228,2
59229,3
59230,3
59231,4
59232,0
59233,1
59234,1
59235,2
59236,1
59237,2
59238,2
59239,3
59240,1
59241,2
59242,2
59243,3
59244,2
59245,3
59246,3
59247,4
59248,1
59249,2
59250,2
59251,3
59252,2
59253,3
59254,3
59255,4
59256,2
59257,3
59258,3
59259,4
59260,3
59261,4
59262,4
59263,3
59264,1
59265,0
59266,0
59267,1
59268,0
59269,1
59270,1
59271,2
59272,0
59273,1
59274,1
59275,2
59276,1
59277,2
59278,2
59279,3
59280,0
59281,1
59282,1
59283,2
59284,1
59285,2
59286,2
59287,3
59288,1
59289,2
59290,2
59291,3
59292,2
59293,3
59294,3
59295,4
59296,0
59297,1
59298,1
59299,2
59300,1
59301,2
59302,2
59303,3
59304,1
59305,2
59306,2
59307,3
59308,2
59309,3
59310,3
59311,4
59312,1
59313,2
59314,2
59315,3
59316,2
59317,3
59318,3
59319,4
59320,2
59321,3
59322,3
59323,4
59324,3
59325,4
59326,4
59327,3
59328,0
59329,1
59330,1
59331,2
59332,1
59333,2
59334,2
59335,3
59336,1
59337,2
59338,2
59339,3
59340,2
59341,3
59342,3
59343,4
59344,1
59345,2
59346,2
59347,3
59348,2
59349,3
59350,3
59351,4
59352,2
59353,3
59354,3
59355,4
59356,3
59357,4
59358,4
59359,3
59360,1
59361,2
59362,2
59363,3
59364,2
59365,3
59366,3
59367,4
59368,2
59369,3
59370,3
59371,4
59372,3
59373,4
59374,4
59375,3
59376,2
59377,3
59378,3
59379,4
59380,3
59381,4
59382,4
59383,3
59384,3
59385,4
59386,4
59387,3
59388,4
59389,3
59390,3
59391,2
59392,4
59393,3
59394,3
59395,2
59396,3
59397,2
59398,2
59399,1
59400,3
59401,2
59402,2
59403,1
59404,2
59405,1
59406,1
59407,0
59408,3
59409,2
59410,2
59411,1
59412,2
59413,1
59414,1
59415,0
59416,2
59417,1
59418,1
59419,0
59420,1
59421,0
59422,0
59423,1
59424,3
59425,2
59426,2
59427,1
59428,2
59429,1
59430,1
59431,0
59432,2
59433,1
59434,1
59435,0
59436,1
59437,0
59438,0
59439,1
59440,2
59441,1
59442,1
59443,0
59444,1
59445,0
59446,0
59447,1
59448,1
59449,0
59450,0
59451,1
59452,0
59453,1
59454,1
59455,2
59456,3
59457,2
59458,2
59459,1
59460,2
59461,1
59462,1
59463,0
59464,2
59465,1
59466,1
59467,0
59468,1
59469,0
59470,0
59471,1
59472,2
59473,1
59474,1
59475,0
59476,1
59477,0
59478,0
59479,1
59480,1
59481,0
59482,0
59483,1
59484,0
59485,1
59486,1
59487,2
59488,2
59489,1
59490,1
59491,0
59492,1
59493,0
59494,0
59495,1
59496,1
59497,0
59498,0
59499,1
59500,0
59501,1
59502,1
59503,2
59504,1
59505,0
59506,0
59507,1
59508,0
59509,1
59510,1
59511,2
59512,0
59513,1
59514,1
59515,2
59516,1
59517,2
59518,2
59519,3
59520,3
59521,2
59522,2
59523,1
59524,2
59525,1
59526,1
59527,0
59528,2
59529,1
59530,1
59531,0
59532,1
59533,0
59534,0
59535,1
59536,2
59537,1
59538,1
59539,0
59540,1
59541,0
59542,0
59543,1
59544,1
59545,0
59546,0
59547,1
59548,0
59549,1
59550,1
59551,2
59552,2
59553,1
59554,1
59555,0
59556,1
59557,0
59558,0
59559,1
59560,1
59561,0
59562,0
59563,1
59564,0
59565,1
59566,1
59567,2
59568,1
59569,0
59570,0
59571,1
59572,0
59573,1
59574,1
59575,2
59576,0
59577,1
59578,1
59579,2
59580,1
59581,2
59582,2
59583,3
59584,2
59585,1
59586,1
59587,0
59588,1
59589,0
59590,0
59591,1
59592,1
59593,0
59594,0
59595,1
59596,0
59597,1
59598,1
59599,2
59600,1
59601,0
59602,0
59603,1
59604,0
59605,1
59606,1
59607,2
59608,0
59609,1
59610,1
59611,2
59612,1
59613,2
59614,2
59615,3
59616,1
59617,0
59618,0
59619,1
59620,0
59621,1
59622,1
59623,2
59624,0
59625,1
59626,1
59627,2
59628,1
59629,2
59630,2
59631,3
59632,0
59633,1
59634,1
59635,2
59636,1
59637,2
59638,2
59639,3
59640,1
59641,2
59642,2
59643,3
59644,2
59645,3
59646,3
59647,4
59648,3
59649,2
59650,2
59651,1
59652,2
59653,1
59654,1
59655,0
59656,2
59657,1
59658,1
59659,0
59660,1
59661,0
59662,0
59663,1
59664,2
59665,1
59666,1
59667,0
59668,1
59669,0
59670,0
59671,1
59672,1
59673,0
59674,0
59675,1
59676,0
59677,1
59678,1
59679,2
59680,2
59681,1
59682,1
59683,0
59684,1
59685,0
59686,0
59687,1
59688,1
59689,0
59690,0
59691,1
59692,0
59693,1
59694,1
59695,2
59696,1
59697,0
59698,0
59699,1
59700,0
59701,1
59702,1
59703,2
59704,0
59705,1
59706,1
59707,2
59708,1
59709,2
59710,2
59711,3
59712,2
59713,1
59714,1
59715,0
59716,1
59717,0
59718,0
59719,1
59720,1
59721,0
59722,0
59723,1
59724,0
59725,1
59726,1
59727,2
59728,1
59729,0
59730,0
59731,1
59732,0
59733,1
59734,1
59735,2
59736,0
59737,1
59738,1
59739,2
59740,1
59741,2
59742,2
59743,3
59744,1
59745,0
59746,0
59747,1
59748,0
59749,1
59750,1
59751,2
59752,0
59753,1
59754,1
59755,2
59756,1
59757,2
59758,2
59759,3
59760,0
59761,1
59762,1
59763,2
59764,1
59765,2
59766,2
59767,3
59768,1
59769,2
59770,2
59771,3
59772,2
59773,3
59774,3
59775,4
59776,2
59777,1
59778,1
59779,0
59780,1
59781,0
59782,0
59783,1
59784,1
59785,0
59786,0
59787,1
59788,0
59789,1
59790,1
59791,2
59792,1
59793,0
59794,0
59795,1
59796,0
59797,1
59798,1
59799,2
59800,0
59801,1
59802,1
59803,2
59804,1
59805,2
59806,2
59807,3
59808,1
59809,0
59810,0
59811,1
59812,0
59813,1
59814,1
59815,2
59816,0
59817,1
59818,1
59819,2
59820,1
59821,2
59822,2
59823,3
59824,0
59825,1
59826,1
59827,2
59828,1
59829,2
59830,2
59831,3
59832,1
59833,2
59834,2
59835,3
59836,2
59837,3
59838,3
59839,4
59840,1
59841,0
59842,0
59843,1
59844,0
59845,1
59846,1
59847,2
59848,0
59849,1
59850,1
59851,2
59852,1
59853,2
59854,2
59855,3
59856,0
59857,1
59858,1
59859,2
59860,1
59861,2
59862,2
59863,3
59864,1
59865,2
59866,2
59867,3
59868,2
59869,3
59870,3
59871,4
59872,0
59873,1
59874,1
59875,2
59876,1
59877,2
59878,2
59879,3
59880,1
59881,2
59882,2
59883,3
59884,2
59885,3
59886,3
59887,4
59888,1
59889,2
59890,2
59891,3
59892,2
59893,3
59894,3
59895,4
59896,2
59897,3
59898,3
59899,4
59900,3
59901,4
59902,4
59903,3
59904,3
59905,2
59906,2
59907,1
59908,2
59909,1
59910,1
59911,0
59912,2
59913,1
59914,1
59915,0
59916,1
59917,0
59918,0
59919,1
59920,2
59921,1
59922,1
59923,0
59924,1
59925,0
59926,0
59927,1
59928,1
59929,0
59930,0
59931,1
59932,0
59933,1
59934,1
59935,2
59936,2
59937,1
59938,1
59939,0
59940,1
59941,0
59942,0
59943,1
59944,1
59945,0
59946,0
59947,1
59948,0
59949,1
59950,1
59951,2
59952,1
59953,0
59954,0
59955,1
59956,0
59957,1
59958,1
59959,2
59960,0
59961,1
59962,1
59963,2
59964,1
59965,2
59966,2
59967,3
59968,2
59969,1
59970,1
59971,0
59972,1
59973,0
59974,0
59975,1
59976,1
59977,0
59978,0
59979,1
59980,0
59981,1
59982,1
59983,2
59984,1
59985,0
59986,0
59987,1
59988,0
59989,1
59990,1
59991,2
59992,0
59993,1
59994,1
59995,2
59996,1
59997,2
59998,2
59999,3
60000,1
60001,0
60002,0
60003,1
60004,0
60005,1
60006,1
60007,2
60008,0
60009,1
60010,1
60011,2
60012,1
60013,2
60014,2
60015,3
60016,0
60017,1
60018,1
60019,2
60020,1
60021,2
60022,2
60023,3
60024,1
60025,2
60026,2
60027,3
60028,2
60029,3
60030,3
60031,4
60032,2
60033,1
60034,1
60035,0
60036,1
60037,0
60038,0
60039,1
60040,1
60041,0
60042,0
60043,1
60044,0
60045,1
60046,1
60047,2
60048,1
60049,0
60050,0
60051,1
60052,0
60053,1
60054,1
60055,2
60056,0
60057,1
60058,1
60059,2
60060,1
60061,2
60062,2
60063,3
60064,1
60065,0
60066,0
60067,1
60068,0
60069,1
60070,1
60071,2
60072,0
60073,1
60074,1
60075,2
60076,1
60077,2
60078,2
60079,3
60080,0
60081,1
60082,1
60083,2
60084,1
60085,2
60086,2
60087,3
60088,1
60089,2
60090,2
60091,3
60092,2
60093,3
60094,3
60095,4
60096,1
60097,0
60098,0
60099,1
60100,0
60101,1
60102,1
60103,2
60104,0
60105,1
60106,1
60107,2
60108,1
60109,2
60110,2
60111,3
60112,0
60113,1
60114,1
60115,2
60116,1
60117,2
60118,2
60119,3
60120,1
60121,2
60122,2
60123,3
60124,2
60125,3
60126,3
60127,4
60128,0
60129,1
60130,1
60131,2
60132,1
60133,2
60134,2
60135,3
60136,1
60137,2
60138,2
60139,3
60140,2
60141,3
60142,3
60143,4
60144,1
60145,2
60146,2
60147,3
60148,2
60149,3
60150,3
60151,4
60152,2
60153,3
60154,3
60155,4
60156,3
60157,4
60158,4
60159,3
60160,2
60161,1
60162,1
60163,0
60164,1
60165,0
60166,0
60167,1
60168,1
60169,0
60170,0
60171,1
60172,0
60173,1
60174,1
60175,2
60176,1
60177,0
60178,0
60179,1
60180,0
60181,1
60182,1
60183,2
60184,0
60185,1
60186,1
60187,2
60188,1
60189,2
60190,2
60191,3
60192,1
60193,0
60194,0
60195,1
60196,0
60197,1
60198,1
60199,2
60200,0
60201,1
60202,1
60203,2
60204,1
60205,2
60206,2
60207,3
60208,0
60209,1
60210,1
60211,2
60212,1
60213,2
60214,2
60215,3
60216,1
60217,2
60218,2
60219,3
60220,2
60221,3
60222,3
60223,4
60224,1
60225,0
60226,0
60227,1
60228,0
60229,1
60230,1
60231,2
60232,0
60233,1
60234,1
60235,2
60236,1
60237,2
60238,2
60239,3
60240,0
60241,1
60242,1
60243,2
60244,1
60245,2
60246,2
60247,3
60248,1
60249,2
60250,2
60251,3
60252,2
60253,3
60254,3
60255,4
60256,0
60257,1
60258,1
60259,2
60260,1
60261,2
60262,2
60263,3
60264,1
60265,2
60266,2
60267,3
60268,2
60269,3
60270,3
60271,4
60272,1
60273,2
60274,2
60275,3
60276,2
60277,3
60278,3
60279,4
60280,2
60281,3
60282,3
60283,4
60284,3
60285,4
60286,4
60287,3
60288,1
60289,0
60290,0
60291,1
60292,0
60293,1
60294,1
60295,2
60296,0
60297,1
60298,1
60299,2
60300,1
60301,2
60302,2
60303,3
60304,0
60305,1
60306,1
60307,2
60308,1
60309,2
60310,2
60311,3
60312,1
60313,2
60314,2
60315,3
60316,2
60317,3
60318,3
60319,4
60320,0
60321,1
60322,1
60323,2
60324,1
60325,2
60326,2
60327,3
60328,1
60329,2
60330,2
60331,3
60332,2
60333,3
60334,3
60335,4
60336,1
60337,2
60338,2
60339,3
60340,2
60341,3
60342,3
60343,4
60344,2
60345,3
60346,3
60347,4
60348,3
60349,4
60350,4
60351,3
60352,0
60353,1
60354,1
60355,2
60356,1
60357,2
60358,2
60359,3
60360,1
60361,2
60362,2
60363,3
60364,2
60365,3
60366,3
60367,4
60368,1
60369,2
60370,2
60371,3
60372,2
60373,3
60374,3
60375,4
60376,2
60377,3
60378,3
60379,4
60380,3
60381,4
60382,4
60383,3
60384,1
60385,2
60386,2
60387,3
60388,2
60389,3
60390,3
60391,4
60392,2
60393,3
60394,3
60395,4
60396,3
60397,4
60398,4
60399,3
60400,2
60401,3
60402,3
60403,4
60404,3
60405,4
60406,4
60407,3
60408,3
60409,4
60410,4
60411,3
60412,4
60413,3
60414,3
60415,2
60416,3
60417,2
60418,2
60419,1
60420,2
60421,1
60422,1
60423,0
60424,2
60425,1
60426,1
60427,0
60428,1
60429,0
60430,0
60431,1
60432,2
60433,1
60434,1
60435,0
60436,1
60437,0
60438,0
60439,1
60440,1
60441,0
60442,0
60443,1
60444,0
60445,1
60446,1
60447,2
60448,2
60449,1
60450,1
60451,0
60452,1
60453,0
60454,0
60455,1
60456,1
60457,0
60458,0
60459,1
60460,0
60461,1
60462,1
60463,2
60464,1
60465,0
60466,0
60467,1
60468,0
60469,1
60470,1
60471,2
60472,0
60473,1
60474,1
60475,2
60476,1
60477,2
60478,2
60479,3
60480,2
60481,1
60482,1
60483,0
60484,1
60485,0
60486,0
60487,1
60488,1
60489,0
60490,0
60491,1
60492,0
60493,1
60494,1
60495,2
60496,1
60497,0
60498,0
60499,1
60500,0
60501,1
60502,1
60503,2
60504,0
60505,1
60506,1
60507,2
60508,1
60509,2
60510,2
60511,3
60512,1
60513,0
60514,0
60515,1
60516,0
60517,1
60518,1
60519,2
60520,0
60521,1
60522,1
60523,2
60524,1
60525,2
60526,2
60527,3
60528,0
60529,1
60530,1
60531,2
60532,1
60533,2
60534,2
60535,3
60536,1
60537,2
60538,2
60539,3
60540,2
60541,3
60542,3
60543,4
60544,2
60545,1
60546,1
60547,0
60548,1
60549,0
60550,0
60551,1
60552,1
60553,0
60554,0
60555,1
60556,0
60557,1
60558,1
60559,2
60560,1
60561,0
60562,0
60563,1
60564,0
60565,1
60566,1
60567,2
60568,0
60569,1
60570,1
60571,2
60572,1
60573,2
60574,2
60575,3
60576,1
60577,0
60578,0
60579,1
60580,0
60581,1
60582,1
60583,2
60584,0
60585,1
60586,1
60587,2
60588,1
60589,2
60590,2
60591,3
60592,0
60593,1
60594,1
60595,2
60596,1
60597,2
60598,2
60599,3
60600,1
60601,2
60602,2
60603,3
60604,2
60605,3
60606,3
60607,4
60608,1
60609,0
60610,0
60611,1
60612,0
60613,1
60614,1
60615,2
60616,0
60617,1
60618,1
60619,2
60620,1
60621,2
60622,2
60623,3
60624,0
60625,1
60626,1
60627,2
60628,1
60629,2
60630,2
60631,3
60632,1
60633,2
60634,2
60635,3
60636,2
60637,3
60638,3
60639,4
60640,0
60641,1
60642,1
60643,2
60644,1
60645,2
60646,2
60647,3
60648,1
60649,2
60650,2
60651,3
60652,2
60653,3
60654,3
60655,4
60656,1
60657,2
60658,2
60659,3
60660,2
60661,3
60662,3
60663,4
60664,2
60665,3
60666,3
60667,4
60668,3
60669,4
60670,4
60671,3
60672,2
60673,1
60674,1
60675,0
60676,1
60677,0
60678,0
60679,1
60680,1
60681,0
60682,0
60683,1
60684,0
60685,1
60686,1
60687,2
60688,1
60689,0
60690,0
60691,1
60692,0
60693,1
60694,1
60695,2
60696,0
60697,1
60698,1
60699,2
60700,1
60701,2
60702,2
60703,3
60704,1
60705,0
60706,0
60707,1
60708,0
60709,1
60710,1
60711,2
60712,0
60713,1
60714,1
60715,2
60716,1
60717,2
60718,2
60719,3
60720,0
60721,1
60722,1
60723,2
60724,1
60725,2
60726,2
60727,3
60728,1
60729,2
60730,2
60731,3
60732,2
60733,3
60734,3
60735,4
60736,1
60737,0
60738,0
60739,1
60740,0
60741,1
60742,1
60743,2
60744,0
60745,1
60746,1
60747,2
60748,1
60749,2
60750,2
60751,3
60752,0
60753,1
60754,1
60755,2
60756,1
60757,2
60758,2
60759,3
60760,1
60761,2
60762,2
60763,3
60764,2
60765,3
60766,3
60767,4
60768,0
60769,1
60770,1
60771,2
60772,1
60773,2
60774,2
60775,3
60776,1
60777,2
60778,2
60779,3
60780,2
60781,3
60782,3
60783,4
60784,1
60785,2
60786,2
60787,3
60788,2
60789,3
60790,3
60791,4
60792,2
60793,3
60794,3
60795,4
60796,3
60797,4
60798,4
60799,3
60800,1
60801,0
60802,0
60803,1
60804,0
60805,1
60806,1
60807,2
60808,0
60809,1
60810,1
60811,2
60812,1
60813,2
60814,2
60815,3
60816,0
60817,1
60818,1
60819,2
60820,1
60821,2
60822,2
60823,3
60824,1
60825,2
60826,2
60827,3
60828,2
60829,3
60830,3
60831,4
60832,0
60833,1
60834,1
60835,2
60836,1
60837,2
60838,2
60839,3
60840,1
60841,2
60842,2
60843,3
60844,2
60845,3
60846,3
60847,4
60848,1
60849,2
60850,2
60851,3
60852,2
60853,3
60854,3
60855,4
60856,2
60857,3
60858,3
60859,4
60860,3
60861,4
60862,4
60863,3
60864,0
60865,1
60866,1
60867,2
60868,1
60869,2
60870,2
60871,3
60872,1
60873,2
60874,2
60875,3
60876,2
60877,3
60878,3
60879,4
60880,1
60881,2
60882,2
60883,3
60884,2
60885,3
60886,3
60887,4
60888,2
60889,3
60890,3
60891,4
60892,3
60893,4
60894,4
60895,3
60896,1
60897,2
60898,2
60899,3
60900,2
60901,3
60902,3
60903,4
60904,2
60905,3
60906,3
60907,4
60908,3
60909,4
60910,4
60911,3
60912,2
60913,3
60914,3
60915,4
60916,3
60917,4
60918,4
60919,3
60920,3
60921,4
60922,4
60923,3
60924,4
60925,3
60926,3
60927,2
60928,2
60929,1
60930,1
60931,0
60932,1
60933,0
60934,0
60935,1
60936,1
60937,0
60938,0
60939,1
60940,0
60941,1
60942,1
60943,2
60944,1
60945,0
60946,0
60947,1
60948,0
60949,1
60950,1
60951,2
60952,0
60953,1
60954,1
60955,2
60956,1
60957,2
60958,2
60959,3
60960,1
60961,0
60962,0
60963,1
60964,0
60965,1
60966,1
60967,2
60968,0
60969,1
60970,1
60971,2
60972,1
60973,2
60974,2
60975,3
60976,0
60977,1
60978,1
60979,2
60980,1
60981,2
60982,2
60983,3
60984,1
60985,2
60986,2
60987,3
60988,2
60989,3
60990,3
60991,4
60992,1
60993,0
60994,0
60995,1
60996,0
60997,1
60998,1
60999,2
61000,0
61001,1
61002,1
61003,2
61004,1
61005,2
61006,2
61007,3
61008,0
61009,1
61010,1
61011,2
61012,1
61013,2
61014,2
61015,3
61016,1
61017,2
61018,2
61019,3
61020,2
61021,3
61022,3
61023,4
61024,0
61025,1
61026,1
61027,2
61028,1
61029,2
61030,2
61031,3
61032,1
61033,2
61034,2
61035,3
61036,2
61037,3
61038,3
61039,4
61040,1
61041,2
61042,2
61043,3
61044,2
61045,3
61046,3
61047,4
61048,2
61049,3
61050,3
61051,4
61052,3
61053,4
61054,4
61055,3
61056,1
61057,0
61058,0
61059,1
61060,0
61061,1
61062,1
61063,2
61064,0
61065,1
61066,1
61067,2
61068,1
61069,2
61070,2
61071,3
61072,0
61073,1
61074,1
61075,2
61076,1
61077,2
61078,2
61079,3
61080,1
61081,2
61082,2
61083,3
61084,2
61085,3
61086,3
61087,4
61088,0
61089,1
61090,1
61091,2
61092,1
61093,2
61094,2
61095,3
61096,1
61097,2
61098,2
61099,3
61100,2
61101,3
61102,3
61103,4
61104,1
61105,2
61106,2
61107,3
61108,2
61109,3
61110,3
61111,4
61112,2
61113,3
61114,3
61115,4
61116,3
61117,4
61118,4
61119,3
61120,0
61121,1
61122,1
61123,2
61124,1
61125,2
61126,2
61127,3
61128,1
61129,2
61130,2
61131,3
61132,2
61133,3
61134,3
61135,4
61136,1
61137,2
61138,2
61139,3
61140,2
61141,3
61142,3
61143,4
61144,2
61145,3
61146,3
61147,4
61148,3
61149,4
61150,4
61151,3
61152,1
61153,2
61154,2
61155,3
61156,2
61157,3
61158,3
61159,4
61160,2
61161,3
61162,3
61163,4
61164,3
61165,4
61166,4
61167,3
61168,2
61169,3
61170,3
61171,4
61172,3
61173,4
61174,4
61175,3
61176,3
61177,4
61178,4
61179,3
61180,4
61181,3
61182,3
61183,2
61184,1
61185,0
61186,0
61187,1
61188,0
61189,1
61190,1
61191,2
61192,0
61193,1
61194,1
61195,2
61196,1
61197,2
61198,2
61199,3
61200,0
61201,1
61202,1
61203,2
61204,1
61205,2
61206,2
61207,3
61208,1
61209,2
61210,2
61211,3
61212,2
61213,3
61214,3
61215,4
61216,0
61217,1
61218,1
61219,2
61220,1
61221,2
61222,2
61223,3
61224,1
61225,2
61226,2
61227,3
61228,2
61229,3
61230,3
61231,4
61232,1
61233,2
61234,2
61235,3
61236,2
61237,3
61238,3
61239,4
61240,2
61241,3
61242,3
61243,4
61244,3
61245,4
61246,4
61247,3
61248,0
61249,1
61250,1
61251,2
61252,1
61253,2
61254,2
61255,3
61256,1
61257,2
61258,2
61259,3
61260,2
61261,3
61262,3
61263,4
61264,1
61265,2
61266,2
61267,3
61268,2
61269,3
61270,3
61271,4
61272,2
61273,3
61274,3
61275,4
61276,3
61277,4
61278,4
61279,3
61280,1
61281,2
61282,2
61283,3
61284,2
61285,3
61286,3
61287,4
61288,2
61289,3
61290,3
61291,4
61292,3
61293,4
61294,4
61295,3
61296,2
61297,3
61298,3
61299,4
61300,3
61301,4
61302,4
61303,3
61304,3
61305,4
61306,4
61307,3
61308,4
61309,3
61310,3
61311,2
61312,0
61313,1
61314,1
61315,2
61316,1
61317,2
61318,2
61319,3
61320,1
61321,2
61322,2
61323,3
61324,2
61325,3
61326,3
61327,4
61328,1
61329,2
61330,2
61331,3
61332,2
61333,3
61334,3
61335,4
61336,2
61337,3
61338,3
61339,4
61340,3
61341,4
61342,4
61343,3
61344,1
61345,2
61346,2
61347,3
61348,2
61349,3
61350,3
61351,4
61352,2
61353,3
61354,3
61355,4
61356,3
61357,4
61358,4
61359,3
61360,2
61361,3
61362,3
61363,4
61364,3
61365,4
61366,4
61367,3
61368,3
61369,4
61370,4
61371,3
61372,4
61373,3
61374,3
61375,2
61376,1
61377,2
61378,2
61379,3
61380,2
61381,3
61382,3
61383,4
61384,2
61385,3
61386,3
61387,4
61388,3
61389,4
61390,4
61391,3
61392,2
61393,3
61394,3
61395,4
61396,3
61397,4
61398,4
61399,3
61400,3
61401,4
61402,4
61403,3
61404,4
61405,3
61406,3
61407,2
61408,2
61409,3
61410,3
61411,4
61412,3
61413,4
61414,4
61415,3
61416,3
61417,4
61418,4
61419,3
61420,4
61421,3
61422,3
61423,2
61424,3
61425,4
61426,4
61427,3
61428,4
61429,3
61430,3
61431,2
61432,4
61433,3
61434,3
61435,2
61436,3
61437,2
61438,2
61439,1
61440,4
61441,3
61442,3
61443,2
61444,3
61445,2
61446,2
61447,1
61448,3
61449,2
61450,2
61451,1
61452,2
61453,1
61454,1
61455,0
61456,3
61457,2
61458,2
61459,1
61460,2
61461,1
61462,1
61463,0
61464,2
61465,1
61466,1
61467,0
61468,1
61469,0
61470,0
61471,1
61472,3
61473,2
61474,2
61475,1
61476,2
61477,1
61478,1
61479,0
61480,2
61481,1
61482,1
61483,0
61484,1
61485,0
61486,0
61487,1
61488,2
61489,1
61490,1
61491,0
61492,1
61493,0
61494,0
61495,1
61496,1
61497,0
61498,0
61499,1
61500,0
61501,1
61502,1
61503,2
61504,3
61505,2
61506,2
61507,1
61508,2
61509,1
61510,1
61511,0
61512,2
61513,1
61514,1
61515,0
61516,1
61517,0
61518,0
61519,1
61520,2
61521,1
61522,1
61523,0
61524,1
61525,0
61526,0
61527,1
61528,1
61529,0
61530,0
61531,1
61532,0
61533,1
61534,1
61535,2
61536,2
61537,1
61538,1
61539,0
61540,1
61541,0
61542,0
61543,1
61544,1
61545,0
61546,0
61547,1
61548,0
61549,1
61550,1
61551,2
61552,1
61553,0
61554,0
61555,1
61556,0
61557,1
61558,1
61559,2
61560,0
61561,1
61562,1
61563,2
61564,1
61565,2
61566,2
61567,3
61568,3
61569,2
61570,2
61571,1
61572,2
61573,1
61574,1
61575,0
61576,2
61577,1
61578,1
61579,0
61580,1
61581,0
61582,0
61583,1
61584,2
61585,1
61586,1
61587,0
61588,1
61589,0
61590,0
61591,1
61592,1
61593,0
61594,0
61595,1
61596,0
61597,1
61598,1
61599,2
61600,2
61601,1
61602,1
61603,0
61604,1
61605,0
61606,0
61607,1
61608,1
61609,0
61610,0
61611,1
61612,0
61613,1
61614,1
61615,2
61616,1
61617,0
61618,0
61619,1
61620,0
61621,1
61622,1
61623,2
61624,0
61625,1
61626,1
61627,2
61628,1
61629,2
61630,2
61631,3
61632,2
61633,1
61634,1
61635,0
61636,1
61637,0
61638,0
61639,1
61640,1
61641,0
61642,0
61643,1
61644,0
61645,1
61646,1
61647,2
61648,1
61649,0
61650,0
61651,1
61652,0
61653,1
61654,1
61655,2
61656,0
61657,1
61658,1
61659,2
61660,1
61661,2
61662,2
61663,3
61664,1
61665,0
61666,0
61667,1
61668,0
61669,1
61670,1
61671,2
61672,0
61673,1
61674,1
61675,2
61676,1
61677,2
61678,2
61679,3
61680,0
61681,1
61682,1
61683,2
61684,1
61685,2
61686,2
61687,3
61688,1
61689,2
61690,2
61691,3
61692,2
61693,3
61694,3
61695,4
61696,3
61697,2
61698,2
61699,1
61700,2
61701,1
61702,1
61703,0
61704,2
61705,1
61706,1
61707,0
61708,1
61709,0
61710,0
61711,1
61712,2
61713,1
61714,1
61715,0
61716,1
61717,0
61718,0
61719,1
61720,1
61721,0
61722,0
61723,1
61724,0
61725,1
61726,1
61727,2
61728,2
61729,1
61730,1
61731,0
61732,1
61733,0
61734,0
61735,1
61736,1
61737,0
61738,0
61739,1
61740,0
61741,1
61742,1
61743,2
61744,1
61745,0
61746,0
61747,1
61748,0
61749,1
61750,1
61751,2
61752,0
61753,1
61754,1
61755,2
61756,1
61757,2
61758,2
61759,3
61760,2
61761,1
61762,1
61763,0
61764,1
61765,0
61766,0
61767,1
61768,1
61769,0
61770,0
61771,1
61772,0
61773,1
61774,1
61775,2
61776,1
61777,0
61778,0
61779,1
61780,0
61781,1
61782,1
61783,2
61784,0
61785,1
61786,1
61787,2
61788,1
61789,2
61790,2
61791,3
61792,1
61793,0
61794,0
61795,1
61796,0
61797,1
61798,1
61799,2
61800,0
61801,1
61802,1
61803,2
61804,1
61805,2
61806,2
61807,3
61808,0
61809,1
61810,1
61811,2
61812,1
61813,2
61814,2
61815,3
61816,1
61817,2
61818,2
61819,3
61820,2
61821,3
61822,3
61823,4
61824,2
61825,1
61826,1
61827,0
61828,1
61829,0
61830,0
61831,1
61832,1
61833,0
61834,0
61835,1
61836,0
61837,1
61838,1
61839,2
61840,1
61841,0
61842,0
61843,1
61844,0
61845,1
61846,1
61847,2
61848,0
61849,1
61850,1
61851,2
61852,1
61853,2
61854,2
61855,3
61856,1
61857,0
61858,0
61859,1
61860,0
61861,1
61862,1
61863,2
61864,0
61865,1
61866,1
61867,2
61868,1
61869,2
61870,2
61871,3
61872,0
61873,1
61874,1
61875,2
61876,1
61877,2
61878,2
61879,3
61880,1
61881,2
61882,2
61883,3
61884,2
61885,3
61886,3
61887,4
61888,1
61889,0
61890,0
61891,1
61892,0
61893,1
61894,1
61895,2
61896,0
61897,1
61898,1
61899,2
61900,1
61901,2
61902,2
61903,3
61904,0
61905,1
61906,1
61907,2
61908,1
61909,2
61910,2
61911,3
61912,1
61913,2
61914,2
61915,3
61916,2
61917,3
61918,3
61919,4
61920,0
61921,1
61922,1
61923,2
61924,1
61925,2
61926,2
61927,3
61928,1
61929,2
61930,2
61931,3
61932,2
61933,3
61934,3
61935,4
61936,1
61937,2
61938,2
61939,3
61940,2
61941,3
61942,3
61943,4
61944,2
61945,3
61946,3
61947,4
61948,3
61949,4
61950,4
61951,3
61952,3
61953,2
61954,2
61955,1
61956,2
61957,1
61958,1
61959,0
61960,2
61961,1
61962,1
61963,0
61964,1
61965,0
61966,0
61967,1
61968,2
61969,1
61970,1
61971,0
61972,1
61973,0
61974,0
61975,1
61976,1
61977,0
61978,0
61979,1
61980,0
61981,1
61982,1
61983,2
61984,2
61985,1
61986,1
61987,0
61988,1
61989,0
61990,0
61991,1
61992,1
61993,0
61994,0
61995,1
61996,0
61997,1
61998,1
61999,2
62000,1
62001,0
62002,0
62003,1
62004,0
62005,1
62006,1
62007,2
62008,0
62009,1
62010,1
62011,2
62012,1
62013,2
62014,2
62015,3
62016,2
62017,1
62018,1
62019,0
62020,1
62021,0
62022,0
62023,1
62024,1
62025,0
62026,0
62027,1
62028,0
62029,1
62030,1
62031,2
62032,1
62033,0
62034,0
62035,1
62036,0
62037,1
62038,1
62039,2
62040,0
62041,1
62042,1
62043,2
62044,1
62045,2
62046,2
62047,3
62048,1
62049,0
62050,0
62051,1
62052,0
62053,1
62054,1
62055,2
62056,0
62057,1
62058,1
62059,2
62060,1
62061,2
62062,2
62063,3
62064,0
62065,1
62066,1
62067,2
62068,1
62069,2
62070,2
62071,3
62072,1
62073,2
62074,2
62075,3
62076,2
62077,3
62078,3
62079,4
62080,2
62081,1
62082,1
62083,0
62084,1
62085,0
62086,0
62087,1
62088,1
62089,0
62090,0
62091,1
62092,0
62093,1
62094,1
62095,2
62096,1
62097,0
62098,0
62099,1
62100,0
62101,1
62102,1
62103,2
62104,0
62105,1
62106,1
62107,2
62108,1
62109,2
62110,2
62111,3
62112,1
62113,0
62114,0
62115,1
62116,0
62117,1
62118,1
62119,2
62120,0
62121,1
62122,1
62123,2
62124,1
62125,2
62126,2
62127,3
62128,0
62129,1
62130,1
62131,2
62132,1
62133,2
62134,2
62135,3
62136,1
62137,2
62138,2
62139,3
62140,2
62141,3
62142,3
62143,4
62144,1
62145,0
62146,0
62147,1
62148,0
62149,1
62150,1
62151,2
62152,0
62153,1
62154,1
62155,2
62156,1
62157,2
62158,2
62159,3
62160,0
62161,1
62162,1
62163,2
62164,1
62165,2
62166,2
62167,3
62168,1
62169,2
62170,2
62171,3
62172,2
62173,3
62174,3
62175,4
62176,0
62177,1
62178,1
62179,2
62180,1
62181,2
62182,2
62183,3
62184,1
62185,2
62186,2
62187,3
62188,2
62189,3
62190,3
62191,4
62192,1
62193,2
62194,2
62195,3
62196,2
62197,3
62198,3
62199,4
62200,2
62201,3
62202,3
62203,4
62204,3
62205,4
62206,4
62207,3
62208,2
62209,1
62210,1
62211,0
62212,1
62213,0
62214,0
62215,1
62216,1
62217,0
62218,0
62219,1
62220,0
62221,1
62222,1
62223,2
62224,1
62225,0
62226,0
62227,1
62228,0
62229,1
62230,1
62231,2
62232,0
62233,1
62234,1
62235,2
62236,1
62237,2
62238,2
62239,3
62240,1
62241,0
62242,0
62243,1
62244,0
62245,1
62246,1
62247,2
62248,0
62249,1
62250,1
62251,2
62252,1
62253,2
62254,2
62255,3
62256,0
62257,1
62258,1
62259,2
62260,1
62261,2
62262,2
62263,3
62264,1
62265,2
62266,2
62267,3
62268,2
62269,3
62270,3
62271,4
62272,1
62273,0
62274,0
62275,1
62276,0
62277,1
62278,1
62279,2
62280,0
62281,1
62282,1
62283,2
62284,1
62285,2
62286,2
62287,3
62288,0
62289,1
62290,1
62291,2
62292,1
62293,2
62294,2
62295,3
62296,1
62297,2
62298,2
62299,3
62300,2
62301,3
62302,3
62303,4
62304,0
62305,1
62306,1
62307,2
62308,1
62309,2
62310,2
62311,3
62312,1
62313,2
62314,2
62315,3
62316,2
62317,3
62318,3
62319,4
62320,1
62321,2
62322,2
62323,3
62324,2
62325,3
62326,3
62327,4
62328,2
62329,3
62330,3
62331,4
62332,3
62333,4
62334,4
62335,3
62336,1
62337,0
62338,0
62339,1
62340,0
62341,1
62342,1
62343,2
62344,0
62345,1
62346,1
62347,2
62348,1
62349,2
62350,2
62351,3
62352,0
62353,1
62354,1
62355,2
62356,1
62357,2
62358,2
62359,3
62360,1
62361,2
62362,2
62363,3
62364,2
62365,3
62366,3
62367,4
62368,0
62369,1
62370,1
62371,2
62372,1
62373,2
62374,2
62375,3
62376,1
62377,2
62378,2
62379,3
62380,2
62381,3
62382,3
62383,4
62384,1
62385,2
62386,2
62387,3
62388,2
62389,3
62390,3
62391,4
62392,2
62393,3
62394,3
62395,4
62396,3
62397,4
62398,4
62399,3
62400,0
62401,1
62402,1
62403,2
62404,1
62405,2
62406,2
62407,3
62408,1
62409,2
62410,2
62411,3
62412,2
62413,3
62414,3
62415,4
62416,1
62417,2
62418,2
62419,3
62420,2
62421,3
62422,3
62423,4
62424,2
62425,3
62426,3
62427,4
62428,3
62429,4
62430,4
62431,3
62432,1
62433,2
62434,2
62435,3
62436,2
62437,3
62438,3
62439,4
62440,2
62441,3
62442,3
62443,4
62444,3
62445,4
62446,4
62447,3
62448,2
62449,3
62450,3
62451,4
62452,3
62453,4
62454,4
62455,3
62456,3
62457,4
62458,4
62459,3
62460,4
62461,3
62462,3
62463,2
62464,3
62465,2
62466,2
62467,1
62468,2
62469,1
62470,1
62471,0
62472,2
62473,1
62474,1
62475,0
62476,1
62477,0
62478,0
62479,1
62480,2
62481,1
62482,1
62483,0
62484,1
62485,0
62486,0
62487,1
62488,1
62489,0
62490,0
62491,1
62492,0
62493,1
62494,1
62495,2
62496,2
62497,1
62498,1
62499,0
62500,1
62501,0
62502,0
62503,1
62504,1
62505,0
62506,0
62507,1
62508,0
62509,1
62510,1
62511,2
62512,1
62513,0
62514,0
62515,1
62516,0
62517,1
62518,1
62519,2
62520,0
62521,1
62522,1
62523,2
62524,1
62525,2
62526,2
62527,3
62528,2
62529,1
62530,1
62531,0
62532,1
62533,0
62534,0
62535,1
62536,1
62537,0
62538,0
62539,1
62540,0
62541,1
62542,1
62543,2
62544,1
62545,0
62546,0
62547,1
62548,0
62549,1
62550,1
62551,2
62552,0
62553,1
62554,1
62555,2
62556,1
62557,2
62558,2
62559,3
62560,1
62561,0
62562,0
62563,1
62564,0
62565,1
62566,1
62567,2
62568,0
62569,1
62570,1
62571,2
62572,1
62573,2
62574,2
62575,3
62576,0
62577,1
62578,1
62579,2
62580,1
62581,2
62582,2
62583,3
62584,1
62585,2
62586,2
62587,3
62588,2
62589,3
62590,3
62591,4
62592,2
62593,1
62594,1
62595,0
62596,1
62597,0
62598,0
62599,1
62600,1
62601,0
62602,0
62603,1
62604,0
62605,1
62606,1
62607,2
62608,1
62609,0
62610,0
62611,1
62612,0
62613,1
62614,1
62615,2
62616,0
62617,1
62618,1
62619,2
62620,1
62621,2
62622,2
62623,3
62624,1
62625,0
62626,0
62627,1
62628,0
62629,1
62630,1
62631,2
62632,0
62633,1
62634,1
62635,2
62636,1
62637,2
62638,2
62639,3
62640,0
62641,1
62642,1
62643,2
62644,1
62645,2
62646,2
62647,3
62648,1
62649,2
62650,2
62651,3
62652,2
62653,3
62654,3
62655,4
62656,1
62657,0
62658,0
62659,1
62660,0
62661,1
62662,1
62663,2
62664,0
62665,1
62666,1
62667,2
62668,1
62669,2
62670,2
62671,3
62672,0
62673,1
62674,1
62675,2
62676,1
62677,2
62678,2
62679,3
62680,1
62681,2
62682,2
62683,3
62684,2
62685,3
62686,3
62687,4
62688,0
62689,1
62690,1
62691,2
62692,1
62693,2
62694,2
62695,3
62696,1
62697,2
62698,2
62699,3
62700,2
62701,3
62702,3
62703,4
62704,1
62705,2
62706,2
62707,3
62708,2
62709,3
62710,3
62711,4
62712,2
62713,3
62714,3
62715,4
62716,3
62717,4
62718,4
62719,3
62720,2
62721,1
62722,1
62723,0
62724,1
62725,0
62726,0
62727,1
62728,1
62729,0
62730,0
62731,1
62732,0
62733,1
62734,1
62735,2
62736,1
62737,0
62738,0
62739,1
62740,0
62741,1
62742,1
62743,2
62744,0
62745,1
62746,1
62747,2
62748,1
62749,2
62750,2
62751,3
62752,1
62753,0
62754,0
62755,1
62756,0
62757,1
62758,1
62759,2
62760,0
62761,1
62762,1
62763,2
62764,1
62765,2
62766,2
62767,3
62768,0
62769,1
62770,1
62771,2
62772,1
62773,2
62774,2
62775,3
62776,1
62777,2
62778,2
62779,3
62780,2
62781,3
62782,3
62783,4
62784,1
62785,0
62786,0
62787,1
62788,0
62789,1
62790,1
62791,2
62792,0
62793,1
62794,1
62795,2
62796,1
62797,2
62798,2
62799,3
62800,0
62801,1
62802,1
62803,2
62804,1
62805,2
62806,2
62807,3
62808,1
62809,2
62810,2
62811,3
62812,2
62813,3
62814,3
62815,4
62816,0
62817,1
62818,1
62819,2
62820,1
62821,2
62822,2
62823,3
62824,1
62825,2
62826,2
62827,3
62828,2
62829,3
62830,3
62831,4
62832,1
62833,2
62834,2
62835,3
62836,2
62837,3
62838,3
62839,4
62840,2
62841,3
62842,3
62843,4
62844,3
62845,4
62846,4
62847,3
62848,1
62849,0
62850,0
62851,1
62852,0
62853,1
62854,1
62855,2
62856,0
62857,1
62858,1
62859,2
62860,1
62861,2
62862,2
62863,3
62864,0
62865,1
62866,1
62867,2
62868,1
62869,2
62870,2
62871,3
62872,1
62873,2
62874,2
62875,3
62876,2
62877,3
62878,3
62879,4
62880,0
62881,1
62882,1
62883,2
62884,1
62885,2
62886,2
62887,3
62888,1
62889,2
62890,2
62891,3
62892,2
62893,3
62894,3
62895,4
62896,1
62897,2
62898,2
62899,3
62900,2
62901,3
62902,3
62903,4
62904,2
62905,3
62906,3
62907,4
62908,3
62909,4
62910,4
62911,3
62912,0
62913,1
62914,1
62915,2
62916,1
62917,2
62918,2
62919,3
62920,1
62921,2
62922,2
62923,3
62924,2
62925,3
62926,3
62927,4
62928,1
62929,2
62930,2
62931,3
62932,2
62933,3
62934,3
62935,4
62936,2
62937,3
62938,3
62939,4
62940,3
62941,4
62942,4
62943,3
62944,1
62945,2
62946,2
62947,3
62948,2
62949,3
62950,3
62951,4
62952,2
62953,3
62954,3
62955,4
62956,3
62957,4
62958,4
62959,3
62960,2
62961,3
62962,3
62963,4
62964,3
62965,4
62966,4
62967,3
62968,3
62969,4
62970,4
62971,3
62972,4
62973,3
62974,3
62975,2
62976,2
62977,1
62978,1
62979,0
62980,1
62981,0
62982,0
62983,1
62984,1
62985,0
62986,0
62987,1
62988,0
62989,1
62990,1
62991,2
62992,1
62993,0
62994,0
62995,1
62996,0
62997,1
62998,1
62999,2
63000,0
63001,1
63002,1
63003,2
63004,1
63005,2
63006,2
63007,3
63008,1
63009,0
63010,0
63011,1
63012,0
63013,1
63014,1
63015,2
63016,0
63017,1
63018,1
63019,2
63020,1
63021,2
63022,2
63023,3
63024,0
63025,1
63026,1
63027,2
63028,1
63029,2
63030,2
63031,3
63032,1
63033,2
63034,2
63035,3
63036,2
63037,3
63038,3
63039,4
63040,1
63041,0
63042,0
63043,1
63044,0
63045,1
63046,1
63047,2
63048,0
63049,1
63050,1
63051,2
63052,1
63053,2
63054,2
63055,3
63056,0
63057,1
63058,1
63059,2
63060,1
63061,2
63062,2
63063,3
63064,1
63065,2
63066,2
63067,3
63068,2
63069,3
63070,3
63071,4
63072,0
63073,1
63074,1
63075,2
63076,1
63077,2
63078,2
63079,3
63080,1
63081,2
63082,2
63083,3
63084,2
63085,3
63086,3
63087,4
63088,1
63089,2
63090,2
63091,3
63092,2
63093,3
63094,3
63095,4
63096,2
63097,3
63098,3
63099,4
63100,3
63101,4
63102,4
63103,3
63104,1
63105,0
63106,0
63107,1
63108,0
63109,1
63110,1
63111,2
63112,0
63113,1
63114,1
63115,2
63116,1
63117,2
63118,2
63119,3
63120,0
63121,1
63122,1
63123,2
63124,1
63125,2
63126,2
63127,3
63128,1
63129,2
63130,2
63131,3
63132,2
63133,3
63134,3
63135,4
63136,0
63137,1
63138,1
63139,2
63140,1
63141,2
63142,2
63143,3
63144,1
63145,2
63146,2
63147,3
63148,2
63149,3
63150,3
63151,4
63152,1
63153,2
63154,2
63155,3
63156,2
63157,3
63158,3
63159,4
63160,2
63161,3
63162,3
63163,4
63164,3
63165,4
63166,4
63167,3
63168,0
63169,1
63170,1
63171,2
63172,1
63173,2
63174,2
63175,3
63176,1
63177,2
63178,2
63179,3
63180,2
63181,3
63182,3
63183,4
63184,1
63185,2
63186,2
63187,3
63188,2
63189,3
63190,3
63191,4
63192,2
63193,3
63194,3
63195,4
63196,3
63197,4
63198,4
63199,3
63200,1
63201,2
63202,2
63203,3
63204,2
63205,3
63206,3
63207,4
63208,2
63209,3
63210,3
63211,4
63212,3
63213,4
63214,4
63215,3
63216,2
63217,3
63218,3
63219,4
63220,3
63221,4
63222,4
63223,3
63224,3
63225,4
63226,4
63227,3
63228,4
63229,3
63230,3
63231,2
63232,1
63233,0
63234,0
63235,1
63236,0
63237,1
63238,1
63239,2
63240,0
63241,1
63242,1
63243,2
63244,1
63245,2
63246,2
63247,3
63248,0
63249,1
63250,1
63251,2
63252,1
63253,2
63254,2
63255,3
63256,1
63257,2
63258,2
63259,3
63260,2
63261,3
63262,3
63263,4
63264,0
63265,1
63266,1
63267,2
63268,1
63269,2
63270,2
63271,3
63272,1
63273,2
63274,2
63275,3
63276,2
63277,3
63278,3
63279,4
63280,1
63281,2
63282,2
63283,3
63284,2
63285,3
63286,3
63287,4
63288,2
63289,3
63290,3
63291,4
63292,3
63293,4
63294,4
63295,3
63296,0
63297,1
63298,1
63299,2
63300,1
63301,2
63302,2
63303,3
63304,1
63305,2
63306,2
63307,3
63308,2
63309,3
63310,3
63311,4
63312,1
63313,2
63314,2
63315,3
63316,2
63317,3
63318,3
63319,4
63320,2
63321,3
63322,3
63323,4
63324,3
63325,4
63326,4
63327,3
63328,1
63329,2
63330,2
63331,3
63332,2
63333,3
63334,3
63335,4
63336,2
63337,3
63338,3
63339,4
63340,3
63341,4
63342,4
63343,3
63344,2
63345,3
63346,3
63347,4
63348,3
63349,4
63350,4
63351,3
63352,3
63353,4
63354,4
63355,3
63356,4
63357,3
63358,3
63359,2
63360,0
63361,1
63362,1
63363,2
63364,1
63365,2
63366,2
63367,3
63368,1
63369,2
63370,2
63371,3
63372,2
63373,3
63374,3
63375,4
63376,1
63377,2
63378,2
63379,3
63380,2
63381,3
63382,3
63383,4
63384,2
63385,3
63386,3
63387,4
63388,3
63389,4
63390,4
63391,3
63392,1
63393,2
63394,2
63395,3
63396,2
63397,3
63398,3
63399,4
63400,2
63401,3
63402,3
63403,4
63404,3
63405,4
63406,4
63407,3
63408,2
63409,3
63410,3
63411,4
63412,3
63413,4
63414,4
63415,3
63416,3
63417,4
63418,4
63419,3
63420,4
63421,3
63422,3
63423,2
63424,1
63425,2
63426,2
63427,3
63428,2
63429,3
63430,3
63431,4
63432,2
63433,3
63434,3
63435,4
63436,3
63437,4
63438,4
63439,3
63440,2
63441,3
63442,3
63443,4
63444,3
63445,4
63446,4
63447,3
63448,3
63449,4
63450,4
63451,3
63452,4
63453,3
63454,3
63455,2
63456,2
63457,3
63458,3
63459,4
63460,3
63461,4
63462,4
63463,3
63464,3
63465,4
63466,4
63467,3
63468,4
63469,3
63470,3
63471,2
63472,3
63473,4
63474,4
63475,3
63476,4
63477,3
63478,3
63479,2
63480,4
63481,3
63482,3
63483,2
63484,3
63485,2
63486,2
63487,1
63488,3
63489,2
63490,2
63491,1
63492,2
63493,1
63494,1
63495,0
63496,2
63497,1
63498,1
63499,0
63500,1
63501,0
63502,0
63503,1
63504,2
63505,1
63506,1
63507,0
63508,1
63509,0
63510,0
63511,1
63512,1
63513,0
63514,0
63515,1
63516,0
63517,1
63518,1
63519,2
63520,2
63521,1
63522,1
63523,0
63524,1
63525,0
63526,0
63527,1
63528,1
63529,0
63530,0
63531,1
63532,0
63533,1
63534,1
63535,2
63536,1
63537,0
63538,0
63539,1
63540,0
63541,1
63542,1
63543,2
63544,0
63545,1
63546,1
63547,2
63548,1
63549,2
63550,2
63551,3
63552,2
63553,1
63554,1
63555,0
63556,1
63557,0
63558,0
63559,1
63560,1
63561,0
63562,0
63563,1
63564,0
63565,1
63566,1
63567,2
63568,1
63569,0
63570,0
63571,1
63572,0
63573,1
63574,1
63575,2
63576,0
63577,1
63578,1
63579,2
63580,1
63581,2
63582,2
63583,3
63584,1
63585,0
63586,0
63587,1
63588,0
63589,1
63590,1
63591,2
63592,0
63593,1
63594,1
63595,2
63596,1
63597,2
63598,2
63599,3
63600,0
63601,1
63602,1
63603,2
63604,1
63605,2
63606,2
63607,3
63608,1
63609,2
63610,2
63611,3
63612,2
63613,3
63614,3
63615,4
63616,2
63617,1
63618,1
63619,0
63620,1
63621,0
63622,0
63623,1
63624,1
63625,0
63626,0
63627,1
63628,0
63629,1
63630,1
63631,2
63632,1
63633,0
63634,0
63635,1
63636,0
63637,1
63638,1
63639,2
63640,0
63641,1
63642,1
63643,2
63644,1
63645,2
63646,2
63647,3
63648,1
63649,0
63650,0
63651,1
63652,0
63653,1
63654,1
63655,2
63656,0
63657,1
63658,1
63659,2
63660,1
63661,2
63662,2
63663,3
63664,0
63665,1
63666,1
63667,2
63668,1
63669,2
63670,2
63671,3
63672,1
63673,2
63674,2
63675,3
63676,2
63677,3
63678,3
63679,4
63680,1
63681,0
63682,0
63683,1
63684,0
63685,1
63686,1
63687,2
63688,0
63689,1
63690,1
63691,2
63692,1
63693,2
63694,2
63695,3
63696,0
63697,1
63698,1
63699,2
63700,1
63701,2
63702,2
63703,3
63704,1
63705,2
63706,2
63707,3
63708,2
63709,3
63710,3
63711,4
63712,0
63713,1
63714,1
63715,2
63716,1
63717,2
63718,2
63719,3
63720,1
63721,2
63722,2
63723,3
63724,2
63725,3
63726,3
63727,4
63728,1
63729,2
63730,2
63731,3
63732,2
63733,3
63734,3
63735,4
63736,2
63737,3
63738,3
63739,4
63740,3
63741,4
63742,4
63743,3
63744,2
63745,1
63746,1
63747,0
63748,1
63749,0
63750,0
63751,1
63752,1
63753,0
63754,0
63755,1
63756,0
63757,1
63758,1
63759,2
63760,1
63761,0
63762,0
63763,1
63764,0
63765,1
63766,1
63767,2
63768,0
63769,1
63770,1
63771,2
63772,1
63773,2
63774,2
63775,3
63776,1
63777,0
63778,0
63779,1
63780,0
63781,1
63782,1
63783,2
63784,0
63785,1
63786,1
63787,2
63788,1
63789,2
63790,2
63791,3
63792,0
63793,1
63794,1
63795,2
63796,1
63797,2
63798,2
63799,3
63800,1
63801,2
63802,2
63803,3
63804,2
63805,3
63806,3
63807,4
63808,1
63809,0
63810,0
63811,1
63812,0
63813,1
63814,1
63815,2
63816,0
63817,1
63818,1
63819,2
63820,1
63821,2
63822,2
63823,3
63824,0
63825,1
63826,1
63827,2
63828,1
63829,2
63830,2
63831,3
63832,1
63833,2
63834,2
63835,3
63836,2
63837,3
63838,3
63839,4
63840,0
63841,1
63842,1
63843,2
63844,1
63845,2
63846,2
63847,3
63848,1
63849,2
63850,2
63851,3
63852,2
63853,3
63854,3
63855,4
63856,1
63857,2
63858,2
63859,3
63860,2
63861,3
63862,3
63863,4
63864,2
63865,3
63866,3
63867,4
63868,3
63869,4
63870,4
63871,3
63872,1
63873,0
63874,0
63875,1
63876,0
63877,1
63878,1
63879,2
63880,0
63881,1
63882,1
63883,2
63884,1
63885,2
63886,2
63887,3
63888,0
63889,1
63890,1
63891,2
63892,1
63893,2
63894,2
63895,3
63896,1
63897,2
63898,2
63899,3
63900,2
63901,3
63902,3
63903,4
63904,0
63905,1
63906,1
63907,2
63908,1
63909,2
63910,2
63911,3
63912,1
63913,2
63914,2
63915,3
63916,2
63917,3
63918,3
63919,4
63920,1
63921,2
63922,2
63923,3
63924,2
63925,3
63926,3
63927,4
63928,2
63929,3
63930,3
63931,4
63932,3
63933,4
63934,4
63935,3
63936,0
63937,1
63938,1
63939,2
63940,1
63941,2
63942,2
63943,3
63944,1
63945,2
63946,2
63947,3
63948,2
63949,3
63950,3
63951,4
63952,1
63953,2
63954,2
63955,3
63956,2
63957,3
63958,3
63959,4
63960,2
63961,3
63962,3
63963,4
63964,3
63965,4
63966,4
63967,3
63968,1
63969,2
63970,2
63971,3
63972,2
63973,3
63974,3
63975,4
63976,2
63977,3
63978,3
63979,4
63980,3
63981,4
63982,4
63983,3
63984,2
63985,3
63986,3
63987,4
63988,3
63989,4
63990,4
63991,3
63992,3
63993,4
63994,4
63995,3
63996,4
63997,3
63998,3
63999,2
64000,2
64001,1
64002,1
64003,0
64004,1
64005,0
64006,0
64007,1
64008,1
64009,0
64010,0
64011,1
64012,0
64013,1
64014,1
64015,2
64016,1
64017,0
64018,0
64019,1
64020,0
64021,1
64022,1
64023,2
64024,0
64025,1
64026,1
64027,2
64028,1
64029,2
64030,2
64031,3
64032,1
64033,0
64034,0
64035,1
64036,0
64037,1
64038,1
64039,2
64040,0
64041,1
64042,1
64043,2
64044,1
64045,2
64046,2
64047,3
64048,0
64049,1
64050,1
64051,2
64052,1
64053,2
64054,2
64055,3
64056,1
64057,2
64058,2
64059,3
64060,2
64061,3
64062,3
64063,4
64064,1
64065,0
64066,0
64067,1
64068,0
64069,1
64070,1
64071,2
64072,0
64073,1
64074,1
64075,2
64076,1
64077,2
64078,2
64079,3
64080,0
64081,1
64082,1
64083,2
64084,1
64085,2
64086,2
64087,3
64088,1
64089,2
64090,2
64091,3
64092,2
64093,3
64094,3
64095,4
64096,0
64097,1
64098,1
64099,2
64100,1
64101,2
64102,2
64103,3
64104,1
64105,2
64106,2
64107,3
64108,2
64109,3
64110,3
64111,4
64112,1
64113,2
64114,2
64115,3
64116,2
64117,3
64118,3
64119,4
64120,2
64121,3
64122,3
64123,4
64124,3
64125,4
64126,4
64127,3
64128,1
64129,0
64130,0
64131,1
64132,0
64133,1
64134,1
64135,2
64136,0
64137,1
64138,1
64139,2
64140,1
64141,2
64142,2
64143,3
64144,0
64145,1
64146,1
64147,2
64148,1
64149,2
64150,2
64151,3
64152,1
64153,2
64154,2
64155,3
64156,2
64157,3
64158,3
64159,4
64160,0
64161,1
64162,1
64163,2
64164,1
64165,2
64166,2
64167,3
64168,1
64169,2
64170,2
64171,3
64172,2
64173,3
64174,3
64175,4
64176,1
64177,2
64178,2
64179,3
64180,2
64181,3
64182,3
64183,4
64184,2
64185,3
64186,3
64187,4
64188,3
64189,4
64190,4
64191,3
64192,0
64193,1
64194,1
64195,2
64196,1
64197,2
64198,2
64199,3
64200,1
64201,2
64202,2
64203,3
64204,2
64205,3
64206,3
64207,4
64208,1
64209,2
64210,2
64211,3
64212,2
64213,3
64214,3
64215,4
64216,2
64217,3
64218,3
64219,4
64220,3
64221,4
64222,4
64223,3
64224,1
64225,2
64226,2
64227,3
64228,2
64229,3
64230,3
64231,4
64232,2
64233,3
64234,3
64235,4
64236,3
64237,4
64238,4
64239,3
64240,2
64241,3
64242,3
64243,4
64244,3
64245,4
64246,4
64247,3
64248,3
64249,4
64250,4
64251,3
64252,4
64253,3
64254,3
64255,2
64256,1
64257,0
64258,0
64259,1
64260,0
64261,1
64262,1
64263,2
64264,0
64265,1
64266,1
64267,2
64268,1
64269,2
64270,2
64271,3
64272,0
64273,1
64274,1
64275,2
64276,1
64277,2
64278,2
64279,3
64280,1
64281,2
64282,2
64283,3
64284,2
64285,3
64286,3
64287,4
64288,0
64289,1
64290,1
64291,2
64292,1
64293,2
64294,2
64295,3
64296,1
64297,2
64298,2
64299,3
64300,2
64301,3
64302,3
64303,4
64304,1
64305,2
64306,2
64307,3
64308,2
64309,3
64310,3
64311,4
64312,2
64313,3
64314,3
64315,4
64316,3
64317,4
64318,4
64319,3
64320,0
64321,1
64322,1
64323,2
64324,1
64325,2
64326,2
64327,3
64328,1
64329,2
64330,2
64331,3
64332,2
64333,3
64334,3
64335,4
64336,1
64337,2
64338,2
64339,3
64340,2
64341,3
64342,3
64343,4
64344,2
64345,3
64346,3
64347,4
64348,3
64349,4
64350,4
64351,3
64352,1
64353,2
64354,2
64355,3
64356,2
64357,3
64358,3
64359,4
64360,2
64361,3
64362,3
64363,4
64364,3
64365,4
64366,4
64367,3
64368,2
64369,3
64370,3
64371,4
64372,3
64373,4
64374,4
64375,3
64376,3
64377,4
64378,4
64379,3
64380,4
64381,3
64382,3
64383,2
64384,0
64385,1
64386,1
64387,2
64388,1
64389,2
64390,2
64391,3
64392,1
64393,2
64394,2
64395,3
64396,2
64397,3
64398,3
64399,4
64400,1
64401,2
64402,2
64403,3
64404,2
64405,3
64406,3
64407,4
64408,2
64409,3
64410,3
64411,4
64412,3
64413,4
64414,4
64415,3
64416,1
64417,2
64418,2
64419,3
64420,2
64421,3
64422,3
64423,4
64424,2
64425,3
64426,3
64427,4
64428,3
64429,4
64430,4
64431,3
64432,2
64433,3
64434,3
64435,4
64436,3
64437,4
64438,4
64439,3
64440,3
64441,4
64442,4
64443,3
64444,4
64445,3
64446,3
64447,2
64448,1
64449,2
64450,2
64451,3
64452,2
64453,3
64454,3
64455,4
64456,2
64457,3
64458,3
64459,4
64460,3
64461,4
64462,4
64463,3
64464,2
64465,3
64466,3
64467,4
64468,3
64469,4
64470,4
64471,3
64472,3
64473,4
64474,4
64475,3
64476,4
64477,3
64478,3
64479,2
64480,2
64481,3
64482,3
64483,4
64484,3
64485,4
64486,4
64487,3
64488,3
64489,4
64490,4
64491,3
64492,4
64493,3
64494,3
64495,2
64496,3
64497,4
64498,4
64499,3
64500,4
64501,3
64502,3
64503,2
64504,4
64505,3
64506,3
64507,2
64508,3
64509,2
64510,2
64511,1
64512,2
64513,1
64514,1
64515,0
64516,1
64517,0
64518,0
64519,1
64520,1
64521,0
64522,0
64523,1
64524,0
64525,1
64526,1
64527,2
64528,1
64529,0
64530,0
64531,1
64532,0
64533,1
64534,1
64535,2
64536,0
64537,1
64538,1
64539,2
64540,1
64541,2
64542,2
64543,3
64544,1
64545,0
64546,0
64547,1
64548,0
64549,1
64550,1
64551,2
64552,0
64553,1
64554,1
64555,2
64556,1
64557,2
64558,2
64559,3
64560,0
64561,1
64562,1
64563,2
64564,1
64565,2
64566,2
64567,3
64568,1
64569,2
64570,2
64571,3
64572,2
64573,3
64574,3
64575,4
64576,1
64577,0
64578,0
64579,1
64580,0
64581,1
64582,1
64583,2
64584,0
64585,1
64586,1
64587,2
64588,1
64589,2
64590,2
64591,3
64592,0
64593,1
64594,1
64595,2
64596,1
64597,2
64598,2
64599,3
64600,1
64601,2
64602,2
64603,3
64604,2
64605,3
64606,3
64607,4
64608,0
64609,1
64610,1
64611,2
64612,1
64613,2
64614,2
64615,3
64616,1
64617,2
64618,2
64619,3
64620,2
64621,3
64622,3
64623,4
64624,1
64625,2
64626,2
64627,3
64628,2
64629,3
64630,3
64631,4
64632,2
64633,3
64634,3
64635,4
64636,3
64637,4
64638,4
64639,3
64640,1
64641,0
64642,0
64643,1
64644,0
64645,1
64646,1
64647,2
64648,0
64649,1
64650,1
64651,2
64652,1
64653,2
64654,2
64655,3
64656,0
64657,1
64658,1
64659,2
64660,1
64661,2
64662,2
64663,3
64664,1
64665,2
64666,2
64667,3
64668,2
64669,3
64670,3
64671,4
64672,0
64673,1
64674,1
64675,2
64676,1
64677,2
64678,2
64679,3
64680,1
64681,2
64682,2
64683,3
64684,2
64685,3
64686,3
64687,4
64688,1
64689,2
64690,2
64691,3
64692,2
64693,3
64694,3
64695,4
64696,2
64697,3
64698,3
64699,4
64700,3
64701,4
64702,4
64703,3
64704,0
64705,1
64706,1
64707,2
64708,1
64709,2
64710,2
64711,3
64712,1
64713,2
64714,2
64715,3
64716,2
64717,3
64718,3
64719,4
64720,1
64721,2
64722,2
64723,3
64724,2
64725,3
64726,3
64727,4
64728,2
64729,3
64730,3
64731,4
64732,3
64733,4
64734,4
64735,3
64736,1
64737,2
64738,2
64739,3
64740,2
64741,3
64742,3
64743,4
64744,2
64745,3
64746,3
64747,4
64748,3
64749,4
64750,4
64751,3
64752,2
64753,3
64754,3
64755,4
64756,3
64757,4
64758,4
64759,3
64760,3
64761,4
64762,4
64763,3
64764,4
64765,3
64766,3
64767,2
64768,1
64769,0
64770,0
64771,1
64772,0
64773,1
64774,1
64775,2
64776,0
64777,1
64778,1
64779,2
64780,1
64781,2
64782,2
64783,3
64784,0
64785,1
64786,1
64787,2
64788,1
64789,2
64790,2
64791,3
64792,1
64793,2
64794,2
64795,3
64796,2
64797,3
64798,3
64799,4
64800,0
64801,1
64802,1
64803,2
64804,1
64805,2
64806,2
64807,3
64808,1
64809,2
64810,2
64811,3
64812,2
64813,3
64814,3
64815,4
64816,1
64817,2
64818,2
64819,3
64820,2
64821,3
64822,3
64823,4
64824,2
64825,3
64826,3
64827,4
64828,3
64829,4
64830,4
64831,3
64832,0
64833,1
64834,1
64835,2
64836,1
64837,2
64838,2
64839,3
64840,1
64841,2
64842,2
64843,3
64844,2
64845,3
64846,3
64847,4
64848,1
64849,2
64850,2
64851,3
64852,2
64853,3
64854,3
64855,4
64856,2
64857,3
64858,3
64859,4
64860,3
64861,4
64862,4
64863,3
64864,1
64865,2
64866,2
64867,3
64868,2
64869,3
64870,3
64871,4
64872,2
64873,3
64874,3
64875,4
64876,3
64877,4
64878,4
64879,3
64880,2
64881,3
64882,3
64883,4
64884,3
64885,4
64886,4
64887,3
64888,3
64889,4
64890,4
64891,3
64892,4
64893,3
64894,3
64895,2
64896,0
64897,1
64898,1
64899,2
64900,1
64901,2
64902,2
64903,3
64904,1
64905,2
64906,2
64907,3
64908,2
64909,3
64910,3
64911,4
64912,1
64913,2
64914,2
64915,3
64916,2
64917,3
64918,3
64919,4
64920,2
64921,3
64922,3
64923,4
64924,3
64925,4
64926,4
64927,3
64928,1
64929,2
64930,2
64931,3
64932,2
64933,3
64934,3
64935,4
64936,2
64937,3
64938,3
64939,4
64940,3
64941,4
64942,4
64943,3
64944,2
64945,3
64946,3
64947,4
64948,3
64949,4
64950,4
64951,3
64952,3
64953,4
64954,4
64955,3
64956,4
64957,3
64958,3
64959,2
64960,1
64961,2
64962,2
64963,3
64964,2
64965,3
64966,3
64967,4
64968,2
64969,3
64970,3
64971,4
64972,3
64973,4
64974,4
64975,3
64976,2
64977,3
64978,3
64979,4
64980,3
64981,4
64982,4
64983,3
64984,3
64985,4
64986,4
64987,3
64988,4
64989,3
64990,3
64991,2
64992,2
64993,3
64994,3
64995,4
64996,3
64997,4
64998,4
64999,3
65000,3
65001,4
65002,4
65003,3
65004,4
65005,3
65006,3
65007,2
65008,3
65009,4
65010,4
65011,3
65012,4
65013,3
65014,3
65015,2
65016,4
65017,3
65018,3
65019,2
65020,3
65021,2
65022,2
65023,1
65024,1
65025,0
65026,0
65027,1
65028,0
65029,1
65030,1
65031,2
65032,0
65033,1
65034,1
65035,2
65036,1
65037,2
65038,2
65039,3
65040,0
65041,1
65042,1
65043,2
65044,1
65045,2
65046,2
65047,3
65048,1
65049,2
65050,2
65051,3
65052,2
65053,3
65054,3
65055,4
65056,0
65057,1
65058,1
65059,2
65060,1
65061,2
65062,2
65063,3
65064,1
65065,2
65066,2
65067,3
65068,2
65069,3
65070,3
65071,4
65072,1
65073,2
65074,2
65075,3
65076,2
65077,3
65078,3
65079,4
65080,2
65081,3
65082,3
65083,4
65084,3
65085,4
65086,4
65087,3
65088,0
65089,1
65090,1
65091,2
65092,1
65093,2
65094,2
65095,3
65096,1
65097,2
65098,2
65099,3
65100,2
65101,3
65102,3
65103,4
65104,1
65105,2
65106,2
65107,3
65108,2
65109,3
65110,3
65111,4
65112,2
65113,3
65114,3
65115,4
65116,3
65117,4
65118,4
65119,3
65120,1
65121,2
65122,2
65123,3
65124,2
65125,3
65126,3
65127,4
65128,2
65129,3
65130,3
65131,4
65132,3
65133,4
65134,4
65135,3
65136,2
65137,3
65138,3
65139,4
65140,3
65141,4
65142,4
65143,3
65144,3
65145,4
65146,4
65147,3
65148,4
65149,3
65150,3
65151,2
65152,0
65153,1
65154,1
65155,2
65156,1
65157,2
65158,2
65159,3
65160,1
65161,2
65162,2
65163,3
65164,2
65165,3
65166,3
65167,4
65168,1
65169,2
65170,2
65171,3
65172,2
65173,3
65174,3
65175,4
65176,2
65177,3
65178,3
65179,4
65180,3
65181,4
65182,4
65183,3
65184,1
65185,2
65186,2
65187,3
65188,2
65189,3
65190,3
65191,4
65192,2
65193,3
65194,3
65195,4
65196,3
65197,4
65198,4
65199,3
65200,2
65201,3
65202,3
65203,4
65204,3
65205,4
65206,4
65207,3
65208,3
65209,4
65210,4
65211,3
65212,4
65213,3
65214,3
65215,2
65216,1
65217,2
65218,2
65219,3
65220,2
65221,3
65222,3
65223,4
65224,2
65225,3
65226,3
65227,4
65228,3
65229,4
65230,4
65231,3
65232,2
65233,3
65234,3
65235,4
65236,3
65237,4
65238,4
65239,3
65240,3
65241,4
65242,4
65243,3
65244,4
65245,3
65246,3
65247,2
65248,2
65249,3
65250,3
65251,4
65252,3
65253,4
65254,4
65255,3
65256,3
65257,4
65258,4
65259,3
65260,4
65261,3
65262,3
65263,2
65264,3
65265,4
65266,4
65267,3
65268,4
65269,3
65270,3
65271,2
65272,4
65273,3
65274,3
65275,2
65276,3
65277,2
65278,2
65279,1
65280,0
65281,1
65282,1
65283,2
65284,1
65285,2
65286,2
65287,3
65288,1
65289,2
65290,2
65291,3
65292,2
65293,3
65294,3
65295,4
65296,1
65297,2
65298,2
65299,3
65300,2
65301,3
65302,3
65303,4
65304,2
65305,3
65306,3
65307,4
65308,3
65309,4
65310,4
65311,3
65312,1
65313,2
65314,2
65315,3
65316,2
65317,3
65318,3
65319,4
65320,2
65321,3
65322,3
65323,4
65324,3
65325,4
65326,4
65327,3
65328,2
65329,3
65330,3
65331,4
65332,3
65333,4
65334,4
65335,3
65336,3
65337,4
65338,4
65339,3
65340,4
65341,3
65342,3
65343,2
65344,1
65345,2
65346,2
65347,3
65348,2
65349,3
65350,3
65351,4
65352,2
65353,3
65354,3
65355,4
65356,3
65357,4
65358,4
65359,3
65360,2
65361,3
65362,3
65363,4
65364,3
65365,4
65366,4
65367,3
65368,3
65369,4
65370,4
65371,3
65372,4
65373,3
65374,3
65375,2
65376,2
65377,3
65378,3
65379,4
65380,3
65381,4
65382,4
65383,3
65384,3
65385,4
65386,4
65387,3
65388,4
65389,3
65390,3
65391,2
65392,3
65393,4
65394,4
65395,3
65396,4
65397,3
65398,3
65399,2
65400,4
65401,3
65402,3
65403,2
65404,3
65405,2
65406,2
65407,1
65408,1
65409,2
65410,2
65411,3
65412,2
65413,3
65414,3
65415,4
65416,2
65417,3
65418,3
65419,4
65420,3
65421,4
65422,4
65423,3
65424,2
65425,3
65426,3
65427,4
65428,3
65429,4
65430,4
65431,3
65432,3
65433,4
65434,4
65435,3
65436,4
65437,3
65438,3
65439,2
65440,2
65441,3
65442,3
65443,4
65444,3
65445,4
65446,4
65447,3
65448,3
65449,4
65450,4
65451,3
65452,4
65453,3
65454,3
65455,2
65456,3
65457,4
65458,4
65459,3
65460,4
65461,3
65462,3
65463,2
65464,4
65465,3
65466,3
65467,2
65468,3
65469,2
65470,2
65471,1
65472,2
65473,3
65474,3
65475,4
65476,3
65477,4
65478,4
65479,3
65480,3
65481,4
65482,4
65483,3
65484,4
65485,3
65486,3
65487,2
65488,3
65489,4
65490,4
65491,3
65492,4
65493,3
65494,3
65495,2
65496,4
65497,3
65498,3
65499,2
65500,3
65501,2
65502,2
65503,1
65504,3
65505,4
65506,4
65507,3
65508,4
65509,3
65510,3
65511,2
65512,4
65513,3
65514,3
65515,2
65516,3
65517,2
65518,2
65519,1
65520,4
65521,3
65522,3
65523,2
65524,3
65525,2
65526,2
65527,1
65528,3
65529,2
65530,2
65531,1
65532,2
65533,1
65534,1
65535,0
