generation,index,bitmask,num_features,accuracy,time,rank,crowding_distance
0,299,100101011,5,0.9684451278,0.1646855306,0,0.2910070497
0,416,110100000,3,0.9510670714,0.1087195657,0,0.4879790401
0,328,101001000,3,0.9661585353,0.1314932012,0,0.2100406074
0,170,010101010,4,0.9583841376,0.1237906108,0,0.05936364108
0,170,010101010,4,0.9583841376,0.1237906108,0,0.1785253634
0,104,001101000,3,0.9568597451,0.1185564424,0,0.2191862969
0,4,000000100,1,0.9094512276,0.06868225115,0,inf
0,40,000101000,2,0.9376524407,0.09235404083,0,0.9478233982
0,266,100001010,3,0.9663109817,0.1359270001,0,0.2548076926
0,286,100011110,5,0.9696646333,0.1719646058,0,0.399657249
0,4,000000100,1,0.9094512276,0.06868225115,0,0.6196670139
0,463,111001111,7,0.9701219536,0.2215583678,0,inf
0,130,010000010,2,0.9394817092,0.1096591135,1,0.3050265961
0,320,101000000,2,0.9503048677,0.1123269997,1,0.3158308646
0,106,001101010,4,0.9589938987,0.1349909608,1,0.1924303023
0,450,111000010,4,0.9554877952,0.1262044164,1,0.1385746264
0,450,111000010,4,0.9554877952,0.1262044164,1,0.09118021242
0,129,010000001,2,0.9335365873,0.1010586498,1,0.05230218232
0,129,010000001,2,0.9335365873,0.1010586498,1,0.1277703578
0,272,100010000,2,0.9314024411,0.09646097757,1,0.558643003
0,329,101001001,4,0.9663109742,0.1626024148,1,0.1722539836
0,330,101001010,4,0.9649390206,0.1500430945,1,0.1285592285
0,268,100001100,3,0.9647865798,0.1379161642,1,0.1012500899
0,268,100001100,3,0.9647865798,0.1379161642,1,0.05401254996
0,364,101101100,5,0.9696646333,0.1734690042,1,0.6767662437
0,5,000000101,2,0.9044207372,0.07468588371,1,inf
0,349,101011101,6,0.9696646389,0.3093579304,1,inf
0,72,001001000,2,0.9495426752,0.1139507112,2,0.385490921
0,352,101100000,3,0.9518292565,0.1353251534,2,0.1662859246
0,265,100001001,3,0.9512195047,0.1273183418,2,0.07790487235
0,265,100001001,3,0.9512195047,0.1273183418,2,0.1371266605
0,288,100100000,2,0.9224085417,0.09756062739,2,0.6548376153
0,258,100000010,2,0.9272865914,0.1128509992,2,0.4369430695
0,426,110101010,5,0.965548778,0.1652380908,2,0.1659185865
0,482,111100010,5,0.9591463339,0.139335844,2,0.02579978373
0,281,100011001,4,0.9638719484,0.1484918948,2,0.254429651
0,280,100011000,3,0.9574695043,0.1384578615,2,0.08838105221
0,482,111100010,5,0.9591463339,0.139335844,2,0
0,280,100011000,3,0.9574695043,0.1384578615,2,0
0,482,111100010,5,0.9591463339,0.139335844,2,0.1322663976
0,482,111100010,5,0.9591463339,0.139335844,2,0
0,280,100011000,3,0.9574695043,0.1384578615,2,0.02579978373
0,458,111001010,5,0.9644817039,0.1614640043,2,0.1672416112
0,347,101011011,6,0.9690548796,0.1985359336,2,inf
0,492,111101100,6,0.9681402501,0.1861764477,2,0.08018902982
0,333,101001101,5,0.9678353649,0.1775467619,2,0.01338332476
0,492,111101100,6,0.9681402501,0.1861764477,2,0.1199705449
0,395,110001011,5,0.9670731667,0.1769618806,2,0.1342235534
0,333,101001101,5,0.9678353649,0.1775467619,2,0.08018902982
0,2,000000010,1,0.8757621963,0.0863469597,2,0.1336946184
0,2,000000010,1,0.8757621963,0.0863469597,2,inf
0,16,000010000,1,0.8800304849,0.0962131978,2,0.5999534248
0,98,001100010,3,0.9480182808,0.1166399249,3,0.3329687716
0,34,000100010,2,0.9111280553,0.1001502015,3,0.8196243268
0,6,000000110,2,0.9178353697,0.1008892676,3,0.1996864146
0,22,000010110,3,0.9240853731,0.1162337693,3,0.2921518753
0,341,101010101,5,0.9649390262,0.1703384123,3,0.2445643031
0,424,110101000,4,0.9621951189,0.151591171,3,0.02412931859
0,424,110101000,4,0.9621951189,0.151591171,3,0.02418998973
0,298,100101010,4,0.9635670781,0.1536765499,3,0.1645105839
0,202,011001010,4,0.9612804782,0.149196442,3,0.09285558457
0,276,100010100,3,0.9513719417,0.1391151226,3,0.1975781572
0,73,001001001,3,0.953048775,0.1462754204,3,0.06630528669
0,276,100010100,3,0.9513719417,0.1391151226,3,0.06630528669
0,73,001001001,3,0.953048775,0.1462754204,3,0.06872626597
0,367,101101111,7,0.9689024445,0.2136532324,3,0.2405390372
0,367,101101111,7,0.9689024445,0.2136532324,3,0
0,367,101101111,7,0.9689024445,0.2136532324,3,0
0,367,101101111,7,0.9689024445,0.2136532324,3,inf
0,302,100101110,5,0.9657012187,0.1828945968,3,0.1264351483
0,376,101111000,5,0.9667682927,0.1849404364,3,0.2627304766
0,1,000000001,1,0.7878048848,0.08813527925,3,inf
0,162,010100010,3,0.9460365772,0.1228090909,4,0.2053282805
0,24,000011000,2,0.9400914628,0.1224767463,4,0.5235094271
0,32,000100000,1,0.8641768359,0.1044695501,4,inf
0,32,000100000,1,0.8641768359,0.1044695501,4,0.3729430388
0,3,000000011,2,0.893902434,0.1188580212,4,0.3729430388
0,3,000000011,2,0.893902434,0.1188580212,4,0.4645362939
0,282,100011010,4,0.9623475503,0.1541509838,4,0.01983892622
0,269,100001101,4,0.963262191,0.1545369336,4,0.09727175459
0,360,101101000,4,0.9634146318,0.168340771,4,0.208550813
0,393,110001001,4,0.9617377985,0.1536827425,4,0.02469808637
0,354,101100010,4,0.9609756079,0.1522667618,4,0.1774300041
0,354,101100010,4,0.9609756079,0.1522667618,4,0.01598610531
0,163,010100011,4,0.9469512142,0.1452375506,4,0.3237851514
0,508,111111100,7,0.9685975611,0.267471821,4,0.0868850098
0,508,111111100,7,0.9685975611,0.267471821,4,0
0,415,110011111,7,0.9681402519,0.2540232334,4,0.06777129921
0,415,110011111,7,0.9681402519,0.2540232334,4,0.0868850098
0,508,111111100,7,0.9685975611,0.267471821,4,inf
0,318,100111110,6,0.9657012206,0.1994900974,4,0.07933598218
0,477,111011101,7,0.9663109761,0.245831884,4,0.3171060386
0,344,101011000,4,0.964634141,0.194875374,4,0.05205950763
0,374,101110110,6,0.9637195077,0.1878173118,4,0.1744655112
0,344,101011000,4,0.964634141,0.194875374,4,0.03852983229
0,431,110101111,7,0.9658536613,0.2059036302,4,0.2901408893
0,306,100110010,4,0.9446646273,0.140418421,5,0.1603844865
0,306,100110010,4,0.9446646273,0.140418421,5,0.3138746163
0,18,000010010,2,0.9048780557,0.1242320742,5,inf
0,65,001000001,2,0.9350609761,0.1252497334,5,0.484583025
0,273,100010001,3,0.936280489,0.1366260718,5,0.2632198124
0,65,001000001,2,0.9350609761,0.1252497334,5,0.1028353259
0,358,101100110,5,0.9629573151,0.1768365032,5,0.05198511118
0,425,110101001,5,0.9621951208,0.1687642131,5,0.06016138092
0,332,101001100,4,0.9624999929,0.1707430179,5,0.07133844334
0,358,101100110,5,0.9629573151,0.1768365032,5,0.339351198
0,425,110101001,5,0.9621951208,0.1687642131,5,0
0,425,110101001,5,0.9621951208,0.1687642131,5,0.01935333216
0,454,111000110,5,0.960975606,0.1631978797,5,0.1112699169
0,454,111000110,5,0.960975606,0.1631978797,5,0
0,454,111000110,5,0.960975606,0.1631978797,5,0.06016138092
0,326,101000110,4,0.9586890172,0.1529696728,5,0.4251445332
0,350,101011110,6,0.9681402408,0.2603807449,5,inf
0,440,110111000,5,0.9647865817,0.2230814546,5,0.3562016071
0,380,101111100,6,0.9635670688,0.2217264464,5,0.3685807366
0,28,000011100,3,0.9434451163,0.1445199884,6,0.4399467771
0,97,001100001,3,0.9439024366,0.1496965196,6,0.04429996374
0,97,001100001,3,0.9439024366,0.1496965196,6,0
0,97,001100001,3,0.9439024366,0.1496965196,6,0.2249806465
0,161,010100001,3,0.926981708,0.1333965359,6,0.5952181989
0,35,000100011,3,0.9163109809,0.1255413797,6,inf
0,9,000001001,2,0.9167682994,0.1331997535,6,0.2608551168
0,491,111101011,7,0.9621951226,0.1842359612,6,0.07839682579
0,428,110101100,5,0.9626524337,0.1925693848,6,0.06590310358
0,428,110101100,5,0.9626524337,0.1925693848,6,0.2137910542
0,340,101010100,4,0.961737806,0.1694561779,6,0.2283879864
0,314,100111010,5,0.9621951208,0.1824102593,6,0.1100170915
0,67,001000011,3,0.9541158434,0.1536063617,6,0.2249806465
0,67,001000011,3,0.9541158434,0.1536063617,6,0
0,67,001000011,3,0.9541158434,0.1536063617,6,0
0,67,001000011,3,0.9541158434,0.1536063617,6,0.09490460172
0,105,001101001,4,0.9583841395,0.1598443775,6,0.1614884638
0,420,110100100,4,0.9579268228,0.1566663263,6,0.1255284484
0,478,111011110,7,0.9678353649,0.271671345,6,inf
0,504,111111000,6,0.9646341465,0.2548272442,6,0.07613337442
0,504,111111000,6,0.9646341465,0.2548272442,6,0.1773981069
0,414,110011110,6,0.9637195077,0.2462959136,6,0.2507150379
0,79,001001111,5,0.962957317,0.2229459747,6,0.3883727177
0,307,100110011,5,0.9420731664,0.1512810998,7,0.2165716543
0,131,010000011,3,0.9347560965,0.1501262328,7,0.7468824069
0,33,000100001,2,0.8849085364,0.1405141028,7,inf
0,33,000100001,2,0.8849085364,0.1405141028,7,0.6523690618
0,460,111001100,5,0.9623475634,0.1988814175,7,0.223396872
0,484,111100100,5,0.9605182838,0.1770865889,7,0.1173982121
0,396,110001100,4,0.9617377967,0.18006679,7,0.02932916377
0,396,110001100,4,0.9617377967,0.18006679,7,0.08200674819
0,468,111010100,5,0.96204268,0.1961445869,7,0.08200674819
0,468,111010100,5,0.96204268,0.1961445869,7,0.01703283257
0,29,000011101,4,0.951067064,0.1539091161,7,0.1518793569
0,277,100010101,4,0.9528963342,0.1554693631,7,0.0298210477
0,277,100010101,4,0.9528963342,0.1554693631,7,0.06199978795
0,297,100101001,4,0.9582317006,0.1647070954,7,0.1358741972
0,390,110000110,4,0.9560975488,0.160214691,7,0.1098049368
0,511,111111111,9,0.9672256112,0.3458421361,7,inf
0,377,101111001,6,0.9640243854,0.320313164,7,0.5686314671
0,123,001111011,6,0.9626524355,0.2404932803,7,0.6117739238
0,51,000110011,4,0.926524397,0.1556108566,8,inf
0,493,111101101,7,0.9640243854,0.3398395209,8,inf
0,232,011101000,4,0.9621951152,0.2219230887,8,1.016016802
0,196,011000100,3,0.9515243825,0.1577226631,8,0.7124954695
0,493,111101101,7,0.9640243854,0.3398395209,8,0.6888353087
0,455,111000111,6,0.9588414561,0.178122621,8,0.3271814933
1,299,100101011,5,0.9684451278,0.1646855306,0,0.1177163571
1,416,110100000,3,0.9510670714,0.1087195657,0,0.1781477986
1,328,101001000,3,0.9661585353,0.1314932012,0,0.1470334572
1,170,010101010,4,0.9583841376,0.1237906108,0,0.1195143764
1,170,010101010,4,0.9583841376,0.1237906108,0,0
1,104,001101000,3,0.9568597451,0.1185564424,0,0.04532431907
1,4,000000100,1,0.9094512276,0.06868225115,0,0
1,40,000101000,2,0.9376524407,0.09235404083,0,0.5121873998
1,266,100001010,3,0.9663109817,0.1359270001,0,0.1261484091
1,286,100011110,5,0.9696646333,0.1719646058,0,0.05443369629
1,4,000000100,1,0.9094512276,0.06868225115,0,0.4084376792
1,463,111001111,7,0.9701219536,0.2215583678,0,inf
1,488,111101000,5,0.966463415,0.1571392328,0,0.1261484091
1,384,110000000,2,0.942378046,0.1023272595,0,0.05553527412
1,384,110000000,2,0.942378046,0.1023272595,0,0.1037497206
1,266,100001010,3,0.9663109817,0.1359270001,0,0.02751908085
1,10,000001010,2,0.9445121922,0.1083079919,0,0.1205456339
1,256,100000000,1,0.8653963432,0.05144251033,0,0.5220108109
1,256,100000000,1,0.8653963432,0.05144251033,0,0
1,488,111101000,5,0.966463415,0.1571392328,0,0
1,256,100000000,1,0.8653963432,0.05144251033,0,0
1,104,001101000,3,0.9568597451,0.1185564424,0,0.1131374389
1,256,100000000,1,0.8653963432,0.05144251033,0,inf
1,488,111101000,5,0.966463415,0.1571392328,0,0.06328266083
1,286,100011110,5,0.9696646333,0.1719646058,0,0.295896174
1,4,000000100,1,0.9094512276,0.06868225115,0,0.5220108109
1,170,010101010,4,0.9583841376,0.1237906108,0,0.04532431907
1,320,101000000,2,0.9503048677,0.1123269997,1,0.1578079073
1,448,111000000,3,0.9498475511,0.1094583822,1,0.3050265961
1,106,001101010,4,0.9589938987,0.1349909608,1,0.1501107209
1,129,010000001,2,0.9335365873,0.1010586498,1,0.05230218232
1,129,010000001,2,0.9335365873,0.1010586498,1,0.2857933152
1,272,100010000,2,0.9314024411,0.09646097757,1,0.5063408207
1,272,100010000,2,0.9314024411,0.09646097757,1,0.05230218232
1,349,101011101,6,0.9696646389,0.3093579304,1,inf
1,268,100001100,3,0.9647865798,0.1379161642,1,0.0423195814
1,268,100001100,3,0.9647865798,0.1379161642,1,0
1,268,100001100,3,0.9647865798,0.1379161642,1,0
1,268,100001100,3,0.9647865798,0.1379161642,1,0.07202974421
1,324,101000100,3,0.9624999966,0.1362094213,1,0.1012500899
1,456,111001000,4,0.9663109723,0.1493365318,1,0.1285592285
1,329,101001001,4,0.9663109742,0.1626024148,1,0.1542367894
1,364,101101100,5,0.9696646333,0.1734690042,1,0.09770730504
1,364,101101100,5,0.9696646333,0.1734690042,1,0.5790589387
1,5,000000101,2,0.9044207372,0.07468588371,1,inf
1,450,111000010,4,0.9554877952,0.1262044164,1,0.1385746264
1,450,111000010,4,0.9554877952,0.1262044164,1,0
1,450,111000010,4,0.9554877952,0.1262044164,1,0.09118021242
1,130,010000010,2,0.9394817092,0.1096591135,2,0.2678493038
1,72,001001000,2,0.9495426752,0.1139507112,2,0.1504695596
1,264,100001000,2,0.9495426789,0.1157485445,2,0.01274032551
1,130,010000010,2,0.9394817092,0.1096591135,2,0.1377292341
1,264,100001000,2,0.9495426789,0.1157485445,2,0.09987512699
1,288,100100000,2,0.9224085417,0.09756062739,2,0.2414976951
1,288,100100000,2,0.9224085417,0.09756062739,2,0.2678493038
1,281,100011001,4,0.9638719484,0.1484918948,2,0.07988347079
1,281,100011001,4,0.9638719484,0.1484918948,2,0.02237462808
1,482,111100010,5,0.9591463339,0.139335844,2,0
1,280,100011000,3,0.9574695043,0.1384578615,2,0.07004756071
1,482,111100010,5,0.9591463339,0.139335844,2,0.03540713476
1,280,100011000,3,0.9574695043,0.1384578615,2,0.02410797503
1,482,111100010,5,0.9591463339,0.139335844,2,0
1,482,111100010,5,0.9591463339,0.139335844,2,0
1,280,100011000,3,0.9574695043,0.1384578615,2,0
1,296,100101000,3,0.9603658449,0.1424966599,2,0.07988347079
1,296,100101000,3,0.9603658449,0.1424966599,2,0
1,482,111100010,5,0.9591463339,0.139335844,2,0
1,280,100011000,3,0.9574695043,0.1384578615,2,0
1,482,111100010,5,0.9591463339,0.139335844,2,0
1,296,100101000,3,0.9603658449,0.1424966599,2,0.03540713476
1,280,100011000,3,0.9574695043,0.1384578615,2,0
1,482,111100010,5,0.9591463339,0.139335844,2,0.02410797503
1,482,111100010,5,0.9591463339,0.139335844,2,0
1,330,101001010,4,0.9649390206,0.1500430945,2,0.02237462808
1,330,101001010,4,0.9649390206,0.1500430945,2,0.04220527096
1,283,100011011,5,0.9660060965,0.1543926708,2,0.2135233117
1,347,101011011,6,0.9690548796,0.1985359336,2,0.3071957515
1,492,111101100,6,0.9681402501,0.1861764477,2,0.09734113632
1,333,101001101,5,0.9678353649,0.1775467619,2,0.06440609102
1,492,111101100,6,0.9681402501,0.1861764477,2,0
1,395,110001011,5,0.9670731667,0.1769618806,2,0.1835928958
1,333,101001101,5,0.9678353649,0.1775467619,2,0.012274855
1,492,111101100,6,0.9681402501,0.1861764477,2,0.06440609102
1,462,111001110,6,0.9695121981,0.2274610037,2,inf
1,2,000000010,1,0.8757621963,0.0863469597,2,0.3355285975
1,2,000000010,1,0.8757621963,0.0863469597,2,0
1,8,000001000,1,0.9012195114,0.0953759877,2,0.2414976951
1,8,000001000,1,0.9012195114,0.0953759877,2,0
1,2,000000010,1,0.8757621963,0.0863469597,2,0
1,2,000000010,1,0.8757621963,0.0863469597,2,inf
1,8,000001000,1,0.9012195114,0.0953759877,2,0.3355285975
1,265,100001001,3,0.9512195047,0.1273183418,2,0
1,265,100001001,3,0.9512195047,0.1273183418,2,0
1,265,100001001,3,0.9512195047,0.1273183418,2,0
1,418,110100010,4,0.9541158434,0.1336211525,2,0.07004756071
1,265,100001001,3,0.9512195047,0.1273183418,2,0.07555893846
1,418,110100010,4,0.9541158434,0.1336211525,2,0.07555893846
1,265,100001001,3,0.9512195047,0.1273183418,2,0.09987512699
1,258,100000010,2,0.9272865914,0.1128509992,3,0.147487534
1,258,100000010,2,0.9272865914,0.1128509992,3,0
1,258,100000010,2,0.9272865914,0.1128509992,3,0
1,258,100000010,2,0.9272865914,0.1128509992,3,0
1,258,100000010,2,0.9272865914,0.1128509992,3,0
1,258,100000010,2,0.9272865914,0.1128509992,3,0
1,258,100000010,2,0.9272865914,0.1128509992,3,0.1446643413
1,98,001100010,3,0.9480182808,0.1166399249,3,0.2915005515
1,34,000100010,2,0.9111280553,0.1001502015,3,0.1633180845
1,6,000000110,2,0.9178353697,0.1008892676,3,0.1904126877
1,34,000100010,2,0.9111280553,0.1001502015,3,0.04292515366
1,202,011001010,4,0.9612804782,0.149196442,3,0.09285558457
1,424,110101000,4,0.9621951189,0.151591171,3,0.02418998973
1,424,110101000,4,0.9621951189,0.151591171,3,0
1,298,100101010,4,0.9635670781,0.1536765499,3,0.06709301328
1,298,100101010,4,0.9635670781,0.1536765499,3,0
1,424,110101000,4,0.9621951189,0.151591171,3,0.02412931859
1,298,100101010,4,0.9635670781,0.1536765499,3,0
1,298,100101010,4,0.9635670781,0.1536765499,3,0.02418998973
1,298,100101010,4,0.9635670781,0.1536765499,3,0
1,298,100101010,4,0.9635670781,0.1536765499,3,0
1,298,100101010,4,0.9635670781,0.1536765499,3,0
1,426,110101010,5,0.965548778,0.1652380908,3,0.1687278272
1,458,111001010,5,0.9644817039,0.1614640043,3,0.1030533748
1,367,101101111,7,0.9689024445,0.2136532324,3,inf
1,367,101101111,7,0.9689024445,0.2136532324,3,0
1,367,101101111,7,0.9689024445,0.2136532324,3,0
1,367,101101111,7,0.9689024445,0.2136532324,3,0.1151575894
1,334,101001110,5,0.9672256075,0.1807405879,3,0.2890838154
1,366,101101110,6,0.9675304852,0.2001497867,3,0.1563163497
1,366,101101110,6,0.9675304852,0.2001497867,3,0.1151575894
1,1,000000001,1,0.7878048848,0.08813527925,3,0.5736158878
1,1,000000001,1,0.7878048848,0.08813527925,3,inf
1,16,000010000,1,0.8800304849,0.0962131978,3,0.0397652009
1,257,100000001,2,0.8830792718,0.09909134312,3,0.2030832854
1,16,000010000,1,0.8800304849,0.0962131978,3,0.5736158878
1,352,101100000,3,0.9518292565,0.1353251534,3,0.02307254816
1,73,001001001,3,0.953048775,0.1462754204,3,0.06872626597
1,73,001001001,3,0.953048775,0.1462754204,3,0.0939746856
1,352,101100000,3,0.9518292565,0.1353251534,3,0.0939746856
1,290,100100010,3,0.9499999899,0.1336969913,3,0.02307254816
1,290,100100010,3,0.9499999899,0.1336969913,3,0
1,290,100100010,3,0.9499999899,0.1336969913,3,0
1,290,100100010,3,0.9499999899,0.1336969913,3,0.1468362102
1,32,000100000,1,0.8641768359,0.1044695501,4,inf
1,474,111011010,6,0.9687500075,0.2528586062,4,inf
1,22,000010110,3,0.9240853731,0.1162337693,4,0.6521658598
1,32,000100000,1,0.8641768359,0.1044695501,4,0.6521658598
1,335,101001111,6,0.9673780575,0.2185122878,4,0.4766538696
1,274,100010010,3,0.9408536572,0.1183711295,4,0.2542237524
1,474,111011010,6,0.9687500075,0.2528586062,4,0.2445807839
1,376,101111000,5,0.9667682927,0.1849404364,4,0.2320730857
1,169,010101001,4,0.9554877914,0.1521936124,4,0.180466248
1,22,000010110,3,0.9240853731,0.1162337693,4,0.17475353
1,276,100010100,3,0.9513719417,0.1391151226,4,0.1609074184
1,162,010100010,3,0.9460365772,0.1228090909,4,0.1609074184
1,276,100010100,3,0.9513719417,0.1391151226,4,0.1274950477
1,341,101010101,5,0.9649390262,0.1703384123,4,0.1249817475
1,302,100101110,5,0.9657012187,0.1828945968,4,0.1158963403
1,269,100001101,4,0.963262191,0.1545369336,4,0.1007927169
1,284,100011100,4,0.9644817002,0.1660791668,4,0.08944536635
1,162,010100010,3,0.9460365772,0.1228090909,4,0.07947022245
1,354,101100010,4,0.9609756079,0.1522667618,4,0.05297120034
1,284,100011100,4,0.9644817002,0.1660791668,4,0.03307649447
2,299,100101011,5,0.9684451278,0.1646855306,0,0.09645812205
2,328,101001000,3,0.9661585353,0.1314932012,0,0.1470334572
2,170,010101010,4,0.9583841376,0.1237906108,0,0.1195143764
2,170,010101010,4,0.9583841376,0.1237906108,0,0
2,104,001101000,3,0.9568597451,0.1185564424,0,0.1870235434
2,4,000000100,1,0.9094512276,0.06868225115,0,0.5220108109
2,266,100001010,3,0.9663109817,0.1359270001,0,0.09297294788
2,286,100011110,5,0.9696646333,0.1719646058,0,0.03013367655
2,4,000000100,1,0.9094512276,0.06868225115,0,0
2,463,111001111,7,0.9701219536,0.2215583678,0,inf
2,266,100001010,3,0.9663109817,0.1359270001,0,0.02751908085
2,256,100000000,1,0.8653963432,0.05144251033,0,0
2,256,100000000,1,0.8653963432,0.05144251033,0,0
2,256,100000000,1,0.8653963432,0.05144251033,0,0.5220108109
2,104,001101000,3,0.9568597451,0.1185564424,0,0.04532431907
2,256,100000000,1,0.8653963432,0.05144251033,0,0
2,286,100011110,5,0.9696646333,0.1719646058,0,0.295896174
2,4,000000100,1,0.9094512276,0.06868225115,0,0.308662907
2,170,010101010,4,0.9583841376,0.1237906108,0,0.04532431907
2,256,100000000,1,0.8653963432,0.05144251033,0,0
2,266,100001010,3,0.9663109817,0.1359270001,0,0
2,256,100000000,1,0.8653963432,0.05144251033,0,0
2,394,110001010,4,0.9682926834,0.1485241046,0,0.1894310699
2,128,010000000,1,0.9323170781,0.08404751134,0,0.2501840222
2,256,100000000,1,0.8653963432,0.05144251033,0,0
2,459,111001011,6,0.9693597592,0.1673336257,0,0.03013367655
2,256,100000000,1,0.8653963432,0.05144251033,0,0
2,136,010001000,2,0.9556402415,0.08872172865,0,0.4372075656
2,256,100000000,1,0.8653963432,0.05144251033,0,inf
2,128,010000000,1,0.9323170781,0.08404751134,0,0.308662907
2,299,100101011,5,0.9684451278,0.1646855306,0,0
2,299,100101011,5,0.9684451278,0.1646855306,0,0.02430001974
2,459,111001011,6,0.9693597592,0.1673336257,0,0.02430001974
2,106,001101010,4,0.9589938987,0.1349909608,1,0.1012835363
2,106,001101010,4,0.9589938987,0.1349909608,1,0.09118021242
2,392,110001000,3,0.9653963372,0.1357308119,1,0.07199629773
2,392,110001000,3,0.9653963372,0.1357308119,1,0.1012835363
2,349,101011101,6,0.9696646389,0.3093579304,1,inf
2,364,101101100,5,0.9696646333,0.1734690042,1,0.5790589387
2,364,101101100,5,0.9696646333,0.1734690042,1,0.1055897411
2,5,000000101,2,0.9044207372,0.07468588371,1,inf
2,456,111001000,4,0.9663109723,0.1493365318,1,0.04864704822
2,312,100111000,4,0.9676829297,0.1558179194,1,0.1542367894
2,456,111001000,4,0.9663109723,0.1493365318,1,0.07199629773
2,416,110100000,3,0.9510670714,0.1087195657,1,0.158126676
2,40,000101000,2,0.9376524407,0.09235404083,1,0.1818933733
2,384,110000000,2,0.942378046,0.1023272595,1,0.05819576932
2,384,110000000,2,0.942378046,0.1023272595,1,0
2,10,000001010,2,0.9445121922,0.1083079919,1,0.05819576932
2,450,111000010,4,0.9554877952,0.1262044164,1,0.0863589459
2,450,111000010,4,0.9554877952,0.1262044164,1,0
2,450,111000010,4,0.9554877952,0.1262044164,1,0
2,450,111000010,4,0.9554877952,0.1262044164,1,0
2,384,110000000,2,0.942378046,0.1023272595,1,0
2,40,000101000,2,0.9376524407,0.09235404083,1,0.03874093012
2,160,010100000,2,0.9399390239,0.09322097432,1,0.1149283753
2,384,110000000,2,0.942378046,0.1023272595,1,0
2,450,111000010,4,0.9554877952,0.1262044164,1,0
2,322,101000010,3,0.9539634027,0.1114213858,1,0.1422644872
2,450,111000010,4,0.9554877952,0.1262044164,1,0.09118021242
2,384,110000000,2,0.942378046,0.1023272595,1,0.0761874452
2,10,000001010,2,0.9445121922,0.1083079919,1,0.1022211347
2,64,001000000,1,0.9262195174,0.09079117677,1,0.5846344589
2,268,100001100,3,0.9647865798,0.1379161642,2,0.0364849973
2,268,100001100,3,0.9647865798,0.1379161642,2,0.08756312448
2,268,100001100,3,0.9647865798,0.1379161642,2,0
2,268,100001100,3,0.9647865798,0.1379161642,2,0
2,324,101000100,3,0.9624999966,0.1362094213,2,0.1442576449
2,268,100001100,3,0.9647865798,0.1379161642,2,0
2,347,101011011,6,0.9690548796,0.1985359336,2,0.392941609
2,462,111001110,6,0.9695121981,0.2274610037,2,0.2098546152
2,462,111001110,6,0.9695121981,0.2274610037,2,0
2,271,100001111,5,0.9682926834,0.1738470579,2,0.3209986385
2,462,111001110,6,0.9695121981,0.2274610037,2,inf
2,2,000000010,1,0.8757621963,0.0863469597,2,0
2,2,000000010,1,0.8757621963,0.0863469597,2,0
2,2,000000010,1,0.8757621963,0.0863469597,2,0.3355285975
2,2,000000010,1,0.8757621963,0.0863469597,2,inf
2,2,000000010,1,0.8757621963,0.0863469597,2,0
2,488,111101000,5,0.966463415,0.1571392328,2,0.1379116447
2,488,111101000,5,0.966463415,0.1571392328,2,0
2,488,111101000,5,0.966463415,0.1571392328,2,0
2,488,111101000,5,0.966463415,0.1571392328,2,0
2,488,111101000,5,0.966463415,0.1571392328,2,0.02434148462
2,330,101001010,4,0.9649390206,0.1500430945,2,0.04220527096
2,330,101001010,4,0.9649390206,0.1500430945,2,0
2,283,100011011,5,0.9660060965,0.1543926708,2,0.06654675558
2,330,101001010,4,0.9649390206,0.1500430945,2,0.08756312448
2,448,111000000,3,0.9498475511,0.1094583822,2,0.2335080358
2,448,111000000,3,0.9498475511,0.1094583822,2,0.02520640638
2,448,111000000,3,0.9498475511,0.1094583822,2,0
2,129,010000001,2,0.9335365873,0.1010586498,2,0.2335080358
2,129,010000001,2,0.9335365873,0.1010586498,2,0.0136379275
2,272,100010000,2,0.9314024411,0.09646097757,2,0.04170755008
2,272,100010000,2,0.9314024411,0.09646097757,2,0
2,96,001100000,2,0.9330792725,0.09982250445,2,0.05534547758
2,129,010000001,2,0.9335365873,0.1010586498,2,0
2,129,010000001,2,0.9335365873,0.1010586498,2,0
2,272,100010000,2,0.9314024411,0.09646097757,2,0.3296399886
2,320,101000000,2,0.9503048677,0.1123269997,2,0
2,320,101000000,2,0.9503048677,0.1123269997,2,0
2,320,101000000,2,0.9503048677,0.1123269997,2,0.06385679508
2,320,101000000,2,0.9503048677,0.1123269997,2,0.02520640638
2,192,011000000,2,0.9504573103,0.1211086311,2,0.1159917771
2,320,101000000,2,0.9503048677,0.1123269997,2,0
2,265,100001001,3,0.9512195047,0.1273183418,2,0.004422145117
2,265,100001001,3,0.9512195047,0.1273183418,2,0
2,265,100001001,3,0.9512195047,0.1273183418,2,0
2,418,110100010,4,0.9541158434,0.1336211525,2,0.1077726476
2,265,100001001,3,0.9512195047,0.1273183418,2,0
2,418,110100010,4,0.9541158434,0.1336211525,2,0.07113679335
2,265,100001001,3,0.9512195047,0.1273183418,2,0.05213498202
2,418,110100010,4,0.9541158434,0.1336211525,2,0
2,265,100001001,3,0.9512195047,0.1273183418,2,0
2,386,110000010,3,0.9515243825,0.1274834615,2,0.004422145117
2,418,110100010,4,0.9541158434,0.1336211525,2,0
2,386,110000010,3,0.9515243825,0.1274834615,2,0.07113679335
2,8,000001000,1,0.9012195114,0.0953759877,2,0
2,8,000001000,1,0.9012195114,0.0953759877,2,0
2,8,000001000,1,0.9012195114,0.0953759877,2,0
2,8,000001000,1,0.9012195114,0.0953759877,2,0.3355285975
2,8,000001000,1,0.9012195114,0.0953759877,2,0.3296399886
2,367,101101111,7,0.9689024445,0.2136532324,3,inf
2,1,000000001,1,0.7878048848,0.08813527925,3,inf
2,16,000010000,1,0.8800304849,0.0962131978,3,0.5736158878
2,1,000000001,1,0.7878048848,0.08813527925,3,0.5736158878
2,288,100100000,2,0.9224085417,0.09756062739,3,0.244741735
2,16,000010000,1,0.8800304849,0.0962131978,3,0.244741735
2,492,111101100,6,0.9681402501,0.1861764477,3,0.2231159589
2,367,101101111,7,0.9689024445,0.2136532324,3,0.2231159589
2,288,100100000,2,0.9224085417,0.09756062739,3,0.1906645678
2,130,010000010,2,0.9394817092,0.1096591135,3,0.1906645678
2,290,100100010,3,0.9499999899,0.1336969913,3,0.1455202757
2,264,100001000,2,0.9495426789,0.1157485445,3,0.1455202757
2,329,101001001,4,0.9663109742,0.1626024148,3,0.1186104286
2,395,110001011,5,0.9670731667,0.1769618806,3,0.1186104286
2,281,100011001,4,0.9638719484,0.1484918948,3,0.106715638
2,458,111001010,5,0.9644817039,0.1614640043,3,0.106715638
2,72,001001000,2,0.9495426752,0.1139507112,3,0.08974660987
2,130,010000010,2,0.9394817092,0.1096591135,3,0.08974660987
2,333,101001101,5,0.9678353649,0.1775467619,3,0.07043614207
2,492,111101100,6,0.9681402501,0.1861764477,3,0.07043614207
2,281,100011001,4,0.9638719484,0.1484918948,3,0.06712426601
2,296,100101000,3,0.9603658449,0.1424966599,3,0.06712426601
2,352,101100000,3,0.9518292565,0.1353251534,3,0.05610305057
2,280,100011000,3,0.9574695043,0.1384578615,3,0.05610305057
2,482,111100010,5,0.9591463339,0.139335844,3,0.03191618218
2,296,100101000,3,0.9603658449,0.1424966599,3,0.03191618218
2,290,100100010,3,0.9499999899,0.1336969913,3,0.02307254816
2,352,101100000,3,0.9518292565,0.1353251534,3,0.02307254816
2,458,111001010,5,0.9644817039,0.1614640043,3,0.01917072391
2,329,101001001,4,0.9663109742,0.1626024148,3,0.01917072391
2,280,100011000,3,0.9574695043,0.1384578615,3,0.01625413641
2,482,111100010,5,0.9591463339,0.139335844,3,0.01625413641
2,72,001001000,2,0.9495426752,0.1139507112,3,0.01432333609
2,264,100001000,2,0.9495426789,0.1157485445,3,0.01432333609
2,333,101001101,5,0.9678353649,0.1775467619,3,0.008868512867
2,395,110001011,5,0.9670731667,0.1769618806,3,0.008868512867
2,367,101101111,7,0.9689024445,0.2136532324,3,0
2,296,100101000,3,0.9603658449,0.1424966599,3,0
2,280,100011000,3,0.9574695043,0.1384578615,3,0
2,296,100101000,3,0.9603658449,0.1424966599,3,0
3,299,100101011,5,0.9684451278,0.1646855306,0,0.02430001974
3,328,101001000,3,0.9661585353,0.1314932012,0,0.02751908085
3,170,010101010,4,0.9583841376,0.1237906108,0,0
3,170,010101010,4,0.9583841376,0.1237906108,0,0
3,104,001101000,3,0.9568597451,0.1185564424,0,0.04532431907
3,4,000000100,1,0.9094512276,0.06868225115,0,0.5220108109
3,266,100001010,3,0.9663109817,0.1359270001,0,0.02751908085
3,286,100011110,5,0.9696646333,0.1719646058,0,0.295896174
3,4,000000100,1,0.9094512276,0.06868225115,0,0
3,463,111001111,7,0.9701219536,0.2215583678,0,inf
3,266,100001010,3,0.9663109817,0.1359270001,0,0
3,256,100000000,1,0.8653963432,0.05144251033,0,0
3,256,100000000,1,0.8653963432,0.05144251033,0,0
3,256,100000000,1,0.8653963432,0.05144251033,0,0
3,104,001101000,3,0.9568597451,0.1185564424,0,0.1870235434
3,256,100000000,1,0.8653963432,0.05144251033,0,0
3,286,100011110,5,0.9696646333,0.1719646058,0,0.03013367655
3,4,000000100,1,0.9094512276,0.06868225115,0,0.308662907
3,170,010101010,4,0.9583841376,0.1237906108,0,0
3,256,100000000,1,0.8653963432,0.05144251033,0,inf
3,266,100001010,3,0.9663109817,0.1359270001,0,0.09297294788
3,256,100000000,1,0.8653963432,0.05144251033,0,0.5220108109
3,394,110001010,4,0.9682926834,0.1485241046,0,0
3,128,010000000,1,0.9323170781,0.08404751134,0,0
3,256,100000000,1,0.8653963432,0.05144251033,0,0
3,459,111001011,6,0.9693597592,0.1673336257,0,0.03013367655
3,256,100000000,1,0.8653963432,0.05144251033,0,0
3,136,010001000,2,0.9556402415,0.08872172865,0,0.4372075656
3,256,100000000,1,0.8653963432,0.05144251033,0,0
3,128,010000000,1,0.9323170781,0.08404751134,0,0.2501840222
3,299,100101011,5,0.9684451278,0.1646855306,0,0.09645812205
3,299,100101011,5,0.9684451278,0.1646855306,0,0
3,459,111001011,6,0.9693597592,0.1673336257,0,0.02430001974
3,394,110001010,4,0.9682926834,0.1485241046,0,0.09297294788
3,256,100000000,1,0.8653963432,0.05144251033,0,0
3,170,010101010,4,0.9583841376,0.1237906108,0,0.04532431907
3,256,100000000,1,0.8653963432,0.05144251033,0,0
3,266,100001010,3,0.9663109817,0.1359270001,0,0
3,170,010101010,4,0.9583841376,0.1237906108,0,0.1195143764
3,104,001101000,3,0.9568597451,0.1185564424,0,0
3,256,100000000,1,0.8653963432,0.05144251033,0,0
3,104,001101000,3,0.9568597451,0.1185564424,0,0
3,266,100001010,3,0.9663109817,0.1359270001,0,0
3,463,111001111,7,0.9701219536,0.2215583678,0,0.295896174
3,256,100000000,1,0.8653963432,0.05144251033,0,0
3,256,100000000,1,0.8653963432,0.05144251033,0,0
3,266,100001010,3,0.9663109817,0.1359270001,0,0
3,266,100001010,3,0.9663109817,0.1359270001,0,0
3,128,010000000,1,0.9323170781,0.08404751134,0,0
3,394,110001010,4,0.9682926834,0.1485241046,0,0.09645812205
3,266,100001010,3,0.9663109817,0.1359270001,0,0
3,128,010000000,1,0.9323170781,0.08404751134,0,0.308662907
3,328,101001000,3,0.9661585353,0.1314932012,0,0.1195143764
3,128,010000000,1,0.9323170781,0.08404751134,0,0
3,328,101001000,3,0.9661585353,0.1314932012,0,0
3,256,100000000,1,0.8653963432,0.05144251033,0,0
3,266,100001010,3,0.9663109817,0.1359270001,0,0
3,394,110001010,4,0.9682926834,0.1485241046,0,0
3,266,100001010,3,0.9663109817,0.1359270001,0,0
3,4,000000100,1,0.9094512276,0.06868225115,0,0
3,104,001101000,3,0.9568597451,0.1185564424,0,0
3,364,101101100,5,0.9696646333,0.1734690042,1,0.5790589387
3,364,101101100,5,0.9696646333,0.1734690042,1,0.1055897411
3,416,110100000,3,0.9510670714,0.1087195657,1,0.158126676
3,40,000101000,2,0.9376524407,0.09235404083,1,0.1818933733
3,384,110000000,2,0.942378046,0.1023272595,1,0.0761874452
3,384,110000000,2,0.942378046,0.1023272595,1,0
3,10,000001010,2,0.9445121922,0.1083079919,1,0.05819576932
3,384,110000000,2,0.942378046,0.1023272595,1,0
3,40,000101000,2,0.9376524407,0.09235404083,1,0
3,160,010100000,2,0.9399390239,0.09322097432,1,0.1149283753
3,384,110000000,2,0.942378046,0.1023272595,1,0
3,322,101000010,3,0.9539634027,0.1114213858,1,0.05590554135
3,384,110000000,2,0.942378046,0.1023272595,1,0
3,10,000001010,2,0.9445121922,0.1083079919,1,0.1022211347
3,322,101000010,3,0.9539634027,0.1114213858,1,0
3,384,110000000,2,0.942378046,0.1023272595,1,0
3,384,110000000,2,0.942378046,0.1023272595,1,0
3,384,110000000,2,0.942378046,0.1023272595,1,0
3,384,110000000,2,0.942378046,0.1023272595,1,0
3,40,000101000,2,0.9376524407,0.09235404083,1,0
3,322,101000010,3,0.9539634027,0.1114213858,1,0.0863589459
3,40,000101000,2,0.9376524407,0.09235404083,1,0.03874093012
3,384,110000000,2,0.942378046,0.1023272595,1,0
3,384,110000000,2,0.942378046,0.1023272595,1,0.05819576932
3,349,101011101,6,0.9696646389,0.3093579304,1,inf
3,64,001000000,1,0.9262195174,0.09079117677,1,0.4027410856
3,64,001000000,1,0.9262195174,0.09079117677,1,0.1818933733
3,106,001101010,4,0.9589938987,0.1349909608,1,0.06783526934
3,106,001101010,4,0.9589938987,0.1349909608,1,0.1012835363
3,392,110001000,3,0.9653963372,0.1357308119,1,0.1012835363
3,392,110001000,3,0.9653963372,0.1357308119,1,0
3,392,110001000,3,0.9653963372,0.1357308119,1,0.07199629773
3,312,100111000,4,0.9676829297,0.1558179194,1,0.1542367894
3,456,111001000,4,0.9663109723,0.1493365318,1,0.07199629773
3,456,111001000,4,0.9663109723,0.1493365318,1,0.04864704822
3,5,000000101,2,0.9044207372,0.07468588371,1,inf
3,5,000000101,2,0.9044207372,0.07468588371,1,0.4027410856
3,450,111000010,4,0.9554877952,0.1262044164,1,0
3,450,111000010,4,0.9554877952,0.1262044164,1,0
3,450,111000010,4,0.9554877952,0.1262044164,1,0
3,450,111000010,4,0.9554877952,0.1262044164,1,0
3,450,111000010,4,0.9554877952,0.1262044164,1,0
3,450,111000010,4,0.9554877952,0.1262044164,1,0.02334494308
3,200,011001000,3,0.955487797,0.1316828153,1,0.09118021242
3,450,111000010,4,0.9554877952,0.1262044164,1,0.0863589459
3,331,101001011,5,0.9695122056,0.1774945036,2,inf
3,2,000000010,1,0.8757621963,0.0863469597,2,inf
3,48,000110000,2,0.9140243977,0.09490588191,2,0.7044590284
3,2,000000010,1,0.8757621963,0.0863469597,2,0.50203195
3,448,111000000,3,0.9498475511,0.1094583822,2,0.2661389311
3,129,010000001,2,0.9335365873,0.1010586498,2,0.2661389311
3,271,100001111,5,0.9682926834,0.1738470579,2,0.2558426376
3,488,111101000,5,0.966463415,0.1571392328,2,0.202817463
3,272,100010000,2,0.9314024411,0.09646097757,2,0.2024270784
3,324,101000100,3,0.9624999966,0.1362094213,2,0.1609427076
3,330,101001010,4,0.9649390206,0.1500430945,2,0.134673287
3,268,100001100,3,0.9647865798,0.1379161642,2,0.134673287
3,418,110100010,4,0.9541158434,0.1336211525,2,0.1178274328
3,192,011000000,2,0.9504573103,0.1211086311,2,0.09797128867
3,320,101000000,2,0.9503048677,0.1123269997,2,0.09797128867
3,386,110000010,3,0.9515243825,0.1274834615,2,0.09498022169
3,418,110100010,4,0.9541158434,0.1336211525,2,0.09498022169
3,283,100011011,5,0.9660060965,0.1543926708,2,0.09411351869
3,265,100001001,3,0.9512195047,0.1273183418,2,0.07625819062
3,192,011000000,2,0.9504573103,0.1211086311,2,0.07625819062
3,330,101001010,4,0.9649390206,0.1500430945,2,0.0591023118
3,96,001100000,2,0.9330792725,0.09982250445,2,0.05476625966
3,272,100010000,2,0.9314024411,0.09646097757,2,0.05476625966
3,268,100001100,3,0.9647865798,0.1379161642,2,0.04311527478
3,448,111000000,3,0.9498475511,0.1094583822,2,0.03635028412
3,320,101000000,2,0.9503048677,0.1123269997,2,0.03635028412
3,488,111101000,5,0.966463415,0.1571392328,2,0.03501120689
3,129,010000001,2,0.9335365873,0.1010586498,2,0.01844005005
3,96,001100000,2,0.9330792725,0.09982250445,2,0.01844005005
3,265,100001001,3,0.9512195047,0.1273183418,2,0.00506359483
3,386,110000010,3,0.9515243825,0.1274834615,2,0.00506359483
3,330,101001010,4,0.9649390206,0.1500430945,2,0
3,272,100010000,2,0.9314024411,0.09646097757,2,0
3,320,101000000,2,0.9503048677,0.1123269997,2,0
3,268,100001100,3,0.9647865798,0.1379161642,2,0
3,320,101000000,2,0.9503048677,0.1123269997,2,0
3,488,111101000,5,0.966463415,0.1571392328,2,0
3,488,111101000,5,0.966463415,0.1571392328,2,0
3,488,111101000,5,0.966463415,0.1571392328,2,0
3,488,111101000,5,0.966463415,0.1571392328,2,0
3,268,100001100,3,0.9647865798,0.1379161642,2,0
3,268,100001100,3,0.9647865798,0.1379161642,2,0
3,330,101001010,4,0.9649390206,0.1500430945,2,0
3,320,101000000,2,0.9503048677,0.1123269997,2,0
3,330,101001010,4,0.9649390206,0.1500430945,2,0
3,268,100001100,3,0.9647865798,0.1379161642,2,0
3,320,101000000,2,0.9503048677,0.1123269997,2,0
3,320,101000000,2,0.9503048677,0.1123269997,2,0
3,320,101000000,2,0.9503048677,0.1123269997,2,0
3,2,000000010,1,0.8757621963,0.0863469597,2,0
3,2,000000010,1,0.8757621963,0.0863469597,2,0
3,2,000000010,1,0.8757621963,0.0863469597,2,0
3,129,010000001,2,0.9335365873,0.1010586498,2,0
3,265,100001001,3,0.9512195047,0.1273183418,2,0
3,265,100001001,3,0.9512195047,0.1273183418,2,0
3,418,110100010,4,0.9541158434,0.1336211525,2,0
4,299,100101011,5,0.9684451278,0.1646855306,0,0.02430001974
4,328,101001000,3,0.9661585353,0.1314932012,0,0.1195143764
4,170,010101010,4,0.9583841376,0.1237906108,0,0
4,170,010101010,4,0.9583841376,0.1237906108,0,0
4,104,001101000,3,0.9568597451,0.1185564424,0,0
4,4,000000100,1,0.9094512276,0.06868225115,0,0
4,266,100001010,3,0.9663109817,0.1359270001,0,0
4,286,100011110,5,0.9696646333,0.1719646058,0,0.295896174
4,4,000000100,1,0.9094512276,0.06868225115,0,0.5220108109
4,463,111001111,7,0.9701219536,0.2215583678,0,0.295896174
4,266,100001010,3,0.9663109817,0.1359270001,0,0
4,256,100000000,1,0.8653963432,0.05144251033,0,0
4,256,100000000,1,0.8653963432,0.05144251033,0,0
4,256,100000000,1,0.8653963432,0.05144251033,0,0
4,104,001101000,3,0.9568597451,0.1185564424,0,0
4,256,100000000,1,0.8653963432,0.05144251033,0,0
4,286,100011110,5,0.9696646333,0.1719646058,0,0.03013367655
4,4,000000100,1,0.9094512276,0.06868225115,0,0
4,170,010101010,4,0.9583841376,0.1237906108,0,0.1195143764
4,256,100000000,1,0.8653963432,0.05144251033,0,0
4,266,100001010,3,0.9663109817,0.1359270001,0,0
4,256,100000000,1,0.8653963432,0.05144251033,0,0
4,394,110001010,4,0.9682926834,0.1485241046,0,0
4,128,010000000,1,0.9323170781,0.08404751134,0,0
4,256,100000000,1,0.8653963432,0.05144251033,0,0
4,459,111001011,6,0.9693597592,0.1673336257,0,0.03013367655
4,256,100000000,1,0.8653963432,0.05144251033,0,0
4,136,010001000,2,0.9556402415,0.08872172865,0,0.1870235434
4,256,100000000,1,0.8653963432,0.05144251033,0,0
4,128,010000000,1,0.9323170781,0.08404751134,0,0
4,299,100101011,5,0.9684451278,0.1646855306,0,0.09645812205
4,299,100101011,5,0.9684451278,0.1646855306,0,0
4,459,111001011,6,0.9693597592,0.1673336257,0,0
4,394,110001010,4,0.9682926834,0.1485241046,0,0.09645812205
4,256,100000000,1,0.8653963432,0.05144251033,0,0
4,170,010101010,4,0.9583841376,0.1237906108,0,0
4,256,100000000,1,0.8653963432,0.05144251033,0,0
4,266,100001010,3,0.9663109817,0.1359270001,0,0
4,170,010101010,4,0.9583841376,0.1237906108,0,0.04532431907
4,104,001101000,3,0.9568597451,0.1185564424,0,0
4,256,100000000,1,0.8653963432,0.05144251033,0,inf
4,104,001101000,3,0.9568597451,0.1185564424,0,0
4,266,100001010,3,0.9663109817,0.1359270001,0,0
4,463,111001111,7,0.9701219536,0.2215583678,0,inf
4,256,100000000,1,0.8653963432,0.05144251033,0,0
4,256,100000000,1,0.8653963432,0.05144251033,0,0
4,266,100001010,3,0.9663109817,0.1359270001,0,0
4,266,100001010,3,0.9663109817,0.1359270001,0,0
4,128,010000000,1,0.9323170781,0.08404751134,0,0
4,394,110001010,4,0.9682926834,0.1485241046,0,0
4,266,100001010,3,0.9663109817,0.1359270001,0,0
4,128,010000000,1,0.9323170781,0.08404751134,0,0
4,328,101001000,3,0.9661585353,0.1314932012,0,0
4,128,010000000,1,0.9323170781,0.08404751134,0,0
4,328,101001000,3,0.9661585353,0.1314932012,0,0.02751908085
4,256,100000000,1,0.8653963432,0.05144251033,0,0
4,266,100001010,3,0.9663109817,0.1359270001,0,0
4,394,110001010,4,0.9682926834,0.1485241046,0,0.09297294788
4,266,100001010,3,0.9663109817,0.1359270001,0,0.02751908085
4,4,000000100,1,0.9094512276,0.06868225115,0,0
4,104,001101000,3,0.9568597451,0.1185564424,0,0.04532431907
4,256,100000000,1,0.8653963432,0.05144251033,0,0
4,266,100001010,3,0.9663109817,0.1359270001,0,0
4,256,100000000,1,0.8653963432,0.05144251033,0,0
4,136,010001000,2,0.9556402415,0.08872172865,0,0.2501840222
4,394,110001010,4,0.9682926834,0.1485241046,0,0
4,266,100001010,3,0.9663109817,0.1359270001,0,0
4,128,010000000,1,0.9323170781,0.08404751134,0,0
4,104,001101000,3,0.9568597451,0.1185564424,0,0
4,128,010000000,1,0.9323170781,0.08404751134,0,0.308662907
4,4,000000100,1,0.9094512276,0.06868225115,0,0
4,459,111001011,6,0.9693597592,0.1673336257,0,0
4,128,010000000,1,0.9323170781,0.08404751134,0,0.2501840222
4,459,111001011,6,0.9693597592,0.1673336257,0,0
4,256,100000000,1,0.8653963432,0.05144251033,0,0
4,4,000000100,1,0.9094512276,0.06868225115,0,0.308662907
4,104,001101000,3,0.9568597451,0.1185564424,0,0
4,266,100001010,3,0.9663109817,0.1359270001,0,0.09297294788
4,104,001101000,3,0.9568597451,0.1185564424,0,0.1870235434
4,170,010101010,4,0.9583841376,0.1237906108,0,0
4,256,100000000,1,0.8653963432,0.05144251033,0,0
4,256,100000000,1,0.8653963432,0.05144251033,0,0
4,394,110001010,4,0.9682926834,0.1485241046,0,0
4,394,110001010,4,0.9682926834,0.1485241046,0,0
4,328,101001000,3,0.9661585353,0.1314932012,0,0
4,256,100000000,1,0.8653963432,0.05144251033,0,0.5220108109
4,459,111001011,6,0.9693597592,0.1673336257,0,0.02430001974
4,364,101101100,5,0.9696646333,0.1734690042,1,0.5790589387
4,364,101101100,5,0.9696646333,0.1734690042,1,0.1055897411
4,349,101011101,6,0.9696646389,0.3093579304,1,inf
4,416,110100000,3,0.9510670714,0.1087195657,1,0.1022211347
4,40,000101000,2,0.9376524407,0.09235404083,1,0.1818933733
4,384,110000000,2,0.942378046,0.1023272595,1,0
4,384,110000000,2,0.942378046,0.1023272595,1,0
4,10,000001010,2,0.9445121922,0.1083079919,1,0
4,384,110000000,2,0.942378046,0.1023272595,1,0
4,40,000101000,2,0.9376524407,0.09235404083,1,0
4,160,010100000,2,0.9399390239,0.09322097432,1,0.03874093012
4,384,110000000,2,0.942378046,0.1023272595,1,0
4,322,101000010,3,0.9539634027,0.1114213858,1,0
4,384,110000000,2,0.942378046,0.1023272595,1,0
4,10,000001010,2,0.9445121922,0.1083079919,1,0.05819576932
4,322,101000010,3,0.9539634027,0.1114213858,1,0.05590554135
4,384,110000000,2,0.942378046,0.1023272595,1,0
4,384,110000000,2,0.942378046,0.1023272595,1,0
4,384,110000000,2,0.942378046,0.1023272595,1,0.05819576932
4,384,110000000,2,0.942378046,0.1023272595,1,0.0761874452
4,40,000101000,2,0.9376524407,0.09235404083,1,0.03874093012
4,322,101000010,3,0.9539634027,0.1114213858,1,0.0863589459
4,40,000101000,2,0.9376524407,0.09235404083,1,0
4,384,110000000,2,0.942378046,0.1023272595,1,0
4,384,110000000,2,0.942378046,0.1023272595,1,0
4,384,110000000,2,0.942378046,0.1023272595,1,0
4,384,110000000,2,0.942378046,0.1023272595,1,0
4,10,000001010,2,0.9445121922,0.1083079919,1,0
4,10,000001010,2,0.9445121922,0.1083079919,1,0.1022211347
4,160,010100000,2,0.9399390239,0.09322097432,1,0.0761874452
4,384,110000000,2,0.942378046,0.1023272595,1,0
4,384,110000000,2,0.942378046,0.1023272595,1,0
4,416,110100000,3,0.9510670714,0.1087195657,1,0.05590554135
4,64,001000000,1,0.9262195174,0.09079117677,1,0.1818933733
4,64,001000000,1,0.9262195174,0.09079117677,1,0
4,64,001000000,1,0.9262195174,0.09079117677,1,0.4027410856
4,5,000000101,2,0.9044207372,0.07468588371,1,inf
4,5,000000101,2,0.9044207372,0.07468588371,1,0
4,5,000000101,2,0.9044207372,0.07468588371,1,0
4,5,000000101,2,0.9044207372,0.07468588371,1,0.4027410856
4,450,111000010,4,0.9554877952,0.1262044164,1,0
4,450,111000010,4,0.9554877952,0.1262044164,1,0
4,450,111000010,4,0.9554877952,0.1262044164,1,0
4,450,111000010,4,0.9554877952,0.1262044164,1,0
4,450,111000010,4,0.9554877952,0.1262044164,1,0
4,450,111000010,4,0.9554877952,0.1262044164,1,0
4,450,111000010,4,0.9554877952,0.1262044164,1,0.01165085834
4,168,010101000,3,0.9556402303,0.1283902619,1,0.09118021242
4,450,111000010,4,0.9554877952,0.1262044164,1,0.0863589459
4,312,100111000,4,0.9676829297,0.1558179194,1,0.1542367894
4,456,111001000,4,0.9663109723,0.1493365318,1,0.07199629773
4,456,111001000,4,0.9663109723,0.1493365318,1,0
4,456,111001000,4,0.9663109723,0.1493365318,1,0
4,456,111001000,4,0.9663109723,0.1493365318,1,0.04864704822
4,106,001101010,4,0.9589938987,0.1349909608,1,0.1012835363
4,106,001101010,4,0.9589938987,0.1349909608,1,0.07952935408
4,392,110001000,3,0.9653963372,0.1357308119,1,0
4,392,110001000,3,0.9653963372,0.1357308119,1,0
4,392,110001000,3,0.9653963372,0.1357308119,1,0
4,106,001101010,4,0.9589938987,0.1349909608,1,0
4,392,110001000,3,0.9653963372,0.1357308119,1,0
4,392,110001000,3,0.9653963372,0.1357308119,1,0
4,392,110001000,3,0.9653963372,0.1357308119,1,0.07199629773
4,392,110001000,3,0.9653963372,0.1357308119,1,0.1012835363
4,331,101001011,5,0.9695122056,0.1774945036,2,inf
4,2,000000010,1,0.8757621963,0.0863469597,2,inf
4,2,000000010,1,0.8757621963,0.0863469597,2,0.50203195
4,48,000110000,2,0.9140243977,0.09490588191,2,0.50203195
4,448,111000000,3,0.9498475511,0.1094583822,2,0.2661389311
4,129,010000001,2,0.9335365873,0.1010586498,2,0.2661389311
4,271,100001111,5,0.9682926834,0.1738470579,2,0.2558426376
4,200,011001000,3,0.955487797,0.1316828153,2,0.2128076545
4,488,111101000,5,0.966463415,0.1571392328,2,0.202817463
4,272,100010000,2,0.9314024411,0.09646097757,2,0.2024270784
4,48,000110000,2,0.9140243977,0.09490588191,2,0.2024270784
5,299,100101011,5,0.9684451278,0.1646855306,0,0.09645812205
5,328,101001000,3,0.9661585353,0.1314932012,0,0
5,170,010101010,4,0.9583841376,0.1237906108,0,0
5,170,010101010,4,0.9583841376,0.1237906108,0,0
5,4,000000100,1,0.9094512276,0.06868225115,0,0
5,266,100001010,3,0.9663109817,0.1359270001,0,0
5,286,100011110,5,0.9696646333,0.1719646058,0,0.295896174
5,4,000000100,1,0.9094512276,0.06868225115,0,0
5,463,111001111,7,0.9701219536,0.2215583678,0,inf
5,266,100001010,3,0.9663109817,0.1359270001,0,0
5,256,100000000,1,0.8653963432,0.05144251033,0,0
5,256,100000000,1,0.8653963432,0.05144251033,0,0
5,256,100000000,1,0.8653963432,0.05144251033,0,0
5,256,100000000,1,0.8653963432,0.05144251033,0,0
5,286,100011110,5,0.9696646333,0.1719646058,0,0
5,4,000000100,1,0.9094512276,0.06868225115,0,0.308662907
5,170,010101010,4,0.9583841376,0.1237906108,0,0
5,256,100000000,1,0.8653963432,0.05144251033,0,0
5,266,100001010,3,0.9663109817,0.1359270001,0,0
5,256,100000000,1,0.8653963432,0.05144251033,0,0
5,394,110001010,4,0.9682926834,0.1485241046,0,0
5,128,010000000,1,0.9323170781,0.08404751134,0,0
5,256,100000000,1,0.8653963432,0.05144251033,0,0
5,459,111001011,6,0.9693597592,0.1673336257,0,0.02430001974
5,256,100000000,1,0.8653963432,0.05144251033,0,0
5,136,010001000,2,0.9556402415,0.08872172865,0,0
5,256,100000000,1,0.8653963432,0.05144251033,0,0
5,128,010000000,1,0.9323170781,0.08404751134,0,0
5,299,100101011,5,0.9684451278,0.1646855306,0,0.02430001974
5,299,100101011,5,0.9684451278,0.1646855306,0,0
5,459,111001011,6,0.9693597592,0.1673336257,0,0
5,394,110001010,4,0.9682926834,0.1485241046,0,0.09297294788
5,256,100000000,1,0.8653963432,0.05144251033,0,0.5220108109
5,170,010101010,4,0.9583841376,0.1237906108,0,0.03977767534
5,256,100000000,1,0.8653963432,0.05144251033,0,inf
5,266,100001010,3,0.9663109817,0.1359270001,0,0
5,170,010101010,4,0.9583841376,0.1237906108,0,0.1195143764
5,256,100000000,1,0.8653963432,0.05144251033,0,0
5,266,100001010,3,0.9663109817,0.1359270001,0,0
5,463,111001111,7,0.9701219536,0.2215583678,0,0.295896174
5,256,100000000,1,0.8653963432,0.05144251033,0,0
5,256,100000000,1,0.8653963432,0.05144251033,0,0
5,266,100001010,3,0.9663109817,0.1359270001,0,0
5,266,100001010,3,0.9663109817,0.1359270001,0,0
5,128,010000000,1,0.9323170781,0.08404751134,0,0
5,394,110001010,4,0.9682926834,0.1485241046,0,0
5,266,100001010,3,0.9663109817,0.1359270001,0,0
5,128,010000000,1,0.9323170781,0.08404751134,0,0.2501840222
5,328,101001000,3,0.9661585353,0.1314932012,0,0.02751908085
5,128,010000000,1,0.9323170781,0.08404751134,0,0
5,328,101001000,3,0.9661585353,0.1314932012,0,0.1195143764
5,256,100000000,1,0.8653963432,0.05144251033,0,0
5,266,100001010,3,0.9663109817,0.1359270001,0,0.02751908085
5,394,110001010,4,0.9682926834,0.1485241046,0,0
5,266,100001010,3,0.9663109817,0.1359270001,0,0
5,4,000000100,1,0.9094512276,0.06868225115,0,0
5,256,100000000,1,0.8653963432,0.05144251033,0,0
5,266,100001010,3,0.9663109817,0.1359270001,0,0
5,256,100000000,1,0.8653963432,0.05144251033,0,0
5,136,010001000,2,0.9556402415,0.08872172865,0,0
5,394,110001010,4,0.9682926834,0.1485241046,0,0
5,266,100001010,3,0.9663109817,0.1359270001,0,0
5,128,010000000,1,0.9323170781,0.08404751134,0,0
5,128,010000000,1,0.9323170781,0.08404751134,0,0.308662907
5,4,000000100,1,0.9094512276,0.06868225115,0,0.5220108109
5,459,111001011,6,0.9693597592,0.1673336257,0,0
5,128,010000000,1,0.9323170781,0.08404751134,0,0
5,459,111001011,6,0.9693597592,0.1673336257,0,0
5,256,100000000,1,0.8653963432,0.05144251033,0,0
5,4,000000100,1,0.9094512276,0.06868225115,0,0
5,266,100001010,3,0.9663109817,0.1359270001,0,0
5,170,010101010,4,0.9583841376,0.1237906108,0,0
5,256,100000000,1,0.8653963432,0.05144251033,0,0
5,256,100000000,1,0.8653963432,0.05144251033,0,0
5,394,110001010,4,0.9682926834,0.1485241046,0,0
5,394,110001010,4,0.9682926834,0.1485241046,0,0
5,328,101001000,3,0.9661585353,0.1314932012,0,0
5,256,100000000,1,0.8653963432,0.05144251033,0,0
5,459,111001011,6,0.9693597592,0.1673336257,0,0
5,459,111001011,6,0.9693597592,0.1673336257,0,0.03013367655
5,256,100000000,1,0.8653963432,0.05144251033,0,0
5,266,100001010,3,0.9663109817,0.1359270001,0,0.09297294788
5,463,111001111,7,0.9701219536,0.2215583678,0,0
5,128,010000000,1,0.9323170781,0.08404751134,0,0
5,136,010001000,2,0.9556402415,0.08872172865,0,0.2501840222
5,328,101001000,3,0.9661585353,0.1314932012,0,0
5,286,100011110,5,0.9696646333,0.1719646058,0,0.03013367655
5,394,110001010,4,0.9682926834,0.1485241046,0,0
5,394,110001010,4,0.9682926834,0.1485241046,0,0
5,394,110001010,4,0.9682926834,0.1485241046,0,0.09645812205
5,266,100001010,3,0.9663109817,0.1359270001,0,0
5,256,100000000,1,0.8653963432,0.05144251033,0,0
5,256,100000000,1,0.8653963432,0.05144251033,0,0
5,136,010001000,2,0.9556402415,0.08872172865,0,0
5,266,100001010,3,0.9663109817,0.1359270001,0,0
5,328,101001000,3,0.9661585353,0.1314932012,0,0
5,328,101001000,3,0.9661585353,0.1314932012,0,0
5,136,010001000,2,0.9556402415,0.08872172865,0,0.1925701872
5,256,100000000,1,0.8653963432,0.05144251033,0,0
5,394,110001010,4,0.9682926834,0.1485241046,0,0
5,328,101001000,3,0.9661585353,0.1314932012,0,0
5,256,100000000,1,0.8653963432,0.05144251033,0,0
5,138,010001010,3,0.9580792598,0.1175190397,0,0.2323478625
5,266,100001010,3,0.9663109817,0.1359270001,0,0
5,256,100000000,1,0.8653963432,0.05144251033,0,0
5,5,000000101,2,0.9044207372,0.07468588371,1,inf
5,349,101011101,6,0.9696646389,0.3093579304,1,inf
5,364,101101100,5,0.9696646333,0.1734690042,1,0.5790589387
5,5,000000101,2,0.9044207372,0.07468588371,1,0.4027410856
5,64,001000000,1,0.9262195174,0.09079117677,1,0.4027410856
5,40,000101000,2,0.9376524407,0.09235404083,1,0.1818933733
5,64,001000000,1,0.9262195174,0.09079117677,1,0.1818933733
5,312,100111000,4,0.9676829297,0.1558179194,1,0.1542367894
5,364,101101100,5,0.9696646333,0.1734690042,1,0.1055897411
5,104,001101000,3,0.9568597451,0.1185564424,1,0.1027422458
5,106,001101010,4,0.9589938987,0.1349909608,1,0.1027422458
5,416,110100000,3,0.9510670714,0.1087195657,1,0.1022211347
5,10,000001010,2,0.9445121922,0.1083079919,1,0.1022211347
5,106,001101010,4,0.9589938987,0.1349909608,1,0.1012835363
5,392,110001000,3,0.9653963372,0.1357308119,1,0.1012835363
5,384,110000000,2,0.942378046,0.1023272595,1,0.0761874452
5,160,010100000,2,0.9399390239,0.09322097432,1,0.0761874452
5,104,001101000,3,0.9568597451,0.1185564424,1,0.07479691256
5,322,101000010,3,0.9539634027,0.1114213858,1,0.07479691256
5,456,111001000,4,0.9663109723,0.1493365318,1,0.07199629773
5,392,110001000,3,0.9653963372,0.1357308119,1,0.07199629773
5,10,000001010,2,0.9445121922,0.1083079919,1,0.05819576932
5,384,110000000,2,0.942378046,0.1023272595,1,0.05819576932
5,322,101000010,3,0.9539634027,0.1114213858,1,0.05590554135
5,416,110100000,3,0.9510670714,0.1087195657,1,0.05590554135
5,456,111001000,4,0.9663109723,0.1493365318,1,0.04864704822
5,160,010100000,2,0.9399390239,0.09322097432,1,0.03874093012
5,40,000101000,2,0.9376524407,0.09235404083,1,0.03874093012
5,10,000001010,2,0.9445121922,0.1083079919,1,0
5,384,110000000,2,0.942378046,0.1023272595,1,0
5,384,110000000,2,0.942378046,0.1023272595,1,0
5,384,110000000,2,0.942378046,0.1023272595,1,0
5,10,000001010,2,0.9445121922,0.1083079919,1,0
5,384,110000000,2,0.942378046,0.1023272595,1,0
5,384,110000000,2,0.942378046,0.1023272595,1,0
5,384,110000000,2,0.942378046,0.1023272595,1,0
5,384,110000000,2,0.942378046,0.1023272595,1,0
5,160,010100000,2,0.9399390239,0.09322097432,1,0
5,64,001000000,1,0.9262195174,0.09079117677,1,0
5,64,001000000,1,0.9262195174,0.09079117677,1,0
5,384,110000000,2,0.942378046,0.1023272595,1,0
5,384,110000000,2,0.942378046,0.1023272595,1,0
5,384,110000000,2,0.942378046,0.1023272595,1,0
5,384,110000000,2,0.942378046,0.1023272595,1,0
5,384,110000000,2,0.942378046,0.1023272595,1,0
5,384,110000000,2,0.942378046,0.1023272595,1,0
5,384,110000000,2,0.942378046,0.1023272595,1,0
5,40,000101000,2,0.9376524407,0.09235404083,1,0
5,40,000101000,2,0.9376524407,0.09235404083,1,0
5,40,000101000,2,0.9376524407,0.09235404083,1,0
5,10,000001010,2,0.9445121922,0.1083079919,1,0
5,322,101000010,3,0.9539634027,0.1114213858,1,0
5,384,110000000,2,0.942378046,0.1023272595,1,0
5,106,001101010,4,0.9589938987,0.1349909608,1,0
5,40,000101000,2,0.9376524407,0.09235404083,1,0
5,392,110001000,3,0.9653963372,0.1357308119,1,0
5,392,110001000,3,0.9653963372,0.1357308119,1,0
6,299,100101011,5,0.9684451278,0.1646855306,0,0.09645812205
6,328,101001000,3,0.9661585353,0.1314932012,0,0
6,170,010101010,4,0.9583841376,0.1237906108,0,0.03977767534
6,170,010101010,4,0.9583841376,0.1237906108,0,0
6,4,000000100,1,0.9094512276,0.06868225115,0,0.308662907
6,266,100001010,3,0.9663109817,0.1359270001,0,0
6,286,100011110,5,0.9696646333,0.1719646058,0,0
6,4,000000100,1,0.9094512276,0.06868225115,0,0
6,463,111001111,7,0.9701219536,0.2215583678,0,0
6,266,100001010,3,0.9663109817,0.1359270001,0,0
6,256,100000000,1,0.8653963432,0.05144251033,0,0
6,256,100000000,1,0.8653963432,0.05144251033,0,0
6,256,100000000,1,0.8653963432,0.05144251033,0,0
6,256,100000000,1,0.8653963432,0.05144251033,0,0
6,286,100011110,5,0.9696646333,0.1719646058,0,0.03013367655
6,4,000000100,1,0.9094512276,0.06868225115,0,0
6,170,010101010,4,0.9583841376,0.1237906108,0,0
6,256,100000000,1,0.8653963432,0.05144251033,0,0
6,266,100001010,3,0.9663109817,0.1359270001,0,0
6,256,100000000,1,0.8653963432,0.05144251033,0,0
6,394,110001010,4,0.9682926834,0.1485241046,0,0
6,128,010000000,1,0.9323170781,0.08404751134,0,0.2501840222
6,256,100000000,1,0.8653963432,0.05144251033,0,0
6,459,111001011,6,0.9693597592,0.1673336257,0,0.02430001974
6,256,100000000,1,0.8653963432,0.05144251033,0,0
6,136,010001000,2,0.9556402415,0.08872172865,0,0
6,256,100000000,1,0.8653963432,0.05144251033,0,0
6,128,010000000,1,0.9323170781,0.08404751134,0,0
6,299,100101011,5,0.9684451278,0.1646855306,0,0
6,299,100101011,5,0.9684451278,0.1646855306,0,0.02430001974
6,459,111001011,6,0.9693597592,0.1673336257,0,0
6,394,110001010,4,0.9682926834,0.1485241046,0,0
6,256,100000000,1,0.8653963432,0.05144251033,0,0
6,170,010101010,4,0.9583841376,0.1237906108,0,0.1195143764
6,256,100000000,1,0.8653963432,0.05144251033,0,0
6,266,100001010,3,0.9663109817,0.1359270001,0,0
6,170,010101010,4,0.9583841376,0.1237906108,0,0
6,256,100000000,1,0.8653963432,0.05144251033,0,0
6,266,100001010,3,0.9663109817,0.1359270001,0,0
6,463,111001111,7,0.9701219536,0.2215583678,0,0.295896174
6,256,100000000,1,0.8653963432,0.05144251033,0,0
6,256,100000000,1,0.8653963432,0.05144251033,0,0
6,266,100001010,3,0.9663109817,0.1359270001,0,0
6,266,100001010,3,0.9663109817,0.1359270001,0,0.09297294788
6,128,010000000,1,0.9323170781,0.08404751134,0,0
6,394,110001010,4,0.9682926834,0.1485241046,0,0
6,266,100001010,3,0.9663109817,0.1359270001,0,0
6,128,010000000,1,0.9323170781,0.08404751134,0,0
6,328,101001000,3,0.9661585353,0.1314932012,0,0
6,128,010000000,1,0.9323170781,0.08404751134,0,0
6,328,101001000,3,0.9661585353,0.1314932012,0,0
6,256,100000000,1,0.8653963432,0.05144251033,0,inf
6,266,100001010,3,0.9663109817,0.1359270001,0,0.02751908085
6,394,110001010,4,0.9682926834,0.1485241046,0,0
6,266,100001010,3,0.9663109817,0.1359270001,0,0
6,4,000000100,1,0.9094512276,0.06868225115,0,0.5220108109
6,256,100000000,1,0.8653963432,0.05144251033,0,0
6,266,100001010,3,0.9663109817,0.1359270001,0,0
6,256,100000000,1,0.8653963432,0.05144251033,0,0
6,136,010001000,2,0.9556402415,0.08872172865,0,0
6,394,110001010,4,0.9682926834,0.1485241046,0,0
6,266,100001010,3,0.9663109817,0.1359270001,0,0
6,128,010000000,1,0.9323170781,0.08404751134,0,0
6,128,010000000,1,0.9323170781,0.08404751134,0,0
6,4,000000100,1,0.9094512276,0.06868225115,0,0
6,459,111001011,6,0.9693597592,0.1673336257,0,0.03013367655
6,128,010000000,1,0.9323170781,0.08404751134,0,0
6,459,111001011,6,0.9693597592,0.1673336257,0,0
6,256,100000000,1,0.8653963432,0.05144251033,0,0
6,4,000000100,1,0.9094512276,0.06868225115,0,0
6,266,100001010,3,0.9663109817,0.1359270001,0,0
6,170,010101010,4,0.9583841376,0.1237906108,0,0
6,256,100000000,1,0.8653963432,0.05144251033,0,0
6,256,100000000,1,0.8653963432,0.05144251033,0,0
6,394,110001010,4,0.9682926834,0.1485241046,0,0
6,394,110001010,4,0.9682926834,0.1485241046,0,0
6,328,101001000,3,0.9661585353,0.1314932012,0,0.1195143764
6,256,100000000,1,0.8653963432,0.05144251033,0,0.5220108109
6,459,111001011,6,0.9693597592,0.1673336257,0,0
6,459,111001011,6,0.9693597592,0.1673336257,0,0
6,256,100000000,1,0.8653963432,0.05144251033,0,0
6,266,100001010,3,0.9663109817,0.1359270001,0,0
6,463,111001111,7,0.9701219536,0.2215583678,0,inf
6,128,010000000,1,0.9323170781,0.08404751134,0,0.308662907
6,136,010001000,2,0.9556402415,0.08872172865,0,0.1925701872
6,328,101001000,3,0.9661585353,0.1314932012,0,0.02751908085
6,286,100011110,5,0.9696646333,0.1719646058,0,0.295896174
6,394,110001010,4,0.9682926834,0.1485241046,0,0
6,394,110001010,4,0.9682926834,0.1485241046,0,0.09297294788
6,394,110001010,4,0.9682926834,0.1485241046,0,0.09645812205
6,266,100001010,3,0.9663109817,0.1359270001,0,0
6,256,100000000,1,0.8653963432,0.05144251033,0,0
6,256,100000000,1,0.8653963432,0.05144251033,0,0
6,136,010001000,2,0.9556402415,0.08872172865,0,0
6,266,100001010,3,0.9663109817,0.1359270001,0,0
6,328,101001000,3,0.9661585353,0.1314932012,0,0
6,328,101001000,3,0.9661585353,0.1314932012,0,0
6,136,010001000,2,0.9556402415,0.08872172865,0,0
6,256,100000000,1,0.8653963432,0.05144251033,0,0
6,394,110001010,4,0.9682926834,0.1485241046,0,0
6,328,101001000,3,0.9661585353,0.1314932012,0,0
6,256,100000000,1,0.8653963432,0.05144251033,0,0
6,138,010001010,3,0.9580792598,0.1175190397,0,0.2323478625
6,266,100001010,3,0.9663109817,0.1359270001,0,0
6,256,100000000,1,0.8653963432,0.05144251033,0,0
6,128,010000000,1,0.9323170781,0.08404751134,0,0
6,128,010000000,1,0.9323170781,0.08404751134,0,0
6,128,010000000,1,0.9323170781,0.08404751134,0,0
6,256,100000000,1,0.8653963432,0.05144251033,0,0
6,328,101001000,3,0.9661585353,0.1314932012,0,0
6,256,100000000,1,0.8653963432,0.05144251033,0,0
6,136,010001000,2,0.9556402415,0.08872172865,0,0
6,459,111001011,6,0.9693597592,0.1673336257,0,0
6,4,000000100,1,0.9094512276,0.06868225115,0,0
6,256,100000000,1,0.8653963432,0.05144251033,0,0
6,136,010001000,2,0.9556402415,0.08872172865,0,0
6,256,100000000,1,0.8653963432,0.05144251033,0,0
6,256,100000000,1,0.8653963432,0.05144251033,0,0
6,136,010001000,2,0.9556402415,0.08872172865,0,0.2501840222
6,5,000000101,2,0.9044207372,0.07468588371,1,inf
6,349,101011101,6,0.9696646389,0.3093579304,1,inf
6,364,101101100,5,0.9696646333,0.1734690042,1,0.5790589387
6,64,001000000,1,0.9262195174,0.09079117677,1,0.4027410856
6,5,000000101,2,0.9044207372,0.07468588371,1,0.4027410856
6,40,000101000,2,0.9376524407,0.09235404083,1,0.1818933733
6,64,001000000,1,0.9262195174,0.09079117677,1,0.1818933733
6,312,100111000,4,0.9676829297,0.1558179194,1,0.1542367894
6,364,101101100,5,0.9696646333,0.1734690042,1,0.1055897411
6,104,001101000,3,0.9568597451,0.1185564424,1,0.1027422458
6,106,001101010,4,0.9589938987,0.1349909608,1,0.1027422458
6,416,110100000,3,0.9510670714,0.1087195657,1,0.1022211347
6,10,000001010,2,0.9445121922,0.1083079919,1,0.1022211347
6,392,110001000,3,0.9653963372,0.1357308119,1,0.1012835363
6,106,001101010,4,0.9589938987,0.1349909608,1,0.1012835363
6,384,110000000,2,0.942378046,0.1023272595,1,0.0761874452
6,160,010100000,2,0.9399390239,0.09322097432,1,0.0761874452
6,104,001101000,3,0.9568597451,0.1185564424,1,0.07479691256
6,322,101000010,3,0.9539634027,0.1114213858,1,0.07479691256
6,456,111001000,4,0.9663109723,0.1493365318,1,0.07199629773
6,392,110001000,3,0.9653963372,0.1357308119,1,0.07199629773
6,10,000001010,2,0.9445121922,0.1083079919,1,0.05819576932
6,384,110000000,2,0.942378046,0.1023272595,1,0.05819576932
6,322,101000010,3,0.9539634027,0.1114213858,1,0.05590554135
6,416,110100000,3,0.9510670714,0.1087195657,1,0.05590554135
6,456,111001000,4,0.9663109723,0.1493365318,1,0.04864704822
6,40,000101000,2,0.9376524407,0.09235404083,1,0.03874093012
6,160,010100000,2,0.9399390239,0.09322097432,1,0.03874093012
6,392,110001000,3,0.9653963372,0.1357308119,1,0
6,416,110100000,3,0.9510670714,0.1087195657,1,0
6,64,001000000,1,0.9262195174,0.09079117677,1,0
6,40,000101000,2,0.9376524407,0.09235404083,1,0
6,64,001000000,1,0.9262195174,0.09079117677,1,0
6,10,000001010,2,0.9445121922,0.1083079919,1,0
6,10,000001010,2,0.9445121922,0.1083079919,1,0
6,384,110000000,2,0.942378046,0.1023272595,1,0
6,384,110000000,2,0.942378046,0.1023272595,1,0
6,10,000001010,2,0.9445121922,0.1083079919,1,0
6,384,110000000,2,0.942378046,0.1023272595,1,0
6,384,110000000,2,0.942378046,0.1023272595,1,0
6,384,110000000,2,0.942378046,0.1023272595,1,0
6,384,110000000,2,0.942378046,0.1023272595,1,0
6,322,101000010,3,0.9539634027,0.1114213858,1,0
7,299,100101011,5,0.9684451278,0.1646855306,0,0.02430001974
7,328,101001000,3,0.9661585353,0.1314932012,0,0.02751908085
7,170,010101010,4,0.9583841376,0.1237906108,0,0.03977767534
7,170,010101010,4,0.9583841376,0.1237906108,0,0.1195143764
7,4,000000100,1,0.9094512276,0.06868225115,0,0.5220108109
7,266,100001010,3,0.9663109817,0.1359270001,0,0
7,286,100011110,5,0.9696646333,0.1719646058,0,0
7,4,000000100,1,0.9094512276,0.06868225115,0,0
7,463,111001111,7,0.9701219536,0.2215583678,0,0.295896174
7,266,100001010,3,0.9663109817,0.1359270001,0,0
7,256,100000000,1,0.8653963432,0.05144251033,0,0
7,256,100000000,1,0.8653963432,0.05144251033,0,0
7,256,100000000,1,0.8653963432,0.05144251033,0,0
7,256,100000000,1,0.8653963432,0.05144251033,0,0
7,286,100011110,5,0.9696646333,0.1719646058,0,0.03013367655
7,4,000000100,1,0.9094512276,0.06868225115,0,0
7,170,010101010,4,0.9583841376,0.1237906108,0,0
7,256,100000000,1,0.8653963432,0.05144251033,0,0
7,266,100001010,3,0.9663109817,0.1359270001,0,0
7,256,100000000,1,0.8653963432,0.05144251033,0,0
7,394,110001010,4,0.9682926834,0.1485241046,0,0
7,128,010000000,1,0.9323170781,0.08404751134,0,0
7,256,100000000,1,0.8653963432,0.05144251033,0,0
7,459,111001011,6,0.9693597592,0.1673336257,0,0.03013367655
7,256,100000000,1,0.8653963432,0.05144251033,0,0
7,136,010001000,2,0.9556402415,0.08872172865,0,0.2501840222
7,256,100000000,1,0.8653963432,0.05144251033,0,0
7,128,010000000,1,0.9323170781,0.08404751134,0,0
7,299,100101011,5,0.9684451278,0.1646855306,0,0
7,299,100101011,5,0.9684451278,0.1646855306,0,0.09645812205
7,459,111001011,6,0.9693597592,0.1673336257,0,0
7,394,110001010,4,0.9682926834,0.1485241046,0,0
7,256,100000000,1,0.8653963432,0.05144251033,0,0
7,170,010101010,4,0.9583841376,0.1237906108,0,0
7,256,100000000,1,0.8653963432,0.05144251033,0,0
7,266,100001010,3,0.9663109817,0.1359270001,0,0
7,170,010101010,4,0.9583841376,0.1237906108,0,0
7,256,100000000,1,0.8653963432,0.05144251033,0,0
7,266,100001010,3,0.9663109817,0.1359270001,0,0
7,463,111001111,7,0.9701219536,0.2215583678,0,0
7,256,100000000,1,0.8653963432,0.05144251033,0,0
7,256,100000000,1,0.8653963432,0.05144251033,0,inf
7,266,100001010,3,0.9663109817,0.1359270001,0,0.02751908085
7,266,100001010,3,0.9663109817,0.1359270001,0,0
7,128,010000000,1,0.9323170781,0.08404751134,0,0
7,394,110001010,4,0.9682926834,0.1485241046,0,0
7,266,100001010,3,0.9663109817,0.1359270001,0,0
7,128,010000000,1,0.9323170781,0.08404751134,0,0
7,328,101001000,3,0.9661585353,0.1314932012,0,0
7,128,010000000,1,0.9323170781,0.08404751134,0,0
7,328,101001000,3,0.9661585353,0.1314932012,0,0.1195143764
7,256,100000000,1,0.8653963432,0.05144251033,0,0.5220108109
7,266,100001010,3,0.9663109817,0.1359270001,0,0
7,394,110001010,4,0.9682926834,0.1485241046,0,0
7,266,100001010,3,0.9663109817,0.1359270001,0,0
7,4,000000100,1,0.9094512276,0.06868225115,0,0
7,256,100000000,1,0.8653963432,0.05144251033,0,0
7,266,100001010,3,0.9663109817,0.1359270001,0,0
7,256,100000000,1,0.8653963432,0.05144251033,0,0
7,136,010001000,2,0.9556402415,0.08872172865,0,0
7,394,110001010,4,0.9682926834,0.1485241046,0,0.09645812205
7,266,100001010,3,0.9663109817,0.1359270001,0,0
7,128,010000000,1,0.9323170781,0.08404751134,0,0.308662907
7,128,010000000,1,0.9323170781,0.08404751134,0,0
7,4,000000100,1,0.9094512276,0.06868225115,0,0
7,459,111001011,6,0.9693597592,0.1673336257,0,0.02430001974
7,128,010000000,1,0.9323170781,0.08404751134,0,0
7,459,111001011,6,0.9693597592,0.1673336257,0,0
7,256,100000000,1,0.8653963432,0.05144251033,0,0
7,4,000000100,1,0.9094512276,0.06868225115,0,0
7,266,100001010,3,0.9663109817,0.1359270001,0,0
7,170,010101010,4,0.9583841376,0.1237906108,0,0
7,256,100000000,1,0.8653963432,0.05144251033,0,0
7,256,100000000,1,0.8653963432,0.05144251033,0,0
7,394,110001010,4,0.9682926834,0.1485241046,0,0
7,394,110001010,4,0.9682926834,0.1485241046,0,0.09297294788
7,328,101001000,3,0.9661585353,0.1314932012,0,0
7,256,100000000,1,0.8653963432,0.05144251033,0,0
7,459,111001011,6,0.9693597592,0.1673336257,0,0
7,459,111001011,6,0.9693597592,0.1673336257,0,0
7,256,100000000,1,0.8653963432,0.05144251033,0,0
7,266,100001010,3,0.9663109817,0.1359270001,0,0.09297294788
7,463,111001111,7,0.9701219536,0.2215583678,0,inf
7,128,010000000,1,0.9323170781,0.08404751134,0,0.2501840222
7,136,010001000,2,0.9556402415,0.08872172865,0,0.1925701872
7,328,101001000,3,0.9661585353,0.1314932012,0,0
7,286,100011110,5,0.9696646333,0.1719646058,0,0.295896174
7,394,110001010,4,0.9682926834,0.1485241046,0,0
7,394,110001010,4,0.9682926834,0.1485241046,0,0
7,394,110001010,4,0.9682926834,0.1485241046,0,0
7,266,100001010,3,0.9663109817,0.1359270001,0,0
7,256,100000000,1,0.8653963432,0.05144251033,0,0
7,256,100000000,1,0.8653963432,0.05144251033,0,0
7,136,010001000,2,0.9556402415,0.08872172865,0,0
7,266,100001010,3,0.9663109817,0.1359270001,0,0
7,328,101001000,3,0.9661585353,0.1314932012,0,0
7,328,101001000,3,0.9661585353,0.1314932012,0,0
7,136,010001000,2,0.9556402415,0.08872172865,0,0
7,256,100000000,1,0.8653963432,0.05144251033,0,0
7,394,110001010,4,0.9682926834,0.1485241046,0,0
7,328,101001000,3,0.9661585353,0.1314932012,0,0
7,256,100000000,1,0.8653963432,0.05144251033,0,0
7,138,010001010,3,0.9580792598,0.1175190397,0,0.2323478625
7,266,100001010,3,0.9663109817,0.1359270001,0,0
7,256,100000000,1,0.8653963432,0.05144251033,0,0
7,128,010000000,1,0.9323170781,0.08404751134,0,0
7,128,010000000,1,0.9323170781,0.08404751134,0,0
7,128,010000000,1,0.9323170781,0.08404751134,0,0
7,256,100000000,1,0.8653963432,0.05144251033,0,0
7,328,101001000,3,0.9661585353,0.1314932012,0,0
7,256,100000000,1,0.8653963432,0.05144251033,0,0
7,136,010001000,2,0.9556402415,0.08872172865,0,0
7,459,111001011,6,0.9693597592,0.1673336257,0,0
7,4,000000100,1,0.9094512276,0.06868225115,0,0.308662907
7,256,100000000,1,0.8653963432,0.05144251033,0,0
7,136,010001000,2,0.9556402415,0.08872172865,0,0
7,256,100000000,1,0.8653963432,0.05144251033,0,0
7,256,100000000,1,0.8653963432,0.05144251033,0,0
7,136,010001000,2,0.9556402415,0.08872172865,0,0
7,328,101001000,3,0.9661585353,0.1314932012,0,0
7,256,100000000,1,0.8653963432,0.05144251033,0,0
7,170,010101010,4,0.9583841376,0.1237906108,0,0
7,463,111001111,7,0.9701219536,0.2215583678,0,0
7,328,101001000,3,0.9661585353,0.1314932012,0,0
7,256,100000000,1,0.8653963432,0.05144251033,0,0
7,349,101011101,6,0.9696646389,0.3093579304,1,inf
7,5,000000101,2,0.9044207372,0.07468588371,1,inf
7,364,101101100,5,0.9696646333,0.1734690042,1,0.5790589387
7,5,000000101,2,0.9044207372,0.07468588371,1,0.4027410856
7,64,001000000,1,0.9262195174,0.09079117677,1,0.4027410856
7,64,001000000,1,0.9262195174,0.09079117677,1,0.1818933733
7,40,000101000,2,0.9376524407,0.09235404083,1,0.1818933733
7,312,100111000,4,0.9676829297,0.1558179194,1,0.1542367894
7,364,101101100,5,0.9696646333,0.1734690042,1,0.1055897411
7,106,001101010,4,0.9589938987,0.1349909608,1,0.1027422458
7,104,001101000,3,0.9568597451,0.1185564424,1,0.1027422458
7,416,110100000,3,0.9510670714,0.1087195657,1,0.1022211347
7,10,000001010,2,0.9445121922,0.1083079919,1,0.1022211347
7,392,110001000,3,0.9653963372,0.1357308119,1,0.1012835363
7,106,001101010,4,0.9589938987,0.1349909608,1,0.1012835363
7,160,010100000,2,0.9399390239,0.09322097432,1,0.0761874452
7,384,110000000,2,0.942378046,0.1023272595,1,0.0761874452
7,104,001101000,3,0.9568597451,0.1185564424,1,0.07479691256
7,322,101000010,3,0.9539634027,0.1114213858,1,0.07479691256
7,392,110001000,3,0.9653963372,0.1357308119,1,0.07199629773
7,456,111001000,4,0.9663109723,0.1493365318,1,0.07199629773
7,10,000001010,2,0.9445121922,0.1083079919,1,0.05819576932
7,384,110000000,2,0.942378046,0.1023272595,1,0.05819576932
7,416,110100000,3,0.9510670714,0.1087195657,1,0.05590554135
7,322,101000010,3,0.9539634027,0.1114213858,1,0.05590554135
7,456,111001000,4,0.9663109723,0.1493365318,1,0.04864704822
7,160,010100000,2,0.9399390239,0.09322097432,1,0.03874093012
7,40,000101000,2,0.9376524407,0.09235404083,1,0.03874093012
7,384,110000000,2,0.942378046,0.1023272595,1,0
7,10,000001010,2,0.9445121922,0.1083079919,1,0
7,10,000001010,2,0.9445121922,0.1083079919,1,0
7,384,110000000,2,0.942378046,0.1023272595,1,0
7,64,001000000,1,0.9262195174,0.09079117677,1,0
7,10,000001010,2,0.9445121922,0.1083079919,1,0
7,384,110000000,2,0.942378046,0.1023272595,1,0
7,384,110000000,2,0.942378046,0.1023272595,1,0
7,384,110000000,2,0.942378046,0.1023272595,1,0
8,299,100101011,5,0.9684451278,0.1646855306,0,0.02430001974
8,328,101001000,3,0.9661585353,0.1314932012,0,0
8,170,010101010,4,0.9583841376,0.1237906108,0,0.03977767534
8,170,010101010,4,0.9583841376,0.1237906108,0,0.1195143764
8,4,000000100,1,0.9094512276,0.06868225115,0,0
8,266,100001010,3,0.9663109817,0.1359270001,0,0
8,286,100011110,5,0.9696646333,0.1719646058,0,0.295896174
8,4,000000100,1,0.9094512276,0.06868225115,0,0.308662907
8,463,111001111,7,0.9701219536,0.2215583678,0,0
8,266,100001010,3,0.9663109817,0.1359270001,0,0
8,256,100000000,1,0.8653963432,0.05144251033,0,0
8,256,100000000,1,0.8653963432,0.05144251033,0,0
8,256,100000000,1,0.8653963432,0.05144251033,0,0
8,256,100000000,1,0.8653963432,0.05144251033,0,0
8,286,100011110,5,0.9696646333,0.1719646058,0,0.03013367655
8,4,000000100,1,0.9094512276,0.06868225115,0,0
8,170,010101010,4,0.9583841376,0.1237906108,0,0
8,256,100000000,1,0.8653963432,0.05144251033,0,0
8,266,100001010,3,0.9663109817,0.1359270001,0,0.02751908085
8,256,100000000,1,0.8653963432,0.05144251033,0,0
8,394,110001010,4,0.9682926834,0.1485241046,0,0.09645812205
8,128,010000000,1,0.9323170781,0.08404751134,0,0
8,256,100000000,1,0.8653963432,0.05144251033,0,0
8,459,111001011,6,0.9693597592,0.1673336257,0,0
8,256,100000000,1,0.8653963432,0.05144251033,0,0
8,136,010001000,2,0.9556402415,0.08872172865,0,0
8,256,100000000,1,0.8653963432,0.05144251033,0,0
8,128,010000000,1,0.9323170781,0.08404751134,0,0
8,299,100101011,5,0.9684451278,0.1646855306,0,0
8,299,100101011,5,0.9684451278,0.1646855306,0,0.09645812205
8,459,111001011,6,0.9693597592,0.1673336257,0,0
8,394,110001010,4,0.9682926834,0.1485241046,0,0
8,256,100000000,1,0.8653963432,0.05144251033,0,0
8,170,010101010,4,0.9583841376,0.1237906108,0,0
8,256,100000000,1,0.8653963432,0.05144251033,0,inf
8,266,100001010,3,0.9663109817,0.1359270001,0,0
8,170,010101010,4,0.9583841376,0.1237906108,0,0
8,256,100000000,1,0.8653963432,0.05144251033,0,0
8,266,100001010,3,0.9663109817,0.1359270001,0,0
8,463,111001111,7,0.9701219536,0.2215583678,0,0.295896174
8,256,100000000,1,0.8653963432,0.05144251033,0,0
8,256,100000000,1,0.8653963432,0.05144251033,0,0
8,266,100001010,3,0.9663109817,0.1359270001,0,0
8,266,100001010,3,0.9663109817,0.1359270001,0,0
8,128,010000000,1,0.9323170781,0.08404751134,0,0
8,394,110001010,4,0.9682926834,0.1485241046,0,0
8,266,100001010,3,0.9663109817,0.1359270001,0,0
8,128,010000000,1,0.9323170781,0.08404751134,0,0
8,328,101001000,3,0.9661585353,0.1314932012,0,0
8,128,010000000,1,0.9323170781,0.08404751134,0,0
8,328,101001000,3,0.9661585353,0.1314932012,0,0
8,256,100000000,1,0.8653963432,0.05144251033,0,0
8,266,100001010,3,0.9663109817,0.1359270001,0,0.09297294788
8,394,110001010,4,0.9682926834,0.1485241046,0,0
8,266,100001010,3,0.9663109817,0.1359270001,0,0
8,4,000000100,1,0.9094512276,0.06868225115,0,0
8,256,100000000,1,0.8653963432,0.05144251033,0,0
8,266,100001010,3,0.9663109817,0.1359270001,0,0
8,256,100000000,1,0.8653963432,0.05144251033,0,0
8,136,010001000,2,0.9556402415,0.08872172865,0,0
8,394,110001010,4,0.9682926834,0.1485241046,0,0
8,266,100001010,3,0.9663109817,0.1359270001,0,0
8,128,010000000,1,0.9323170781,0.08404751134,0,0
8,128,010000000,1,0.9323170781,0.08404751134,0,0.2501840222
8,4,000000100,1,0.9094512276,0.06868225115,0,0
8,459,111001011,6,0.9693597592,0.1673336257,0,0
8,128,010000000,1,0.9323170781,0.08404751134,0,0
8,459,111001011,6,0.9693597592,0.1673336257,0,0.02430001974
8,256,100000000,1,0.8653963432,0.05144251033,0,0.5220108109
8,4,000000100,1,0.9094512276,0.06868225115,0,0.5220108109
8,266,100001010,3,0.9663109817,0.1359270001,0,0
8,170,010101010,4,0.9583841376,0.1237906108,0,0
8,256,100000000,1,0.8653963432,0.05144251033,0,0
8,256,100000000,1,0.8653963432,0.05144251033,0,0
8,394,110001010,4,0.9682926834,0.1485241046,0,0
8,394,110001010,4,0.9682926834,0.1485241046,0,0
8,328,101001000,3,0.9661585353,0.1314932012,0,0
8,256,100000000,1,0.8653963432,0.05144251033,0,0
8,459,111001011,6,0.9693597592,0.1673336257,0,0
8,459,111001011,6,0.9693597592,0.1673336257,0,0
8,256,100000000,1,0.8653963432,0.05144251033,0,0
8,266,100001010,3,0.9663109817,0.1359270001,0,0
8,463,111001111,7,0.9701219536,0.2215583678,0,inf
8,128,010000000,1,0.9323170781,0.08404751134,0,0
8,136,010001000,2,0.9556402415,0.08872172865,0,0
8,328,101001000,3,0.9661585353,0.1314932012,0,0.1195143764
8,286,100011110,5,0.9696646333,0.1719646058,0,0
8,394,110001010,4,0.9682926834,0.1485241046,0,0
8,394,110001010,4,0.9682926834,0.1485241046,0,0
8,394,110001010,4,0.9682926834,0.1485241046,0,0
8,266,100001010,3,0.9663109817,0.1359270001,0,0
8,256,100000000,1,0.8653963432,0.05144251033,0,0
8,256,100000000,1,0.8653963432,0.05144251033,0,0
8,136,010001000,2,0.9556402415,0.08872172865,0,0
8,266,100001010,3,0.9663109817,0.1359270001,0,0
8,328,101001000,3,0.9661585353,0.1314932012,0,0
8,328,101001000,3,0.9661585353,0.1314932012,0,0
8,136,010001000,2,0.9556402415,0.08872172865,0,0
8,256,100000000,1,0.8653963432,0.05144251033,0,0
8,394,110001010,4,0.9682926834,0.1485241046,0,0.09297294788
8,328,101001000,3,0.9661585353,0.1314932012,0,0
8,256,100000000,1,0.8653963432,0.05144251033,0,0
8,138,010001010,3,0.9580792598,0.1175190397,0,0.03977767534
8,266,100001010,3,0.9663109817,0.1359270001,0,0
8,256,100000000,1,0.8653963432,0.05144251033,0,0
8,128,010000000,1,0.9323170781,0.08404751134,0,0
8,128,010000000,1,0.9323170781,0.08404751134,0,0
8,128,010000000,1,0.9323170781,0.08404751134,0,0.308662907
8,256,100000000,1,0.8653963432,0.05144251033,0,0
8,328,101001000,3,0.9661585353,0.1314932012,0,0
8,256,100000000,1,0.8653963432,0.05144251033,0,0
8,136,010001000,2,0.9556402415,0.08872172865,0,0
8,459,111001011,6,0.9693597592,0.1673336257,0,0
8,4,000000100,1,0.9094512276,0.06868225115,0,0
8,256,100000000,1,0.8653963432,0.05144251033,0,0
8,136,010001000,2,0.9556402415,0.08872172865,0,0.2501840222
8,256,100000000,1,0.8653963432,0.05144251033,0,0
8,256,100000000,1,0.8653963432,0.05144251033,0,0
8,136,010001000,2,0.9556402415,0.08872172865,0,0.1925701872
8,328,101001000,3,0.9661585353,0.1314932012,0,0
8,256,100000000,1,0.8653963432,0.05144251033,0,0
8,170,010101010,4,0.9583841376,0.1237906108,0,0
8,463,111001111,7,0.9701219536,0.2215583678,0,0
8,328,101001000,3,0.9661585353,0.1314932012,0,0.02751908085
8,256,100000000,1,0.8653963432,0.05144251033,0,0
8,138,010001010,3,0.9580792598,0.1175190397,0,0.1925701872
8,4,000000100,1,0.9094512276,0.06868225115,0,0
8,136,010001000,2,0.9556402415,0.08872172865,0,0
8,394,110001010,4,0.9682926834,0.1485241046,0,0
8,136,010001000,2,0.9556402415,0.08872172865,0,0
8,459,111001011,6,0.9693597592,0.1673336257,0,0.03013367655
8,5,000000101,2,0.9044207372,0.07468588371,1,inf
8,349,101011101,6,0.9696646389,0.3093579304,1,inf
8,364,101101100,5,0.9696646333,0.1734690042,1,0.5790589387
8,64,001000000,1,0.9262195174,0.09079117677,1,0.4027410856
8,5,000000101,2,0.9044207372,0.07468588371,1,0.4027410856
8,40,000101000,2,0.9376524407,0.09235404083,1,0.1818933733
8,64,001000000,1,0.9262195174,0.09079117677,1,0.1818933733
8,312,100111000,4,0.9676829297,0.1558179194,1,0.1542367894
8,364,101101100,5,0.9696646333,0.1734690042,1,0.1055897411
8,106,001101010,4,0.9589938987,0.1349909608,1,0.1027422458
8,104,001101000,3,0.9568597451,0.1185564424,1,0.1027422458
8,416,110100000,3,0.9510670714,0.1087195657,1,0.1022211347
8,10,000001010,2,0.9445121922,0.1083079919,1,0.1022211347
8,106,001101010,4,0.9589938987,0.1349909608,1,0.1012835363
8,392,110001000,3,0.9653963372,0.1357308119,1,0.1012835363
8,384,110000000,2,0.942378046,0.1023272595,1,0.0761874452
8,160,010100000,2,0.9399390239,0.09322097432,1,0.0761874452
8,104,001101000,3,0.9568597451,0.1185564424,1,0.07479691256
8,322,101000010,3,0.9539634027,0.1114213858,1,0.07479691256
8,456,111001000,4,0.9663109723,0.1493365318,1,0.07199629773
8,392,110001000,3,0.9653963372,0.1357308119,1,0.07199629773
8,384,110000000,2,0.942378046,0.1023272595,1,0.05819576932
8,10,000001010,2,0.9445121922,0.1083079919,1,0.05819576932
8,322,101000010,3,0.9539634027,0.1114213858,1,0.05590554135
8,416,110100000,3,0.9510670714,0.1087195657,1,0.05590554135
8,456,111001000,4,0.9663109723,0.1493365318,1,0.04864704822
8,160,010100000,2,0.9399390239,0.09322097432,1,0.03874093012
8,40,000101000,2,0.9376524407,0.09235404083,1,0.03874093012
8,384,110000000,2,0.942378046,0.1023272595,1,0
8,10,000001010,2,0.9445121922,0.1083079919,1,0
8,64,001000000,1,0.9262195174,0.09079117677,1,0
9,299,100101011,5,0.9684451278,0.1646855306,0,0.09645812205
9,328,101001000,3,0.9661585353,0.1314932012,0,0.1195143764
9,170,010101010,4,0.9583841376,0.1237906108,0,0
9,170,010101010,4,0.9583841376,0.1237906108,0,0.03977767534
9,4,000000100,1,0.9094512276,0.06868225115,0,0
9,266,100001010,3,0.9663109817,0.1359270001,0,0
9,286,100011110,5,0.9696646333,0.1719646058,0,0.295896174
9,4,000000100,1,0.9094512276,0.06868225115,0,0
9,463,111001111,7,0.9701219536,0.2215583678,0,inf
9,266,100001010,3,0.9663109817,0.1359270001,0,0
9,256,100000000,1,0.8653963432,0.05144251033,0,0
9,256,100000000,1,0.8653963432,0.05144251033,0,0
9,256,100000000,1,0.8653963432,0.05144251033,0,0
9,256,100000000,1,0.8653963432,0.05144251033,0,0
9,286,100011110,5,0.9696646333,0.1719646058,0,0
9,4,000000100,1,0.9094512276,0.06868225115,0,0
9,170,010101010,4,0.9583841376,0.1237906108,0,0
9,256,100000000,1,0.8653963432,0.05144251033,0,0
9,266,100001010,3,0.9663109817,0.1359270001,0,0
9,256,100000000,1,0.8653963432,0.05144251033,0,0
9,394,110001010,4,0.9682926834,0.1485241046,0,0
9,128,010000000,1,0.9323170781,0.08404751134,0,0
9,256,100000000,1,0.8653963432,0.05144251033,0,0
9,459,111001011,6,0.9693597592,0.1673336257,0,0
9,256,100000000,1,0.8653963432,0.05144251033,0,0
9,136,010001000,2,0.9556402415,0.08872172865,0,0
9,256,100000000,1,0.8653963432,0.05144251033,0,0
9,128,010000000,1,0.9323170781,0.08404751134,0,0
9,299,100101011,5,0.9684451278,0.1646855306,0,0.02430001974
9,299,100101011,5,0.9684451278,0.1646855306,0,0
9,459,111001011,6,0.9693597592,0.1673336257,0,0
9,394,110001010,4,0.9682926834,0.1485241046,0,0
9,256,100000000,1,0.8653963432,0.05144251033,0,0
9,170,010101010,4,0.9583841376,0.1237906108,0,0
9,256,100000000,1,0.8653963432,0.05144251033,0,inf
9,266,100001010,3,0.9663109817,0.1359270001,0,0
9,170,010101010,4,0.9583841376,0.1237906108,0,0.1195143764
9,256,100000000,1,0.8653963432,0.05144251033,0,0.5220108109
9,266,100001010,3,0.9663109817,0.1359270001,0,0
9,463,111001111,7,0.9701219536,0.2215583678,0,0
9,256,100000000,1,0.8653963432,0.05144251033,0,0
9,256,100000000,1,0.8653963432,0.05144251033,0,0
9,266,100001010,3,0.9663109817,0.1359270001,0,0
9,266,100001010,3,0.9663109817,0.1359270001,0,0
9,128,010000000,1,0.9323170781,0.08404751134,0,0
9,394,110001010,4,0.9682926834,0.1485241046,0,0
9,266,100001010,3,0.9663109817,0.1359270001,0,0
9,128,010000000,1,0.9323170781,0.08404751134,0,0
9,328,101001000,3,0.9661585353,0.1314932012,0,0
9,128,010000000,1,0.9323170781,0.08404751134,0,0.308662907
9,328,101001000,3,0.9661585353,0.1314932012,0,0
9,256,100000000,1,0.8653963432,0.05144251033,0,0
9,266,100001010,3,0.9663109817,0.1359270001,0,0
9,394,110001010,4,0.9682926834,0.1485241046,0,0
9,266,100001010,3,0.9663109817,0.1359270001,0,0
9,4,000000100,1,0.9094512276,0.06868225115,0,0
9,256,100000000,1,0.8653963432,0.05144251033,0,0
9,266,100001010,3,0.9663109817,0.1359270001,0,0.02751908085
9,256,100000000,1,0.8653963432,0.05144251033,0,0
9,136,010001000,2,0.9556402415,0.08872172865,0,0
9,394,110001010,4,0.9682926834,0.1485241046,0,0
9,266,100001010,3,0.9663109817,0.1359270001,0,0.09297294788
9,128,010000000,1,0.9323170781,0.08404751134,0,0
9,128,010000000,1,0.9323170781,0.08404751134,0,0.2501840222
9,4,000000100,1,0.9094512276,0.06868225115,0,0.308662907
9,459,111001011,6,0.9693597592,0.1673336257,0,0
9,128,010000000,1,0.9323170781,0.08404751134,0,0
9,459,111001011,6,0.9693597592,0.1673336257,0,0
9,256,100000000,1,0.8653963432,0.05144251033,0,0
9,4,000000100,1,0.9094512276,0.06868225115,0,0
9,266,100001010,3,0.9663109817,0.1359270001,0,0
9,170,010101010,4,0.9583841376,0.1237906108,0,0
9,256,100000000,1,0.8653963432,0.05144251033,0,0
9,256,100000000,1,0.8653963432,0.05144251033,0,0
9,394,110001010,4,0.9682926834,0.1485241046,0,0.09645812205
9,394,110001010,4,0.9682926834,0.1485241046,0,0
9,328,101001000,3,0.9661585353,0.1314932012,0,0
9,256,100000000,1,0.8653963432,0.05144251033,0,0
9,459,111001011,6,0.9693597592,0.1673336257,0,0
9,459,111001011,6,0.9693597592,0.1673336257,0,0
9,256,100000000,1,0.8653963432,0.05144251033,0,0
9,266,100001010,3,0.9663109817,0.1359270001,0,0
9,463,111001111,7,0.9701219536,0.2215583678,0,0.295896174
9,128,010000000,1,0.9323170781,0.08404751134,0,0
9,136,010001000,2,0.9556402415,0.08872172865,0,0.1925701872
9,328,101001000,3,0.9661585353,0.1314932012,0,0.02751908085
9,286,100011110,5,0.9696646333,0.1719646058,0,0.03013367655
9,394,110001010,4,0.9682926834,0.1485241046,0,0
9,394,110001010,4,0.9682926834,0.1485241046,0,0
9,394,110001010,4,0.9682926834,0.1485241046,0,0
9,266,100001010,3,0.9663109817,0.1359270001,0,0
9,256,100000000,1,0.8653963432,0.05144251033,0,0
9,256,100000000,1,0.8653963432,0.05144251033,0,0
9,136,010001000,2,0.9556402415,0.08872172865,0,0
9,266,100001010,3,0.9663109817,0.1359270001,0,0
9,328,101001000,3,0.9661585353,0.1314932012,0,0
9,328,101001000,3,0.9661585353,0.1314932012,0,0
9,136,010001000,2,0.9556402415,0.08872172865,0,0
9,256,100000000,1,0.8653963432,0.05144251033,0,0
9,394,110001010,4,0.9682926834,0.1485241046,0,0
9,328,101001000,3,0.9661585353,0.1314932012,0,0
9,256,100000000,1,0.8653963432,0.05144251033,0,0
9,138,010001010,3,0.9580792598,0.1175190397,0,0.1925701872
9,266,100001010,3,0.9663109817,0.1359270001,0,0
9,256,100000000,1,0.8653963432,0.05144251033,0,0
9,128,010000000,1,0.9323170781,0.08404751134,0,0
9,128,010000000,1,0.9323170781,0.08404751134,0,0
9,128,010000000,1,0.9323170781,0.08404751134,0,0
9,256,100000000,1,0.8653963432,0.05144251033,0,0
9,328,101001000,3,0.9661585353,0.1314932012,0,0
9,256,100000000,1,0.8653963432,0.05144251033,0,0
9,136,010001000,2,0.9556402415,0.08872172865,0,0
9,459,111001011,6,0.9693597592,0.1673336257,0,0.02430001974
9,4,000000100,1,0.9094512276,0.06868225115,0,0.5220108109
9,256,100000000,1,0.8653963432,0.05144251033,0,0
9,136,010001000,2,0.9556402415,0.08872172865,0,0
9,256,100000000,1,0.8653963432,0.05144251033,0,0
9,256,100000000,1,0.8653963432,0.05144251033,0,0
9,136,010001000,2,0.9556402415,0.08872172865,0,0.2501840222
9,328,101001000,3,0.9661585353,0.1314932012,0,0
9,256,100000000,1,0.8653963432,0.05144251033,0,0
9,170,010101010,4,0.9583841376,0.1237906108,0,0
9,463,111001111,7,0.9701219536,0.2215583678,0,0
9,328,101001000,3,0.9661585353,0.1314932012,0,0
9,256,100000000,1,0.8653963432,0.05144251033,0,0
9,138,010001010,3,0.9580792598,0.1175190397,0,0.03977767534
9,4,000000100,1,0.9094512276,0.06868225115,0,0
9,136,010001000,2,0.9556402415,0.08872172865,0,0
9,394,110001010,4,0.9682926834,0.1485241046,0,0.09297294788
9,136,010001000,2,0.9556402415,0.08872172865,0,0
9,459,111001011,6,0.9693597592,0.1673336257,0,0
9,170,010101010,4,0.9583841376,0.1237906108,0,0
9,459,111001011,6,0.9693597592,0.1673336257,0,0.03013367655
9,364,101101100,5,0.9696646333,0.1734690042,1,0.5790589387
9,364,101101100,5,0.9696646333,0.1734690042,1,0.1055897411
9,349,101011101,6,0.9696646389,0.3093579304,1,inf
9,106,001101010,4,0.9589938987,0.1349909608,1,0.1027422458
9,106,001101010,4,0.9589938987,0.1349909608,1,0.1012835363
9,392,110001000,3,0.9653963372,0.1357308119,1,0.1012835363
9,392,110001000,3,0.9653963372,0.1357308119,1,0.07199629773
9,104,001101000,3,0.9568597451,0.1185564424,1,0.07479691256
9,104,001101000,3,0.9568597451,0.1185564424,1,0.1027422458
9,5,000000101,2,0.9044207372,0.07468588371,1,inf
9,5,000000101,2,0.9044207372,0.07468588371,1,0.4027410856
9,312,100111000,4,0.9676829297,0.1558179194,1,0.1542367894
9,456,111001000,4,0.9663109723,0.1493365318,1,0.07199629773
9,456,111001000,4,0.9663109723,0.1493365318,1,0.04864704822
9,64,001000000,1,0.9262195174,0.09079117677,1,0
9,40,000101000,2,0.9376524407,0.09235404083,1,0.03874093012
9,64,001000000,1,0.9262195174,0.09079117677,1,0.1818933733
9,160,010100000,2,0.9399390239,0.09322097432,1,0.2081288122
9,322,101000010,3,0.9539634027,0.1114213858,1,0.08438107829
9,322,101000010,3,0.9539634027,0.1114213858,1,0.07479691256
9,160,010100000,2,0.9399390239,0.09322097432,1,0.03874093012
9,40,000101000,2,0.9376524407,0.09235404083,1,0.1818933733
9,64,001000000,1,0.9262195174,0.09079117677,1,0.4027410856
9,66,001000010,2,0.9518292602,0.09929567995,1,0.2925098905
9,508,111111100,7,0.9685975611,0.267471821,2,inf
9,1,000000001,1,0.7878048848,0.08813527925,2,inf
9,257,100000001,2,0.8830792718,0.09909134312,2,0.7491213217
9,1,000000001,1,0.7878048848,0.08813527925,2,0.5880736512
9,492,111101100,6,0.9681402501,0.1861764477,2,0.4136910557
10,299,100101011,5,0.9684451278,0.1646855306,0,0.09645812205
10,328,101001000,3,0.9661585353,0.1314932012,0,0
10,170,010101010,4,0.9583841376,0.1237906108,0,0.03977767534
10,170,010101010,4,0.9583841376,0.1237906108,0,0
10,4,000000100,1,0.9094512276,0.06868225115,0,0
10,266,100001010,3,0.9663109817,0.1359270001,0,0
10,286,100011110,5,0.9696646333,0.1719646058,0,0
10,4,000000100,1,0.9094512276,0.06868225115,0,0
10,463,111001111,7,0.9701219536,0.2215583678,0,0
10,266,100001010,3,0.9663109817,0.1359270001,0,0
10,256,100000000,1,0.8653963432,0.05144251033,0,0
10,256,100000000,1,0.8653963432,0.05144251033,0,0
10,256,100000000,1,0.8653963432,0.05144251033,0,0
10,256,100000000,1,0.8653963432,0.05144251033,0,0
10,286,100011110,5,0.9696646333,0.1719646058,0,0.03013367655
10,4,000000100,1,0.9094512276,0.06868225115,0,0
10,170,010101010,4,0.9583841376,0.1237906108,0,0
10,256,100000000,1,0.8653963432,0.05144251033,0,0
10,266,100001010,3,0.9663109817,0.1359270001,0,0.02751908085
10,256,100000000,1,0.8653963432,0.05144251033,0,0
10,394,110001010,4,0.9682926834,0.1485241046,0,0.09645812205
10,128,010000000,1,0.9323170781,0.08404751134,0,0
10,256,100000000,1,0.8653963432,0.05144251033,0,0
10,459,111001011,6,0.9693597592,0.1673336257,0,0.02430001974
10,256,100000000,1,0.8653963432,0.05144251033,0,0
10,136,010001000,2,0.9556402415,0.08872172865,0,0
10,256,100000000,1,0.8653963432,0.05144251033,0,0
10,128,010000000,1,0.9323170781,0.08404751134,0,0
10,299,100101011,5,0.9684451278,0.1646855306,0,0
10,299,100101011,5,0.9684451278,0.1646855306,0,0.02430001974
10,459,111001011,6,0.9693597592,0.1673336257,0,0
10,394,110001010,4,0.9682926834,0.1485241046,0,0
10,256,100000000,1,0.8653963432,0.05144251033,0,0
10,170,010101010,4,0.9583841376,0.1237906108,0,0
10,256,100000000,1,0.8653963432,0.05144251033,0,0.5220108109
10,266,100001010,3,0.9663109817,0.1359270001,0,0
10,170,010101010,4,0.9583841376,0.1237906108,0,0.1195143764
10,256,100000000,1,0.8653963432,0.05144251033,0,inf
10,266,100001010,3,0.9663109817,0.1359270001,0,0
10,463,111001111,7,0.9701219536,0.2215583678,0,0
10,256,100000000,1,0.8653963432,0.05144251033,0,0
10,256,100000000,1,0.8653963432,0.05144251033,0,0
10,266,100001010,3,0.9663109817,0.1359270001,0,0
10,266,100001010,3,0.9663109817,0.1359270001,0,0
10,128,010000000,1,0.9323170781,0.08404751134,0,0
10,394,110001010,4,0.9682926834,0.1485241046,0,0
10,266,100001010,3,0.9663109817,0.1359270001,0,0
10,128,010000000,1,0.9323170781,0.08404751134,0,0
10,328,101001000,3,0.9661585353,0.1314932012,0,0.02751908085
10,128,010000000,1,0.9323170781,0.08404751134,0,0
10,328,101001000,3,0.9661585353,0.1314932012,0,0.1195143764
10,256,100000000,1,0.8653963432,0.05144251033,0,0
10,266,100001010,3,0.9663109817,0.1359270001,0,0
10,394,110001010,4,0.9682926834,0.1485241046,0,0
10,266,100001010,3,0.9663109817,0.1359270001,0,0
10,4,000000100,1,0.9094512276,0.06868225115,0,0.308662907
10,256,100000000,1,0.8653963432,0.05144251033,0,0
10,266,100001010,3,0.9663109817,0.1359270001,0,0
10,256,100000000,1,0.8653963432,0.05144251033,0,0
10,136,010001000,2,0.9556402415,0.08872172865,0,0
10,394,110001010,4,0.9682926834,0.1485241046,0,0
10,266,100001010,3,0.9663109817,0.1359270001,0,0
10,128,010000000,1,0.9323170781,0.08404751134,0,0
10,128,010000000,1,0.9323170781,0.08404751134,0,0
10,4,000000100,1,0.9094512276,0.06868225115,0,0
10,459,111001011,6,0.9693597592,0.1673336257,0,0
10,128,010000000,1,0.9323170781,0.08404751134,0,0
10,459,111001011,6,0.9693597592,0.1673336257,0,0.03013367655
10,256,100000000,1,0.8653963432,0.05144251033,0,0
10,4,000000100,1,0.9094512276,0.06868225115,0,0.5220108109
10,266,100001010,3,0.9663109817,0.1359270001,0,0
10,170,010101010,4,0.9583841376,0.1237906108,0,0
10,256,100000000,1,0.8653963432,0.05144251033,0,0
10,256,100000000,1,0.8653963432,0.05144251033,0,0
10,394,110001010,4,0.9682926834,0.1485241046,0,0
10,394,110001010,4,0.9682926834,0.1485241046,0,0
10,328,101001000,3,0.9661585353,0.1314932012,0,0
10,256,100000000,1,0.8653963432,0.05144251033,0,0
10,459,111001011,6,0.9693597592,0.1673336257,0,0
10,459,111001011,6,0.9693597592,0.1673336257,0,0
10,256,100000000,1,0.8653963432,0.05144251033,0,0
10,266,100001010,3,0.9663109817,0.1359270001,0,0
10,463,111001111,7,0.9701219536,0.2215583678,0,inf
10,128,010000000,1,0.9323170781,0.08404751134,0,0
10,136,010001000,2,0.9556402415,0.08872172865,0,0.2501840222
10,328,101001000,3,0.9661585353,0.1314932012,0,0
10,286,100011110,5,0.9696646333,0.1719646058,0,0.295896174
10,394,110001010,4,0.9682926834,0.1485241046,0,0
10,394,110001010,4,0.9682926834,0.1485241046,0,0.09297294788
10,394,110001010,4,0.9682926834,0.1485241046,0,0
10,266,100001010,3,0.9663109817,0.1359270001,0,0
10,256,100000000,1,0.8653963432,0.05144251033,0,0
10,256,100000000,1,0.8653963432,0.05144251033,0,0
10,136,010001000,2,0.9556402415,0.08872172865,0,0
10,266,100001010,3,0.9663109817,0.1359270001,0,0
10,328,101001000,3,0.9661585353,0.1314932012,0,0
10,328,101001000,3,0.9661585353,0.1314932012,0,0
10,136,010001000,2,0.9556402415,0.08872172865,0,0
10,256,100000000,1,0.8653963432,0.05144251033,0,0
10,394,110001010,4,0.9682926834,0.1485241046,0,0
10,328,101001000,3,0.9661585353,0.1314932012,0,0
10,256,100000000,1,0.8653963432,0.05144251033,0,0
10,138,010001010,3,0.9580792598,0.1175190397,0,0.1925701872
10,266,100001010,3,0.9663109817,0.1359270001,0,0.09297294788
10,256,100000000,1,0.8653963432,0.05144251033,0,0
10,128,010000000,1,0.9323170781,0.08404751134,0,0
10,128,010000000,1,0.9323170781,0.08404751134,0,0.308662907
10,128,010000000,1,0.9323170781,0.08404751134,0,0
10,256,100000000,1,0.8653963432,0.05144251033,0,0
10,328,101001000,3,0.9661585353,0.1314932012,0,0
10,256,100000000,1,0.8653963432,0.05144251033,0,0
10,136,010001000,2,0.9556402415,0.08872172865,0,0
10,459,111001011,6,0.9693597592,0.1673336257,0,0
10,4,000000100,1,0.9094512276,0.06868225115,0,0
10,256,100000000,1,0.8653963432,0.05144251033,0,0
10,136,010001000,2,0.9556402415,0.08872172865,0,0.1925701872
10,256,100000000,1,0.8653963432,0.05144251033,0,0
10,256,100000000,1,0.8653963432,0.05144251033,0,0
10,136,010001000,2,0.9556402415,0.08872172865,0,0
10,328,101001000,3,0.9661585353,0.1314932012,0,0
10,256,100000000,1,0.8653963432,0.05144251033,0,0
10,170,010101010,4,0.9583841376,0.1237906108,0,0
10,463,111001111,7,0.9701219536,0.2215583678,0,0.295896174
10,328,101001000,3,0.9661585353,0.1314932012,0,0
10,256,100000000,1,0.8653963432,0.05144251033,0,0
10,138,010001010,3,0.9580792598,0.1175190397,0,0.03977767534
10,4,000000100,1,0.9094512276,0.06868225115,0,0
10,136,010001000,2,0.9556402415,0.08872172865,0,0
10,394,110001010,4,0.9682926834,0.1485241046,0,0
10,136,010001000,2,0.9556402415,0.08872172865,0,0
10,459,111001011,6,0.9693597592,0.1673336257,0,0
10,170,010101010,4,0.9583841376,0.1237906108,0,0
10,459,111001011,6,0.9693597592,0.1673336257,0,0
10,256,100000000,1,0.8653963432,0.05144251033,0,0
10,128,010000000,1,0.9323170781,0.08404751134,0,0.2501840222
10,5,000000101,2,0.9044207372,0.07468588371,1,inf
10,349,101011101,6,0.9696646389,0.3093579304,1,inf
10,364,101101100,5,0.9696646333,0.1734690042,1,0.5790589387
10,64,001000000,1,0.9262195174,0.09079117677,1,0.4027410856
10,5,000000101,2,0.9044207372,0.07468588371,1,0.4027410856
10,66,001000010,2,0.9518292602,0.09929567995,1,0.2925098905
10,160,010100000,2,0.9399390239,0.09322097432,1,0.2081288122
10,64,001000000,1,0.9262195174,0.09079117677,1,0.1818933733
10,40,000101000,2,0.9376524407,0.09235404083,1,0.1818933733
10,312,100111000,4,0.9676829297,0.1558179194,1,0.1352232065
10,285,100011101,5,0.9692073204,0.1706519304,1,0.1055897411
10,104,001101000,3,0.9568597451,0.1185564424,1,0.1027422458
10,106,001101010,4,0.9589938987,0.1349909608,1,0.1027422458
10,392,110001000,3,0.9653963372,0.1357308119,1,0.1012835363
10,106,001101010,4,0.9589938987,0.1349909608,1,0.1012835363
10,322,101000010,3,0.9539634027,0.1114213858,1,0.08438107829
10,104,001101000,3,0.9568597451,0.1185564424,1,0.07479691256
10,322,101000010,3,0.9539634027,0.1114213858,1,0.07479691256
10,392,110001000,3,0.9653963372,0.1357308119,1,0.07199629773
10,456,111001000,4,0.9663109723,0.1493365318,1,0.07199629773
10,456,111001000,4,0.9663109723,0.1493365318,1,0.04864704822
10,40,000101000,2,0.9376524407,0.09235404083,1,0.03874093012
10,160,010100000,2,0.9399390239,0.09322097432,1,0.03874093012
10,364,101101100,5,0.9696646333,0.1734690042,1,0.01901358289
10,5,000000101,2,0.9044207372,0.07468588371,1,0
10,5,000000101,2,0.9044207372,0.07468588371,1,0
10,456,111001000,4,0.9663109723,0.1493365318,1,0
11,299,100101011,5,0.9684451278,0.1646855306,0,0.09645812205
11,328,101001000,3,0.9661585353,0.1314932012,0,0
11,170,010101010,4,0.9583841376,0.1237906108,0,0.03977767534
11,170,010101010,4,0.9583841376,0.1237906108,0,0
11,4,000000100,1,0.9094512276,0.06868225115,0,0
11,266,100001010,3,0.9663109817,0.1359270001,0,0
11,286,100011110,5,0.9696646333,0.1719646058,0,0
11,4,000000100,1,0.9094512276,0.06868225115,0,0.308662907
11,463,111001111,7,0.9701219536,0.2215583678,0,0
11,266,100001010,3,0.9663109817,0.1359270001,0,0
11,256,100000000,1,0.8653963432,0.05144251033,0,0
11,256,100000000,1,0.8653963432,0.05144251033,0,0
11,256,100000000,1,0.8653963432,0.05144251033,0,0
11,256,100000000,1,0.8653963432,0.05144251033,0,0
11,286,100011110,5,0.9696646333,0.1719646058,0,0.03013367655
11,4,000000100,1,0.9094512276,0.06868225115,0,0
11,170,010101010,4,0.9583841376,0.1237906108,0,0
11,256,100000000,1,0.8653963432,0.05144251033,0,0
11,266,100001010,3,0.9663109817,0.1359270001,0,0
11,256,100000000,1,0.8653963432,0.05144251033,0,0
11,394,110001010,4,0.9682926834,0.1485241046,0,0
11,128,010000000,1,0.9323170781,0.08404751134,0,0
11,256,100000000,1,0.8653963432,0.05144251033,0,0
11,459,111001011,6,0.9693597592,0.1673336257,0,0.02430001974
11,256,100000000,1,0.8653963432,0.05144251033,0,0
11,136,010001000,2,0.9556402415,0.08872172865,0,0
11,256,100000000,1,0.8653963432,0.05144251033,0,0
11,128,010000000,1,0.9323170781,0.08404751134,0,0
11,299,100101011,5,0.9684451278,0.1646855306,0,0
11,299,100101011,5,0.9684451278,0.1646855306,0,0.02430001974
11,459,111001011,6,0.9693597592,0.1673336257,0,0
11,394,110001010,4,0.9682926834,0.1485241046,0,0
11,256,100000000,1,0.8653963432,0.05144251033,0,0
11,170,010101010,4,0.9583841376,0.1237906108,0,0
11,256,100000000,1,0.8653963432,0.05144251033,0,0
11,266,100001010,3,0.9663109817,0.1359270001,0,0
11,170,010101010,4,0.9583841376,0.1237906108,0,0
11,256,100000000,1,0.8653963432,0.05144251033,0,0
11,266,100001010,3,0.9663109817,0.1359270001,0,0
11,463,111001111,7,0.9701219536,0.2215583678,0,0
11,256,100000000,1,0.8653963432,0.05144251033,0,0
11,256,100000000,1,0.8653963432,0.05144251033,0,0.5220108109
11,266,100001010,3,0.9663109817,0.1359270001,0,0
11,266,100001010,3,0.9663109817,0.1359270001,0,0
11,128,010000000,1,0.9323170781,0.08404751134,0,0
11,394,110001010,4,0.9682926834,0.1485241046,0,0
11,266,100001010,3,0.9663109817,0.1359270001,0,0
11,128,010000000,1,0.9323170781,0.08404751134,0,0
11,328,101001000,3,0.9661585353,0.1314932012,0,0
11,128,010000000,1,0.9323170781,0.08404751134,0,0
11,328,101001000,3,0.9661585353,0.1314932012,0,0
11,256,100000000,1,0.8653963432,0.05144251033,0,0
11,266,100001010,3,0.9663109817,0.1359270001,0,0
11,394,110001010,4,0.9682926834,0.1485241046,0,0
11,266,100001010,3,0.9663109817,0.1359270001,0,0.02751908085
11,4,000000100,1,0.9094512276,0.06868225115,0,0
11,256,100000000,1,0.8653963432,0.05144251033,0,0
11,266,100001010,3,0.9663109817,0.1359270001,0,0
11,256,100000000,1,0.8653963432,0.05144251033,0,0
11,136,010001000,2,0.9556402415,0.08872172865,0,0
11,394,110001010,4,0.9682926834,0.1485241046,0,0.09297294788
11,266,100001010,3,0.9663109817,0.1359270001,0,0
11,128,010000000,1,0.9323170781,0.08404751134,0,0
11,128,010000000,1,0.9323170781,0.08404751134,0,0
11,4,000000100,1,0.9094512276,0.06868225115,0,0
11,459,111001011,6,0.9693597592,0.1673336257,0,0.03013367655
11,128,010000000,1,0.9323170781,0.08404751134,0,0.308662907
11,459,111001011,6,0.9693597592,0.1673336257,0,0
11,256,100000000,1,0.8653963432,0.05144251033,0,0
11,4,000000100,1,0.9094512276,0.06868225115,0,0.5220108109
11,266,100001010,3,0.9663109817,0.1359270001,0,0
11,170,010101010,4,0.9583841376,0.1237906108,0,0
11,256,100000000,1,0.8653963432,0.05144251033,0,0
11,256,100000000,1,0.8653963432,0.05144251033,0,0
11,394,110001010,4,0.9682926834,0.1485241046,0,0
11,394,110001010,4,0.9682926834,0.1485241046,0,0
11,328,101001000,3,0.9661585353,0.1314932012,0,0
11,256,100000000,1,0.8653963432,0.05144251033,0,0
11,459,111001011,6,0.9693597592,0.1673336257,0,0
11,459,111001011,6,0.9693597592,0.1673336257,0,0
11,256,100000000,1,0.8653963432,0.05144251033,0,0
11,266,100001010,3,0.9663109817,0.1359270001,0,0
11,463,111001111,7,0.9701219536,0.2215583678,0,inf
11,128,010000000,1,0.9323170781,0.08404751134,0,0
11,136,010001000,2,0.9556402415,0.08872172865,0,0
11,328,101001000,3,0.9661585353,0.1314932012,0,0
11,286,100011110,5,0.9696646333,0.1719646058,0,0.295896174
11,394,110001010,4,0.9682926834,0.1485241046,0,0
11,394,110001010,4,0.9682926834,0.1485241046,0,0
11,394,110001010,4,0.9682926834,0.1485241046,0,0.09645812205
11,266,100001010,3,0.9663109817,0.1359270001,0,0.09297294788
11,256,100000000,1,0.8653963432,0.05144251033,0,0
11,256,100000000,1,0.8653963432,0.05144251033,0,inf
11,136,010001000,2,0.9556402415,0.08872172865,0,0.2501840222
11,266,100001010,3,0.9663109817,0.1359270001,0,0
11,328,101001000,3,0.9661585353,0.1314932012,0,0.02751908085
11,328,101001000,3,0.9661585353,0.1314932012,0,0
11,136,010001000,2,0.9556402415,0.08872172865,0,0
11,256,100000000,1,0.8653963432,0.05144251033,0,0
11,394,110001010,4,0.9682926834,0.1485241046,0,0
11,328,101001000,3,0.9661585353,0.1314932012,0,0
11,256,100000000,1,0.8653963432,0.05144251033,0,0
11,138,010001010,3,0.9580792598,0.1175190397,0,0.03977767534
11,266,100001010,3,0.9663109817,0.1359270001,0,0
11,256,100000000,1,0.8653963432,0.05144251033,0,0
11,128,010000000,1,0.9323170781,0.08404751134,0,0
11,128,010000000,1,0.9323170781,0.08404751134,0,0
11,128,010000000,1,0.9323170781,0.08404751134,0,0
11,256,100000000,1,0.8653963432,0.05144251033,0,0
11,328,101001000,3,0.9661585353,0.1314932012,0,0
11,256,100000000,1,0.8653963432,0.05144251033,0,0
11,136,010001000,2,0.9556402415,0.08872172865,0,0
11,459,111001011,6,0.9693597592,0.1673336257,0,0
11,4,000000100,1,0.9094512276,0.06868225115,0,0
11,256,100000000,1,0.8653963432,0.05144251033,0,0
11,136,010001000,2,0.9556402415,0.08872172865,0,0
11,256,100000000,1,0.8653963432,0.05144251033,0,0
11,256,100000000,1,0.8653963432,0.05144251033,0,0
11,136,010001000,2,0.9556402415,0.08872172865,0,0
11,328,101001000,3,0.9661585353,0.1314932012,0,0.1195143764
11,256,100000000,1,0.8653963432,0.05144251033,0,0
11,170,010101010,4,0.9583841376,0.1237906108,0,0
11,463,111001111,7,0.9701219536,0.2215583678,0,0.295896174
11,328,101001000,3,0.9661585353,0.1314932012,0,0
11,256,100000000,1,0.8653963432,0.05144251033,0,0
11,138,010001010,3,0.9580792598,0.1175190397,0,0
11,4,000000100,1,0.9094512276,0.06868225115,0,0
11,136,010001000,2,0.9556402415,0.08872172865,0,0
11,394,110001010,4,0.9682926834,0.1485241046,0,0
11,136,010001000,2,0.9556402415,0.08872172865,0,0.1925701872
11,459,111001011,6,0.9693597592,0.1673336257,0,0
11,170,010101010,4,0.9583841376,0.1237906108,0,0
11,459,111001011,6,0.9693597592,0.1673336257,0,0
11,256,100000000,1,0.8653963432,0.05144251033,0,0
11,128,010000000,1,0.9323170781,0.08404751134,0,0.2501840222
11,170,010101010,4,0.9583841376,0.1237906108,0,0.1195143764
11,138,010001010,3,0.9580792598,0.1175190397,0,0.1925701872
11,349,101011101,6,0.9696646389,0.3093579304,1,inf
11,5,000000101,2,0.9044207372,0.07468588371,1,inf
11,364,101101100,5,0.9696646333,0.1734690042,1,0.5790589387
11,5,000000101,2,0.9044207372,0.07468588371,1,0.4027410856
11,64,001000000,1,0.9262195174,0.09079117677,1,0.4027410856
11,66,001000010,2,0.9518292602,0.09929567995,1,0.2925098905
11,160,010100000,2,0.9399390239,0.09322097432,1,0.2081288122
11,64,001000000,1,0.9262195174,0.09079117677,1,0.1818933733
11,40,000101000,2,0.9376524407,0.09235404083,1,0.1818933733
11,312,100111000,4,0.9676829297,0.1558179194,1,0.1352232065
11,285,100011101,5,0.9692073204,0.1706519304,1,0.1055897411
11,104,001101000,3,0.9568597451,0.1185564424,1,0.1027422458
11,106,001101010,4,0.9589938987,0.1349909608,1,0.1027422458
11,106,001101010,4,0.9589938987,0.1349909608,1,0.1012835363
11,392,110001000,3,0.9653963372,0.1357308119,1,0.1012835363
11,322,101000010,3,0.9539634027,0.1114213858,1,0.08438107829
11,322,101000010,3,0.9539634027,0.1114213858,1,0.07479691256
11,104,001101000,3,0.9568597451,0.1185564424,1,0.07479691256
11,392,110001000,3,0.9653963372,0.1357308119,1,0.07199629773
11,456,111001000,4,0.9663109723,0.1493365318,1,0.07199629773
11,456,111001000,4,0.9663109723,0.1493365318,1,0.04864704822
11,40,000101000,2,0.9376524407,0.09235404083,1,0.03874093012
11,160,010100000,2,0.9399390239,0.09322097432,1,0.03874093012
11,364,101101100,5,0.9696646333,0.1734690042,1,0.01901358289
11,5,000000101,2,0.9044207372,0.07468588371,1,0
12,299,100101011,5,0.9684451278,0.1646855306,0,0.09645812205
12,328,101001000,3,0.9661585353,0.1314932012,0,0.1195143764
12,170,010101010,4,0.9583841376,0.1237906108,0,0
12,170,010101010,4,0.9583841376,0.1237906108,0,0
12,4,000000100,1,0.9094512276,0.06868225115,0,0
12,266,100001010,3,0.9663109817,0.1359270001,0,0
12,286,100011110,5,0.9696646333,0.1719646058,0,0
12,4,000000100,1,0.9094512276,0.06868225115,0,0
12,463,111001111,7,0.9701219536,0.2215583678,0,0
12,266,100001010,3,0.9663109817,0.1359270001,0,0
12,256,100000000,1,0.8653963432,0.05144251033,0,0
12,256,100000000,1,0.8653963432,0.05144251033,0,0
12,256,100000000,1,0.8653963432,0.05144251033,0,0
12,256,100000000,1,0.8653963432,0.05144251033,0,0
12,286,100011110,5,0.9696646333,0.1719646058,0,0.03013367655
12,4,000000100,1,0.9094512276,0.06868225115,0,0.5220108109
12,170,010101010,4,0.9583841376,0.1237906108,0,0
12,256,100000000,1,0.8653963432,0.05144251033,0,0
12,266,100001010,3,0.9663109817,0.1359270001,0,0
12,256,100000000,1,0.8653963432,0.05144251033,0,0
12,394,110001010,4,0.9682926834,0.1485241046,0,0
12,128,010000000,1,0.9323170781,0.08404751134,0,0
12,256,100000000,1,0.8653963432,0.05144251033,0,0
12,459,111001011,6,0.9693597592,0.1673336257,0,0
12,256,100000000,1,0.8653963432,0.05144251033,0,0
12,136,010001000,2,0.9556402415,0.08872172865,0,0.1925701872
12,256,100000000,1,0.8653963432,0.05144251033,0,0
12,128,010000000,1,0.9323170781,0.08404751134,0,0
12,299,100101011,5,0.9684451278,0.1646855306,0,0
12,299,100101011,5,0.9684451278,0.1646855306,0,0.02430001974
12,459,111001011,6,0.9693597592,0.1673336257,0,0
12,394,110001010,4,0.9682926834,0.1485241046,0,0.09645812205
12,256,100000000,1,0.8653963432,0.05144251033,0,0
12,170,010101010,4,0.9583841376,0.1237906108,0,0.1195143764
12,256,100000000,1,0.8653963432,0.05144251033,0,0
12,266,100001010,3,0.9663109817,0.1359270001,0,0
12,170,010101010,4,0.9583841376,0.1237906108,0,0
12,256,100000000,1,0.8653963432,0.05144251033,0,0
12,266,100001010,3,0.9663109817,0.1359270001,0,0
12,463,111001111,7,0.9701219536,0.2215583678,0,0
12,256,100000000,1,0.8653963432,0.05144251033,0,0
12,256,100000000,1,0.8653963432,0.05144251033,0,0
12,266,100001010,3,0.9663109817,0.1359270001,0,0
12,266,100001010,3,0.9663109817,0.1359270001,0,0
12,128,010000000,1,0.9323170781,0.08404751134,0,0
12,394,110001010,4,0.9682926834,0.1485241046,0,0
12,266,100001010,3,0.9663109817,0.1359270001,0,0
12,128,010000000,1,0.9323170781,0.08404751134,0,0
12,328,101001000,3,0.9661585353,0.1314932012,0,0
12,128,010000000,1,0.9323170781,0.08404751134,0,0
12,328,101001000,3,0.9661585353,0.1314932012,0,0
12,256,100000000,1,0.8653963432,0.05144251033,0,0
12,266,100001010,3,0.9663109817,0.1359270001,0,0.09297294788
12,394,110001010,4,0.9682926834,0.1485241046,0,0
12,266,100001010,3,0.9663109817,0.1359270001,0,0
12,4,000000100,1,0.9094512276,0.06868225115,0,0
12,256,100000000,1,0.8653963432,0.05144251033,0,0
12,266,100001010,3,0.9663109817,0.1359270001,0,0
12,256,100000000,1,0.8653963432,0.05144251033,0,0
12,136,010001000,2,0.9556402415,0.08872172865,0,0
12,394,110001010,4,0.9682926834,0.1485241046,0,0
12,266,100001010,3,0.9663109817,0.1359270001,0,0.02751908085
12,128,010000000,1,0.9323170781,0.08404751134,0,0
12,128,010000000,1,0.9323170781,0.08404751134,0,0
12,4,000000100,1,0.9094512276,0.06868225115,0,0
12,459,111001011,6,0.9693597592,0.1673336257,0,0
12,128,010000000,1,0.9323170781,0.08404751134,0,0.2501840222
12,459,111001011,6,0.9693597592,0.1673336257,0,0
12,256,100000000,1,0.8653963432,0.05144251033,0,0
12,4,000000100,1,0.9094512276,0.06868225115,0,0
12,266,100001010,3,0.9663109817,0.1359270001,0,0
12,170,010101010,4,0.9583841376,0.1237906108,0,0.03977767534
12,256,100000000,1,0.8653963432,0.05144251033,0,0
12,256,100000000,1,0.8653963432,0.05144251033,0,0
12,394,110001010,4,0.9682926834,0.1485241046,0,0.09297294788
12,394,110001010,4,0.9682926834,0.1485241046,0,0
12,328,101001000,3,0.9661585353,0.1314932012,0,0
12,256,100000000,1,0.8653963432,0.05144251033,0,0
12,459,111001011,6,0.9693597592,0.1673336257,0,0
12,459,111001011,6,0.9693597592,0.1673336257,0,0.02430001974
12,256,100000000,1,0.8653963432,0.05144251033,0,inf
12,266,100001010,3,0.9663109817,0.1359270001,0,0
12,463,111001111,7,0.9701219536,0.2215583678,0,0
12,128,010000000,1,0.9323170781,0.08404751134,0,0.308662907
12,136,010001000,2,0.9556402415,0.08872172865,0,0
12,328,101001000,3,0.9661585353,0.1314932012,0,0
12,286,100011110,5,0.9696646333,0.1719646058,0,0
12,394,110001010,4,0.9682926834,0.1485241046,0,0
12,394,110001010,4,0.9682926834,0.1485241046,0,0
12,394,110001010,4,0.9682926834,0.1485241046,0,0
12,266,100001010,3,0.9663109817,0.1359270001,0,0
12,256,100000000,1,0.8653963432,0.05144251033,0,0
12,256,100000000,1,0.8653963432,0.05144251033,0,0
12,136,010001000,2,0.9556402415,0.08872172865,0,0
12,266,100001010,3,0.9663109817,0.1359270001,0,0
12,328,101001000,3,0.9661585353,0.1314932012,0,0
12,328,101001000,3,0.9661585353,0.1314932012,0,0.02751908085
12,136,010001000,2,0.9556402415,0.08872172865,0,0
12,256,100000000,1,0.8653963432,0.05144251033,0,0
12,394,110001010,4,0.9682926834,0.1485241046,0,0
12,328,101001000,3,0.9661585353,0.1314932012,0,0
12,256,100000000,1,0.8653963432,0.05144251033,0,0
12,138,010001010,3,0.9580792598,0.1175190397,0,0.1925701872
12,266,100001010,3,0.9663109817,0.1359270001,0,0
12,256,100000000,1,0.8653963432,0.05144251033,0,0.5220108109
12,128,010000000,1,0.9323170781,0.08404751134,0,0
12,128,010000000,1,0.9323170781,0.08404751134,0,0
12,128,010000000,1,0.9323170781,0.08404751134,0,0
12,256,100000000,1,0.8653963432,0.05144251033,0,0
12,328,101001000,3,0.9661585353,0.1314932012,0,0
12,256,100000000,1,0.8653963432,0.05144251033,0,0
12,136,010001000,2,0.9556402415,0.08872172865,0,0
12,459,111001011,6,0.9693597592,0.1673336257,0,0
12,4,000000100,1,0.9094512276,0.06868225115,0,0.308662907
12,256,100000000,1,0.8653963432,0.05144251033,0,0
12,136,010001000,2,0.9556402415,0.08872172865,0,0
12,256,100000000,1,0.8653963432,0.05144251033,0,0
12,256,100000000,1,0.8653963432,0.05144251033,0,0
12,136,010001000,2,0.9556402415,0.08872172865,0,0.2501840222
12,328,101001000,3,0.9661585353,0.1314932012,0,0
12,256,100000000,1,0.8653963432,0.05144251033,0,0
12,170,010101010,4,0.9583841376,0.1237906108,0,0
12,463,111001111,7,0.9701219536,0.2215583678,0,0.295896174
12,328,101001000,3,0.9661585353,0.1314932012,0,0
12,256,100000000,1,0.8653963432,0.05144251033,0,0
12,138,010001010,3,0.9580792598,0.1175190397,0,0.03977767534
12,4,000000100,1,0.9094512276,0.06868225115,0,0
12,136,010001000,2,0.9556402415,0.08872172865,0,0
12,394,110001010,4,0.9682926834,0.1485241046,0,0
12,136,010001000,2,0.9556402415,0.08872172865,0,0
12,459,111001011,6,0.9693597592,0.1673336257,0,0
12,170,010101010,4,0.9583841376,0.1237906108,0,0
12,459,111001011,6,0.9693597592,0.1673336257,0,0
12,256,100000000,1,0.8653963432,0.05144251033,0,0
12,128,010000000,1,0.9323170781,0.08404751134,0,0
12,170,010101010,4,0.9583841376,0.1237906108,0,0
12,138,010001010,3,0.9580792598,0.1175190397,0,0
12,328,101001000,3,0.9661585353,0.1314932012,0,0
12,463,111001111,7,0.9701219536,0.2215583678,0,0
12,266,100001010,3,0.9663109817,0.1359270001,0,0
12,459,111001011,6,0.9693597592,0.1673336257,0,0.03013367655
12,136,010001000,2,0.9556402415,0.08872172865,0,0
12,463,111001111,7,0.9701219536,0.2215583678,0,inf
12,286,100011110,5,0.9696646333,0.1719646058,0,0.295896174
12,5,000000101,2,0.9044207372,0.07468588371,1,inf
12,349,101011101,6,0.9696646389,0.3093579304,1,inf
12,364,101101100,5,0.9696646333,0.1734690042,1,0.5790589387
12,349,101011101,6,0.9696646389,0.3093579304,1,0.5790589387
12,5,000000101,2,0.9044207372,0.07468588371,1,0.4027410856
12,64,001000000,1,0.9262195174,0.09079117677,1,0.4027410856
12,66,001000010,2,0.9518292602,0.09929567995,1,0.2925098905
12,160,010100000,2,0.9399390239,0.09322097432,1,0.2081288122
12,64,001000000,1,0.9262195174,0.09079117677,1,0.1818933733
12,40,000101000,2,0.9376524407,0.09235404083,1,0.1818933733
12,312,100111000,4,0.9676829297,0.1558179194,1,0.1352232065
12,106,001101010,4,0.9589938987,0.1349909608,1,0.1027422458
12,104,001101000,3,0.9568597451,0.1185564424,1,0.1027422458
12,392,110001000,3,0.9653963372,0.1357308119,1,0.1012835363
12,106,001101010,4,0.9589938987,0.1349909608,1,0.1012835363
12,285,100011101,5,0.9692073204,0.1706519304,1,0.08657615825
12,322,101000010,3,0.9539634027,0.1114213858,1,0.08438107829
12,322,101000010,3,0.9539634027,0.1114213858,1,0.07479691256
13,299,100101011,5,0.9684451278,0.1646855306,0,0.09645812205
13,328,101001000,3,0.9661585353,0.1314932012,0,0.1195143764
13,170,010101010,4,0.9583841376,0.1237906108,0,0
13,170,010101010,4,0.9583841376,0.1237906108,0,0
13,4,000000100,1,0.9094512276,0.06868225115,0,0
13,266,100001010,3,0.9663109817,0.1359270001,0,0.09297294788
13,286,100011110,5,0.9696646333,0.1719646058,0,0.295896174
13,4,000000100,1,0.9094512276,0.06868225115,0,0.308662907
13,463,111001111,7,0.9701219536,0.2215583678,0,0
13,266,100001010,3,0.9663109817,0.1359270001,0,0
13,256,100000000,1,0.8653963432,0.05144251033,0,0
13,256,100000000,1,0.8653963432,0.05144251033,0,0
13,256,100000000,1,0.8653963432,0.05144251033,0,0
13,256,100000000,1,0.8653963432,0.05144251033,0,0.5220108109
13,286,100011110,5,0.9696646333,0.1719646058,0,0.03013367655
13,4,000000100,1,0.9094512276,0.06868225115,0,0
13,170,010101010,4,0.9583841376,0.1237906108,0,0.1195143764
13,256,100000000,1,0.8653963432,0.05144251033,0,0
13,266,100001010,3,0.9663109817,0.1359270001,0,0
13,256,100000000,1,0.8653963432,0.05144251033,0,0
13,394,110001010,4,0.9682926834,0.1485241046,0,0
13,128,010000000,1,0.9323170781,0.08404751134,0,0
13,256,100000000,1,0.8653963432,0.05144251033,0,0
13,459,111001011,6,0.9693597592,0.1673336257,0,0
13,256,100000000,1,0.8653963432,0.05144251033,0,0
13,136,010001000,2,0.9556402415,0.08872172865,0,0
13,256,100000000,1,0.8653963432,0.05144251033,0,0
13,128,010000000,1,0.9323170781,0.08404751134,0,0
13,299,100101011,5,0.9684451278,0.1646855306,0,0.02430001974
13,299,100101011,5,0.9684451278,0.1646855306,0,0
13,459,111001011,6,0.9693597592,0.1673336257,0,0
13,394,110001010,4,0.9682926834,0.1485241046,0,0
13,256,100000000,1,0.8653963432,0.05144251033,0,0
13,170,010101010,4,0.9583841376,0.1237906108,0,0
13,256,100000000,1,0.8653963432,0.05144251033,0,0
13,266,100001010,3,0.9663109817,0.1359270001,0,0
13,170,010101010,4,0.9583841376,0.1237906108,0,0
13,256,100000000,1,0.8653963432,0.05144251033,0,0
13,266,100001010,3,0.9663109817,0.1359270001,0,0
13,463,111001111,7,0.9701219536,0.2215583678,0,0
13,256,100000000,1,0.8653963432,0.05144251033,0,0
13,256,100000000,1,0.8653963432,0.05144251033,0,0
13,266,100001010,3,0.9663109817,0.1359270001,0,0
13,266,100001010,3,0.9663109817,0.1359270001,0,0
13,128,010000000,1,0.9323170781,0.08404751134,0,0
13,394,110001010,4,0.9682926834,0.1485241046,0,0.09297294788
13,266,100001010,3,0.9663109817,0.1359270001,0,0
13,128,010000000,1,0.9323170781,0.08404751134,0,0
13,328,101001000,3,0.9661585353,0.1314932012,0,0
13,128,010000000,1,0.9323170781,0.08404751134,0,0
13,328,101001000,3,0.9661585353,0.1314932012,0,0.02751908085
13,256,100000000,1,0.8653963432,0.05144251033,0,0
13,266,100001010,3,0.9663109817,0.1359270001,0,0
13,394,110001010,4,0.9682926834,0.1485241046,0,0.09645812205
13,266,100001010,3,0.9663109817,0.1359270001,0,0
13,4,000000100,1,0.9094512276,0.06868225115,0,0
13,256,100000000,1,0.8653963432,0.05144251033,0,0
13,266,100001010,3,0.9663109817,0.1359270001,0,0
13,256,100000000,1,0.8653963432,0.05144251033,0,0
13,136,010001000,2,0.9556402415,0.08872172865,0,0
13,394,110001010,4,0.9682926834,0.1485241046,0,0
13,266,100001010,3,0.9663109817,0.1359270001,0,0
13,128,010000000,1,0.9323170781,0.08404751134,0,0
13,128,010000000,1,0.9323170781,0.08404751134,0,0
13,4,000000100,1,0.9094512276,0.06868225115,0,0
13,459,111001011,6,0.9693597592,0.1673336257,0,0
13,128,010000000,1,0.9323170781,0.08404751134,0,0.2501840222
13,459,111001011,6,0.9693597592,0.1673336257,0,0
13,256,100000000,1,0.8653963432,0.05144251033,0,0
13,4,000000100,1,0.9094512276,0.06868225115,0,0
13,266,100001010,3,0.9663109817,0.1359270001,0,0
13,170,010101010,4,0.9583841376,0.1237906108,0,0.03977767534
13,256,100000000,1,0.8653963432,0.05144251033,0,0
13,256,100000000,1,0.8653963432,0.05144251033,0,0
13,394,110001010,4,0.9682926834,0.1485241046,0,0
13,394,110001010,4,0.9682926834,0.1485241046,0,0
13,328,101001000,3,0.9661585353,0.1314932012,0,0
13,256,100000000,1,0.8653963432,0.05144251033,0,0
13,459,111001011,6,0.9693597592,0.1673336257,0,0
13,459,111001011,6,0.9693597592,0.1673336257,0,0.02430001974
13,256,100000000,1,0.8653963432,0.05144251033,0,inf
13,266,100001010,3,0.9663109817,0.1359270001,0,0
13,463,111001111,7,0.9701219536,0.2215583678,0,0
13,128,010000000,1,0.9323170781,0.08404751134,0,0.308662907
13,136,010001000,2,0.9556402415,0.08872172865,0,0.2501840222
13,328,101001000,3,0.9661585353,0.1314932012,0,0
13,286,100011110,5,0.9696646333,0.1719646058,0,0
13,394,110001010,4,0.9682926834,0.1485241046,0,0
13,394,110001010,4,0.9682926834,0.1485241046,0,0
13,394,110001010,4,0.9682926834,0.1485241046,0,0
13,266,100001010,3,0.9663109817,0.1359270001,0,0.02751908085
13,256,100000000,1,0.8653963432,0.05144251033,0,0
13,256,100000000,1,0.8653963432,0.05144251033,0,0
13,136,010001000,2,0.9556402415,0.08872172865,0,0
13,266,100001010,3,0.9663109817,0.1359270001,0,0
13,328,101001000,3,0.9661585353,0.1314932012,0,0
13,328,101001000,3,0.9661585353,0.1314932012,0,0
13,136,010001000,2,0.9556402415,0.08872172865,0,0
13,256,100000000,1,0.8653963432,0.05144251033,0,0
13,394,110001010,4,0.9682926834,0.1485241046,0,0
13,328,101001000,3,0.9661585353,0.1314932012,0,0
13,256,100000000,1,0.8653963432,0.05144251033,0,0
13,138,010001010,3,0.9580792598,0.1175190397,0,0
13,266,100001010,3,0.9663109817,0.1359270001,0,0
13,256,100000000,1,0.8653963432,0.05144251033,0,0
13,128,010000000,1,0.9323170781,0.08404751134,0,0
13,128,010000000,1,0.9323170781,0.08404751134,0,0
13,128,010000000,1,0.9323170781,0.08404751134,0,0
13,256,100000000,1,0.8653963432,0.05144251033,0,0
13,328,101001000,3,0.9661585353,0.1314932012,0,0
13,256,100000000,1,0.8653963432,0.05144251033,0,0
13,136,010001000,2,0.9556402415,0.08872172865,0,0
13,459,111001011,6,0.9693597592,0.1673336257,0,0
13,4,000000100,1,0.9094512276,0.06868225115,0,0
13,256,100000000,1,0.8653963432,0.05144251033,0,0
13,136,010001000,2,0.9556402415,0.08872172865,0,0
13,256,100000000,1,0.8653963432,0.05144251033,0,0
13,256,100000000,1,0.8653963432,0.05144251033,0,0
13,136,010001000,2,0.9556402415,0.08872172865,0,0
13,328,101001000,3,0.9661585353,0.1314932012,0,0
13,256,100000000,1,0.8653963432,0.05144251033,0,0
13,170,010101010,4,0.9583841376,0.1237906108,0,0
13,463,111001111,7,0.9701219536,0.2215583678,0,0.295896174
13,328,101001000,3,0.9661585353,0.1314932012,0,0
13,256,100000000,1,0.8653963432,0.05144251033,0,0
13,138,010001010,3,0.9580792598,0.1175190397,0,0.1925701872
13,4,000000100,1,0.9094512276,0.06868225115,0,0
13,136,010001000,2,0.9556402415,0.08872172865,0,0
13,394,110001010,4,0.9682926834,0.1485241046,0,0
13,136,010001000,2,0.9556402415,0.08872172865,0,0
13,459,111001011,6,0.9693597592,0.1673336257,0,0
13,170,010101010,4,0.9583841376,0.1237906108,0,0
13,459,111001011,6,0.9693597592,0.1673336257,0,0
13,256,100000000,1,0.8653963432,0.05144251033,0,0
13,128,010000000,1,0.9323170781,0.08404751134,0,0
13,170,010101010,4,0.9583841376,0.1237906108,0,0
13,138,010001010,3,0.9580792598,0.1175190397,0,0.03977767534
13,328,101001000,3,0.9661585353,0.1314932012,0,0
13,463,111001111,7,0.9701219536,0.2215583678,0,0
13,266,100001010,3,0.9663109817,0.1359270001,0,0
13,459,111001011,6,0.9693597592,0.1673336257,0,0.03013367655
13,136,010001000,2,0.9556402415,0.08872172865,0,0.1925701872
13,463,111001111,7,0.9701219536,0.2215583678,0,0
13,286,100011110,5,0.9696646333,0.1719646058,0,0
13,4,000000100,1,0.9094512276,0.06868225115,0,0.5220108109
13,463,111001111,7,0.9701219536,0.2215583678,0,0
13,463,111001111,7,0.9701219536,0.2215583678,0,inf
13,5,000000101,2,0.9044207372,0.07468588371,1,inf
13,349,101011101,6,0.9696646389,0.3093579304,1,inf
13,364,101101100,5,0.9696646333,0.1734690042,1,0.5980725216
13,349,101011101,6,0.9696646389,0.3093579304,1,0.5790589387
13,64,001000000,1,0.9262195174,0.09079117677,1,0.4027410856
13,5,000000101,2,0.9044207372,0.07468588371,1,0.4027410856
13,66,001000010,2,0.9518292602,0.09929567995,1,0.2925098905
13,160,010100000,2,0.9399390239,0.09322097432,1,0.2468697424
13,40,000101000,2,0.9376524407,0.09235404083,1,0.2206343034
13,312,100111000,4,0.9676829297,0.1558179194,1,0.2072195042
13,64,001000000,1,0.9262195174,0.09079117677,1,0.1818933733
13,104,001101000,3,0.9568597451,0.1185564424,1,0.1775391583
13,392,110001000,3,0.9653963372,0.1357308119,1,0.120643346
13,285,100011101,5,0.9692073204,0.1706519304,1,0.1055897411
13,106,001101010,4,0.9589938987,0.1349909608,1,0.1027422458
14,299,100101011,5,0.9684451278,0.1646855306,0,0.09645812205
14,328,101001000,3,0.9661585353,0.1314932012,0,0
14,170,010101010,4,0.9583841376,0.1237906108,0,0
14,170,010101010,4,0.9583841376,0.1237906108,0,0.1195143764
14,4,000000100,1,0.9094512276,0.06868225115,0,0
14,266,100001010,3,0.9663109817,0.1359270001,0,0
14,286,100011110,5,0.9696646333,0.1719646058,0,0.295896174
14,4,000000100,1,0.9094512276,0.06868225115,0,0
14,463,111001111,7,0.9701219536,0.2215583678,0,0
14,266,100001010,3,0.9663109817,0.1359270001,0,0
14,256,100000000,1,0.8653963432,0.05144251033,0,0
14,256,100000000,1,0.8653963432,0.05144251033,0,0
14,256,100000000,1,0.8653963432,0.05144251033,0,0
14,256,100000000,1,0.8653963432,0.05144251033,0,0
14,286,100011110,5,0.9696646333,0.1719646058,0,0
14,4,000000100,1,0.9094512276,0.06868225115,0,0
14,170,010101010,4,0.9583841376,0.1237906108,0,0
14,256,100000000,1,0.8653963432,0.05144251033,0,0
14,266,100001010,3,0.9663109817,0.1359270001,0,0
14,256,100000000,1,0.8653963432,0.05144251033,0,0
14,394,110001010,4,0.9682926834,0.1485241046,0,0.09645812205
14,128,010000000,1,0.9323170781,0.08404751134,0,0
14,256,100000000,1,0.8653963432,0.05144251033,0,0
14,459,111001011,6,0.9693597592,0.1673336257,0,0
14,256,100000000,1,0.8653963432,0.05144251033,0,0
14,136,010001000,2,0.9556402415,0.08872172865,0,0
14,256,100000000,1,0.8653963432,0.05144251033,0,0
14,128,010000000,1,0.9323170781,0.08404751134,0,0
14,299,100101011,5,0.9684451278,0.1646855306,0,0
14,299,100101011,5,0.9684451278,0.1646855306,0,0
14,459,111001011,6,0.9693597592,0.1673336257,0,0
14,394,110001010,4,0.9682926834,0.1485241046,0,0
14,256,100000000,1,0.8653963432,0.05144251033,0,0
14,170,010101010,4,0.9583841376,0.1237906108,0,0
14,256,100000000,1,0.8653963432,0.05144251033,0,0.5220108109
14,266,100001010,3,0.9663109817,0.1359270001,0,0
14,170,010101010,4,0.9583841376,0.1237906108,0,0
14,256,100000000,1,0.8653963432,0.05144251033,0,0
14,266,100001010,3,0.9663109817,0.1359270001,0,0
14,463,111001111,7,0.9701219536,0.2215583678,0,0
14,256,100000000,1,0.8653963432,0.05144251033,0,0
14,256,100000000,1,0.8653963432,0.05144251033,0,0
14,266,100001010,3,0.9663109817,0.1359270001,0,0
14,266,100001010,3,0.9663109817,0.1359270001,0,0
14,128,010000000,1,0.9323170781,0.08404751134,0,0
14,394,110001010,4,0.9682926834,0.1485241046,0,0
14,266,100001010,3,0.9663109817,0.1359270001,0,0.02751908085
14,128,010000000,1,0.9323170781,0.08404751134,0,0
14,328,101001000,3,0.9661585353,0.1314932012,0,0
14,128,010000000,1,0.9323170781,0.08404751134,0,0
14,328,101001000,3,0.9661585353,0.1314932012,0,0
14,256,100000000,1,0.8653963432,0.05144251033,0,inf
14,266,100001010,3,0.9663109817,0.1359270001,0,0.09297294788
14,394,110001010,4,0.9682926834,0.1485241046,0,0.09297294788
14,266,100001010,3,0.9663109817,0.1359270001,0,0
14,4,000000100,1,0.9094512276,0.06868225115,0,0.308662907
14,256,100000000,1,0.8653963432,0.05144251033,0,0
14,266,100001010,3,0.9663109817,0.1359270001,0,0
14,256,100000000,1,0.8653963432,0.05144251033,0,0
14,136,010001000,2,0.9556402415,0.08872172865,0,0
14,394,110001010,4,0.9682926834,0.1485241046,0,0
14,266,100001010,3,0.9663109817,0.1359270001,0,0
14,128,010000000,1,0.9323170781,0.08404751134,0,0
14,128,010000000,1,0.9323170781,0.08404751134,0,0.308662907
14,4,000000100,1,0.9094512276,0.06868225115,0,0
14,459,111001011,6,0.9693597592,0.1673336257,0,0
14,128,010000000,1,0.9323170781,0.08404751134,0,0
14,459,111001011,6,0.9693597592,0.1673336257,0,0
14,256,100000000,1,0.8653963432,0.05144251033,0,0
14,4,000000100,1,0.9094512276,0.06868225115,0,0
14,266,100001010,3,0.9663109817,0.1359270001,0,0
14,170,010101010,4,0.9583841376,0.1237906108,0,0
14,256,100000000,1,0.8653963432,0.05144251033,0,0
14,256,100000000,1,0.8653963432,0.05144251033,0,0
14,394,110001010,4,0.9682926834,0.1485241046,0,0
14,394,110001010,4,0.9682926834,0.1485241046,0,0
14,328,101001000,3,0.9661585353,0.1314932012,0,0
14,256,100000000,1,0.8653963432,0.05144251033,0,0
14,459,111001011,6,0.9693597592,0.1673336257,0,0.03013367655
14,459,111001011,6,0.9693597592,0.1673336257,0,0
14,256,100000000,1,0.8653963432,0.05144251033,0,0
14,266,100001010,3,0.9663109817,0.1359270001,0,0
14,463,111001111,7,0.9701219536,0.2215583678,0,0.295896174
14,128,010000000,1,0.9323170781,0.08404751134,0,0
14,136,010001000,2,0.9556402415,0.08872172865,0,0
14,328,101001000,3,0.9661585353,0.1314932012,0,0
14,286,100011110,5,0.9696646333,0.1719646058,0,0
14,394,110001010,4,0.9682926834,0.1485241046,0,0
14,394,110001010,4,0.9682926834,0.1485241046,0,0
14,394,110001010,4,0.9682926834,0.1485241046,0,0
14,266,100001010,3,0.9663109817,0.1359270001,0,0
14,256,100000000,1,0.8653963432,0.05144251033,0,0
14,256,100000000,1,0.8653963432,0.05144251033,0,0
14,136,010001000,2,0.9556402415,0.08872172865,0,0
14,266,100001010,3,0.9663109817,0.1359270001,0,0
14,328,101001000,3,0.9661585353,0.1314932012,0,0.02751908085
14,328,101001000,3,0.9661585353,0.1314932012,0,0.1195143764
14,136,010001000,2,0.9556402415,0.08872172865,0,0.2501840222
14,256,100000000,1,0.8653963432,0.05144251033,0,0
14,394,110001010,4,0.9682926834,0.1485241046,0,0
14,328,101001000,3,0.9661585353,0.1314932012,0,0
14,256,100000000,1,0.8653963432,0.05144251033,0,0
14,138,010001010,3,0.9580792598,0.1175190397,0,0
14,266,100001010,3,0.9663109817,0.1359270001,0,0
14,256,100000000,1,0.8653963432,0.05144251033,0,0
14,128,010000000,1,0.9323170781,0.08404751134,0,0.2501840222
14,128,010000000,1,0.9323170781,0.08404751134,0,0
14,128,010000000,1,0.9323170781,0.08404751134,0,0
14,256,100000000,1,0.8653963432,0.05144251033,0,0
14,328,101001000,3,0.9661585353,0.1314932012,0,0
14,256,100000000,1,0.8653963432,0.05144251033,0,0
14,136,010001000,2,0.9556402415,0.08872172865,0,0
14,459,111001011,6,0.9693597592,0.1673336257,0,0
14,4,000000100,1,0.9094512276,0.06868225115,0,0
14,256,100000000,1,0.8653963432,0.05144251033,0,0
14,136,010001000,2,0.9556402415,0.08872172865,0,0
14,256,100000000,1,0.8653963432,0.05144251033,0,0
14,256,100000000,1,0.8653963432,0.05144251033,0,0
14,136,010001000,2,0.9556402415,0.08872172865,0,0
14,328,101001000,3,0.9661585353,0.1314932012,0,0
14,256,100000000,1,0.8653963432,0.05144251033,0,0
14,170,010101010,4,0.9583841376,0.1237906108,0,0
14,463,111001111,7,0.9701219536,0.2215583678,0,inf
14,328,101001000,3,0.9661585353,0.1314932012,0,0
14,256,100000000,1,0.8653963432,0.05144251033,0,0
14,138,010001010,3,0.9580792598,0.1175190397,0,0.1925701872
14,4,000000100,1,0.9094512276,0.06868225115,0,0
14,136,010001000,2,0.9556402415,0.08872172865,0,0
14,394,110001010,4,0.9682926834,0.1485241046,0,0
14,136,010001000,2,0.9556402415,0.08872172865,0,0
14,459,111001011,6,0.9693597592,0.1673336257,0,0
14,170,010101010,4,0.9583841376,0.1237906108,0,0.03977767534
14,459,111001011,6,0.9693597592,0.1673336257,0,0.02430001974
14,256,100000000,1,0.8653963432,0.05144251033,0,0
14,128,010000000,1,0.9323170781,0.08404751134,0,0
14,170,010101010,4,0.9583841376,0.1237906108,0,0
14,138,010001010,3,0.9580792598,0.1175190397,0,0.03977767534
14,328,101001000,3,0.9661585353,0.1314932012,0,0
14,463,111001111,7,0.9701219536,0.2215583678,0,0
14,266,100001010,3,0.9663109817,0.1359270001,0,0
14,459,111001011,6,0.9693597592,0.1673336257,0,0
14,136,010001000,2,0.9556402415,0.08872172865,0,0.1925701872
14,463,111001111,7,0.9701219536,0.2215583678,0,0
14,286,100011110,5,0.9696646333,0.1719646058,0,0.03013367655
14,4,000000100,1,0.9094512276,0.06868225115,0,0
14,463,111001111,7,0.9701219536,0.2215583678,0,0
14,463,111001111,7,0.9701219536,0.2215583678,0,0
14,4,000000100,1,0.9094512276,0.06868225115,0,0.5220108109
14,299,100101011,5,0.9684451278,0.1646855306,0,0
14,463,111001111,7,0.9701219536,0.2215583678,0,0
14,328,101001000,3,0.9661585353,0.1314932012,0,0
14,328,101001000,3,0.9661585353,0.1314932012,0,0
14,299,100101011,5,0.9684451278,0.1646855306,0,0
14,136,010001000,2,0.9556402415,0.08872172865,0,0
14,299,100101011,5,0.9684451278,0.1646855306,0,0.02430001974
14,5,000000101,2,0.9044207372,0.07468588371,1,inf
14,349,101011101,6,0.9696646389,0.3093579304,1,inf
14,364,101101100,5,0.9696646333,0.1734690042,1,0.5980725216
14,349,101011101,6,0.9696646389,0.3093579304,1,0.5790589387
14,64,001000000,1,0.9262195174,0.09079117677,1,0.4027410856
14,5,000000101,2,0.9044207372,0.07468588371,1,0.4027410856
14,66,001000010,2,0.9518292602,0.09929567995,1,0.3673068031
15,299,100101011,5,0.9684451278,0.1646855306,0,0.09645812205
15,328,101001000,3,0.9661585353,0.1314932012,0,0.1195143764
15,170,010101010,4,0.9583841376,0.1237906108,0,0.03977767534
15,170,010101010,4,0.9583841376,0.1237906108,0,0.1195143764
15,4,000000100,1,0.9094512276,0.06868225115,0,0.5220108109
15,266,100001010,3,0.9663109817,0.1359270001,0,0
15,286,100011110,5,0.9696646333,0.1719646058,0,0.295896174
15,4,000000100,1,0.9094512276,0.06868225115,0,0
15,463,111001111,7,0.9701219536,0.2215583678,0,0
15,266,100001010,3,0.9663109817,0.1359270001,0,0
15,256,100000000,1,0.8653963432,0.05144251033,0,0
15,256,100000000,1,0.8653963432,0.05144251033,0,0
15,256,100000000,1,0.8653963432,0.05144251033,0,0
15,256,100000000,1,0.8653963432,0.05144251033,0,0
15,286,100011110,5,0.9696646333,0.1719646058,0,0
15,4,000000100,1,0.9094512276,0.06868225115,0,0
15,170,010101010,4,0.9583841376,0.1237906108,0,0
15,256,100000000,1,0.8653963432,0.05144251033,0,0
15,266,100001010,3,0.9663109817,0.1359270001,0,0.02751908085
15,256,100000000,1,0.8653963432,0.05144251033,0,0
15,394,110001010,4,0.9682926834,0.1485241046,0,0
15,128,010000000,1,0.9323170781,0.08404751134,0,0
15,256,100000000,1,0.8653963432,0.05144251033,0,0
15,459,111001011,6,0.9693597592,0.1673336257,0,0
15,256,100000000,1,0.8653963432,0.05144251033,0,0
15,136,010001000,2,0.9556402415,0.08872172865,0,0
15,256,100000000,1,0.8653963432,0.05144251033,0,0
15,128,010000000,1,0.9323170781,0.08404751134,0,0.308662907
15,299,100101011,5,0.9684451278,0.1646855306,0,0
15,299,100101011,5,0.9684451278,0.1646855306,0,0
15,459,111001011,6,0.9693597592,0.1673336257,0,0
15,394,110001010,4,0.9682926834,0.1485241046,0,0
15,256,100000000,1,0.8653963432,0.05144251033,0,0
15,170,010101010,4,0.9583841376,0.1237906108,0,0
15,256,100000000,1,0.8653963432,0.05144251033,0,0
15,266,100001010,3,0.9663109817,0.1359270001,0,0
15,170,010101010,4,0.9583841376,0.1237906108,0,0
15,256,100000000,1,0.8653963432,0.05144251033,0,0
15,266,100001010,3,0.9663109817,0.1359270001,0,0
15,463,111001111,7,0.9701219536,0.2215583678,0,0.295896174
15,256,100000000,1,0.8653963432,0.05144251033,0,0
15,256,100000000,1,0.8653963432,0.05144251033,0,0.5220108109
15,266,100001010,3,0.9663109817,0.1359270001,0,0
15,266,100001010,3,0.9663109817,0.1359270001,0,0
15,128,010000000,1,0.9323170781,0.08404751134,0,0
15,394,110001010,4,0.9682926834,0.1485241046,0,0
15,266,100001010,3,0.9663109817,0.1359270001,0,0
15,128,010000000,1,0.9323170781,0.08404751134,0,0
15,328,101001000,3,0.9661585353,0.1314932012,0,0
15,128,010000000,1,0.9323170781,0.08404751134,0,0
15,328,101001000,3,0.9661585353,0.1314932012,0,0
15,256,100000000,1,0.8653963432,0.05144251033,0,0
15,266,100001010,3,0.9663109817,0.1359270001,0,0
15,394,110001010,4,0.9682926834,0.1485241046,0,0.09645812205
15,266,100001010,3,0.9663109817,0.1359270001,0,0.09297294788
15,4,000000100,1,0.9094512276,0.06868225115,0,0
15,256,100000000,1,0.8653963432,0.05144251033,0,0
15,266,100001010,3,0.9663109817,0.1359270001,0,0
15,256,100000000,1,0.8653963432,0.05144251033,0,0
15,136,010001000,2,0.9556402415,0.08872172865,0,0
15,394,110001010,4,0.9682926834,0.1485241046,0,0
15,266,100001010,3,0.9663109817,0.1359270001,0,0
15,128,010000000,1,0.9323170781,0.08404751134,0,0.2501840222
15,128,010000000,1,0.9323170781,0.08404751134,0,0
15,4,000000100,1,0.9094512276,0.06868225115,0,0
15,459,111001011,6,0.9693597592,0.1673336257,0,0
15,128,010000000,1,0.9323170781,0.08404751134,0,0
15,459,111001011,6,0.9693597592,0.1673336257,0,0
15,256,100000000,1,0.8653963432,0.05144251033,0,0
15,4,000000100,1,0.9094512276,0.06868225115,0,0.308662907
15,266,100001010,3,0.9663109817,0.1359270001,0,0
15,170,010101010,4,0.9583841376,0.1237906108,0,0
15,256,100000000,1,0.8653963432,0.05144251033,0,0
15,256,100000000,1,0.8653963432,0.05144251033,0,0
15,394,110001010,4,0.9682926834,0.1485241046,0,0
15,394,110001010,4,0.9682926834,0.1485241046,0,0
15,328,101001000,3,0.9661585353,0.1314932012,0,0
15,256,100000000,1,0.8653963432,0.05144251033,0,0
15,459,111001011,6,0.9693597592,0.1673336257,0,0.02430001974
15,459,111001011,6,0.9693597592,0.1673336257,0,0
15,256,100000000,1,0.8653963432,0.05144251033,0,0
15,266,100001010,3,0.9663109817,0.1359270001,0,0
15,463,111001111,7,0.9701219536,0.2215583678,0,0
15,128,010000000,1,0.9323170781,0.08404751134,0,0
15,136,010001000,2,0.9556402415,0.08872172865,0,0
15,328,101001000,3,0.9661585353,0.1314932012,0,0
15,286,100011110,5,0.9696646333,0.1719646058,0,0.03013367655
15,394,110001010,4,0.9682926834,0.1485241046,0,0
15,394,110001010,4,0.9682926834,0.1485241046,0,0
15,394,110001010,4,0.9682926834,0.1485241046,0,0.09297294788
15,266,100001010,3,0.9663109817,0.1359270001,0,0
15,256,100000000,1,0.8653963432,0.05144251033,0,0
15,256,100000000,1,0.8653963432,0.05144251033,0,0
15,136,010001000,2,0.9556402415,0.08872172865,0,0
15,266,100001010,3,0.9663109817,0.1359270001,0,0
15,328,101001000,3,0.9661585353,0.1314932012,0,0
15,328,101001000,3,0.9661585353,0.1314932012,0,0
15,136,010001000,2,0.9556402415,0.08872172865,0,0
15,256,100000000,1,0.8653963432,0.05144251033,0,inf
15,394,110001010,4,0.9682926834,0.1485241046,0,0
15,328,101001000,3,0.9661585353,0.1314932012,0,0.02751908085
15,256,100000000,1,0.8653963432,0.05144251033,0,0
15,138,010001010,3,0.9580792598,0.1175190397,0,0.1925701872
15,266,100001010,3,0.9663109817,0.1359270001,0,0
15,256,100000000,1,0.8653963432,0.05144251033,0,0
15,128,010000000,1,0.9323170781,0.08404751134,0,0
15,128,010000000,1,0.9323170781,0.08404751134,0,0
15,128,010000000,1,0.9323170781,0.08404751134,0,0
15,256,100000000,1,0.8653963432,0.05144251033,0,0
15,328,101001000,3,0.9661585353,0.1314932012,0,0
15,256,100000000,1,0.8653963432,0.05144251033,0,0
15,136,010001000,2,0.9556402415,0.08872172865,0,0
15,459,111001011,6,0.9693597592,0.1673336257,0,0.03013367655
15,4,000000100,1,0.9094512276,0.06868225115,0,0
15,256,100000000,1,0.8653963432,0.05144251033,0,0
15,136,010001000,2,0.9556402415,0.08872172865,0,0.2501840222
15,256,100000000,1,0.8653963432,0.05144251033,0,0
15,256,100000000,1,0.8653963432,0.05144251033,0,0
15,136,010001000,2,0.9556402415,0.08872172865,0,0
15,328,101001000,3,0.9661585353,0.1314932012,0,0
15,256,100000000,1,0.8653963432,0.05144251033,0,0
15,170,010101010,4,0.9583841376,0.1237906108,0,0
15,463,111001111,7,0.9701219536,0.2215583678,0,0
15,328,101001000,3,0.9661585353,0.1314932012,0,0
15,256,100000000,1,0.8653963432,0.05144251033,0,0
15,138,010001010,3,0.9580792598,0.1175190397,0,0
15,4,000000100,1,0.9094512276,0.06868225115,0,0
15,136,010001000,2,0.9556402415,0.08872172865,0,0
15,394,110001010,4,0.9682926834,0.1485241046,0,0
15,136,010001000,2,0.9556402415,0.08872172865,0,0
15,459,111001011,6,0.9693597592,0.1673336257,0,0
15,170,010101010,4,0.9583841376,0.1237906108,0,0
15,459,111001011,6,0.9693597592,0.1673336257,0,0
15,256,100000000,1,0.8653963432,0.05144251033,0,0
15,128,010000000,1,0.9323170781,0.08404751134,0,0
15,170,010101010,4,0.9583841376,0.1237906108,0,0
15,138,010001010,3,0.9580792598,0.1175190397,0,0.03977767534
15,328,101001000,3,0.9661585353,0.1314932012,0,0
15,463,111001111,7,0.9701219536,0.2215583678,0,inf
15,266,100001010,3,0.9663109817,0.1359270001,0,0
15,459,111001011,6,0.9693597592,0.1673336257,0,0
15,136,010001000,2,0.9556402415,0.08872172865,0,0
15,463,111001111,7,0.9701219536,0.2215583678,0,0
15,286,100011110,5,0.9696646333,0.1719646058,0,0
15,4,000000100,1,0.9094512276,0.06868225115,0,0
15,463,111001111,7,0.9701219536,0.2215583678,0,0
15,463,111001111,7,0.9701219536,0.2215583678,0,0
15,4,000000100,1,0.9094512276,0.06868225115,0,0
15,299,100101011,5,0.9684451278,0.1646855306,0,0.02430001974
15,463,111001111,7,0.9701219536,0.2215583678,0,0
15,328,101001000,3,0.9661585353,0.1314932012,0,0
15,328,101001000,3,0.9661585353,0.1314932012,0,0
15,299,100101011,5,0.9684451278,0.1646855306,0,0
15,136,010001000,2,0.9556402415,0.08872172865,0,0
15,299,100101011,5,0.9684451278,0.1646855306,0,0
15,286,100011110,5,0.9696646333,0.1719646058,0,0
15,128,010000000,1,0.9323170781,0.08404751134,0,0
15,328,101001000,3,0.9661585353,0.1314932012,0,0
15,463,111001111,7,0.9701219536,0.2215583678,0,0
15,128,010000000,1,0.9323170781,0.08404751134,0,0
15,136,010001000,2,0.9556402415,0.08872172865,0,0.1925701872
15,136,010001000,2,0.9556402415,0.08872172865,0,0
16,463,111001111,7,0.9701219536,0.2215583678,0,inf
16,256,100000000,1,0.8653963432,0.05144251033,0,inf
16,256,100000000,1,0.8653963432,0.05144251033,0,0.5220108109
16,4,000000100,1,0.9094512276,0.06868225115,0,0.5220108109
16,4,000000100,1,0.9094512276,0.06868225115,0,0.308662907
16,128,010000000,1,0.9323170781,0.08404751134,0,0.308662907
16,463,111001111,7,0.9701219536,0.2215583678,0,0.295896174
16,286,100011110,5,0.9696646333,0.1719646058,0,0.295896174
16,136,010001000,2,0.9556402415,0.08872172865,0,0.2501840222
16,128,010000000,1,0.9323170781,0.08404751134,0,0.2501840222
16,138,010001010,3,0.9580792598,0.1175190397,0,0.1925701872
16,136,010001000,2,0.9556402415,0.08872172865,0,0.1925701872
16,170,010101010,4,0.9583841376,0.1237906108,0,0.1195143764
16,328,101001000,3,0.9661585353,0.1314932012,0,0.1195143764
16,394,110001010,4,0.9682926834,0.1485241046,0,0.09645812205
16,299,100101011,5,0.9684451278,0.1646855306,0,0.09645812205
16,266,100001010,3,0.9663109817,0.1359270001,0,0.09297294788
16,394,110001010,4,0.9682926834,0.1485241046,0,0.09297294788
16,138,010001010,3,0.9580792598,0.1175190397,0,0.03977767534
16,170,010101010,4,0.9583841376,0.1237906108,0,0.03977767534
16,459,111001011,6,0.9693597592,0.1673336257,0,0.03013367655
16,286,100011110,5,0.9696646333,0.1719646058,0,0.03013367655
16,328,101001000,3,0.9661585353,0.1314932012,0,0.02751908085
16,266,100001010,3,0.9663109817,0.1359270001,0,0.02751908085
16,299,100101011,5,0.9684451278,0.1646855306,0,0.02430001974
16,459,111001011,6,0.9693597592,0.1673336257,0,0.02430001974
16,463,111001111,7,0.9701219536,0.2215583678,0,0
16,128,010000000,1,0.9323170781,0.08404751134,0,0
16,299,100101011,5,0.9684451278,0.1646855306,0,0
16,299,100101011,5,0.9684451278,0.1646855306,0,0
16,459,111001011,6,0.9693597592,0.1673336257,0,0
16,394,110001010,4,0.9682926834,0.1485241046,0,0
16,256,100000000,1,0.8653963432,0.05144251033,0,0
16,170,010101010,4,0.9583841376,0.1237906108,0,0
16,256,100000000,1,0.8653963432,0.05144251033,0,0
16,266,100001010,3,0.9663109817,0.1359270001,0,0
16,170,010101010,4,0.9583841376,0.1237906108,0,0
16,256,100000000,1,0.8653963432,0.05144251033,0,0
16,266,100001010,3,0.9663109817,0.1359270001,0,0
16,136,010001000,2,0.9556402415,0.08872172865,0,0
16,256,100000000,1,0.8653963432,0.05144251033,0,0
16,256,100000000,1,0.8653963432,0.05144251033,0,0
16,266,100001010,3,0.9663109817,0.1359270001,0,0
16,266,100001010,3,0.9663109817,0.1359270001,0,0
16,128,010000000,1,0.9323170781,0.08404751134,0,0
16,394,110001010,4,0.9682926834,0.1485241046,0,0
16,266,100001010,3,0.9663109817,0.1359270001,0,0
16,128,010000000,1,0.9323170781,0.08404751134,0,0
16,328,101001000,3,0.9661585353,0.1314932012,0,0
16,128,010000000,1,0.9323170781,0.08404751134,0,0
16,328,101001000,3,0.9661585353,0.1314932012,0,0
16,256,100000000,1,0.8653963432,0.05144251033,0,0
16,266,100001010,3,0.9663109817,0.1359270001,0,0
16,256,100000000,1,0.8653963432,0.05144251033,0,0
16,459,111001011,6,0.9693597592,0.1673336257,0,0
16,4,000000100,1,0.9094512276,0.06868225115,0,0
16,256,100000000,1,0.8653963432,0.05144251033,0,0
16,266,100001010,3,0.9663109817,0.1359270001,0,0
16,256,100000000,1,0.8653963432,0.05144251033,0,0
16,136,010001000,2,0.9556402415,0.08872172865,0,0
16,394,110001010,4,0.9682926834,0.1485241046,0,0
16,266,100001010,3,0.9663109817,0.1359270001,0,0
16,256,100000000,1,0.8653963432,0.05144251033,0,0
16,128,010000000,1,0.9323170781,0.08404751134,0,0
16,4,000000100,1,0.9094512276,0.06868225115,0,0
16,459,111001011,6,0.9693597592,0.1673336257,0,0
16,128,010000000,1,0.9323170781,0.08404751134,0,0
16,459,111001011,6,0.9693597592,0.1673336257,0,0
16,128,010000000,1,0.9323170781,0.08404751134,0,0
16,4,000000100,1,0.9094512276,0.06868225115,0,0
16,266,100001010,3,0.9663109817,0.1359270001,0,0
16,170,010101010,4,0.9583841376,0.1237906108,0,0
16,256,100000000,1,0.8653963432,0.05144251033,0,0
16,256,100000000,1,0.8653963432,0.05144251033,0,0
16,394,110001010,4,0.9682926834,0.1485241046,0,0
16,394,110001010,4,0.9682926834,0.1485241046,0,0
16,256,100000000,1,0.8653963432,0.05144251033,0,0
16,256,100000000,1,0.8653963432,0.05144251033,0,0
16,459,111001011,6,0.9693597592,0.1673336257,0,0
16,266,100001010,3,0.9663109817,0.1359270001,0,0
16,256,100000000,1,0.8653963432,0.05144251033,0,0
16,266,100001010,3,0.9663109817,0.1359270001,0,0
16,170,010101010,4,0.9583841376,0.1237906108,0,0
16,256,100000000,1,0.8653963432,0.05144251033,0,0
16,170,010101010,4,0.9583841376,0.1237906108,0,0
16,328,101001000,3,0.9661585353,0.1314932012,0,0
16,286,100011110,5,0.9696646333,0.1719646058,0,0
16,394,110001010,4,0.9682926834,0.1485241046,0,0
16,394,110001010,4,0.9682926834,0.1485241046,0,0
16,394,110001010,4,0.9682926834,0.1485241046,0,0
16,256,100000000,1,0.8653963432,0.05144251033,0,0
16,256,100000000,1,0.8653963432,0.05144251033,0,0
16,256,100000000,1,0.8653963432,0.05144251033,0,0
16,136,010001000,2,0.9556402415,0.08872172865,0,0
16,266,100001010,3,0.9663109817,0.1359270001,0,0
16,328,101001000,3,0.9661585353,0.1314932012,0,0
16,256,100000000,1,0.8653963432,0.05144251033,0,0
16,136,010001000,2,0.9556402415,0.08872172865,0,0
16,256,100000000,1,0.8653963432,0.05144251033,0,0
16,394,110001010,4,0.9682926834,0.1485241046,0,0
16,328,101001000,3,0.9661585353,0.1314932012,0,0
16,256,100000000,1,0.8653963432,0.05144251033,0,0
16,256,100000000,1,0.8653963432,0.05144251033,0,0
16,266,100001010,3,0.9663109817,0.1359270001,0,0
16,256,100000000,1,0.8653963432,0.05144251033,0,0
16,128,010000000,1,0.9323170781,0.08404751134,0,0
16,128,010000000,1,0.9323170781,0.08404751134,0,0
16,128,010000000,1,0.9323170781,0.08404751134,0,0
16,256,100000000,1,0.8653963432,0.05144251033,0,0
16,328,101001000,3,0.9661585353,0.1314932012,0,0
16,256,100000000,1,0.8653963432,0.05144251033,0,0
16,136,010001000,2,0.9556402415,0.08872172865,0,0
16,459,111001011,6,0.9693597592,0.1673336257,0,0
16,4,000000100,1,0.9094512276,0.06868225115,0,0
16,256,100000000,1,0.8653963432,0.05144251033,0,0
16,136,010001000,2,0.9556402415,0.08872172865,0,0
16,256,100000000,1,0.8653963432,0.05144251033,0,0
16,256,100000000,1,0.8653963432,0.05144251033,0,0
16,136,010001000,2,0.9556402415,0.08872172865,0,0
16,328,101001000,3,0.9661585353,0.1314932012,0,0
16,256,100000000,1,0.8653963432,0.05144251033,0,0
16,170,010101010,4,0.9583841376,0.1237906108,0,0
16,256,100000000,1,0.8653963432,0.05144251033,0,0
16,328,101001000,3,0.9661585353,0.1314932012,0,0
16,256,100000000,1,0.8653963432,0.05144251033,0,0
16,138,010001010,3,0.9580792598,0.1175190397,0,0
16,4,000000100,1,0.9094512276,0.06868225115,0,0
16,136,010001000,2,0.9556402415,0.08872172865,0,0
16,394,110001010,4,0.9682926834,0.1485241046,0,0
16,266,100001010,3,0.9663109817,0.1359270001,0,0
16,459,111001011,6,0.9693597592,0.1673336257,0,0
16,463,111001111,7,0.9701219536,0.2215583678,0,0
16,459,111001011,6,0.9693597592,0.1673336257,0,0
16,256,100000000,1,0.8653963432,0.05144251033,0,0
16,128,010000000,1,0.9323170781,0.08404751134,0,0
16,170,010101010,4,0.9583841376,0.1237906108,0,0
16,4,000000100,1,0.9094512276,0.06868225115,0,0
16,328,101001000,3,0.9661585353,0.1314932012,0,0
16,463,111001111,7,0.9701219536,0.2215583678,0,0
16,266,100001010,3,0.9663109817,0.1359270001,0,0
16,286,100011110,5,0.9696646333,0.1719646058,0,0
16,136,010001000,2,0.9556402415,0.08872172865,0,0
16,463,111001111,7,0.9701219536,0.2215583678,0,0
16,266,100001010,3,0.9663109817,0.1359270001,0,0
16,4,000000100,1,0.9094512276,0.06868225115,0,0
16,463,111001111,7,0.9701219536,0.2215583678,0,0
16,463,111001111,7,0.9701219536,0.2215583678,0,0
16,4,000000100,1,0.9094512276,0.06868225115,0,0
16,170,010101010,4,0.9583841376,0.1237906108,0,0
16,463,111001111,7,0.9701219536,0.2215583678,0,0
16,328,101001000,3,0.9661585353,0.1314932012,0,0
16,328,101001000,3,0.9661585353,0.1314932012,0,0
16,299,100101011,5,0.9684451278,0.1646855306,0,0
16,136,010001000,2,0.9556402415,0.08872172865,0,0
16,299,100101011,5,0.9684451278,0.1646855306,0,0
16,286,100011110,5,0.9696646333,0.1719646058,0,0
16,128,010000000,1,0.9323170781,0.08404751134,0,0
16,328,101001000,3,0.9661585353,0.1314932012,0,0
16,463,111001111,7,0.9701219536,0.2215583678,0,0
16,128,010000000,1,0.9323170781,0.08404751134,0,0
16,136,010001000,2,0.9556402415,0.08872172865,0,0
16,136,010001000,2,0.9556402415,0.08872172865,0,0
17,256,100000000,1,0.8653963432,0.05144251033,0,inf
17,463,111001111,7,0.9701219536,0.2215583678,0,inf
17,4,000000100,1,0.9094512276,0.06868225115,0,0.5220108109
17,256,100000000,1,0.8653963432,0.05144251033,0,0.5220108109
17,4,000000100,1,0.9094512276,0.06868225115,0,0.308662907
17,128,010000000,1,0.9323170781,0.08404751134,0,0.308662907
17,463,111001111,7,0.9701219536,0.2215583678,0,0.295896174
17,286,100011110,5,0.9696646333,0.1719646058,0,0.295896174
17,136,010001000,2,0.9556402415,0.08872172865,0,0.2501840222
17,128,010000000,1,0.9323170781,0.08404751134,0,0.2501840222
17,138,010001010,3,0.9580792598,0.1175190397,0,0.1925701872
17,136,010001000,2,0.9556402415,0.08872172865,0,0.1925701872
17,170,010101010,4,0.9583841376,0.1237906108,0,0.1195143764
17,328,101001000,3,0.9661585353,0.1314932012,0,0.1195143764
17,394,110001010,4,0.9682926834,0.1485241046,0,0.09645812205
17,299,100101011,5,0.9684451278,0.1646855306,0,0.09645812205
17,394,110001010,4,0.9682926834,0.1485241046,0,0.09297294788
17,266,100001010,3,0.9663109817,0.1359270001,0,0.09297294788
17,170,010101010,4,0.9583841376,0.1237906108,0,0.03977767534
17,138,010001010,3,0.9580792598,0.1175190397,0,0.03977767534
17,286,100011110,5,0.9696646333,0.1719646058,0,0.03013367655
17,459,111001011,6,0.9693597592,0.1673336257,0,0.03013367655
17,328,101001000,3,0.9661585353,0.1314932012,0,0.02751908085
17,266,100001010,3,0.9663109817,0.1359270001,0,0.02751908085
17,459,111001011,6,0.9693597592,0.1673336257,0,0.02430001974
17,299,100101011,5,0.9684451278,0.1646855306,0,0.02430001974
17,266,100001010,3,0.9663109817,0.1359270001,0,0
17,256,100000000,1,0.8653963432,0.05144251033,0,0
17,463,111001111,7,0.9701219536,0.2215583678,0,0
17,299,100101011,5,0.9684451278,0.1646855306,0,0
17,459,111001011,6,0.9693597592,0.1673336257,0,0
17,394,110001010,4,0.9682926834,0.1485241046,0,0
17,256,100000000,1,0.8653963432,0.05144251033,0,0
17,170,010101010,4,0.9583841376,0.1237906108,0,0
17,256,100000000,1,0.8653963432,0.05144251033,0,0
17,266,100001010,3,0.9663109817,0.1359270001,0,0
17,170,010101010,4,0.9583841376,0.1237906108,0,0
17,256,100000000,1,0.8653963432,0.05144251033,0,0
17,266,100001010,3,0.9663109817,0.1359270001,0,0
17,459,111001011,6,0.9693597592,0.1673336257,0,0
17,256,100000000,1,0.8653963432,0.05144251033,0,0
17,256,100000000,1,0.8653963432,0.05144251033,0,0
17,299,100101011,5,0.9684451278,0.1646855306,0,0
17,266,100001010,3,0.9663109817,0.1359270001,0,0
17,128,010000000,1,0.9323170781,0.08404751134,0,0
17,394,110001010,4,0.9682926834,0.1485241046,0,0
17,266,100001010,3,0.9663109817,0.1359270001,0,0
17,128,010000000,1,0.9323170781,0.08404751134,0,0
17,266,100001010,3,0.9663109817,0.1359270001,0,0
17,128,010000000,1,0.9323170781,0.08404751134,0,0
17,328,101001000,3,0.9661585353,0.1314932012,0,0
17,256,100000000,1,0.8653963432,0.05144251033,0,0
17,266,100001010,3,0.9663109817,0.1359270001,0,0
17,256,100000000,1,0.8653963432,0.05144251033,0,0
17,328,101001000,3,0.9661585353,0.1314932012,0,0
17,4,000000100,1,0.9094512276,0.06868225115,0,0
17,256,100000000,1,0.8653963432,0.05144251033,0,0
17,266,100001010,3,0.9663109817,0.1359270001,0,0
17,256,100000000,1,0.8653963432,0.05144251033,0,0
17,136,010001000,2,0.9556402415,0.08872172865,0,0
17,394,110001010,4,0.9682926834,0.1485241046,0,0
17,266,100001010,3,0.9663109817,0.1359270001,0,0
17,256,100000000,1,0.8653963432,0.05144251033,0,0
17,459,111001011,6,0.9693597592,0.1673336257,0,0
17,4,000000100,1,0.9094512276,0.06868225115,0,0
17,459,111001011,6,0.9693597592,0.1673336257,0,0
17,128,010000000,1,0.9323170781,0.08404751134,0,0
17,459,111001011,6,0.9693597592,0.1673336257,0,0
17,128,010000000,1,0.9323170781,0.08404751134,0,0
17,4,000000100,1,0.9094512276,0.06868225115,0,0
17,266,100001010,3,0.9663109817,0.1359270001,0,0
17,170,010101010,4,0.9583841376,0.1237906108,0,0
17,256,100000000,1,0.8653963432,0.05144251033,0,0
17,256,100000000,1,0.8653963432,0.05144251033,0,0
17,170,010101010,4,0.9583841376,0.1237906108,0,0
17,394,110001010,4,0.9682926834,0.1485241046,0,0
17,256,100000000,1,0.8653963432,0.05144251033,0,0
17,256,100000000,1,0.8653963432,0.05144251033,0,0
17,459,111001011,6,0.9693597592,0.1673336257,0,0
17,266,100001010,3,0.9663109817,0.1359270001,0,0
17,256,100000000,1,0.8653963432,0.05144251033,0,0
17,394,110001010,4,0.9682926834,0.1485241046,0,0
17,299,100101011,5,0.9684451278,0.1646855306,0,0
17,256,100000000,1,0.8653963432,0.05144251033,0,0
17,170,010101010,4,0.9583841376,0.1237906108,0,0
17,328,101001000,3,0.9661585353,0.1314932012,0,0
17,286,100011110,5,0.9696646333,0.1719646058,0,0
17,394,110001010,4,0.9682926834,0.1485241046,0,0
17,394,110001010,4,0.9682926834,0.1485241046,0,0
17,394,110001010,4,0.9682926834,0.1485241046,0,0
17,256,100000000,1,0.8653963432,0.05144251033,0,0
17,256,100000000,1,0.8653963432,0.05144251033,0,0
17,256,100000000,1,0.8653963432,0.05144251033,0,0
17,136,010001000,2,0.9556402415,0.08872172865,0,0
17,266,100001010,3,0.9663109817,0.1359270001,0,0
17,328,101001000,3,0.9661585353,0.1314932012,0,0
17,128,010000000,1,0.9323170781,0.08404751134,0,0
17,136,010001000,2,0.9556402415,0.08872172865,0,0
17,256,100000000,1,0.8653963432,0.05144251033,0,0
17,394,110001010,4,0.9682926834,0.1485241046,0,0
17,328,101001000,3,0.9661585353,0.1314932012,0,0
17,256,100000000,1,0.8653963432,0.05144251033,0,0
17,256,100000000,1,0.8653963432,0.05144251033,0,0
17,266,100001010,3,0.9663109817,0.1359270001,0,0
17,256,100000000,1,0.8653963432,0.05144251033,0,0
17,128,010000000,1,0.9323170781,0.08404751134,0,0
17,128,010000000,1,0.9323170781,0.08404751134,0,0
17,128,010000000,1,0.9323170781,0.08404751134,0,0
17,328,101001000,3,0.9661585353,0.1314932012,0,0
17,328,101001000,3,0.9661585353,0.1314932012,0,0
17,256,100000000,1,0.8653963432,0.05144251033,0,0
17,136,010001000,2,0.9556402415,0.08872172865,0,0
17,459,111001011,6,0.9693597592,0.1673336257,0,0
17,4,000000100,1,0.9094512276,0.06868225115,0,0
17,256,100000000,1,0.8653963432,0.05144251033,0,0
17,136,010001000,2,0.9556402415,0.08872172865,0,0
17,256,100000000,1,0.8653963432,0.05144251033,0,0
17,256,100000000,1,0.8653963432,0.05144251033,0,0
17,136,010001000,2,0.9556402415,0.08872172865,0,0
17,328,101001000,3,0.9661585353,0.1314932012,0,0
17,256,100000000,1,0.8653963432,0.05144251033,0,0
17,170,010101010,4,0.9583841376,0.1237906108,0,0
17,256,100000000,1,0.8653963432,0.05144251033,0,0
17,328,101001000,3,0.9661585353,0.1314932012,0,0
17,256,100000000,1,0.8653963432,0.05144251033,0,0
17,170,010101010,4,0.9583841376,0.1237906108,0,0
17,4,000000100,1,0.9094512276,0.06868225115,0,0
17,136,010001000,2,0.9556402415,0.08872172865,0,0
17,394,110001010,4,0.9682926834,0.1485241046,0,0
17,266,100001010,3,0.9663109817,0.1359270001,0,0
17,459,111001011,6,0.9693597592,0.1673336257,0,0
17,463,111001111,7,0.9701219536,0.2215583678,0,0
17,136,010001000,2,0.9556402415,0.08872172865,0,0
17,256,100000000,1,0.8653963432,0.05144251033,0,0
17,128,010000000,1,0.9323170781,0.08404751134,0,0
17,138,010001010,3,0.9580792598,0.1175190397,0,0
17,4,000000100,1,0.9094512276,0.06868225115,0,0
17,328,101001000,3,0.9661585353,0.1314932012,0,0
17,463,111001111,7,0.9701219536,0.2215583678,0,0
17,266,100001010,3,0.9663109817,0.1359270001,0,0
17,286,100011110,5,0.9696646333,0.1719646058,0,0
17,136,010001000,2,0.9556402415,0.08872172865,0,0
17,463,111001111,7,0.9701219536,0.2215583678,0,0
17,266,100001010,3,0.9663109817,0.1359270001,0,0
17,4,000000100,1,0.9094512276,0.06868225115,0,0
17,463,111001111,7,0.9701219536,0.2215583678,0,0
17,463,111001111,7,0.9701219536,0.2215583678,0,0
17,4,000000100,1,0.9094512276,0.06868225115,0,0
17,170,010101010,4,0.9583841376,0.1237906108,0,0
17,136,010001000,2,0.9556402415,0.08872172865,0,0
17,328,101001000,3,0.9661585353,0.1314932012,0,0
17,286,100011110,5,0.9696646333,0.1719646058,0,0
17,299,100101011,5,0.9684451278,0.1646855306,0,0
17,136,010001000,2,0.9556402415,0.08872172865,0,0
17,463,111001111,7,0.9701219536,0.2215583678,0,0
17,128,010000000,1,0.9323170781,0.08404751134,0,0
17,128,010000000,1,0.9323170781,0.08404751134,0,0
17,328,101001000,3,0.9661585353,0.1314932012,0,0
17,463,111001111,7,0.9701219536,0.2215583678,0,0
17,128,010000000,1,0.9323170781,0.08404751134,0,0
17,136,010001000,2,0.9556402415,0.08872172865,0,0
17,256,100000000,1,0.8653963432,0.05144251033,0,0
18,256,100000000,1,0.8653963432,0.05144251033,0,inf
18,463,111001111,7,0.9701219536,0.2215583678,0,inf
18,4,000000100,1,0.9094512276,0.06868225115,0,0.5220108109
18,256,100000000,1,0.8653963432,0.05144251033,0,0.5220108109
18,4,000000100,1,0.9094512276,0.06868225115,0,0.308662907
18,128,010000000,1,0.9323170781,0.08404751134,0,0.308662907
18,463,111001111,7,0.9701219536,0.2215583678,0,0.295896174
18,286,100011110,5,0.9696646333,0.1719646058,0,0.295896174
18,136,010001000,2,0.9556402415,0.08872172865,0,0.2501840222
18,128,010000000,1,0.9323170781,0.08404751134,0,0.2501840222
18,136,010001000,2,0.9556402415,0.08872172865,0,0.1925701872
18,138,010001010,3,0.9580792598,0.1175190397,0,0.1925701872
18,170,010101010,4,0.9583841376,0.1237906108,0,0.1195143764
18,328,101001000,3,0.9661585353,0.1314932012,0,0.1195143764
18,299,100101011,5,0.9684451278,0.1646855306,0,0.09645812205
18,394,110001010,4,0.9682926834,0.1485241046,0,0.09645812205
18,266,100001010,3,0.9663109817,0.1359270001,0,0.09297294788
18,394,110001010,4,0.9682926834,0.1485241046,0,0.09297294788
18,138,010001010,3,0.9580792598,0.1175190397,0,0.03977767534
18,170,010101010,4,0.9583841376,0.1237906108,0,0.03977767534
18,286,100011110,5,0.9696646333,0.1719646058,0,0.03013367655
18,459,111001011,6,0.9693597592,0.1673336257,0,0.03013367655
18,266,100001010,3,0.9663109817,0.1359270001,0,0.02751908085
18,328,101001000,3,0.9661585353,0.1314932012,0,0.02751908085
18,299,100101011,5,0.9684451278,0.1646855306,0,0.02430001974
18,459,111001011,6,0.9693597592,0.1673336257,0,0.02430001974
18,328,101001000,3,0.9661585353,0.1314932012,0,0
18,256,100000000,1,0.8653963432,0.05144251033,0,0
18,463,111001111,7,0.9701219536,0.2215583678,0,0
18,266,100001010,3,0.9663109817,0.1359270001,0,0
18,459,111001011,6,0.9693597592,0.1673336257,0,0
18,299,100101011,5,0.9684451278,0.1646855306,0,0
18,256,100000000,1,0.8653963432,0.05144251033,0,0
18,266,100001010,3,0.9663109817,0.1359270001,0,0
18,256,100000000,1,0.8653963432,0.05144251033,0,0
18,266,100001010,3,0.9663109817,0.1359270001,0,0
18,286,100011110,5,0.9696646333,0.1719646058,0,0
18,256,100000000,1,0.8653963432,0.05144251033,0,0
18,266,100001010,3,0.9663109817,0.1359270001,0,0
18,459,111001011,6,0.9693597592,0.1673336257,0,0
18,256,100000000,1,0.8653963432,0.05144251033,0,0
18,256,100000000,1,0.8653963432,0.05144251033,0,0
18,299,100101011,5,0.9684451278,0.1646855306,0,0
18,266,100001010,3,0.9663109817,0.1359270001,0,0
18,128,010000000,1,0.9323170781,0.08404751134,0,0
18,394,110001010,4,0.9682926834,0.1485241046,0,0
18,266,100001010,3,0.9663109817,0.1359270001,0,0
18,128,010000000,1,0.9323170781,0.08404751134,0,0
18,266,100001010,3,0.9663109817,0.1359270001,0,0
18,128,010000000,1,0.9323170781,0.08404751134,0,0
18,328,101001000,3,0.9661585353,0.1314932012,0,0
18,170,010101010,4,0.9583841376,0.1237906108,0,0
18,266,100001010,3,0.9663109817,0.1359270001,0,0
18,256,100000000,1,0.8653963432,0.05144251033,0,0
18,328,101001000,3,0.9661585353,0.1314932012,0,0
18,4,000000100,1,0.9094512276,0.06868225115,0,0
18,256,100000000,1,0.8653963432,0.05144251033,0,0
18,266,100001010,3,0.9663109817,0.1359270001,0,0
18,256,100000000,1,0.8653963432,0.05144251033,0,0
18,136,010001000,2,0.9556402415,0.08872172865,0,0
18,394,110001010,4,0.9682926834,0.1485241046,0,0
18,266,100001010,3,0.9663109817,0.1359270001,0,0
18,256,100000000,1,0.8653963432,0.05144251033,0,0
18,459,111001011,6,0.9693597592,0.1673336257,0,0
18,4,000000100,1,0.9094512276,0.06868225115,0,0
18,459,111001011,6,0.9693597592,0.1673336257,0,0
18,128,010000000,1,0.9323170781,0.08404751134,0,0
18,459,111001011,6,0.9693597592,0.1673336257,0,0
18,128,010000000,1,0.9323170781,0.08404751134,0,0
18,4,000000100,1,0.9094512276,0.06868225115,0,0
18,266,100001010,3,0.9663109817,0.1359270001,0,0
18,170,010101010,4,0.9583841376,0.1237906108,0,0
18,256,100000000,1,0.8653963432,0.05144251033,0,0
18,256,100000000,1,0.8653963432,0.05144251033,0,0
18,170,010101010,4,0.9583841376,0.1237906108,0,0
18,394,110001010,4,0.9682926834,0.1485241046,0,0
18,256,100000000,1,0.8653963432,0.05144251033,0,0
18,256,100000000,1,0.8653963432,0.05144251033,0,0
18,459,111001011,6,0.9693597592,0.1673336257,0,0
18,266,100001010,3,0.9663109817,0.1359270001,0,0
18,256,100000000,1,0.8653963432,0.05144251033,0,0
18,266,100001010,3,0.9663109817,0.1359270001,0,0
18,299,100101011,5,0.9684451278,0.1646855306,0,0
18,256,100000000,1,0.8653963432,0.05144251033,0,0
18,170,010101010,4,0.9583841376,0.1237906108,0,0
18,394,110001010,4,0.9682926834,0.1485241046,0,0
18,299,100101011,5,0.9684451278,0.1646855306,0,0
18,394,110001010,4,0.9682926834,0.1485241046,0,0
18,394,110001010,4,0.9682926834,0.1485241046,0,0
18,394,110001010,4,0.9682926834,0.1485241046,0,0
18,256,100000000,1,0.8653963432,0.05144251033,0,0
18,256,100000000,1,0.8653963432,0.05144251033,0,0
18,256,100000000,1,0.8653963432,0.05144251033,0,0
18,136,010001000,2,0.9556402415,0.08872172865,0,0
18,266,100001010,3,0.9663109817,0.1359270001,0,0
18,328,101001000,3,0.9661585353,0.1314932012,0,0
18,128,010000000,1,0.9323170781,0.08404751134,0,0
18,136,010001000,2,0.9556402415,0.08872172865,0,0
18,256,100000000,1,0.8653963432,0.05144251033,0,0
18,256,100000000,1,0.8653963432,0.05144251033,0,0
18,328,101001000,3,0.9661585353,0.1314932012,0,0
18,256,100000000,1,0.8653963432,0.05144251033,0,0
18,256,100000000,1,0.8653963432,0.05144251033,0,0
18,394,110001010,4,0.9682926834,0.1485241046,0,0
18,256,100000000,1,0.8653963432,0.05144251033,0,0
18,328,101001000,3,0.9661585353,0.1314932012,0,0
18,170,010101010,4,0.9583841376,0.1237906108,0,0
18,128,010000000,1,0.9323170781,0.08404751134,0,0
18,328,101001000,3,0.9661585353,0.1314932012,0,0
18,136,010001000,2,0.9556402415,0.08872172865,0,0
18,256,100000000,1,0.8653963432,0.05144251033,0,0
18,136,010001000,2,0.9556402415,0.08872172865,0,0
18,459,111001011,6,0.9693597592,0.1673336257,0,0
18,4,000000100,1,0.9094512276,0.06868225115,0,0
18,256,100000000,1,0.8653963432,0.05144251033,0,0
18,138,010001010,3,0.9580792598,0.1175190397,0,0
18,256,100000000,1,0.8653963432,0.05144251033,0,0
18,256,100000000,1,0.8653963432,0.05144251033,0,0
18,136,010001000,2,0.9556402415,0.08872172865,0,0
18,328,101001000,3,0.9661585353,0.1314932012,0,0
18,256,100000000,1,0.8653963432,0.05144251033,0,0
18,170,010101010,4,0.9583841376,0.1237906108,0,0
18,256,100000000,1,0.8653963432,0.05144251033,0,0
18,328,101001000,3,0.9661585353,0.1314932012,0,0
18,256,100000000,1,0.8653963432,0.05144251033,0,0
18,170,010101010,4,0.9583841376,0.1237906108,0,0
18,128,010000000,1,0.9323170781,0.08404751134,0,0
18,136,010001000,2,0.9556402415,0.08872172865,0,0
18,394,110001010,4,0.9682926834,0.1485241046,0,0
18,266,100001010,3,0.9663109817,0.1359270001,0,0
18,459,111001011,6,0.9693597592,0.1673336257,0,0
18,463,111001111,7,0.9701219536,0.2215583678,0,0
18,136,010001000,2,0.9556402415,0.08872172865,0,0
18,136,010001000,2,0.9556402415,0.08872172865,0,0
18,128,010000000,1,0.9323170781,0.08404751134,0,0
18,463,111001111,7,0.9701219536,0.2215583678,0,0
18,4,000000100,1,0.9094512276,0.06868225115,0,0
18,328,101001000,3,0.9661585353,0.1314932012,0,0
18,463,111001111,7,0.9701219536,0.2215583678,0,0
18,266,100001010,3,0.9663109817,0.1359270001,0,0
18,286,100011110,5,0.9696646333,0.1719646058,0,0
18,136,010001000,2,0.9556402415,0.08872172865,0,0
18,128,010000000,1,0.9323170781,0.08404751134,0,0
18,266,100001010,3,0.9663109817,0.1359270001,0,0
18,4,000000100,1,0.9094512276,0.06868225115,0,0
18,463,111001111,7,0.9701219536,0.2215583678,0,0
18,4,000000100,1,0.9094512276,0.06868225115,0,0
18,4,000000100,1,0.9094512276,0.06868225115,0,0
18,170,010101010,4,0.9583841376,0.1237906108,0,0
18,136,010001000,2,0.9556402415,0.08872172865,0,0
18,328,101001000,3,0.9661585353,0.1314932012,0,0
18,286,100011110,5,0.9696646333,0.1719646058,0,0
18,256,100000000,1,0.8653963432,0.05144251033,0,0
18,136,010001000,2,0.9556402415,0.08872172865,0,0
18,463,111001111,7,0.9701219536,0.2215583678,0,0
18,128,010000000,1,0.9323170781,0.08404751134,0,0
18,128,010000000,1,0.9323170781,0.08404751134,0,0
18,328,101001000,3,0.9661585353,0.1314932012,0,0
18,463,111001111,7,0.9701219536,0.2215583678,0,0
18,128,010000000,1,0.9323170781,0.08404751134,0,0
18,463,111001111,7,0.9701219536,0.2215583678,0,0
18,256,100000000,1,0.8653963432,0.05144251033,0,0
19,463,111001111,7,0.9701219536,0.2215583678,0,inf
19,256,100000000,1,0.8653963432,0.05144251033,0,inf
19,4,000000100,1,0.9094512276,0.06868225115,0,0.5220108109
19,256,100000000,1,0.8653963432,0.05144251033,0,0.5220108109
19,128,010000000,1,0.9323170781,0.08404751134,0,0.308662907
19,4,000000100,1,0.9094512276,0.06868225115,0,0.308662907
19,286,100011110,5,0.9696646333,0.1719646058,0,0.295896174
19,463,111001111,7,0.9701219536,0.2215583678,0,0.295896174
19,136,010001000,2,0.9556402415,0.08872172865,0,0.2501840222
19,128,010000000,1,0.9323170781,0.08404751134,0,0.2501840222
19,136,010001000,2,0.9556402415,0.08872172865,0,0.1925701872
19,138,010001010,3,0.9580792598,0.1175190397,0,0.1925701872
19,170,010101010,4,0.9583841376,0.1237906108,0,0.1195143764
19,328,101001000,3,0.9661585353,0.1314932012,0,0.1195143764
19,394,110001010,4,0.9682926834,0.1485241046,0,0.09645812205
19,299,100101011,5,0.9684451278,0.1646855306,0,0.09645812205
19,394,110001010,4,0.9682926834,0.1485241046,0,0.09297294788
19,266,100001010,3,0.9663109817,0.1359270001,0,0.09297294788
19,138,010001010,3,0.9580792598,0.1175190397,0,0.03977767534
19,170,010101010,4,0.9583841376,0.1237906108,0,0.03977767534
19,286,100011110,5,0.9696646333,0.1719646058,0,0.03013367655
19,459,111001011,6,0.9693597592,0.1673336257,0,0.03013367655
19,328,101001000,3,0.9661585353,0.1314932012,0,0.02751908085
19,266,100001010,3,0.9663109817,0.1359270001,0,0.02751908085
19,459,111001011,6,0.9693597592,0.1673336257,0,0.02430001974
19,299,100101011,5,0.9684451278,0.1646855306,0,0.02430001974
19,256,100000000,1,0.8653963432,0.05144251033,0,0
19,299,100101011,5,0.9684451278,0.1646855306,0,0
19,463,111001111,7,0.9701219536,0.2215583678,0,0
19,266,100001010,3,0.9663109817,0.1359270001,0,0
19,459,111001011,6,0.9693597592,0.1673336257,0,0
19,299,100101011,5,0.9684451278,0.1646855306,0,0
19,256,100000000,1,0.8653963432,0.05144251033,0,0
19,266,100001010,3,0.9663109817,0.1359270001,0,0
19,328,101001000,3,0.9661585353,0.1314932012,0,0
19,266,100001010,3,0.9663109817,0.1359270001,0,0
19,459,111001011,6,0.9693597592,0.1673336257,0,0
19,256,100000000,1,0.8653963432,0.05144251033,0,0
19,266,100001010,3,0.9663109817,0.1359270001,0,0
19,286,100011110,5,0.9696646333,0.1719646058,0,0
19,256,100000000,1,0.8653963432,0.05144251033,0,0
19,256,100000000,1,0.8653963432,0.05144251033,0,0
19,299,100101011,5,0.9684451278,0.1646855306,0,0
19,266,100001010,3,0.9663109817,0.1359270001,0,0
19,128,010000000,1,0.9323170781,0.08404751134,0,0
19,394,110001010,4,0.9682926834,0.1485241046,0,0
19,266,100001010,3,0.9663109817,0.1359270001,0,0
19,128,010000000,1,0.9323170781,0.08404751134,0,0
19,266,100001010,3,0.9663109817,0.1359270001,0,0
19,128,010000000,1,0.9323170781,0.08404751134,0,0
19,328,101001000,3,0.9661585353,0.1314932012,0,0
19,170,010101010,4,0.9583841376,0.1237906108,0,0
19,266,100001010,3,0.9663109817,0.1359270001,0,0
19,256,100000000,1,0.8653963432,0.05144251033,0,0
19,328,101001000,3,0.9661585353,0.1314932012,0,0
19,4,000000100,1,0.9094512276,0.06868225115,0,0
19,256,100000000,1,0.8653963432,0.05144251033,0,0
19,266,100001010,3,0.9663109817,0.1359270001,0,0
19,256,100000000,1,0.8653963432,0.05144251033,0,0
19,136,010001000,2,0.9556402415,0.08872172865,0,0
19,394,110001010,4,0.9682926834,0.1485241046,0,0
19,266,100001010,3,0.9663109817,0.1359270001,0,0
19,256,100000000,1,0.8653963432,0.05144251033,0,0
19,459,111001011,6,0.9693597592,0.1673336257,0,0
19,266,100001010,3,0.9663109817,0.1359270001,0,0
19,459,111001011,6,0.9693597592,0.1673336257,0,0
19,128,010000000,1,0.9323170781,0.08404751134,0,0
19,459,111001011,6,0.9693597592,0.1673336257,0,0
19,128,010000000,1,0.9323170781,0.08404751134,0,0
19,4,000000100,1,0.9094512276,0.06868225115,0,0
19,266,100001010,3,0.9663109817,0.1359270001,0,0
19,170,010101010,4,0.9583841376,0.1237906108,0,0
19,256,100000000,1,0.8653963432,0.05144251033,0,0
19,256,100000000,1,0.8653963432,0.05144251033,0,0
19,394,110001010,4,0.9682926834,0.1485241046,0,0
19,394,110001010,4,0.9682926834,0.1485241046,0,0
19,256,100000000,1,0.8653963432,0.05144251033,0,0
19,256,100000000,1,0.8653963432,0.05144251033,0,0
19,459,111001011,6,0.9693597592,0.1673336257,0,0
19,266,100001010,3,0.9663109817,0.1359270001,0,0
19,256,100000000,1,0.8653963432,0.05144251033,0,0
19,299,100101011,5,0.9684451278,0.1646855306,0,0
19,328,101001000,3,0.9661585353,0.1314932012,0,0
19,256,100000000,1,0.8653963432,0.05144251033,0,0
19,170,010101010,4,0.9583841376,0.1237906108,0,0
19,394,110001010,4,0.9682926834,0.1485241046,0,0
19,299,100101011,5,0.9684451278,0.1646855306,0,0
19,394,110001010,4,0.9682926834,0.1485241046,0,0
19,394,110001010,4,0.9682926834,0.1485241046,0,0
19,394,110001010,4,0.9682926834,0.1485241046,0,0
19,256,100000000,1,0.8653963432,0.05144251033,0,0
19,256,100000000,1,0.8653963432,0.05144251033,0,0
19,256,100000000,1,0.8653963432,0.05144251033,0,0
19,136,010001000,2,0.9556402415,0.08872172865,0,0
19,266,100001010,3,0.9663109817,0.1359270001,0,0
19,328,101001000,3,0.9661585353,0.1314932012,0,0
19,256,100000000,1,0.8653963432,0.05144251033,0,0
19,136,010001000,2,0.9556402415,0.08872172865,0,0
19,256,100000000,1,0.8653963432,0.05144251033,0,0
19,256,100000000,1,0.8653963432,0.05144251033,0,0
19,328,101001000,3,0.9661585353,0.1314932012,0,0
19,170,010101010,4,0.9583841376,0.1237906108,0,0
19,256,100000000,1,0.8653963432,0.05144251033,0,0
19,138,010001010,3,0.9580792598,0.1175190397,0,0
19,256,100000000,1,0.8653963432,0.05144251033,0,0
19,328,101001000,3,0.9661585353,0.1314932012,0,0
19,170,010101010,4,0.9583841376,0.1237906108,0,0
19,128,010000000,1,0.9323170781,0.08404751134,0,0
19,328,101001000,3,0.9661585353,0.1314932012,0,0
19,136,010001000,2,0.9556402415,0.08872172865,0,0
19,256,100000000,1,0.8653963432,0.05144251033,0,0
19,136,010001000,2,0.9556402415,0.08872172865,0,0
19,459,111001011,6,0.9693597592,0.1673336257,0,0
19,4,000000100,1,0.9094512276,0.06868225115,0,0
19,256,100000000,1,0.8653963432,0.05144251033,0,0
19,128,010000000,1,0.9323170781,0.08404751134,0,0
19,256,100000000,1,0.8653963432,0.05144251033,0,0
19,256,100000000,1,0.8653963432,0.05144251033,0,0
19,136,010001000,2,0.9556402415,0.08872172865,0,0
19,328,101001000,3,0.9661585353,0.1314932012,0,0
19,256,100000000,1,0.8653963432,0.05144251033,0,0
19,170,010101010,4,0.9583841376,0.1237906108,0,0
19,256,100000000,1,0.8653963432,0.05144251033,0,0
19,328,101001000,3,0.9661585353,0.1314932012,0,0
19,256,100000000,1,0.8653963432,0.05144251033,0,0
19,170,010101010,4,0.9583841376,0.1237906108,0,0
19,136,010001000,2,0.9556402415,0.08872172865,0,0
19,136,010001000,2,0.9556402415,0.08872172865,0,0
19,394,110001010,4,0.9682926834,0.1485241046,0,0
19,266,100001010,3,0.9663109817,0.1359270001,0,0
19,459,111001011,6,0.9693597592,0.1673336257,0,0
19,463,111001111,7,0.9701219536,0.2215583678,0,0
19,286,100011110,5,0.9696646333,0.1719646058,0,0
19,136,010001000,2,0.9556402415,0.08872172865,0,0
19,128,010000000,1,0.9323170781,0.08404751134,0,0
19,463,111001111,7,0.9701219536,0.2215583678,0,0
19,4,000000100,1,0.9094512276,0.06868225115,0,0
19,328,101001000,3,0.9661585353,0.1314932012,0,0
19,463,111001111,7,0.9701219536,0.2215583678,0,0
19,266,100001010,3,0.9663109817,0.1359270001,0,0
19,128,010000000,1,0.9323170781,0.08404751134,0,0
19,136,010001000,2,0.9556402415,0.08872172865,0,0
19,128,010000000,1,0.9323170781,0.08404751134,0,0
19,266,100001010,3,0.9663109817,0.1359270001,0,0
19,4,000000100,1,0.9094512276,0.06868225115,0,0
19,463,111001111,7,0.9701219536,0.2215583678,0,0
19,4,000000100,1,0.9094512276,0.06868225115,0,0
19,4,000000100,1,0.9094512276,0.06868225115,0,0
19,170,010101010,4,0.9583841376,0.1237906108,0,0
19,136,010001000,2,0.9556402415,0.08872172865,0,0
19,4,000000100,1,0.9094512276,0.06868225115,0,0
19,286,100011110,5,0.9696646333,0.1719646058,0,0
19,256,100000000,1,0.8653963432,0.05144251033,0,0
19,136,010001000,2,0.9556402415,0.08872172865,0,0
19,463,111001111,7,0.9701219536,0.2215583678,0,0
19,256,100000000,1,0.8653963432,0.05144251033,0,0
19,128,010000000,1,0.9323170781,0.08404751134,0,0
19,328,101001000,3,0.9661585353,0.1314932012,0,0
19,463,111001111,7,0.9701219536,0.2215583678,0,0
19,128,010000000,1,0.9323170781,0.08404751134,0,0
19,463,111001111,7,0.9701219536,0.2215583678,0,0
19,256,100000000,1,0.8653963432,0.05144251033,0,0
20,463,111001111,7,0.9701219536,0.2215583678,0,inf
20,256,100000000,1,0.8653963432,0.05144251033,0,inf
20,4,000000100,1,0.9094512276,0.06868225115,0,0.5220108109
20,256,100000000,1,0.8653963432,0.05144251033,0,0.5220108109
20,128,010000000,1,0.9323170781,0.08404751134,0,0.308662907
20,4,000000100,1,0.9094512276,0.06868225115,0,0.308662907
20,286,100011110,5,0.9696646333,0.1719646058,0,0.295896174
20,463,111001111,7,0.9701219536,0.2215583678,0,0.295896174
20,128,010000000,1,0.9323170781,0.08404751134,0,0.2501840222
20,136,010001000,2,0.9556402415,0.08872172865,0,0.2501840222
20,138,010001010,3,0.9580792598,0.1175190397,0,0.1925701872
20,136,010001000,2,0.9556402415,0.08872172865,0,0.1925701872
20,328,101001000,3,0.9661585353,0.1314932012,0,0.1195143764
20,170,010101010,4,0.9583841376,0.1237906108,0,0.1195143764
20,299,100101011,5,0.9684451278,0.1646855306,0,0.09645812205
20,394,110001010,4,0.9682926834,0.1485241046,0,0.09645812205
20,266,100001010,3,0.9663109817,0.1359270001,0,0.09297294788
20,394,110001010,4,0.9682926834,0.1485241046,0,0.09297294788
20,138,010001010,3,0.9580792598,0.1175190397,0,0.03977767534
20,170,010101010,4,0.9583841376,0.1237906108,0,0.03977767534
20,286,100011110,5,0.9696646333,0.1719646058,0,0.03013367655
20,459,111001011,6,0.9693597592,0.1673336257,0,0.03013367655
20,328,101001000,3,0.9661585353,0.1314932012,0,0.02751908085
20,266,100001010,3,0.9663109817,0.1359270001,0,0.02751908085
20,299,100101011,5,0.9684451278,0.1646855306,0,0.02430001974
20,459,111001011,6,0.9693597592,0.1673336257,0,0.02430001974
20,328,101001000,3,0.9661585353,0.1314932012,0,0
20,4,000000100,1,0.9094512276,0.06868225115,0,0
20,256,100000000,1,0.8653963432,0.05144251033,0,0
20,266,100001010,3,0.9663109817,0.1359270001,0,0
20,299,100101011,5,0.9684451278,0.1646855306,0,0
20,459,111001011,6,0.9693597592,0.1673336257,0,0
20,256,100000000,1,0.8653963432,0.05144251033,0,0
20,266,100001010,3,0.9663109817,0.1359270001,0,0
20,328,101001000,3,0.9661585353,0.1314932012,0,0
20,266,100001010,3,0.9663109817,0.1359270001,0,0
20,459,111001011,6,0.9693597592,0.1673336257,0,0
20,256,100000000,1,0.8653963432,0.05144251033,0,0
20,266,100001010,3,0.9663109817,0.1359270001,0,0
20,286,100011110,5,0.9696646333,0.1719646058,0,0
20,256,100000000,1,0.8653963432,0.05144251033,0,0
20,256,100000000,1,0.8653963432,0.05144251033,0,0
20,266,100001010,3,0.9663109817,0.1359270001,0,0
20,266,100001010,3,0.9663109817,0.1359270001,0,0
20,128,010000000,1,0.9323170781,0.08404751134,0,0
20,394,110001010,4,0.9682926834,0.1485241046,0,0
20,266,100001010,3,0.9663109817,0.1359270001,0,0
20,128,010000000,1,0.9323170781,0.08404751134,0,0
20,266,100001010,3,0.9663109817,0.1359270001,0,0
20,128,010000000,1,0.9323170781,0.08404751134,0,0
20,328,101001000,3,0.9661585353,0.1314932012,0,0
20,170,010101010,4,0.9583841376,0.1237906108,0,0
20,328,101001000,3,0.9661585353,0.1314932012,0,0
20,256,100000000,1,0.8653963432,0.05144251033,0,0
20,328,101001000,3,0.9661585353,0.1314932012,0,0
20,4,000000100,1,0.9094512276,0.06868225115,0,0
20,256,100000000,1,0.8653963432,0.05144251033,0,0
20,266,100001010,3,0.9663109817,0.1359270001,0,0
20,256,100000000,1,0.8653963432,0.05144251033,0,0
20,136,010001000,2,0.9556402415,0.08872172865,0,0
20,394,110001010,4,0.9682926834,0.1485241046,0,0
20,266,100001010,3,0.9663109817,0.1359270001,0,0
20,256,100000000,1,0.8653963432,0.05144251033,0,0
20,459,111001011,6,0.9693597592,0.1673336257,0,0
20,266,100001010,3,0.9663109817,0.1359270001,0,0
20,459,111001011,6,0.9693597592,0.1673336257,0,0
20,128,010000000,1,0.9323170781,0.08404751134,0,0
20,459,111001011,6,0.9693597592,0.1673336257,0,0
20,128,010000000,1,0.9323170781,0.08404751134,0,0
20,266,100001010,3,0.9663109817,0.1359270001,0,0
20,266,100001010,3,0.9663109817,0.1359270001,0,0
20,170,010101010,4,0.9583841376,0.1237906108,0,0
20,256,100000000,1,0.8653963432,0.05144251033,0,0
20,256,100000000,1,0.8653963432,0.05144251033,0,0
20,394,110001010,4,0.9682926834,0.1485241046,0,0
20,394,110001010,4,0.9682926834,0.1485241046,0,0
20,299,100101011,5,0.9684451278,0.1646855306,0,0
20,256,100000000,1,0.8653963432,0.05144251033,0,0
20,459,111001011,6,0.9693597592,0.1673336257,0,0
20,266,100001010,3,0.9663109817,0.1359270001,0,0
20,256,100000000,1,0.8653963432,0.05144251033,0,0
20,256,100000000,1,0.8653963432,0.05144251033,0,0
20,394,110001010,4,0.9682926834,0.1485241046,0,0
20,256,100000000,1,0.8653963432,0.05144251033,0,0
20,170,010101010,4,0.9583841376,0.1237906108,0,0
20,394,110001010,4,0.9682926834,0.1485241046,0,0
20,299,100101011,5,0.9684451278,0.1646855306,0,0
20,394,110001010,4,0.9682926834,0.1485241046,0,0
20,394,110001010,4,0.9682926834,0.1485241046,0,0
20,170,010101010,4,0.9583841376,0.1237906108,0,0
20,256,100000000,1,0.8653963432,0.05144251033,0,0
20,256,100000000,1,0.8653963432,0.05144251033,0,0
20,256,100000000,1,0.8653963432,0.05144251033,0,0
20,136,010001000,2,0.9556402415,0.08872172865,0,0
20,266,100001010,3,0.9663109817,0.1359270001,0,0
20,299,100101011,5,0.9684451278,0.1646855306,0,0
20,256,100000000,1,0.8653963432,0.05144251033,0,0
20,136,010001000,2,0.9556402415,0.08872172865,0,0
20,256,100000000,1,0.8653963432,0.05144251033,0,0
20,256,100000000,1,0.8653963432,0.05144251033,0,0
20,328,101001000,3,0.9661585353,0.1314932012,0,0
20,170,010101010,4,0.9583841376,0.1237906108,0,0
20,256,100000000,1,0.8653963432,0.05144251033,0,0
20,138,010001010,3,0.9580792598,0.1175190397,0,0
20,138,010001010,3,0.9580792598,0.1175190397,0,0
20,328,101001000,3,0.9661585353,0.1314932012,0,0
20,170,010101010,4,0.9583841376,0.1237906108,0,0
20,128,010000000,1,0.9323170781,0.08404751134,0,0
20,328,101001000,3,0.9661585353,0.1314932012,0,0
20,136,010001000,2,0.9556402415,0.08872172865,0,0
20,256,100000000,1,0.8653963432,0.05144251033,0,0
20,136,010001000,2,0.9556402415,0.08872172865,0,0
20,459,111001011,6,0.9693597592,0.1673336257,0,0
20,128,010000000,1,0.9323170781,0.08404751134,0,0
20,256,100000000,1,0.8653963432,0.05144251033,0,0
20,128,010000000,1,0.9323170781,0.08404751134,0,0
20,256,100000000,1,0.8653963432,0.05144251033,0,0
20,256,100000000,1,0.8653963432,0.05144251033,0,0
20,136,010001000,2,0.9556402415,0.08872172865,0,0
20,328,101001000,3,0.9661585353,0.1314932012,0,0
20,256,100000000,1,0.8653963432,0.05144251033,0,0
20,463,111001111,7,0.9701219536,0.2215583678,0,0
20,256,100000000,1,0.8653963432,0.05144251033,0,0
20,286,100011110,5,0.9696646333,0.1719646058,0,0
20,256,100000000,1,0.8653963432,0.05144251033,0,0
20,170,010101010,4,0.9583841376,0.1237906108,0,0
20,136,010001000,2,0.9556402415,0.08872172865,0,0
20,136,010001000,2,0.9556402415,0.08872172865,0,0
20,394,110001010,4,0.9682926834,0.1485241046,0,0
20,266,100001010,3,0.9663109817,0.1359270001,0,0
20,459,111001011,6,0.9693597592,0.1673336257,0,0
20,463,111001111,7,0.9701219536,0.2215583678,0,0
20,286,100011110,5,0.9696646333,0.1719646058,0,0
20,136,010001000,2,0.9556402415,0.08872172865,0,0
20,128,010000000,1,0.9323170781,0.08404751134,0,0
20,463,111001111,7,0.9701219536,0.2215583678,0,0
20,4,000000100,1,0.9094512276,0.06868225115,0,0
20,328,101001000,3,0.9661585353,0.1314932012,0,0
20,463,111001111,7,0.9701219536,0.2215583678,0,0
20,266,100001010,3,0.9663109817,0.1359270001,0,0
20,4,000000100,1,0.9094512276,0.06868225115,0,0
20,136,010001000,2,0.9556402415,0.08872172865,0,0
20,128,010000000,1,0.9323170781,0.08404751134,0,0
20,128,010000000,1,0.9323170781,0.08404751134,0,0
20,4,000000100,1,0.9094512276,0.06868225115,0,0
20,463,111001111,7,0.9701219536,0.2215583678,0,0
20,4,000000100,1,0.9094512276,0.06868225115,0,0
20,4,000000100,1,0.9094512276,0.06868225115,0,0
20,170,010101010,4,0.9583841376,0.1237906108,0,0
20,136,010001000,2,0.9556402415,0.08872172865,0,0
20,4,000000100,1,0.9094512276,0.06868225115,0,0
20,256,100000000,1,0.8653963432,0.05144251033,0,0
20,256,100000000,1,0.8653963432,0.05144251033,0,0
20,136,010001000,2,0.9556402415,0.08872172865,0,0
20,463,111001111,7,0.9701219536,0.2215583678,0,0
20,256,100000000,1,0.8653963432,0.05144251033,0,0
20,128,010000000,1,0.9323170781,0.08404751134,0,0
20,328,101001000,3,0.9661585353,0.1314932012,0,0
20,463,111001111,7,0.9701219536,0.2215583678,0,0
20,4,000000100,1,0.9094512276,0.06868225115,0,0
20,463,111001111,7,0.9701219536,0.2215583678,0,0
20,256,100000000,1,0.8653963432,0.05144251033,0,0
21,256,100000000,1,0.8653963432,0.05144251033,0,inf
21,463,111001111,7,0.9701219536,0.2215583678,0,inf
21,4,000000100,1,0.9094512276,0.06868225115,0,0.5220108109
21,256,100000000,1,0.8653963432,0.05144251033,0,0.5220108109
21,4,000000100,1,0.9094512276,0.06868225115,0,0.308662907
21,128,010000000,1,0.9323170781,0.08404751134,0,0.308662907
21,463,111001111,7,0.9701219536,0.2215583678,0,0.295896174
21,286,100011110,5,0.9696646333,0.1719646058,0,0.295896174
21,136,010001000,2,0.9556402415,0.08872172865,0,0.2501840222
21,128,010000000,1,0.9323170781,0.08404751134,0,0.2501840222
21,138,010001010,3,0.9580792598,0.1175190397,0,0.1925701872
21,136,010001000,2,0.9556402415,0.08872172865,0,0.1925701872
21,170,010101010,4,0.9583841376,0.1237906108,0,0.1195143764
21,328,101001000,3,0.9661585353,0.1314932012,0,0.1195143764
21,299,100101011,5,0.9684451278,0.1646855306,0,0.09645812205
21,394,110001010,4,0.9682926834,0.1485241046,0,0.09645812205
21,394,110001010,4,0.9682926834,0.1485241046,0,0.09297294788
21,266,100001010,3,0.9663109817,0.1359270001,0,0.09297294788
21,170,010101010,4,0.9583841376,0.1237906108,0,0.03977767534
21,138,010001010,3,0.9580792598,0.1175190397,0,0.03977767534
21,286,100011110,5,0.9696646333,0.1719646058,0,0.03013367655
21,459,111001011,6,0.9693597592,0.1673336257,0,0.03013367655
21,266,100001010,3,0.9663109817,0.1359270001,0,0.02751908085
21,328,101001000,3,0.9661585353,0.1314932012,0,0.02751908085
21,459,111001011,6,0.9693597592,0.1673336257,0,0.02430001974
21,299,100101011,5,0.9684451278,0.1646855306,0,0.02430001974
21,256,100000000,1,0.8653963432,0.05144251033,0,0
21,328,101001000,3,0.9661585353,0.1314932012,0,0
21,256,100000000,1,0.8653963432,0.05144251033,0,0
21,266,100001010,3,0.9663109817,0.1359270001,0,0
21,299,100101011,5,0.9684451278,0.1646855306,0,0
21,459,111001011,6,0.9693597592,0.1673336257,0,0
21,256,100000000,1,0.8653963432,0.05144251033,0,0
21,266,100001010,3,0.9663109817,0.1359270001,0,0
21,459,111001011,6,0.9693597592,0.1673336257,0,0
21,266,100001010,3,0.9663109817,0.1359270001,0,0
21,459,111001011,6,0.9693597592,0.1673336257,0,0
21,256,100000000,1,0.8653963432,0.05144251033,0,0
21,266,100001010,3,0.9663109817,0.1359270001,0,0
21,286,100011110,5,0.9696646333,0.1719646058,0,0
21,256,100000000,1,0.8653963432,0.05144251033,0,0
21,256,100000000,1,0.8653963432,0.05144251033,0,0
21,299,100101011,5,0.9684451278,0.1646855306,0,0
21,266,100001010,3,0.9663109817,0.1359270001,0,0
21,328,101001000,3,0.9661585353,0.1314932012,0,0
21,394,110001010,4,0.9682926834,0.1485241046,0,0
21,266,100001010,3,0.9663109817,0.1359270001,0,0
21,459,111001011,6,0.9693597592,0.1673336257,0,0
21,266,100001010,3,0.9663109817,0.1359270001,0,0
21,128,010000000,1,0.9323170781,0.08404751134,0,0
21,328,101001000,3,0.9661585353,0.1314932012,0,0
21,170,010101010,4,0.9583841376,0.1237906108,0,0
21,328,101001000,3,0.9661585353,0.1314932012,0,0
21,256,100000000,1,0.8653963432,0.05144251033,0,0
21,328,101001000,3,0.9661585353,0.1314932012,0,0
21,4,000000100,1,0.9094512276,0.06868225115,0,0
21,256,100000000,1,0.8653963432,0.05144251033,0,0
21,266,100001010,3,0.9663109817,0.1359270001,0,0
21,256,100000000,1,0.8653963432,0.05144251033,0,0
21,136,010001000,2,0.9556402415,0.08872172865,0,0
21,394,110001010,4,0.9682926834,0.1485241046,0,0
21,266,100001010,3,0.9663109817,0.1359270001,0,0
21,256,100000000,1,0.8653963432,0.05144251033,0,0
21,459,111001011,6,0.9693597592,0.1673336257,0,0
21,266,100001010,3,0.9663109817,0.1359270001,0,0
21,459,111001011,6,0.9693597592,0.1673336257,0,0
21,128,010000000,1,0.9323170781,0.08404751134,0,0
21,286,100011110,5,0.9696646333,0.1719646058,0,0
21,128,010000000,1,0.9323170781,0.08404751134,0,0
21,266,100001010,3,0.9663109817,0.1359270001,0,0
21,266,100001010,3,0.9663109817,0.1359270001,0,0
21,170,010101010,4,0.9583841376,0.1237906108,0,0
21,256,100000000,1,0.8653963432,0.05144251033,0,0
21,256,100000000,1,0.8653963432,0.05144251033,0,0
21,394,110001010,4,0.9682926834,0.1485241046,0,0
21,394,110001010,4,0.9682926834,0.1485241046,0,0
21,299,100101011,5,0.9684451278,0.1646855306,0,0
21,256,100000000,1,0.8653963432,0.05144251033,0,0
21,459,111001011,6,0.9693597592,0.1673336257,0,0
21,266,100001010,3,0.9663109817,0.1359270001,0,0
21,256,100000000,1,0.8653963432,0.05144251033,0,0
21,256,100000000,1,0.8653963432,0.05144251033,0,0
21,256,100000000,1,0.8653963432,0.05144251033,0,0
21,170,010101010,4,0.9583841376,0.1237906108,0,0
21,170,010101010,4,0.9583841376,0.1237906108,0,0
21,394,110001010,4,0.9682926834,0.1485241046,0,0
21,394,110001010,4,0.9682926834,0.1485241046,0,0
21,394,110001010,4,0.9682926834,0.1485241046,0,0
21,266,100001010,3,0.9663109817,0.1359270001,0,0
21,299,100101011,5,0.9684451278,0.1646855306,0,0
21,170,010101010,4,0.9583841376,0.1237906108,0,0
21,256,100000000,1,0.8653963432,0.05144251033,0,0
21,256,100000000,1,0.8653963432,0.05144251033,0,0
21,136,010001000,2,0.9556402415,0.08872172865,0,0
21,266,100001010,3,0.9663109817,0.1359270001,0,0
21,328,101001000,3,0.9661585353,0.1314932012,0,0
21,328,101001000,3,0.9661585353,0.1314932012,0,0
21,136,010001000,2,0.9556402415,0.08872172865,0,0
21,256,100000000,1,0.8653963432,0.05144251033,0,0
21,256,100000000,1,0.8653963432,0.05144251033,0,0
21,328,101001000,3,0.9661585353,0.1314932012,0,0
21,136,010001000,2,0.9556402415,0.08872172865,0,0
21,256,100000000,1,0.8653963432,0.05144251033,0,0
21,138,010001010,3,0.9580792598,0.1175190397,0,0
21,138,010001010,3,0.9580792598,0.1175190397,0,0
21,328,101001000,3,0.9661585353,0.1314932012,0,0
21,170,010101010,4,0.9583841376,0.1237906108,0,0
21,128,010000000,1,0.9323170781,0.08404751134,0,0
21,328,101001000,3,0.9661585353,0.1314932012,0,0
21,136,010001000,2,0.9556402415,0.08872172865,0,0
21,256,100000000,1,0.8653963432,0.05144251033,0,0
21,136,010001000,2,0.9556402415,0.08872172865,0,0
21,128,010000000,1,0.9323170781,0.08404751134,0,0
21,128,010000000,1,0.9323170781,0.08404751134,0,0
21,256,100000000,1,0.8653963432,0.05144251033,0,0
21,128,010000000,1,0.9323170781,0.08404751134,0,0
21,256,100000000,1,0.8653963432,0.05144251033,0,0
21,256,100000000,1,0.8653963432,0.05144251033,0,0
21,136,010001000,2,0.9556402415,0.08872172865,0,0
21,328,101001000,3,0.9661585353,0.1314932012,0,0
21,256,100000000,1,0.8653963432,0.05144251033,0,0
21,463,111001111,7,0.9701219536,0.2215583678,0,0
21,256,100000000,1,0.8653963432,0.05144251033,0,0
21,463,111001111,7,0.9701219536,0.2215583678,0,0
21,256,100000000,1,0.8653963432,0.05144251033,0,0
21,170,010101010,4,0.9583841376,0.1237906108,0,0
21,136,010001000,2,0.9556402415,0.08872172865,0,0
21,136,010001000,2,0.9556402415,0.08872172865,0,0
21,394,110001010,4,0.9682926834,0.1485241046,0,0
21,266,100001010,3,0.9663109817,0.1359270001,0,0
21,459,111001011,6,0.9693597592,0.1673336257,0,0
21,463,111001111,7,0.9701219536,0.2215583678,0,0
21,286,100011110,5,0.9696646333,0.1719646058,0,0
21,136,010001000,2,0.9556402415,0.08872172865,0,0
21,128,010000000,1,0.9323170781,0.08404751134,0,0
21,463,111001111,7,0.9701219536,0.2215583678,0,0
21,4,000000100,1,0.9094512276,0.06868225115,0,0
21,328,101001000,3,0.9661585353,0.1314932012,0,0
21,463,111001111,7,0.9701219536,0.2215583678,0,0
21,266,100001010,3,0.9663109817,0.1359270001,0,0
21,4,000000100,1,0.9094512276,0.06868225115,0,0
21,136,010001000,2,0.9556402415,0.08872172865,0,0
21,128,010000000,1,0.9323170781,0.08404751134,0,0
21,128,010000000,1,0.9323170781,0.08404751134,0,0
21,4,000000100,1,0.9094512276,0.06868225115,0,0
21,4,000000100,1,0.9094512276,0.06868225115,0,0
21,4,000000100,1,0.9094512276,0.06868225115,0,0
21,4,000000100,1,0.9094512276,0.06868225115,0,0
21,170,010101010,4,0.9583841376,0.1237906108,0,0
21,136,010001000,2,0.9556402415,0.08872172865,0,0
21,4,000000100,1,0.9094512276,0.06868225115,0,0
21,256,100000000,1,0.8653963432,0.05144251033,0,0
21,256,100000000,1,0.8653963432,0.05144251033,0,0
21,128,010000000,1,0.9323170781,0.08404751134,0,0
21,463,111001111,7,0.9701219536,0.2215583678,0,0
21,256,100000000,1,0.8653963432,0.05144251033,0,0
21,128,010000000,1,0.9323170781,0.08404751134,0,0
21,328,101001000,3,0.9661585353,0.1314932012,0,0
21,463,111001111,7,0.9701219536,0.2215583678,0,0
21,4,000000100,1,0.9094512276,0.06868225115,0,0
21,463,111001111,7,0.9701219536,0.2215583678,0,0
21,256,100000000,1,0.8653963432,0.05144251033,0,0
22,463,111001111,7,0.9701219536,0.2215583678,0,inf
22,256,100000000,1,0.8653963432,0.05144251033,0,inf
22,4,000000100,1,0.9094512276,0.06868225115,0,0.5220108109
22,256,100000000,1,0.8653963432,0.05144251033,0,0.5220108109
22,4,000000100,1,0.9094512276,0.06868225115,0,0.308662907
22,128,010000000,1,0.9323170781,0.08404751134,0,0.308662907
22,463,111001111,7,0.9701219536,0.2215583678,0,0.295896174
22,286,100011110,5,0.9696646333,0.1719646058,0,0.295896174
22,128,010000000,1,0.9323170781,0.08404751134,0,0.2501840222
22,136,010001000,2,0.9556402415,0.08872172865,0,0.2501840222
22,136,010001000,2,0.9556402415,0.08872172865,0,0.1925701872
22,138,010001010,3,0.9580792598,0.1175190397,0,0.1925701872
22,328,101001000,3,0.9661585353,0.1314932012,0,0.1195143764
22,170,010101010,4,0.9583841376,0.1237906108,0,0.1195143764
22,299,100101011,5,0.9684451278,0.1646855306,0,0.09645812205
22,394,110001010,4,0.9682926834,0.1485241046,0,0.09645812205
22,394,110001010,4,0.9682926834,0.1485241046,0,0.09297294788
22,266,100001010,3,0.9663109817,0.1359270001,0,0.09297294788
22,138,010001010,3,0.9580792598,0.1175190397,0,0.03977767534
22,170,010101010,4,0.9583841376,0.1237906108,0,0.03977767534
22,459,111001011,6,0.9693597592,0.1673336257,0,0.03013367655
22,286,100011110,5,0.9696646333,0.1719646058,0,0.03013367655
22,266,100001010,3,0.9663109817,0.1359270001,0,0.02751908085
22,328,101001000,3,0.9661585353,0.1314932012,0,0.02751908085
22,459,111001011,6,0.9693597592,0.1673336257,0,0.02430001974
22,299,100101011,5,0.9684451278,0.1646855306,0,0.02430001974
22,256,100000000,1,0.8653963432,0.05144251033,0,0
22,4,000000100,1,0.9094512276,0.06868225115,0,0
22,256,100000000,1,0.8653963432,0.05144251033,0,0
22,266,100001010,3,0.9663109817,0.1359270001,0,0
22,256,100000000,1,0.8653963432,0.05144251033,0,0
22,459,111001011,6,0.9693597592,0.1673336257,0,0
22,256,100000000,1,0.8653963432,0.05144251033,0,0
22,266,100001010,3,0.9663109817,0.1359270001,0,0
22,459,111001011,6,0.9693597592,0.1673336257,0,0
22,299,100101011,5,0.9684451278,0.1646855306,0,0
22,459,111001011,6,0.9693597592,0.1673336257,0,0
22,459,111001011,6,0.9693597592,0.1673336257,0,0
22,266,100001010,3,0.9663109817,0.1359270001,0,0
22,286,100011110,5,0.9696646333,0.1719646058,0,0
22,328,101001000,3,0.9661585353,0.1314932012,0,0
22,256,100000000,1,0.8653963432,0.05144251033,0,0
22,299,100101011,5,0.9684451278,0.1646855306,0,0
22,266,100001010,3,0.9663109817,0.1359270001,0,0
22,328,101001000,3,0.9661585353,0.1314932012,0,0
22,394,110001010,4,0.9682926834,0.1485241046,0,0
22,266,100001010,3,0.9663109817,0.1359270001,0,0
22,459,111001011,6,0.9693597592,0.1673336257,0,0
22,266,100001010,3,0.9663109817,0.1359270001,0,0
22,128,010000000,1,0.9323170781,0.08404751134,0,0
22,328,101001000,3,0.9661585353,0.1314932012,0,0
22,170,010101010,4,0.9583841376,0.1237906108,0,0
22,328,101001000,3,0.9661585353,0.1314932012,0,0
22,256,100000000,1,0.8653963432,0.05144251033,0,0
22,328,101001000,3,0.9661585353,0.1314932012,0,0
22,4,000000100,1,0.9094512276,0.06868225115,0,0
22,256,100000000,1,0.8653963432,0.05144251033,0,0
22,266,100001010,3,0.9663109817,0.1359270001,0,0
22,256,100000000,1,0.8653963432,0.05144251033,0,0
22,136,010001000,2,0.9556402415,0.08872172865,0,0
22,394,110001010,4,0.9682926834,0.1485241046,0,0
22,266,100001010,3,0.9663109817,0.1359270001,0,0
22,256,100000000,1,0.8653963432,0.05144251033,0,0
22,266,100001010,3,0.9663109817,0.1359270001,0,0
22,459,111001011,6,0.9693597592,0.1673336257,0,0
22,286,100011110,5,0.9696646333,0.1719646058,0,0
22,128,010000000,1,0.9323170781,0.08404751134,0,0
22,138,010001010,3,0.9580792598,0.1175190397,0,0
22,128,010000000,1,0.9323170781,0.08404751134,0,0
22,266,100001010,3,0.9663109817,0.1359270001,0,0
22,266,100001010,3,0.9663109817,0.1359270001,0,0
22,170,010101010,4,0.9583841376,0.1237906108,0,0
22,256,100000000,1,0.8653963432,0.05144251033,0,0
22,256,100000000,1,0.8653963432,0.05144251033,0,0
22,266,100001010,3,0.9663109817,0.1359270001,0,0
22,394,110001010,4,0.9682926834,0.1485241046,0,0
22,299,100101011,5,0.9684451278,0.1646855306,0,0
22,256,100000000,1,0.8653963432,0.05144251033,0,0
22,459,111001011,6,0.9693597592,0.1673336257,0,0
22,266,100001010,3,0.9663109817,0.1359270001,0,0
22,256,100000000,1,0.8653963432,0.05144251033,0,0
22,256,100000000,1,0.8653963432,0.05144251033,0,0
22,256,100000000,1,0.8653963432,0.05144251033,0,0
22,170,010101010,4,0.9583841376,0.1237906108,0,0
22,170,010101010,4,0.9583841376,0.1237906108,0,0
22,394,110001010,4,0.9682926834,0.1485241046,0,0
22,394,110001010,4,0.9682926834,0.1485241046,0,0
22,394,110001010,4,0.9682926834,0.1485241046,0,0
22,266,100001010,3,0.9663109817,0.1359270001,0,0
22,299,100101011,5,0.9684451278,0.1646855306,0,0
22,394,110001010,4,0.9682926834,0.1485241046,0,0
22,256,100000000,1,0.8653963432,0.05144251033,0,0
22,256,100000000,1,0.8653963432,0.05144251033,0,0
22,136,010001000,2,0.9556402415,0.08872172865,0,0
22,266,100001010,3,0.9663109817,0.1359270001,0,0
22,328,101001000,3,0.9661585353,0.1314932012,0,0
22,328,101001000,3,0.9661585353,0.1314932012,0,0
22,136,010001000,2,0.9556402415,0.08872172865,0,0
22,256,100000000,1,0.8653963432,0.05144251033,0,0
22,256,100000000,1,0.8653963432,0.05144251033,0,0
22,328,101001000,3,0.9661585353,0.1314932012,0,0
22,136,010001000,2,0.9556402415,0.08872172865,0,0
22,256,100000000,1,0.8653963432,0.05144251033,0,0
22,138,010001010,3,0.9580792598,0.1175190397,0,0
22,328,101001000,3,0.9661585353,0.1314932012,0,0
22,328,101001000,3,0.9661585353,0.1314932012,0,0
22,170,010101010,4,0.9583841376,0.1237906108,0,0
22,128,010000000,1,0.9323170781,0.08404751134,0,0
22,170,010101010,4,0.9583841376,0.1237906108,0,0
22,136,010001000,2,0.9556402415,0.08872172865,0,0
22,256,100000000,1,0.8653963432,0.05144251033,0,0
22,136,010001000,2,0.9556402415,0.08872172865,0,0
22,128,010000000,1,0.9323170781,0.08404751134,0,0
22,128,010000000,1,0.9323170781,0.08404751134,0,0
22,256,100000000,1,0.8653963432,0.05144251033,0,0
22,128,010000000,1,0.9323170781,0.08404751134,0,0
22,256,100000000,1,0.8653963432,0.05144251033,0,0
22,256,100000000,1,0.8653963432,0.05144251033,0,0
22,136,010001000,2,0.9556402415,0.08872172865,0,0
22,136,010001000,2,0.9556402415,0.08872172865,0,0
22,256,100000000,1,0.8653963432,0.05144251033,0,0
22,463,111001111,7,0.9701219536,0.2215583678,0,0
22,256,100000000,1,0.8653963432,0.05144251033,0,0
22,463,111001111,7,0.9701219536,0.2215583678,0,0
22,256,100000000,1,0.8653963432,0.05144251033,0,0
22,170,010101010,4,0.9583841376,0.1237906108,0,0
22,136,010001000,2,0.9556402415,0.08872172865,0,0
22,136,010001000,2,0.9556402415,0.08872172865,0,0
22,394,110001010,4,0.9682926834,0.1485241046,0,0
22,266,100001010,3,0.9663109817,0.1359270001,0,0
22,459,111001011,6,0.9693597592,0.1673336257,0,0
22,128,010000000,1,0.9323170781,0.08404751134,0,0
22,286,100011110,5,0.9696646333,0.1719646058,0,0
22,136,010001000,2,0.9556402415,0.08872172865,0,0
22,128,010000000,1,0.9323170781,0.08404751134,0,0
22,463,111001111,7,0.9701219536,0.2215583678,0,0
22,4,000000100,1,0.9094512276,0.06868225115,0,0
22,328,101001000,3,0.9661585353,0.1314932012,0,0
22,463,111001111,7,0.9701219536,0.2215583678,0,0
22,266,100001010,3,0.9663109817,0.1359270001,0,0
22,4,000000100,1,0.9094512276,0.06868225115,0,0
22,4,000000100,1,0.9094512276,0.06868225115,0,0
22,256,100000000,1,0.8653963432,0.05144251033,0,0
22,128,010000000,1,0.9323170781,0.08404751134,0,0
22,4,000000100,1,0.9094512276,0.06868225115,0,0
22,4,000000100,1,0.9094512276,0.06868225115,0,0
22,463,111001111,7,0.9701219536,0.2215583678,0,0
22,4,000000100,1,0.9094512276,0.06868225115,0,0
22,170,010101010,4,0.9583841376,0.1237906108,0,0
22,136,010001000,2,0.9556402415,0.08872172865,0,0
22,4,000000100,1,0.9094512276,0.06868225115,0,0
22,256,100000000,1,0.8653963432,0.05144251033,0,0
22,256,100000000,1,0.8653963432,0.05144251033,0,0
22,128,010000000,1,0.9323170781,0.08404751134,0,0
22,463,111001111,7,0.9701219536,0.2215583678,0,0
22,256,100000000,1,0.8653963432,0.05144251033,0,0
22,128,010000000,1,0.9323170781,0.08404751134,0,0
22,328,101001000,3,0.9661585353,0.1314932012,0,0
22,463,111001111,7,0.9701219536,0.2215583678,0,0
22,4,000000100,1,0.9094512276,0.06868225115,0,0
22,463,111001111,7,0.9701219536,0.2215583678,0,0
22,256,100000000,1,0.8653963432,0.05144251033,0,0
23,463,111001111,7,0.9701219536,0.2215583678,0,inf
23,256,100000000,1,0.8653963432,0.05144251033,0,inf
23,4,000000100,1,0.9094512276,0.06868225115,0,0.5220108109
23,256,100000000,1,0.8653963432,0.05144251033,0,0.5220108109
23,128,010000000,1,0.9323170781,0.08404751134,0,0.308662907
23,4,000000100,1,0.9094512276,0.06868225115,0,0.308662907
23,463,111001111,7,0.9701219536,0.2215583678,0,0.295896174
23,286,100011110,5,0.9696646333,0.1719646058,0,0.295896174
23,136,010001000,2,0.9556402415,0.08872172865,0,0.2501840222
23,128,010000000,1,0.9323170781,0.08404751134,0,0.2501840222
23,136,010001000,2,0.9556402415,0.08872172865,0,0.1925701872
23,138,010001010,3,0.9580792598,0.1175190397,0,0.1925701872
23,170,010101010,4,0.9583841376,0.1237906108,0,0.1195143764
23,328,101001000,3,0.9661585353,0.1314932012,0,0.1195143764
23,394,110001010,4,0.9682926834,0.1485241046,0,0.09645812205
23,299,100101011,5,0.9684451278,0.1646855306,0,0.09645812205
23,394,110001010,4,0.9682926834,0.1485241046,0,0.09297294788
23,266,100001010,3,0.9663109817,0.1359270001,0,0.09297294788
23,138,010001010,3,0.9580792598,0.1175190397,0,0.03977767534
23,170,010101010,4,0.9583841376,0.1237906108,0,0.03977767534
23,459,111001011,6,0.9693597592,0.1673336257,0,0.03013367655
23,286,100011110,5,0.9696646333,0.1719646058,0,0.03013367655
23,328,101001000,3,0.9661585353,0.1314932012,0,0.02751908085
23,266,100001010,3,0.9663109817,0.1359270001,0,0.02751908085
23,459,111001011,6,0.9693597592,0.1673336257,0,0.02430001974
23,299,100101011,5,0.9684451278,0.1646855306,0,0.02430001974
23,170,010101010,4,0.9583841376,0.1237906108,0,0
23,459,111001011,6,0.9693597592,0.1673336257,0,0
23,256,100000000,1,0.8653963432,0.05144251033,0,0
23,266,100001010,3,0.9663109817,0.1359270001,0,0
23,256,100000000,1,0.8653963432,0.05144251033,0,0
23,459,111001011,6,0.9693597592,0.1673336257,0,0
23,256,100000000,1,0.8653963432,0.05144251033,0,0
23,266,100001010,3,0.9663109817,0.1359270001,0,0
23,459,111001011,6,0.9693597592,0.1673336257,0,0
23,299,100101011,5,0.9684451278,0.1646855306,0,0
23,459,111001011,6,0.9693597592,0.1673336257,0,0
23,459,111001011,6,0.9693597592,0.1673336257,0,0
23,266,100001010,3,0.9663109817,0.1359270001,0,0
23,286,100011110,5,0.9696646333,0.1719646058,0,0
23,256,100000000,1,0.8653963432,0.05144251033,0,0
23,256,100000000,1,0.8653963432,0.05144251033,0,0
23,459,111001011,6,0.9693597592,0.1673336257,0,0
23,266,100001010,3,0.9663109817,0.1359270001,0,0
23,328,101001000,3,0.9661585353,0.1314932012,0,0
23,394,110001010,4,0.9682926834,0.1485241046,0,0
23,266,100001010,3,0.9663109817,0.1359270001,0,0
23,328,101001000,3,0.9661585353,0.1314932012,0,0
23,266,100001010,3,0.9663109817,0.1359270001,0,0
23,128,010000000,1,0.9323170781,0.08404751134,0,0
23,328,101001000,3,0.9661585353,0.1314932012,0,0
23,266,100001010,3,0.9663109817,0.1359270001,0,0
23,328,101001000,3,0.9661585353,0.1314932012,0,0
23,286,100011110,5,0.9696646333,0.1719646058,0,0
23,328,101001000,3,0.9661585353,0.1314932012,0,0
23,459,111001011,6,0.9693597592,0.1673336257,0,0
23,256,100000000,1,0.8653963432,0.05144251033,0,0
23,266,100001010,3,0.9663109817,0.1359270001,0,0
23,256,100000000,1,0.8653963432,0.05144251033,0,0
23,136,010001000,2,0.9556402415,0.08872172865,0,0
23,394,110001010,4,0.9682926834,0.1485241046,0,0
23,266,100001010,3,0.9663109817,0.1359270001,0,0
23,256,100000000,1,0.8653963432,0.05144251033,0,0
23,266,100001010,3,0.9663109817,0.1359270001,0,0
23,459,111001011,6,0.9693597592,0.1673336257,0,0
23,286,100011110,5,0.9696646333,0.1719646058,0,0
23,170,010101010,4,0.9583841376,0.1237906108,0,0
23,138,010001010,3,0.9580792598,0.1175190397,0,0
23,128,010000000,1,0.9323170781,0.08404751134,0,0
23,266,100001010,3,0.9663109817,0.1359270001,0,0
23,266,100001010,3,0.9663109817,0.1359270001,0,0
23,170,010101010,4,0.9583841376,0.1237906108,0,0
23,256,100000000,1,0.8653963432,0.05144251033,0,0
23,256,100000000,1,0.8653963432,0.05144251033,0,0
23,266,100001010,3,0.9663109817,0.1359270001,0,0
23,394,110001010,4,0.9682926834,0.1485241046,0,0
23,299,100101011,5,0.9684451278,0.1646855306,0,0
23,256,100000000,1,0.8653963432,0.05144251033,0,0
23,394,110001010,4,0.9682926834,0.1485241046,0,0
23,266,100001010,3,0.9663109817,0.1359270001,0,0
23,256,100000000,1,0.8653963432,0.05144251033,0,0
23,256,100000000,1,0.8653963432,0.05144251033,0,0
23,256,100000000,1,0.8653963432,0.05144251033,0,0
23,299,100101011,5,0.9684451278,0.1646855306,0,0
23,4,000000100,1,0.9094512276,0.06868225115,0,0
23,394,110001010,4,0.9682926834,0.1485241046,0,0
23,394,110001010,4,0.9682926834,0.1485241046,0,0
23,394,110001010,4,0.9682926834,0.1485241046,0,0
23,266,100001010,3,0.9663109817,0.1359270001,0,0
23,299,100101011,5,0.9684451278,0.1646855306,0,0
23,170,010101010,4,0.9583841376,0.1237906108,0,0
23,256,100000000,1,0.8653963432,0.05144251033,0,0
23,328,101001000,3,0.9661585353,0.1314932012,0,0
23,136,010001000,2,0.9556402415,0.08872172865,0,0
23,266,100001010,3,0.9663109817,0.1359270001,0,0
23,328,101001000,3,0.9661585353,0.1314932012,0,0
23,4,000000100,1,0.9094512276,0.06868225115,0,0
23,136,010001000,2,0.9556402415,0.08872172865,0,0
23,256,100000000,1,0.8653963432,0.05144251033,0,0
23,256,100000000,1,0.8653963432,0.05144251033,0,0
23,328,101001000,3,0.9661585353,0.1314932012,0,0
23,136,010001000,2,0.9556402415,0.08872172865,0,0
23,256,100000000,1,0.8653963432,0.05144251033,0,0
23,138,010001010,3,0.9580792598,0.1175190397,0,0
23,136,010001000,2,0.9556402415,0.08872172865,0,0
23,328,101001000,3,0.9661585353,0.1314932012,0,0
23,170,010101010,4,0.9583841376,0.1237906108,0,0
23,128,010000000,1,0.9323170781,0.08404751134,0,0
23,170,010101010,4,0.9583841376,0.1237906108,0,0
23,136,010001000,2,0.9556402415,0.08872172865,0,0
23,256,100000000,1,0.8653963432,0.05144251033,0,0
23,136,010001000,2,0.9556402415,0.08872172865,0,0
23,128,010000000,1,0.9323170781,0.08404751134,0,0
23,128,010000000,1,0.9323170781,0.08404751134,0,0
23,256,100000000,1,0.8653963432,0.05144251033,0,0
23,128,010000000,1,0.9323170781,0.08404751134,0,0
23,256,100000000,1,0.8653963432,0.05144251033,0,0
23,256,100000000,1,0.8653963432,0.05144251033,0,0
23,136,010001000,2,0.9556402415,0.08872172865,0,0
23,128,010000000,1,0.9323170781,0.08404751134,0,0
23,256,100000000,1,0.8653963432,0.05144251033,0,0
23,463,111001111,7,0.9701219536,0.2215583678,0,0
23,256,100000000,1,0.8653963432,0.05144251033,0,0
23,463,111001111,7,0.9701219536,0.2215583678,0,0
23,256,100000000,1,0.8653963432,0.05144251033,0,0
23,463,111001111,7,0.9701219536,0.2215583678,0,0
23,136,010001000,2,0.9556402415,0.08872172865,0,0
23,136,010001000,2,0.9556402415,0.08872172865,0,0
23,394,110001010,4,0.9682926834,0.1485241046,0,0
23,266,100001010,3,0.9663109817,0.1359270001,0,0
23,459,111001011,6,0.9693597592,0.1673336257,0,0
23,128,010000000,1,0.9323170781,0.08404751134,0,0
23,128,010000000,1,0.9323170781,0.08404751134,0,0
23,136,010001000,2,0.9556402415,0.08872172865,0,0
23,128,010000000,1,0.9323170781,0.08404751134,0,0
23,463,111001111,7,0.9701219536,0.2215583678,0,0
23,4,000000100,1,0.9094512276,0.06868225115,0,0
23,328,101001000,3,0.9661585353,0.1314932012,0,0
23,4,000000100,1,0.9094512276,0.06868225115,0,0
23,256,100000000,1,0.8653963432,0.05144251033,0,0
23,4,000000100,1,0.9094512276,0.06868225115,0,0
23,4,000000100,1,0.9094512276,0.06868225115,0,0
23,256,100000000,1,0.8653963432,0.05144251033,0,0
23,128,010000000,1,0.9323170781,0.08404751134,0,0
23,4,000000100,1,0.9094512276,0.06868225115,0,0
23,256,100000000,1,0.8653963432,0.05144251033,0,0
23,463,111001111,7,0.9701219536,0.2215583678,0,0
23,4,000000100,1,0.9094512276,0.06868225115,0,0
23,170,010101010,4,0.9583841376,0.1237906108,0,0
23,136,010001000,2,0.9556402415,0.08872172865,0,0
23,4,000000100,1,0.9094512276,0.06868225115,0,0
23,256,100000000,1,0.8653963432,0.05144251033,0,0
23,256,100000000,1,0.8653963432,0.05144251033,0,0
23,128,010000000,1,0.9323170781,0.08404751134,0,0
23,463,111001111,7,0.9701219536,0.2215583678,0,0
23,256,100000000,1,0.8653963432,0.05144251033,0,0
23,128,010000000,1,0.9323170781,0.08404751134,0,0
23,328,101001000,3,0.9661585353,0.1314932012,0,0
23,463,111001111,7,0.9701219536,0.2215583678,0,0
23,4,000000100,1,0.9094512276,0.06868225115,0,0
23,463,111001111,7,0.9701219536,0.2215583678,0,0
23,256,100000000,1,0.8653963432,0.05144251033,0,0
24,256,100000000,1,0.8653963432,0.05144251033,0,inf
24,463,111001111,7,0.9701219536,0.2215583678,0,inf
24,256,100000000,1,0.8653963432,0.05144251033,0,0.5220108109
24,4,000000100,1,0.9094512276,0.06868225115,0,0.5220108109
24,4,000000100,1,0.9094512276,0.06868225115,0,0.308662907
24,128,010000000,1,0.9323170781,0.08404751134,0,0.308662907
24,463,111001111,7,0.9701219536,0.2215583678,0,0.295896174
24,286,100011110,5,0.9696646333,0.1719646058,0,0.295896174
24,128,010000000,1,0.9323170781,0.08404751134,0,0.2501840222
24,136,010001000,2,0.9556402415,0.08872172865,0,0.2501840222
24,136,010001000,2,0.9556402415,0.08872172865,0,0.1925701872
24,138,010001010,3,0.9580792598,0.1175190397,0,0.1925701872
24,328,101001000,3,0.9661585353,0.1314932012,0,0.1195143764
24,170,010101010,4,0.9583841376,0.1237906108,0,0.1195143764
24,299,100101011,5,0.9684451278,0.1646855306,0,0.09645812205
24,394,110001010,4,0.9682926834,0.1485241046,0,0.09645812205
24,266,100001010,3,0.9663109817,0.1359270001,0,0.09297294788
24,394,110001010,4,0.9682926834,0.1485241046,0,0.09297294788
24,138,010001010,3,0.9580792598,0.1175190397,0,0.03977767534
24,170,010101010,4,0.9583841376,0.1237906108,0,0.03977767534
24,459,111001011,6,0.9693597592,0.1673336257,0,0.03013367655
24,286,100011110,5,0.9696646333,0.1719646058,0,0.03013367655
24,328,101001000,3,0.9661585353,0.1314932012,0,0.02751908085
24,266,100001010,3,0.9663109817,0.1359270001,0,0.02751908085
24,299,100101011,5,0.9684451278,0.1646855306,0,0.02430001974
24,459,111001011,6,0.9693597592,0.1673336257,0,0.02430001974
24,299,100101011,5,0.9684451278,0.1646855306,0,0
24,256,100000000,1,0.8653963432,0.05144251033,0,0
24,256,100000000,1,0.8653963432,0.05144251033,0,0
24,266,100001010,3,0.9663109817,0.1359270001,0,0
24,256,100000000,1,0.8653963432,0.05144251033,0,0
24,459,111001011,6,0.9693597592,0.1673336257,0,0
24,256,100000000,1,0.8653963432,0.05144251033,0,0
24,266,100001010,3,0.9663109817,0.1359270001,0,0
24,459,111001011,6,0.9693597592,0.1673336257,0,0
24,299,100101011,5,0.9684451278,0.1646855306,0,0
24,459,111001011,6,0.9693597592,0.1673336257,0,0
24,459,111001011,6,0.9693597592,0.1673336257,0,0
24,266,100001010,3,0.9663109817,0.1359270001,0,0
24,286,100011110,5,0.9696646333,0.1719646058,0,0
24,328,101001000,3,0.9661585353,0.1314932012,0,0
24,459,111001011,6,0.9693597592,0.1673336257,0,0
24,459,111001011,6,0.9693597592,0.1673336257,0,0
24,266,100001010,3,0.9663109817,0.1359270001,0,0
24,328,101001000,3,0.9661585353,0.1314932012,0,0
24,394,110001010,4,0.9682926834,0.1485241046,0,0
24,266,100001010,3,0.9663109817,0.1359270001,0,0
24,328,101001000,3,0.9661585353,0.1314932012,0,0
24,266,100001010,3,0.9663109817,0.1359270001,0,0
24,170,010101010,4,0.9583841376,0.1237906108,0,0
24,328,101001000,3,0.9661585353,0.1314932012,0,0
24,266,100001010,3,0.9663109817,0.1359270001,0,0
24,328,101001000,3,0.9661585353,0.1314932012,0,0
24,138,010001010,3,0.9580792598,0.1175190397,0,0
24,328,101001000,3,0.9661585353,0.1314932012,0,0
24,266,100001010,3,0.9663109817,0.1359270001,0,0
24,256,100000000,1,0.8653963432,0.05144251033,0,0
24,266,100001010,3,0.9663109817,0.1359270001,0,0
24,256,100000000,1,0.8653963432,0.05144251033,0,0
24,136,010001000,2,0.9556402415,0.08872172865,0,0
24,394,110001010,4,0.9682926834,0.1485241046,0,0
24,266,100001010,3,0.9663109817,0.1359270001,0,0
24,256,100000000,1,0.8653963432,0.05144251033,0,0
24,266,100001010,3,0.9663109817,0.1359270001,0,0
24,459,111001011,6,0.9693597592,0.1673336257,0,0
24,286,100011110,5,0.9696646333,0.1719646058,0,0
24,170,010101010,4,0.9583841376,0.1237906108,0,0
24,394,110001010,4,0.9682926834,0.1485241046,0,0
24,299,100101011,5,0.9684451278,0.1646855306,0,0
24,266,100001010,3,0.9663109817,0.1359270001,0,0
24,266,100001010,3,0.9663109817,0.1359270001,0,0
24,170,010101010,4,0.9583841376,0.1237906108,0,0
24,256,100000000,1,0.8653963432,0.05144251033,0,0
24,256,100000000,1,0.8653963432,0.05144251033,0,0
24,266,100001010,3,0.9663109817,0.1359270001,0,0
24,394,110001010,4,0.9682926834,0.1485241046,0,0
24,299,100101011,5,0.9684451278,0.1646855306,0,0
24,256,100000000,1,0.8653963432,0.05144251033,0,0
24,394,110001010,4,0.9682926834,0.1485241046,0,0
24,394,110001010,4,0.9682926834,0.1485241046,0,0
24,256,100000000,1,0.8653963432,0.05144251033,0,0
24,256,100000000,1,0.8653963432,0.05144251033,0,0
24,256,100000000,1,0.8653963432,0.05144251033,0,0
24,328,101001000,3,0.9661585353,0.1314932012,0,0
24,170,010101010,4,0.9583841376,0.1237906108,0,0
24,4,000000100,1,0.9094512276,0.06868225115,0,0
24,128,010000000,1,0.9323170781,0.08404751134,0,0
24,394,110001010,4,0.9682926834,0.1485241046,0,0
24,266,100001010,3,0.9663109817,0.1359270001,0,0
24,136,010001000,2,0.9556402415,0.08872172865,0,0
24,286,100011110,5,0.9696646333,0.1719646058,0,0
24,256,100000000,1,0.8653963432,0.05144251033,0,0
24,328,101001000,3,0.9661585353,0.1314932012,0,0
24,136,010001000,2,0.9556402415,0.08872172865,0,0
24,266,100001010,3,0.9663109817,0.1359270001,0,0
24,328,101001000,3,0.9661585353,0.1314932012,0,0
24,4,000000100,1,0.9094512276,0.06868225115,0,0
24,459,111001011,6,0.9693597592,0.1673336257,0,0
24,256,100000000,1,0.8653963432,0.05144251033,0,0
24,256,100000000,1,0.8653963432,0.05144251033,0,0
24,328,101001000,3,0.9661585353,0.1314932012,0,0
24,136,010001000,2,0.9556402415,0.08872172865,0,0
24,256,100000000,1,0.8653963432,0.05144251033,0,0
24,138,010001010,3,0.9580792598,0.1175190397,0,0
24,136,010001000,2,0.9556402415,0.08872172865,0,0
24,463,111001111,7,0.9701219536,0.2215583678,0,0
24,170,010101010,4,0.9583841376,0.1237906108,0,0
24,128,010000000,1,0.9323170781,0.08404751134,0,0
24,170,010101010,4,0.9583841376,0.1237906108,0,0
24,136,010001000,2,0.9556402415,0.08872172865,0,0
24,256,100000000,1,0.8653963432,0.05144251033,0,0
24,136,010001000,2,0.9556402415,0.08872172865,0,0
24,128,010000000,1,0.9323170781,0.08404751134,0,0
24,128,010000000,1,0.9323170781,0.08404751134,0,0
24,256,100000000,1,0.8653963432,0.05144251033,0,0
24,128,010000000,1,0.9323170781,0.08404751134,0,0
24,256,100000000,1,0.8653963432,0.05144251033,0,0
24,256,100000000,1,0.8653963432,0.05144251033,0,0
24,136,010001000,2,0.9556402415,0.08872172865,0,0
24,128,010000000,1,0.9323170781,0.08404751134,0,0
24,256,100000000,1,0.8653963432,0.05144251033,0,0
24,463,111001111,7,0.9701219536,0.2215583678,0,0
24,256,100000000,1,0.8653963432,0.05144251033,0,0
24,463,111001111,7,0.9701219536,0.2215583678,0,0
24,256,100000000,1,0.8653963432,0.05144251033,0,0
24,4,000000100,1,0.9094512276,0.06868225115,0,0
24,128,010000000,1,0.9323170781,0.08404751134,0,0
24,136,010001000,2,0.9556402415,0.08872172865,0,0
24,394,110001010,4,0.9682926834,0.1485241046,0,0
24,266,100001010,3,0.9663109817,0.1359270001,0,0
24,459,111001011,6,0.9693597592,0.1673336257,0,0
24,128,010000000,1,0.9323170781,0.08404751134,0,0
24,128,010000000,1,0.9323170781,0.08404751134,0,0
24,136,010001000,2,0.9556402415,0.08872172865,0,0
24,128,010000000,1,0.9323170781,0.08404751134,0,0
24,463,111001111,7,0.9701219536,0.2215583678,0,0
24,4,000000100,1,0.9094512276,0.06868225115,0,0
24,256,100000000,1,0.8653963432,0.05144251033,0,0
24,4,000000100,1,0.9094512276,0.06868225115,0,0
24,256,100000000,1,0.8653963432,0.05144251033,0,0
24,4,000000100,1,0.9094512276,0.06868225115,0,0
24,4,000000100,1,0.9094512276,0.06868225115,0,0
24,256,100000000,1,0.8653963432,0.05144251033,0,0
24,128,010000000,1,0.9323170781,0.08404751134,0,0
24,4,000000100,1,0.9094512276,0.06868225115,0,0
24,256,100000000,1,0.8653963432,0.05144251033,0,0
24,463,111001111,7,0.9701219536,0.2215583678,0,0
24,4,000000100,1,0.9094512276,0.06868225115,0,0
24,170,010101010,4,0.9583841376,0.1237906108,0,0
24,136,010001000,2,0.9556402415,0.08872172865,0,0
24,256,100000000,1,0.8653963432,0.05144251033,0,0
24,256,100000000,1,0.8653963432,0.05144251033,0,0
24,256,100000000,1,0.8653963432,0.05144251033,0,0
24,128,010000000,1,0.9323170781,0.08404751134,0,0
24,463,111001111,7,0.9701219536,0.2215583678,0,0
24,256,100000000,1,0.8653963432,0.05144251033,0,0
24,128,010000000,1,0.9323170781,0.08404751134,0,0
24,328,101001000,3,0.9661585353,0.1314932012,0,0
24,463,111001111,7,0.9701219536,0.2215583678,0,0
24,4,000000100,1,0.9094512276,0.06868225115,0,0
24,463,111001111,7,0.9701219536,0.2215583678,0,0
24,256,100000000,1,0.8653963432,0.05144251033,0,0
25,463,111001111,7,0.9701219536,0.2215583678,0,inf
25,256,100000000,1,0.8653963432,0.05144251033,0,inf
25,256,100000000,1,0.8653963432,0.05144251033,0,0.5220108109
25,4,000000100,1,0.9094512276,0.06868225115,0,0.5220108109
25,4,000000100,1,0.9094512276,0.06868225115,0,0.308662907
25,128,010000000,1,0.9323170781,0.08404751134,0,0.308662907
25,463,111001111,7,0.9701219536,0.2215583678,0,0.295896174
25,286,100011110,5,0.9696646333,0.1719646058,0,0.295896174
25,128,010000000,1,0.9323170781,0.08404751134,0,0.2501840222
25,136,010001000,2,0.9556402415,0.08872172865,0,0.2501840222
25,136,010001000,2,0.9556402415,0.08872172865,0,0.1925701872
25,138,010001010,3,0.9580792598,0.1175190397,0,0.1925701872
25,170,010101010,4,0.9583841376,0.1237906108,0,0.1195143764
25,328,101001000,3,0.9661585353,0.1314932012,0,0.1195143764
25,299,100101011,5,0.9684451278,0.1646855306,0,0.09645812205
25,394,110001010,4,0.9682926834,0.1485241046,0,0.09645812205
25,394,110001010,4,0.9682926834,0.1485241046,0,0.09297294788
25,266,100001010,3,0.9663109817,0.1359270001,0,0.09297294788
25,170,010101010,4,0.9583841376,0.1237906108,0,0.03977767534
25,138,010001010,3,0.9580792598,0.1175190397,0,0.03977767534
25,459,111001011,6,0.9693597592,0.1673336257,0,0.03013367655
25,286,100011110,5,0.9696646333,0.1719646058,0,0.03013367655
25,266,100001010,3,0.9663109817,0.1359270001,0,0.02751908085
25,328,101001000,3,0.9661585353,0.1314932012,0,0.02751908085
25,299,100101011,5,0.9684451278,0.1646855306,0,0.02430001974
25,459,111001011,6,0.9693597592,0.1673336257,0,0.02430001974
25,256,100000000,1,0.8653963432,0.05144251033,0,0
25,328,101001000,3,0.9661585353,0.1314932012,0,0
25,256,100000000,1,0.8653963432,0.05144251033,0,0
25,266,100001010,3,0.9663109817,0.1359270001,0,0
25,256,100000000,1,0.8653963432,0.05144251033,0,0
25,299,100101011,5,0.9684451278,0.1646855306,0,0
25,256,100000000,1,0.8653963432,0.05144251033,0,0
25,266,100001010,3,0.9663109817,0.1359270001,0,0
25,459,111001011,6,0.9693597592,0.1673336257,0,0
25,299,100101011,5,0.9684451278,0.1646855306,0,0
25,459,111001011,6,0.9693597592,0.1673336257,0,0
25,459,111001011,6,0.9693597592,0.1673336257,0,0
25,266,100001010,3,0.9663109817,0.1359270001,0,0
25,266,100001010,3,0.9663109817,0.1359270001,0,0
25,328,101001000,3,0.9661585353,0.1314932012,0,0
25,459,111001011,6,0.9693597592,0.1673336257,0,0
25,459,111001011,6,0.9693597592,0.1673336257,0,0
25,266,100001010,3,0.9663109817,0.1359270001,0,0
25,328,101001000,3,0.9661585353,0.1314932012,0,0
25,394,110001010,4,0.9682926834,0.1485241046,0,0
25,328,101001000,3,0.9661585353,0.1314932012,0,0
25,328,101001000,3,0.9661585353,0.1314932012,0,0
25,286,100011110,5,0.9696646333,0.1719646058,0,0
25,170,010101010,4,0.9583841376,0.1237906108,0,0
25,328,101001000,3,0.9661585353,0.1314932012,0,0
25,266,100001010,3,0.9663109817,0.1359270001,0,0
25,328,101001000,3,0.9661585353,0.1314932012,0,0
25,138,010001010,3,0.9580792598,0.1175190397,0,0
25,328,101001000,3,0.9661585353,0.1314932012,0,0
25,266,100001010,3,0.9663109817,0.1359270001,0,0
25,256,100000000,1,0.8653963432,0.05144251033,0,0
25,266,100001010,3,0.9663109817,0.1359270001,0,0
25,459,111001011,6,0.9693597592,0.1673336257,0,0
25,136,010001000,2,0.9556402415,0.08872172865,0,0
25,394,110001010,4,0.9682926834,0.1485241046,0,0
25,266,100001010,3,0.9663109817,0.1359270001,0,0
25,256,100000000,1,0.8653963432,0.05144251033,0,0
25,266,100001010,3,0.9663109817,0.1359270001,0,0
25,459,111001011,6,0.9693597592,0.1673336257,0,0
25,286,100011110,5,0.9696646333,0.1719646058,0,0
25,170,010101010,4,0.9583841376,0.1237906108,0,0
25,394,110001010,4,0.9682926834,0.1485241046,0,0
25,170,010101010,4,0.9583841376,0.1237906108,0,0
25,266,100001010,3,0.9663109817,0.1359270001,0,0
25,266,100001010,3,0.9663109817,0.1359270001,0,0
25,170,010101010,4,0.9583841376,0.1237906108,0,0
25,256,100000000,1,0.8653963432,0.05144251033,0,0
25,256,100000000,1,0.8653963432,0.05144251033,0,0
25,266,100001010,3,0.9663109817,0.1359270001,0,0
25,394,110001010,4,0.9682926834,0.1485241046,0,0
25,299,100101011,5,0.9684451278,0.1646855306,0,0
25,256,100000000,1,0.8653963432,0.05144251033,0,0
25,394,110001010,4,0.9682926834,0.1485241046,0,0
25,266,100001010,3,0.9663109817,0.1359270001,0,0
25,256,100000000,1,0.8653963432,0.05144251033,0,0
25,394,110001010,4,0.9682926834,0.1485241046,0,0
25,256,100000000,1,0.8653963432,0.05144251033,0,0
25,328,101001000,3,0.9661585353,0.1314932012,0,0
25,170,010101010,4,0.9583841376,0.1237906108,0,0
25,4,000000100,1,0.9094512276,0.06868225115,0,0
25,299,100101011,5,0.9684451278,0.1646855306,0,0
25,394,110001010,4,0.9682926834,0.1485241046,0,0
25,266,100001010,3,0.9663109817,0.1359270001,0,0
25,170,010101010,4,0.9583841376,0.1237906108,0,0
25,286,100011110,5,0.9696646333,0.1719646058,0,0
25,256,100000000,1,0.8653963432,0.05144251033,0,0
25,136,010001000,2,0.9556402415,0.08872172865,0,0
25,136,010001000,2,0.9556402415,0.08872172865,0,0
25,266,100001010,3,0.9663109817,0.1359270001,0,0
25,256,100000000,1,0.8653963432,0.05144251033,0,0
25,4,000000100,1,0.9094512276,0.06868225115,0,0
25,459,111001011,6,0.9693597592,0.1673336257,0,0
25,256,100000000,1,0.8653963432,0.05144251033,0,0
25,256,100000000,1,0.8653963432,0.05144251033,0,0
25,328,101001000,3,0.9661585353,0.1314932012,0,0
25,136,010001000,2,0.9556402415,0.08872172865,0,0
25,256,100000000,1,0.8653963432,0.05144251033,0,0
25,138,010001010,3,0.9580792598,0.1175190397,0,0
25,136,010001000,2,0.9556402415,0.08872172865,0,0
25,463,111001111,7,0.9701219536,0.2215583678,0,0
25,170,010101010,4,0.9583841376,0.1237906108,0,0
25,128,010000000,1,0.9323170781,0.08404751134,0,0
25,136,010001000,2,0.9556402415,0.08872172865,0,0
25,136,010001000,2,0.9556402415,0.08872172865,0,0
25,256,100000000,1,0.8653963432,0.05144251033,0,0
25,136,010001000,2,0.9556402415,0.08872172865,0,0
25,128,010000000,1,0.9323170781,0.08404751134,0,0
25,128,010000000,1,0.9323170781,0.08404751134,0,0
25,256,100000000,1,0.8653963432,0.05144251033,0,0
25,128,010000000,1,0.9323170781,0.08404751134,0,0
25,256,100000000,1,0.8653963432,0.05144251033,0,0
25,256,100000000,1,0.8653963432,0.05144251033,0,0
25,128,010000000,1,0.9323170781,0.08404751134,0,0
25,128,010000000,1,0.9323170781,0.08404751134,0,0
25,256,100000000,1,0.8653963432,0.05144251033,0,0
25,463,111001111,7,0.9701219536,0.2215583678,0,0
25,256,100000000,1,0.8653963432,0.05144251033,0,0
25,463,111001111,7,0.9701219536,0.2215583678,0,0
25,256,100000000,1,0.8653963432,0.05144251033,0,0
25,4,000000100,1,0.9094512276,0.06868225115,0,0
25,128,010000000,1,0.9323170781,0.08404751134,0,0
25,136,010001000,2,0.9556402415,0.08872172865,0,0
25,394,110001010,4,0.9682926834,0.1485241046,0,0
25,266,100001010,3,0.9663109817,0.1359270001,0,0
25,459,111001011,6,0.9693597592,0.1673336257,0,0
25,128,010000000,1,0.9323170781,0.08404751134,0,0
25,128,010000000,1,0.9323170781,0.08404751134,0,0
25,136,010001000,2,0.9556402415,0.08872172865,0,0
25,128,010000000,1,0.9323170781,0.08404751134,0,0
25,128,010000000,1,0.9323170781,0.08404751134,0,0
25,4,000000100,1,0.9094512276,0.06868225115,0,0
25,256,100000000,1,0.8653963432,0.05144251033,0,0
25,4,000000100,1,0.9094512276,0.06868225115,0,0
25,256,100000000,1,0.8653963432,0.05144251033,0,0
25,4,000000100,1,0.9094512276,0.06868225115,0,0
25,4,000000100,1,0.9094512276,0.06868225115,0,0
25,256,100000000,1,0.8653963432,0.05144251033,0,0
25,128,010000000,1,0.9323170781,0.08404751134,0,0
25,4,000000100,1,0.9094512276,0.06868225115,0,0
25,256,100000000,1,0.8653963432,0.05144251033,0,0
25,463,111001111,7,0.9701219536,0.2215583678,0,0
25,4,000000100,1,0.9094512276,0.06868225115,0,0
25,256,100000000,1,0.8653963432,0.05144251033,0,0
25,136,010001000,2,0.9556402415,0.08872172865,0,0
25,256,100000000,1,0.8653963432,0.05144251033,0,0
25,256,100000000,1,0.8653963432,0.05144251033,0,0
25,256,100000000,1,0.8653963432,0.05144251033,0,0
25,128,010000000,1,0.9323170781,0.08404751134,0,0
25,463,111001111,7,0.9701219536,0.2215583678,0,0
25,256,100000000,1,0.8653963432,0.05144251033,0,0
25,463,111001111,7,0.9701219536,0.2215583678,0,0
25,328,101001000,3,0.9661585353,0.1314932012,0,0
25,463,111001111,7,0.9701219536,0.2215583678,0,0
25,4,000000100,1,0.9094512276,0.06868225115,0,0
25,463,111001111,7,0.9701219536,0.2215583678,0,0
25,256,100000000,1,0.8653963432,0.05144251033,0,0
26,256,100000000,1,0.8653963432,0.05144251033,0,inf
26,463,111001111,7,0.9701219536,0.2215583678,0,inf
26,256,100000000,1,0.8653963432,0.05144251033,0,0.5220108109
26,4,000000100,1,0.9094512276,0.06868225115,0,0.5220108109
26,4,000000100,1,0.9094512276,0.06868225115,0,0.308662907
26,128,010000000,1,0.9323170781,0.08404751134,0,0.308662907
26,286,100011110,5,0.9696646333,0.1719646058,0,0.295896174
26,463,111001111,7,0.9701219536,0.2215583678,0,0.295896174
26,128,010000000,1,0.9323170781,0.08404751134,0,0.2501840222
26,136,010001000,2,0.9556402415,0.08872172865,0,0.2501840222
26,136,010001000,2,0.9556402415,0.08872172865,0,0.1925701872
26,138,010001010,3,0.9580792598,0.1175190397,0,0.1925701872
26,170,010101010,4,0.9583841376,0.1237906108,0,0.1195143764
26,328,101001000,3,0.9661585353,0.1314932012,0,0.1195143764
26,299,100101011,5,0.9684451278,0.1646855306,0,0.09645812205
26,394,110001010,4,0.9682926834,0.1485241046,0,0.09645812205
26,394,110001010,4,0.9682926834,0.1485241046,0,0.09297294788
26,266,100001010,3,0.9663109817,0.1359270001,0,0.09297294788
26,138,010001010,3,0.9580792598,0.1175190397,0,0.03977767534
26,170,010101010,4,0.9583841376,0.1237906108,0,0.03977767534
26,459,111001011,6,0.9693597592,0.1673336257,0,0.03013367655
26,286,100011110,5,0.9696646333,0.1719646058,0,0.03013367655
26,328,101001000,3,0.9661585353,0.1314932012,0,0.02751908085
26,266,100001010,3,0.9663109817,0.1359270001,0,0.02751908085
26,299,100101011,5,0.9684451278,0.1646855306,0,0.02430001974
26,459,111001011,6,0.9693597592,0.1673336257,0,0.02430001974
26,256,100000000,1,0.8653963432,0.05144251033,0,0
26,459,111001011,6,0.9693597592,0.1673336257,0,0
26,256,100000000,1,0.8653963432,0.05144251033,0,0
26,266,100001010,3,0.9663109817,0.1359270001,0,0
26,256,100000000,1,0.8653963432,0.05144251033,0,0
26,299,100101011,5,0.9684451278,0.1646855306,0,0
26,256,100000000,1,0.8653963432,0.05144251033,0,0
26,266,100001010,3,0.9663109817,0.1359270001,0,0
26,459,111001011,6,0.9693597592,0.1673336257,0,0
26,256,100000000,1,0.8653963432,0.05144251033,0,0
26,459,111001011,6,0.9693597592,0.1673336257,0,0
26,459,111001011,6,0.9693597592,0.1673336257,0,0
26,266,100001010,3,0.9663109817,0.1359270001,0,0
26,266,100001010,3,0.9663109817,0.1359270001,0,0
26,328,101001000,3,0.9661585353,0.1314932012,0,0
26,459,111001011,6,0.9693597592,0.1673336257,0,0
26,459,111001011,6,0.9693597592,0.1673336257,0,0
26,266,100001010,3,0.9663109817,0.1359270001,0,0
26,328,101001000,3,0.9661585353,0.1314932012,0,0
26,394,110001010,4,0.9682926834,0.1485241046,0,0
26,328,101001000,3,0.9661585353,0.1314932012,0,0
26,459,111001011,6,0.9693597592,0.1673336257,0,0
26,299,100101011,5,0.9684451278,0.1646855306,0,0
26,170,010101010,4,0.9583841376,0.1237906108,0,0
26,328,101001000,3,0.9661585353,0.1314932012,0,0
26,266,100001010,3,0.9663109817,0.1359270001,0,0
26,328,101001000,3,0.9661585353,0.1314932012,0,0
26,138,010001010,3,0.9580792598,0.1175190397,0,0
26,328,101001000,3,0.9661585353,0.1314932012,0,0
26,266,100001010,3,0.9663109817,0.1359270001,0,0
26,256,100000000,1,0.8653963432,0.05144251033,0,0
26,266,100001010,3,0.9663109817,0.1359270001,0,0
26,459,111001011,6,0.9693597592,0.1673336257,0,0
26,136,010001000,2,0.9556402415,0.08872172865,0,0
26,394,110001010,4,0.9682926834,0.1485241046,0,0
26,328,101001000,3,0.9661585353,0.1314932012,0,0
26,256,100000000,1,0.8653963432,0.05144251033,0,0
26,266,100001010,3,0.9663109817,0.1359270001,0,0
26,459,111001011,6,0.9693597592,0.1673336257,0,0
26,286,100011110,5,0.9696646333,0.1719646058,0,0
26,170,010101010,4,0.9583841376,0.1237906108,0,0
26,394,110001010,4,0.9682926834,0.1485241046,0,0
26,266,100001010,3,0.9663109817,0.1359270001,0,0
26,266,100001010,3,0.9663109817,0.1359270001,0,0
26,266,100001010,3,0.9663109817,0.1359270001,0,0
26,170,010101010,4,0.9583841376,0.1237906108,0,0
26,286,100011110,5,0.9696646333,0.1719646058,0,0
26,256,100000000,1,0.8653963432,0.05144251033,0,0
26,266,100001010,3,0.9663109817,0.1359270001,0,0
26,394,110001010,4,0.9682926834,0.1485241046,0,0
26,299,100101011,5,0.9684451278,0.1646855306,0,0
26,256,100000000,1,0.8653963432,0.05144251033,0,0
26,394,110001010,4,0.9682926834,0.1485241046,0,0
26,266,100001010,3,0.9663109817,0.1359270001,0,0
26,256,100000000,1,0.8653963432,0.05144251033,0,0
26,170,010101010,4,0.9583841376,0.1237906108,0,0
26,266,100001010,3,0.9663109817,0.1359270001,0,0
26,328,101001000,3,0.9661585353,0.1314932012,0,0
26,170,010101010,4,0.9583841376,0.1237906108,0,0
26,394,110001010,4,0.9682926834,0.1485241046,0,0
26,299,100101011,5,0.9684451278,0.1646855306,0,0
26,394,110001010,4,0.9682926834,0.1485241046,0,0
26,328,101001000,3,0.9661585353,0.1314932012,0,0
26,170,010101010,4,0.9583841376,0.1237906108,0,0
26,286,100011110,5,0.9696646333,0.1719646058,0,0
26,256,100000000,1,0.8653963432,0.05144251033,0,0
26,136,010001000,2,0.9556402415,0.08872172865,0,0
26,136,010001000,2,0.9556402415,0.08872172865,0,0
26,266,100001010,3,0.9663109817,0.1359270001,0,0
26,328,101001000,3,0.9661585353,0.1314932012,0,0
26,4,000000100,1,0.9094512276,0.06868225115,0,0
26,459,111001011,6,0.9693597592,0.1673336257,0,0
26,256,100000000,1,0.8653963432,0.05144251033,0,0
26,256,100000000,1,0.8653963432,0.05144251033,0,0
26,136,010001000,2,0.9556402415,0.08872172865,0,0
26,136,010001000,2,0.9556402415,0.08872172865,0,0
26,256,100000000,1,0.8653963432,0.05144251033,0,0
26,138,010001010,3,0.9580792598,0.1175190397,0,0
26,136,010001000,2,0.9556402415,0.08872172865,0,0
26,463,111001111,7,0.9701219536,0.2215583678,0,0
26,170,010101010,4,0.9583841376,0.1237906108,0,0
26,128,010000000,1,0.9323170781,0.08404751134,0,0
26,128,010000000,1,0.9323170781,0.08404751134,0,0
26,136,010001000,2,0.9556402415,0.08872172865,0,0
26,256,100000000,1,0.8653963432,0.05144251033,0,0
26,136,010001000,2,0.9556402415,0.08872172865,0,0
26,128,010000000,1,0.9323170781,0.08404751134,0,0
26,128,010000000,1,0.9323170781,0.08404751134,0,0
26,256,100000000,1,0.8653963432,0.05144251033,0,0
26,128,010000000,1,0.9323170781,0.08404751134,0,0
26,256,100000000,1,0.8653963432,0.05144251033,0,0
26,256,100000000,1,0.8653963432,0.05144251033,0,0
26,128,010000000,1,0.9323170781,0.08404751134,0,0
26,286,100011110,5,0.9696646333,0.1719646058,0,0
26,463,111001111,7,0.9701219536,0.2215583678,0,0
26,128,010000000,1,0.9323170781,0.08404751134,0,0
26,256,100000000,1,0.8653963432,0.05144251033,0,0
26,463,111001111,7,0.9701219536,0.2215583678,0,0
26,256,100000000,1,0.8653963432,0.05144251033,0,0
26,4,000000100,1,0.9094512276,0.06868225115,0,0
26,128,010000000,1,0.9323170781,0.08404751134,0,0
26,136,010001000,2,0.9556402415,0.08872172865,0,0
26,394,110001010,4,0.9682926834,0.1485241046,0,0
26,266,100001010,3,0.9663109817,0.1359270001,0,0
26,4,000000100,1,0.9094512276,0.06868225115,0,0
26,256,100000000,1,0.8653963432,0.05144251033,0,0
26,128,010000000,1,0.9323170781,0.08404751134,0,0
26,136,010001000,2,0.9556402415,0.08872172865,0,0
26,128,010000000,1,0.9323170781,0.08404751134,0,0
26,128,010000000,1,0.9323170781,0.08404751134,0,0
26,4,000000100,1,0.9094512276,0.06868225115,0,0
26,256,100000000,1,0.8653963432,0.05144251033,0,0
26,4,000000100,1,0.9094512276,0.06868225115,0,0
26,256,100000000,1,0.8653963432,0.05144251033,0,0
26,4,000000100,1,0.9094512276,0.06868225115,0,0
26,4,000000100,1,0.9094512276,0.06868225115,0,0
26,256,100000000,1,0.8653963432,0.05144251033,0,0
26,128,010000000,1,0.9323170781,0.08404751134,0,0
26,4,000000100,1,0.9094512276,0.06868225115,0,0
26,256,100000000,1,0.8653963432,0.05144251033,0,0
26,463,111001111,7,0.9701219536,0.2215583678,0,0
26,4,000000100,1,0.9094512276,0.06868225115,0,0
26,256,100000000,1,0.8653963432,0.05144251033,0,0
26,136,010001000,2,0.9556402415,0.08872172865,0,0
26,256,100000000,1,0.8653963432,0.05144251033,0,0
26,256,100000000,1,0.8653963432,0.05144251033,0,0
26,256,100000000,1,0.8653963432,0.05144251033,0,0
26,128,010000000,1,0.9323170781,0.08404751134,0,0
26,463,111001111,7,0.9701219536,0.2215583678,0,0
26,256,100000000,1,0.8653963432,0.05144251033,0,0
26,463,111001111,7,0.9701219536,0.2215583678,0,0
26,328,101001000,3,0.9661585353,0.1314932012,0,0
26,463,111001111,7,0.9701219536,0.2215583678,0,0
26,4,000000100,1,0.9094512276,0.06868225115,0,0
26,463,111001111,7,0.9701219536,0.2215583678,0,0
26,256,100000000,1,0.8653963432,0.05144251033,0,0
27,463,111001111,7,0.9701219536,0.2215583678,0,inf
27,256,100000000,1,0.8653963432,0.05144251033,0,inf
27,256,100000000,1,0.8653963432,0.05144251033,0,0.5220108109
27,4,000000100,1,0.9094512276,0.06868225115,0,0.5220108109
27,128,010000000,1,0.9323170781,0.08404751134,0,0.308662907
27,4,000000100,1,0.9094512276,0.06868225115,0,0.308662907
27,463,111001111,7,0.9701219536,0.2215583678,0,0.295896174
27,286,100011110,5,0.9696646333,0.1719646058,0,0.295896174
27,128,010000000,1,0.9323170781,0.08404751134,0,0.2501840222
27,136,010001000,2,0.9556402415,0.08872172865,0,0.2501840222
27,138,010001010,3,0.9580792598,0.1175190397,0,0.1925701872
27,136,010001000,2,0.9556402415,0.08872172865,0,0.1925701872
27,328,101001000,3,0.9661585353,0.1314932012,0,0.1195143764
27,170,010101010,4,0.9583841376,0.1237906108,0,0.1195143764
27,299,100101011,5,0.9684451278,0.1646855306,0,0.09645812205
27,394,110001010,4,0.9682926834,0.1485241046,0,0.09645812205
27,394,110001010,4,0.9682926834,0.1485241046,0,0.09297294788
27,266,100001010,3,0.9663109817,0.1359270001,0,0.09297294788
27,138,010001010,3,0.9580792598,0.1175190397,0,0.03977767534
27,170,010101010,4,0.9583841376,0.1237906108,0,0.03977767534
27,459,111001011,6,0.9693597592,0.1673336257,0,0.03013367655
27,286,100011110,5,0.9696646333,0.1719646058,0,0.03013367655
27,328,101001000,3,0.9661585353,0.1314932012,0,0.02751908085
27,266,100001010,3,0.9663109817,0.1359270001,0,0.02751908085
27,299,100101011,5,0.9684451278,0.1646855306,0,0.02430001974
27,459,111001011,6,0.9693597592,0.1673336257,0,0.02430001974
27,256,100000000,1,0.8653963432,0.05144251033,0,0
27,170,010101010,4,0.9583841376,0.1237906108,0,0
27,256,100000000,1,0.8653963432,0.05144251033,0,0
27,266,100001010,3,0.9663109817,0.1359270001,0,0
27,256,100000000,1,0.8653963432,0.05144251033,0,0
27,256,100000000,1,0.8653963432,0.05144251033,0,0
27,256,100000000,1,0.8653963432,0.05144251033,0,0
27,266,100001010,3,0.9663109817,0.1359270001,0,0
27,459,111001011,6,0.9693597592,0.1673336257,0,0
27,256,100000000,1,0.8653963432,0.05144251033,0,0
27,459,111001011,6,0.9693597592,0.1673336257,0,0
27,459,111001011,6,0.9693597592,0.1673336257,0,0
27,266,100001010,3,0.9663109817,0.1359270001,0,0
27,266,100001010,3,0.9663109817,0.1359270001,0,0
27,328,101001000,3,0.9661585353,0.1314932012,0,0
27,459,111001011,6,0.9693597592,0.1673336257,0,0
27,459,111001011,6,0.9693597592,0.1673336257,0,0
27,266,100001010,3,0.9663109817,0.1359270001,0,0
27,328,101001000,3,0.9661585353,0.1314932012,0,0
27,394,110001010,4,0.9682926834,0.1485241046,0,0
27,328,101001000,3,0.9661585353,0.1314932012,0,0
27,459,111001011,6,0.9693597592,0.1673336257,0,0
27,299,100101011,5,0.9684451278,0.1646855306,0,0
27,170,010101010,4,0.9583841376,0.1237906108,0,0
27,328,101001000,3,0.9661585353,0.1314932012,0,0
27,266,100001010,3,0.9663109817,0.1359270001,0,0
27,328,101001000,3,0.9661585353,0.1314932012,0,0
27,138,010001010,3,0.9580792598,0.1175190397,0,0
27,299,100101011,5,0.9684451278,0.1646855306,0,0
27,266,100001010,3,0.9663109817,0.1359270001,0,0
27,256,100000000,1,0.8653963432,0.05144251033,0,0
27,266,100001010,3,0.9663109817,0.1359270001,0,0
27,459,111001011,6,0.9693597592,0.1673336257,0,0
27,136,010001000,2,0.9556402415,0.08872172865,0,0
27,394,110001010,4,0.9682926834,0.1485241046,0,0
27,328,101001000,3,0.9661585353,0.1314932012,0,0
27,256,100000000,1,0.8653963432,0.05144251033,0,0
27,266,100001010,3,0.9663109817,0.1359270001,0,0
27,459,111001011,6,0.9693597592,0.1673336257,0,0
27,266,100001010,3,0.9663109817,0.1359270001,0,0
27,170,010101010,4,0.9583841376,0.1237906108,0,0
27,394,110001010,4,0.9682926834,0.1485241046,0,0
27,266,100001010,3,0.9663109817,0.1359270001,0,0
27,266,100001010,3,0.9663109817,0.1359270001,0,0
27,266,100001010,3,0.9663109817,0.1359270001,0,0
27,328,101001000,3,0.9661585353,0.1314932012,0,0
27,286,100011110,5,0.9696646333,0.1719646058,0,0
27,256,100000000,1,0.8653963432,0.05144251033,0,0
27,266,100001010,3,0.9663109817,0.1359270001,0,0
27,459,111001011,6,0.9693597592,0.1673336257,0,0
27,299,100101011,5,0.9684451278,0.1646855306,0,0
27,170,010101010,4,0.9583841376,0.1237906108,0,0
27,394,110001010,4,0.9682926834,0.1485241046,0,0
27,138,010001010,3,0.9580792598,0.1175190397,0,0
27,256,100000000,1,0.8653963432,0.05144251033,0,0
27,170,010101010,4,0.9583841376,0.1237906108,0,0
27,266,100001010,3,0.9663109817,0.1359270001,0,0
27,266,100001010,3,0.9663109817,0.1359270001,0,0
27,256,100000000,1,0.8653963432,0.05144251033,0,0
27,394,110001010,4,0.9682926834,0.1485241046,0,0
27,299,100101011,5,0.9684451278,0.1646855306,0,0
27,394,110001010,4,0.9682926834,0.1485241046,0,0
27,328,101001000,3,0.9661585353,0.1314932012,0,0
27,170,010101010,4,0.9583841376,0.1237906108,0,0
27,286,100011110,5,0.9696646333,0.1719646058,0,0
27,256,100000000,1,0.8653963432,0.05144251033,0,0
27,136,010001000,2,0.9556402415,0.08872172865,0,0
27,136,010001000,2,0.9556402415,0.08872172865,0,0
27,394,110001010,4,0.9682926834,0.1485241046,0,0
27,328,101001000,3,0.9661585353,0.1314932012,0,0
27,459,111001011,6,0.9693597592,0.1673336257,0,0
27,328,101001000,3,0.9661585353,0.1314932012,0,0
27,256,100000000,1,0.8653963432,0.05144251033,0,0
27,256,100000000,1,0.8653963432,0.05144251033,0,0
27,136,010001000,2,0.9556402415,0.08872172865,0,0
27,136,010001000,2,0.9556402415,0.08872172865,0,0
27,256,100000000,1,0.8653963432,0.05144251033,0,0
27,170,010101010,4,0.9583841376,0.1237906108,0,0
27,136,010001000,2,0.9556402415,0.08872172865,0,0
27,463,111001111,7,0.9701219536,0.2215583678,0,0
27,170,010101010,4,0.9583841376,0.1237906108,0,0
27,128,010000000,1,0.9323170781,0.08404751134,0,0
27,128,010000000,1,0.9323170781,0.08404751134,0,0
27,136,010001000,2,0.9556402415,0.08872172865,0,0
27,256,100000000,1,0.8653963432,0.05144251033,0,0
27,136,010001000,2,0.9556402415,0.08872172865,0,0
27,128,010000000,1,0.9323170781,0.08404751134,0,0
27,128,010000000,1,0.9323170781,0.08404751134,0,0
27,256,100000000,1,0.8653963432,0.05144251033,0,0
27,128,010000000,1,0.9323170781,0.08404751134,0,0
27,256,100000000,1,0.8653963432,0.05144251033,0,0
27,256,100000000,1,0.8653963432,0.05144251033,0,0
27,128,010000000,1,0.9323170781,0.08404751134,0,0
27,286,100011110,5,0.9696646333,0.1719646058,0,0
27,136,010001000,2,0.9556402415,0.08872172865,0,0
27,128,010000000,1,0.9323170781,0.08404751134,0,0
27,256,100000000,1,0.8653963432,0.05144251033,0,0
27,128,010000000,1,0.9323170781,0.08404751134,0,0
27,256,100000000,1,0.8653963432,0.05144251033,0,0
27,463,111001111,7,0.9701219536,0.2215583678,0,0
27,128,010000000,1,0.9323170781,0.08404751134,0,0
27,286,100011110,5,0.9696646333,0.1719646058,0,0
27,394,110001010,4,0.9682926834,0.1485241046,0,0
27,266,100001010,3,0.9663109817,0.1359270001,0,0
27,128,010000000,1,0.9323170781,0.08404751134,0,0
27,256,100000000,1,0.8653963432,0.05144251033,0,0
27,4,000000100,1,0.9094512276,0.06868225115,0,0
27,136,010001000,2,0.9556402415,0.08872172865,0,0
27,128,010000000,1,0.9323170781,0.08404751134,0,0
27,128,010000000,1,0.9323170781,0.08404751134,0,0
27,4,000000100,1,0.9094512276,0.06868225115,0,0
27,256,100000000,1,0.8653963432,0.05144251033,0,0
27,4,000000100,1,0.9094512276,0.06868225115,0,0
27,256,100000000,1,0.8653963432,0.05144251033,0,0
27,4,000000100,1,0.9094512276,0.06868225115,0,0
27,4,000000100,1,0.9094512276,0.06868225115,0,0
27,256,100000000,1,0.8653963432,0.05144251033,0,0
27,4,000000100,1,0.9094512276,0.06868225115,0,0
27,4,000000100,1,0.9094512276,0.06868225115,0,0
27,256,100000000,1,0.8653963432,0.05144251033,0,0
27,463,111001111,7,0.9701219536,0.2215583678,0,0
27,4,000000100,1,0.9094512276,0.06868225115,0,0
27,256,100000000,1,0.8653963432,0.05144251033,0,0
27,136,010001000,2,0.9556402415,0.08872172865,0,0
27,256,100000000,1,0.8653963432,0.05144251033,0,0
27,256,100000000,1,0.8653963432,0.05144251033,0,0
27,463,111001111,7,0.9701219536,0.2215583678,0,0
27,128,010000000,1,0.9323170781,0.08404751134,0,0
27,463,111001111,7,0.9701219536,0.2215583678,0,0
27,256,100000000,1,0.8653963432,0.05144251033,0,0
27,463,111001111,7,0.9701219536,0.2215583678,0,0
27,328,101001000,3,0.9661585353,0.1314932012,0,0
27,463,111001111,7,0.9701219536,0.2215583678,0,0
27,4,000000100,1,0.9094512276,0.06868225115,0,0
27,463,111001111,7,0.9701219536,0.2215583678,0,0
27,256,100000000,1,0.8653963432,0.05144251033,0,0
28,256,100000000,1,0.8653963432,0.05144251033,0,inf
28,463,111001111,7,0.9701219536,0.2215583678,0,inf
28,256,100000000,1,0.8653963432,0.05144251033,0,0.5220108109
28,4,000000100,1,0.9094512276,0.06868225115,0,0.5220108109
28,4,000000100,1,0.9094512276,0.06868225115,0,0.308662907
28,128,010000000,1,0.9323170781,0.08404751134,0,0.308662907
28,463,111001111,7,0.9701219536,0.2215583678,0,0.295896174
28,286,100011110,5,0.9696646333,0.1719646058,0,0.295896174
28,128,010000000,1,0.9323170781,0.08404751134,0,0.2501840222
28,136,010001000,2,0.9556402415,0.08872172865,0,0.2501840222
28,138,010001010,3,0.9580792598,0.1175190397,0,0.1925701872
28,136,010001000,2,0.9556402415,0.08872172865,0,0.1925701872
28,328,101001000,3,0.9661585353,0.1314932012,0,0.1195143764
28,170,010101010,4,0.9583841376,0.1237906108,0,0.1195143764
28,394,110001010,4,0.9682926834,0.1485241046,0,0.09645812205
28,299,100101011,5,0.9684451278,0.1646855306,0,0.09645812205
28,394,110001010,4,0.9682926834,0.1485241046,0,0.09297294788
28,266,100001010,3,0.9663109817,0.1359270001,0,0.09297294788
28,170,010101010,4,0.9583841376,0.1237906108,0,0.03977767534
28,138,010001010,3,0.9580792598,0.1175190397,0,0.03977767534
28,459,111001011,6,0.9693597592,0.1673336257,0,0.03013367655
28,286,100011110,5,0.9696646333,0.1719646058,0,0.03013367655
28,266,100001010,3,0.9663109817,0.1359270001,0,0.02751908085
28,328,101001000,3,0.9661585353,0.1314932012,0,0.02751908085
28,299,100101011,5,0.9684451278,0.1646855306,0,0.02430001974
28,459,111001011,6,0.9693597592,0.1673336257,0,0.02430001974
28,394,110001010,4,0.9682926834,0.1485241046,0,0
28,266,100001010,3,0.9663109817,0.1359270001,0,0
28,256,100000000,1,0.8653963432,0.05144251033,0,0
28,266,100001010,3,0.9663109817,0.1359270001,0,0
28,256,100000000,1,0.8653963432,0.05144251033,0,0
28,256,100000000,1,0.8653963432,0.05144251033,0,0
28,256,100000000,1,0.8653963432,0.05144251033,0,0
28,266,100001010,3,0.9663109817,0.1359270001,0,0
28,459,111001011,6,0.9693597592,0.1673336257,0,0
28,256,100000000,1,0.8653963432,0.05144251033,0,0
28,459,111001011,6,0.9693597592,0.1673336257,0,0
28,459,111001011,6,0.9693597592,0.1673336257,0,0
28,266,100001010,3,0.9663109817,0.1359270001,0,0
28,266,100001010,3,0.9663109817,0.1359270001,0,0
28,328,101001000,3,0.9661585353,0.1314932012,0,0
28,459,111001011,6,0.9693597592,0.1673336257,0,0
28,459,111001011,6,0.9693597592,0.1673336257,0,0
28,266,100001010,3,0.9663109817,0.1359270001,0,0
28,328,101001000,3,0.9661585353,0.1314932012,0,0
28,394,110001010,4,0.9682926834,0.1485241046,0,0
28,328,101001000,3,0.9661585353,0.1314932012,0,0
28,459,111001011,6,0.9693597592,0.1673336257,0,0
28,299,100101011,5,0.9684451278,0.1646855306,0,0
28,170,010101010,4,0.9583841376,0.1237906108,0,0
28,328,101001000,3,0.9661585353,0.1314932012,0,0
28,266,100001010,3,0.9663109817,0.1359270001,0,0
28,328,101001000,3,0.9661585353,0.1314932012,0,0
28,138,010001010,3,0.9580792598,0.1175190397,0,0
28,266,100001010,3,0.9663109817,0.1359270001,0,0
28,266,100001010,3,0.9663109817,0.1359270001,0,0
28,256,100000000,1,0.8653963432,0.05144251033,0,0
28,266,100001010,3,0.9663109817,0.1359270001,0,0
28,459,111001011,6,0.9693597592,0.1673336257,0,0
28,136,010001000,2,0.9556402415,0.08872172865,0,0
28,394,110001010,4,0.9682926834,0.1485241046,0,0
28,328,101001000,3,0.9661585353,0.1314932012,0,0
28,256,100000000,1,0.8653963432,0.05144251033,0,0
28,459,111001011,6,0.9693597592,0.1673336257,0,0
28,459,111001011,6,0.9693597592,0.1673336257,0,0
28,266,100001010,3,0.9663109817,0.1359270001,0,0
28,170,010101010,4,0.9583841376,0.1237906108,0,0
28,170,010101010,4,0.9583841376,0.1237906108,0,0
28,266,100001010,3,0.9663109817,0.1359270001,0,0
28,266,100001010,3,0.9663109817,0.1359270001,0,0
28,266,100001010,3,0.9663109817,0.1359270001,0,0
28,328,101001000,3,0.9661585353,0.1314932012,0,0
28,286,100011110,5,0.9696646333,0.1719646058,0,0
28,256,100000000,1,0.8653963432,0.05144251033,0,0
28,266,100001010,3,0.9663109817,0.1359270001,0,0
28,459,111001011,6,0.9693597592,0.1673336257,0,0
28,299,100101011,5,0.9684451278,0.1646855306,0,0
28,170,010101010,4,0.9583841376,0.1237906108,0,0
28,394,110001010,4,0.9682926834,0.1485241046,0,0
28,138,010001010,3,0.9580792598,0.1175190397,0,0
28,394,110001010,4,0.9682926834,0.1485241046,0,0
28,170,010101010,4,0.9583841376,0.1237906108,0,0
28,266,100001010,3,0.9663109817,0.1359270001,0,0
28,266,100001010,3,0.9663109817,0.1359270001,0,0
28,256,100000000,1,0.8653963432,0.05144251033,0,0
28,299,100101011,5,0.9684451278,0.1646855306,0,0
28,256,100000000,1,0.8653963432,0.05144251033,0,0
28,394,110001010,4,0.9682926834,0.1485241046,0,0
28,170,010101010,4,0.9583841376,0.1237906108,0,0
28,328,101001000,3,0.9661585353,0.1314932012,0,0
28,286,100011110,5,0.9696646333,0.1719646058,0,0
28,256,100000000,1,0.8653963432,0.05144251033,0,0
28,136,010001000,2,0.9556402415,0.08872172865,0,0
28,136,010001000,2,0.9556402415,0.08872172865,0,0
28,394,110001010,4,0.9682926834,0.1485241046,0,0
28,328,101001000,3,0.9661585353,0.1314932012,0,0
28,136,010001000,2,0.9556402415,0.08872172865,0,0
28,328,101001000,3,0.9661585353,0.1314932012,0,0
28,170,010101010,4,0.9583841376,0.1237906108,0,0
28,256,100000000,1,0.8653963432,0.05144251033,0,0
28,136,010001000,2,0.9556402415,0.08872172865,0,0
28,136,010001000,2,0.9556402415,0.08872172865,0,0
28,256,100000000,1,0.8653963432,0.05144251033,0,0
28,138,010001010,3,0.9580792598,0.1175190397,0,0
28,136,010001000,2,0.9556402415,0.08872172865,0,0
28,463,111001111,7,0.9701219536,0.2215583678,0,0
28,170,010101010,4,0.9583841376,0.1237906108,0,0
28,128,010000000,1,0.9323170781,0.08404751134,0,0
28,128,010000000,1,0.9323170781,0.08404751134,0,0
28,136,010001000,2,0.9556402415,0.08872172865,0,0
28,256,100000000,1,0.8653963432,0.05144251033,0,0
28,136,010001000,2,0.9556402415,0.08872172865,0,0
28,128,010000000,1,0.9323170781,0.08404751134,0,0
28,128,010000000,1,0.9323170781,0.08404751134,0,0
28,256,100000000,1,0.8653963432,0.05144251033,0,0
28,128,010000000,1,0.9323170781,0.08404751134,0,0
28,256,100000000,1,0.8653963432,0.05144251033,0,0
28,256,100000000,1,0.8653963432,0.05144251033,0,0
28,128,010000000,1,0.9323170781,0.08404751134,0,0
28,286,100011110,5,0.9696646333,0.1719646058,0,0
28,136,010001000,2,0.9556402415,0.08872172865,0,0
28,128,010000000,1,0.9323170781,0.08404751134,0,0
28,256,100000000,1,0.8653963432,0.05144251033,0,0
28,128,010000000,1,0.9323170781,0.08404751134,0,0
28,256,100000000,1,0.8653963432,0.05144251033,0,0
28,463,111001111,7,0.9701219536,0.2215583678,0,0
28,128,010000000,1,0.9323170781,0.08404751134,0,0
28,286,100011110,5,0.9696646333,0.1719646058,0,0
28,394,110001010,4,0.9682926834,0.1485241046,0,0
28,266,100001010,3,0.9663109817,0.1359270001,0,0
28,128,010000000,1,0.9323170781,0.08404751134,0,0
28,256,100000000,1,0.8653963432,0.05144251033,0,0
28,4,000000100,1,0.9094512276,0.06868225115,0,0
28,128,010000000,1,0.9323170781,0.08404751134,0,0
28,463,111001111,7,0.9701219536,0.2215583678,0,0
28,128,010000000,1,0.9323170781,0.08404751134,0,0
28,4,000000100,1,0.9094512276,0.06868225115,0,0
28,256,100000000,1,0.8653963432,0.05144251033,0,0
28,4,000000100,1,0.9094512276,0.06868225115,0,0
28,256,100000000,1,0.8653963432,0.05144251033,0,0
28,4,000000100,1,0.9094512276,0.06868225115,0,0
28,128,010000000,1,0.9323170781,0.08404751134,0,0
28,256,100000000,1,0.8653963432,0.05144251033,0,0
28,4,000000100,1,0.9094512276,0.06868225115,0,0
28,4,000000100,1,0.9094512276,0.06868225115,0,0
28,256,100000000,1,0.8653963432,0.05144251033,0,0
28,4,000000100,1,0.9094512276,0.06868225115,0,0
28,4,000000100,1,0.9094512276,0.06868225115,0,0
28,256,100000000,1,0.8653963432,0.05144251033,0,0
28,136,010001000,2,0.9556402415,0.08872172865,0,0
28,256,100000000,1,0.8653963432,0.05144251033,0,0
28,256,100000000,1,0.8653963432,0.05144251033,0,0
28,463,111001111,7,0.9701219536,0.2215583678,0,0
28,256,100000000,1,0.8653963432,0.05144251033,0,0
28,463,111001111,7,0.9701219536,0.2215583678,0,0
28,256,100000000,1,0.8653963432,0.05144251033,0,0
28,463,111001111,7,0.9701219536,0.2215583678,0,0
28,328,101001000,3,0.9661585353,0.1314932012,0,0
28,463,111001111,7,0.9701219536,0.2215583678,0,0
28,4,000000100,1,0.9094512276,0.06868225115,0,0
28,463,111001111,7,0.9701219536,0.2215583678,0,0
28,256,100000000,1,0.8653963432,0.05144251033,0,0
29,463,111001111,7,0.9701219536,0.2215583678,0,inf
29,256,100000000,1,0.8653963432,0.05144251033,0,inf
29,4,000000100,1,0.9094512276,0.06868225115,0,0.5220108109
29,256,100000000,1,0.8653963432,0.05144251033,0,0.5220108109
29,4,000000100,1,0.9094512276,0.06868225115,0,0.308662907
29,128,010000000,1,0.9323170781,0.08404751134,0,0.308662907
29,286,100011110,5,0.9696646333,0.1719646058,0,0.295896174
29,463,111001111,7,0.9701219536,0.2215583678,0,0.295896174
29,128,010000000,1,0.9323170781,0.08404751134,0,0.2501840222
29,136,010001000,2,0.9556402415,0.08872172865,0,0.2501840222
29,138,010001010,3,0.9580792598,0.1175190397,0,0.1925701872
29,136,010001000,2,0.9556402415,0.08872172865,0,0.1925701872
29,170,010101010,4,0.9583841376,0.1237906108,0,0.1195143764
29,328,101001000,3,0.9661585353,0.1314932012,0,0.1195143764
29,394,110001010,4,0.9682926834,0.1485241046,0,0.09645812205
29,299,100101011,5,0.9684451278,0.1646855306,0,0.09645812205
29,394,110001010,4,0.9682926834,0.1485241046,0,0.09297294788
29,266,100001010,3,0.9663109817,0.1359270001,0,0.09297294788
29,138,010001010,3,0.9580792598,0.1175190397,0,0.03977767534
29,170,010101010,4,0.9583841376,0.1237906108,0,0.03977767534
29,286,100011110,5,0.9696646333,0.1719646058,0,0.03013367655
29,459,111001011,6,0.9693597592,0.1673336257,0,0.03013367655
29,266,100001010,3,0.9663109817,0.1359270001,0,0.02751908085
29,328,101001000,3,0.9661585353,0.1314932012,0,0.02751908085
29,299,100101011,5,0.9684451278,0.1646855306,0,0.02430001974
29,459,111001011,6,0.9693597592,0.1673336257,0,0.02430001974
29,256,100000000,1,0.8653963432,0.05144251033,0,0
29,138,010001010,3,0.9580792598,0.1175190397,0,0
29,256,100000000,1,0.8653963432,0.05144251033,0,0
29,266,100001010,3,0.9663109817,0.1359270001,0,0
29,256,100000000,1,0.8653963432,0.05144251033,0,0
29,256,100000000,1,0.8653963432,0.05144251033,0,0
29,394,110001010,4,0.9682926834,0.1485241046,0,0
29,266,100001010,3,0.9663109817,0.1359270001,0,0
29,459,111001011,6,0.9693597592,0.1673336257,0,0
29,256,100000000,1,0.8653963432,0.05144251033,0,0
29,459,111001011,6,0.9693597592,0.1673336257,0,0
29,459,111001011,6,0.9693597592,0.1673336257,0,0
29,266,100001010,3,0.9663109817,0.1359270001,0,0
29,266,100001010,3,0.9663109817,0.1359270001,0,0
29,328,101001000,3,0.9661585353,0.1314932012,0,0
29,459,111001011,6,0.9693597592,0.1673336257,0,0
29,459,111001011,6,0.9693597592,0.1673336257,0,0
29,266,100001010,3,0.9663109817,0.1359270001,0,0
29,328,101001000,3,0.9661585353,0.1314932012,0,0
29,394,110001010,4,0.9682926834,0.1485241046,0,0
29,459,111001011,6,0.9693597592,0.1673336257,0,0
29,459,111001011,6,0.9693597592,0.1673336257,0,0
29,299,100101011,5,0.9684451278,0.1646855306,0,0
29,170,010101010,4,0.9583841376,0.1237906108,0,0
29,299,100101011,5,0.9684451278,0.1646855306,0,0
29,266,100001010,3,0.9663109817,0.1359270001,0,0
29,328,101001000,3,0.9661585353,0.1314932012,0,0
29,138,010001010,3,0.9580792598,0.1175190397,0,0
29,266,100001010,3,0.9663109817,0.1359270001,0,0
29,266,100001010,3,0.9663109817,0.1359270001,0,0
29,256,100000000,1,0.8653963432,0.05144251033,0,0
29,266,100001010,3,0.9663109817,0.1359270001,0,0
29,328,101001000,3,0.9661585353,0.1314932012,0,0
29,136,010001000,2,0.9556402415,0.08872172865,0,0
29,394,110001010,4,0.9682926834,0.1485241046,0,0
29,328,101001000,3,0.9661585353,0.1314932012,0,0
29,256,100000000,1,0.8653963432,0.05144251033,0,0
29,459,111001011,6,0.9693597592,0.1673336257,0,0
29,286,100011110,5,0.9696646333,0.1719646058,0,0
29,459,111001011,6,0.9693597592,0.1673336257,0,0
29,170,010101010,4,0.9583841376,0.1237906108,0,0
29,170,010101010,4,0.9583841376,0.1237906108,0,0
29,266,100001010,3,0.9663109817,0.1359270001,0,0
29,266,100001010,3,0.9663109817,0.1359270001,0,0
29,266,100001010,3,0.9663109817,0.1359270001,0,0
29,328,101001000,3,0.9661585353,0.1314932012,0,0
29,286,100011110,5,0.9696646333,0.1719646058,0,0
29,256,100000000,1,0.8653963432,0.05144251033,0,0
29,266,100001010,3,0.9663109817,0.1359270001,0,0
29,459,111001011,6,0.9693597592,0.1673336257,0,0
29,170,010101010,4,0.9583841376,0.1237906108,0,0
29,170,010101010,4,0.9583841376,0.1237906108,0,0
29,394,110001010,4,0.9682926834,0.1485241046,0,0
29,266,100001010,3,0.9663109817,0.1359270001,0,0
29,394,110001010,4,0.9682926834,0.1485241046,0,0
29,170,010101010,4,0.9583841376,0.1237906108,0,0
29,266,100001010,3,0.9663109817,0.1359270001,0,0
29,266,100001010,3,0.9663109817,0.1359270001,0,0
29,256,100000000,1,0.8653963432,0.05144251033,0,0
29,256,100000000,1,0.8653963432,0.05144251033,0,0
29,256,100000000,1,0.8653963432,0.05144251033,0,0
29,394,110001010,4,0.9682926834,0.1485241046,0,0
29,170,010101010,4,0.9583841376,0.1237906108,0,0
29,328,101001000,3,0.9661585353,0.1314932012,0,0
29,286,100011110,5,0.9696646333,0.1719646058,0,0
29,256,100000000,1,0.8653963432,0.05144251033,0,0
29,136,010001000,2,0.9556402415,0.08872172865,0,0
29,136,010001000,2,0.9556402415,0.08872172865,0,0
29,394,110001010,4,0.9682926834,0.1485241046,0,0
29,328,101001000,3,0.9661585353,0.1314932012,0,0
29,136,010001000,2,0.9556402415,0.08872172865,0,0
29,328,101001000,3,0.9661585353,0.1314932012,0,0
29,266,100001010,3,0.9663109817,0.1359270001,0,0
29,256,100000000,1,0.8653963432,0.05144251033,0,0
29,136,010001000,2,0.9556402415,0.08872172865,0,0
29,136,010001000,2,0.9556402415,0.08872172865,0,0
29,256,100000000,1,0.8653963432,0.05144251033,0,0
29,138,010001010,3,0.9580792598,0.1175190397,0,0
29,136,010001000,2,0.9556402415,0.08872172865,0,0
29,463,111001111,7,0.9701219536,0.2215583678,0,0
29,170,010101010,4,0.9583841376,0.1237906108,0,0
29,128,010000000,1,0.9323170781,0.08404751134,0,0
29,128,010000000,1,0.9323170781,0.08404751134,0,0
29,136,010001000,2,0.9556402415,0.08872172865,0,0
29,256,100000000,1,0.8653963432,0.05144251033,0,0
29,136,010001000,2,0.9556402415,0.08872172865,0,0
29,328,101001000,3,0.9661585353,0.1314932012,0,0
29,128,010000000,1,0.9323170781,0.08404751134,0,0
29,256,100000000,1,0.8653963432,0.05144251033,0,0
29,128,010000000,1,0.9323170781,0.08404751134,0,0
29,256,100000000,1,0.8653963432,0.05144251033,0,0
29,256,100000000,1,0.8653963432,0.05144251033,0,0
29,128,010000000,1,0.9323170781,0.08404751134,0,0
29,138,010001010,3,0.9580792598,0.1175190397,0,0
29,136,010001000,2,0.9556402415,0.08872172865,0,0
29,128,010000000,1,0.9323170781,0.08404751134,0,0
29,128,010000000,1,0.9323170781,0.08404751134,0,0
29,128,010000000,1,0.9323170781,0.08404751134,0,0
29,256,100000000,1,0.8653963432,0.05144251033,0,0
29,286,100011110,5,0.9696646333,0.1719646058,0,0
29,128,010000000,1,0.9323170781,0.08404751134,0,0
29,128,010000000,1,0.9323170781,0.08404751134,0,0
29,394,110001010,4,0.9682926834,0.1485241046,0,0
29,266,100001010,3,0.9663109817,0.1359270001,0,0
29,128,010000000,1,0.9323170781,0.08404751134,0,0
29,256,100000000,1,0.8653963432,0.05144251033,0,0
29,4,000000100,1,0.9094512276,0.06868225115,0,0
29,4,000000100,1,0.9094512276,0.06868225115,0,0
29,463,111001111,7,0.9701219536,0.2215583678,0,0
29,128,010000000,1,0.9323170781,0.08404751134,0,0
29,4,000000100,1,0.9094512276,0.06868225115,0,0
29,256,100000000,1,0.8653963432,0.05144251033,0,0
29,4,000000100,1,0.9094512276,0.06868225115,0,0
29,256,100000000,1,0.8653963432,0.05144251033,0,0
29,4,000000100,1,0.9094512276,0.06868225115,0,0
29,128,010000000,1,0.9323170781,0.08404751134,0,0
29,256,100000000,1,0.8653963432,0.05144251033,0,0
29,4,000000100,1,0.9094512276,0.06868225115,0,0
29,4,000000100,1,0.9094512276,0.06868225115,0,0
29,256,100000000,1,0.8653963432,0.05144251033,0,0
29,4,000000100,1,0.9094512276,0.06868225115,0,0
29,463,111001111,7,0.9701219536,0.2215583678,0,0
29,256,100000000,1,0.8653963432,0.05144251033,0,0
29,136,010001000,2,0.9556402415,0.08872172865,0,0
29,256,100000000,1,0.8653963432,0.05144251033,0,0
29,256,100000000,1,0.8653963432,0.05144251033,0,0
29,463,111001111,7,0.9701219536,0.2215583678,0,0
29,256,100000000,1,0.8653963432,0.05144251033,0,0
29,463,111001111,7,0.9701219536,0.2215583678,0,0
29,256,100000000,1,0.8653963432,0.05144251033,0,0
29,463,111001111,7,0.9701219536,0.2215583678,0,0
29,328,101001000,3,0.9661585353,0.1314932012,0,0
29,463,111001111,7,0.9701219536,0.2215583678,0,0
29,4,000000100,1,0.9094512276,0.06868225115,0,0
29,463,111001111,7,0.9701219536,0.2215583678,0,0
29,256,100000000,1,0.8653963432,0.05144251033,0,0
30,256,100000000,1,0.8653963432,0.05144251033,0,inf
30,463,111001111,7,0.9701219536,0.2215583678,0,inf
30,256,100000000,1,0.8653963432,0.05144251033,0,0.5220108109
30,4,000000100,1,0.9094512276,0.06868225115,0,0.5220108109
30,4,000000100,1,0.9094512276,0.06868225115,0,0.308662907
30,128,010000000,1,0.9323170781,0.08404751134,0,0.308662907
30,286,100011110,5,0.9696646333,0.1719646058,0,0.295896174
30,463,111001111,7,0.9701219536,0.2215583678,0,0.295896174
30,128,010000000,1,0.9323170781,0.08404751134,0,0.2501840222
30,136,010001000,2,0.9556402415,0.08872172865,0,0.2501840222
30,138,010001010,3,0.9580792598,0.1175190397,0,0.1925701872
30,136,010001000,2,0.9556402415,0.08872172865,0,0.1925701872
30,170,010101010,4,0.9583841376,0.1237906108,0,0.1195143764
30,328,101001000,3,0.9661585353,0.1314932012,0,0.1195143764
30,394,110001010,4,0.9682926834,0.1485241046,0,0.09645812205
30,299,100101011,5,0.9684451278,0.1646855306,0,0.09645812205
30,394,110001010,4,0.9682926834,0.1485241046,0,0.09297294788
30,266,100001010,3,0.9663109817,0.1359270001,0,0.09297294788
30,138,010001010,3,0.9580792598,0.1175190397,0,0.03977767534
30,170,010101010,4,0.9583841376,0.1237906108,0,0.03977767534
30,459,111001011,6,0.9693597592,0.1673336257,0,0.03013367655
30,286,100011110,5,0.9696646333,0.1719646058,0,0.03013367655
30,328,101001000,3,0.9661585353,0.1314932012,0,0.02751908085
30,266,100001010,3,0.9663109817,0.1359270001,0,0.02751908085
30,299,100101011,5,0.9684451278,0.1646855306,0,0.02430001974
30,459,111001011,6,0.9693597592,0.1673336257,0,0.02430001974
30,256,100000000,1,0.8653963432,0.05144251033,0,0
30,256,100000000,1,0.8653963432,0.05144251033,0,0
30,256,100000000,1,0.8653963432,0.05144251033,0,0
30,266,100001010,3,0.9663109817,0.1359270001,0,0
30,256,100000000,1,0.8653963432,0.05144251033,0,0
30,256,100000000,1,0.8653963432,0.05144251033,0,0
30,394,110001010,4,0.9682926834,0.1485241046,0,0
30,266,100001010,3,0.9663109817,0.1359270001,0,0
30,459,111001011,6,0.9693597592,0.1673336257,0,0
30,256,100000000,1,0.8653963432,0.05144251033,0,0
30,459,111001011,6,0.9693597592,0.1673336257,0,0
30,459,111001011,6,0.9693597592,0.1673336257,0,0
30,266,100001010,3,0.9663109817,0.1359270001,0,0
30,266,100001010,3,0.9663109817,0.1359270001,0,0
30,328,101001000,3,0.9661585353,0.1314932012,0,0
30,459,111001011,6,0.9693597592,0.1673336257,0,0
30,459,111001011,6,0.9693597592,0.1673336257,0,0
30,266,100001010,3,0.9663109817,0.1359270001,0,0
30,328,101001000,3,0.9661585353,0.1314932012,0,0
30,394,110001010,4,0.9682926834,0.1485241046,0,0
30,256,100000000,1,0.8653963432,0.05144251033,0,0
30,459,111001011,6,0.9693597592,0.1673336257,0,0
30,299,100101011,5,0.9684451278,0.1646855306,0,0
30,170,010101010,4,0.9583841376,0.1237906108,0,0
30,299,100101011,5,0.9684451278,0.1646855306,0,0
30,266,100001010,3,0.9663109817,0.1359270001,0,0
30,328,101001000,3,0.9661585353,0.1314932012,0,0
30,138,010001010,3,0.9580792598,0.1175190397,0,0
30,266,100001010,3,0.9663109817,0.1359270001,0,0
30,266,100001010,3,0.9663109817,0.1359270001,0,0
30,138,010001010,3,0.9580792598,0.1175190397,0,0
30,266,100001010,3,0.9663109817,0.1359270001,0,0
30,328,101001000,3,0.9661585353,0.1314932012,0,0
30,136,010001000,2,0.9556402415,0.08872172865,0,0
30,394,110001010,4,0.9682926834,0.1485241046,0,0
30,328,101001000,3,0.9661585353,0.1314932012,0,0
30,256,100000000,1,0.8653963432,0.05144251033,0,0
30,459,111001011,6,0.9693597592,0.1673336257,0,0
30,286,100011110,5,0.9696646333,0.1719646058,0,0
30,459,111001011,6,0.9693597592,0.1673336257,0,0
30,170,010101010,4,0.9583841376,0.1237906108,0,0
30,170,010101010,4,0.9583841376,0.1237906108,0,0
30,266,100001010,3,0.9663109817,0.1359270001,0,0
30,459,111001011,6,0.9693597592,0.1673336257,0,0
30,266,100001010,3,0.9663109817,0.1359270001,0,0
30,328,101001000,3,0.9661585353,0.1314932012,0,0
30,286,100011110,5,0.9696646333,0.1719646058,0,0
30,256,100000000,1,0.8653963432,0.05144251033,0,0
30,266,100001010,3,0.9663109817,0.1359270001,0,0
30,459,111001011,6,0.9693597592,0.1673336257,0,0
30,138,010001010,3,0.9580792598,0.1175190397,0,0
30,170,010101010,4,0.9583841376,0.1237906108,0,0
30,394,110001010,4,0.9682926834,0.1485241046,0,0
30,266,100001010,3,0.9663109817,0.1359270001,0,0
30,394,110001010,4,0.9682926834,0.1485241046,0,0
30,170,010101010,4,0.9583841376,0.1237906108,0,0
30,266,100001010,3,0.9663109817,0.1359270001,0,0
30,266,100001010,3,0.9663109817,0.1359270001,0,0
30,136,010001000,2,0.9556402415,0.08872172865,0,0
30,128,010000000,1,0.9323170781,0.08404751134,0,0
30,256,100000000,1,0.8653963432,0.05144251033,0,0
30,266,100001010,3,0.9663109817,0.1359270001,0,0
30,170,010101010,4,0.9583841376,0.1237906108,0,0
30,328,101001000,3,0.9661585353,0.1314932012,0,0
30,286,100011110,5,0.9696646333,0.1719646058,0,0
30,136,010001000,2,0.9556402415,0.08872172865,0,0
30,463,111001111,7,0.9701219536,0.2215583678,0,0
30,136,010001000,2,0.9556402415,0.08872172865,0,0
30,394,110001010,4,0.9682926834,0.1485241046,0,0
30,328,101001000,3,0.9661585353,0.1314932012,0,0
30,136,010001000,2,0.9556402415,0.08872172865,0,0
30,328,101001000,3,0.9661585353,0.1314932012,0,0
30,266,100001010,3,0.9663109817,0.1359270001,0,0
30,138,010001010,3,0.9580792598,0.1175190397,0,0
30,136,010001000,2,0.9556402415,0.08872172865,0,0
30,136,010001000,2,0.9556402415,0.08872172865,0,0
30,256,100000000,1,0.8653963432,0.05144251033,0,0
30,394,110001010,4,0.9682926834,0.1485241046,0,0
30,136,010001000,2,0.9556402415,0.08872172865,0,0
30,463,111001111,7,0.9701219536,0.2215583678,0,0
30,170,010101010,4,0.9583841376,0.1237906108,0,0
30,128,010000000,1,0.9323170781,0.08404751134,0,0
30,128,010000000,1,0.9323170781,0.08404751134,0,0
30,136,010001000,2,0.9556402415,0.08872172865,0,0
30,256,100000000,1,0.8653963432,0.05144251033,0,0
30,136,010001000,2,0.9556402415,0.08872172865,0,0
30,328,101001000,3,0.9661585353,0.1314932012,0,0
30,286,100011110,5,0.9696646333,0.1719646058,0,0
30,256,100000000,1,0.8653963432,0.05144251033,0,0
30,128,010000000,1,0.9323170781,0.08404751134,0,0
30,256,100000000,1,0.8653963432,0.05144251033,0,0
30,256,100000000,1,0.8653963432,0.05144251033,0,0
30,128,010000000,1,0.9323170781,0.08404751134,0,0
30,138,010001010,3,0.9580792598,0.1175190397,0,0
30,328,101001000,3,0.9661585353,0.1314932012,0,0
30,128,010000000,1,0.9323170781,0.08404751134,0,0
30,128,010000000,1,0.9323170781,0.08404751134,0,0
30,128,010000000,1,0.9323170781,0.08404751134,0,0
30,256,100000000,1,0.8653963432,0.05144251033,0,0
30,286,100011110,5,0.9696646333,0.1719646058,0,0
30,128,010000000,1,0.9323170781,0.08404751134,0,0
30,128,010000000,1,0.9323170781,0.08404751134,0,0
30,394,110001010,4,0.9682926834,0.1485241046,0,0
30,266,100001010,3,0.9663109817,0.1359270001,0,0
30,128,010000000,1,0.9323170781,0.08404751134,0,0
30,256,100000000,1,0.8653963432,0.05144251033,0,0
30,4,000000100,1,0.9094512276,0.06868225115,0,0
30,4,000000100,1,0.9094512276,0.06868225115,0,0
30,463,111001111,7,0.9701219536,0.2215583678,0,0
30,128,010000000,1,0.9323170781,0.08404751134,0,0
30,4,000000100,1,0.9094512276,0.06868225115,0,0
30,256,100000000,1,0.8653963432,0.05144251033,0,0
30,4,000000100,1,0.9094512276,0.06868225115,0,0
30,256,100000000,1,0.8653963432,0.05144251033,0,0
30,4,000000100,1,0.9094512276,0.06868225115,0,0
30,128,010000000,1,0.9323170781,0.08404751134,0,0
30,256,100000000,1,0.8653963432,0.05144251033,0,0
30,4,000000100,1,0.9094512276,0.06868225115,0,0
30,4,000000100,1,0.9094512276,0.06868225115,0,0
30,256,100000000,1,0.8653963432,0.05144251033,0,0
30,4,000000100,1,0.9094512276,0.06868225115,0,0
30,463,111001111,7,0.9701219536,0.2215583678,0,0
30,256,100000000,1,0.8653963432,0.05144251033,0,0
30,136,010001000,2,0.9556402415,0.08872172865,0,0
30,256,100000000,1,0.8653963432,0.05144251033,0,0
30,256,100000000,1,0.8653963432,0.05144251033,0,0
30,463,111001111,7,0.9701219536,0.2215583678,0,0
30,256,100000000,1,0.8653963432,0.05144251033,0,0
30,463,111001111,7,0.9701219536,0.2215583678,0,0
30,256,100000000,1,0.8653963432,0.05144251033,0,0
30,4,000000100,1,0.9094512276,0.06868225115,0,0
30,328,101001000,3,0.9661585353,0.1314932012,0,0
30,463,111001111,7,0.9701219536,0.2215583678,0,0
30,256,100000000,1,0.8653963432,0.05144251033,0,0
30,463,111001111,7,0.9701219536,0.2215583678,0,0
30,256,100000000,1,0.8653963432,0.05144251033,0,0
31,463,111001111,7,0.9701219536,0.2215583678,0,inf
31,256,100000000,1,0.8653963432,0.05144251033,0,inf
31,4,000000100,1,0.9094512276,0.06868225115,0,0.5220108109
31,256,100000000,1,0.8653963432,0.05144251033,0,0.5220108109
31,128,010000000,1,0.9323170781,0.08404751134,0,0.308662907
31,4,000000100,1,0.9094512276,0.06868225115,0,0.308662907
31,463,111001111,7,0.9701219536,0.2215583678,0,0.295896174
31,286,100011110,5,0.9696646333,0.1719646058,0,0.295896174
31,136,010001000,2,0.9556402415,0.08872172865,0,0.2501840222
31,128,010000000,1,0.9323170781,0.08404751134,0,0.2501840222
31,136,010001000,2,0.9556402415,0.08872172865,0,0.1925701872
31,138,010001010,3,0.9580792598,0.1175190397,0,0.1925701872
31,170,010101010,4,0.9583841376,0.1237906108,0,0.1195143764
31,328,101001000,3,0.9661585353,0.1314932012,0,0.1195143764
31,394,110001010,4,0.9682926834,0.1485241046,0,0.09645812205
31,299,100101011,5,0.9684451278,0.1646855306,0,0.09645812205
31,266,100001010,3,0.9663109817,0.1359270001,0,0.09297294788
31,394,110001010,4,0.9682926834,0.1485241046,0,0.09297294788
31,170,010101010,4,0.9583841376,0.1237906108,0,0.03977767534
31,138,010001010,3,0.9580792598,0.1175190397,0,0.03977767534
31,286,100011110,5,0.9696646333,0.1719646058,0,0.03013367655
31,459,111001011,6,0.9693597592,0.1673336257,0,0.03013367655
31,328,101001000,3,0.9661585353,0.1314932012,0,0.02751908085
31,266,100001010,3,0.9663109817,0.1359270001,0,0.02751908085
31,459,111001011,6,0.9693597592,0.1673336257,0,0.02430001974
31,299,100101011,5,0.9684451278,0.1646855306,0,0.02430001974
31,463,111001111,7,0.9701219536,0.2215583678,0,0
31,256,100000000,1,0.8653963432,0.05144251033,0,0
31,256,100000000,1,0.8653963432,0.05144251033,0,0
31,266,100001010,3,0.9663109817,0.1359270001,0,0
31,256,100000000,1,0.8653963432,0.05144251033,0,0
31,256,100000000,1,0.8653963432,0.05144251033,0,0
31,394,110001010,4,0.9682926834,0.1485241046,0,0
31,266,100001010,3,0.9663109817,0.1359270001,0,0
31,459,111001011,6,0.9693597592,0.1673336257,0,0
31,256,100000000,1,0.8653963432,0.05144251033,0,0
31,459,111001011,6,0.9693597592,0.1673336257,0,0
31,459,111001011,6,0.9693597592,0.1673336257,0,0
31,266,100001010,3,0.9663109817,0.1359270001,0,0
31,266,100001010,3,0.9663109817,0.1359270001,0,0
31,328,101001000,3,0.9661585353,0.1314932012,0,0
31,459,111001011,6,0.9693597592,0.1673336257,0,0
31,459,111001011,6,0.9693597592,0.1673336257,0,0
31,266,100001010,3,0.9663109817,0.1359270001,0,0
31,256,100000000,1,0.8653963432,0.05144251033,0,0
31,394,110001010,4,0.9682926834,0.1485241046,0,0
31,459,111001011,6,0.9693597592,0.1673336257,0,0
31,328,101001000,3,0.9661585353,0.1314932012,0,0
31,299,100101011,5,0.9684451278,0.1646855306,0,0
31,170,010101010,4,0.9583841376,0.1237906108,0,0
31,299,100101011,5,0.9684451278,0.1646855306,0,0
31,266,100001010,3,0.9663109817,0.1359270001,0,0
31,328,101001000,3,0.9661585353,0.1314932012,0,0
31,286,100011110,5,0.9696646333,0.1719646058,0,0
31,266,100001010,3,0.9663109817,0.1359270001,0,0
31,266,100001010,3,0.9663109817,0.1359270001,0,0
31,138,010001010,3,0.9580792598,0.1175190397,0,0
31,266,100001010,3,0.9663109817,0.1359270001,0,0
31,328,101001000,3,0.9661585353,0.1314932012,0,0
31,136,010001000,2,0.9556402415,0.08872172865,0,0
31,394,110001010,4,0.9682926834,0.1485241046,0,0
31,328,101001000,3,0.9661585353,0.1314932012,0,0
31,459,111001011,6,0.9693597592,0.1673336257,0,0
31,459,111001011,6,0.9693597592,0.1673336257,0,0
31,286,100011110,5,0.9696646333,0.1719646058,0,0
31,459,111001011,6,0.9693597592,0.1673336257,0,0
31,170,010101010,4,0.9583841376,0.1237906108,0,0
31,170,010101010,4,0.9583841376,0.1237906108,0,0
31,266,100001010,3,0.9663109817,0.1359270001,0,0
31,459,111001011,6,0.9693597592,0.1673336257,0,0
31,266,100001010,3,0.9663109817,0.1359270001,0,0
31,328,101001000,3,0.9661585353,0.1314932012,0,0
31,286,100011110,5,0.9696646333,0.1719646058,0,0
31,256,100000000,1,0.8653963432,0.05144251033,0,0
31,266,100001010,3,0.9663109817,0.1359270001,0,0
31,459,111001011,6,0.9693597592,0.1673336257,0,0
31,138,010001010,3,0.9580792598,0.1175190397,0,0
31,170,010101010,4,0.9583841376,0.1237906108,0,0
31,394,110001010,4,0.9682926834,0.1485241046,0,0
31,266,100001010,3,0.9663109817,0.1359270001,0,0
31,394,110001010,4,0.9682926834,0.1485241046,0,0
31,170,010101010,4,0.9583841376,0.1237906108,0,0
31,266,100001010,3,0.9663109817,0.1359270001,0,0
31,170,010101010,4,0.9583841376,0.1237906108,0,0
31,138,010001010,3,0.9580792598,0.1175190397,0,0
31,128,010000000,1,0.9323170781,0.08404751134,0,0
31,256,100000000,1,0.8653963432,0.05144251033,0,0
31,266,100001010,3,0.9663109817,0.1359270001,0,0
31,266,100001010,3,0.9663109817,0.1359270001,0,0
31,328,101001000,3,0.9661585353,0.1314932012,0,0
31,394,110001010,4,0.9682926834,0.1485241046,0,0
31,136,010001000,2,0.9556402415,0.08872172865,0,0
31,328,101001000,3,0.9661585353,0.1314932012,0,0
31,136,010001000,2,0.9556402415,0.08872172865,0,0
31,394,110001010,4,0.9682926834,0.1485241046,0,0
31,328,101001000,3,0.9661585353,0.1314932012,0,0
31,136,010001000,2,0.9556402415,0.08872172865,0,0
31,328,101001000,3,0.9661585353,0.1314932012,0,0
31,256,100000000,1,0.8653963432,0.05144251033,0,0
31,136,010001000,2,0.9556402415,0.08872172865,0,0
31,138,010001010,3,0.9580792598,0.1175190397,0,0
31,136,010001000,2,0.9556402415,0.08872172865,0,0
31,256,100000000,1,0.8653963432,0.05144251033,0,0
31,136,010001000,2,0.9556402415,0.08872172865,0,0
31,136,010001000,2,0.9556402415,0.08872172865,0,0
31,463,111001111,7,0.9701219536,0.2215583678,0,0
31,463,111001111,7,0.9701219536,0.2215583678,0,0
31,128,010000000,1,0.9323170781,0.08404751134,0,0
31,128,010000000,1,0.9323170781,0.08404751134,0,0
31,136,010001000,2,0.9556402415,0.08872172865,0,0
31,256,100000000,1,0.8653963432,0.05144251033,0,0
31,136,010001000,2,0.9556402415,0.08872172865,0,0
31,286,100011110,5,0.9696646333,0.1719646058,0,0
31,128,010000000,1,0.9323170781,0.08404751134,0,0
31,256,100000000,1,0.8653963432,0.05144251033,0,0
31,128,010000000,1,0.9323170781,0.08404751134,0,0
31,256,100000000,1,0.8653963432,0.05144251033,0,0
31,256,100000000,1,0.8653963432,0.05144251033,0,0
31,128,010000000,1,0.9323170781,0.08404751134,0,0
31,138,010001010,3,0.9580792598,0.1175190397,0,0
31,328,101001000,3,0.9661585353,0.1314932012,0,0
31,128,010000000,1,0.9323170781,0.08404751134,0,0
31,128,010000000,1,0.9323170781,0.08404751134,0,0
31,128,010000000,1,0.9323170781,0.08404751134,0,0
31,256,100000000,1,0.8653963432,0.05144251033,0,0
31,286,100011110,5,0.9696646333,0.1719646058,0,0
31,128,010000000,1,0.9323170781,0.08404751134,0,0
31,128,010000000,1,0.9323170781,0.08404751134,0,0
31,394,110001010,4,0.9682926834,0.1485241046,0,0
31,266,100001010,3,0.9663109817,0.1359270001,0,0
31,128,010000000,1,0.9323170781,0.08404751134,0,0
31,256,100000000,1,0.8653963432,0.05144251033,0,0
31,4,000000100,1,0.9094512276,0.06868225115,0,0
31,4,000000100,1,0.9094512276,0.06868225115,0,0
31,463,111001111,7,0.9701219536,0.2215583678,0,0
31,4,000000100,1,0.9094512276,0.06868225115,0,0
31,4,000000100,1,0.9094512276,0.06868225115,0,0
31,256,100000000,1,0.8653963432,0.05144251033,0,0
31,4,000000100,1,0.9094512276,0.06868225115,0,0
31,256,100000000,1,0.8653963432,0.05144251033,0,0
31,4,000000100,1,0.9094512276,0.06868225115,0,0
31,128,010000000,1,0.9323170781,0.08404751134,0,0
31,256,100000000,1,0.8653963432,0.05144251033,0,0
31,4,000000100,1,0.9094512276,0.06868225115,0,0
31,4,000000100,1,0.9094512276,0.06868225115,0,0
31,256,100000000,1,0.8653963432,0.05144251033,0,0
31,4,000000100,1,0.9094512276,0.06868225115,0,0
31,463,111001111,7,0.9701219536,0.2215583678,0,0
31,256,100000000,1,0.8653963432,0.05144251033,0,0
31,136,010001000,2,0.9556402415,0.08872172865,0,0
31,256,100000000,1,0.8653963432,0.05144251033,0,0
31,256,100000000,1,0.8653963432,0.05144251033,0,0
31,463,111001111,7,0.9701219536,0.2215583678,0,0
31,256,100000000,1,0.8653963432,0.05144251033,0,0
31,463,111001111,7,0.9701219536,0.2215583678,0,0
31,256,100000000,1,0.8653963432,0.05144251033,0,0
31,256,100000000,1,0.8653963432,0.05144251033,0,0
31,328,101001000,3,0.9661585353,0.1314932012,0,0
31,463,111001111,7,0.9701219536,0.2215583678,0,0
31,256,100000000,1,0.8653963432,0.05144251033,0,0
31,463,111001111,7,0.9701219536,0.2215583678,0,0
31,256,100000000,1,0.8653963432,0.05144251033,0,0
32,463,111001111,7,0.9701219536,0.2215583678,0,inf
32,256,100000000,1,0.8653963432,0.05144251033,0,inf
32,256,100000000,1,0.8653963432,0.05144251033,0,0.5220108109
32,4,000000100,1,0.9094512276,0.06868225115,0,0.5220108109
32,4,000000100,1,0.9094512276,0.06868225115,0,0.308662907
32,128,010000000,1,0.9323170781,0.08404751134,0,0.308662907
32,463,111001111,7,0.9701219536,0.2215583678,0,0.295896174
32,286,100011110,5,0.9696646333,0.1719646058,0,0.295896174
32,128,010000000,1,0.9323170781,0.08404751134,0,0.2501840222
32,136,010001000,2,0.9556402415,0.08872172865,0,0.2501840222
32,138,010001010,3,0.9580792598,0.1175190397,0,0.1925701872
32,136,010001000,2,0.9556402415,0.08872172865,0,0.1925701872
32,170,010101010,4,0.9583841376,0.1237906108,0,0.1195143764
32,328,101001000,3,0.9661585353,0.1314932012,0,0.1195143764
32,299,100101011,5,0.9684451278,0.1646855306,0,0.09645812205
32,394,110001010,4,0.9682926834,0.1485241046,0,0.09645812205
32,266,100001010,3,0.9663109817,0.1359270001,0,0.09297294788
32,394,110001010,4,0.9682926834,0.1485241046,0,0.09297294788
32,138,010001010,3,0.9580792598,0.1175190397,0,0.03977767534
32,170,010101010,4,0.9583841376,0.1237906108,0,0.03977767534
32,286,100011110,5,0.9696646333,0.1719646058,0,0.03013367655
32,459,111001011,6,0.9693597592,0.1673336257,0,0.03013367655
32,328,101001000,3,0.9661585353,0.1314932012,0,0.02751908085
32,266,100001010,3,0.9663109817,0.1359270001,0,0.02751908085
32,299,100101011,5,0.9684451278,0.1646855306,0,0.02430001974
32,459,111001011,6,0.9693597592,0.1673336257,0,0.02430001974
32,170,010101010,4,0.9583841376,0.1237906108,0,0
32,4,000000100,1,0.9094512276,0.06868225115,0,0
32,256,100000000,1,0.8653963432,0.05144251033,0,0
32,266,100001010,3,0.9663109817,0.1359270001,0,0
32,256,100000000,1,0.8653963432,0.05144251033,0,0
32,463,111001111,7,0.9701219536,0.2215583678,0,0
32,394,110001010,4,0.9682926834,0.1485241046,0,0
32,266,100001010,3,0.9663109817,0.1359270001,0,0
32,299,100101011,5,0.9684451278,0.1646855306,0,0
32,256,100000000,1,0.8653963432,0.05144251033,0,0
32,459,111001011,6,0.9693597592,0.1673336257,0,0
32,459,111001011,6,0.9693597592,0.1673336257,0,0
32,266,100001010,3,0.9663109817,0.1359270001,0,0
32,266,100001010,3,0.9663109817,0.1359270001,0,0
32,328,101001000,3,0.9661585353,0.1314932012,0,0
32,459,111001011,6,0.9693597592,0.1673336257,0,0
32,459,111001011,6,0.9693597592,0.1673336257,0,0
32,266,100001010,3,0.9663109817,0.1359270001,0,0
32,256,100000000,1,0.8653963432,0.05144251033,0,0
32,266,100001010,3,0.9663109817,0.1359270001,0,0
32,459,111001011,6,0.9693597592,0.1673336257,0,0
32,328,101001000,3,0.9661585353,0.1314932012,0,0
32,299,100101011,5,0.9684451278,0.1646855306,0,0
32,170,010101010,4,0.9583841376,0.1237906108,0,0
32,328,101001000,3,0.9661585353,0.1314932012,0,0
32,266,100001010,3,0.9663109817,0.1359270001,0,0
32,328,101001000,3,0.9661585353,0.1314932012,0,0
32,286,100011110,5,0.9696646333,0.1719646058,0,0
32,459,111001011,6,0.9693597592,0.1673336257,0,0
32,266,100001010,3,0.9663109817,0.1359270001,0,0
32,138,010001010,3,0.9580792598,0.1175190397,0,0
32,266,100001010,3,0.9663109817,0.1359270001,0,0
32,286,100011110,5,0.9696646333,0.1719646058,0,0
32,136,010001000,2,0.9556402415,0.08872172865,0,0
32,394,110001010,4,0.9682926834,0.1485241046,0,0
32,138,010001010,3,0.9580792598,0.1175190397,0,0
32,459,111001011,6,0.9693597592,0.1673336257,0,0
32,459,111001011,6,0.9693597592,0.1673336257,0,0
32,170,010101010,4,0.9583841376,0.1237906108,0,0
32,459,111001011,6,0.9693597592,0.1673336257,0,0
32,170,010101010,4,0.9583841376,0.1237906108,0,0
32,266,100001010,3,0.9663109817,0.1359270001,0,0
32,266,100001010,3,0.9663109817,0.1359270001,0,0
32,459,111001011,6,0.9693597592,0.1673336257,0,0
32,266,100001010,3,0.9663109817,0.1359270001,0,0
32,328,101001000,3,0.9661585353,0.1314932012,0,0
32,394,110001010,4,0.9682926834,0.1485241046,0,0
32,328,101001000,3,0.9661585353,0.1314932012,0,0
32,266,100001010,3,0.9663109817,0.1359270001,0,0
32,459,111001011,6,0.9693597592,0.1673336257,0,0
32,138,010001010,3,0.9580792598,0.1175190397,0,0
32,170,010101010,4,0.9583841376,0.1237906108,0,0
32,394,110001010,4,0.9682926834,0.1485241046,0,0
32,266,100001010,3,0.9663109817,0.1359270001,0,0
32,394,110001010,4,0.9682926834,0.1485241046,0,0
32,170,010101010,4,0.9583841376,0.1237906108,0,0
32,138,010001010,3,0.9580792598,0.1175190397,0,0
32,136,010001000,2,0.9556402415,0.08872172865,0,0
32,136,010001000,2,0.9556402415,0.08872172865,0,0
32,128,010000000,1,0.9323170781,0.08404751134,0,0
32,256,100000000,1,0.8653963432,0.05144251033,0,0
32,266,100001010,3,0.9663109817,0.1359270001,0,0
32,266,100001010,3,0.9663109817,0.1359270001,0,0
32,328,101001000,3,0.9661585353,0.1314932012,0,0
32,394,110001010,4,0.9682926834,0.1485241046,0,0
32,136,010001000,2,0.9556402415,0.08872172865,0,0
32,328,101001000,3,0.9661585353,0.1314932012,0,0
32,136,010001000,2,0.9556402415,0.08872172865,0,0
32,394,110001010,4,0.9682926834,0.1485241046,0,0
32,328,101001000,3,0.9661585353,0.1314932012,0,0
32,136,010001000,2,0.9556402415,0.08872172865,0,0
32,328,101001000,3,0.9661585353,0.1314932012,0,0
32,256,100000000,1,0.8653963432,0.05144251033,0,0
32,136,010001000,2,0.9556402415,0.08872172865,0,0
32,138,010001010,3,0.9580792598,0.1175190397,0,0
32,136,010001000,2,0.9556402415,0.08872172865,0,0
32,256,100000000,1,0.8653963432,0.05144251033,0,0
32,136,010001000,2,0.9556402415,0.08872172865,0,0
32,286,100011110,5,0.9696646333,0.1719646058,0,0
32,463,111001111,7,0.9701219536,0.2215583678,0,0
32,463,111001111,7,0.9701219536,0.2215583678,0,0
32,128,010000000,1,0.9323170781,0.08404751134,0,0
32,128,010000000,1,0.9323170781,0.08404751134,0,0
32,136,010001000,2,0.9556402415,0.08872172865,0,0
32,256,100000000,1,0.8653963432,0.05144251033,0,0
32,136,010001000,2,0.9556402415,0.08872172865,0,0
32,286,100011110,5,0.9696646333,0.1719646058,0,0
32,128,010000000,1,0.9323170781,0.08404751134,0,0
32,256,100000000,1,0.8653963432,0.05144251033,0,0
32,128,010000000,1,0.9323170781,0.08404751134,0,0
32,256,100000000,1,0.8653963432,0.05144251033,0,0
32,256,100000000,1,0.8653963432,0.05144251033,0,0
32,128,010000000,1,0.9323170781,0.08404751134,0,0
32,463,111001111,7,0.9701219536,0.2215583678,0,0
32,328,101001000,3,0.9661585353,0.1314932012,0,0
32,128,010000000,1,0.9323170781,0.08404751134,0,0
32,128,010000000,1,0.9323170781,0.08404751134,0,0
32,4,000000100,1,0.9094512276,0.06868225115,0,0
32,256,100000000,1,0.8653963432,0.05144251033,0,0
32,286,100011110,5,0.9696646333,0.1719646058,0,0
32,128,010000000,1,0.9323170781,0.08404751134,0,0
32,128,010000000,1,0.9323170781,0.08404751134,0,0
32,394,110001010,4,0.9682926834,0.1485241046,0,0
32,266,100001010,3,0.9663109817,0.1359270001,0,0
32,128,010000000,1,0.9323170781,0.08404751134,0,0
32,256,100000000,1,0.8653963432,0.05144251033,0,0
32,4,000000100,1,0.9094512276,0.06868225115,0,0
32,128,010000000,1,0.9323170781,0.08404751134,0,0
32,463,111001111,7,0.9701219536,0.2215583678,0,0
32,4,000000100,1,0.9094512276,0.06868225115,0,0
32,4,000000100,1,0.9094512276,0.06868225115,0,0
32,256,100000000,1,0.8653963432,0.05144251033,0,0
32,256,100000000,1,0.8653963432,0.05144251033,0,0
32,256,100000000,1,0.8653963432,0.05144251033,0,0
32,4,000000100,1,0.9094512276,0.06868225115,0,0
32,128,010000000,1,0.9323170781,0.08404751134,0,0
32,256,100000000,1,0.8653963432,0.05144251033,0,0
32,4,000000100,1,0.9094512276,0.06868225115,0,0
32,4,000000100,1,0.9094512276,0.06868225115,0,0
32,256,100000000,1,0.8653963432,0.05144251033,0,0
32,4,000000100,1,0.9094512276,0.06868225115,0,0
32,4,000000100,1,0.9094512276,0.06868225115,0,0
32,256,100000000,1,0.8653963432,0.05144251033,0,0
32,256,100000000,1,0.8653963432,0.05144251033,0,0
32,256,100000000,1,0.8653963432,0.05144251033,0,0
32,256,100000000,1,0.8653963432,0.05144251033,0,0
32,463,111001111,7,0.9701219536,0.2215583678,0,0
32,256,100000000,1,0.8653963432,0.05144251033,0,0
32,463,111001111,7,0.9701219536,0.2215583678,0,0
32,256,100000000,1,0.8653963432,0.05144251033,0,0
32,256,100000000,1,0.8653963432,0.05144251033,0,0
32,328,101001000,3,0.9661585353,0.1314932012,0,0
32,463,111001111,7,0.9701219536,0.2215583678,0,0
32,256,100000000,1,0.8653963432,0.05144251033,0,0
32,463,111001111,7,0.9701219536,0.2215583678,0,0
32,256,100000000,1,0.8653963432,0.05144251033,0,0
33,256,100000000,1,0.8653963432,0.05144251033,0,inf
33,463,111001111,7,0.9701219536,0.2215583678,0,inf
33,4,000000100,1,0.9094512276,0.06868225115,0,0.5220108109
33,256,100000000,1,0.8653963432,0.05144251033,0,0.5220108109
33,128,010000000,1,0.9323170781,0.08404751134,0,0.308662907
33,4,000000100,1,0.9094512276,0.06868225115,0,0.308662907
33,286,100011110,5,0.9696646333,0.1719646058,0,0.295896174
33,463,111001111,7,0.9701219536,0.2215583678,0,0.295896174
33,136,010001000,2,0.9556402415,0.08872172865,0,0.2501840222
33,128,010000000,1,0.9323170781,0.08404751134,0,0.2501840222
33,136,010001000,2,0.9556402415,0.08872172865,0,0.1925701872
33,138,010001010,3,0.9580792598,0.1175190397,0,0.1925701872
33,328,101001000,3,0.9661585353,0.1314932012,0,0.1195143764
33,170,010101010,4,0.9583841376,0.1237906108,0,0.1195143764
33,299,100101011,5,0.9684451278,0.1646855306,0,0.09645812205
33,394,110001010,4,0.9682926834,0.1485241046,0,0.09645812205
33,394,110001010,4,0.9682926834,0.1485241046,0,0.09297294788
33,266,100001010,3,0.9663109817,0.1359270001,0,0.09297294788
33,138,010001010,3,0.9580792598,0.1175190397,0,0.03977767534
33,170,010101010,4,0.9583841376,0.1237906108,0,0.03977767534
33,286,100011110,5,0.9696646333,0.1719646058,0,0.03013367655
33,459,111001011,6,0.9693597592,0.1673336257,0,0.03013367655
33,266,100001010,3,0.9663109817,0.1359270001,0,0.02751908085
33,328,101001000,3,0.9661585353,0.1314932012,0,0.02751908085
33,459,111001011,6,0.9693597592,0.1673336257,0,0.02430001974
33,299,100101011,5,0.9684451278,0.1646855306,0,0.02430001974
33,256,100000000,1,0.8653963432,0.05144251033,0,0
33,4,000000100,1,0.9094512276,0.06868225115,0,0
33,256,100000000,1,0.8653963432,0.05144251033,0,0
33,266,100001010,3,0.9663109817,0.1359270001,0,0
33,170,010101010,4,0.9583841376,0.1237906108,0,0
33,463,111001111,7,0.9701219536,0.2215583678,0,0
33,459,111001011,6,0.9693597592,0.1673336257,0,0
33,266,100001010,3,0.9663109817,0.1359270001,0,0
33,299,100101011,5,0.9684451278,0.1646855306,0,0
33,256,100000000,1,0.8653963432,0.05144251033,0,0
33,459,111001011,6,0.9693597592,0.1673336257,0,0
33,459,111001011,6,0.9693597592,0.1673336257,0,0
33,266,100001010,3,0.9663109817,0.1359270001,0,0
33,266,100001010,3,0.9663109817,0.1359270001,0,0
33,328,101001000,3,0.9661585353,0.1314932012,0,0
33,266,100001010,3,0.9663109817,0.1359270001,0,0
33,459,111001011,6,0.9693597592,0.1673336257,0,0
33,266,100001010,3,0.9663109817,0.1359270001,0,0
33,256,100000000,1,0.8653963432,0.05144251033,0,0
33,266,100001010,3,0.9663109817,0.1359270001,0,0
33,459,111001011,6,0.9693597592,0.1673336257,0,0
33,328,101001000,3,0.9661585353,0.1314932012,0,0
33,299,100101011,5,0.9684451278,0.1646855306,0,0
33,328,101001000,3,0.9661585353,0.1314932012,0,0
33,328,101001000,3,0.9661585353,0.1314932012,0,0
33,266,100001010,3,0.9663109817,0.1359270001,0,0
33,459,111001011,6,0.9693597592,0.1673336257,0,0
33,286,100011110,5,0.9696646333,0.1719646058,0,0
33,459,111001011,6,0.9693597592,0.1673336257,0,0
33,266,100001010,3,0.9663109817,0.1359270001,0,0
33,286,100011110,5,0.9696646333,0.1719646058,0,0
33,266,100001010,3,0.9663109817,0.1359270001,0,0
33,170,010101010,4,0.9583841376,0.1237906108,0,0
33,136,010001000,2,0.9556402415,0.08872172865,0,0
33,394,110001010,4,0.9682926834,0.1485241046,0,0
33,138,010001010,3,0.9580792598,0.1175190397,0,0
33,459,111001011,6,0.9693597592,0.1673336257,0,0
33,459,111001011,6,0.9693597592,0.1673336257,0,0
33,170,010101010,4,0.9583841376,0.1237906108,0,0
33,459,111001011,6,0.9693597592,0.1673336257,0,0
33,170,010101010,4,0.9583841376,0.1237906108,0,0
33,266,100001010,3,0.9663109817,0.1359270001,0,0
33,266,100001010,3,0.9663109817,0.1359270001,0,0
33,459,111001011,6,0.9693597592,0.1673336257,0,0
33,266,100001010,3,0.9663109817,0.1359270001,0,0
33,328,101001000,3,0.9661585353,0.1314932012,0,0
33,394,110001010,4,0.9682926834,0.1485241046,0,0
33,328,101001000,3,0.9661585353,0.1314932012,0,0
33,266,100001010,3,0.9663109817,0.1359270001,0,0
33,459,111001011,6,0.9693597592,0.1673336257,0,0
33,138,010001010,3,0.9580792598,0.1175190397,0,0
33,170,010101010,4,0.9583841376,0.1237906108,0,0
33,394,110001010,4,0.9682926834,0.1485241046,0,0
33,266,100001010,3,0.9663109817,0.1359270001,0,0
33,394,110001010,4,0.9682926834,0.1485241046,0,0
33,170,010101010,4,0.9583841376,0.1237906108,0,0
33,138,010001010,3,0.9580792598,0.1175190397,0,0
33,394,110001010,4,0.9682926834,0.1485241046,0,0
33,266,100001010,3,0.9663109817,0.1359270001,0,0
33,256,100000000,1,0.8653963432,0.05144251033,0,0
33,256,100000000,1,0.8653963432,0.05144251033,0,0
33,394,110001010,4,0.9682926834,0.1485241046,0,0
33,266,100001010,3,0.9663109817,0.1359270001,0,0
33,328,101001000,3,0.9661585353,0.1314932012,0,0
33,170,010101010,4,0.9583841376,0.1237906108,0,0
33,136,010001000,2,0.9556402415,0.08872172865,0,0
33,328,101001000,3,0.9661585353,0.1314932012,0,0
33,136,010001000,2,0.9556402415,0.08872172865,0,0
33,394,110001010,4,0.9682926834,0.1485241046,0,0
33,328,101001000,3,0.9661585353,0.1314932012,0,0
33,136,010001000,2,0.9556402415,0.08872172865,0,0
33,328,101001000,3,0.9661585353,0.1314932012,0,0
33,4,000000100,1,0.9094512276,0.06868225115,0,0
33,136,010001000,2,0.9556402415,0.08872172865,0,0
33,138,010001010,3,0.9580792598,0.1175190397,0,0
33,136,010001000,2,0.9556402415,0.08872172865,0,0
33,256,100000000,1,0.8653963432,0.05144251033,0,0
33,136,010001000,2,0.9556402415,0.08872172865,0,0
33,286,100011110,5,0.9696646333,0.1719646058,0,0
33,463,111001111,7,0.9701219536,0.2215583678,0,0
33,463,111001111,7,0.9701219536,0.2215583678,0,0
33,128,010000000,1,0.9323170781,0.08404751134,0,0
33,128,010000000,1,0.9323170781,0.08404751134,0,0
33,136,010001000,2,0.9556402415,0.08872172865,0,0
33,256,100000000,1,0.8653963432,0.05144251033,0,0
33,136,010001000,2,0.9556402415,0.08872172865,0,0
33,286,100011110,5,0.9696646333,0.1719646058,0,0
33,128,010000000,1,0.9323170781,0.08404751134,0,0
33,256,100000000,1,0.8653963432,0.05144251033,0,0
33,128,010000000,1,0.9323170781,0.08404751134,0,0
33,256,100000000,1,0.8653963432,0.05144251033,0,0
33,256,100000000,1,0.8653963432,0.05144251033,0,0
33,128,010000000,1,0.9323170781,0.08404751134,0,0
33,463,111001111,7,0.9701219536,0.2215583678,0,0
33,328,101001000,3,0.9661585353,0.1314932012,0,0
33,128,010000000,1,0.9323170781,0.08404751134,0,0
33,128,010000000,1,0.9323170781,0.08404751134,0,0
33,136,010001000,2,0.9556402415,0.08872172865,0,0
33,256,100000000,1,0.8653963432,0.05144251033,0,0
33,138,010001010,3,0.9580792598,0.1175190397,0,0
33,128,010000000,1,0.9323170781,0.08404751134,0,0
33,128,010000000,1,0.9323170781,0.08404751134,0,0
33,394,110001010,4,0.9682926834,0.1485241046,0,0
33,266,100001010,3,0.9663109817,0.1359270001,0,0
33,128,010000000,1,0.9323170781,0.08404751134,0,0
33,256,100000000,1,0.8653963432,0.05144251033,0,0
33,4,000000100,1,0.9094512276,0.06868225115,0,0
33,128,010000000,1,0.9323170781,0.08404751134,0,0
33,463,111001111,7,0.9701219536,0.2215583678,0,0
33,4,000000100,1,0.9094512276,0.06868225115,0,0
33,4,000000100,1,0.9094512276,0.06868225115,0,0
33,136,010001000,2,0.9556402415,0.08872172865,0,0
33,256,100000000,1,0.8653963432,0.05144251033,0,0
33,256,100000000,1,0.8653963432,0.05144251033,0,0
33,4,000000100,1,0.9094512276,0.06868225115,0,0
33,128,010000000,1,0.9323170781,0.08404751134,0,0
33,256,100000000,1,0.8653963432,0.05144251033,0,0
33,128,010000000,1,0.9323170781,0.08404751134,0,0
33,4,000000100,1,0.9094512276,0.06868225115,0,0
33,256,100000000,1,0.8653963432,0.05144251033,0,0
33,4,000000100,1,0.9094512276,0.06868225115,0,0
33,4,000000100,1,0.9094512276,0.06868225115,0,0
33,256,100000000,1,0.8653963432,0.05144251033,0,0
33,256,100000000,1,0.8653963432,0.05144251033,0,0
33,256,100000000,1,0.8653963432,0.05144251033,0,0
33,256,100000000,1,0.8653963432,0.05144251033,0,0
33,286,100011110,5,0.9696646333,0.1719646058,0,0
33,256,100000000,1,0.8653963432,0.05144251033,0,0
33,463,111001111,7,0.9701219536,0.2215583678,0,0
33,256,100000000,1,0.8653963432,0.05144251033,0,0
33,256,100000000,1,0.8653963432,0.05144251033,0,0
33,328,101001000,3,0.9661585353,0.1314932012,0,0
33,463,111001111,7,0.9701219536,0.2215583678,0,0
33,256,100000000,1,0.8653963432,0.05144251033,0,0
33,463,111001111,7,0.9701219536,0.2215583678,0,0
33,256,100000000,1,0.8653963432,0.05144251033,0,0
34,463,111001111,7,0.9701219536,0.2215583678,0,inf
34,256,100000000,1,0.8653963432,0.05144251033,0,inf
34,4,000000100,1,0.9094512276,0.06868225115,0,0.5220108109
34,256,100000000,1,0.8653963432,0.05144251033,0,0.5220108109
34,4,000000100,1,0.9094512276,0.06868225115,0,0.308662907
34,128,010000000,1,0.9323170781,0.08404751134,0,0.308662907
34,463,111001111,7,0.9701219536,0.2215583678,0,0.295896174
34,286,100011110,5,0.9696646333,0.1719646058,0,0.295896174
34,136,010001000,2,0.9556402415,0.08872172865,0,0.2501840222
34,128,010000000,1,0.9323170781,0.08404751134,0,0.2501840222
34,136,010001000,2,0.9556402415,0.08872172865,0,0.1925701872
34,138,010001010,3,0.9580792598,0.1175190397,0,0.1925701872
34,328,101001000,3,0.9661585353,0.1314932012,0,0.1195143764
34,170,010101010,4,0.9583841376,0.1237906108,0,0.1195143764
34,299,100101011,5,0.9684451278,0.1646855306,0,0.09645812205
34,394,110001010,4,0.9682926834,0.1485241046,0,0.09645812205
34,394,110001010,4,0.9682926834,0.1485241046,0,0.09297294788
34,266,100001010,3,0.9663109817,0.1359270001,0,0.09297294788
34,138,010001010,3,0.9580792598,0.1175190397,0,0.03977767534
34,170,010101010,4,0.9583841376,0.1237906108,0,0.03977767534
34,286,100011110,5,0.9696646333,0.1719646058,0,0.03013367655
34,459,111001011,6,0.9693597592,0.1673336257,0,0.03013367655
34,328,101001000,3,0.9661585353,0.1314932012,0,0.02751908085
34,266,100001010,3,0.9663109817,0.1359270001,0,0.02751908085
34,299,100101011,5,0.9684451278,0.1646855306,0,0.02430001974
34,459,111001011,6,0.9693597592,0.1673336257,0,0.02430001974
34,463,111001111,7,0.9701219536,0.2215583678,0,0
34,128,010000000,1,0.9323170781,0.08404751134,0,0
34,256,100000000,1,0.8653963432,0.05144251033,0,0
34,266,100001010,3,0.9663109817,0.1359270001,0,0
34,170,010101010,4,0.9583841376,0.1237906108,0,0
34,463,111001111,7,0.9701219536,0.2215583678,0,0
34,459,111001011,6,0.9693597592,0.1673336257,0,0
34,266,100001010,3,0.9663109817,0.1359270001,0,0
34,256,100000000,1,0.8653963432,0.05144251033,0,0
34,256,100000000,1,0.8653963432,0.05144251033,0,0
34,299,100101011,5,0.9684451278,0.1646855306,0,0
34,459,111001011,6,0.9693597592,0.1673336257,0,0
34,266,100001010,3,0.9663109817,0.1359270001,0,0
34,266,100001010,3,0.9663109817,0.1359270001,0,0
34,459,111001011,6,0.9693597592,0.1673336257,0,0
34,266,100001010,3,0.9663109817,0.1359270001,0,0
34,328,101001000,3,0.9661585353,0.1314932012,0,0
34,266,100001010,3,0.9663109817,0.1359270001,0,0
34,459,111001011,6,0.9693597592,0.1673336257,0,0
34,266,100001010,3,0.9663109817,0.1359270001,0,0
34,459,111001011,6,0.9693597592,0.1673336257,0,0
34,328,101001000,3,0.9661585353,0.1314932012,0,0
34,299,100101011,5,0.9684451278,0.1646855306,0,0
34,328,101001000,3,0.9661585353,0.1314932012,0,0
34,328,101001000,3,0.9661585353,0.1314932012,0,0
34,286,100011110,5,0.9696646333,0.1719646058,0,0
34,459,111001011,6,0.9693597592,0.1673336257,0,0
34,286,100011110,5,0.9696646333,0.1719646058,0,0
34,459,111001011,6,0.9693597592,0.1673336257,0,0
34,266,100001010,3,0.9663109817,0.1359270001,0,0
34,286,100011110,5,0.9696646333,0.1719646058,0,0
34,266,100001010,3,0.9663109817,0.1359270001,0,0
34,170,010101010,4,0.9583841376,0.1237906108,0,0
34,136,010001000,2,0.9556402415,0.08872172865,0,0
34,394,110001010,4,0.9682926834,0.1485241046,0,0
34,138,010001010,3,0.9580792598,0.1175190397,0,0
34,459,111001011,6,0.9693597592,0.1673336257,0,0
34,459,111001011,6,0.9693597592,0.1673336257,0,0
34,170,010101010,4,0.9583841376,0.1237906108,0,0
34,459,111001011,6,0.9693597592,0.1673336257,0,0
34,170,010101010,4,0.9583841376,0.1237906108,0,0
34,266,100001010,3,0.9663109817,0.1359270001,0,0
34,266,100001010,3,0.9663109817,0.1359270001,0,0
34,459,111001011,6,0.9693597592,0.1673336257,0,0
34,266,100001010,3,0.9663109817,0.1359270001,0,0
34,328,101001000,3,0.9661585353,0.1314932012,0,0
34,394,110001010,4,0.9682926834,0.1485241046,0,0
34,170,010101010,4,0.9583841376,0.1237906108,0,0
34,266,100001010,3,0.9663109817,0.1359270001,0,0
34,459,111001011,6,0.9693597592,0.1673336257,0,0
34,138,010001010,3,0.9580792598,0.1175190397,0,0
34,170,010101010,4,0.9583841376,0.1237906108,0,0
34,138,010001010,3,0.9580792598,0.1175190397,0,0
34,266,100001010,3,0.9663109817,0.1359270001,0,0
34,394,110001010,4,0.9682926834,0.1485241046,0,0
34,170,010101010,4,0.9583841376,0.1237906108,0,0
34,266,100001010,3,0.9663109817,0.1359270001,0,0
34,256,100000000,1,0.8653963432,0.05144251033,0,0
34,394,110001010,4,0.9682926834,0.1485241046,0,0
34,394,110001010,4,0.9682926834,0.1485241046,0,0
34,256,100000000,1,0.8653963432,0.05144251033,0,0
34,394,110001010,4,0.9682926834,0.1485241046,0,0
34,266,100001010,3,0.9663109817,0.1359270001,0,0
34,328,101001000,3,0.9661585353,0.1314932012,0,0
34,299,100101011,5,0.9684451278,0.1646855306,0,0
34,328,101001000,3,0.9661585353,0.1314932012,0,0
34,328,101001000,3,0.9661585353,0.1314932012,0,0
34,136,010001000,2,0.9556402415,0.08872172865,0,0
34,394,110001010,4,0.9682926834,0.1485241046,0,0
34,328,101001000,3,0.9661585353,0.1314932012,0,0
34,136,010001000,2,0.9556402415,0.08872172865,0,0
34,4,000000100,1,0.9094512276,0.06868225115,0,0
34,4,000000100,1,0.9094512276,0.06868225115,0,0
34,136,010001000,2,0.9556402415,0.08872172865,0,0
34,138,010001010,3,0.9580792598,0.1175190397,0,0
34,136,010001000,2,0.9556402415,0.08872172865,0,0
34,256,100000000,1,0.8653963432,0.05144251033,0,0
34,136,010001000,2,0.9556402415,0.08872172865,0,0
34,138,010001010,3,0.9580792598,0.1175190397,0,0
34,463,111001111,7,0.9701219536,0.2215583678,0,0
34,136,010001000,2,0.9556402415,0.08872172865,0,0
34,128,010000000,1,0.9323170781,0.08404751134,0,0
34,128,010000000,1,0.9323170781,0.08404751134,0,0
34,128,010000000,1,0.9323170781,0.08404751134,0,0
34,256,100000000,1,0.8653963432,0.05144251033,0,0
34,136,010001000,2,0.9556402415,0.08872172865,0,0
34,286,100011110,5,0.9696646333,0.1719646058,0,0
34,128,010000000,1,0.9323170781,0.08404751134,0,0
34,256,100000000,1,0.8653963432,0.05144251033,0,0
34,128,010000000,1,0.9323170781,0.08404751134,0,0
34,256,100000000,1,0.8653963432,0.05144251033,0,0
34,256,100000000,1,0.8653963432,0.05144251033,0,0
34,128,010000000,1,0.9323170781,0.08404751134,0,0
34,463,111001111,7,0.9701219536,0.2215583678,0,0
34,328,101001000,3,0.9661585353,0.1314932012,0,0
34,128,010000000,1,0.9323170781,0.08404751134,0,0
34,128,010000000,1,0.9323170781,0.08404751134,0,0
34,136,010001000,2,0.9556402415,0.08872172865,0,0
34,256,100000000,1,0.8653963432,0.05144251033,0,0
34,136,010001000,2,0.9556402415,0.08872172865,0,0
34,128,010000000,1,0.9323170781,0.08404751134,0,0
34,463,111001111,7,0.9701219536,0.2215583678,0,0
34,394,110001010,4,0.9682926834,0.1485241046,0,0
34,266,100001010,3,0.9663109817,0.1359270001,0,0
34,128,010000000,1,0.9323170781,0.08404751134,0,0
34,256,100000000,1,0.8653963432,0.05144251033,0,0
34,4,000000100,1,0.9094512276,0.06868225115,0,0
34,128,010000000,1,0.9323170781,0.08404751134,0,0
34,128,010000000,1,0.9323170781,0.08404751134,0,0
34,4,000000100,1,0.9094512276,0.06868225115,0,0
34,4,000000100,1,0.9094512276,0.06868225115,0,0
34,136,010001000,2,0.9556402415,0.08872172865,0,0
34,256,100000000,1,0.8653963432,0.05144251033,0,0
34,256,100000000,1,0.8653963432,0.05144251033,0,0
34,4,000000100,1,0.9094512276,0.06868225115,0,0
34,128,010000000,1,0.9323170781,0.08404751134,0,0
34,256,100000000,1,0.8653963432,0.05144251033,0,0
34,128,010000000,1,0.9323170781,0.08404751134,0,0
34,4,000000100,1,0.9094512276,0.06868225115,0,0
34,256,100000000,1,0.8653963432,0.05144251033,0,0
34,4,000000100,1,0.9094512276,0.06868225115,0,0
34,4,000000100,1,0.9094512276,0.06868225115,0,0
34,256,100000000,1,0.8653963432,0.05144251033,0,0
34,256,100000000,1,0.8653963432,0.05144251033,0,0
34,256,100000000,1,0.8653963432,0.05144251033,0,0
34,256,100000000,1,0.8653963432,0.05144251033,0,0
34,286,100011110,5,0.9696646333,0.1719646058,0,0
34,256,100000000,1,0.8653963432,0.05144251033,0,0
34,463,111001111,7,0.9701219536,0.2215583678,0,0
34,256,100000000,1,0.8653963432,0.05144251033,0,0
34,256,100000000,1,0.8653963432,0.05144251033,0,0
34,328,101001000,3,0.9661585353,0.1314932012,0,0
34,463,111001111,7,0.9701219536,0.2215583678,0,0
34,256,100000000,1,0.8653963432,0.05144251033,0,0
34,463,111001111,7,0.9701219536,0.2215583678,0,0
34,256,100000000,1,0.8653963432,0.05144251033,0,0
35,256,100000000,1,0.8653963432,0.05144251033,0,inf
35,463,111001111,7,0.9701219536,0.2215583678,0,inf
35,256,100000000,1,0.8653963432,0.05144251033,0,0.5220108109
35,4,000000100,1,0.9094512276,0.06868225115,0,0.5220108109
35,128,010000000,1,0.9323170781,0.08404751134,0,0.308662907
35,4,000000100,1,0.9094512276,0.06868225115,0,0.308662907
35,463,111001111,7,0.9701219536,0.2215583678,0,0.295896174
35,286,100011110,5,0.9696646333,0.1719646058,0,0.295896174
35,136,010001000,2,0.9556402415,0.08872172865,0,0.2501840222
35,128,010000000,1,0.9323170781,0.08404751134,0,0.2501840222
35,136,010001000,2,0.9556402415,0.08872172865,0,0.1925701872
35,138,010001010,3,0.9580792598,0.1175190397,0,0.1925701872
35,328,101001000,3,0.9661585353,0.1314932012,0,0.1195143764
35,170,010101010,4,0.9583841376,0.1237906108,0,0.1195143764
35,394,110001010,4,0.9682926834,0.1485241046,0,0.09645812205
35,299,100101011,5,0.9684451278,0.1646855306,0,0.09645812205
35,394,110001010,4,0.9682926834,0.1485241046,0,0.09297294788
35,266,100001010,3,0.9663109817,0.1359270001,0,0.09297294788
35,138,010001010,3,0.9580792598,0.1175190397,0,0.03977767534
35,170,010101010,4,0.9583841376,0.1237906108,0,0.03977767534
35,286,100011110,5,0.9696646333,0.1719646058,0,0.03013367655
35,459,111001011,6,0.9693597592,0.1673336257,0,0.03013367655
35,328,101001000,3,0.9661585353,0.1314932012,0,0.02751908085
35,266,100001010,3,0.9663109817,0.1359270001,0,0.02751908085
35,459,111001011,6,0.9693597592,0.1673336257,0,0.02430001974
35,299,100101011,5,0.9684451278,0.1646855306,0,0.02430001974
35,394,110001010,4,0.9682926834,0.1485241046,0,0
35,256,100000000,1,0.8653963432,0.05144251033,0,0
35,256,100000000,1,0.8653963432,0.05144251033,0,0
35,459,111001011,6,0.9693597592,0.1673336257,0,0
35,170,010101010,4,0.9583841376,0.1237906108,0,0
35,463,111001111,7,0.9701219536,0.2215583678,0,0
35,459,111001011,6,0.9693597592,0.1673336257,0,0
35,266,100001010,3,0.9663109817,0.1359270001,0,0
35,256,100000000,1,0.8653963432,0.05144251033,0,0
35,256,100000000,1,0.8653963432,0.05144251033,0,0
35,299,100101011,5,0.9684451278,0.1646855306,0,0
35,459,111001011,6,0.9693597592,0.1673336257,0,0
35,266,100001010,3,0.9663109817,0.1359270001,0,0
35,266,100001010,3,0.9663109817,0.1359270001,0,0
35,459,111001011,6,0.9693597592,0.1673336257,0,0
35,266,100001010,3,0.9663109817,0.1359270001,0,0
35,328,101001000,3,0.9661585353,0.1314932012,0,0
35,266,100001010,3,0.9663109817,0.1359270001,0,0
35,459,111001011,6,0.9693597592,0.1673336257,0,0
35,266,100001010,3,0.9663109817,0.1359270001,0,0
35,266,100001010,3,0.9663109817,0.1359270001,0,0
35,328,101001000,3,0.9661585353,0.1314932012,0,0
35,328,101001000,3,0.9661585353,0.1314932012,0,0
35,328,101001000,3,0.9661585353,0.1314932012,0,0
35,328,101001000,3,0.9661585353,0.1314932012,0,0
35,286,100011110,5,0.9696646333,0.1719646058,0,0
35,459,111001011,6,0.9693597592,0.1673336257,0,0
35,286,100011110,5,0.9696646333,0.1719646058,0,0
35,459,111001011,6,0.9693597592,0.1673336257,0,0
35,266,100001010,3,0.9663109817,0.1359270001,0,0
35,170,010101010,4,0.9583841376,0.1237906108,0,0
35,266,100001010,3,0.9663109817,0.1359270001,0,0
35,138,010001010,3,0.9580792598,0.1175190397,0,0
35,136,010001000,2,0.9556402415,0.08872172865,0,0
35,266,100001010,3,0.9663109817,0.1359270001,0,0
35,138,010001010,3,0.9580792598,0.1175190397,0,0
35,459,111001011,6,0.9693597592,0.1673336257,0,0
35,459,111001011,6,0.9693597592,0.1673336257,0,0
35,170,010101010,4,0.9583841376,0.1237906108,0,0
35,459,111001011,6,0.9693597592,0.1673336257,0,0
35,170,010101010,4,0.9583841376,0.1237906108,0,0
35,394,110001010,4,0.9682926834,0.1485241046,0,0
35,266,100001010,3,0.9663109817,0.1359270001,0,0
35,459,111001011,6,0.9693597592,0.1673336257,0,0
35,266,100001010,3,0.9663109817,0.1359270001,0,0
35,328,101001000,3,0.9661585353,0.1314932012,0,0
35,394,110001010,4,0.9682926834,0.1485241046,0,0
35,299,100101011,5,0.9684451278,0.1646855306,0,0
35,266,100001010,3,0.9663109817,0.1359270001,0,0
35,459,111001011,6,0.9693597592,0.1673336257,0,0
35,138,010001010,3,0.9580792598,0.1175190397,0,0
35,170,010101010,4,0.9583841376,0.1237906108,0,0
35,138,010001010,3,0.9580792598,0.1175190397,0,0
35,266,100001010,3,0.9663109817,0.1359270001,0,0
35,394,110001010,4,0.9682926834,0.1485241046,0,0
35,170,010101010,4,0.9583841376,0.1237906108,0,0
35,266,100001010,3,0.9663109817,0.1359270001,0,0
35,170,010101010,4,0.9583841376,0.1237906108,0,0
35,394,110001010,4,0.9682926834,0.1485241046,0,0
35,328,101001000,3,0.9661585353,0.1314932012,0,0
35,138,010001010,3,0.9580792598,0.1175190397,0,0
35,394,110001010,4,0.9682926834,0.1485241046,0,0
35,266,100001010,3,0.9663109817,0.1359270001,0,0
35,328,101001000,3,0.9661585353,0.1314932012,0,0
35,299,100101011,5,0.9684451278,0.1646855306,0,0
35,328,101001000,3,0.9661585353,0.1314932012,0,0
35,328,101001000,3,0.9661585353,0.1314932012,0,0
35,136,010001000,2,0.9556402415,0.08872172865,0,0
35,394,110001010,4,0.9682926834,0.1485241046,0,0
35,328,101001000,3,0.9661585353,0.1314932012,0,0
35,136,010001000,2,0.9556402415,0.08872172865,0,0
35,4,000000100,1,0.9094512276,0.06868225115,0,0
35,4,000000100,1,0.9094512276,0.06868225115,0,0
35,136,010001000,2,0.9556402415,0.08872172865,0,0
35,128,010000000,1,0.9323170781,0.08404751134,0,0
35,136,010001000,2,0.9556402415,0.08872172865,0,0
35,256,100000000,1,0.8653963432,0.05144251033,0,0
35,136,010001000,2,0.9556402415,0.08872172865,0,0
35,136,010001000,2,0.9556402415,0.08872172865,0,0
35,463,111001111,7,0.9701219536,0.2215583678,0,0
35,136,010001000,2,0.9556402415,0.08872172865,0,0
35,128,010000000,1,0.9323170781,0.08404751134,0,0
35,128,010000000,1,0.9323170781,0.08404751134,0,0
35,128,010000000,1,0.9323170781,0.08404751134,0,0
35,256,100000000,1,0.8653963432,0.05144251033,0,0
35,136,010001000,2,0.9556402415,0.08872172865,0,0
35,286,100011110,5,0.9696646333,0.1719646058,0,0
35,128,010000000,1,0.9323170781,0.08404751134,0,0
35,256,100000000,1,0.8653963432,0.05144251033,0,0
35,128,010000000,1,0.9323170781,0.08404751134,0,0
35,256,100000000,1,0.8653963432,0.05144251033,0,0
35,256,100000000,1,0.8653963432,0.05144251033,0,0
35,128,010000000,1,0.9323170781,0.08404751134,0,0
35,463,111001111,7,0.9701219536,0.2215583678,0,0
35,328,101001000,3,0.9661585353,0.1314932012,0,0
35,128,010000000,1,0.9323170781,0.08404751134,0,0
35,128,010000000,1,0.9323170781,0.08404751134,0,0
35,136,010001000,2,0.9556402415,0.08872172865,0,0
35,256,100000000,1,0.8653963432,0.05144251033,0,0
35,286,100011110,5,0.9696646333,0.1719646058,0,0
35,128,010000000,1,0.9323170781,0.08404751134,0,0
35,463,111001111,7,0.9701219536,0.2215583678,0,0
35,394,110001010,4,0.9682926834,0.1485241046,0,0
35,266,100001010,3,0.9663109817,0.1359270001,0,0
35,128,010000000,1,0.9323170781,0.08404751134,0,0
35,256,100000000,1,0.8653963432,0.05144251033,0,0
35,4,000000100,1,0.9094512276,0.06868225115,0,0
35,463,111001111,7,0.9701219536,0.2215583678,0,0
35,128,010000000,1,0.9323170781,0.08404751134,0,0
35,128,010000000,1,0.9323170781,0.08404751134,0,0
35,4,000000100,1,0.9094512276,0.06868225115,0,0
35,136,010001000,2,0.9556402415,0.08872172865,0,0
35,256,100000000,1,0.8653963432,0.05144251033,0,0
35,4,000000100,1,0.9094512276,0.06868225115,0,0
35,4,000000100,1,0.9094512276,0.06868225115,0,0
35,128,010000000,1,0.9323170781,0.08404751134,0,0
35,256,100000000,1,0.8653963432,0.05144251033,0,0
35,128,010000000,1,0.9323170781,0.08404751134,0,0
35,4,000000100,1,0.9094512276,0.06868225115,0,0
35,256,100000000,1,0.8653963432,0.05144251033,0,0
35,4,000000100,1,0.9094512276,0.06868225115,0,0
35,256,100000000,1,0.8653963432,0.05144251033,0,0
35,256,100000000,1,0.8653963432,0.05144251033,0,0
35,256,100000000,1,0.8653963432,0.05144251033,0,0
35,256,100000000,1,0.8653963432,0.05144251033,0,0
35,256,100000000,1,0.8653963432,0.05144251033,0,0
35,286,100011110,5,0.9696646333,0.1719646058,0,0
35,256,100000000,1,0.8653963432,0.05144251033,0,0
35,463,111001111,7,0.9701219536,0.2215583678,0,0
35,256,100000000,1,0.8653963432,0.05144251033,0,0
35,256,100000000,1,0.8653963432,0.05144251033,0,0
35,4,000000100,1,0.9094512276,0.06868225115,0,0
35,463,111001111,7,0.9701219536,0.2215583678,0,0
35,256,100000000,1,0.8653963432,0.05144251033,0,0
35,463,111001111,7,0.9701219536,0.2215583678,0,0
35,256,100000000,1,0.8653963432,0.05144251033,0,0
36,463,111001111,7,0.9701219536,0.2215583678,0,inf
36,256,100000000,1,0.8653963432,0.05144251033,0,inf
36,256,100000000,1,0.8653963432,0.05144251033,0,0.5220108109
36,4,000000100,1,0.9094512276,0.06868225115,0,0.5220108109
36,4,000000100,1,0.9094512276,0.06868225115,0,0.308662907
36,128,010000000,1,0.9323170781,0.08404751134,0,0.308662907
36,463,111001111,7,0.9701219536,0.2215583678,0,0.295896174
36,286,100011110,5,0.9696646333,0.1719646058,0,0.295896174
36,128,010000000,1,0.9323170781,0.08404751134,0,0.2501840222
36,136,010001000,2,0.9556402415,0.08872172865,0,0.2501840222
36,138,010001010,3,0.9580792598,0.1175190397,0,0.1925701872
36,136,010001000,2,0.9556402415,0.08872172865,0,0.1925701872
36,170,010101010,4,0.9583841376,0.1237906108,0,0.1195143764
36,328,101001000,3,0.9661585353,0.1314932012,0,0.1195143764
36,299,100101011,5,0.9684451278,0.1646855306,0,0.09645812205
36,394,110001010,4,0.9682926834,0.1485241046,0,0.09645812205
36,394,110001010,4,0.9682926834,0.1485241046,0,0.09297294788
36,266,100001010,3,0.9663109817,0.1359270001,0,0.09297294788
36,138,010001010,3,0.9580792598,0.1175190397,0,0.03977767534
36,170,010101010,4,0.9583841376,0.1237906108,0,0.03977767534
36,286,100011110,5,0.9696646333,0.1719646058,0,0.03013367655
36,459,111001011,6,0.9693597592,0.1673336257,0,0.03013367655
36,328,101001000,3,0.9661585353,0.1314932012,0,0.02751908085
36,266,100001010,3,0.9663109817,0.1359270001,0,0.02751908085
36,299,100101011,5,0.9684451278,0.1646855306,0,0.02430001974
36,459,111001011,6,0.9693597592,0.1673336257,0,0.02430001974
36,256,100000000,1,0.8653963432,0.05144251033,0,0
36,170,010101010,4,0.9583841376,0.1237906108,0,0
36,256,100000000,1,0.8653963432,0.05144251033,0,0
36,459,111001011,6,0.9693597592,0.1673336257,0,0
36,299,100101011,5,0.9684451278,0.1646855306,0,0
36,459,111001011,6,0.9693597592,0.1673336257,0,0
36,459,111001011,6,0.9693597592,0.1673336257,0,0
36,266,100001010,3,0.9663109817,0.1359270001,0,0
36,256,100000000,1,0.8653963432,0.05144251033,0,0
36,256,100000000,1,0.8653963432,0.05144251033,0,0
36,299,100101011,5,0.9684451278,0.1646855306,0,0
36,459,111001011,6,0.9693597592,0.1673336257,0,0
36,266,100001010,3,0.9663109817,0.1359270001,0,0
36,266,100001010,3,0.9663109817,0.1359270001,0,0
36,459,111001011,6,0.9693597592,0.1673336257,0,0
36,266,100001010,3,0.9663109817,0.1359270001,0,0
36,328,101001000,3,0.9661585353,0.1314932012,0,0
36,266,100001010,3,0.9663109817,0.1359270001,0,0
36,266,100001010,3,0.9663109817,0.1359270001,0,0
36,266,100001010,3,0.9663109817,0.1359270001,0,0
36,266,100001010,3,0.9663109817,0.1359270001,0,0
36,328,101001000,3,0.9661585353,0.1314932012,0,0
36,328,101001000,3,0.9661585353,0.1314932012,0,0
36,459,111001011,6,0.9693597592,0.1673336257,0,0
36,328,101001000,3,0.9661585353,0.1314932012,0,0
36,286,100011110,5,0.9696646333,0.1719646058,0,0
36,459,111001011,6,0.9693597592,0.1673336257,0,0
36,286,100011110,5,0.9696646333,0.1719646058,0,0
36,459,111001011,6,0.9693597592,0.1673336257,0,0
36,266,100001010,3,0.9663109817,0.1359270001,0,0
36,170,010101010,4,0.9583841376,0.1237906108,0,0
36,286,100011110,5,0.9696646333,0.1719646058,0,0
36,138,010001010,3,0.9580792598,0.1175190397,0,0
36,136,010001000,2,0.9556402415,0.08872172865,0,0
36,266,100001010,3,0.9663109817,0.1359270001,0,0
36,138,010001010,3,0.9580792598,0.1175190397,0,0
36,170,010101010,4,0.9583841376,0.1237906108,0,0
36,459,111001011,6,0.9693597592,0.1673336257,0,0
36,170,010101010,4,0.9583841376,0.1237906108,0,0
36,459,111001011,6,0.9693597592,0.1673336257,0,0
36,170,010101010,4,0.9583841376,0.1237906108,0,0
36,394,110001010,4,0.9682926834,0.1485241046,0,0
36,266,100001010,3,0.9663109817,0.1359270001,0,0
36,459,111001011,6,0.9693597592,0.1673336257,0,0
36,266,100001010,3,0.9663109817,0.1359270001,0,0
36,328,101001000,3,0.9661585353,0.1314932012,0,0
36,394,110001010,4,0.9682926834,0.1485241046,0,0
36,138,010001010,3,0.9580792598,0.1175190397,0,0
36,266,100001010,3,0.9663109817,0.1359270001,0,0
36,459,111001011,6,0.9693597592,0.1673336257,0,0
36,266,100001010,3,0.9663109817,0.1359270001,0,0
36,170,010101010,4,0.9583841376,0.1237906108,0,0
36,138,010001010,3,0.9580792598,0.1175190397,0,0
36,266,100001010,3,0.9663109817,0.1359270001,0,0
36,394,110001010,4,0.9682926834,0.1485241046,0,0
36,394,110001010,4,0.9682926834,0.1485241046,0,0
36,256,100000000,1,0.8653963432,0.05144251033,0,0
36,170,010101010,4,0.9583841376,0.1237906108,0,0
36,394,110001010,4,0.9682926834,0.1485241046,0,0
36,328,101001000,3,0.9661585353,0.1314932012,0,0
36,138,010001010,3,0.9580792598,0.1175190397,0,0
36,394,110001010,4,0.9682926834,0.1485241046,0,0
36,266,100001010,3,0.9663109817,0.1359270001,0,0
36,328,101001000,3,0.9661585353,0.1314932012,0,0
36,299,100101011,5,0.9684451278,0.1646855306,0,0
36,328,101001000,3,0.9661585353,0.1314932012,0,0
36,328,101001000,3,0.9661585353,0.1314932012,0,0
36,136,010001000,2,0.9556402415,0.08872172865,0,0
36,328,101001000,3,0.9661585353,0.1314932012,0,0
36,394,110001010,4,0.9682926834,0.1485241046,0,0
36,136,010001000,2,0.9556402415,0.08872172865,0,0
36,4,000000100,1,0.9094512276,0.06868225115,0,0
36,4,000000100,1,0.9094512276,0.06868225115,0,0
36,136,010001000,2,0.9556402415,0.08872172865,0,0
36,128,010000000,1,0.9323170781,0.08404751134,0,0
36,136,010001000,2,0.9556402415,0.08872172865,0,0
36,256,100000000,1,0.8653963432,0.05144251033,0,0
36,136,010001000,2,0.9556402415,0.08872172865,0,0
36,136,010001000,2,0.9556402415,0.08872172865,0,0
36,463,111001111,7,0.9701219536,0.2215583678,0,0
36,136,010001000,2,0.9556402415,0.08872172865,0,0
36,128,010000000,1,0.9323170781,0.08404751134,0,0
36,128,010000000,1,0.9323170781,0.08404751134,0,0
36,128,010000000,1,0.9323170781,0.08404751134,0,0
36,256,100000000,1,0.8653963432,0.05144251033,0,0
36,128,010000000,1,0.9323170781,0.08404751134,0,0
36,286,100011110,5,0.9696646333,0.1719646058,0,0
36,128,010000000,1,0.9323170781,0.08404751134,0,0
36,256,100000000,1,0.8653963432,0.05144251033,0,0
36,128,010000000,1,0.9323170781,0.08404751134,0,0
36,256,100000000,1,0.8653963432,0.05144251033,0,0
36,256,100000000,1,0.8653963432,0.05144251033,0,0
36,128,010000000,1,0.9323170781,0.08404751134,0,0
36,463,111001111,7,0.9701219536,0.2215583678,0,0
36,328,101001000,3,0.9661585353,0.1314932012,0,0
36,136,010001000,2,0.9556402415,0.08872172865,0,0
36,286,100011110,5,0.9696646333,0.1719646058,0,0
36,136,010001000,2,0.9556402415,0.08872172865,0,0
36,256,100000000,1,0.8653963432,0.05144251033,0,0
36,463,111001111,7,0.9701219536,0.2215583678,0,0
36,128,010000000,1,0.9323170781,0.08404751134,0,0
36,463,111001111,7,0.9701219536,0.2215583678,0,0
36,394,110001010,4,0.9682926834,0.1485241046,0,0
36,266,100001010,3,0.9663109817,0.1359270001,0,0
36,128,010000000,1,0.9323170781,0.08404751134,0,0
36,256,100000000,1,0.8653963432,0.05144251033,0,0
36,4,000000100,1,0.9094512276,0.06868225115,0,0
36,463,111001111,7,0.9701219536,0.2215583678,0,0
36,128,010000000,1,0.9323170781,0.08404751134,0,0
36,128,010000000,1,0.9323170781,0.08404751134,0,0
36,4,000000100,1,0.9094512276,0.06868225115,0,0
36,136,010001000,2,0.9556402415,0.08872172865,0,0
36,256,100000000,1,0.8653963432,0.05144251033,0,0
36,4,000000100,1,0.9094512276,0.06868225115,0,0
36,128,010000000,1,0.9323170781,0.08404751134,0,0
36,128,010000000,1,0.9323170781,0.08404751134,0,0
36,256,100000000,1,0.8653963432,0.05144251033,0,0
36,128,010000000,1,0.9323170781,0.08404751134,0,0
36,4,000000100,1,0.9094512276,0.06868225115,0,0
36,4,000000100,1,0.9094512276,0.06868225115,0,0
36,4,000000100,1,0.9094512276,0.06868225115,0,0
36,256,100000000,1,0.8653963432,0.05144251033,0,0
36,256,100000000,1,0.8653963432,0.05144251033,0,0
36,256,100000000,1,0.8653963432,0.05144251033,0,0
36,256,100000000,1,0.8653963432,0.05144251033,0,0
36,256,100000000,1,0.8653963432,0.05144251033,0,0
36,286,100011110,5,0.9696646333,0.1719646058,0,0
36,256,100000000,1,0.8653963432,0.05144251033,0,0
36,463,111001111,7,0.9701219536,0.2215583678,0,0
36,256,100000000,1,0.8653963432,0.05144251033,0,0
36,256,100000000,1,0.8653963432,0.05144251033,0,0
36,4,000000100,1,0.9094512276,0.06868225115,0,0
36,463,111001111,7,0.9701219536,0.2215583678,0,0
36,256,100000000,1,0.8653963432,0.05144251033,0,0
36,463,111001111,7,0.9701219536,0.2215583678,0,0
36,256,100000000,1,0.8653963432,0.05144251033,0,0
37,463,111001111,7,0.9701219536,0.2215583678,0,inf
37,256,100000000,1,0.8653963432,0.05144251033,0,inf
37,4,000000100,1,0.9094512276,0.06868225115,0,0.5220108109
37,256,100000000,1,0.8653963432,0.05144251033,0,0.5220108109
37,128,010000000,1,0.9323170781,0.08404751134,0,0.308662907
37,4,000000100,1,0.9094512276,0.06868225115,0,0.308662907
37,463,111001111,7,0.9701219536,0.2215583678,0,0.295896174
37,286,100011110,5,0.9696646333,0.1719646058,0,0.295896174
37,136,010001000,2,0.9556402415,0.08872172865,0,0.2501840222
37,128,010000000,1,0.9323170781,0.08404751134,0,0.2501840222
37,136,010001000,2,0.9556402415,0.08872172865,0,0.1925701872
37,138,010001010,3,0.9580792598,0.1175190397,0,0.1925701872
37,170,010101010,4,0.9583841376,0.1237906108,0,0.1195143764
37,328,101001000,3,0.9661585353,0.1314932012,0,0.1195143764
37,299,100101011,5,0.9684451278,0.1646855306,0,0.09645812205
37,394,110001010,4,0.9682926834,0.1485241046,0,0.09645812205
37,394,110001010,4,0.9682926834,0.1485241046,0,0.09297294788
37,266,100001010,3,0.9663109817,0.1359270001,0,0.09297294788
37,138,010001010,3,0.9580792598,0.1175190397,0,0.03977767534
37,170,010101010,4,0.9583841376,0.1237906108,0,0.03977767534
37,459,111001011,6,0.9693597592,0.1673336257,0,0.03013367655
37,286,100011110,5,0.9696646333,0.1719646058,0,0.03013367655
37,266,100001010,3,0.9663109817,0.1359270001,0,0.02751908085
37,328,101001000,3,0.9661585353,0.1314932012,0,0.02751908085
37,459,111001011,6,0.9693597592,0.1673336257,0,0.02430001974
37,299,100101011,5,0.9684451278,0.1646855306,0,0.02430001974
37,170,010101010,4,0.9583841376,0.1237906108,0,0
37,128,010000000,1,0.9323170781,0.08404751134,0,0
37,256,100000000,1,0.8653963432,0.05144251033,0,0
37,459,111001011,6,0.9693597592,0.1673336257,0,0
37,299,100101011,5,0.9684451278,0.1646855306,0,0
37,459,111001011,6,0.9693597592,0.1673336257,0,0
37,459,111001011,6,0.9693597592,0.1673336257,0,0
37,299,100101011,5,0.9684451278,0.1646855306,0,0
37,256,100000000,1,0.8653963432,0.05144251033,0,0
37,256,100000000,1,0.8653963432,0.05144251033,0,0
37,266,100001010,3,0.9663109817,0.1359270001,0,0
37,459,111001011,6,0.9693597592,0.1673336257,0,0
37,266,100001010,3,0.9663109817,0.1359270001,0,0
37,328,101001000,3,0.9661585353,0.1314932012,0,0
37,459,111001011,6,0.9693597592,0.1673336257,0,0
37,266,100001010,3,0.9663109817,0.1359270001,0,0
37,328,101001000,3,0.9661585353,0.1314932012,0,0
37,266,100001010,3,0.9663109817,0.1359270001,0,0
37,266,100001010,3,0.9663109817,0.1359270001,0,0
37,266,100001010,3,0.9663109817,0.1359270001,0,0
37,266,100001010,3,0.9663109817,0.1359270001,0,0
37,328,101001000,3,0.9661585353,0.1314932012,0,0
37,459,111001011,6,0.9693597592,0.1673336257,0,0
37,459,111001011,6,0.9693597592,0.1673336257,0,0
37,328,101001000,3,0.9661585353,0.1314932012,0,0
37,286,100011110,5,0.9696646333,0.1719646058,0,0
37,459,111001011,6,0.9693597592,0.1673336257,0,0
37,286,100011110,5,0.9696646333,0.1719646058,0,0
37,459,111001011,6,0.9693597592,0.1673336257,0,0
37,266,100001010,3,0.9663109817,0.1359270001,0,0
37,286,100011110,5,0.9696646333,0.1719646058,0,0
37,286,100011110,5,0.9696646333,0.1719646058,0,0
37,138,010001010,3,0.9580792598,0.1175190397,0,0
37,170,010101010,4,0.9583841376,0.1237906108,0,0
37,266,100001010,3,0.9663109817,0.1359270001,0,0
37,138,010001010,3,0.9580792598,0.1175190397,0,0
37,170,010101010,4,0.9583841376,0.1237906108,0,0
37,138,010001010,3,0.9580792598,0.1175190397,0,0
37,170,010101010,4,0.9583841376,0.1237906108,0,0
37,459,111001011,6,0.9693597592,0.1673336257,0,0
37,170,010101010,4,0.9583841376,0.1237906108,0,0
37,266,100001010,3,0.9663109817,0.1359270001,0,0
37,266,100001010,3,0.9663109817,0.1359270001,0,0
37,459,111001011,6,0.9693597592,0.1673336257,0,0
37,266,100001010,3,0.9663109817,0.1359270001,0,0
37,328,101001000,3,0.9661585353,0.1314932012,0,0
37,394,110001010,4,0.9682926834,0.1485241046,0,0
37,138,010001010,3,0.9580792598,0.1175190397,0,0
37,266,100001010,3,0.9663109817,0.1359270001,0,0
37,394,110001010,4,0.9682926834,0.1485241046,0,0
37,266,100001010,3,0.9663109817,0.1359270001,0,0
37,170,010101010,4,0.9583841376,0.1237906108,0,0
37,394,110001010,4,0.9682926834,0.1485241046,0,0
37,266,100001010,3,0.9663109817,0.1359270001,0,0
37,394,110001010,4,0.9682926834,0.1485241046,0,0
37,299,100101011,5,0.9684451278,0.1646855306,0,0
37,256,100000000,1,0.8653963432,0.05144251033,0,0
37,170,010101010,4,0.9583841376,0.1237906108,0,0
37,256,100000000,1,0.8653963432,0.05144251033,0,0
37,328,101001000,3,0.9661585353,0.1314932012,0,0
37,138,010001010,3,0.9580792598,0.1175190397,0,0
37,394,110001010,4,0.9682926834,0.1485241046,0,0
37,266,100001010,3,0.9663109817,0.1359270001,0,0
37,328,101001000,3,0.9661585353,0.1314932012,0,0
37,136,010001000,2,0.9556402415,0.08872172865,0,0
37,328,101001000,3,0.9661585353,0.1314932012,0,0
37,328,101001000,3,0.9661585353,0.1314932012,0,0
37,136,010001000,2,0.9556402415,0.08872172865,0,0
37,328,101001000,3,0.9661585353,0.1314932012,0,0
37,394,110001010,4,0.9682926834,0.1485241046,0,0
37,136,010001000,2,0.9556402415,0.08872172865,0,0
37,459,111001011,6,0.9693597592,0.1673336257,0,0
37,4,000000100,1,0.9094512276,0.06868225115,0,0
37,136,010001000,2,0.9556402415,0.08872172865,0,0
37,128,010000000,1,0.9323170781,0.08404751134,0,0
37,463,111001111,7,0.9701219536,0.2215583678,0,0
37,256,100000000,1,0.8653963432,0.05144251033,0,0
37,136,010001000,2,0.9556402415,0.08872172865,0,0
37,136,010001000,2,0.9556402415,0.08872172865,0,0
37,463,111001111,7,0.9701219536,0.2215583678,0,0
37,136,010001000,2,0.9556402415,0.08872172865,0,0
37,128,010000000,1,0.9323170781,0.08404751134,0,0
37,128,010000000,1,0.9323170781,0.08404751134,0,0
37,128,010000000,1,0.9323170781,0.08404751134,0,0
37,256,100000000,1,0.8653963432,0.05144251033,0,0
37,128,010000000,1,0.9323170781,0.08404751134,0,0
37,128,010000000,1,0.9323170781,0.08404751134,0,0
37,128,010000000,1,0.9323170781,0.08404751134,0,0
37,256,100000000,1,0.8653963432,0.05144251033,0,0
37,128,010000000,1,0.9323170781,0.08404751134,0,0
37,256,100000000,1,0.8653963432,0.05144251033,0,0
37,256,100000000,1,0.8653963432,0.05144251033,0,0
37,128,010000000,1,0.9323170781,0.08404751134,0,0
37,4,000000100,1,0.9094512276,0.06868225115,0,0
37,328,101001000,3,0.9661585353,0.1314932012,0,0
37,136,010001000,2,0.9556402415,0.08872172865,0,0
37,286,100011110,5,0.9696646333,0.1719646058,0,0
37,136,010001000,2,0.9556402415,0.08872172865,0,0
37,4,000000100,1,0.9094512276,0.06868225115,0,0
37,463,111001111,7,0.9701219536,0.2215583678,0,0
37,128,010000000,1,0.9323170781,0.08404751134,0,0
37,463,111001111,7,0.9701219536,0.2215583678,0,0
37,394,110001010,4,0.9682926834,0.1485241046,0,0
37,266,100001010,3,0.9663109817,0.1359270001,0,0
37,128,010000000,1,0.9323170781,0.08404751134,0,0
37,256,100000000,1,0.8653963432,0.05144251033,0,0
37,4,000000100,1,0.9094512276,0.06868225115,0,0
37,463,111001111,7,0.9701219536,0.2215583678,0,0
37,128,010000000,1,0.9323170781,0.08404751134,0,0
37,128,010000000,1,0.9323170781,0.08404751134,0,0
37,4,000000100,1,0.9094512276,0.06868225115,0,0
37,136,010001000,2,0.9556402415,0.08872172865,0,0
37,256,100000000,1,0.8653963432,0.05144251033,0,0
37,4,000000100,1,0.9094512276,0.06868225115,0,0
37,128,010000000,1,0.9323170781,0.08404751134,0,0
37,128,010000000,1,0.9323170781,0.08404751134,0,0
37,256,100000000,1,0.8653963432,0.05144251033,0,0
37,128,010000000,1,0.9323170781,0.08404751134,0,0
37,256,100000000,1,0.8653963432,0.05144251033,0,0
37,4,000000100,1,0.9094512276,0.06868225115,0,0
37,4,000000100,1,0.9094512276,0.06868225115,0,0
37,256,100000000,1,0.8653963432,0.05144251033,0,0
37,256,100000000,1,0.8653963432,0.05144251033,0,0
37,256,100000000,1,0.8653963432,0.05144251033,0,0
37,256,100000000,1,0.8653963432,0.05144251033,0,0
37,256,100000000,1,0.8653963432,0.05144251033,0,0
37,286,100011110,5,0.9696646333,0.1719646058,0,0
37,256,100000000,1,0.8653963432,0.05144251033,0,0
37,463,111001111,7,0.9701219536,0.2215583678,0,0
37,256,100000000,1,0.8653963432,0.05144251033,0,0
37,256,100000000,1,0.8653963432,0.05144251033,0,0
37,4,000000100,1,0.9094512276,0.06868225115,0,0
37,463,111001111,7,0.9701219536,0.2215583678,0,0
37,256,100000000,1,0.8653963432,0.05144251033,0,0
37,463,111001111,7,0.9701219536,0.2215583678,0,0
37,256,100000000,1,0.8653963432,0.05144251033,0,0
38,256,100000000,1,0.8653963432,0.05144251033,0,inf
38,463,111001111,7,0.9701219536,0.2215583678,0,inf
38,256,100000000,1,0.8653963432,0.05144251033,0,0.5220108109
38,4,000000100,1,0.9094512276,0.06868225115,0,0.5220108109
38,4,000000100,1,0.9094512276,0.06868225115,0,0.308662907
38,128,010000000,1,0.9323170781,0.08404751134,0,0.308662907
38,463,111001111,7,0.9701219536,0.2215583678,0,0.295896174
38,286,100011110,5,0.9696646333,0.1719646058,0,0.295896174
38,128,010000000,1,0.9323170781,0.08404751134,0,0.2501840222
38,136,010001000,2,0.9556402415,0.08872172865,0,0.2501840222
38,138,010001010,3,0.9580792598,0.1175190397,0,0.1925701872
38,136,010001000,2,0.9556402415,0.08872172865,0,0.1925701872
38,328,101001000,3,0.9661585353,0.1314932012,0,0.1195143764
38,170,010101010,4,0.9583841376,0.1237906108,0,0.1195143764
38,394,110001010,4,0.9682926834,0.1485241046,0,0.09645812205
38,299,100101011,5,0.9684451278,0.1646855306,0,0.09645812205
38,394,110001010,4,0.9682926834,0.1485241046,0,0.09297294788
38,266,100001010,3,0.9663109817,0.1359270001,0,0.09297294788
38,138,010001010,3,0.9580792598,0.1175190397,0,0.03977767534
38,170,010101010,4,0.9583841376,0.1237906108,0,0.03977767534
38,286,100011110,5,0.9696646333,0.1719646058,0,0.03013367655
38,459,111001011,6,0.9693597592,0.1673336257,0,0.03013367655
38,328,101001000,3,0.9661585353,0.1314932012,0,0.02751908085
38,266,100001010,3,0.9663109817,0.1359270001,0,0.02751908085
38,299,100101011,5,0.9684451278,0.1646855306,0,0.02430001974
38,459,111001011,6,0.9693597592,0.1673336257,0,0.02430001974
38,170,010101010,4,0.9583841376,0.1237906108,0,0
38,328,101001000,3,0.9661585353,0.1314932012,0,0
38,299,100101011,5,0.9684451278,0.1646855306,0,0
38,459,111001011,6,0.9693597592,0.1673336257,0,0
38,299,100101011,5,0.9684451278,0.1646855306,0,0
38,459,111001011,6,0.9693597592,0.1673336257,0,0
38,459,111001011,6,0.9693597592,0.1673336257,0,0
38,299,100101011,5,0.9684451278,0.1646855306,0,0
38,459,111001011,6,0.9693597592,0.1673336257,0,0
38,256,100000000,1,0.8653963432,0.05144251033,0,0
38,328,101001000,3,0.9661585353,0.1314932012,0,0
38,459,111001011,6,0.9693597592,0.1673336257,0,0
38,266,100001010,3,0.9663109817,0.1359270001,0,0
38,328,101001000,3,0.9661585353,0.1314932012,0,0
38,459,111001011,6,0.9693597592,0.1673336257,0,0
38,266,100001010,3,0.9663109817,0.1359270001,0,0
38,328,101001000,3,0.9661585353,0.1314932012,0,0
38,266,100001010,3,0.9663109817,0.1359270001,0,0
38,266,100001010,3,0.9663109817,0.1359270001,0,0
38,266,100001010,3,0.9663109817,0.1359270001,0,0
38,266,100001010,3,0.9663109817,0.1359270001,0,0
38,328,101001000,3,0.9661585353,0.1314932012,0,0
38,266,100001010,3,0.9663109817,0.1359270001,0,0
38,459,111001011,6,0.9693597592,0.1673336257,0,0
38,328,101001000,3,0.9661585353,0.1314932012,0,0
38,286,100011110,5,0.9696646333,0.1719646058,0,0
38,459,111001011,6,0.9693597592,0.1673336257,0,0
38,286,100011110,5,0.9696646333,0.1719646058,0,0
38,459,111001011,6,0.9693597592,0.1673336257,0,0
38,266,100001010,3,0.9663109817,0.1359270001,0,0
38,286,100011110,5,0.9696646333,0.1719646058,0,0
38,286,100011110,5,0.9696646333,0.1719646058,0,0
38,459,111001011,6,0.9693597592,0.1673336257,0,0
38,170,010101010,4,0.9583841376,0.1237906108,0,0
38,266,100001010,3,0.9663109817,0.1359270001,0,0
38,138,010001010,3,0.9580792598,0.1175190397,0,0
38,170,010101010,4,0.9583841376,0.1237906108,0,0
38,138,010001010,3,0.9580792598,0.1175190397,0,0
38,170,010101010,4,0.9583841376,0.1237906108,0,0
38,459,111001011,6,0.9693597592,0.1673336257,0,0
38,170,010101010,4,0.9583841376,0.1237906108,0,0
38,266,100001010,3,0.9663109817,0.1359270001,0,0
38,266,100001010,3,0.9663109817,0.1359270001,0,0
38,138,010001010,3,0.9580792598,0.1175190397,0,0
38,266,100001010,3,0.9663109817,0.1359270001,0,0
38,266,100001010,3,0.9663109817,0.1359270001,0,0
38,394,110001010,4,0.9682926834,0.1485241046,0,0
38,138,010001010,3,0.9580792598,0.1175190397,0,0
38,266,100001010,3,0.9663109817,0.1359270001,0,0
38,394,110001010,4,0.9682926834,0.1485241046,0,0
38,266,100001010,3,0.9663109817,0.1359270001,0,0
38,170,010101010,4,0.9583841376,0.1237906108,0,0
38,394,110001010,4,0.9682926834,0.1485241046,0,0
38,266,100001010,3,0.9663109817,0.1359270001,0,0
38,394,110001010,4,0.9682926834,0.1485241046,0,0
38,299,100101011,5,0.9684451278,0.1646855306,0,0
38,256,100000000,1,0.8653963432,0.05144251033,0,0
38,394,110001010,4,0.9682926834,0.1485241046,0,0
38,256,100000000,1,0.8653963432,0.05144251033,0,0
38,328,101001000,3,0.9661585353,0.1314932012,0,0
38,170,010101010,4,0.9583841376,0.1237906108,0,0
38,394,110001010,4,0.9682926834,0.1485241046,0,0
38,266,100001010,3,0.9663109817,0.1359270001,0,0
38,328,101001000,3,0.9661585353,0.1314932012,0,0
38,138,010001010,3,0.9580792598,0.1175190397,0,0
38,328,101001000,3,0.9661585353,0.1314932012,0,0
38,328,101001000,3,0.9661585353,0.1314932012,0,0
38,136,010001000,2,0.9556402415,0.08872172865,0,0
38,328,101001000,3,0.9661585353,0.1314932012,0,0
38,394,110001010,4,0.9682926834,0.1485241046,0,0
38,136,010001000,2,0.9556402415,0.08872172865,0,0
38,128,010000000,1,0.9323170781,0.08404751134,0,0
38,4,000000100,1,0.9094512276,0.06868225115,0,0
38,136,010001000,2,0.9556402415,0.08872172865,0,0
38,128,010000000,1,0.9323170781,0.08404751134,0,0
38,463,111001111,7,0.9701219536,0.2215583678,0,0
38,256,100000000,1,0.8653963432,0.05144251033,0,0
38,136,010001000,2,0.9556402415,0.08872172865,0,0
38,136,010001000,2,0.9556402415,0.08872172865,0,0
38,463,111001111,7,0.9701219536,0.2215583678,0,0
38,136,010001000,2,0.9556402415,0.08872172865,0,0
38,128,010000000,1,0.9323170781,0.08404751134,0,0
38,128,010000000,1,0.9323170781,0.08404751134,0,0
38,128,010000000,1,0.9323170781,0.08404751134,0,0
38,256,100000000,1,0.8653963432,0.05144251033,0,0
38,128,010000000,1,0.9323170781,0.08404751134,0,0
38,128,010000000,1,0.9323170781,0.08404751134,0,0
38,128,010000000,1,0.9323170781,0.08404751134,0,0
38,256,100000000,1,0.8653963432,0.05144251033,0,0
38,136,010001000,2,0.9556402415,0.08872172865,0,0
38,256,100000000,1,0.8653963432,0.05144251033,0,0
38,256,100000000,1,0.8653963432,0.05144251033,0,0
38,128,010000000,1,0.9323170781,0.08404751134,0,0
38,4,000000100,1,0.9094512276,0.06868225115,0,0
38,328,101001000,3,0.9661585353,0.1314932012,0,0
38,136,010001000,2,0.9556402415,0.08872172865,0,0
38,286,100011110,5,0.9696646333,0.1719646058,0,0
38,136,010001000,2,0.9556402415,0.08872172865,0,0
38,4,000000100,1,0.9094512276,0.06868225115,0,0
38,463,111001111,7,0.9701219536,0.2215583678,0,0
38,128,010000000,1,0.9323170781,0.08404751134,0,0
38,463,111001111,7,0.9701219536,0.2215583678,0,0
38,463,111001111,7,0.9701219536,0.2215583678,0,0
38,4,000000100,1,0.9094512276,0.06868225115,0,0
38,128,010000000,1,0.9323170781,0.08404751134,0,0
38,256,100000000,1,0.8653963432,0.05144251033,0,0
38,4,000000100,1,0.9094512276,0.06868225115,0,0
38,128,010000000,1,0.9323170781,0.08404751134,0,0
38,128,010000000,1,0.9323170781,0.08404751134,0,0
38,128,010000000,1,0.9323170781,0.08404751134,0,0
38,4,000000100,1,0.9094512276,0.06868225115,0,0
38,136,010001000,2,0.9556402415,0.08872172865,0,0
38,256,100000000,1,0.8653963432,0.05144251033,0,0
38,4,000000100,1,0.9094512276,0.06868225115,0,0
38,128,010000000,1,0.9323170781,0.08404751134,0,0
38,128,010000000,1,0.9323170781,0.08404751134,0,0
38,256,100000000,1,0.8653963432,0.05144251033,0,0
38,128,010000000,1,0.9323170781,0.08404751134,0,0
38,256,100000000,1,0.8653963432,0.05144251033,0,0
38,256,100000000,1,0.8653963432,0.05144251033,0,0
38,4,000000100,1,0.9094512276,0.06868225115,0,0
38,256,100000000,1,0.8653963432,0.05144251033,0,0
38,256,100000000,1,0.8653963432,0.05144251033,0,0
38,256,100000000,1,0.8653963432,0.05144251033,0,0
38,256,100000000,1,0.8653963432,0.05144251033,0,0
38,256,100000000,1,0.8653963432,0.05144251033,0,0
38,286,100011110,5,0.9696646333,0.1719646058,0,0
38,256,100000000,1,0.8653963432,0.05144251033,0,0
38,463,111001111,7,0.9701219536,0.2215583678,0,0
38,256,100000000,1,0.8653963432,0.05144251033,0,0
38,256,100000000,1,0.8653963432,0.05144251033,0,0
38,4,000000100,1,0.9094512276,0.06868225115,0,0
38,463,111001111,7,0.9701219536,0.2215583678,0,0
38,256,100000000,1,0.8653963432,0.05144251033,0,0
38,463,111001111,7,0.9701219536,0.2215583678,0,0
38,256,100000000,1,0.8653963432,0.05144251033,0,0
39,463,111001111,7,0.9701219536,0.2215583678,0,inf
39,256,100000000,1,0.8653963432,0.05144251033,0,inf
39,256,100000000,1,0.8653963432,0.05144251033,0,0.5220108109
39,4,000000100,1,0.9094512276,0.06868225115,0,0.5220108109
39,4,000000100,1,0.9094512276,0.06868225115,0,0.308662907
39,128,010000000,1,0.9323170781,0.08404751134,0,0.308662907
39,286,100011110,5,0.9696646333,0.1719646058,0,0.295896174
39,463,111001111,7,0.9701219536,0.2215583678,0,0.295896174
39,136,010001000,2,0.9556402415,0.08872172865,0,0.2501840222
39,128,010000000,1,0.9323170781,0.08404751134,0,0.2501840222
39,136,010001000,2,0.9556402415,0.08872172865,0,0.1925701872
39,138,010001010,3,0.9580792598,0.1175190397,0,0.1925701872
39,328,101001000,3,0.9661585353,0.1314932012,0,0.1195143764
39,170,010101010,4,0.9583841376,0.1237906108,0,0.1195143764
39,299,100101011,5,0.9684451278,0.1646855306,0,0.09645812205
39,394,110001010,4,0.9682926834,0.1485241046,0,0.09645812205
39,394,110001010,4,0.9682926834,0.1485241046,0,0.09297294788
39,266,100001010,3,0.9663109817,0.1359270001,0,0.09297294788
39,138,010001010,3,0.9580792598,0.1175190397,0,0.03977767534
39,170,010101010,4,0.9583841376,0.1237906108,0,0.03977767534
39,286,100011110,5,0.9696646333,0.1719646058,0,0.03013367655
39,459,111001011,6,0.9693597592,0.1673336257,0,0.03013367655
39,266,100001010,3,0.9663109817,0.1359270001,0,0.02751908085
39,328,101001000,3,0.9661585353,0.1314932012,0,0.02751908085
39,299,100101011,5,0.9684451278,0.1646855306,0,0.02430001974
39,459,111001011,6,0.9693597592,0.1673336257,0,0.02430001974
39,256,100000000,1,0.8653963432,0.05144251033,0,0
39,394,110001010,4,0.9682926834,0.1485241046,0,0
39,299,100101011,5,0.9684451278,0.1646855306,0,0
39,459,111001011,6,0.9693597592,0.1673336257,0,0
39,299,100101011,5,0.9684451278,0.1646855306,0,0
39,459,111001011,6,0.9693597592,0.1673336257,0,0
39,299,100101011,5,0.9684451278,0.1646855306,0,0
39,299,100101011,5,0.9684451278,0.1646855306,0,0
39,459,111001011,6,0.9693597592,0.1673336257,0,0
39,256,100000000,1,0.8653963432,0.05144251033,0,0
39,328,101001000,3,0.9661585353,0.1314932012,0,0
39,459,111001011,6,0.9693597592,0.1673336257,0,0
39,266,100001010,3,0.9663109817,0.1359270001,0,0
39,328,101001000,3,0.9661585353,0.1314932012,0,0
39,459,111001011,6,0.9693597592,0.1673336257,0,0
39,266,100001010,3,0.9663109817,0.1359270001,0,0
39,328,101001000,3,0.9661585353,0.1314932012,0,0
39,266,100001010,3,0.9663109817,0.1359270001,0,0
39,266,100001010,3,0.9663109817,0.1359270001,0,0
39,266,100001010,3,0.9663109817,0.1359270001,0,0
39,266,100001010,3,0.9663109817,0.1359270001,0,0
39,328,101001000,3,0.9661585353,0.1314932012,0,0
39,266,100001010,3,0.9663109817,0.1359270001,0,0
39,459,111001011,6,0.9693597592,0.1673336257,0,0
39,328,101001000,3,0.9661585353,0.1314932012,0,0
39,286,100011110,5,0.9696646333,0.1719646058,0,0
39,459,111001011,6,0.9693597592,0.1673336257,0,0
39,266,100001010,3,0.9663109817,0.1359270001,0,0
39,459,111001011,6,0.9693597592,0.1673336257,0,0
39,266,100001010,3,0.9663109817,0.1359270001,0,0
39,286,100011110,5,0.9696646333,0.1719646058,0,0
39,328,101001000,3,0.9661585353,0.1314932012,0,0
39,459,111001011,6,0.9693597592,0.1673336257,0,0
39,170,010101010,4,0.9583841376,0.1237906108,0,0
39,459,111001011,6,0.9693597592,0.1673336257,0,0
39,286,100011110,5,0.9696646333,0.1719646058,0,0
39,170,010101010,4,0.9583841376,0.1237906108,0,0
39,138,010001010,3,0.9580792598,0.1175190397,0,0
39,170,010101010,4,0.9583841376,0.1237906108,0,0
39,138,010001010,3,0.9580792598,0.1175190397,0,0
39,170,010101010,4,0.9583841376,0.1237906108,0,0
39,266,100001010,3,0.9663109817,0.1359270001,0,0
39,266,100001010,3,0.9663109817,0.1359270001,0,0
39,138,010001010,3,0.9580792598,0.1175190397,0,0
39,266,100001010,3,0.9663109817,0.1359270001,0,0
39,266,100001010,3,0.9663109817,0.1359270001,0,0
39,266,100001010,3,0.9663109817,0.1359270001,0,0
39,394,110001010,4,0.9682926834,0.1485241046,0,0
39,266,100001010,3,0.9663109817,0.1359270001,0,0
39,394,110001010,4,0.9682926834,0.1485241046,0,0
39,266,100001010,3,0.9663109817,0.1359270001,0,0
39,170,010101010,4,0.9583841376,0.1237906108,0,0
39,394,110001010,4,0.9682926834,0.1485241046,0,0
39,266,100001010,3,0.9663109817,0.1359270001,0,0
39,394,110001010,4,0.9682926834,0.1485241046,0,0
39,394,110001010,4,0.9682926834,0.1485241046,0,0
39,463,111001111,7,0.9701219536,0.2215583678,0,0
39,170,010101010,4,0.9583841376,0.1237906108,0,0
39,256,100000000,1,0.8653963432,0.05144251033,0,0
39,328,101001000,3,0.9661585353,0.1314932012,0,0
39,170,010101010,4,0.9583841376,0.1237906108,0,0
39,394,110001010,4,0.9682926834,0.1485241046,0,0
39,266,100001010,3,0.9663109817,0.1359270001,0,0
39,328,101001000,3,0.9661585353,0.1314932012,0,0
39,138,010001010,3,0.9580792598,0.1175190397,0,0
39,328,101001000,3,0.9661585353,0.1314932012,0,0
39,328,101001000,3,0.9661585353,0.1314932012,0,0
39,136,010001000,2,0.9556402415,0.08872172865,0,0
39,328,101001000,3,0.9661585353,0.1314932012,0,0
39,328,101001000,3,0.9661585353,0.1314932012,0,0
39,136,010001000,2,0.9556402415,0.08872172865,0,0
39,459,111001011,6,0.9693597592,0.1673336257,0,0
39,136,010001000,2,0.9556402415,0.08872172865,0,0
39,136,010001000,2,0.9556402415,0.08872172865,0,0
39,128,010000000,1,0.9323170781,0.08404751134,0,0
39,463,111001111,7,0.9701219536,0.2215583678,0,0
39,256,100000000,1,0.8653963432,0.05144251033,0,0
39,136,010001000,2,0.9556402415,0.08872172865,0,0
39,138,010001010,3,0.9580792598,0.1175190397,0,0
39,463,111001111,7,0.9701219536,0.2215583678,0,0
39,136,010001000,2,0.9556402415,0.08872172865,0,0
39,136,010001000,2,0.9556402415,0.08872172865,0,0
39,128,010000000,1,0.9323170781,0.08404751134,0,0
39,128,010000000,1,0.9323170781,0.08404751134,0,0
39,256,100000000,1,0.8653963432,0.05144251033,0,0
39,128,010000000,1,0.9323170781,0.08404751134,0,0
39,128,010000000,1,0.9323170781,0.08404751134,0,0
39,128,010000000,1,0.9323170781,0.08404751134,0,0
39,256,100000000,1,0.8653963432,0.05144251033,0,0
39,136,010001000,2,0.9556402415,0.08872172865,0,0
39,256,100000000,1,0.8653963432,0.05144251033,0,0
39,256,100000000,1,0.8653963432,0.05144251033,0,0
39,128,010000000,1,0.9323170781,0.08404751134,0,0
39,4,000000100,1,0.9094512276,0.06868225115,0,0
39,286,100011110,5,0.9696646333,0.1719646058,0,0
39,463,111001111,7,0.9701219536,0.2215583678,0,0
39,286,100011110,5,0.9696646333,0.1719646058,0,0
39,136,010001000,2,0.9556402415,0.08872172865,0,0
39,4,000000100,1,0.9094512276,0.06868225115,0,0
39,463,111001111,7,0.9701219536,0.2215583678,0,0
39,128,010000000,1,0.9323170781,0.08404751134,0,0
39,128,010000000,1,0.9323170781,0.08404751134,0,0
39,463,111001111,7,0.9701219536,0.2215583678,0,0
39,4,000000100,1,0.9094512276,0.06868225115,0,0
39,128,010000000,1,0.9323170781,0.08404751134,0,0
39,256,100000000,1,0.8653963432,0.05144251033,0,0
39,4,000000100,1,0.9094512276,0.06868225115,0,0
39,128,010000000,1,0.9323170781,0.08404751134,0,0
39,128,010000000,1,0.9323170781,0.08404751134,0,0
39,128,010000000,1,0.9323170781,0.08404751134,0,0
39,4,000000100,1,0.9094512276,0.06868225115,0,0
39,136,010001000,2,0.9556402415,0.08872172865,0,0
39,256,100000000,1,0.8653963432,0.05144251033,0,0
39,4,000000100,1,0.9094512276,0.06868225115,0,0
39,128,010000000,1,0.9323170781,0.08404751134,0,0
39,128,010000000,1,0.9323170781,0.08404751134,0,0
39,256,100000000,1,0.8653963432,0.05144251033,0,0
39,128,010000000,1,0.9323170781,0.08404751134,0,0
39,256,100000000,1,0.8653963432,0.05144251033,0,0
39,256,100000000,1,0.8653963432,0.05144251033,0,0
39,4,000000100,1,0.9094512276,0.06868225115,0,0
39,256,100000000,1,0.8653963432,0.05144251033,0,0
39,4,000000100,1,0.9094512276,0.06868225115,0,0
39,256,100000000,1,0.8653963432,0.05144251033,0,0
39,256,100000000,1,0.8653963432,0.05144251033,0,0
39,256,100000000,1,0.8653963432,0.05144251033,0,0
39,286,100011110,5,0.9696646333,0.1719646058,0,0
39,256,100000000,1,0.8653963432,0.05144251033,0,0
39,463,111001111,7,0.9701219536,0.2215583678,0,0
39,256,100000000,1,0.8653963432,0.05144251033,0,0
39,256,100000000,1,0.8653963432,0.05144251033,0,0
39,4,000000100,1,0.9094512276,0.06868225115,0,0
39,463,111001111,7,0.9701219536,0.2215583678,0,0
39,256,100000000,1,0.8653963432,0.05144251033,0,0
39,463,111001111,7,0.9701219536,0.2215583678,0,0
39,256,100000000,1,0.8653963432,0.05144251033,0,0
40,256,100000000,1,0.8653963432,0.05144251033,0,inf
40,463,111001111,7,0.9701219536,0.2215583678,0,inf
40,4,000000100,1,0.9094512276,0.06868225115,0,0.5220108109
40,256,100000000,1,0.8653963432,0.05144251033,0,0.5220108109
40,128,010000000,1,0.9323170781,0.08404751134,0,0.308662907
40,4,000000100,1,0.9094512276,0.06868225115,0,0.308662907
40,286,100011110,5,0.9696646333,0.1719646058,0,0.295896174
40,463,111001111,7,0.9701219536,0.2215583678,0,0.295896174
40,128,010000000,1,0.9323170781,0.08404751134,0,0.2501840222
40,136,010001000,2,0.9556402415,0.08872172865,0,0.2501840222
40,138,010001010,3,0.9580792598,0.1175190397,0,0.1925701872
40,136,010001000,2,0.9556402415,0.08872172865,0,0.1925701872
40,328,101001000,3,0.9661585353,0.1314932012,0,0.1195143764
40,170,010101010,4,0.9583841376,0.1237906108,0,0.1195143764
40,394,110001010,4,0.9682926834,0.1485241046,0,0.09645812205
40,299,100101011,5,0.9684451278,0.1646855306,0,0.09645812205
40,266,100001010,3,0.9663109817,0.1359270001,0,0.09297294788
40,394,110001010,4,0.9682926834,0.1485241046,0,0.09297294788
40,138,010001010,3,0.9580792598,0.1175190397,0,0.03977767534
40,170,010101010,4,0.9583841376,0.1237906108,0,0.03977767534
40,459,111001011,6,0.9693597592,0.1673336257,0,0.03013367655
40,286,100011110,5,0.9696646333,0.1719646058,0,0.03013367655
40,328,101001000,3,0.9661585353,0.1314932012,0,0.02751908085
40,266,100001010,3,0.9663109817,0.1359270001,0,0.02751908085
40,459,111001011,6,0.9693597592,0.1673336257,0,0.02430001974
40,299,100101011,5,0.9684451278,0.1646855306,0,0.02430001974
40,463,111001111,7,0.9701219536,0.2215583678,0,0
40,170,010101010,4,0.9583841376,0.1237906108,0,0
40,299,100101011,5,0.9684451278,0.1646855306,0,0
40,459,111001011,6,0.9693597592,0.1673336257,0,0
40,299,100101011,5,0.9684451278,0.1646855306,0,0
40,459,111001011,6,0.9693597592,0.1673336257,0,0
40,299,100101011,5,0.9684451278,0.1646855306,0,0
40,256,100000000,1,0.8653963432,0.05144251033,0,0
40,459,111001011,6,0.9693597592,0.1673336257,0,0
40,459,111001011,6,0.9693597592,0.1673336257,0,0
40,328,101001000,3,0.9661585353,0.1314932012,0,0
40,459,111001011,6,0.9693597592,0.1673336257,0,0
40,266,100001010,3,0.9663109817,0.1359270001,0,0
40,328,101001000,3,0.9661585353,0.1314932012,0,0
40,459,111001011,6,0.9693597592,0.1673336257,0,0
40,266,100001010,3,0.9663109817,0.1359270001,0,0
40,328,101001000,3,0.9661585353,0.1314932012,0,0
40,266,100001010,3,0.9663109817,0.1359270001,0,0
40,266,100001010,3,0.9663109817,0.1359270001,0,0
40,266,100001010,3,0.9663109817,0.1359270001,0,0
40,328,101001000,3,0.9661585353,0.1314932012,0,0
40,328,101001000,3,0.9661585353,0.1314932012,0,0
40,266,100001010,3,0.9663109817,0.1359270001,0,0
40,459,111001011,6,0.9693597592,0.1673336257,0,0
40,286,100011110,5,0.9696646333,0.1719646058,0,0
40,286,100011110,5,0.9696646333,0.1719646058,0,0
40,459,111001011,6,0.9693597592,0.1673336257,0,0
40,266,100001010,3,0.9663109817,0.1359270001,0,0
40,459,111001011,6,0.9693597592,0.1673336257,0,0
40,266,100001010,3,0.9663109817,0.1359270001,0,0
40,286,100011110,5,0.9696646333,0.1719646058,0,0
40,328,101001000,3,0.9661585353,0.1314932012,0,0
40,459,111001011,6,0.9693597592,0.1673336257,0,0
40,170,010101010,4,0.9583841376,0.1237906108,0,0
40,459,111001011,6,0.9693597592,0.1673336257,0,0
40,286,100011110,5,0.9696646333,0.1719646058,0,0
40,170,010101010,4,0.9583841376,0.1237906108,0,0
40,138,010001010,3,0.9580792598,0.1175190397,0,0
40,170,010101010,4,0.9583841376,0.1237906108,0,0
40,138,010001010,3,0.9580792598,0.1175190397,0,0
40,170,010101010,4,0.9583841376,0.1237906108,0,0
40,266,100001010,3,0.9663109817,0.1359270001,0,0
40,266,100001010,3,0.9663109817,0.1359270001,0,0
40,138,010001010,3,0.9580792598,0.1175190397,0,0
40,266,100001010,3,0.9663109817,0.1359270001,0,0
40,266,100001010,3,0.9663109817,0.1359270001,0,0
40,266,100001010,3,0.9663109817,0.1359270001,0,0
40,394,110001010,4,0.9682926834,0.1485241046,0,0
40,266,100001010,3,0.9663109817,0.1359270001,0,0
40,394,110001010,4,0.9682926834,0.1485241046,0,0
40,266,100001010,3,0.9663109817,0.1359270001,0,0
40,170,010101010,4,0.9583841376,0.1237906108,0,0
40,394,110001010,4,0.9682926834,0.1485241046,0,0
40,266,100001010,3,0.9663109817,0.1359270001,0,0
40,138,010001010,3,0.9580792598,0.1175190397,0,0
40,394,110001010,4,0.9682926834,0.1485241046,0,0
40,266,100001010,3,0.9663109817,0.1359270001,0,0
40,394,110001010,4,0.9682926834,0.1485241046,0,0
40,256,100000000,1,0.8653963432,0.05144251033,0,0
40,299,100101011,5,0.9684451278,0.1646855306,0,0
40,170,010101010,4,0.9583841376,0.1237906108,0,0
40,394,110001010,4,0.9682926834,0.1485241046,0,0
40,266,100001010,3,0.9663109817,0.1359270001,0,0
40,328,101001000,3,0.9661585353,0.1314932012,0,0
40,170,010101010,4,0.9583841376,0.1237906108,0,0
40,328,101001000,3,0.9661585353,0.1314932012,0,0
40,328,101001000,3,0.9661585353,0.1314932012,0,0
40,328,101001000,3,0.9661585353,0.1314932012,0,0
40,328,101001000,3,0.9661585353,0.1314932012,0,0
40,328,101001000,3,0.9661585353,0.1314932012,0,0
40,136,010001000,2,0.9556402415,0.08872172865,0,0
40,394,110001010,4,0.9682926834,0.1485241046,0,0
40,136,010001000,2,0.9556402415,0.08872172865,0,0
40,136,010001000,2,0.9556402415,0.08872172865,0,0
40,128,010000000,1,0.9323170781,0.08404751134,0,0
40,463,111001111,7,0.9701219536,0.2215583678,0,0
40,256,100000000,1,0.8653963432,0.05144251033,0,0
40,136,010001000,2,0.9556402415,0.08872172865,0,0
40,138,010001010,3,0.9580792598,0.1175190397,0,0
40,463,111001111,7,0.9701219536,0.2215583678,0,0
40,136,010001000,2,0.9556402415,0.08872172865,0,0
40,136,010001000,2,0.9556402415,0.08872172865,0,0
40,128,010000000,1,0.9323170781,0.08404751134,0,0
40,128,010000000,1,0.9323170781,0.08404751134,0,0
40,256,100000000,1,0.8653963432,0.05144251033,0,0
40,128,010000000,1,0.9323170781,0.08404751134,0,0
40,128,010000000,1,0.9323170781,0.08404751134,0,0
40,128,010000000,1,0.9323170781,0.08404751134,0,0
40,256,100000000,1,0.8653963432,0.05144251033,0,0
40,136,010001000,2,0.9556402415,0.08872172865,0,0
40,256,100000000,1,0.8653963432,0.05144251033,0,0
40,256,100000000,1,0.8653963432,0.05144251033,0,0
40,128,010000000,1,0.9323170781,0.08404751134,0,0
40,128,010000000,1,0.9323170781,0.08404751134,0,0
40,136,010001000,2,0.9556402415,0.08872172865,0,0
40,463,111001111,7,0.9701219536,0.2215583678,0,0
40,286,100011110,5,0.9696646333,0.1719646058,0,0
40,136,010001000,2,0.9556402415,0.08872172865,0,0
40,4,000000100,1,0.9094512276,0.06868225115,0,0
40,463,111001111,7,0.9701219536,0.2215583678,0,0
40,128,010000000,1,0.9323170781,0.08404751134,0,0
40,128,010000000,1,0.9323170781,0.08404751134,0,0
40,463,111001111,7,0.9701219536,0.2215583678,0,0
40,4,000000100,1,0.9094512276,0.06868225115,0,0
40,128,010000000,1,0.9323170781,0.08404751134,0,0
40,256,100000000,1,0.8653963432,0.05144251033,0,0
40,4,000000100,1,0.9094512276,0.06868225115,0,0
40,128,010000000,1,0.9323170781,0.08404751134,0,0
40,286,100011110,5,0.9696646333,0.1719646058,0,0
40,128,010000000,1,0.9323170781,0.08404751134,0,0
40,4,000000100,1,0.9094512276,0.06868225115,0,0
40,136,010001000,2,0.9556402415,0.08872172865,0,0
40,4,000000100,1,0.9094512276,0.06868225115,0,0
40,4,000000100,1,0.9094512276,0.06868225115,0,0
40,128,010000000,1,0.9323170781,0.08404751134,0,0
40,128,010000000,1,0.9323170781,0.08404751134,0,0
40,256,100000000,1,0.8653963432,0.05144251033,0,0
40,128,010000000,1,0.9323170781,0.08404751134,0,0
40,256,100000000,1,0.8653963432,0.05144251033,0,0
40,256,100000000,1,0.8653963432,0.05144251033,0,0
40,4,000000100,1,0.9094512276,0.06868225115,0,0
40,256,100000000,1,0.8653963432,0.05144251033,0,0
40,4,000000100,1,0.9094512276,0.06868225115,0,0
40,256,100000000,1,0.8653963432,0.05144251033,0,0
40,256,100000000,1,0.8653963432,0.05144251033,0,0
40,256,100000000,1,0.8653963432,0.05144251033,0,0
40,286,100011110,5,0.9696646333,0.1719646058,0,0
40,256,100000000,1,0.8653963432,0.05144251033,0,0
40,463,111001111,7,0.9701219536,0.2215583678,0,0
40,256,100000000,1,0.8653963432,0.05144251033,0,0
40,256,100000000,1,0.8653963432,0.05144251033,0,0
40,4,000000100,1,0.9094512276,0.06868225115,0,0
40,463,111001111,7,0.9701219536,0.2215583678,0,0
40,256,100000000,1,0.8653963432,0.05144251033,0,0
40,463,111001111,7,0.9701219536,0.2215583678,0,0
40,256,100000000,1,0.8653963432,0.05144251033,0,0
41,256,100000000,1,0.8653963432,0.05144251033,0,inf
41,463,111001111,7,0.9701219536,0.2215583678,0,inf
41,256,100000000,1,0.8653963432,0.05144251033,0,0.5220108109
41,4,000000100,1,0.9094512276,0.06868225115,0,0.5220108109
41,4,000000100,1,0.9094512276,0.06868225115,0,0.308662907
41,128,010000000,1,0.9323170781,0.08404751134,0,0.308662907
41,286,100011110,5,0.9696646333,0.1719646058,0,0.295896174
41,463,111001111,7,0.9701219536,0.2215583678,0,0.295896174
41,128,010000000,1,0.9323170781,0.08404751134,0,0.2501840222
41,136,010001000,2,0.9556402415,0.08872172865,0,0.2501840222
41,136,010001000,2,0.9556402415,0.08872172865,0,0.1925701872
41,138,010001010,3,0.9580792598,0.1175190397,0,0.1925701872
41,170,010101010,4,0.9583841376,0.1237906108,0,0.1195143764
41,328,101001000,3,0.9661585353,0.1314932012,0,0.1195143764
41,299,100101011,5,0.9684451278,0.1646855306,0,0.09645812205
41,394,110001010,4,0.9682926834,0.1485241046,0,0.09645812205
41,266,100001010,3,0.9663109817,0.1359270001,0,0.09297294788
41,394,110001010,4,0.9682926834,0.1485241046,0,0.09297294788
41,138,010001010,3,0.9580792598,0.1175190397,0,0.03977767534
41,170,010101010,4,0.9583841376,0.1237906108,0,0.03977767534
41,459,111001011,6,0.9693597592,0.1673336257,0,0.03013367655
41,286,100011110,5,0.9696646333,0.1719646058,0,0.03013367655
41,328,101001000,3,0.9661585353,0.1314932012,0,0.02751908085
41,266,100001010,3,0.9663109817,0.1359270001,0,0.02751908085
41,299,100101011,5,0.9684451278,0.1646855306,0,0.02430001974
41,459,111001011,6,0.9693597592,0.1673336257,0,0.02430001974
41,256,100000000,1,0.8653963432,0.05144251033,0,0
41,394,110001010,4,0.9682926834,0.1485241046,0,0
41,299,100101011,5,0.9684451278,0.1646855306,0,0
41,459,111001011,6,0.9693597592,0.1673336257,0,0
41,299,100101011,5,0.9684451278,0.1646855306,0,0
41,459,111001011,6,0.9693597592,0.1673336257,0,0
41,299,100101011,5,0.9684451278,0.1646855306,0,0
41,256,100000000,1,0.8653963432,0.05144251033,0,0
41,459,111001011,6,0.9693597592,0.1673336257,0,0
41,459,111001011,6,0.9693597592,0.1673336257,0,0
41,328,101001000,3,0.9661585353,0.1314932012,0,0
41,459,111001011,6,0.9693597592,0.1673336257,0,0
41,266,100001010,3,0.9663109817,0.1359270001,0,0
41,328,101001000,3,0.9661585353,0.1314932012,0,0
41,459,111001011,6,0.9693597592,0.1673336257,0,0
41,266,100001010,3,0.9663109817,0.1359270001,0,0
41,328,101001000,3,0.9661585353,0.1314932012,0,0
41,266,100001010,3,0.9663109817,0.1359270001,0,0
41,266,100001010,3,0.9663109817,0.1359270001,0,0
41,266,100001010,3,0.9663109817,0.1359270001,0,0
41,328,101001000,3,0.9661585353,0.1314932012,0,0
41,328,101001000,3,0.9661585353,0.1314932012,0,0
41,266,100001010,3,0.9663109817,0.1359270001,0,0
41,463,111001111,7,0.9701219536,0.2215583678,0,0
41,286,100011110,5,0.9696646333,0.1719646058,0,0
41,299,100101011,5,0.9684451278,0.1646855306,0,0
41,459,111001011,6,0.9693597592,0.1673336257,0,0
41,266,100001010,3,0.9663109817,0.1359270001,0,0
41,459,111001011,6,0.9693597592,0.1673336257,0,0
41,266,100001010,3,0.9663109817,0.1359270001,0,0
41,286,100011110,5,0.9696646333,0.1719646058,0,0
41,328,101001000,3,0.9661585353,0.1314932012,0,0
41,459,111001011,6,0.9693597592,0.1673336257,0,0
41,170,010101010,4,0.9583841376,0.1237906108,0,0
41,459,111001011,6,0.9693597592,0.1673336257,0,0
41,286,100011110,5,0.9696646333,0.1719646058,0,0
41,170,010101010,4,0.9583841376,0.1237906108,0,0
41,266,100001010,3,0.9663109817,0.1359270001,0,0
41,170,010101010,4,0.9583841376,0.1237906108,0,0
41,138,010001010,3,0.9580792598,0.1175190397,0,0
41,286,100011110,5,0.9696646333,0.1719646058,0,0
41,459,111001011,6,0.9693597592,0.1673336257,0,0
41,266,100001010,3,0.9663109817,0.1359270001,0,0
41,138,010001010,3,0.9580792598,0.1175190397,0,0
41,266,100001010,3,0.9663109817,0.1359270001,0,0
41,266,100001010,3,0.9663109817,0.1359270001,0,0
41,266,100001010,3,0.9663109817,0.1359270001,0,0
41,394,110001010,4,0.9682926834,0.1485241046,0,0
41,266,100001010,3,0.9663109817,0.1359270001,0,0
41,394,110001010,4,0.9682926834,0.1485241046,0,0
41,266,100001010,3,0.9663109817,0.1359270001,0,0
41,170,010101010,4,0.9583841376,0.1237906108,0,0
41,170,010101010,4,0.9583841376,0.1237906108,0,0
41,266,100001010,3,0.9663109817,0.1359270001,0,0
41,138,010001010,3,0.9580792598,0.1175190397,0,0
41,394,110001010,4,0.9682926834,0.1485241046,0,0
41,463,111001111,7,0.9701219536,0.2215583678,0,0
41,394,110001010,4,0.9682926834,0.1485241046,0,0
41,256,100000000,1,0.8653963432,0.05144251033,0,0
41,266,100001010,3,0.9663109817,0.1359270001,0,0
41,170,010101010,4,0.9583841376,0.1237906108,0,0
41,394,110001010,4,0.9682926834,0.1485241046,0,0
41,266,100001010,3,0.9663109817,0.1359270001,0,0
41,328,101001000,3,0.9661585353,0.1314932012,0,0
41,170,010101010,4,0.9583841376,0.1237906108,0,0
41,328,101001000,3,0.9661585353,0.1314932012,0,0
41,328,101001000,3,0.9661585353,0.1314932012,0,0
41,328,101001000,3,0.9661585353,0.1314932012,0,0
41,328,101001000,3,0.9661585353,0.1314932012,0,0
41,394,110001010,4,0.9682926834,0.1485241046,0,0
41,328,101001000,3,0.9661585353,0.1314932012,0,0
41,170,010101010,4,0.9583841376,0.1237906108,0,0
41,138,010001010,3,0.9580792598,0.1175190397,0,0
41,136,010001000,2,0.9556402415,0.08872172865,0,0
41,128,010000000,1,0.9323170781,0.08404751134,0,0
41,463,111001111,7,0.9701219536,0.2215583678,0,0
41,256,100000000,1,0.8653963432,0.05144251033,0,0
41,136,010001000,2,0.9556402415,0.08872172865,0,0
41,138,010001010,3,0.9580792598,0.1175190397,0,0
41,463,111001111,7,0.9701219536,0.2215583678,0,0
41,136,010001000,2,0.9556402415,0.08872172865,0,0
41,136,010001000,2,0.9556402415,0.08872172865,0,0
41,128,010000000,1,0.9323170781,0.08404751134,0,0
41,128,010000000,1,0.9323170781,0.08404751134,0,0
41,256,100000000,1,0.8653963432,0.05144251033,0,0
41,128,010000000,1,0.9323170781,0.08404751134,0,0
41,136,010001000,2,0.9556402415,0.08872172865,0,0
41,128,010000000,1,0.9323170781,0.08404751134,0,0
41,256,100000000,1,0.8653963432,0.05144251033,0,0
41,136,010001000,2,0.9556402415,0.08872172865,0,0
41,256,100000000,1,0.8653963432,0.05144251033,0,0
41,256,100000000,1,0.8653963432,0.05144251033,0,0
41,128,010000000,1,0.9323170781,0.08404751134,0,0
41,128,010000000,1,0.9323170781,0.08404751134,0,0
41,136,010001000,2,0.9556402415,0.08872172865,0,0
41,463,111001111,7,0.9701219536,0.2215583678,0,0
41,286,100011110,5,0.9696646333,0.1719646058,0,0
41,136,010001000,2,0.9556402415,0.08872172865,0,0
41,4,000000100,1,0.9094512276,0.06868225115,0,0
41,128,010000000,1,0.9323170781,0.08404751134,0,0
41,463,111001111,7,0.9701219536,0.2215583678,0,0
41,128,010000000,1,0.9323170781,0.08404751134,0,0
41,463,111001111,7,0.9701219536,0.2215583678,0,0
41,4,000000100,1,0.9094512276,0.06868225115,0,0
41,128,010000000,1,0.9323170781,0.08404751134,0,0
41,256,100000000,1,0.8653963432,0.05144251033,0,0
41,4,000000100,1,0.9094512276,0.06868225115,0,0
41,128,010000000,1,0.9323170781,0.08404751134,0,0
41,286,100011110,5,0.9696646333,0.1719646058,0,0
41,128,010000000,1,0.9323170781,0.08404751134,0,0
41,4,000000100,1,0.9094512276,0.06868225115,0,0
41,136,010001000,2,0.9556402415,0.08872172865,0,0
41,4,000000100,1,0.9094512276,0.06868225115,0,0
41,4,000000100,1,0.9094512276,0.06868225115,0,0
41,128,010000000,1,0.9323170781,0.08404751134,0,0
41,128,010000000,1,0.9323170781,0.08404751134,0,0
41,128,010000000,1,0.9323170781,0.08404751134,0,0
41,128,010000000,1,0.9323170781,0.08404751134,0,0
41,256,100000000,1,0.8653963432,0.05144251033,0,0
41,256,100000000,1,0.8653963432,0.05144251033,0,0
41,4,000000100,1,0.9094512276,0.06868225115,0,0
41,256,100000000,1,0.8653963432,0.05144251033,0,0
41,4,000000100,1,0.9094512276,0.06868225115,0,0
41,256,100000000,1,0.8653963432,0.05144251033,0,0
41,256,100000000,1,0.8653963432,0.05144251033,0,0
41,256,100000000,1,0.8653963432,0.05144251033,0,0
41,286,100011110,5,0.9696646333,0.1719646058,0,0
41,256,100000000,1,0.8653963432,0.05144251033,0,0
41,463,111001111,7,0.9701219536,0.2215583678,0,0
41,256,100000000,1,0.8653963432,0.05144251033,0,0
41,256,100000000,1,0.8653963432,0.05144251033,0,0
41,4,000000100,1,0.9094512276,0.06868225115,0,0
41,463,111001111,7,0.9701219536,0.2215583678,0,0
41,256,100000000,1,0.8653963432,0.05144251033,0,0
41,463,111001111,7,0.9701219536,0.2215583678,0,0
41,256,100000000,1,0.8653963432,0.05144251033,0,0
42,463,111001111,7,0.9701219536,0.2215583678,0,inf
42,256,100000000,1,0.8653963432,0.05144251033,0,inf
42,256,100000000,1,0.8653963432,0.05144251033,0,0.5220108109
42,4,000000100,1,0.9094512276,0.06868225115,0,0.5220108109
42,4,000000100,1,0.9094512276,0.06868225115,0,0.308662907
42,128,010000000,1,0.9323170781,0.08404751134,0,0.308662907
42,286,100011110,5,0.9696646333,0.1719646058,0,0.295896174
42,463,111001111,7,0.9701219536,0.2215583678,0,0.295896174
42,136,010001000,2,0.9556402415,0.08872172865,0,0.2501840222
42,128,010000000,1,0.9323170781,0.08404751134,0,0.2501840222
42,136,010001000,2,0.9556402415,0.08872172865,0,0.1925701872
42,138,010001010,3,0.9580792598,0.1175190397,0,0.1925701872
42,170,010101010,4,0.9583841376,0.1237906108,0,0.1195143764
42,328,101001000,3,0.9661585353,0.1314932012,0,0.1195143764
42,299,100101011,5,0.9684451278,0.1646855306,0,0.09645812205
42,394,110001010,4,0.9682926834,0.1485241046,0,0.09645812205
42,266,100001010,3,0.9663109817,0.1359270001,0,0.09297294788
42,394,110001010,4,0.9682926834,0.1485241046,0,0.09297294788
42,138,010001010,3,0.9580792598,0.1175190397,0,0.03977767534
42,170,010101010,4,0.9583841376,0.1237906108,0,0.03977767534
42,459,111001011,6,0.9693597592,0.1673336257,0,0.03013367655
42,286,100011110,5,0.9696646333,0.1719646058,0,0.03013367655
42,266,100001010,3,0.9663109817,0.1359270001,0,0.02751908085
42,328,101001000,3,0.9661585353,0.1314932012,0,0.02751908085
42,459,111001011,6,0.9693597592,0.1673336257,0,0.02430001974
42,299,100101011,5,0.9684451278,0.1646855306,0,0.02430001974
42,463,111001111,7,0.9701219536,0.2215583678,0,0
42,256,100000000,1,0.8653963432,0.05144251033,0,0
42,299,100101011,5,0.9684451278,0.1646855306,0,0
42,256,100000000,1,0.8653963432,0.05144251033,0,0
42,459,111001011,6,0.9693597592,0.1673336257,0,0
42,459,111001011,6,0.9693597592,0.1673336257,0,0
42,299,100101011,5,0.9684451278,0.1646855306,0,0
42,266,100001010,3,0.9663109817,0.1359270001,0,0
42,328,101001000,3,0.9661585353,0.1314932012,0,0
42,459,111001011,6,0.9693597592,0.1673336257,0,0
42,328,101001000,3,0.9661585353,0.1314932012,0,0
42,459,111001011,6,0.9693597592,0.1673336257,0,0
42,266,100001010,3,0.9663109817,0.1359270001,0,0
42,328,101001000,3,0.9661585353,0.1314932012,0,0
42,459,111001011,6,0.9693597592,0.1673336257,0,0
42,266,100001010,3,0.9663109817,0.1359270001,0,0
42,286,100011110,5,0.9696646333,0.1719646058,0,0
42,459,111001011,6,0.9693597592,0.1673336257,0,0
42,266,100001010,3,0.9663109817,0.1359270001,0,0
42,266,100001010,3,0.9663109817,0.1359270001,0,0
42,328,101001000,3,0.9661585353,0.1314932012,0,0
42,328,101001000,3,0.9661585353,0.1314932012,0,0
42,266,100001010,3,0.9663109817,0.1359270001,0,0
42,463,111001111,7,0.9701219536,0.2215583678,0,0
42,286,100011110,5,0.9696646333,0.1719646058,0,0
42,299,100101011,5,0.9684451278,0.1646855306,0,0
42,459,111001011,6,0.9693597592,0.1673336257,0,0
42,266,100001010,3,0.9663109817,0.1359270001,0,0
42,459,111001011,6,0.9693597592,0.1673336257,0,0
42,266,100001010,3,0.9663109817,0.1359270001,0,0
42,286,100011110,5,0.9696646333,0.1719646058,0,0
42,328,101001000,3,0.9661585353,0.1314932012,0,0
42,459,111001011,6,0.9693597592,0.1673336257,0,0
42,170,010101010,4,0.9583841376,0.1237906108,0,0
42,459,111001011,6,0.9693597592,0.1673336257,0,0
42,286,100011110,5,0.9696646333,0.1719646058,0,0
42,170,010101010,4,0.9583841376,0.1237906108,0,0
42,266,100001010,3,0.9663109817,0.1359270001,0,0
42,170,010101010,4,0.9583841376,0.1237906108,0,0
42,138,010001010,3,0.9580792598,0.1175190397,0,0
42,394,110001010,4,0.9682926834,0.1485241046,0,0
42,459,111001011,6,0.9693597592,0.1673336257,0,0
42,266,100001010,3,0.9663109817,0.1359270001,0,0
42,138,010001010,3,0.9580792598,0.1175190397,0,0
42,266,100001010,3,0.9663109817,0.1359270001,0,0
42,266,100001010,3,0.9663109817,0.1359270001,0,0
42,266,100001010,3,0.9663109817,0.1359270001,0,0
42,394,110001010,4,0.9682926834,0.1485241046,0,0
42,266,100001010,3,0.9663109817,0.1359270001,0,0
42,394,110001010,4,0.9682926834,0.1485241046,0,0
42,266,100001010,3,0.9663109817,0.1359270001,0,0
42,170,010101010,4,0.9583841376,0.1237906108,0,0
42,170,010101010,4,0.9583841376,0.1237906108,0,0
42,266,100001010,3,0.9663109817,0.1359270001,0,0
42,138,010001010,3,0.9580792598,0.1175190397,0,0
42,394,110001010,4,0.9682926834,0.1485241046,0,0
42,394,110001010,4,0.9682926834,0.1485241046,0,0
42,299,100101011,5,0.9684451278,0.1646855306,0,0
42,256,100000000,1,0.8653963432,0.05144251033,0,0
42,266,100001010,3,0.9663109817,0.1359270001,0,0
42,170,010101010,4,0.9583841376,0.1237906108,0,0
42,328,101001000,3,0.9661585353,0.1314932012,0,0
42,266,100001010,3,0.9663109817,0.1359270001,0,0
42,328,101001000,3,0.9661585353,0.1314932012,0,0
42,170,010101010,4,0.9583841376,0.1237906108,0,0
42,328,101001000,3,0.9661585353,0.1314932012,0,0
42,328,101001000,3,0.9661585353,0.1314932012,0,0
42,328,101001000,3,0.9661585353,0.1314932012,0,0
42,138,010001010,3,0.9580792598,0.1175190397,0,0
42,394,110001010,4,0.9682926834,0.1485241046,0,0
42,394,110001010,4,0.9682926834,0.1485241046,0,0
42,170,010101010,4,0.9583841376,0.1237906108,0,0
42,136,010001000,2,0.9556402415,0.08872172865,0,0
42,136,010001000,2,0.9556402415,0.08872172865,0,0
42,128,010000000,1,0.9323170781,0.08404751134,0,0
42,463,111001111,7,0.9701219536,0.2215583678,0,0
42,256,100000000,1,0.8653963432,0.05144251033,0,0
42,136,010001000,2,0.9556402415,0.08872172865,0,0
42,138,010001010,3,0.9580792598,0.1175190397,0,0
42,128,010000000,1,0.9323170781,0.08404751134,0,0
42,136,010001000,2,0.9556402415,0.08872172865,0,0
42,136,010001000,2,0.9556402415,0.08872172865,0,0
42,128,010000000,1,0.9323170781,0.08404751134,0,0
42,128,010000000,1,0.9323170781,0.08404751134,0,0
42,256,100000000,1,0.8653963432,0.05144251033,0,0
42,128,010000000,1,0.9323170781,0.08404751134,0,0
42,136,010001000,2,0.9556402415,0.08872172865,0,0
42,128,010000000,1,0.9323170781,0.08404751134,0,0
42,256,100000000,1,0.8653963432,0.05144251033,0,0
42,136,010001000,2,0.9556402415,0.08872172865,0,0
42,256,100000000,1,0.8653963432,0.05144251033,0,0
42,256,100000000,1,0.8653963432,0.05144251033,0,0
42,128,010000000,1,0.9323170781,0.08404751134,0,0
42,463,111001111,7,0.9701219536,0.2215583678,0,0
42,136,010001000,2,0.9556402415,0.08872172865,0,0
42,463,111001111,7,0.9701219536,0.2215583678,0,0
42,286,100011110,5,0.9696646333,0.1719646058,0,0
42,136,010001000,2,0.9556402415,0.08872172865,0,0
42,286,100011110,5,0.9696646333,0.1719646058,0,0
42,128,010000000,1,0.9323170781,0.08404751134,0,0
42,463,111001111,7,0.9701219536,0.2215583678,0,0
42,128,010000000,1,0.9323170781,0.08404751134,0,0
42,463,111001111,7,0.9701219536,0.2215583678,0,0
42,4,000000100,1,0.9094512276,0.06868225115,0,0
42,128,010000000,1,0.9323170781,0.08404751134,0,0
42,256,100000000,1,0.8653963432,0.05144251033,0,0
42,4,000000100,1,0.9094512276,0.06868225115,0,0
42,128,010000000,1,0.9323170781,0.08404751134,0,0
42,128,010000000,1,0.9323170781,0.08404751134,0,0
42,128,010000000,1,0.9323170781,0.08404751134,0,0
42,4,000000100,1,0.9094512276,0.06868225115,0,0
42,4,000000100,1,0.9094512276,0.06868225115,0,0
42,4,000000100,1,0.9094512276,0.06868225115,0,0
42,4,000000100,1,0.9094512276,0.06868225115,0,0
42,128,010000000,1,0.9323170781,0.08404751134,0,0
42,128,010000000,1,0.9323170781,0.08404751134,0,0
42,128,010000000,1,0.9323170781,0.08404751134,0,0
42,128,010000000,1,0.9323170781,0.08404751134,0,0
42,256,100000000,1,0.8653963432,0.05144251033,0,0
42,256,100000000,1,0.8653963432,0.05144251033,0,0
42,4,000000100,1,0.9094512276,0.06868225115,0,0
42,256,100000000,1,0.8653963432,0.05144251033,0,0
42,4,000000100,1,0.9094512276,0.06868225115,0,0
42,256,100000000,1,0.8653963432,0.05144251033,0,0
42,256,100000000,1,0.8653963432,0.05144251033,0,0
42,256,100000000,1,0.8653963432,0.05144251033,0,0
42,286,100011110,5,0.9696646333,0.1719646058,0,0
42,256,100000000,1,0.8653963432,0.05144251033,0,0
42,463,111001111,7,0.9701219536,0.2215583678,0,0
42,256,100000000,1,0.8653963432,0.05144251033,0,0
42,256,100000000,1,0.8653963432,0.05144251033,0,0
42,4,000000100,1,0.9094512276,0.06868225115,0,0
42,463,111001111,7,0.9701219536,0.2215583678,0,0
42,256,100000000,1,0.8653963432,0.05144251033,0,0
42,463,111001111,7,0.9701219536,0.2215583678,0,0
42,256,100000000,1,0.8653963432,0.05144251033,0,0
43,256,100000000,1,0.8653963432,0.05144251033,0,inf
43,463,111001111,7,0.9701219536,0.2215583678,0,inf
43,256,100000000,1,0.8653963432,0.05144251033,0,0.5220108109
43,4,000000100,1,0.9094512276,0.06868225115,0,0.5220108109
43,4,000000100,1,0.9094512276,0.06868225115,0,0.308662907
43,128,010000000,1,0.9323170781,0.08404751134,0,0.308662907
43,463,111001111,7,0.9701219536,0.2215583678,0,0.295896174
43,286,100011110,5,0.9696646333,0.1719646058,0,0.295896174
43,136,010001000,2,0.9556402415,0.08872172865,0,0.2501840222
43,128,010000000,1,0.9323170781,0.08404751134,0,0.2501840222
43,136,010001000,2,0.9556402415,0.08872172865,0,0.1925701872
43,138,010001010,3,0.9580792598,0.1175190397,0,0.1925701872
43,170,010101010,4,0.9583841376,0.1237906108,0,0.1195143764
43,328,101001000,3,0.9661585353,0.1314932012,0,0.1195143764
43,299,100101011,5,0.9684451278,0.1646855306,0,0.09645812205
43,394,110001010,4,0.9682926834,0.1485241046,0,0.09645812205
43,394,110001010,4,0.9682926834,0.1485241046,0,0.09297294788
43,266,100001010,3,0.9663109817,0.1359270001,0,0.09297294788
43,138,010001010,3,0.9580792598,0.1175190397,0,0.03977767534
43,170,010101010,4,0.9583841376,0.1237906108,0,0.03977767534
43,286,100011110,5,0.9696646333,0.1719646058,0,0.03013367655
43,459,111001011,6,0.9693597592,0.1673336257,0,0.03013367655
43,266,100001010,3,0.9663109817,0.1359270001,0,0.02751908085
43,328,101001000,3,0.9661585353,0.1314932012,0,0.02751908085
43,299,100101011,5,0.9684451278,0.1646855306,0,0.02430001974
43,459,111001011,6,0.9693597592,0.1673336257,0,0.02430001974
43,170,010101010,4,0.9583841376,0.1237906108,0,0
43,266,100001010,3,0.9663109817,0.1359270001,0,0
43,299,100101011,5,0.9684451278,0.1646855306,0,0
43,256,100000000,1,0.8653963432,0.05144251033,0,0
43,459,111001011,6,0.9693597592,0.1673336257,0,0
43,459,111001011,6,0.9693597592,0.1673336257,0,0
43,463,111001111,7,0.9701219536,0.2215583678,0,0
43,266,100001010,3,0.9663109817,0.1359270001,0,0
43,328,101001000,3,0.9661585353,0.1314932012,0,0
43,299,100101011,5,0.9684451278,0.1646855306,0,0
43,459,111001011,6,0.9693597592,0.1673336257,0,0
43,459,111001011,6,0.9693597592,0.1673336257,0,0
43,266,100001010,3,0.9663109817,0.1359270001,0,0
43,328,101001000,3,0.9661585353,0.1314932012,0,0
43,459,111001011,6,0.9693597592,0.1673336257,0,0
43,266,100001010,3,0.9663109817,0.1359270001,0,0
43,286,100011110,5,0.9696646333,0.1719646058,0,0
43,459,111001011,6,0.9693597592,0.1673336257,0,0
43,266,100001010,3,0.9663109817,0.1359270001,0,0
43,266,100001010,3,0.9663109817,0.1359270001,0,0
43,328,101001000,3,0.9661585353,0.1314932012,0,0
43,328,101001000,3,0.9661585353,0.1314932012,0,0
43,266,100001010,3,0.9663109817,0.1359270001,0,0
43,463,111001111,7,0.9701219536,0.2215583678,0,0
43,286,100011110,5,0.9696646333,0.1719646058,0,0
43,299,100101011,5,0.9684451278,0.1646855306,0,0
43,459,111001011,6,0.9693597592,0.1673336257,0,0
43,266,100001010,3,0.9663109817,0.1359270001,0,0
43,328,101001000,3,0.9661585353,0.1314932012,0,0
43,266,100001010,3,0.9663109817,0.1359270001,0,0
43,266,100001010,3,0.9663109817,0.1359270001,0,0
43,328,101001000,3,0.9661585353,0.1314932012,0,0
43,459,111001011,6,0.9693597592,0.1673336257,0,0
43,170,010101010,4,0.9583841376,0.1237906108,0,0
43,459,111001011,6,0.9693597592,0.1673336257,0,0
43,286,100011110,5,0.9696646333,0.1719646058,0,0
43,170,010101010,4,0.9583841376,0.1237906108,0,0
43,459,111001011,6,0.9693597592,0.1673336257,0,0
43,170,010101010,4,0.9583841376,0.1237906108,0,0
43,138,010001010,3,0.9580792598,0.1175190397,0,0
43,394,110001010,4,0.9682926834,0.1485241046,0,0
43,459,111001011,6,0.9693597592,0.1673336257,0,0
43,170,010101010,4,0.9583841376,0.1237906108,0,0
43,138,010001010,3,0.9580792598,0.1175190397,0,0
43,266,100001010,3,0.9663109817,0.1359270001,0,0
43,266,100001010,3,0.9663109817,0.1359270001,0,0
43,266,100001010,3,0.9663109817,0.1359270001,0,0
43,394,110001010,4,0.9682926834,0.1485241046,0,0
43,266,100001010,3,0.9663109817,0.1359270001,0,0
43,394,110001010,4,0.9682926834,0.1485241046,0,0
43,266,100001010,3,0.9663109817,0.1359270001,0,0
43,170,010101010,4,0.9583841376,0.1237906108,0,0
43,170,010101010,4,0.9583841376,0.1237906108,0,0
43,266,100001010,3,0.9663109817,0.1359270001,0,0
43,138,010001010,3,0.9580792598,0.1175190397,0,0
43,138,010001010,3,0.9580792598,0.1175190397,0,0
43,136,010001000,2,0.9556402415,0.08872172865,0,0
43,394,110001010,4,0.9682926834,0.1485241046,0,0
43,128,010000000,1,0.9323170781,0.08404751134,0,0
43,266,100001010,3,0.9663109817,0.1359270001,0,0
43,136,010001000,2,0.9556402415,0.08872172865,0,0
43,328,101001000,3,0.9661585353,0.1314932012,0,0
43,266,100001010,3,0.9663109817,0.1359270001,0,0
43,328,101001000,3,0.9661585353,0.1314932012,0,0
43,394,110001010,4,0.9682926834,0.1485241046,0,0
43,328,101001000,3,0.9661585353,0.1314932012,0,0
43,328,101001000,3,0.9661585353,0.1314932012,0,0
43,328,101001000,3,0.9661585353,0.1314932012,0,0
43,138,010001010,3,0.9580792598,0.1175190397,0,0
43,394,110001010,4,0.9682926834,0.1485241046,0,0
43,299,100101011,5,0.9684451278,0.1646855306,0,0
43,170,010101010,4,0.9583841376,0.1237906108,0,0
43,136,010001000,2,0.9556402415,0.08872172865,0,0
43,136,010001000,2,0.9556402415,0.08872172865,0,0
43,128,010000000,1,0.9323170781,0.08404751134,0,0
43,463,111001111,7,0.9701219536,0.2215583678,0,0
43,256,100000000,1,0.8653963432,0.05144251033,0,0
43,136,010001000,2,0.9556402415,0.08872172865,0,0
43,266,100001010,3,0.9663109817,0.1359270001,0,0
43,128,010000000,1,0.9323170781,0.08404751134,0,0
43,463,111001111,7,0.9701219536,0.2215583678,0,0
43,136,010001000,2,0.9556402415,0.08872172865,0,0
43,128,010000000,1,0.9323170781,0.08404751134,0,0
43,128,010000000,1,0.9323170781,0.08404751134,0,0
43,256,100000000,1,0.8653963432,0.05144251033,0,0
43,128,010000000,1,0.9323170781,0.08404751134,0,0
43,136,010001000,2,0.9556402415,0.08872172865,0,0
43,128,010000000,1,0.9323170781,0.08404751134,0,0
43,256,100000000,1,0.8653963432,0.05144251033,0,0
43,136,010001000,2,0.9556402415,0.08872172865,0,0
43,256,100000000,1,0.8653963432,0.05144251033,0,0
43,256,100000000,1,0.8653963432,0.05144251033,0,0
43,128,010000000,1,0.9323170781,0.08404751134,0,0
43,286,100011110,5,0.9696646333,0.1719646058,0,0
43,136,010001000,2,0.9556402415,0.08872172865,0,0
43,463,111001111,7,0.9701219536,0.2215583678,0,0
43,286,100011110,5,0.9696646333,0.1719646058,0,0
43,136,010001000,2,0.9556402415,0.08872172865,0,0
43,286,100011110,5,0.9696646333,0.1719646058,0,0
43,128,010000000,1,0.9323170781,0.08404751134,0,0
43,463,111001111,7,0.9701219536,0.2215583678,0,0
43,128,010000000,1,0.9323170781,0.08404751134,0,0
43,463,111001111,7,0.9701219536,0.2215583678,0,0
43,4,000000100,1,0.9094512276,0.06868225115,0,0
43,128,010000000,1,0.9323170781,0.08404751134,0,0
43,256,100000000,1,0.8653963432,0.05144251033,0,0
43,4,000000100,1,0.9094512276,0.06868225115,0,0
43,128,010000000,1,0.9323170781,0.08404751134,0,0
43,128,010000000,1,0.9323170781,0.08404751134,0,0
43,128,010000000,1,0.9323170781,0.08404751134,0,0
43,4,000000100,1,0.9094512276,0.06868225115,0,0
43,4,000000100,1,0.9094512276,0.06868225115,0,0
43,4,000000100,1,0.9094512276,0.06868225115,0,0
43,4,000000100,1,0.9094512276,0.06868225115,0,0
43,128,010000000,1,0.9323170781,0.08404751134,0,0
43,4,000000100,1,0.9094512276,0.06868225115,0,0
43,128,010000000,1,0.9323170781,0.08404751134,0,0
43,128,010000000,1,0.9323170781,0.08404751134,0,0
43,256,100000000,1,0.8653963432,0.05144251033,0,0
43,256,100000000,1,0.8653963432,0.05144251033,0,0
43,4,000000100,1,0.9094512276,0.06868225115,0,0
43,256,100000000,1,0.8653963432,0.05144251033,0,0
43,256,100000000,1,0.8653963432,0.05144251033,0,0
43,256,100000000,1,0.8653963432,0.05144251033,0,0
43,256,100000000,1,0.8653963432,0.05144251033,0,0
43,256,100000000,1,0.8653963432,0.05144251033,0,0
43,286,100011110,5,0.9696646333,0.1719646058,0,0
43,256,100000000,1,0.8653963432,0.05144251033,0,0
43,463,111001111,7,0.9701219536,0.2215583678,0,0
43,256,100000000,1,0.8653963432,0.05144251033,0,0
43,256,100000000,1,0.8653963432,0.05144251033,0,0
43,4,000000100,1,0.9094512276,0.06868225115,0,0
43,463,111001111,7,0.9701219536,0.2215583678,0,0
43,256,100000000,1,0.8653963432,0.05144251033,0,0
43,463,111001111,7,0.9701219536,0.2215583678,0,0
43,256,100000000,1,0.8653963432,0.05144251033,0,0
44,256,100000000,1,0.8653963432,0.05144251033,0,inf
44,463,111001111,7,0.9701219536,0.2215583678,0,inf
44,4,000000100,1,0.9094512276,0.06868225115,0,0.5220108109
44,256,100000000,1,0.8653963432,0.05144251033,0,0.5220108109
44,128,010000000,1,0.9323170781,0.08404751134,0,0.308662907
44,4,000000100,1,0.9094512276,0.06868225115,0,0.308662907
44,286,100011110,5,0.9696646333,0.1719646058,0,0.295896174
44,463,111001111,7,0.9701219536,0.2215583678,0,0.295896174
44,128,010000000,1,0.9323170781,0.08404751134,0,0.2501840222
44,136,010001000,2,0.9556402415,0.08872172865,0,0.2501840222
44,138,010001010,3,0.9580792598,0.1175190397,0,0.1925701872
44,136,010001000,2,0.9556402415,0.08872172865,0,0.1925701872
44,170,010101010,4,0.9583841376,0.1237906108,0,0.1195143764
44,328,101001000,3,0.9661585353,0.1314932012,0,0.1195143764
44,299,100101011,5,0.9684451278,0.1646855306,0,0.09645812205
44,394,110001010,4,0.9682926834,0.1485241046,0,0.09645812205
44,394,110001010,4,0.9682926834,0.1485241046,0,0.09297294788
44,266,100001010,3,0.9663109817,0.1359270001,0,0.09297294788
44,138,010001010,3,0.9580792598,0.1175190397,0,0.03977767534
44,170,010101010,4,0.9583841376,0.1237906108,0,0.03977767534
44,459,111001011,6,0.9693597592,0.1673336257,0,0.03013367655
44,286,100011110,5,0.9696646333,0.1719646058,0,0.03013367655
44,328,101001000,3,0.9661585353,0.1314932012,0,0.02751908085
44,266,100001010,3,0.9663109817,0.1359270001,0,0.02751908085
44,299,100101011,5,0.9684451278,0.1646855306,0,0.02430001974
44,459,111001011,6,0.9693597592,0.1673336257,0,0.02430001974
44,136,010001000,2,0.9556402415,0.08872172865,0,0
44,394,110001010,4,0.9682926834,0.1485241046,0,0
44,299,100101011,5,0.9684451278,0.1646855306,0,0
44,256,100000000,1,0.8653963432,0.05144251033,0,0
44,459,111001011,6,0.9693597592,0.1673336257,0,0
44,459,111001011,6,0.9693597592,0.1673336257,0,0
44,170,010101010,4,0.9583841376,0.1237906108,0,0
44,266,100001010,3,0.9663109817,0.1359270001,0,0
44,328,101001000,3,0.9661585353,0.1314932012,0,0
44,459,111001011,6,0.9693597592,0.1673336257,0,0
44,459,111001011,6,0.9693597592,0.1673336257,0,0
44,299,100101011,5,0.9684451278,0.1646855306,0,0
44,266,100001010,3,0.9663109817,0.1359270001,0,0
44,328,101001000,3,0.9661585353,0.1314932012,0,0
44,459,111001011,6,0.9693597592,0.1673336257,0,0
44,266,100001010,3,0.9663109817,0.1359270001,0,0
44,328,101001000,3,0.9661585353,0.1314932012,0,0
44,459,111001011,6,0.9693597592,0.1673336257,0,0
44,266,100001010,3,0.9663109817,0.1359270001,0,0
44,266,100001010,3,0.9663109817,0.1359270001,0,0
44,328,101001000,3,0.9661585353,0.1314932012,0,0
44,266,100001010,3,0.9663109817,0.1359270001,0,0
44,266,100001010,3,0.9663109817,0.1359270001,0,0
44,463,111001111,7,0.9701219536,0.2215583678,0,0
44,286,100011110,5,0.9696646333,0.1719646058,0,0
44,299,100101011,5,0.9684451278,0.1646855306,0,0
44,459,111001011,6,0.9693597592,0.1673336257,0,0
44,266,100001010,3,0.9663109817,0.1359270001,0,0
44,328,101001000,3,0.9661585353,0.1314932012,0,0
44,266,100001010,3,0.9663109817,0.1359270001,0,0
44,266,100001010,3,0.9663109817,0.1359270001,0,0
44,328,101001000,3,0.9661585353,0.1314932012,0,0
44,459,111001011,6,0.9693597592,0.1673336257,0,0
44,170,010101010,4,0.9583841376,0.1237906108,0,0
44,459,111001011,6,0.9693597592,0.1673336257,0,0
44,286,100011110,5,0.9696646333,0.1719646058,0,0
44,170,010101010,4,0.9583841376,0.1237906108,0,0
44,459,111001011,6,0.9693597592,0.1673336257,0,0
44,459,111001011,6,0.9693597592,0.1673336257,0,0
44,138,010001010,3,0.9580792598,0.1175190397,0,0
44,286,100011110,5,0.9696646333,0.1719646058,0,0
44,170,010101010,4,0.9583841376,0.1237906108,0,0
44,170,010101010,4,0.9583841376,0.1237906108,0,0
44,138,010001010,3,0.9580792598,0.1175190397,0,0
44,266,100001010,3,0.9663109817,0.1359270001,0,0
44,266,100001010,3,0.9663109817,0.1359270001,0,0
44,266,100001010,3,0.9663109817,0.1359270001,0,0
44,394,110001010,4,0.9682926834,0.1485241046,0,0
44,266,100001010,3,0.9663109817,0.1359270001,0,0
44,394,110001010,4,0.9682926834,0.1485241046,0,0
44,266,100001010,3,0.9663109817,0.1359270001,0,0
44,170,010101010,4,0.9583841376,0.1237906108,0,0
44,170,010101010,4,0.9583841376,0.1237906108,0,0
44,138,010001010,3,0.9580792598,0.1175190397,0,0
44,266,100001010,3,0.9663109817,0.1359270001,0,0
44,138,010001010,3,0.9580792598,0.1175190397,0,0
44,394,110001010,4,0.9682926834,0.1485241046,0,0
44,299,100101011,5,0.9684451278,0.1646855306,0,0
44,256,100000000,1,0.8653963432,0.05144251033,0,0
44,328,101001000,3,0.9661585353,0.1314932012,0,0
44,170,010101010,4,0.9583841376,0.1237906108,0,0
44,328,101001000,3,0.9661585353,0.1314932012,0,0
44,266,100001010,3,0.9663109817,0.1359270001,0,0
44,138,010001010,3,0.9580792598,0.1175190397,0,0
44,394,110001010,4,0.9682926834,0.1485241046,0,0
44,328,101001000,3,0.9661585353,0.1314932012,0,0
44,328,101001000,3,0.9661585353,0.1314932012,0,0
44,328,101001000,3,0.9661585353,0.1314932012,0,0
44,136,010001000,2,0.9556402415,0.08872172865,0,0
44,394,110001010,4,0.9682926834,0.1485241046,0,0
44,128,010000000,1,0.9323170781,0.08404751134,0,0
44,266,100001010,3,0.9663109817,0.1359270001,0,0
44,136,010001000,2,0.9556402415,0.08872172865,0,0
44,136,010001000,2,0.9556402415,0.08872172865,0,0
44,128,010000000,1,0.9323170781,0.08404751134,0,0
44,463,111001111,7,0.9701219536,0.2215583678,0,0
44,463,111001111,7,0.9701219536,0.2215583678,0,0
44,136,010001000,2,0.9556402415,0.08872172865,0,0
44,266,100001010,3,0.9663109817,0.1359270001,0,0
44,128,010000000,1,0.9323170781,0.08404751134,0,0
44,463,111001111,7,0.9701219536,0.2215583678,0,0
44,136,010001000,2,0.9556402415,0.08872172865,0,0
44,128,010000000,1,0.9323170781,0.08404751134,0,0
44,128,010000000,1,0.9323170781,0.08404751134,0,0
44,256,100000000,1,0.8653963432,0.05144251033,0,0
44,128,010000000,1,0.9323170781,0.08404751134,0,0
44,136,010001000,2,0.9556402415,0.08872172865,0,0
44,128,010000000,1,0.9323170781,0.08404751134,0,0
44,256,100000000,1,0.8653963432,0.05144251033,0,0
44,136,010001000,2,0.9556402415,0.08872172865,0,0
44,256,100000000,1,0.8653963432,0.05144251033,0,0
44,256,100000000,1,0.8653963432,0.05144251033,0,0
44,128,010000000,1,0.9323170781,0.08404751134,0,0
44,128,010000000,1,0.9323170781,0.08404751134,0,0
44,136,010001000,2,0.9556402415,0.08872172865,0,0
44,463,111001111,7,0.9701219536,0.2215583678,0,0
44,286,100011110,5,0.9696646333,0.1719646058,0,0
44,136,010001000,2,0.9556402415,0.08872172865,0,0
44,286,100011110,5,0.9696646333,0.1719646058,0,0
44,4,000000100,1,0.9094512276,0.06868225115,0,0
44,463,111001111,7,0.9701219536,0.2215583678,0,0
44,128,010000000,1,0.9323170781,0.08404751134,0,0
44,463,111001111,7,0.9701219536,0.2215583678,0,0
44,4,000000100,1,0.9094512276,0.06868225115,0,0
44,128,010000000,1,0.9323170781,0.08404751134,0,0
44,256,100000000,1,0.8653963432,0.05144251033,0,0
44,4,000000100,1,0.9094512276,0.06868225115,0,0
44,128,010000000,1,0.9323170781,0.08404751134,0,0
44,128,010000000,1,0.9323170781,0.08404751134,0,0
44,128,010000000,1,0.9323170781,0.08404751134,0,0
44,4,000000100,1,0.9094512276,0.06868225115,0,0
44,4,000000100,1,0.9094512276,0.06868225115,0,0
44,4,000000100,1,0.9094512276,0.06868225115,0,0
44,4,000000100,1,0.9094512276,0.06868225115,0,0
44,128,010000000,1,0.9323170781,0.08404751134,0,0
44,4,000000100,1,0.9094512276,0.06868225115,0,0
44,128,010000000,1,0.9323170781,0.08404751134,0,0
44,128,010000000,1,0.9323170781,0.08404751134,0,0
44,256,100000000,1,0.8653963432,0.05144251033,0,0
44,256,100000000,1,0.8653963432,0.05144251033,0,0
44,4,000000100,1,0.9094512276,0.06868225115,0,0
44,256,100000000,1,0.8653963432,0.05144251033,0,0
44,256,100000000,1,0.8653963432,0.05144251033,0,0
44,256,100000000,1,0.8653963432,0.05144251033,0,0
44,256,100000000,1,0.8653963432,0.05144251033,0,0
44,256,100000000,1,0.8653963432,0.05144251033,0,0
44,286,100011110,5,0.9696646333,0.1719646058,0,0
44,256,100000000,1,0.8653963432,0.05144251033,0,0
44,463,111001111,7,0.9701219536,0.2215583678,0,0
44,256,100000000,1,0.8653963432,0.05144251033,0,0
44,256,100000000,1,0.8653963432,0.05144251033,0,0
44,4,000000100,1,0.9094512276,0.06868225115,0,0
44,463,111001111,7,0.9701219536,0.2215583678,0,0
44,256,100000000,1,0.8653963432,0.05144251033,0,0
44,463,111001111,7,0.9701219536,0.2215583678,0,0
44,256,100000000,1,0.8653963432,0.05144251033,0,0
45,463,111001111,7,0.9701219536,0.2215583678,0,inf
45,256,100000000,1,0.8653963432,0.05144251033,0,inf
45,256,100000000,1,0.8653963432,0.05144251033,0,0.5220108109
45,4,000000100,1,0.9094512276,0.06868225115,0,0.5220108109
45,4,000000100,1,0.9094512276,0.06868225115,0,0.308662907
45,128,010000000,1,0.9323170781,0.08404751134,0,0.308662907
45,286,100011110,5,0.9696646333,0.1719646058,0,0.295896174
45,463,111001111,7,0.9701219536,0.2215583678,0,0.295896174
45,136,010001000,2,0.9556402415,0.08872172865,0,0.2501840222
45,128,010000000,1,0.9323170781,0.08404751134,0,0.2501840222
45,136,010001000,2,0.9556402415,0.08872172865,0,0.1925701872
45,138,010001010,3,0.9580792598,0.1175190397,0,0.1925701872
45,170,010101010,4,0.9583841376,0.1237906108,0,0.1195143764
45,328,101001000,3,0.9661585353,0.1314932012,0,0.1195143764
45,299,100101011,5,0.9684451278,0.1646855306,0,0.09645812205
45,394,110001010,4,0.9682926834,0.1485241046,0,0.09645812205
45,394,110001010,4,0.9682926834,0.1485241046,0,0.09297294788
45,266,100001010,3,0.9663109817,0.1359270001,0,0.09297294788
45,138,010001010,3,0.9580792598,0.1175190397,0,0.03977767534
45,170,010101010,4,0.9583841376,0.1237906108,0,0.03977767534
45,459,111001011,6,0.9693597592,0.1673336257,0,0.03013367655
45,286,100011110,5,0.9696646333,0.1719646058,0,0.03013367655
45,328,101001000,3,0.9661585353,0.1314932012,0,0.02751908085
45,266,100001010,3,0.9663109817,0.1359270001,0,0.02751908085
45,459,111001011,6,0.9693597592,0.1673336257,0,0.02430001974
45,299,100101011,5,0.9684451278,0.1646855306,0,0.02430001974
45,138,010001010,3,0.9580792598,0.1175190397,0,0
45,256,100000000,1,0.8653963432,0.05144251033,0,0
45,136,010001000,2,0.9556402415,0.08872172865,0,0
45,256,100000000,1,0.8653963432,0.05144251033,0,0
45,459,111001011,6,0.9693597592,0.1673336257,0,0
45,459,111001011,6,0.9693597592,0.1673336257,0,0
45,299,100101011,5,0.9684451278,0.1646855306,0,0
45,266,100001010,3,0.9663109817,0.1359270001,0,0
45,328,101001000,3,0.9661585353,0.1314932012,0,0
45,459,111001011,6,0.9693597592,0.1673336257,0,0
45,459,111001011,6,0.9693597592,0.1673336257,0,0
45,286,100011110,5,0.9696646333,0.1719646058,0,0
45,266,100001010,3,0.9663109817,0.1359270001,0,0
45,328,101001000,3,0.9661585353,0.1314932012,0,0
45,459,111001011,6,0.9693597592,0.1673336257,0,0
45,266,100001010,3,0.9663109817,0.1359270001,0,0
45,328,101001000,3,0.9661585353,0.1314932012,0,0
45,459,111001011,6,0.9693597592,0.1673336257,0,0
45,266,100001010,3,0.9663109817,0.1359270001,0,0
45,266,100001010,3,0.9663109817,0.1359270001,0,0
45,328,101001000,3,0.9661585353,0.1314932012,0,0
45,266,100001010,3,0.9663109817,0.1359270001,0,0
45,266,100001010,3,0.9663109817,0.1359270001,0,0
45,138,010001010,3,0.9580792598,0.1175190397,0,0
45,266,100001010,3,0.9663109817,0.1359270001,0,0
45,299,100101011,5,0.9684451278,0.1646855306,0,0
45,459,111001011,6,0.9693597592,0.1673336257,0,0
45,266,100001010,3,0.9663109817,0.1359270001,0,0
45,328,101001000,3,0.9661585353,0.1314932012,0,0
45,266,100001010,3,0.9663109817,0.1359270001,0,0
45,266,100001010,3,0.9663109817,0.1359270001,0,0
45,394,110001010,4,0.9682926834,0.1485241046,0,0
45,459,111001011,6,0.9693597592,0.1673336257,0,0
45,170,010101010,4,0.9583841376,0.1237906108,0,0
45,459,111001011,6,0.9693597592,0.1673336257,0,0
45,286,100011110,5,0.9696646333,0.1719646058,0,0
45,170,010101010,4,0.9583841376,0.1237906108,0,0
45,459,111001011,6,0.9693597592,0.1673336257,0,0
45,459,111001011,6,0.9693597592,0.1673336257,0,0
45,299,100101011,5,0.9684451278,0.1646855306,0,0
45,286,100011110,5,0.9696646333,0.1719646058,0,0
45,170,010101010,4,0.9583841376,0.1237906108,0,0
45,170,010101010,4,0.9583841376,0.1237906108,0,0
45,138,010001010,3,0.9580792598,0.1175190397,0,0
45,266,100001010,3,0.9663109817,0.1359270001,0,0
45,266,100001010,3,0.9663109817,0.1359270001,0,0
45,266,100001010,3,0.9663109817,0.1359270001,0,0
45,394,110001010,4,0.9682926834,0.1485241046,0,0
45,266,100001010,3,0.9663109817,0.1359270001,0,0
45,394,110001010,4,0.9682926834,0.1485241046,0,0
45,266,100001010,3,0.9663109817,0.1359270001,0,0
45,170,010101010,4,0.9583841376,0.1237906108,0,0
45,170,010101010,4,0.9583841376,0.1237906108,0,0
45,328,101001000,3,0.9661585353,0.1314932012,0,0
45,170,010101010,4,0.9583841376,0.1237906108,0,0
45,256,100000000,1,0.8653963432,0.05144251033,0,0
45,394,110001010,4,0.9682926834,0.1485241046,0,0
45,299,100101011,5,0.9684451278,0.1646855306,0,0
45,256,100000000,1,0.8653963432,0.05144251033,0,0
45,328,101001000,3,0.9661585353,0.1314932012,0,0
45,170,010101010,4,0.9583841376,0.1237906108,0,0
45,328,101001000,3,0.9661585353,0.1314932012,0,0
45,266,100001010,3,0.9663109817,0.1359270001,0,0
45,138,010001010,3,0.9580792598,0.1175190397,0,0
45,394,110001010,4,0.9682926834,0.1485241046,0,0
45,328,101001000,3,0.9661585353,0.1314932012,0,0
45,328,101001000,3,0.9661585353,0.1314932012,0,0
45,328,101001000,3,0.9661585353,0.1314932012,0,0
45,136,010001000,2,0.9556402415,0.08872172865,0,0
45,394,110001010,4,0.9682926834,0.1485241046,0,0
45,136,010001000,2,0.9556402415,0.08872172865,0,0
45,266,100001010,3,0.9663109817,0.1359270001,0,0
45,136,010001000,2,0.9556402415,0.08872172865,0,0
45,136,010001000,2,0.9556402415,0.08872172865,0,0
45,128,010000000,1,0.9323170781,0.08404751134,0,0
45,463,111001111,7,0.9701219536,0.2215583678,0,0
45,463,111001111,7,0.9701219536,0.2215583678,0,0
45,136,010001000,2,0.9556402415,0.08872172865,0,0
45,266,100001010,3,0.9663109817,0.1359270001,0,0
45,128,010000000,1,0.9323170781,0.08404751134,0,0
45,463,111001111,7,0.9701219536,0.2215583678,0,0
45,136,010001000,2,0.9556402415,0.08872172865,0,0
45,128,010000000,1,0.9323170781,0.08404751134,0,0
45,128,010000000,1,0.9323170781,0.08404751134,0,0
45,256,100000000,1,0.8653963432,0.05144251033,0,0
45,128,010000000,1,0.9323170781,0.08404751134,0,0
45,136,010001000,2,0.9556402415,0.08872172865,0,0
45,128,010000000,1,0.9323170781,0.08404751134,0,0
45,256,100000000,1,0.8653963432,0.05144251033,0,0
45,136,010001000,2,0.9556402415,0.08872172865,0,0
45,256,100000000,1,0.8653963432,0.05144251033,0,0
45,256,100000000,1,0.8653963432,0.05144251033,0,0
45,128,010000000,1,0.9323170781,0.08404751134,0,0
45,128,010000000,1,0.9323170781,0.08404751134,0,0
45,136,010001000,2,0.9556402415,0.08872172865,0,0
45,463,111001111,7,0.9701219536,0.2215583678,0,0
45,286,100011110,5,0.9696646333,0.1719646058,0,0
45,463,111001111,7,0.9701219536,0.2215583678,0,0
45,286,100011110,5,0.9696646333,0.1719646058,0,0
45,4,000000100,1,0.9094512276,0.06868225115,0,0
45,463,111001111,7,0.9701219536,0.2215583678,0,0
45,128,010000000,1,0.9323170781,0.08404751134,0,0
45,463,111001111,7,0.9701219536,0.2215583678,0,0
45,4,000000100,1,0.9094512276,0.06868225115,0,0
45,128,010000000,1,0.9323170781,0.08404751134,0,0
45,256,100000000,1,0.8653963432,0.05144251033,0,0
45,4,000000100,1,0.9094512276,0.06868225115,0,0
45,128,010000000,1,0.9323170781,0.08404751134,0,0
45,128,010000000,1,0.9323170781,0.08404751134,0,0
45,128,010000000,1,0.9323170781,0.08404751134,0,0
45,4,000000100,1,0.9094512276,0.06868225115,0,0
45,4,000000100,1,0.9094512276,0.06868225115,0,0
45,4,000000100,1,0.9094512276,0.06868225115,0,0
45,4,000000100,1,0.9094512276,0.06868225115,0,0
45,128,010000000,1,0.9323170781,0.08404751134,0,0
45,128,010000000,1,0.9323170781,0.08404751134,0,0
45,128,010000000,1,0.9323170781,0.08404751134,0,0
45,128,010000000,1,0.9323170781,0.08404751134,0,0
45,256,100000000,1,0.8653963432,0.05144251033,0,0
45,256,100000000,1,0.8653963432,0.05144251033,0,0
45,4,000000100,1,0.9094512276,0.06868225115,0,0
45,256,100000000,1,0.8653963432,0.05144251033,0,0
45,256,100000000,1,0.8653963432,0.05144251033,0,0
45,256,100000000,1,0.8653963432,0.05144251033,0,0
45,4,000000100,1,0.9094512276,0.06868225115,0,0
45,256,100000000,1,0.8653963432,0.05144251033,0,0
45,286,100011110,5,0.9696646333,0.1719646058,0,0
45,256,100000000,1,0.8653963432,0.05144251033,0,0
45,463,111001111,7,0.9701219536,0.2215583678,0,0
45,256,100000000,1,0.8653963432,0.05144251033,0,0
45,256,100000000,1,0.8653963432,0.05144251033,0,0
45,4,000000100,1,0.9094512276,0.06868225115,0,0
45,463,111001111,7,0.9701219536,0.2215583678,0,0
45,256,100000000,1,0.8653963432,0.05144251033,0,0
45,463,111001111,7,0.9701219536,0.2215583678,0,0
45,256,100000000,1,0.8653963432,0.05144251033,0,0
46,256,100000000,1,0.8653963432,0.05144251033,0,inf
46,463,111001111,7,0.9701219536,0.2215583678,0,inf
46,4,000000100,1,0.9094512276,0.06868225115,0,0.5220108109
46,256,100000000,1,0.8653963432,0.05144251033,0,0.5220108109
46,4,000000100,1,0.9094512276,0.06868225115,0,0.308662907
46,128,010000000,1,0.9323170781,0.08404751134,0,0.308662907
46,463,111001111,7,0.9701219536,0.2215583678,0,0.295896174
46,286,100011110,5,0.9696646333,0.1719646058,0,0.295896174
46,128,010000000,1,0.9323170781,0.08404751134,0,0.2501840222
46,136,010001000,2,0.9556402415,0.08872172865,0,0.2501840222
46,138,010001010,3,0.9580792598,0.1175190397,0,0.1925701872
46,136,010001000,2,0.9556402415,0.08872172865,0,0.1925701872
46,328,101001000,3,0.9661585353,0.1314932012,0,0.1195143764
46,170,010101010,4,0.9583841376,0.1237906108,0,0.1195143764
46,394,110001010,4,0.9682926834,0.1485241046,0,0.09645812205
46,299,100101011,5,0.9684451278,0.1646855306,0,0.09645812205
46,394,110001010,4,0.9682926834,0.1485241046,0,0.09297294788
46,266,100001010,3,0.9663109817,0.1359270001,0,0.09297294788
46,170,010101010,4,0.9583841376,0.1237906108,0,0.03977767534
46,138,010001010,3,0.9580792598,0.1175190397,0,0.03977767534
46,459,111001011,6,0.9693597592,0.1673336257,0,0.03013367655
46,286,100011110,5,0.9696646333,0.1719646058,0,0.03013367655
46,266,100001010,3,0.9663109817,0.1359270001,0,0.02751908085
46,328,101001000,3,0.9661585353,0.1314932012,0,0.02751908085
46,299,100101011,5,0.9684451278,0.1646855306,0,0.02430001974
46,459,111001011,6,0.9693597592,0.1673336257,0,0.02430001974
46,394,110001010,4,0.9682926834,0.1485241046,0,0
46,299,100101011,5,0.9684451278,0.1646855306,0,0
46,136,010001000,2,0.9556402415,0.08872172865,0,0
46,266,100001010,3,0.9663109817,0.1359270001,0,0
46,459,111001011,6,0.9693597592,0.1673336257,0,0
46,459,111001011,6,0.9693597592,0.1673336257,0,0
46,299,100101011,5,0.9684451278,0.1646855306,0,0
46,266,100001010,3,0.9663109817,0.1359270001,0,0
46,170,010101010,4,0.9583841376,0.1237906108,0,0
46,459,111001011,6,0.9693597592,0.1673336257,0,0
46,459,111001011,6,0.9693597592,0.1673336257,0,0
46,286,100011110,5,0.9696646333,0.1719646058,0,0
46,266,100001010,3,0.9663109817,0.1359270001,0,0
46,328,101001000,3,0.9661585353,0.1314932012,0,0
46,459,111001011,6,0.9693597592,0.1673336257,0,0
46,138,010001010,3,0.9580792598,0.1175190397,0,0
46,328,101001000,3,0.9661585353,0.1314932012,0,0
46,459,111001011,6,0.9693597592,0.1673336257,0,0
46,266,100001010,3,0.9663109817,0.1359270001,0,0
46,266,100001010,3,0.9663109817,0.1359270001,0,0
46,328,101001000,3,0.9661585353,0.1314932012,0,0
46,266,100001010,3,0.9663109817,0.1359270001,0,0
46,266,100001010,3,0.9663109817,0.1359270001,0,0
46,138,010001010,3,0.9580792598,0.1175190397,0,0
46,266,100001010,3,0.9663109817,0.1359270001,0,0
46,299,100101011,5,0.9684451278,0.1646855306,0,0
46,459,111001011,6,0.9693597592,0.1673336257,0,0
46,266,100001010,3,0.9663109817,0.1359270001,0,0
46,328,101001000,3,0.9661585353,0.1314932012,0,0
46,266,100001010,3,0.9663109817,0.1359270001,0,0
46,266,100001010,3,0.9663109817,0.1359270001,0,0
46,394,110001010,4,0.9682926834,0.1485241046,0,0
46,459,111001011,6,0.9693597592,0.1673336257,0,0
46,394,110001010,4,0.9682926834,0.1485241046,0,0
46,459,111001011,6,0.9693597592,0.1673336257,0,0
46,394,110001010,4,0.9682926834,0.1485241046,0,0
46,170,010101010,4,0.9583841376,0.1237906108,0,0
46,459,111001011,6,0.9693597592,0.1673336257,0,0
46,459,111001011,6,0.9693597592,0.1673336257,0,0
46,299,100101011,5,0.9684451278,0.1646855306,0,0
46,286,100011110,5,0.9696646333,0.1719646058,0,0
46,170,010101010,4,0.9583841376,0.1237906108,0,0
46,328,101001000,3,0.9661585353,0.1314932012,0,0
46,138,010001010,3,0.9580792598,0.1175190397,0,0
46,266,100001010,3,0.9663109817,0.1359270001,0,0
46,266,100001010,3,0.9663109817,0.1359270001,0,0
46,266,100001010,3,0.9663109817,0.1359270001,0,0
46,394,110001010,4,0.9682926834,0.1485241046,0,0
46,266,100001010,3,0.9663109817,0.1359270001,0,0
46,170,010101010,4,0.9583841376,0.1237906108,0,0
46,266,100001010,3,0.9663109817,0.1359270001,0,0
46,170,010101010,4,0.9583841376,0.1237906108,0,0
46,170,010101010,4,0.9583841376,0.1237906108,0,0
46,328,101001000,3,0.9661585353,0.1314932012,0,0
46,170,010101010,4,0.9583841376,0.1237906108,0,0
46,256,100000000,1,0.8653963432,0.05144251033,0,0
46,138,010001010,3,0.9580792598,0.1175190397,0,0
46,136,010001000,2,0.9556402415,0.08872172865,0,0
46,256,100000000,1,0.8653963432,0.05144251033,0,0
46,328,101001000,3,0.9661585353,0.1314932012,0,0
46,170,010101010,4,0.9583841376,0.1237906108,0,0
46,328,101001000,3,0.9661585353,0.1314932012,0,0
46,266,100001010,3,0.9663109817,0.1359270001,0,0
46,138,010001010,3,0.9580792598,0.1175190397,0,0
46,394,110001010,4,0.9682926834,0.1485241046,0,0
46,328,101001000,3,0.9661585353,0.1314932012,0,0
46,328,101001000,3,0.9661585353,0.1314932012,0,0
46,328,101001000,3,0.9661585353,0.1314932012,0,0
46,136,010001000,2,0.9556402415,0.08872172865,0,0
46,299,100101011,5,0.9684451278,0.1646855306,0,0
46,256,100000000,1,0.8653963432,0.05144251033,0,0
46,266,100001010,3,0.9663109817,0.1359270001,0,0
46,136,010001000,2,0.9556402415,0.08872172865,0,0
46,136,010001000,2,0.9556402415,0.08872172865,0,0
46,128,010000000,1,0.9323170781,0.08404751134,0,0
46,463,111001111,7,0.9701219536,0.2215583678,0,0
46,463,111001111,7,0.9701219536,0.2215583678,0,0
46,136,010001000,2,0.9556402415,0.08872172865,0,0
46,266,100001010,3,0.9663109817,0.1359270001,0,0
46,128,010000000,1,0.9323170781,0.08404751134,0,0
46,463,111001111,7,0.9701219536,0.2215583678,0,0
46,136,010001000,2,0.9556402415,0.08872172865,0,0
46,128,010000000,1,0.9323170781,0.08404751134,0,0
46,128,010000000,1,0.9323170781,0.08404751134,0,0
46,256,100000000,1,0.8653963432,0.05144251033,0,0
46,128,010000000,1,0.9323170781,0.08404751134,0,0
46,128,010000000,1,0.9323170781,0.08404751134,0,0
46,128,010000000,1,0.9323170781,0.08404751134,0,0
46,256,100000000,1,0.8653963432,0.05144251033,0,0
46,136,010001000,2,0.9556402415,0.08872172865,0,0
46,256,100000000,1,0.8653963432,0.05144251033,0,0
46,256,100000000,1,0.8653963432,0.05144251033,0,0
46,128,010000000,1,0.9323170781,0.08404751134,0,0
46,136,010001000,2,0.9556402415,0.08872172865,0,0
46,463,111001111,7,0.9701219536,0.2215583678,0,0
46,286,100011110,5,0.9696646333,0.1719646058,0,0
46,286,100011110,5,0.9696646333,0.1719646058,0,0
46,463,111001111,7,0.9701219536,0.2215583678,0,0
46,286,100011110,5,0.9696646333,0.1719646058,0,0
46,4,000000100,1,0.9094512276,0.06868225115,0,0
46,463,111001111,7,0.9701219536,0.2215583678,0,0
46,128,010000000,1,0.9323170781,0.08404751134,0,0
46,463,111001111,7,0.9701219536,0.2215583678,0,0
46,4,000000100,1,0.9094512276,0.06868225115,0,0
46,128,010000000,1,0.9323170781,0.08404751134,0,0
46,256,100000000,1,0.8653963432,0.05144251033,0,0
46,4,000000100,1,0.9094512276,0.06868225115,0,0
46,128,010000000,1,0.9323170781,0.08404751134,0,0
46,128,010000000,1,0.9323170781,0.08404751134,0,0
46,128,010000000,1,0.9323170781,0.08404751134,0,0
46,4,000000100,1,0.9094512276,0.06868225115,0,0
46,4,000000100,1,0.9094512276,0.06868225115,0,0
46,4,000000100,1,0.9094512276,0.06868225115,0,0
46,4,000000100,1,0.9094512276,0.06868225115,0,0
46,128,010000000,1,0.9323170781,0.08404751134,0,0
46,128,010000000,1,0.9323170781,0.08404751134,0,0
46,128,010000000,1,0.9323170781,0.08404751134,0,0
46,128,010000000,1,0.9323170781,0.08404751134,0,0
46,256,100000000,1,0.8653963432,0.05144251033,0,0
46,256,100000000,1,0.8653963432,0.05144251033,0,0
46,4,000000100,1,0.9094512276,0.06868225115,0,0
46,256,100000000,1,0.8653963432,0.05144251033,0,0
46,256,100000000,1,0.8653963432,0.05144251033,0,0
46,256,100000000,1,0.8653963432,0.05144251033,0,0
46,4,000000100,1,0.9094512276,0.06868225115,0,0
46,256,100000000,1,0.8653963432,0.05144251033,0,0
46,286,100011110,5,0.9696646333,0.1719646058,0,0
46,256,100000000,1,0.8653963432,0.05144251033,0,0
46,463,111001111,7,0.9701219536,0.2215583678,0,0
46,256,100000000,1,0.8653963432,0.05144251033,0,0
46,256,100000000,1,0.8653963432,0.05144251033,0,0
46,4,000000100,1,0.9094512276,0.06868225115,0,0
46,463,111001111,7,0.9701219536,0.2215583678,0,0
46,256,100000000,1,0.8653963432,0.05144251033,0,0
46,463,111001111,7,0.9701219536,0.2215583678,0,0
46,256,100000000,1,0.8653963432,0.05144251033,0,0
47,463,111001111,7,0.9701219536,0.2215583678,0,inf
47,256,100000000,1,0.8653963432,0.05144251033,0,inf
47,256,100000000,1,0.8653963432,0.05144251033,0,0.5220108109
47,4,000000100,1,0.9094512276,0.06868225115,0,0.5220108109
47,4,000000100,1,0.9094512276,0.06868225115,0,0.308662907
47,128,010000000,1,0.9323170781,0.08404751134,0,0.308662907
47,463,111001111,7,0.9701219536,0.2215583678,0,0.295896174
47,286,100011110,5,0.9696646333,0.1719646058,0,0.295896174
47,136,010001000,2,0.9556402415,0.08872172865,0,0.2501840222
47,128,010000000,1,0.9323170781,0.08404751134,0,0.2501840222
47,136,010001000,2,0.9556402415,0.08872172865,0,0.1925701872
47,138,010001010,3,0.9580792598,0.1175190397,0,0.1925701872
47,328,101001000,3,0.9661585353,0.1314932012,0,0.1195143764
47,170,010101010,4,0.9583841376,0.1237906108,0,0.1195143764
47,394,110001010,4,0.9682926834,0.1485241046,0,0.09645812205
47,299,100101011,5,0.9684451278,0.1646855306,0,0.09645812205
47,394,110001010,4,0.9682926834,0.1485241046,0,0.09297294788
47,266,100001010,3,0.9663109817,0.1359270001,0,0.09297294788
47,138,010001010,3,0.9580792598,0.1175190397,0,0.03977767534
47,170,010101010,4,0.9583841376,0.1237906108,0,0.03977767534
47,286,100011110,5,0.9696646333,0.1719646058,0,0.03013367655
47,459,111001011,6,0.9693597592,0.1673336257,0,0.03013367655
47,266,100001010,3,0.9663109817,0.1359270001,0,0.02751908085
47,328,101001000,3,0.9661585353,0.1314932012,0,0.02751908085
47,299,100101011,5,0.9684451278,0.1646855306,0,0.02430001974
47,459,111001011,6,0.9693597592,0.1673336257,0,0.02430001974
47,266,100001010,3,0.9663109817,0.1359270001,0,0
47,256,100000000,1,0.8653963432,0.05144251033,0,0
47,136,010001000,2,0.9556402415,0.08872172865,0,0
47,266,100001010,3,0.9663109817,0.1359270001,0,0
47,459,111001011,6,0.9693597592,0.1673336257,0,0
47,459,111001011,6,0.9693597592,0.1673336257,0,0
47,299,100101011,5,0.9684451278,0.1646855306,0,0
47,394,110001010,4,0.9682926834,0.1485241046,0,0
47,170,010101010,4,0.9583841376,0.1237906108,0,0
47,459,111001011,6,0.9693597592,0.1673336257,0,0
47,459,111001011,6,0.9693597592,0.1673336257,0,0
47,286,100011110,5,0.9696646333,0.1719646058,0,0
47,266,100001010,3,0.9663109817,0.1359270001,0,0
47,328,101001000,3,0.9661585353,0.1314932012,0,0
47,459,111001011,6,0.9693597592,0.1673336257,0,0
47,138,010001010,3,0.9580792598,0.1175190397,0,0
47,328,101001000,3,0.9661585353,0.1314932012,0,0
47,459,111001011,6,0.9693597592,0.1673336257,0,0
47,266,100001010,3,0.9663109817,0.1359270001,0,0
47,299,100101011,5,0.9684451278,0.1646855306,0,0
47,328,101001000,3,0.9661585353,0.1314932012,0,0
47,266,100001010,3,0.9663109817,0.1359270001,0,0
47,266,100001010,3,0.9663109817,0.1359270001,0,0
47,138,010001010,3,0.9580792598,0.1175190397,0,0
47,266,100001010,3,0.9663109817,0.1359270001,0,0
47,328,101001000,3,0.9661585353,0.1314932012,0,0
47,459,111001011,6,0.9693597592,0.1673336257,0,0
47,266,100001010,3,0.9663109817,0.1359270001,0,0
47,328,101001000,3,0.9661585353,0.1314932012,0,0
47,266,100001010,3,0.9663109817,0.1359270001,0,0
47,266,100001010,3,0.9663109817,0.1359270001,0,0
47,394,110001010,4,0.9682926834,0.1485241046,0,0
47,459,111001011,6,0.9693597592,0.1673336257,0,0
47,266,100001010,3,0.9663109817,0.1359270001,0,0
47,459,111001011,6,0.9693597592,0.1673336257,0,0
47,394,110001010,4,0.9682926834,0.1485241046,0,0
47,286,100011110,5,0.9696646333,0.1719646058,0,0
47,459,111001011,6,0.9693597592,0.1673336257,0,0
47,459,111001011,6,0.9693597592,0.1673336257,0,0
47,299,100101011,5,0.9684451278,0.1646855306,0,0
47,286,100011110,5,0.9696646333,0.1719646058,0,0
47,170,010101010,4,0.9583841376,0.1237906108,0,0
47,328,101001000,3,0.9661585353,0.1314932012,0,0
47,138,010001010,3,0.9580792598,0.1175190397,0,0
47,266,100001010,3,0.9663109817,0.1359270001,0,0
47,266,100001010,3,0.9663109817,0.1359270001,0,0
47,266,100001010,3,0.9663109817,0.1359270001,0,0
47,394,110001010,4,0.9682926834,0.1485241046,0,0
47,266,100001010,3,0.9663109817,0.1359270001,0,0
47,170,010101010,4,0.9583841376,0.1237906108,0,0
47,266,100001010,3,0.9663109817,0.1359270001,0,0
47,170,010101010,4,0.9583841376,0.1237906108,0,0
47,170,010101010,4,0.9583841376,0.1237906108,0,0
47,328,101001000,3,0.9661585353,0.1314932012,0,0
47,138,010001010,3,0.9580792598,0.1175190397,0,0
47,328,101001000,3,0.9661585353,0.1314932012,0,0
47,136,010001000,2,0.9556402415,0.08872172865,0,0
47,256,100000000,1,0.8653963432,0.05144251033,0,0
47,256,100000000,1,0.8653963432,0.05144251033,0,0
47,328,101001000,3,0.9661585353,0.1314932012,0,0
47,170,010101010,4,0.9583841376,0.1237906108,0,0
47,328,101001000,3,0.9661585353,0.1314932012,0,0
47,170,010101010,4,0.9583841376,0.1237906108,0,0
47,299,100101011,5,0.9684451278,0.1646855306,0,0
47,394,110001010,4,0.9682926834,0.1485241046,0,0
47,328,101001000,3,0.9661585353,0.1314932012,0,0
47,328,101001000,3,0.9661585353,0.1314932012,0,0
47,170,010101010,4,0.9583841376,0.1237906108,0,0
47,136,010001000,2,0.9556402415,0.08872172865,0,0
47,299,100101011,5,0.9684451278,0.1646855306,0,0
47,256,100000000,1,0.8653963432,0.05144251033,0,0
47,266,100001010,3,0.9663109817,0.1359270001,0,0
47,136,010001000,2,0.9556402415,0.08872172865,0,0
47,136,010001000,2,0.9556402415,0.08872172865,0,0
47,128,010000000,1,0.9323170781,0.08404751134,0,0
47,463,111001111,7,0.9701219536,0.2215583678,0,0
47,463,111001111,7,0.9701219536,0.2215583678,0,0
47,136,010001000,2,0.9556402415,0.08872172865,0,0
47,266,100001010,3,0.9663109817,0.1359270001,0,0
47,128,010000000,1,0.9323170781,0.08404751134,0,0
47,463,111001111,7,0.9701219536,0.2215583678,0,0
47,136,010001000,2,0.9556402415,0.08872172865,0,0
47,128,010000000,1,0.9323170781,0.08404751134,0,0
47,128,010000000,1,0.9323170781,0.08404751134,0,0
47,256,100000000,1,0.8653963432,0.05144251033,0,0
47,128,010000000,1,0.9323170781,0.08404751134,0,0
47,128,010000000,1,0.9323170781,0.08404751134,0,0
47,128,010000000,1,0.9323170781,0.08404751134,0,0
47,256,100000000,1,0.8653963432,0.05144251033,0,0
47,138,010001010,3,0.9580792598,0.1175190397,0,0
47,256,100000000,1,0.8653963432,0.05144251033,0,0
47,256,100000000,1,0.8653963432,0.05144251033,0,0
47,136,010001000,2,0.9556402415,0.08872172865,0,0
47,136,010001000,2,0.9556402415,0.08872172865,0,0
47,463,111001111,7,0.9701219536,0.2215583678,0,0
47,394,110001010,4,0.9682926834,0.1485241046,0,0
47,128,010000000,1,0.9323170781,0.08404751134,0,0
47,286,100011110,5,0.9696646333,0.1719646058,0,0
47,286,100011110,5,0.9696646333,0.1719646058,0,0
47,4,000000100,1,0.9094512276,0.06868225115,0,0
47,463,111001111,7,0.9701219536,0.2215583678,0,0
47,128,010000000,1,0.9323170781,0.08404751134,0,0
47,463,111001111,7,0.9701219536,0.2215583678,0,0
47,4,000000100,1,0.9094512276,0.06868225115,0,0
47,128,010000000,1,0.9323170781,0.08404751134,0,0
47,256,100000000,1,0.8653963432,0.05144251033,0,0
47,4,000000100,1,0.9094512276,0.06868225115,0,0
47,128,010000000,1,0.9323170781,0.08404751134,0,0
47,463,111001111,7,0.9701219536,0.2215583678,0,0
47,128,010000000,1,0.9323170781,0.08404751134,0,0
47,128,010000000,1,0.9323170781,0.08404751134,0,0
47,4,000000100,1,0.9094512276,0.06868225115,0,0
47,4,000000100,1,0.9094512276,0.06868225115,0,0
47,4,000000100,1,0.9094512276,0.06868225115,0,0
47,128,010000000,1,0.9323170781,0.08404751134,0,0
47,128,010000000,1,0.9323170781,0.08404751134,0,0
47,128,010000000,1,0.9323170781,0.08404751134,0,0
47,128,010000000,1,0.9323170781,0.08404751134,0,0
47,4,000000100,1,0.9094512276,0.06868225115,0,0
47,256,100000000,1,0.8653963432,0.05144251033,0,0
47,4,000000100,1,0.9094512276,0.06868225115,0,0
47,256,100000000,1,0.8653963432,0.05144251033,0,0
47,256,100000000,1,0.8653963432,0.05144251033,0,0
47,256,100000000,1,0.8653963432,0.05144251033,0,0
47,4,000000100,1,0.9094512276,0.06868225115,0,0
47,256,100000000,1,0.8653963432,0.05144251033,0,0
47,286,100011110,5,0.9696646333,0.1719646058,0,0
47,256,100000000,1,0.8653963432,0.05144251033,0,0
47,463,111001111,7,0.9701219536,0.2215583678,0,0
47,256,100000000,1,0.8653963432,0.05144251033,0,0
47,256,100000000,1,0.8653963432,0.05144251033,0,0
47,4,000000100,1,0.9094512276,0.06868225115,0,0
47,463,111001111,7,0.9701219536,0.2215583678,0,0
47,256,100000000,1,0.8653963432,0.05144251033,0,0
47,463,111001111,7,0.9701219536,0.2215583678,0,0
47,256,100000000,1,0.8653963432,0.05144251033,0,0
48,463,111001111,7,0.9701219536,0.2215583678,0,inf
48,256,100000000,1,0.8653963432,0.05144251033,0,inf
48,4,000000100,1,0.9094512276,0.06868225115,0,0.5220108109
48,256,100000000,1,0.8653963432,0.05144251033,0,0.5220108109
48,128,010000000,1,0.9323170781,0.08404751134,0,0.308662907
48,4,000000100,1,0.9094512276,0.06868225115,0,0.308662907
48,463,111001111,7,0.9701219536,0.2215583678,0,0.295896174
48,286,100011110,5,0.9696646333,0.1719646058,0,0.295896174
48,136,010001000,2,0.9556402415,0.08872172865,0,0.2501840222
48,128,010000000,1,0.9323170781,0.08404751134,0,0.2501840222
48,138,010001010,3,0.9580792598,0.1175190397,0,0.1925701872
48,136,010001000,2,0.9556402415,0.08872172865,0,0.1925701872
48,328,101001000,3,0.9661585353,0.1314932012,0,0.1195143764
48,170,010101010,4,0.9583841376,0.1237906108,0,0.1195143764
48,299,100101011,5,0.9684451278,0.1646855306,0,0.09645812205
48,394,110001010,4,0.9682926834,0.1485241046,0,0.09645812205
48,266,100001010,3,0.9663109817,0.1359270001,0,0.09297294788
48,394,110001010,4,0.9682926834,0.1485241046,0,0.09297294788
48,170,010101010,4,0.9583841376,0.1237906108,0,0.03977767534
48,138,010001010,3,0.9580792598,0.1175190397,0,0.03977767534
48,286,100011110,5,0.9696646333,0.1719646058,0,0.03013367655
48,459,111001011,6,0.9693597592,0.1673336257,0,0.03013367655
48,328,101001000,3,0.9661585353,0.1314932012,0,0.02751908085
48,266,100001010,3,0.9663109817,0.1359270001,0,0.02751908085
48,459,111001011,6,0.9693597592,0.1673336257,0,0.02430001974
48,299,100101011,5,0.9684451278,0.1646855306,0,0.02430001974
48,256,100000000,1,0.8653963432,0.05144251033,0,0
48,328,101001000,3,0.9661585353,0.1314932012,0,0
48,136,010001000,2,0.9556402415,0.08872172865,0,0
48,266,100001010,3,0.9663109817,0.1359270001,0,0
48,459,111001011,6,0.9693597592,0.1673336257,0,0
48,459,111001011,6,0.9693597592,0.1673336257,0,0
48,266,100001010,3,0.9663109817,0.1359270001,0,0
48,394,110001010,4,0.9682926834,0.1485241046,0,0
48,170,010101010,4,0.9583841376,0.1237906108,0,0
48,459,111001011,6,0.9693597592,0.1673336257,0,0
48,459,111001011,6,0.9693597592,0.1673336257,0,0
48,459,111001011,6,0.9693597592,0.1673336257,0,0
48,299,100101011,5,0.9684451278,0.1646855306,0,0
48,328,101001000,3,0.9661585353,0.1314932012,0,0
48,459,111001011,6,0.9693597592,0.1673336257,0,0
48,138,010001010,3,0.9580792598,0.1175190397,0,0
48,328,101001000,3,0.9661585353,0.1314932012,0,0
48,459,111001011,6,0.9693597592,0.1673336257,0,0
48,266,100001010,3,0.9663109817,0.1359270001,0,0
48,299,100101011,5,0.9684451278,0.1646855306,0,0
48,328,101001000,3,0.9661585353,0.1314932012,0,0
48,266,100001010,3,0.9663109817,0.1359270001,0,0
48,266,100001010,3,0.9663109817,0.1359270001,0,0
48,138,010001010,3,0.9580792598,0.1175190397,0,0
48,266,100001010,3,0.9663109817,0.1359270001,0,0
48,328,101001000,3,0.9661585353,0.1314932012,0,0
48,459,111001011,6,0.9693597592,0.1673336257,0,0
48,266,100001010,3,0.9663109817,0.1359270001,0,0
48,266,100001010,3,0.9663109817,0.1359270001,0,0
48,266,100001010,3,0.9663109817,0.1359270001,0,0
48,266,100001010,3,0.9663109817,0.1359270001,0,0
48,394,110001010,4,0.9682926834,0.1485241046,0,0
48,286,100011110,5,0.9696646333,0.1719646058,0,0
48,266,100001010,3,0.9663109817,0.1359270001,0,0
48,459,111001011,6,0.9693597592,0.1673336257,0,0
48,170,010101010,4,0.9583841376,0.1237906108,0,0
48,286,100011110,5,0.9696646333,0.1719646058,0,0
48,459,111001011,6,0.9693597592,0.1673336257,0,0
48,459,111001011,6,0.9693597592,0.1673336257,0,0
48,299,100101011,5,0.9684451278,0.1646855306,0,0
48,286,100011110,5,0.9696646333,0.1719646058,0,0
48,170,010101010,4,0.9583841376,0.1237906108,0,0
48,328,101001000,3,0.9661585353,0.1314932012,0,0
48,138,010001010,3,0.9580792598,0.1175190397,0,0
48,266,100001010,3,0.9663109817,0.1359270001,0,0
48,266,100001010,3,0.9663109817,0.1359270001,0,0
48,266,100001010,3,0.9663109817,0.1359270001,0,0
48,394,110001010,4,0.9682926834,0.1485241046,0,0
48,266,100001010,3,0.9663109817,0.1359270001,0,0
48,170,010101010,4,0.9583841376,0.1237906108,0,0
48,266,100001010,3,0.9663109817,0.1359270001,0,0
48,170,010101010,4,0.9583841376,0.1237906108,0,0
48,170,010101010,4,0.9583841376,0.1237906108,0,0
48,328,101001000,3,0.9661585353,0.1314932012,0,0
48,299,100101011,5,0.9684451278,0.1646855306,0,0
48,394,110001010,4,0.9682926834,0.1485241046,0,0
48,256,100000000,1,0.8653963432,0.05144251033,0,0
48,256,100000000,1,0.8653963432,0.05144251033,0,0
48,256,100000000,1,0.8653963432,0.05144251033,0,0
48,328,101001000,3,0.9661585353,0.1314932012,0,0
48,170,010101010,4,0.9583841376,0.1237906108,0,0
48,328,101001000,3,0.9661585353,0.1314932012,0,0
48,328,101001000,3,0.9661585353,0.1314932012,0,0
48,138,010001010,3,0.9580792598,0.1175190397,0,0
48,394,110001010,4,0.9682926834,0.1485241046,0,0
48,328,101001000,3,0.9661585353,0.1314932012,0,0
48,328,101001000,3,0.9661585353,0.1314932012,0,0
48,170,010101010,4,0.9583841376,0.1237906108,0,0
48,136,010001000,2,0.9556402415,0.08872172865,0,0
48,256,100000000,1,0.8653963432,0.05144251033,0,0
48,256,100000000,1,0.8653963432,0.05144251033,0,0
48,266,100001010,3,0.9663109817,0.1359270001,0,0
48,136,010001000,2,0.9556402415,0.08872172865,0,0
48,136,010001000,2,0.9556402415,0.08872172865,0,0
48,128,010000000,1,0.9323170781,0.08404751134,0,0
48,463,111001111,7,0.9701219536,0.2215583678,0,0
48,463,111001111,7,0.9701219536,0.2215583678,0,0
48,136,010001000,2,0.9556402415,0.08872172865,0,0
48,266,100001010,3,0.9663109817,0.1359270001,0,0
48,128,010000000,1,0.9323170781,0.08404751134,0,0
48,463,111001111,7,0.9701219536,0.2215583678,0,0
48,136,010001000,2,0.9556402415,0.08872172865,0,0
48,128,010000000,1,0.9323170781,0.08404751134,0,0
48,128,010000000,1,0.9323170781,0.08404751134,0,0
48,128,010000000,1,0.9323170781,0.08404751134,0,0
48,128,010000000,1,0.9323170781,0.08404751134,0,0
48,128,010000000,1,0.9323170781,0.08404751134,0,0
48,128,010000000,1,0.9323170781,0.08404751134,0,0
48,256,100000000,1,0.8653963432,0.05144251033,0,0
48,138,010001010,3,0.9580792598,0.1175190397,0,0
48,256,100000000,1,0.8653963432,0.05144251033,0,0
48,256,100000000,1,0.8653963432,0.05144251033,0,0
48,136,010001000,2,0.9556402415,0.08872172865,0,0
48,136,010001000,2,0.9556402415,0.08872172865,0,0
48,463,111001111,7,0.9701219536,0.2215583678,0,0
48,394,110001010,4,0.9682926834,0.1485241046,0,0
48,128,010000000,1,0.9323170781,0.08404751134,0,0
48,286,100011110,5,0.9696646333,0.1719646058,0,0
48,286,100011110,5,0.9696646333,0.1719646058,0,0
48,136,010001000,2,0.9556402415,0.08872172865,0,0
48,463,111001111,7,0.9701219536,0.2215583678,0,0
48,128,010000000,1,0.9323170781,0.08404751134,0,0
48,463,111001111,7,0.9701219536,0.2215583678,0,0
48,4,000000100,1,0.9094512276,0.06868225115,0,0
48,463,111001111,7,0.9701219536,0.2215583678,0,0
48,256,100000000,1,0.8653963432,0.05144251033,0,0
48,4,000000100,1,0.9094512276,0.06868225115,0,0
48,128,010000000,1,0.9323170781,0.08404751134,0,0
48,128,010000000,1,0.9323170781,0.08404751134,0,0
48,128,010000000,1,0.9323170781,0.08404751134,0,0
48,128,010000000,1,0.9323170781,0.08404751134,0,0
48,4,000000100,1,0.9094512276,0.06868225115,0,0
48,4,000000100,1,0.9094512276,0.06868225115,0,0
48,4,000000100,1,0.9094512276,0.06868225115,0,0
48,4,000000100,1,0.9094512276,0.06868225115,0,0
48,128,010000000,1,0.9323170781,0.08404751134,0,0
48,128,010000000,1,0.9323170781,0.08404751134,0,0
48,128,010000000,1,0.9323170781,0.08404751134,0,0
48,4,000000100,1,0.9094512276,0.06868225115,0,0
48,256,100000000,1,0.8653963432,0.05144251033,0,0
48,4,000000100,1,0.9094512276,0.06868225115,0,0
48,256,100000000,1,0.8653963432,0.05144251033,0,0
48,256,100000000,1,0.8653963432,0.05144251033,0,0
48,256,100000000,1,0.8653963432,0.05144251033,0,0
48,4,000000100,1,0.9094512276,0.06868225115,0,0
48,256,100000000,1,0.8653963432,0.05144251033,0,0
48,286,100011110,5,0.9696646333,0.1719646058,0,0
48,256,100000000,1,0.8653963432,0.05144251033,0,0
48,463,111001111,7,0.9701219536,0.2215583678,0,0
48,256,100000000,1,0.8653963432,0.05144251033,0,0
48,256,100000000,1,0.8653963432,0.05144251033,0,0
48,4,000000100,1,0.9094512276,0.06868225115,0,0
48,463,111001111,7,0.9701219536,0.2215583678,0,0
48,256,100000000,1,0.8653963432,0.05144251033,0,0
48,463,111001111,7,0.9701219536,0.2215583678,0,0
48,256,100000000,1,0.8653963432,0.05144251033,0,0
49,256,100000000,1,0.8653963432,0.05144251033,0,inf
49,463,111001111,7,0.9701219536,0.2215583678,0,inf
49,256,100000000,1,0.8653963432,0.05144251033,0,0.5220108109
49,4,000000100,1,0.9094512276,0.06868225115,0,0.5220108109
49,4,000000100,1,0.9094512276,0.06868225115,0,0.308662907
49,128,010000000,1,0.9323170781,0.08404751134,0,0.308662907
49,463,111001111,7,0.9701219536,0.2215583678,0,0.295896174
49,286,100011110,5,0.9696646333,0.1719646058,0,0.295896174
49,128,010000000,1,0.9323170781,0.08404751134,0,0.2501840222
49,136,010001000,2,0.9556402415,0.08872172865,0,0.2501840222
49,136,010001000,2,0.9556402415,0.08872172865,0,0.1925701872
49,138,010001010,3,0.9580792598,0.1175190397,0,0.1925701872
49,170,010101010,4,0.9583841376,0.1237906108,0,0.1195143764
49,328,101001000,3,0.9661585353,0.1314932012,0,0.1195143764
49,394,110001010,4,0.9682926834,0.1485241046,0,0.09645812205
49,299,100101011,5,0.9684451278,0.1646855306,0,0.09645812205
49,394,110001010,4,0.9682926834,0.1485241046,0,0.09297294788
49,266,100001010,3,0.9663109817,0.1359270001,0,0.09297294788
49,138,010001010,3,0.9580792598,0.1175190397,0,0.03977767534
49,170,010101010,4,0.9583841376,0.1237906108,0,0.03977767534
49,286,100011110,5,0.9696646333,0.1719646058,0,0.03013367655
49,459,111001011,6,0.9693597592,0.1673336257,0,0.03013367655
49,266,100001010,3,0.9663109817,0.1359270001,0,0.02751908085
49,328,101001000,3,0.9661585353,0.1314932012,0,0.02751908085
49,299,100101011,5,0.9684451278,0.1646855306,0,0.02430001974
49,459,111001011,6,0.9693597592,0.1673336257,0,0.02430001974
49,256,100000000,1,0.8653963432,0.05144251033,0,0
49,128,010000000,1,0.9323170781,0.08404751134,0,0
49,136,010001000,2,0.9556402415,0.08872172865,0,0
49,266,100001010,3,0.9663109817,0.1359270001,0,0
49,459,111001011,6,0.9693597592,0.1673336257,0,0
49,459,111001011,6,0.9693597592,0.1673336257,0,0
49,266,100001010,3,0.9663109817,0.1359270001,0,0
49,394,110001010,4,0.9682926834,0.1485241046,0,0
49,170,010101010,4,0.9583841376,0.1237906108,0,0
49,459,111001011,6,0.9693597592,0.1673336257,0,0
49,459,111001011,6,0.9693597592,0.1673336257,0,0
49,459,111001011,6,0.9693597592,0.1673336257,0,0
49,299,100101011,5,0.9684451278,0.1646855306,0,0
49,266,100001010,3,0.9663109817,0.1359270001,0,0
49,459,111001011,6,0.9693597592,0.1673336257,0,0
49,328,101001000,3,0.9661585353,0.1314932012,0,0
49,328,101001000,3,0.9661585353,0.1314932012,0,0
49,459,111001011,6,0.9693597592,0.1673336257,0,0
49,266,100001010,3,0.9663109817,0.1359270001,0,0
49,299,100101011,5,0.9684451278,0.1646855306,0,0
49,328,101001000,3,0.9661585353,0.1314932012,0,0
49,266,100001010,3,0.9663109817,0.1359270001,0,0
49,266,100001010,3,0.9663109817,0.1359270001,0,0
49,138,010001010,3,0.9580792598,0.1175190397,0,0
49,266,100001010,3,0.9663109817,0.1359270001,0,0
49,328,101001000,3,0.9661585353,0.1314932012,0,0
49,459,111001011,6,0.9693597592,0.1673336257,0,0
49,266,100001010,3,0.9663109817,0.1359270001,0,0
49,266,100001010,3,0.9663109817,0.1359270001,0,0
49,266,100001010,3,0.9663109817,0.1359270001,0,0
49,286,100011110,5,0.9696646333,0.1719646058,0,0
49,394,110001010,4,0.9682926834,0.1485241046,0,0
49,286,100011110,5,0.9696646333,0.1719646058,0,0
49,266,100001010,3,0.9663109817,0.1359270001,0,0
49,459,111001011,6,0.9693597592,0.1673336257,0,0
49,170,010101010,4,0.9583841376,0.1237906108,0,0
49,138,010001010,3,0.9580792598,0.1175190397,0,0
49,459,111001011,6,0.9693597592,0.1673336257,0,0
49,459,111001011,6,0.9693597592,0.1673336257,0,0
49,299,100101011,5,0.9684451278,0.1646855306,0,0
49,286,100011110,5,0.9696646333,0.1719646058,0,0
49,170,010101010,4,0.9583841376,0.1237906108,0,0
49,394,110001010,4,0.9682926834,0.1485241046,0,0
49,266,100001010,3,0.9663109817,0.1359270001,0,0
49,266,100001010,3,0.9663109817,0.1359270001,0,0
49,394,110001010,4,0.9682926834,0.1485241046,0,0
49,266,100001010,3,0.9663109817,0.1359270001,0,0
49,394,110001010,4,0.9682926834,0.1485241046,0,0
49,266,100001010,3,0.9663109817,0.1359270001,0,0
49,170,010101010,4,0.9583841376,0.1237906108,0,0
49,266,100001010,3,0.9663109817,0.1359270001,0,0
49,170,010101010,4,0.9583841376,0.1237906108,0,0
49,170,010101010,4,0.9583841376,0.1237906108,0,0
49,328,101001000,3,0.9661585353,0.1314932012,0,0
49,299,100101011,5,0.9684451278,0.1646855306,0,0
49,328,101001000,3,0.9661585353,0.1314932012,0,0
49,136,010001000,2,0.9556402415,0.08872172865,0,0
49,256,100000000,1,0.8653963432,0.05144251033,0,0
49,256,100000000,1,0.8653963432,0.05144251033,0,0
49,328,101001000,3,0.9661585353,0.1314932012,0,0
49,170,010101010,4,0.9583841376,0.1237906108,0,0
49,328,101001000,3,0.9661585353,0.1314932012,0,0
49,328,101001000,3,0.9661585353,0.1314932012,0,0
49,138,010001010,3,0.9580792598,0.1175190397,0,0
49,138,010001010,3,0.9580792598,0.1175190397,0,0
49,328,101001000,3,0.9661585353,0.1314932012,0,0
49,328,101001000,3,0.9661585353,0.1314932012,0,0
49,170,010101010,4,0.9583841376,0.1237906108,0,0
49,136,010001000,2,0.9556402415,0.08872172865,0,0
49,256,100000000,1,0.8653963432,0.05144251033,0,0
49,328,101001000,3,0.9661585353,0.1314932012,0,0
49,266,100001010,3,0.9663109817,0.1359270001,0,0
49,136,010001000,2,0.9556402415,0.08872172865,0,0
49,136,010001000,2,0.9556402415,0.08872172865,0,0
49,128,010000000,1,0.9323170781,0.08404751134,0,0
49,463,111001111,7,0.9701219536,0.2215583678,0,0
49,463,111001111,7,0.9701219536,0.2215583678,0,0
49,136,010001000,2,0.9556402415,0.08872172865,0,0
49,266,100001010,3,0.9663109817,0.1359270001,0,0
49,128,010000000,1,0.9323170781,0.08404751134,0,0
49,463,111001111,7,0.9701219536,0.2215583678,0,0
49,136,010001000,2,0.9556402415,0.08872172865,0,0
49,128,010000000,1,0.9323170781,0.08404751134,0,0
49,128,010000000,1,0.9323170781,0.08404751134,0,0
49,128,010000000,1,0.9323170781,0.08404751134,0,0
49,128,010000000,1,0.9323170781,0.08404751134,0,0
49,128,010000000,1,0.9323170781,0.08404751134,0,0
49,128,010000000,1,0.9323170781,0.08404751134,0,0
49,256,100000000,1,0.8653963432,0.05144251033,0,0
49,138,010001010,3,0.9580792598,0.1175190397,0,0
49,256,100000000,1,0.8653963432,0.05144251033,0,0
49,256,100000000,1,0.8653963432,0.05144251033,0,0
49,136,010001000,2,0.9556402415,0.08872172865,0,0
49,286,100011110,5,0.9696646333,0.1719646058,0,0
49,463,111001111,7,0.9701219536,0.2215583678,0,0
49,394,110001010,4,0.9682926834,0.1485241046,0,0
49,128,010000000,1,0.9323170781,0.08404751134,0,0
49,463,111001111,7,0.9701219536,0.2215583678,0,0
49,286,100011110,5,0.9696646333,0.1719646058,0,0
49,136,010001000,2,0.9556402415,0.08872172865,0,0
49,463,111001111,7,0.9701219536,0.2215583678,0,0
49,128,010000000,1,0.9323170781,0.08404751134,0,0
49,463,111001111,7,0.9701219536,0.2215583678,0,0
49,4,000000100,1,0.9094512276,0.06868225115,0,0
49,4,000000100,1,0.9094512276,0.06868225115,0,0
49,256,100000000,1,0.8653963432,0.05144251033,0,0
49,4,000000100,1,0.9094512276,0.06868225115,0,0
49,128,010000000,1,0.9323170781,0.08404751134,0,0
49,128,010000000,1,0.9323170781,0.08404751134,0,0
49,128,010000000,1,0.9323170781,0.08404751134,0,0
49,128,010000000,1,0.9323170781,0.08404751134,0,0
49,4,000000100,1,0.9094512276,0.06868225115,0,0
49,4,000000100,1,0.9094512276,0.06868225115,0,0
49,4,000000100,1,0.9094512276,0.06868225115,0,0
49,4,000000100,1,0.9094512276,0.06868225115,0,0
49,128,010000000,1,0.9323170781,0.08404751134,0,0
49,128,010000000,1,0.9323170781,0.08404751134,0,0
49,128,010000000,1,0.9323170781,0.08404751134,0,0
49,256,100000000,1,0.8653963432,0.05144251033,0,0
49,256,100000000,1,0.8653963432,0.05144251033,0,0
49,4,000000100,1,0.9094512276,0.06868225115,0,0
49,256,100000000,1,0.8653963432,0.05144251033,0,0
49,256,100000000,1,0.8653963432,0.05144251033,0,0
49,256,100000000,1,0.8653963432,0.05144251033,0,0
49,4,000000100,1,0.9094512276,0.06868225115,0,0
49,256,100000000,1,0.8653963432,0.05144251033,0,0
49,286,100011110,5,0.9696646333,0.1719646058,0,0
49,256,100000000,1,0.8653963432,0.05144251033,0,0
49,463,111001111,7,0.9701219536,0.2215583678,0,0
49,256,100000000,1,0.8653963432,0.05144251033,0,0
49,256,100000000,1,0.8653963432,0.05144251033,0,0
49,4,000000100,1,0.9094512276,0.06868225115,0,0
49,463,111001111,7,0.9701219536,0.2215583678,0,0
49,256,100000000,1,0.8653963432,0.05144251033,0,0
49,463,111001111,7,0.9701219536,0.2215583678,0,0
49,256,100000000,1,0.8653963432,0.05144251033,0,0
50,463,111001111,7,0.9701219536,0.2215583678,0,inf
50,256,100000000,1,0.8653963432,0.05144251033,0,inf
50,4,000000100,1,0.9094512276,0.06868225115,0,0.5220108109
50,256,100000000,1,0.8653963432,0.05144251033,0,0.5220108109
50,4,000000100,1,0.9094512276,0.06868225115,0,0.308662907
50,128,010000000,1,0.9323170781,0.08404751134,0,0.308662907
50,463,111001111,7,0.9701219536,0.2215583678,0,0.295896174
50,286,100011110,5,0.9696646333,0.1719646058,0,0.295896174
50,128,010000000,1,0.9323170781,0.08404751134,0,0.2501840222
50,136,010001000,2,0.9556402415,0.08872172865,0,0.2501840222
50,138,010001010,3,0.9580792598,0.1175190397,0,0.1925701872
50,136,010001000,2,0.9556402415,0.08872172865,0,0.1925701872
50,170,010101010,4,0.9583841376,0.1237906108,0,0.1195143764
50,328,101001000,3,0.9661585353,0.1314932012,0,0.1195143764
50,299,100101011,5,0.9684451278,0.1646855306,0,0.09645812205
50,394,110001010,4,0.9682926834,0.1485241046,0,0.09645812205
50,266,100001010,3,0.9663109817,0.1359270001,0,0.09297294788
50,394,110001010,4,0.9682926834,0.1485241046,0,0.09297294788
50,170,010101010,4,0.9583841376,0.1237906108,0,0.03977767534
50,138,010001010,3,0.9580792598,0.1175190397,0,0.03977767534
50,286,100011110,5,0.9696646333,0.1719646058,0,0.03013367655
50,459,111001011,6,0.9693597592,0.1673336257,0,0.03013367655
50,266,100001010,3,0.9663109817,0.1359270001,0,0.02751908085
50,328,101001000,3,0.9661585353,0.1314932012,0,0.02751908085
50,299,100101011,5,0.9684451278,0.1646855306,0,0.02430001974
50,459,111001011,6,0.9693597592,0.1673336257,0,0.02430001974
50,136,010001000,2,0.9556402415,0.08872172865,0,0
50,256,100000000,1,0.8653963432,0.05144251033,0,0
50,136,010001000,2,0.9556402415,0.08872172865,0,0
50,266,100001010,3,0.9663109817,0.1359270001,0,0
50,459,111001011,6,0.9693597592,0.1673336257,0,0
50,459,111001011,6,0.9693597592,0.1673336257,0,0
50,266,100001010,3,0.9663109817,0.1359270001,0,0
50,394,110001010,4,0.9682926834,0.1485241046,0,0
50,256,100000000,1,0.8653963432,0.05144251033,0,0
50,459,111001011,6,0.9693597592,0.1673336257,0,0
50,459,111001011,6,0.9693597592,0.1673336257,0,0
50,459,111001011,6,0.9693597592,0.1673336257,0,0
50,299,100101011,5,0.9684451278,0.1646855306,0,0
50,266,100001010,3,0.9663109817,0.1359270001,0,0
50,459,111001011,6,0.9693597592,0.1673336257,0,0
50,328,101001000,3,0.9661585353,0.1314932012,0,0
50,328,101001000,3,0.9661585353,0.1314932012,0,0
50,459,111001011,6,0.9693597592,0.1673336257,0,0
50,266,100001010,3,0.9663109817,0.1359270001,0,0
50,299,100101011,5,0.9684451278,0.1646855306,0,0
50,328,101001000,3,0.9661585353,0.1314932012,0,0
50,266,100001010,3,0.9663109817,0.1359270001,0,0
50,266,100001010,3,0.9663109817,0.1359270001,0,0
50,138,010001010,3,0.9580792598,0.1175190397,0,0
50,266,100001010,3,0.9663109817,0.1359270001,0,0
50,328,101001000,3,0.9661585353,0.1314932012,0,0
50,459,111001011,6,0.9693597592,0.1673336257,0,0
50,266,100001010,3,0.9663109817,0.1359270001,0,0
50,266,100001010,3,0.9663109817,0.1359270001,0,0
50,266,100001010,3,0.9663109817,0.1359270001,0,0
50,299,100101011,5,0.9684451278,0.1646855306,0,0
50,394,110001010,4,0.9682926834,0.1485241046,0,0
50,286,100011110,5,0.9696646333,0.1719646058,0,0
50,266,100001010,3,0.9663109817,0.1359270001,0,0
50,459,111001011,6,0.9693597592,0.1673336257,0,0
50,170,010101010,4,0.9583841376,0.1237906108,0,0
50,138,010001010,3,0.9580792598,0.1175190397,0,0
50,459,111001011,6,0.9693597592,0.1673336257,0,0
50,459,111001011,6,0.9693597592,0.1673336257,0,0
50,299,100101011,5,0.9684451278,0.1646855306,0,0
50,286,100011110,5,0.9696646333,0.1719646058,0,0
50,170,010101010,4,0.9583841376,0.1237906108,0,0
50,394,110001010,4,0.9682926834,0.1485241046,0,0
50,266,100001010,3,0.9663109817,0.1359270001,0,0
50,266,100001010,3,0.9663109817,0.1359270001,0,0
50,394,110001010,4,0.9682926834,0.1485241046,0,0
50,266,100001010,3,0.9663109817,0.1359270001,0,0
50,286,100011110,5,0.9696646333,0.1719646058,0,0
50,266,100001010,3,0.9663109817,0.1359270001,0,0
50,170,010101010,4,0.9583841376,0.1237906108,0,0
50,266,100001010,3,0.9663109817,0.1359270001,0,0
50,170,010101010,4,0.9583841376,0.1237906108,0,0
50,170,010101010,4,0.9583841376,0.1237906108,0,0
50,328,101001000,3,0.9661585353,0.1314932012,0,0
50,170,010101010,4,0.9583841376,0.1237906108,0,0
50,328,101001000,3,0.9661585353,0.1314932012,0,0
50,138,010001010,3,0.9580792598,0.1175190397,0,0
50,266,100001010,3,0.9663109817,0.1359270001,0,0
50,256,100000000,1,0.8653963432,0.05144251033,0,0
50,328,101001000,3,0.9661585353,0.1314932012,0,0
50,394,110001010,4,0.9682926834,0.1485241046,0,0
50,328,101001000,3,0.9661585353,0.1314932012,0,0
50,328,101001000,3,0.9661585353,0.1314932012,0,0
50,138,010001010,3,0.9580792598,0.1175190397,0,0
50,394,110001010,4,0.9682926834,0.1485241046,0,0
50,328,101001000,3,0.9661585353,0.1314932012,0,0
50,328,101001000,3,0.9661585353,0.1314932012,0,0
50,170,010101010,4,0.9583841376,0.1237906108,0,0
50,136,010001000,2,0.9556402415,0.08872172865,0,0
50,256,100000000,1,0.8653963432,0.05144251033,0,0
50,128,010000000,1,0.9323170781,0.08404751134,0,0
50,328,101001000,3,0.9661585353,0.1314932012,0,0
50,136,010001000,2,0.9556402415,0.08872172865,0,0
50,170,010101010,4,0.9583841376,0.1237906108,0,0
50,138,010001010,3,0.9580792598,0.1175190397,0,0
50,463,111001111,7,0.9701219536,0.2215583678,0,0
50,463,111001111,7,0.9701219536,0.2215583678,0,0
50,136,010001000,2,0.9556402415,0.08872172865,0,0
50,266,100001010,3,0.9663109817,0.1359270001,0,0
50,128,010000000,1,0.9323170781,0.08404751134,0,0
50,463,111001111,7,0.9701219536,0.2215583678,0,0
50,136,010001000,2,0.9556402415,0.08872172865,0,0
50,128,010000000,1,0.9323170781,0.08404751134,0,0
50,128,010000000,1,0.9323170781,0.08404751134,0,0
50,128,010000000,1,0.9323170781,0.08404751134,0,0
50,128,010000000,1,0.9323170781,0.08404751134,0,0
50,128,010000000,1,0.9323170781,0.08404751134,0,0
50,128,010000000,1,0.9323170781,0.08404751134,0,0
50,256,100000000,1,0.8653963432,0.05144251033,0,0
50,136,010001000,2,0.9556402415,0.08872172865,0,0
50,256,100000000,1,0.8653963432,0.05144251033,0,0
50,256,100000000,1,0.8653963432,0.05144251033,0,0
50,136,010001000,2,0.9556402415,0.08872172865,0,0
50,286,100011110,5,0.9696646333,0.1719646058,0,0
50,463,111001111,7,0.9701219536,0.2215583678,0,0
50,128,010000000,1,0.9323170781,0.08404751134,0,0
50,128,010000000,1,0.9323170781,0.08404751134,0,0
50,463,111001111,7,0.9701219536,0.2215583678,0,0
50,286,100011110,5,0.9696646333,0.1719646058,0,0
50,136,010001000,2,0.9556402415,0.08872172865,0,0
50,463,111001111,7,0.9701219536,0.2215583678,0,0
50,128,010000000,1,0.9323170781,0.08404751134,0,0
50,463,111001111,7,0.9701219536,0.2215583678,0,0
50,4,000000100,1,0.9094512276,0.06868225115,0,0
50,4,000000100,1,0.9094512276,0.06868225115,0,0
50,256,100000000,1,0.8653963432,0.05144251033,0,0
50,4,000000100,1,0.9094512276,0.06868225115,0,0
50,128,010000000,1,0.9323170781,0.08404751134,0,0
50,128,010000000,1,0.9323170781,0.08404751134,0,0
50,128,010000000,1,0.9323170781,0.08404751134,0,0
50,128,010000000,1,0.9323170781,0.08404751134,0,0
50,4,000000100,1,0.9094512276,0.06868225115,0,0
50,4,000000100,1,0.9094512276,0.06868225115,0,0
50,4,000000100,1,0.9094512276,0.06868225115,0,0
50,4,000000100,1,0.9094512276,0.06868225115,0,0
50,128,010000000,1,0.9323170781,0.08404751134,0,0
50,128,010000000,1,0.9323170781,0.08404751134,0,0
50,128,010000000,1,0.9323170781,0.08404751134,0,0
50,256,100000000,1,0.8653963432,0.05144251033,0,0
50,256,100000000,1,0.8653963432,0.05144251033,0,0
50,4,000000100,1,0.9094512276,0.06868225115,0,0
50,256,100000000,1,0.8653963432,0.05144251033,0,0
50,256,100000000,1,0.8653963432,0.05144251033,0,0
50,256,100000000,1,0.8653963432,0.05144251033,0,0
50,4,000000100,1,0.9094512276,0.06868225115,0,0
50,256,100000000,1,0.8653963432,0.05144251033,0,0
50,286,100011110,5,0.9696646333,0.1719646058,0,0
50,256,100000000,1,0.8653963432,0.05144251033,0,0
50,463,111001111,7,0.9701219536,0.2215583678,0,0
50,256,100000000,1,0.8653963432,0.05144251033,0,0
50,256,100000000,1,0.8653963432,0.05144251033,0,0
50,4,000000100,1,0.9094512276,0.06868225115,0,0
50,463,111001111,7,0.9701219536,0.2215583678,0,0
50,256,100000000,1,0.8653963432,0.05144251033,0,0
50,463,111001111,7,0.9701219536,0.2215583678,0,0
50,256,100000000,1,0.8653963432,0.05144251033,0,0
51,463,111001111,7,0.9701219536,0.2215583678,0,inf
51,256,100000000,1,0.8653963432,0.05144251033,0,inf
51,4,000000100,1,0.9094512276,0.06868225115,0,0.5220108109
51,256,100000000,1,0.8653963432,0.05144251033,0,0.5220108109
51,4,000000100,1,0.9094512276,0.06868225115,0,0.308662907
51,128,010000000,1,0.9323170781,0.08404751134,0,0.308662907
51,286,100011110,5,0.9696646333,0.1719646058,0,0.295896174
51,463,111001111,7,0.9701219536,0.2215583678,0,0.295896174
51,128,010000000,1,0.9323170781,0.08404751134,0,0.2501840222
51,136,010001000,2,0.9556402415,0.08872172865,0,0.2501840222
51,136,010001000,2,0.9556402415,0.08872172865,0,0.1925701872
51,138,010001010,3,0.9580792598,0.1175190397,0,0.1925701872
51,170,010101010,4,0.9583841376,0.1237906108,0,0.1195143764
51,328,101001000,3,0.9661585353,0.1314932012,0,0.1195143764
51,394,110001010,4,0.9682926834,0.1485241046,0,0.09645812205
51,299,100101011,5,0.9684451278,0.1646855306,0,0.09645812205
51,266,100001010,3,0.9663109817,0.1359270001,0,0.09297294788
51,394,110001010,4,0.9682926834,0.1485241046,0,0.09297294788
51,170,010101010,4,0.9583841376,0.1237906108,0,0.03977767534
51,138,010001010,3,0.9580792598,0.1175190397,0,0.03977767534
51,286,100011110,5,0.9696646333,0.1719646058,0,0.03013367655
51,459,111001011,6,0.9693597592,0.1673336257,0,0.03013367655
51,328,101001000,3,0.9661585353,0.1314932012,0,0.02751908085
51,266,100001010,3,0.9663109817,0.1359270001,0,0.02751908085
51,459,111001011,6,0.9693597592,0.1673336257,0,0.02430001974
51,299,100101011,5,0.9684451278,0.1646855306,0,0.02430001974
51,256,100000000,1,0.8653963432,0.05144251033,0,0
51,328,101001000,3,0.9661585353,0.1314932012,0,0
51,136,010001000,2,0.9556402415,0.08872172865,0,0
51,266,100001010,3,0.9663109817,0.1359270001,0,0
51,459,111001011,6,0.9693597592,0.1673336257,0,0
51,459,111001011,6,0.9693597592,0.1673336257,0,0
51,266,100001010,3,0.9663109817,0.1359270001,0,0
51,394,110001010,4,0.9682926834,0.1485241046,0,0
51,459,111001011,6,0.9693597592,0.1673336257,0,0
51,459,111001011,6,0.9693597592,0.1673336257,0,0
51,459,111001011,6,0.9693597592,0.1673336257,0,0
51,459,111001011,6,0.9693597592,0.1673336257,0,0
51,299,100101011,5,0.9684451278,0.1646855306,0,0
51,266,100001010,3,0.9663109817,0.1359270001,0,0
51,459,111001011,6,0.9693597592,0.1673336257,0,0
51,299,100101011,5,0.9684451278,0.1646855306,0,0
51,328,101001000,3,0.9661585353,0.1314932012,0,0
51,459,111001011,6,0.9693597592,0.1673336257,0,0
51,266,100001010,3,0.9663109817,0.1359270001,0,0
51,266,100001010,3,0.9663109817,0.1359270001,0,0
51,328,101001000,3,0.9661585353,0.1314932012,0,0
51,266,100001010,3,0.9663109817,0.1359270001,0,0
51,266,100001010,3,0.9663109817,0.1359270001,0,0
51,138,010001010,3,0.9580792598,0.1175190397,0,0
51,266,100001010,3,0.9663109817,0.1359270001,0,0
51,328,101001000,3,0.9661585353,0.1314932012,0,0
51,459,111001011,6,0.9693597592,0.1673336257,0,0
51,266,100001010,3,0.9663109817,0.1359270001,0,0
51,266,100001010,3,0.9663109817,0.1359270001,0,0
51,266,100001010,3,0.9663109817,0.1359270001,0,0
51,299,100101011,5,0.9684451278,0.1646855306,0,0
51,394,110001010,4,0.9682926834,0.1485241046,0,0
51,286,100011110,5,0.9696646333,0.1719646058,0,0
51,266,100001010,3,0.9663109817,0.1359270001,0,0
51,459,111001011,6,0.9693597592,0.1673336257,0,0
51,170,010101010,4,0.9583841376,0.1237906108,0,0
51,286,100011110,5,0.9696646333,0.1719646058,0,0
51,138,010001010,3,0.9580792598,0.1175190397,0,0
51,459,111001011,6,0.9693597592,0.1673336257,0,0
51,170,010101010,4,0.9583841376,0.1237906108,0,0
51,266,100001010,3,0.9663109817,0.1359270001,0,0
51,170,010101010,4,0.9583841376,0.1237906108,0,0
51,394,110001010,4,0.9682926834,0.1485241046,0,0
51,266,100001010,3,0.9663109817,0.1359270001,0,0
51,299,100101011,5,0.9684451278,0.1646855306,0,0
51,394,110001010,4,0.9682926834,0.1485241046,0,0
51,266,100001010,3,0.9663109817,0.1359270001,0,0
51,286,100011110,5,0.9696646333,0.1719646058,0,0
51,328,101001000,3,0.9661585353,0.1314932012,0,0
51,170,010101010,4,0.9583841376,0.1237906108,0,0
51,266,100001010,3,0.9663109817,0.1359270001,0,0
51,170,010101010,4,0.9583841376,0.1237906108,0,0
51,170,010101010,4,0.9583841376,0.1237906108,0,0
51,328,101001000,3,0.9661585353,0.1314932012,0,0
51,136,010001000,2,0.9556402415,0.08872172865,0,0
51,138,010001010,3,0.9580792598,0.1175190397,0,0
51,463,111001111,7,0.9701219536,0.2215583678,0,0
51,266,100001010,3,0.9663109817,0.1359270001,0,0
51,136,010001000,2,0.9556402415,0.08872172865,0,0
51,328,101001000,3,0.9661585353,0.1314932012,0,0
51,394,110001010,4,0.9682926834,0.1485241046,0,0
51,328,101001000,3,0.9661585353,0.1314932012,0,0
51,328,101001000,3,0.9661585353,0.1314932012,0,0
51,138,010001010,3,0.9580792598,0.1175190397,0,0
51,394,110001010,4,0.9682926834,0.1485241046,0,0
51,328,101001000,3,0.9661585353,0.1314932012,0,0
51,328,101001000,3,0.9661585353,0.1314932012,0,0
51,170,010101010,4,0.9583841376,0.1237906108,0,0
51,136,010001000,2,0.9556402415,0.08872172865,0,0
51,256,100000000,1,0.8653963432,0.05144251033,0,0
51,128,010000000,1,0.9323170781,0.08404751134,0,0
51,328,101001000,3,0.9661585353,0.1314932012,0,0
51,136,010001000,2,0.9556402415,0.08872172865,0,0
51,170,010101010,4,0.9583841376,0.1237906108,0,0
51,138,010001010,3,0.9580792598,0.1175190397,0,0
51,463,111001111,7,0.9701219536,0.2215583678,0,0
51,463,111001111,7,0.9701219536,0.2215583678,0,0
51,136,010001000,2,0.9556402415,0.08872172865,0,0
51,266,100001010,3,0.9663109817,0.1359270001,0,0
51,128,010000000,1,0.9323170781,0.08404751134,0,0
51,128,010000000,1,0.9323170781,0.08404751134,0,0
51,136,010001000,2,0.9556402415,0.08872172865,0,0
51,128,010000000,1,0.9323170781,0.08404751134,0,0
51,128,010000000,1,0.9323170781,0.08404751134,0,0
51,128,010000000,1,0.9323170781,0.08404751134,0,0
51,128,010000000,1,0.9323170781,0.08404751134,0,0
51,128,010000000,1,0.9323170781,0.08404751134,0,0
51,128,010000000,1,0.9323170781,0.08404751134,0,0
51,256,100000000,1,0.8653963432,0.05144251033,0,0
51,286,100011110,5,0.9696646333,0.1719646058,0,0
51,256,100000000,1,0.8653963432,0.05144251033,0,0
51,256,100000000,1,0.8653963432,0.05144251033,0,0
51,136,010001000,2,0.9556402415,0.08872172865,0,0
51,463,111001111,7,0.9701219536,0.2215583678,0,0
51,463,111001111,7,0.9701219536,0.2215583678,0,0
51,128,010000000,1,0.9323170781,0.08404751134,0,0
51,128,010000000,1,0.9323170781,0.08404751134,0,0
51,463,111001111,7,0.9701219536,0.2215583678,0,0
51,286,100011110,5,0.9696646333,0.1719646058,0,0
51,136,010001000,2,0.9556402415,0.08872172865,0,0
51,463,111001111,7,0.9701219536,0.2215583678,0,0
51,128,010000000,1,0.9323170781,0.08404751134,0,0
51,463,111001111,7,0.9701219536,0.2215583678,0,0
51,4,000000100,1,0.9094512276,0.06868225115,0,0
51,4,000000100,1,0.9094512276,0.06868225115,0,0
51,256,100000000,1,0.8653963432,0.05144251033,0,0
51,4,000000100,1,0.9094512276,0.06868225115,0,0
51,128,010000000,1,0.9323170781,0.08404751134,0,0
51,128,010000000,1,0.9323170781,0.08404751134,0,0
51,128,010000000,1,0.9323170781,0.08404751134,0,0
51,4,000000100,1,0.9094512276,0.06868225115,0,0
51,4,000000100,1,0.9094512276,0.06868225115,0,0
51,4,000000100,1,0.9094512276,0.06868225115,0,0
51,4,000000100,1,0.9094512276,0.06868225115,0,0
51,4,000000100,1,0.9094512276,0.06868225115,0,0
51,128,010000000,1,0.9323170781,0.08404751134,0,0
51,128,010000000,1,0.9323170781,0.08404751134,0,0
51,128,010000000,1,0.9323170781,0.08404751134,0,0
51,256,100000000,1,0.8653963432,0.05144251033,0,0
51,256,100000000,1,0.8653963432,0.05144251033,0,0
51,256,100000000,1,0.8653963432,0.05144251033,0,0
51,256,100000000,1,0.8653963432,0.05144251033,0,0
51,256,100000000,1,0.8653963432,0.05144251033,0,0
51,256,100000000,1,0.8653963432,0.05144251033,0,0
51,4,000000100,1,0.9094512276,0.06868225115,0,0
51,256,100000000,1,0.8653963432,0.05144251033,0,0
51,286,100011110,5,0.9696646333,0.1719646058,0,0
51,256,100000000,1,0.8653963432,0.05144251033,0,0
51,463,111001111,7,0.9701219536,0.2215583678,0,0
51,256,100000000,1,0.8653963432,0.05144251033,0,0
51,256,100000000,1,0.8653963432,0.05144251033,0,0
51,4,000000100,1,0.9094512276,0.06868225115,0,0
51,463,111001111,7,0.9701219536,0.2215583678,0,0
51,256,100000000,1,0.8653963432,0.05144251033,0,0
51,463,111001111,7,0.9701219536,0.2215583678,0,0
51,256,100000000,1,0.8653963432,0.05144251033,0,0
52,256,100000000,1,0.8653963432,0.05144251033,0,inf
52,463,111001111,7,0.9701219536,0.2215583678,0,inf
52,4,000000100,1,0.9094512276,0.06868225115,0,0.5220108109
52,256,100000000,1,0.8653963432,0.05144251033,0,0.5220108109
52,4,000000100,1,0.9094512276,0.06868225115,0,0.308662907
52,128,010000000,1,0.9323170781,0.08404751134,0,0.308662907
52,286,100011110,5,0.9696646333,0.1719646058,0,0.295896174
52,463,111001111,7,0.9701219536,0.2215583678,0,0.295896174
52,128,010000000,1,0.9323170781,0.08404751134,0,0.2501840222
52,136,010001000,2,0.9556402415,0.08872172865,0,0.2501840222
52,136,010001000,2,0.9556402415,0.08872172865,0,0.1925701872
52,138,010001010,3,0.9580792598,0.1175190397,0,0.1925701872
52,170,010101010,4,0.9583841376,0.1237906108,0,0.1195143764
52,328,101001000,3,0.9661585353,0.1314932012,0,0.1195143764
52,299,100101011,5,0.9684451278,0.1646855306,0,0.09645812205
52,394,110001010,4,0.9682926834,0.1485241046,0,0.09645812205
52,266,100001010,3,0.9663109817,0.1359270001,0,0.09297294788
52,394,110001010,4,0.9682926834,0.1485241046,0,0.09297294788
52,138,010001010,3,0.9580792598,0.1175190397,0,0.03977767534
52,170,010101010,4,0.9583841376,0.1237906108,0,0.03977767534
52,286,100011110,5,0.9696646333,0.1719646058,0,0.03013367655
52,459,111001011,6,0.9693597592,0.1673336257,0,0.03013367655
52,328,101001000,3,0.9661585353,0.1314932012,0,0.02751908085
52,266,100001010,3,0.9663109817,0.1359270001,0,0.02751908085
52,299,100101011,5,0.9684451278,0.1646855306,0,0.02430001974
52,459,111001011,6,0.9693597592,0.1673336257,0,0.02430001974
52,136,010001000,2,0.9556402415,0.08872172865,0,0
52,459,111001011,6,0.9693597592,0.1673336257,0,0
52,256,100000000,1,0.8653963432,0.05144251033,0,0
52,266,100001010,3,0.9663109817,0.1359270001,0,0
52,299,100101011,5,0.9684451278,0.1646855306,0,0
52,459,111001011,6,0.9693597592,0.1673336257,0,0
52,266,100001010,3,0.9663109817,0.1359270001,0,0
52,394,110001010,4,0.9682926834,0.1485241046,0,0
52,459,111001011,6,0.9693597592,0.1673336257,0,0
52,459,111001011,6,0.9693597592,0.1673336257,0,0
52,459,111001011,6,0.9693597592,0.1673336257,0,0
52,459,111001011,6,0.9693597592,0.1673336257,0,0
52,266,100001010,3,0.9663109817,0.1359270001,0,0
52,266,100001010,3,0.9663109817,0.1359270001,0,0
52,459,111001011,6,0.9693597592,0.1673336257,0,0
52,299,100101011,5,0.9684451278,0.1646855306,0,0
52,328,101001000,3,0.9661585353,0.1314932012,0,0
52,459,111001011,6,0.9693597592,0.1673336257,0,0
52,266,100001010,3,0.9663109817,0.1359270001,0,0
52,266,100001010,3,0.9663109817,0.1359270001,0,0
52,328,101001000,3,0.9661585353,0.1314932012,0,0
52,266,100001010,3,0.9663109817,0.1359270001,0,0
52,266,100001010,3,0.9663109817,0.1359270001,0,0
52,459,111001011,6,0.9693597592,0.1673336257,0,0
52,266,100001010,3,0.9663109817,0.1359270001,0,0
52,328,101001000,3,0.9661585353,0.1314932012,0,0
52,459,111001011,6,0.9693597592,0.1673336257,0,0
52,266,100001010,3,0.9663109817,0.1359270001,0,0
52,266,100001010,3,0.9663109817,0.1359270001,0,0
52,286,100011110,5,0.9696646333,0.1719646058,0,0
52,299,100101011,5,0.9684451278,0.1646855306,0,0
52,394,110001010,4,0.9682926834,0.1485241046,0,0
52,138,010001010,3,0.9580792598,0.1175190397,0,0
52,266,100001010,3,0.9663109817,0.1359270001,0,0
52,459,111001011,6,0.9693597592,0.1673336257,0,0
52,170,010101010,4,0.9583841376,0.1237906108,0,0
52,286,100011110,5,0.9696646333,0.1719646058,0,0
52,138,010001010,3,0.9580792598,0.1175190397,0,0
52,459,111001011,6,0.9693597592,0.1673336257,0,0
52,170,010101010,4,0.9583841376,0.1237906108,0,0
52,266,100001010,3,0.9663109817,0.1359270001,0,0
52,170,010101010,4,0.9583841376,0.1237906108,0,0
52,394,110001010,4,0.9682926834,0.1485241046,0,0
52,266,100001010,3,0.9663109817,0.1359270001,0,0
52,394,110001010,4,0.9682926834,0.1485241046,0,0
52,266,100001010,3,0.9663109817,0.1359270001,0,0
52,266,100001010,3,0.9663109817,0.1359270001,0,0
52,286,100011110,5,0.9696646333,0.1719646058,0,0
52,299,100101011,5,0.9684451278,0.1646855306,0,0
52,170,010101010,4,0.9583841376,0.1237906108,0,0
52,266,100001010,3,0.9663109817,0.1359270001,0,0
52,170,010101010,4,0.9583841376,0.1237906108,0,0
52,394,110001010,4,0.9682926834,0.1485241046,0,0
52,328,101001000,3,0.9661585353,0.1314932012,0,0
52,136,010001000,2,0.9556402415,0.08872172865,0,0
52,328,101001000,3,0.9661585353,0.1314932012,0,0
52,463,111001111,7,0.9701219536,0.2215583678,0,0
52,256,100000000,1,0.8653963432,0.05144251033,0,0
52,170,010101010,4,0.9583841376,0.1237906108,0,0
52,328,101001000,3,0.9661585353,0.1314932012,0,0
52,394,110001010,4,0.9682926834,0.1485241046,0,0
52,328,101001000,3,0.9661585353,0.1314932012,0,0
52,328,101001000,3,0.9661585353,0.1314932012,0,0
52,138,010001010,3,0.9580792598,0.1175190397,0,0
52,138,010001010,3,0.9580792598,0.1175190397,0,0
52,328,101001000,3,0.9661585353,0.1314932012,0,0
52,328,101001000,3,0.9661585353,0.1314932012,0,0
52,170,010101010,4,0.9583841376,0.1237906108,0,0
52,136,010001000,2,0.9556402415,0.08872172865,0,0
52,136,010001000,2,0.9556402415,0.08872172865,0,0
52,128,010000000,1,0.9323170781,0.08404751134,0,0
52,328,101001000,3,0.9661585353,0.1314932012,0,0
52,136,010001000,2,0.9556402415,0.08872172865,0,0
52,170,010101010,4,0.9583841376,0.1237906108,0,0
52,138,010001010,3,0.9580792598,0.1175190397,0,0
52,463,111001111,7,0.9701219536,0.2215583678,0,0
52,463,111001111,7,0.9701219536,0.2215583678,0,0
52,136,010001000,2,0.9556402415,0.08872172865,0,0
52,266,100001010,3,0.9663109817,0.1359270001,0,0
52,128,010000000,1,0.9323170781,0.08404751134,0,0
52,128,010000000,1,0.9323170781,0.08404751134,0,0
52,136,010001000,2,0.9556402415,0.08872172865,0,0
52,128,010000000,1,0.9323170781,0.08404751134,0,0
52,128,010000000,1,0.9323170781,0.08404751134,0,0
52,128,010000000,1,0.9323170781,0.08404751134,0,0
52,128,010000000,1,0.9323170781,0.08404751134,0,0
52,128,010000000,1,0.9323170781,0.08404751134,0,0
52,128,010000000,1,0.9323170781,0.08404751134,0,0
52,256,100000000,1,0.8653963432,0.05144251033,0,0
52,286,100011110,5,0.9696646333,0.1719646058,0,0
52,256,100000000,1,0.8653963432,0.05144251033,0,0
52,256,100000000,1,0.8653963432,0.05144251033,0,0
52,136,010001000,2,0.9556402415,0.08872172865,0,0
52,463,111001111,7,0.9701219536,0.2215583678,0,0
52,463,111001111,7,0.9701219536,0.2215583678,0,0
52,128,010000000,1,0.9323170781,0.08404751134,0,0
52,128,010000000,1,0.9323170781,0.08404751134,0,0
52,463,111001111,7,0.9701219536,0.2215583678,0,0
52,286,100011110,5,0.9696646333,0.1719646058,0,0
52,136,010001000,2,0.9556402415,0.08872172865,0,0
52,463,111001111,7,0.9701219536,0.2215583678,0,0
52,128,010000000,1,0.9323170781,0.08404751134,0,0
52,463,111001111,7,0.9701219536,0.2215583678,0,0
52,4,000000100,1,0.9094512276,0.06868225115,0,0
52,4,000000100,1,0.9094512276,0.06868225115,0,0
52,256,100000000,1,0.8653963432,0.05144251033,0,0
52,4,000000100,1,0.9094512276,0.06868225115,0,0
52,128,010000000,1,0.9323170781,0.08404751134,0,0
52,128,010000000,1,0.9323170781,0.08404751134,0,0
52,128,010000000,1,0.9323170781,0.08404751134,0,0
52,4,000000100,1,0.9094512276,0.06868225115,0,0
52,4,000000100,1,0.9094512276,0.06868225115,0,0
52,4,000000100,1,0.9094512276,0.06868225115,0,0
52,4,000000100,1,0.9094512276,0.06868225115,0,0
52,4,000000100,1,0.9094512276,0.06868225115,0,0
52,128,010000000,1,0.9323170781,0.08404751134,0,0
52,128,010000000,1,0.9323170781,0.08404751134,0,0
52,128,010000000,1,0.9323170781,0.08404751134,0,0
52,256,100000000,1,0.8653963432,0.05144251033,0,0
52,256,100000000,1,0.8653963432,0.05144251033,0,0
52,256,100000000,1,0.8653963432,0.05144251033,0,0
52,256,100000000,1,0.8653963432,0.05144251033,0,0
52,256,100000000,1,0.8653963432,0.05144251033,0,0
52,256,100000000,1,0.8653963432,0.05144251033,0,0
52,4,000000100,1,0.9094512276,0.06868225115,0,0
52,256,100000000,1,0.8653963432,0.05144251033,0,0
52,286,100011110,5,0.9696646333,0.1719646058,0,0
52,256,100000000,1,0.8653963432,0.05144251033,0,0
52,463,111001111,7,0.9701219536,0.2215583678,0,0
52,256,100000000,1,0.8653963432,0.05144251033,0,0
52,256,100000000,1,0.8653963432,0.05144251033,0,0
52,4,000000100,1,0.9094512276,0.06868225115,0,0
52,463,111001111,7,0.9701219536,0.2215583678,0,0
52,256,100000000,1,0.8653963432,0.05144251033,0,0
52,463,111001111,7,0.9701219536,0.2215583678,0,0
52,256,100000000,1,0.8653963432,0.05144251033,0,0
53,256,100000000,1,0.8653963432,0.05144251033,0,inf
53,463,111001111,7,0.9701219536,0.2215583678,0,inf
53,4,000000100,1,0.9094512276,0.06868225115,0,0.5220108109
53,256,100000000,1,0.8653963432,0.05144251033,0,0.5220108109
53,4,000000100,1,0.9094512276,0.06868225115,0,0.308662907
53,128,010000000,1,0.9323170781,0.08404751134,0,0.308662907
53,463,111001111,7,0.9701219536,0.2215583678,0,0.295896174
53,286,100011110,5,0.9696646333,0.1719646058,0,0.295896174
53,128,010000000,1,0.9323170781,0.08404751134,0,0.2501840222
53,136,010001000,2,0.9556402415,0.08872172865,0,0.2501840222
53,136,010001000,2,0.9556402415,0.08872172865,0,0.1925701872
53,138,010001010,3,0.9580792598,0.1175190397,0,0.1925701872
53,328,101001000,3,0.9661585353,0.1314932012,0,0.1195143764
53,170,010101010,4,0.9583841376,0.1237906108,0,0.1195143764
53,299,100101011,5,0.9684451278,0.1646855306,0,0.09645812205
53,394,110001010,4,0.9682926834,0.1485241046,0,0.09645812205
53,266,100001010,3,0.9663109817,0.1359270001,0,0.09297294788
53,394,110001010,4,0.9682926834,0.1485241046,0,0.09297294788
53,138,010001010,3,0.9580792598,0.1175190397,0,0.03977767534
53,170,010101010,4,0.9583841376,0.1237906108,0,0.03977767534
53,459,111001011,6,0.9693597592,0.1673336257,0,0.03013367655
53,286,100011110,5,0.9696646333,0.1719646058,0,0.03013367655
53,266,100001010,3,0.9663109817,0.1359270001,0,0.02751908085
53,328,101001000,3,0.9661585353,0.1314932012,0,0.02751908085
53,299,100101011,5,0.9684451278,0.1646855306,0,0.02430001974
53,459,111001011,6,0.9693597592,0.1673336257,0,0.02430001974
53,256,100000000,1,0.8653963432,0.05144251033,0,0
53,256,100000000,1,0.8653963432,0.05144251033,0,0
53,256,100000000,1,0.8653963432,0.05144251033,0,0
53,266,100001010,3,0.9663109817,0.1359270001,0,0
53,299,100101011,5,0.9684451278,0.1646855306,0,0
53,459,111001011,6,0.9693597592,0.1673336257,0,0
53,266,100001010,3,0.9663109817,0.1359270001,0,0
53,394,110001010,4,0.9682926834,0.1485241046,0,0
53,459,111001011,6,0.9693597592,0.1673336257,0,0
53,459,111001011,6,0.9693597592,0.1673336257,0,0
53,459,111001011,6,0.9693597592,0.1673336257,0,0
53,459,111001011,6,0.9693597592,0.1673336257,0,0
53,266,100001010,3,0.9663109817,0.1359270001,0,0
53,266,100001010,3,0.9663109817,0.1359270001,0,0
53,459,111001011,6,0.9693597592,0.1673336257,0,0
53,266,100001010,3,0.9663109817,0.1359270001,0,0
53,328,101001000,3,0.9661585353,0.1314932012,0,0
53,459,111001011,6,0.9693597592,0.1673336257,0,0
53,266,100001010,3,0.9663109817,0.1359270001,0,0
53,266,100001010,3,0.9663109817,0.1359270001,0,0
53,328,101001000,3,0.9661585353,0.1314932012,0,0
53,266,100001010,3,0.9663109817,0.1359270001,0,0
53,266,100001010,3,0.9663109817,0.1359270001,0,0
53,459,111001011,6,0.9693597592,0.1673336257,0,0
53,266,100001010,3,0.9663109817,0.1359270001,0,0
53,328,101001000,3,0.9661585353,0.1314932012,0,0
53,459,111001011,6,0.9693597592,0.1673336257,0,0
53,266,100001010,3,0.9663109817,0.1359270001,0,0
53,266,100001010,3,0.9663109817,0.1359270001,0,0
53,286,100011110,5,0.9696646333,0.1719646058,0,0
53,299,100101011,5,0.9684451278,0.1646855306,0,0
53,459,111001011,6,0.9693597592,0.1673336257,0,0
53,138,010001010,3,0.9580792598,0.1175190397,0,0
53,266,100001010,3,0.9663109817,0.1359270001,0,0
53,459,111001011,6,0.9693597592,0.1673336257,0,0
53,170,010101010,4,0.9583841376,0.1237906108,0,0
53,286,100011110,5,0.9696646333,0.1719646058,0,0
53,138,010001010,3,0.9580792598,0.1175190397,0,0
53,459,111001011,6,0.9693597592,0.1673336257,0,0
53,170,010101010,4,0.9583841376,0.1237906108,0,0
53,286,100011110,5,0.9696646333,0.1719646058,0,0
53,170,010101010,4,0.9583841376,0.1237906108,0,0
53,394,110001010,4,0.9682926834,0.1485241046,0,0
53,266,100001010,3,0.9663109817,0.1359270001,0,0
53,394,110001010,4,0.9682926834,0.1485241046,0,0
53,394,110001010,4,0.9682926834,0.1485241046,0,0
53,266,100001010,3,0.9663109817,0.1359270001,0,0
53,266,100001010,3,0.9663109817,0.1359270001,0,0
53,299,100101011,5,0.9684451278,0.1646855306,0,0
53,170,010101010,4,0.9583841376,0.1237906108,0,0
53,266,100001010,3,0.9663109817,0.1359270001,0,0
53,170,010101010,4,0.9583841376,0.1237906108,0,0
53,394,110001010,4,0.9682926834,0.1485241046,0,0
53,328,101001000,3,0.9661585353,0.1314932012,0,0
53,299,100101011,5,0.9684451278,0.1646855306,0,0
53,328,101001000,3,0.9661585353,0.1314932012,0,0
53,328,101001000,3,0.9661585353,0.1314932012,0,0
53,170,010101010,4,0.9583841376,0.1237906108,0,0
53,138,010001010,3,0.9580792598,0.1175190397,0,0
53,4,000000100,1,0.9094512276,0.06868225115,0,0
53,394,110001010,4,0.9682926834,0.1485241046,0,0
53,328,101001000,3,0.9661585353,0.1314932012,0,0
53,328,101001000,3,0.9661585353,0.1314932012,0,0
53,138,010001010,3,0.9580792598,0.1175190397,0,0
53,138,010001010,3,0.9580792598,0.1175190397,0,0
53,328,101001000,3,0.9661585353,0.1314932012,0,0
53,328,101001000,3,0.9661585353,0.1314932012,0,0
53,170,010101010,4,0.9583841376,0.1237906108,0,0
53,136,010001000,2,0.9556402415,0.08872172865,0,0
53,136,010001000,2,0.9556402415,0.08872172865,0,0
53,128,010000000,1,0.9323170781,0.08404751134,0,0
53,136,010001000,2,0.9556402415,0.08872172865,0,0
53,136,010001000,2,0.9556402415,0.08872172865,0,0
53,170,010101010,4,0.9583841376,0.1237906108,0,0
53,136,010001000,2,0.9556402415,0.08872172865,0,0
53,463,111001111,7,0.9701219536,0.2215583678,0,0
53,463,111001111,7,0.9701219536,0.2215583678,0,0
53,136,010001000,2,0.9556402415,0.08872172865,0,0
53,266,100001010,3,0.9663109817,0.1359270001,0,0
53,128,010000000,1,0.9323170781,0.08404751134,0,0
53,128,010000000,1,0.9323170781,0.08404751134,0,0
53,136,010001000,2,0.9556402415,0.08872172865,0,0
53,128,010000000,1,0.9323170781,0.08404751134,0,0
53,128,010000000,1,0.9323170781,0.08404751134,0,0
53,128,010000000,1,0.9323170781,0.08404751134,0,0
53,463,111001111,7,0.9701219536,0.2215583678,0,0
53,128,010000000,1,0.9323170781,0.08404751134,0,0
53,128,010000000,1,0.9323170781,0.08404751134,0,0
53,256,100000000,1,0.8653963432,0.05144251033,0,0
53,286,100011110,5,0.9696646333,0.1719646058,0,0
53,286,100011110,5,0.9696646333,0.1719646058,0,0
53,256,100000000,1,0.8653963432,0.05144251033,0,0
53,136,010001000,2,0.9556402415,0.08872172865,0,0
53,463,111001111,7,0.9701219536,0.2215583678,0,0
53,463,111001111,7,0.9701219536,0.2215583678,0,0
53,128,010000000,1,0.9323170781,0.08404751134,0,0
53,128,010000000,1,0.9323170781,0.08404751134,0,0
53,463,111001111,7,0.9701219536,0.2215583678,0,0
53,286,100011110,5,0.9696646333,0.1719646058,0,0
53,136,010001000,2,0.9556402415,0.08872172865,0,0
53,463,111001111,7,0.9701219536,0.2215583678,0,0
53,128,010000000,1,0.9323170781,0.08404751134,0,0
53,128,010000000,1,0.9323170781,0.08404751134,0,0
53,4,000000100,1,0.9094512276,0.06868225115,0,0
53,4,000000100,1,0.9094512276,0.06868225115,0,0
53,4,000000100,1,0.9094512276,0.06868225115,0,0
53,4,000000100,1,0.9094512276,0.06868225115,0,0
53,128,010000000,1,0.9323170781,0.08404751134,0,0
53,128,010000000,1,0.9323170781,0.08404751134,0,0
53,128,010000000,1,0.9323170781,0.08404751134,0,0
53,4,000000100,1,0.9094512276,0.06868225115,0,0
53,4,000000100,1,0.9094512276,0.06868225115,0,0
53,4,000000100,1,0.9094512276,0.06868225115,0,0
53,256,100000000,1,0.8653963432,0.05144251033,0,0
53,463,111001111,7,0.9701219536,0.2215583678,0,0
53,128,010000000,1,0.9323170781,0.08404751134,0,0
53,128,010000000,1,0.9323170781,0.08404751134,0,0
53,128,010000000,1,0.9323170781,0.08404751134,0,0
53,256,100000000,1,0.8653963432,0.05144251033,0,0
53,256,100000000,1,0.8653963432,0.05144251033,0,0
53,256,100000000,1,0.8653963432,0.05144251033,0,0
53,256,100000000,1,0.8653963432,0.05144251033,0,0
53,256,100000000,1,0.8653963432,0.05144251033,0,0
53,256,100000000,1,0.8653963432,0.05144251033,0,0
53,4,000000100,1,0.9094512276,0.06868225115,0,0
53,256,100000000,1,0.8653963432,0.05144251033,0,0
53,286,100011110,5,0.9696646333,0.1719646058,0,0
53,256,100000000,1,0.8653963432,0.05144251033,0,0
53,463,111001111,7,0.9701219536,0.2215583678,0,0
53,256,100000000,1,0.8653963432,0.05144251033,0,0
53,256,100000000,1,0.8653963432,0.05144251033,0,0
53,4,000000100,1,0.9094512276,0.06868225115,0,0
53,463,111001111,7,0.9701219536,0.2215583678,0,0
53,256,100000000,1,0.8653963432,0.05144251033,0,0
53,463,111001111,7,0.9701219536,0.2215583678,0,0
53,256,100000000,1,0.8653963432,0.05144251033,0,0
54,256,100000000,1,0.8653963432,0.05144251033,0,inf
54,463,111001111,7,0.9701219536,0.2215583678,0,inf
54,256,100000000,1,0.8653963432,0.05144251033,0,0.5220108109
54,4,000000100,1,0.9094512276,0.06868225115,0,0.5220108109
54,4,000000100,1,0.9094512276,0.06868225115,0,0.308662907
54,128,010000000,1,0.9323170781,0.08404751134,0,0.308662907
54,463,111001111,7,0.9701219536,0.2215583678,0,0.295896174
54,286,100011110,5,0.9696646333,0.1719646058,0,0.295896174
54,128,010000000,1,0.9323170781,0.08404751134,0,0.2501840222
54,136,010001000,2,0.9556402415,0.08872172865,0,0.2501840222
54,138,010001010,3,0.9580792598,0.1175190397,0,0.1925701872
54,136,010001000,2,0.9556402415,0.08872172865,0,0.1925701872
54,328,101001000,3,0.9661585353,0.1314932012,0,0.1195143764
54,170,010101010,4,0.9583841376,0.1237906108,0,0.1195143764
54,394,110001010,4,0.9682926834,0.1485241046,0,0.09645812205
54,299,100101011,5,0.9684451278,0.1646855306,0,0.09645812205
54,266,100001010,3,0.9663109817,0.1359270001,0,0.09297294788
54,394,110001010,4,0.9682926834,0.1485241046,0,0.09297294788
54,138,010001010,3,0.9580792598,0.1175190397,0,0.03977767534
54,170,010101010,4,0.9583841376,0.1237906108,0,0.03977767534
54,459,111001011,6,0.9693597592,0.1673336257,0,0.03013367655
54,286,100011110,5,0.9696646333,0.1719646058,0,0.03013367655
54,266,100001010,3,0.9663109817,0.1359270001,0,0.02751908085
54,328,101001000,3,0.9661585353,0.1314932012,0,0.02751908085
54,459,111001011,6,0.9693597592,0.1673336257,0,0.02430001974
54,299,100101011,5,0.9684451278,0.1646855306,0,0.02430001974
54,328,101001000,3,0.9661585353,0.1314932012,0,0
54,256,100000000,1,0.8653963432,0.05144251033,0,0
54,256,100000000,1,0.8653963432,0.05144251033,0,0
54,266,100001010,3,0.9663109817,0.1359270001,0,0
54,299,100101011,5,0.9684451278,0.1646855306,0,0
54,459,111001011,6,0.9693597592,0.1673336257,0,0
54,256,100000000,1,0.8653963432,0.05144251033,0,0
54,394,110001010,4,0.9682926834,0.1485241046,0,0
54,459,111001011,6,0.9693597592,0.1673336257,0,0
54,459,111001011,6,0.9693597592,0.1673336257,0,0
54,459,111001011,6,0.9693597592,0.1673336257,0,0
54,459,111001011,6,0.9693597592,0.1673336257,0,0
54,266,100001010,3,0.9663109817,0.1359270001,0,0
54,266,100001010,3,0.9663109817,0.1359270001,0,0
54,459,111001011,6,0.9693597592,0.1673336257,0,0
54,266,100001010,3,0.9663109817,0.1359270001,0,0
54,328,101001000,3,0.9661585353,0.1314932012,0,0
54,459,111001011,6,0.9693597592,0.1673336257,0,0
54,266,100001010,3,0.9663109817,0.1359270001,0,0
54,328,101001000,3,0.9661585353,0.1314932012,0,0
54,266,100001010,3,0.9663109817,0.1359270001,0,0
54,266,100001010,3,0.9663109817,0.1359270001,0,0
54,266,100001010,3,0.9663109817,0.1359270001,0,0
54,286,100011110,5,0.9696646333,0.1719646058,0,0
54,266,100001010,3,0.9663109817,0.1359270001,0,0
54,328,101001000,3,0.9661585353,0.1314932012,0,0
54,459,111001011,6,0.9693597592,0.1673336257,0,0
54,266,100001010,3,0.9663109817,0.1359270001,0,0
54,266,100001010,3,0.9663109817,0.1359270001,0,0
54,286,100011110,5,0.9696646333,0.1719646058,0,0
54,299,100101011,5,0.9684451278,0.1646855306,0,0
54,459,111001011,6,0.9693597592,0.1673336257,0,0
54,459,111001011,6,0.9693597592,0.1673336257,0,0
54,266,100001010,3,0.9663109817,0.1359270001,0,0
54,459,111001011,6,0.9693597592,0.1673336257,0,0
54,170,010101010,4,0.9583841376,0.1237906108,0,0
54,286,100011110,5,0.9696646333,0.1719646058,0,0
54,138,010001010,3,0.9580792598,0.1175190397,0,0
54,459,111001011,6,0.9693597592,0.1673336257,0,0
54,170,010101010,4,0.9583841376,0.1237906108,0,0
54,138,010001010,3,0.9580792598,0.1175190397,0,0
54,170,010101010,4,0.9583841376,0.1237906108,0,0
54,394,110001010,4,0.9682926834,0.1485241046,0,0
54,266,100001010,3,0.9663109817,0.1359270001,0,0
54,394,110001010,4,0.9682926834,0.1485241046,0,0
54,394,110001010,4,0.9682926834,0.1485241046,0,0
54,266,100001010,3,0.9663109817,0.1359270001,0,0
54,266,100001010,3,0.9663109817,0.1359270001,0,0
54,394,110001010,4,0.9682926834,0.1485241046,0,0
54,170,010101010,4,0.9583841376,0.1237906108,0,0
54,266,100001010,3,0.9663109817,0.1359270001,0,0
54,170,010101010,4,0.9583841376,0.1237906108,0,0
54,266,100001010,3,0.9663109817,0.1359270001,0,0
54,328,101001000,3,0.9661585353,0.1314932012,0,0
54,299,100101011,5,0.9684451278,0.1646855306,0,0
54,328,101001000,3,0.9661585353,0.1314932012,0,0
54,394,110001010,4,0.9682926834,0.1485241046,0,0
54,299,100101011,5,0.9684451278,0.1646855306,0,0
54,4,000000100,1,0.9094512276,0.06868225115,0,0
54,4,000000100,1,0.9094512276,0.06868225115,0,0
54,394,110001010,4,0.9682926834,0.1485241046,0,0
54,328,101001000,3,0.9661585353,0.1314932012,0,0
54,328,101001000,3,0.9661585353,0.1314932012,0,0
54,138,010001010,3,0.9580792598,0.1175190397,0,0
54,138,010001010,3,0.9580792598,0.1175190397,0,0
54,328,101001000,3,0.9661585353,0.1314932012,0,0
54,170,010101010,4,0.9583841376,0.1237906108,0,0
54,170,010101010,4,0.9583841376,0.1237906108,0,0
54,328,101001000,3,0.9661585353,0.1314932012,0,0
54,136,010001000,2,0.9556402415,0.08872172865,0,0
54,128,010000000,1,0.9323170781,0.08404751134,0,0
54,256,100000000,1,0.8653963432,0.05144251033,0,0
54,136,010001000,2,0.9556402415,0.08872172865,0,0
54,170,010101010,4,0.9583841376,0.1237906108,0,0
54,136,010001000,2,0.9556402415,0.08872172865,0,0
54,463,111001111,7,0.9701219536,0.2215583678,0,0
54,463,111001111,7,0.9701219536,0.2215583678,0,0
54,136,010001000,2,0.9556402415,0.08872172865,0,0
54,266,100001010,3,0.9663109817,0.1359270001,0,0
54,128,010000000,1,0.9323170781,0.08404751134,0,0
54,128,010000000,1,0.9323170781,0.08404751134,0,0
54,136,010001000,2,0.9556402415,0.08872172865,0,0
54,128,010000000,1,0.9323170781,0.08404751134,0,0
54,128,010000000,1,0.9323170781,0.08404751134,0,0
54,128,010000000,1,0.9323170781,0.08404751134,0,0
54,463,111001111,7,0.9701219536,0.2215583678,0,0
54,128,010000000,1,0.9323170781,0.08404751134,0,0
54,128,010000000,1,0.9323170781,0.08404751134,0,0
54,256,100000000,1,0.8653963432,0.05144251033,0,0
54,286,100011110,5,0.9696646333,0.1719646058,0,0
54,286,100011110,5,0.9696646333,0.1719646058,0,0
54,256,100000000,1,0.8653963432,0.05144251033,0,0
54,136,010001000,2,0.9556402415,0.08872172865,0,0
54,138,010001010,3,0.9580792598,0.1175190397,0,0
54,463,111001111,7,0.9701219536,0.2215583678,0,0
54,128,010000000,1,0.9323170781,0.08404751134,0,0
54,128,010000000,1,0.9323170781,0.08404751134,0,0
54,463,111001111,7,0.9701219536,0.2215583678,0,0
54,286,100011110,5,0.9696646333,0.1719646058,0,0
54,136,010001000,2,0.9556402415,0.08872172865,0,0
54,463,111001111,7,0.9701219536,0.2215583678,0,0
54,128,010000000,1,0.9323170781,0.08404751134,0,0
54,128,010000000,1,0.9323170781,0.08404751134,0,0
54,4,000000100,1,0.9094512276,0.06868225115,0,0
54,4,000000100,1,0.9094512276,0.06868225115,0,0
54,4,000000100,1,0.9094512276,0.06868225115,0,0
54,4,000000100,1,0.9094512276,0.06868225115,0,0
54,128,010000000,1,0.9323170781,0.08404751134,0,0
54,136,010001000,2,0.9556402415,0.08872172865,0,0
54,128,010000000,1,0.9323170781,0.08404751134,0,0
54,4,000000100,1,0.9094512276,0.06868225115,0,0
54,128,010000000,1,0.9323170781,0.08404751134,0,0
54,286,100011110,5,0.9696646333,0.1719646058,0,0
54,256,100000000,1,0.8653963432,0.05144251033,0,0
54,463,111001111,7,0.9701219536,0.2215583678,0,0
54,128,010000000,1,0.9323170781,0.08404751134,0,0
54,128,010000000,1,0.9323170781,0.08404751134,0,0
54,128,010000000,1,0.9323170781,0.08404751134,0,0
54,256,100000000,1,0.8653963432,0.05144251033,0,0
54,256,100000000,1,0.8653963432,0.05144251033,0,0
54,256,100000000,1,0.8653963432,0.05144251033,0,0
54,4,000000100,1,0.9094512276,0.06868225115,0,0
54,256,100000000,1,0.8653963432,0.05144251033,0,0
54,256,100000000,1,0.8653963432,0.05144251033,0,0
54,4,000000100,1,0.9094512276,0.06868225115,0,0
54,256,100000000,1,0.8653963432,0.05144251033,0,0
54,286,100011110,5,0.9696646333,0.1719646058,0,0
54,256,100000000,1,0.8653963432,0.05144251033,0,0
54,463,111001111,7,0.9701219536,0.2215583678,0,0
54,256,100000000,1,0.8653963432,0.05144251033,0,0
54,256,100000000,1,0.8653963432,0.05144251033,0,0
54,4,000000100,1,0.9094512276,0.06868225115,0,0
54,463,111001111,7,0.9701219536,0.2215583678,0,0
54,256,100000000,1,0.8653963432,0.05144251033,0,0
54,463,111001111,7,0.9701219536,0.2215583678,0,0
54,256,100000000,1,0.8653963432,0.05144251033,0,0
55,463,111001111,7,0.9701219536,0.2215583678,0,inf
55,256,100000000,1,0.8653963432,0.05144251033,0,inf
55,4,000000100,1,0.9094512276,0.06868225115,0,0.5220108109
55,256,100000000,1,0.8653963432,0.05144251033,0,0.5220108109
55,4,000000100,1,0.9094512276,0.06868225115,0,0.308662907
55,128,010000000,1,0.9323170781,0.08404751134,0,0.308662907
55,286,100011110,5,0.9696646333,0.1719646058,0,0.295896174
55,463,111001111,7,0.9701219536,0.2215583678,0,0.295896174
55,128,010000000,1,0.9323170781,0.08404751134,0,0.2501840222
55,136,010001000,2,0.9556402415,0.08872172865,0,0.2501840222
55,136,010001000,2,0.9556402415,0.08872172865,0,0.1925701872
55,138,010001010,3,0.9580792598,0.1175190397,0,0.1925701872
55,328,101001000,3,0.9661585353,0.1314932012,0,0.1195143764
55,170,010101010,4,0.9583841376,0.1237906108,0,0.1195143764
55,394,110001010,4,0.9682926834,0.1485241046,0,0.09645812205
55,299,100101011,5,0.9684451278,0.1646855306,0,0.09645812205
55,266,100001010,3,0.9663109817,0.1359270001,0,0.09297294788
55,394,110001010,4,0.9682926834,0.1485241046,0,0.09297294788
55,138,010001010,3,0.9580792598,0.1175190397,0,0.03977767534
55,170,010101010,4,0.9583841376,0.1237906108,0,0.03977767534
55,459,111001011,6,0.9693597592,0.1673336257,0,0.03013367655
55,286,100011110,5,0.9696646333,0.1719646058,0,0.03013367655
55,328,101001000,3,0.9661585353,0.1314932012,0,0.02751908085
55,266,100001010,3,0.9663109817,0.1359270001,0,0.02751908085
55,299,100101011,5,0.9684451278,0.1646855306,0,0.02430001974
55,459,111001011,6,0.9693597592,0.1673336257,0,0.02430001974
55,394,110001010,4,0.9682926834,0.1485241046,0,0
55,299,100101011,5,0.9684451278,0.1646855306,0,0
55,256,100000000,1,0.8653963432,0.05144251033,0,0
55,266,100001010,3,0.9663109817,0.1359270001,0,0
55,299,100101011,5,0.9684451278,0.1646855306,0,0
55,459,111001011,6,0.9693597592,0.1673336257,0,0
55,256,100000000,1,0.8653963432,0.05144251033,0,0
55,328,101001000,3,0.9661585353,0.1314932012,0,0
55,459,111001011,6,0.9693597592,0.1673336257,0,0
55,459,111001011,6,0.9693597592,0.1673336257,0,0
55,459,111001011,6,0.9693597592,0.1673336257,0,0
55,299,100101011,5,0.9684451278,0.1646855306,0,0
55,266,100001010,3,0.9663109817,0.1359270001,0,0
55,266,100001010,3,0.9663109817,0.1359270001,0,0
55,459,111001011,6,0.9693597592,0.1673336257,0,0
55,266,100001010,3,0.9663109817,0.1359270001,0,0
55,328,101001000,3,0.9661585353,0.1314932012,0,0
55,459,111001011,6,0.9693597592,0.1673336257,0,0
55,266,100001010,3,0.9663109817,0.1359270001,0,0
55,459,111001011,6,0.9693597592,0.1673336257,0,0
55,266,100001010,3,0.9663109817,0.1359270001,0,0
55,266,100001010,3,0.9663109817,0.1359270001,0,0
55,266,100001010,3,0.9663109817,0.1359270001,0,0
55,286,100011110,5,0.9696646333,0.1719646058,0,0
55,266,100001010,3,0.9663109817,0.1359270001,0,0
55,328,101001000,3,0.9661585353,0.1314932012,0,0
55,459,111001011,6,0.9693597592,0.1673336257,0,0
55,266,100001010,3,0.9663109817,0.1359270001,0,0
55,266,100001010,3,0.9663109817,0.1359270001,0,0
55,286,100011110,5,0.9696646333,0.1719646058,0,0
55,328,101001000,3,0.9661585353,0.1314932012,0,0
55,459,111001011,6,0.9693597592,0.1673336257,0,0
55,459,111001011,6,0.9693597592,0.1673336257,0,0
55,286,100011110,5,0.9696646333,0.1719646058,0,0
55,459,111001011,6,0.9693597592,0.1673336257,0,0
55,170,010101010,4,0.9583841376,0.1237906108,0,0
55,138,010001010,3,0.9580792598,0.1175190397,0,0
55,138,010001010,3,0.9580792598,0.1175190397,0,0
55,459,111001011,6,0.9693597592,0.1673336257,0,0
55,170,010101010,4,0.9583841376,0.1237906108,0,0
55,138,010001010,3,0.9580792598,0.1175190397,0,0
55,170,010101010,4,0.9583841376,0.1237906108,0,0
55,394,110001010,4,0.9682926834,0.1485241046,0,0
55,266,100001010,3,0.9663109817,0.1359270001,0,0
55,394,110001010,4,0.9682926834,0.1485241046,0,0
55,394,110001010,4,0.9682926834,0.1485241046,0,0
55,266,100001010,3,0.9663109817,0.1359270001,0,0
55,266,100001010,3,0.9663109817,0.1359270001,0,0
55,394,110001010,4,0.9682926834,0.1485241046,0,0
55,170,010101010,4,0.9583841376,0.1237906108,0,0
55,266,100001010,3,0.9663109817,0.1359270001,0,0
55,170,010101010,4,0.9583841376,0.1237906108,0,0
55,266,100001010,3,0.9663109817,0.1359270001,0,0
55,328,101001000,3,0.9661585353,0.1314932012,0,0
55,266,100001010,3,0.9663109817,0.1359270001,0,0
55,328,101001000,3,0.9661585353,0.1314932012,0,0
55,299,100101011,5,0.9684451278,0.1646855306,0,0
55,394,110001010,4,0.9682926834,0.1485241046,0,0
55,256,100000000,1,0.8653963432,0.05144251033,0,0
55,4,000000100,1,0.9094512276,0.06868225115,0,0
55,394,110001010,4,0.9682926834,0.1485241046,0,0
55,328,101001000,3,0.9661585353,0.1314932012,0,0
55,328,101001000,3,0.9661585353,0.1314932012,0,0
55,170,010101010,4,0.9583841376,0.1237906108,0,0
55,138,010001010,3,0.9580792598,0.1175190397,0,0
55,328,101001000,3,0.9661585353,0.1314932012,0,0
55,328,101001000,3,0.9661585353,0.1314932012,0,0
55,170,010101010,4,0.9583841376,0.1237906108,0,0
55,328,101001000,3,0.9661585353,0.1314932012,0,0
55,136,010001000,2,0.9556402415,0.08872172865,0,0
55,256,100000000,1,0.8653963432,0.05144251033,0,0
55,256,100000000,1,0.8653963432,0.05144251033,0,0
55,136,010001000,2,0.9556402415,0.08872172865,0,0
55,170,010101010,4,0.9583841376,0.1237906108,0,0
55,136,010001000,2,0.9556402415,0.08872172865,0,0
55,463,111001111,7,0.9701219536,0.2215583678,0,0
55,463,111001111,7,0.9701219536,0.2215583678,0,0
55,136,010001000,2,0.9556402415,0.08872172865,0,0
55,266,100001010,3,0.9663109817,0.1359270001,0,0
55,128,010000000,1,0.9323170781,0.08404751134,0,0
55,128,010000000,1,0.9323170781,0.08404751134,0,0
55,136,010001000,2,0.9556402415,0.08872172865,0,0
55,128,010000000,1,0.9323170781,0.08404751134,0,0
55,128,010000000,1,0.9323170781,0.08404751134,0,0
55,128,010000000,1,0.9323170781,0.08404751134,0,0
55,463,111001111,7,0.9701219536,0.2215583678,0,0
55,128,010000000,1,0.9323170781,0.08404751134,0,0
55,128,010000000,1,0.9323170781,0.08404751134,0,0
55,256,100000000,1,0.8653963432,0.05144251033,0,0
55,286,100011110,5,0.9696646333,0.1719646058,0,0
55,286,100011110,5,0.9696646333,0.1719646058,0,0
55,256,100000000,1,0.8653963432,0.05144251033,0,0
55,136,010001000,2,0.9556402415,0.08872172865,0,0
55,138,010001010,3,0.9580792598,0.1175190397,0,0
55,463,111001111,7,0.9701219536,0.2215583678,0,0
55,128,010000000,1,0.9323170781,0.08404751134,0,0
55,138,010001010,3,0.9580792598,0.1175190397,0,0
55,463,111001111,7,0.9701219536,0.2215583678,0,0
55,136,010001000,2,0.9556402415,0.08872172865,0,0
55,136,010001000,2,0.9556402415,0.08872172865,0,0
55,463,111001111,7,0.9701219536,0.2215583678,0,0
55,128,010000000,1,0.9323170781,0.08404751134,0,0
55,128,010000000,1,0.9323170781,0.08404751134,0,0
55,4,000000100,1,0.9094512276,0.06868225115,0,0
55,4,000000100,1,0.9094512276,0.06868225115,0,0
55,4,000000100,1,0.9094512276,0.06868225115,0,0
55,128,010000000,1,0.9323170781,0.08404751134,0,0
55,286,100011110,5,0.9696646333,0.1719646058,0,0
55,463,111001111,7,0.9701219536,0.2215583678,0,0
55,128,010000000,1,0.9323170781,0.08404751134,0,0
55,4,000000100,1,0.9094512276,0.06868225115,0,0
55,128,010000000,1,0.9323170781,0.08404751134,0,0
55,286,100011110,5,0.9696646333,0.1719646058,0,0
55,256,100000000,1,0.8653963432,0.05144251033,0,0
55,128,010000000,1,0.9323170781,0.08404751134,0,0
55,128,010000000,1,0.9323170781,0.08404751134,0,0
55,128,010000000,1,0.9323170781,0.08404751134,0,0
55,128,010000000,1,0.9323170781,0.08404751134,0,0
55,256,100000000,1,0.8653963432,0.05144251033,0,0
55,4,000000100,1,0.9094512276,0.06868225115,0,0
55,4,000000100,1,0.9094512276,0.06868225115,0,0
55,4,000000100,1,0.9094512276,0.06868225115,0,0
55,256,100000000,1,0.8653963432,0.05144251033,0,0
55,256,100000000,1,0.8653963432,0.05144251033,0,0
55,4,000000100,1,0.9094512276,0.06868225115,0,0
55,256,100000000,1,0.8653963432,0.05144251033,0,0
55,286,100011110,5,0.9696646333,0.1719646058,0,0
55,256,100000000,1,0.8653963432,0.05144251033,0,0
55,463,111001111,7,0.9701219536,0.2215583678,0,0
55,256,100000000,1,0.8653963432,0.05144251033,0,0
55,256,100000000,1,0.8653963432,0.05144251033,0,0
55,4,000000100,1,0.9094512276,0.06868225115,0,0
55,463,111001111,7,0.9701219536,0.2215583678,0,0
55,256,100000000,1,0.8653963432,0.05144251033,0,0
55,463,111001111,7,0.9701219536,0.2215583678,0,0
55,256,100000000,1,0.8653963432,0.05144251033,0,0
56,256,100000000,1,0.8653963432,0.05144251033,0,inf
56,463,111001111,7,0.9701219536,0.2215583678,0,inf
56,256,100000000,1,0.8653963432,0.05144251033,0,0.5220108109
56,4,000000100,1,0.9094512276,0.06868225115,0,0.5220108109
56,4,000000100,1,0.9094512276,0.06868225115,0,0.308662907
56,128,010000000,1,0.9323170781,0.08404751134,0,0.308662907
56,463,111001111,7,0.9701219536,0.2215583678,0,0.295896174
56,286,100011110,5,0.9696646333,0.1719646058,0,0.295896174
56,136,010001000,2,0.9556402415,0.08872172865,0,0.2501840222
56,128,010000000,1,0.9323170781,0.08404751134,0,0.2501840222
56,136,010001000,2,0.9556402415,0.08872172865,0,0.1925701872
56,138,010001010,3,0.9580792598,0.1175190397,0,0.1925701872
56,328,101001000,3,0.9661585353,0.1314932012,0,0.1195143764
56,170,010101010,4,0.9583841376,0.1237906108,0,0.1195143764
56,394,110001010,4,0.9682926834,0.1485241046,0,0.09645812205
56,299,100101011,5,0.9684451278,0.1646855306,0,0.09645812205
56,266,100001010,3,0.9663109817,0.1359270001,0,0.09297294788
56,394,110001010,4,0.9682926834,0.1485241046,0,0.09297294788
56,138,010001010,3,0.9580792598,0.1175190397,0,0.03977767534
56,170,010101010,4,0.9583841376,0.1237906108,0,0.03977767534
56,286,100011110,5,0.9696646333,0.1719646058,0,0.03013367655
56,459,111001011,6,0.9693597592,0.1673336257,0,0.03013367655
56,266,100001010,3,0.9663109817,0.1359270001,0,0.02751908085
56,328,101001000,3,0.9661585353,0.1314932012,0,0.02751908085
56,459,111001011,6,0.9693597592,0.1673336257,0,0.02430001974
56,299,100101011,5,0.9684451278,0.1646855306,0,0.02430001974
56,299,100101011,5,0.9684451278,0.1646855306,0,0
56,256,100000000,1,0.8653963432,0.05144251033,0,0
56,256,100000000,1,0.8653963432,0.05144251033,0,0
56,394,110001010,4,0.9682926834,0.1485241046,0,0
56,299,100101011,5,0.9684451278,0.1646855306,0,0
56,459,111001011,6,0.9693597592,0.1673336257,0,0
56,256,100000000,1,0.8653963432,0.05144251033,0,0
56,328,101001000,3,0.9661585353,0.1314932012,0,0
56,459,111001011,6,0.9693597592,0.1673336257,0,0
56,459,111001011,6,0.9693597592,0.1673336257,0,0
56,459,111001011,6,0.9693597592,0.1673336257,0,0
56,266,100001010,3,0.9663109817,0.1359270001,0,0
56,266,100001010,3,0.9663109817,0.1359270001,0,0
56,266,100001010,3,0.9663109817,0.1359270001,0,0
56,459,111001011,6,0.9693597592,0.1673336257,0,0
56,266,100001010,3,0.9663109817,0.1359270001,0,0
56,328,101001000,3,0.9661585353,0.1314932012,0,0
56,459,111001011,6,0.9693597592,0.1673336257,0,0
56,266,100001010,3,0.9663109817,0.1359270001,0,0
56,459,111001011,6,0.9693597592,0.1673336257,0,0
56,266,100001010,3,0.9663109817,0.1359270001,0,0
56,266,100001010,3,0.9663109817,0.1359270001,0,0
56,266,100001010,3,0.9663109817,0.1359270001,0,0
56,286,100011110,5,0.9696646333,0.1719646058,0,0
56,266,100001010,3,0.9663109817,0.1359270001,0,0
56,328,101001000,3,0.9661585353,0.1314932012,0,0
56,459,111001011,6,0.9693597592,0.1673336257,0,0
56,266,100001010,3,0.9663109817,0.1359270001,0,0
56,266,100001010,3,0.9663109817,0.1359270001,0,0
56,286,100011110,5,0.9696646333,0.1719646058,0,0
56,328,101001000,3,0.9661585353,0.1314932012,0,0
56,459,111001011,6,0.9693597592,0.1673336257,0,0
56,459,111001011,6,0.9693597592,0.1673336257,0,0
56,170,010101010,4,0.9583841376,0.1237906108,0,0
56,459,111001011,6,0.9693597592,0.1673336257,0,0
56,170,010101010,4,0.9583841376,0.1237906108,0,0
56,138,010001010,3,0.9580792598,0.1175190397,0,0
56,138,010001010,3,0.9580792598,0.1175190397,0,0
56,459,111001011,6,0.9693597592,0.1673336257,0,0
56,170,010101010,4,0.9583841376,0.1237906108,0,0
56,138,010001010,3,0.9580792598,0.1175190397,0,0
56,170,010101010,4,0.9583841376,0.1237906108,0,0
56,394,110001010,4,0.9682926834,0.1485241046,0,0
56,266,100001010,3,0.9663109817,0.1359270001,0,0
56,394,110001010,4,0.9682926834,0.1485241046,0,0
56,394,110001010,4,0.9682926834,0.1485241046,0,0
56,266,100001010,3,0.9663109817,0.1359270001,0,0
56,266,100001010,3,0.9663109817,0.1359270001,0,0
56,394,110001010,4,0.9682926834,0.1485241046,0,0
56,170,010101010,4,0.9583841376,0.1237906108,0,0
56,266,100001010,3,0.9663109817,0.1359270001,0,0
56,170,010101010,4,0.9583841376,0.1237906108,0,0
56,266,100001010,3,0.9663109817,0.1359270001,0,0
56,328,101001000,3,0.9661585353,0.1314932012,0,0
56,266,100001010,3,0.9663109817,0.1359270001,0,0
56,328,101001000,3,0.9661585353,0.1314932012,0,0
56,299,100101011,5,0.9684451278,0.1646855306,0,0
56,394,110001010,4,0.9682926834,0.1485241046,0,0
56,256,100000000,1,0.8653963432,0.05144251033,0,0
56,4,000000100,1,0.9094512276,0.06868225115,0,0
56,394,110001010,4,0.9682926834,0.1485241046,0,0
56,328,101001000,3,0.9661585353,0.1314932012,0,0
56,328,101001000,3,0.9661585353,0.1314932012,0,0
56,170,010101010,4,0.9583841376,0.1237906108,0,0
56,328,101001000,3,0.9661585353,0.1314932012,0,0
56,328,101001000,3,0.9661585353,0.1314932012,0,0
56,138,010001010,3,0.9580792598,0.1175190397,0,0
56,136,010001000,2,0.9556402415,0.08872172865,0,0
56,328,101001000,3,0.9661585353,0.1314932012,0,0
56,136,010001000,2,0.9556402415,0.08872172865,0,0
56,256,100000000,1,0.8653963432,0.05144251033,0,0
56,299,100101011,5,0.9684451278,0.1646855306,0,0
56,136,010001000,2,0.9556402415,0.08872172865,0,0
56,170,010101010,4,0.9583841376,0.1237906108,0,0
56,136,010001000,2,0.9556402415,0.08872172865,0,0
56,463,111001111,7,0.9701219536,0.2215583678,0,0
56,463,111001111,7,0.9701219536,0.2215583678,0,0
56,136,010001000,2,0.9556402415,0.08872172865,0,0
56,266,100001010,3,0.9663109817,0.1359270001,0,0
56,128,010000000,1,0.9323170781,0.08404751134,0,0
56,128,010000000,1,0.9323170781,0.08404751134,0,0
56,136,010001000,2,0.9556402415,0.08872172865,0,0
56,128,010000000,1,0.9323170781,0.08404751134,0,0
56,128,010000000,1,0.9323170781,0.08404751134,0,0
56,128,010000000,1,0.9323170781,0.08404751134,0,0
56,128,010000000,1,0.9323170781,0.08404751134,0,0
56,463,111001111,7,0.9701219536,0.2215583678,0,0
56,128,010000000,1,0.9323170781,0.08404751134,0,0
56,256,100000000,1,0.8653963432,0.05144251033,0,0
56,286,100011110,5,0.9696646333,0.1719646058,0,0
56,286,100011110,5,0.9696646333,0.1719646058,0,0
56,256,100000000,1,0.8653963432,0.05144251033,0,0
56,136,010001000,2,0.9556402415,0.08872172865,0,0
56,138,010001010,3,0.9580792598,0.1175190397,0,0
56,463,111001111,7,0.9701219536,0.2215583678,0,0
56,128,010000000,1,0.9323170781,0.08404751134,0,0
56,138,010001010,3,0.9580792598,0.1175190397,0,0
56,463,111001111,7,0.9701219536,0.2215583678,0,0
56,136,010001000,2,0.9556402415,0.08872172865,0,0
56,286,100011110,5,0.9696646333,0.1719646058,0,0
56,463,111001111,7,0.9701219536,0.2215583678,0,0
56,128,010000000,1,0.9323170781,0.08404751134,0,0
56,128,010000000,1,0.9323170781,0.08404751134,0,0
56,4,000000100,1,0.9094512276,0.06868225115,0,0
56,4,000000100,1,0.9094512276,0.06868225115,0,0
56,4,000000100,1,0.9094512276,0.06868225115,0,0
56,128,010000000,1,0.9323170781,0.08404751134,0,0
56,286,100011110,5,0.9696646333,0.1719646058,0,0
56,463,111001111,7,0.9701219536,0.2215583678,0,0
56,128,010000000,1,0.9323170781,0.08404751134,0,0
56,4,000000100,1,0.9094512276,0.06868225115,0,0
56,128,010000000,1,0.9323170781,0.08404751134,0,0
56,286,100011110,5,0.9696646333,0.1719646058,0,0
56,128,010000000,1,0.9323170781,0.08404751134,0,0
56,128,010000000,1,0.9323170781,0.08404751134,0,0
56,128,010000000,1,0.9323170781,0.08404751134,0,0
56,128,010000000,1,0.9323170781,0.08404751134,0,0
56,128,010000000,1,0.9323170781,0.08404751134,0,0
56,256,100000000,1,0.8653963432,0.05144251033,0,0
56,4,000000100,1,0.9094512276,0.06868225115,0,0
56,4,000000100,1,0.9094512276,0.06868225115,0,0
56,256,100000000,1,0.8653963432,0.05144251033,0,0
56,256,100000000,1,0.8653963432,0.05144251033,0,0
56,256,100000000,1,0.8653963432,0.05144251033,0,0
56,4,000000100,1,0.9094512276,0.06868225115,0,0
56,256,100000000,1,0.8653963432,0.05144251033,0,0
56,286,100011110,5,0.9696646333,0.1719646058,0,0
56,256,100000000,1,0.8653963432,0.05144251033,0,0
56,463,111001111,7,0.9701219536,0.2215583678,0,0
56,4,000000100,1,0.9094512276,0.06868225115,0,0
56,256,100000000,1,0.8653963432,0.05144251033,0,0
56,4,000000100,1,0.9094512276,0.06868225115,0,0
56,463,111001111,7,0.9701219536,0.2215583678,0,0
56,256,100000000,1,0.8653963432,0.05144251033,0,0
56,463,111001111,7,0.9701219536,0.2215583678,0,0
56,256,100000000,1,0.8653963432,0.05144251033,0,0
57,256,100000000,1,0.8653963432,0.05144251033,0,inf
57,463,111001111,7,0.9701219536,0.2215583678,0,inf
57,256,100000000,1,0.8653963432,0.05144251033,0,0.5220108109
57,4,000000100,1,0.9094512276,0.06868225115,0,0.5220108109
57,4,000000100,1,0.9094512276,0.06868225115,0,0.308662907
57,128,010000000,1,0.9323170781,0.08404751134,0,0.308662907
57,463,111001111,7,0.9701219536,0.2215583678,0,0.295896174
57,286,100011110,5,0.9696646333,0.1719646058,0,0.295896174
57,128,010000000,1,0.9323170781,0.08404751134,0,0.2501840222
57,136,010001000,2,0.9556402415,0.08872172865,0,0.2501840222
57,138,010001010,3,0.9580792598,0.1175190397,0,0.1925701872
57,136,010001000,2,0.9556402415,0.08872172865,0,0.1925701872
57,170,010101010,4,0.9583841376,0.1237906108,0,0.1195143764
57,328,101001000,3,0.9661585353,0.1314932012,0,0.1195143764
57,299,100101011,5,0.9684451278,0.1646855306,0,0.09645812205
57,394,110001010,4,0.9682926834,0.1485241046,0,0.09645812205
57,394,110001010,4,0.9682926834,0.1485241046,0,0.09297294788
57,266,100001010,3,0.9663109817,0.1359270001,0,0.09297294788
57,138,010001010,3,0.9580792598,0.1175190397,0,0.03977767534
57,170,010101010,4,0.9583841376,0.1237906108,0,0.03977767534
57,286,100011110,5,0.9696646333,0.1719646058,0,0.03013367655
57,459,111001011,6,0.9693597592,0.1673336257,0,0.03013367655
57,266,100001010,3,0.9663109817,0.1359270001,0,0.02751908085
57,328,101001000,3,0.9661585353,0.1314932012,0,0.02751908085
57,459,111001011,6,0.9693597592,0.1673336257,0,0.02430001974
57,299,100101011,5,0.9684451278,0.1646855306,0,0.02430001974
57,4,000000100,1,0.9094512276,0.06868225115,0,0
57,256,100000000,1,0.8653963432,0.05144251033,0,0
57,256,100000000,1,0.8653963432,0.05144251033,0,0
57,394,110001010,4,0.9682926834,0.1485241046,0,0
57,299,100101011,5,0.9684451278,0.1646855306,0,0
57,459,111001011,6,0.9693597592,0.1673336257,0,0
57,299,100101011,5,0.9684451278,0.1646855306,0,0
57,328,101001000,3,0.9661585353,0.1314932012,0,0
57,459,111001011,6,0.9693597592,0.1673336257,0,0
57,459,111001011,6,0.9693597592,0.1673336257,0,0
57,459,111001011,6,0.9693597592,0.1673336257,0,0
57,266,100001010,3,0.9663109817,0.1359270001,0,0
57,266,100001010,3,0.9663109817,0.1359270001,0,0
57,266,100001010,3,0.9663109817,0.1359270001,0,0
57,459,111001011,6,0.9693597592,0.1673336257,0,0
57,266,100001010,3,0.9663109817,0.1359270001,0,0
57,328,101001000,3,0.9661585353,0.1314932012,0,0
57,266,100001010,3,0.9663109817,0.1359270001,0,0
57,459,111001011,6,0.9693597592,0.1673336257,0,0
57,459,111001011,6,0.9693597592,0.1673336257,0,0
57,266,100001010,3,0.9663109817,0.1359270001,0,0
57,266,100001010,3,0.9663109817,0.1359270001,0,0
57,286,100011110,5,0.9696646333,0.1719646058,0,0
57,286,100011110,5,0.9696646333,0.1719646058,0,0
57,266,100001010,3,0.9663109817,0.1359270001,0,0
57,328,101001000,3,0.9661585353,0.1314932012,0,0
57,459,111001011,6,0.9693597592,0.1673336257,0,0
57,266,100001010,3,0.9663109817,0.1359270001,0,0
57,266,100001010,3,0.9663109817,0.1359270001,0,0
57,286,100011110,5,0.9696646333,0.1719646058,0,0
57,328,101001000,3,0.9661585353,0.1314932012,0,0
57,459,111001011,6,0.9693597592,0.1673336257,0,0
57,459,111001011,6,0.9693597592,0.1673336257,0,0
57,170,010101010,4,0.9583841376,0.1237906108,0,0
57,459,111001011,6,0.9693597592,0.1673336257,0,0
57,170,010101010,4,0.9583841376,0.1237906108,0,0
57,138,010001010,3,0.9580792598,0.1175190397,0,0
57,138,010001010,3,0.9580792598,0.1175190397,0,0
57,459,111001011,6,0.9693597592,0.1673336257,0,0
57,170,010101010,4,0.9583841376,0.1237906108,0,0
57,138,010001010,3,0.9580792598,0.1175190397,0,0
57,170,010101010,4,0.9583841376,0.1237906108,0,0
57,394,110001010,4,0.9682926834,0.1485241046,0,0
57,266,100001010,3,0.9663109817,0.1359270001,0,0
57,394,110001010,4,0.9682926834,0.1485241046,0,0
57,138,010001010,3,0.9580792598,0.1175190397,0,0
57,266,100001010,3,0.9663109817,0.1359270001,0,0
57,266,100001010,3,0.9663109817,0.1359270001,0,0
57,394,110001010,4,0.9682926834,0.1485241046,0,0
57,170,010101010,4,0.9583841376,0.1237906108,0,0
57,266,100001010,3,0.9663109817,0.1359270001,0,0
57,170,010101010,4,0.9583841376,0.1237906108,0,0
57,266,100001010,3,0.9663109817,0.1359270001,0,0
57,328,101001000,3,0.9661585353,0.1314932012,0,0
57,266,100001010,3,0.9663109817,0.1359270001,0,0
57,328,101001000,3,0.9661585353,0.1314932012,0,0
57,299,100101011,5,0.9684451278,0.1646855306,0,0
57,394,110001010,4,0.9682926834,0.1485241046,0,0
57,256,100000000,1,0.8653963432,0.05144251033,0,0
57,394,110001010,4,0.9682926834,0.1485241046,0,0
57,266,100001010,3,0.9663109817,0.1359270001,0,0
57,328,101001000,3,0.9661585353,0.1314932012,0,0
57,328,101001000,3,0.9661585353,0.1314932012,0,0
57,170,010101010,4,0.9583841376,0.1237906108,0,0
57,328,101001000,3,0.9661585353,0.1314932012,0,0
57,328,101001000,3,0.9661585353,0.1314932012,0,0
57,394,110001010,4,0.9682926834,0.1485241046,0,0
57,136,010001000,2,0.9556402415,0.08872172865,0,0
57,328,101001000,3,0.9661585353,0.1314932012,0,0
57,136,010001000,2,0.9556402415,0.08872172865,0,0
57,256,100000000,1,0.8653963432,0.05144251033,0,0
57,299,100101011,5,0.9684451278,0.1646855306,0,0
57,136,010001000,2,0.9556402415,0.08872172865,0,0
57,170,010101010,4,0.9583841376,0.1237906108,0,0
57,256,100000000,1,0.8653963432,0.05144251033,0,0
57,463,111001111,7,0.9701219536,0.2215583678,0,0
57,463,111001111,7,0.9701219536,0.2215583678,0,0
57,136,010001000,2,0.9556402415,0.08872172865,0,0
57,266,100001010,3,0.9663109817,0.1359270001,0,0
57,328,101001000,3,0.9661585353,0.1314932012,0,0
57,128,010000000,1,0.9323170781,0.08404751134,0,0
57,138,010001010,3,0.9580792598,0.1175190397,0,0
57,128,010000000,1,0.9323170781,0.08404751134,0,0
57,128,010000000,1,0.9323170781,0.08404751134,0,0
57,128,010000000,1,0.9323170781,0.08404751134,0,0
57,128,010000000,1,0.9323170781,0.08404751134,0,0
57,463,111001111,7,0.9701219536,0.2215583678,0,0
57,128,010000000,1,0.9323170781,0.08404751134,0,0
57,256,100000000,1,0.8653963432,0.05144251033,0,0
57,286,100011110,5,0.9696646333,0.1719646058,0,0
57,136,010001000,2,0.9556402415,0.08872172865,0,0
57,256,100000000,1,0.8653963432,0.05144251033,0,0
57,136,010001000,2,0.9556402415,0.08872172865,0,0
57,128,010000000,1,0.9323170781,0.08404751134,0,0
57,286,100011110,5,0.9696646333,0.1719646058,0,0
57,128,010000000,1,0.9323170781,0.08404751134,0,0
57,138,010001010,3,0.9580792598,0.1175190397,0,0
57,463,111001111,7,0.9701219536,0.2215583678,0,0
57,136,010001000,2,0.9556402415,0.08872172865,0,0
57,286,100011110,5,0.9696646333,0.1719646058,0,0
57,463,111001111,7,0.9701219536,0.2215583678,0,0
57,128,010000000,1,0.9323170781,0.08404751134,0,0
57,128,010000000,1,0.9323170781,0.08404751134,0,0
57,4,000000100,1,0.9094512276,0.06868225115,0,0
57,463,111001111,7,0.9701219536,0.2215583678,0,0
57,4,000000100,1,0.9094512276,0.06868225115,0,0
57,128,010000000,1,0.9323170781,0.08404751134,0,0
57,286,100011110,5,0.9696646333,0.1719646058,0,0
57,463,111001111,7,0.9701219536,0.2215583678,0,0
57,128,010000000,1,0.9323170781,0.08404751134,0,0
57,4,000000100,1,0.9094512276,0.06868225115,0,0
57,128,010000000,1,0.9323170781,0.08404751134,0,0
57,286,100011110,5,0.9696646333,0.1719646058,0,0
57,128,010000000,1,0.9323170781,0.08404751134,0,0
57,128,010000000,1,0.9323170781,0.08404751134,0,0
57,128,010000000,1,0.9323170781,0.08404751134,0,0
57,128,010000000,1,0.9323170781,0.08404751134,0,0
57,128,010000000,1,0.9323170781,0.08404751134,0,0
57,256,100000000,1,0.8653963432,0.05144251033,0,0
57,4,000000100,1,0.9094512276,0.06868225115,0,0
57,4,000000100,1,0.9094512276,0.06868225115,0,0
57,256,100000000,1,0.8653963432,0.05144251033,0,0
57,4,000000100,1,0.9094512276,0.06868225115,0,0
57,256,100000000,1,0.8653963432,0.05144251033,0,0
57,4,000000100,1,0.9094512276,0.06868225115,0,0
57,256,100000000,1,0.8653963432,0.05144251033,0,0
57,286,100011110,5,0.9696646333,0.1719646058,0,0
57,256,100000000,1,0.8653963432,0.05144251033,0,0
57,256,100000000,1,0.8653963432,0.05144251033,0,0
57,4,000000100,1,0.9094512276,0.06868225115,0,0
57,256,100000000,1,0.8653963432,0.05144251033,0,0
57,4,000000100,1,0.9094512276,0.06868225115,0,0
57,463,111001111,7,0.9701219536,0.2215583678,0,0
57,256,100000000,1,0.8653963432,0.05144251033,0,0
57,463,111001111,7,0.9701219536,0.2215583678,0,0
57,256,100000000,1,0.8653963432,0.05144251033,0,0
58,463,111001111,7,0.9701219536,0.2215583678,0,inf
58,256,100000000,1,0.8653963432,0.05144251033,0,inf
58,256,100000000,1,0.8653963432,0.05144251033,0,0.5220108109
58,4,000000100,1,0.9094512276,0.06868225115,0,0.5220108109
58,4,000000100,1,0.9094512276,0.06868225115,0,0.308662907
58,128,010000000,1,0.9323170781,0.08404751134,0,0.308662907
58,286,100011110,5,0.9696646333,0.1719646058,0,0.295896174
58,463,111001111,7,0.9701219536,0.2215583678,0,0.295896174
58,128,010000000,1,0.9323170781,0.08404751134,0,0.2501840222
58,136,010001000,2,0.9556402415,0.08872172865,0,0.2501840222
58,138,010001010,3,0.9580792598,0.1175190397,0,0.1925701872
58,136,010001000,2,0.9556402415,0.08872172865,0,0.1925701872
58,170,010101010,4,0.9583841376,0.1237906108,0,0.1195143764
58,328,101001000,3,0.9661585353,0.1314932012,0,0.1195143764
58,299,100101011,5,0.9684451278,0.1646855306,0,0.09645812205
58,394,110001010,4,0.9682926834,0.1485241046,0,0.09645812205
58,394,110001010,4,0.9682926834,0.1485241046,0,0.09297294788
58,266,100001010,3,0.9663109817,0.1359270001,0,0.09297294788
58,170,010101010,4,0.9583841376,0.1237906108,0,0.03977767534
58,138,010001010,3,0.9580792598,0.1175190397,0,0.03977767534
58,286,100011110,5,0.9696646333,0.1719646058,0,0.03013367655
58,459,111001011,6,0.9693597592,0.1673336257,0,0.03013367655
58,328,101001000,3,0.9661585353,0.1314932012,0,0.02751908085
58,266,100001010,3,0.9663109817,0.1359270001,0,0.02751908085
58,299,100101011,5,0.9684451278,0.1646855306,0,0.02430001974
58,459,111001011,6,0.9693597592,0.1673336257,0,0.02430001974
58,256,100000000,1,0.8653963432,0.05144251033,0,0
58,394,110001010,4,0.9682926834,0.1485241046,0,0
58,328,101001000,3,0.9661585353,0.1314932012,0,0
58,266,100001010,3,0.9663109817,0.1359270001,0,0
58,299,100101011,5,0.9684451278,0.1646855306,0,0
58,459,111001011,6,0.9693597592,0.1673336257,0,0
58,138,010001010,3,0.9580792598,0.1175190397,0,0
58,328,101001000,3,0.9661585353,0.1314932012,0,0
58,459,111001011,6,0.9693597592,0.1673336257,0,0
58,459,111001011,6,0.9693597592,0.1673336257,0,0
58,459,111001011,6,0.9693597592,0.1673336257,0,0
58,266,100001010,3,0.9663109817,0.1359270001,0,0
58,266,100001010,3,0.9663109817,0.1359270001,0,0
58,266,100001010,3,0.9663109817,0.1359270001,0,0
58,459,111001011,6,0.9693597592,0.1673336257,0,0
58,266,100001010,3,0.9663109817,0.1359270001,0,0
58,328,101001000,3,0.9661585353,0.1314932012,0,0
58,266,100001010,3,0.9663109817,0.1359270001,0,0
58,459,111001011,6,0.9693597592,0.1673336257,0,0
58,459,111001011,6,0.9693597592,0.1673336257,0,0
58,266,100001010,3,0.9663109817,0.1359270001,0,0
58,266,100001010,3,0.9663109817,0.1359270001,0,0
58,286,100011110,5,0.9696646333,0.1719646058,0,0
58,286,100011110,5,0.9696646333,0.1719646058,0,0
58,266,100001010,3,0.9663109817,0.1359270001,0,0
58,328,101001000,3,0.9661585353,0.1314932012,0,0
58,459,111001011,6,0.9693597592,0.1673336257,0,0
58,266,100001010,3,0.9663109817,0.1359270001,0,0
58,266,100001010,3,0.9663109817,0.1359270001,0,0
58,286,100011110,5,0.9696646333,0.1719646058,0,0
58,394,110001010,4,0.9682926834,0.1485241046,0,0
58,459,111001011,6,0.9693597592,0.1673336257,0,0
58,459,111001011,6,0.9693597592,0.1673336257,0,0
58,170,010101010,4,0.9583841376,0.1237906108,0,0
58,459,111001011,6,0.9693597592,0.1673336257,0,0
58,394,110001010,4,0.9682926834,0.1485241046,0,0
58,299,100101011,5,0.9684451278,0.1646855306,0,0
58,138,010001010,3,0.9580792598,0.1175190397,0,0
58,459,111001011,6,0.9693597592,0.1673336257,0,0
58,170,010101010,4,0.9583841376,0.1237906108,0,0
58,138,010001010,3,0.9580792598,0.1175190397,0,0
58,170,010101010,4,0.9583841376,0.1237906108,0,0
58,394,110001010,4,0.9682926834,0.1485241046,0,0
58,266,100001010,3,0.9663109817,0.1359270001,0,0
58,394,110001010,4,0.9682926834,0.1485241046,0,0
58,138,010001010,3,0.9580792598,0.1175190397,0,0
58,266,100001010,3,0.9663109817,0.1359270001,0,0
58,328,101001000,3,0.9661585353,0.1314932012,0,0
58,394,110001010,4,0.9682926834,0.1485241046,0,0
58,170,010101010,4,0.9583841376,0.1237906108,0,0
58,266,100001010,3,0.9663109817,0.1359270001,0,0
58,170,010101010,4,0.9583841376,0.1237906108,0,0
58,266,100001010,3,0.9663109817,0.1359270001,0,0
58,328,101001000,3,0.9661585353,0.1314932012,0,0
58,266,100001010,3,0.9663109817,0.1359270001,0,0
58,328,101001000,3,0.9661585353,0.1314932012,0,0
58,299,100101011,5,0.9684451278,0.1646855306,0,0
58,170,010101010,4,0.9583841376,0.1237906108,0,0
58,256,100000000,1,0.8653963432,0.05144251033,0,0
58,394,110001010,4,0.9682926834,0.1485241046,0,0
58,266,100001010,3,0.9663109817,0.1359270001,0,0
58,328,101001000,3,0.9661585353,0.1314932012,0,0
58,328,101001000,3,0.9661585353,0.1314932012,0,0
58,170,010101010,4,0.9583841376,0.1237906108,0,0
58,328,101001000,3,0.9661585353,0.1314932012,0,0
58,328,101001000,3,0.9661585353,0.1314932012,0,0
58,136,010001000,2,0.9556402415,0.08872172865,0,0
58,136,010001000,2,0.9556402415,0.08872172865,0,0
58,128,010000000,1,0.9323170781,0.08404751134,0,0
58,136,010001000,2,0.9556402415,0.08872172865,0,0
58,4,000000100,1,0.9094512276,0.06868225115,0,0
58,299,100101011,5,0.9684451278,0.1646855306,0,0
58,136,010001000,2,0.9556402415,0.08872172865,0,0
58,170,010101010,4,0.9583841376,0.1237906108,0,0
58,256,100000000,1,0.8653963432,0.05144251033,0,0
58,286,100011110,5,0.9696646333,0.1719646058,0,0
58,463,111001111,7,0.9701219536,0.2215583678,0,0
58,136,010001000,2,0.9556402415,0.08872172865,0,0
58,266,100001010,3,0.9663109817,0.1359270001,0,0
58,328,101001000,3,0.9661585353,0.1314932012,0,0
58,128,010000000,1,0.9323170781,0.08404751134,0,0
58,138,010001010,3,0.9580792598,0.1175190397,0,0
58,128,010000000,1,0.9323170781,0.08404751134,0,0
58,128,010000000,1,0.9323170781,0.08404751134,0,0
58,128,010000000,1,0.9323170781,0.08404751134,0,0
58,128,010000000,1,0.9323170781,0.08404751134,0,0
58,463,111001111,7,0.9701219536,0.2215583678,0,0
58,128,010000000,1,0.9323170781,0.08404751134,0,0
58,256,100000000,1,0.8653963432,0.05144251033,0,0
58,286,100011110,5,0.9696646333,0.1719646058,0,0
58,136,010001000,2,0.9556402415,0.08872172865,0,0
58,256,100000000,1,0.8653963432,0.05144251033,0,0
58,463,111001111,7,0.9701219536,0.2215583678,0,0
58,128,010000000,1,0.9323170781,0.08404751134,0,0
58,286,100011110,5,0.9696646333,0.1719646058,0,0
58,128,010000000,1,0.9323170781,0.08404751134,0,0
58,138,010001010,3,0.9580792598,0.1175190397,0,0
58,463,111001111,7,0.9701219536,0.2215583678,0,0
58,136,010001000,2,0.9556402415,0.08872172865,0,0
58,128,010000000,1,0.9323170781,0.08404751134,0,0
58,4,000000100,1,0.9094512276,0.06868225115,0,0
58,4,000000100,1,0.9094512276,0.06868225115,0,0
58,128,010000000,1,0.9323170781,0.08404751134,0,0
58,4,000000100,1,0.9094512276,0.06868225115,0,0
58,463,111001111,7,0.9701219536,0.2215583678,0,0
58,4,000000100,1,0.9094512276,0.06868225115,0,0
58,128,010000000,1,0.9323170781,0.08404751134,0,0
58,286,100011110,5,0.9696646333,0.1719646058,0,0
58,463,111001111,7,0.9701219536,0.2215583678,0,0
58,128,010000000,1,0.9323170781,0.08404751134,0,0
58,4,000000100,1,0.9094512276,0.06868225115,0,0
58,128,010000000,1,0.9323170781,0.08404751134,0,0
58,286,100011110,5,0.9696646333,0.1719646058,0,0
58,128,010000000,1,0.9323170781,0.08404751134,0,0
58,128,010000000,1,0.9323170781,0.08404751134,0,0
58,128,010000000,1,0.9323170781,0.08404751134,0,0
58,128,010000000,1,0.9323170781,0.08404751134,0,0
58,256,100000000,1,0.8653963432,0.05144251033,0,0
58,256,100000000,1,0.8653963432,0.05144251033,0,0
58,4,000000100,1,0.9094512276,0.06868225115,0,0
58,4,000000100,1,0.9094512276,0.06868225115,0,0
58,256,100000000,1,0.8653963432,0.05144251033,0,0
58,4,000000100,1,0.9094512276,0.06868225115,0,0
58,256,100000000,1,0.8653963432,0.05144251033,0,0
58,4,000000100,1,0.9094512276,0.06868225115,0,0
58,256,100000000,1,0.8653963432,0.05144251033,0,0
58,286,100011110,5,0.9696646333,0.1719646058,0,0
58,256,100000000,1,0.8653963432,0.05144251033,0,0
58,256,100000000,1,0.8653963432,0.05144251033,0,0
58,4,000000100,1,0.9094512276,0.06868225115,0,0
58,256,100000000,1,0.8653963432,0.05144251033,0,0
58,463,111001111,7,0.9701219536,0.2215583678,0,0
58,463,111001111,7,0.9701219536,0.2215583678,0,0
58,256,100000000,1,0.8653963432,0.05144251033,0,0
58,463,111001111,7,0.9701219536,0.2215583678,0,0
58,256,100000000,1,0.8653963432,0.05144251033,0,0
59,463,111001111,7,0.9701219536,0.2215583678,0,inf
59,256,100000000,1,0.8653963432,0.05144251033,0,inf
59,256,100000000,1,0.8653963432,0.05144251033,0,0.5220108109
59,4,000000100,1,0.9094512276,0.06868225115,0,0.5220108109
59,4,000000100,1,0.9094512276,0.06868225115,0,0.308662907
59,128,010000000,1,0.9323170781,0.08404751134,0,0.308662907
59,286,100011110,5,0.9696646333,0.1719646058,0,0.295896174
59,463,111001111,7,0.9701219536,0.2215583678,0,0.295896174
59,128,010000000,1,0.9323170781,0.08404751134,0,0.2501840222
59,136,010001000,2,0.9556402415,0.08872172865,0,0.2501840222
59,136,010001000,2,0.9556402415,0.08872172865,0,0.1925701872
59,138,010001010,3,0.9580792598,0.1175190397,0,0.1925701872
59,328,101001000,3,0.9661585353,0.1314932012,0,0.1195143764
59,170,010101010,4,0.9583841376,0.1237906108,0,0.1195143764
59,299,100101011,5,0.9684451278,0.1646855306,0,0.09645812205
59,394,110001010,4,0.9682926834,0.1485241046,0,0.09645812205
59,266,100001010,3,0.9663109817,0.1359270001,0,0.09297294788
59,394,110001010,4,0.9682926834,0.1485241046,0,0.09297294788
59,138,010001010,3,0.9580792598,0.1175190397,0,0.03977767534
59,170,010101010,4,0.9583841376,0.1237906108,0,0.03977767534
59,459,111001011,6,0.9693597592,0.1673336257,0,0.03013367655
59,286,100011110,5,0.9696646333,0.1719646058,0,0.03013367655
59,328,101001000,3,0.9661585353,0.1314932012,0,0.02751908085
59,266,100001010,3,0.9663109817,0.1359270001,0,0.02751908085
59,299,100101011,5,0.9684451278,0.1646855306,0,0.02430001974
59,459,111001011,6,0.9693597592,0.1673336257,0,0.02430001974
59,299,100101011,5,0.9684451278,0.1646855306,0,0
59,170,010101010,4,0.9583841376,0.1237906108,0,0
59,328,101001000,3,0.9661585353,0.1314932012,0,0
59,266,100001010,3,0.9663109817,0.1359270001,0,0
59,299,100101011,5,0.9684451278,0.1646855306,0,0
59,459,111001011,6,0.9693597592,0.1673336257,0,0
59,138,010001010,3,0.9580792598,0.1175190397,0,0
59,328,101001000,3,0.9661585353,0.1314932012,0,0
59,459,111001011,6,0.9693597592,0.1673336257,0,0
59,459,111001011,6,0.9693597592,0.1673336257,0,0
59,459,111001011,6,0.9693597592,0.1673336257,0,0
59,266,100001010,3,0.9663109817,0.1359270001,0,0
59,256,100000000,1,0.8653963432,0.05144251033,0,0
59,459,111001011,6,0.9693597592,0.1673336257,0,0
59,459,111001011,6,0.9693597592,0.1673336257,0,0
59,266,100001010,3,0.9663109817,0.1359270001,0,0
59,328,101001000,3,0.9661585353,0.1314932012,0,0
59,266,100001010,3,0.9663109817,0.1359270001,0,0
59,459,111001011,6,0.9693597592,0.1673336257,0,0
59,266,100001010,3,0.9663109817,0.1359270001,0,0
59,266,100001010,3,0.9663109817,0.1359270001,0,0
59,266,100001010,3,0.9663109817,0.1359270001,0,0
59,328,101001000,3,0.9661585353,0.1314932012,0,0
59,286,100011110,5,0.9696646333,0.1719646058,0,0
59,266,100001010,3,0.9663109817,0.1359270001,0,0
59,328,101001000,3,0.9661585353,0.1314932012,0,0
59,459,111001011,6,0.9693597592,0.1673336257,0,0
59,266,100001010,3,0.9663109817,0.1359270001,0,0
59,266,100001010,3,0.9663109817,0.1359270001,0,0
59,286,100011110,5,0.9696646333,0.1719646058,0,0
59,394,110001010,4,0.9682926834,0.1485241046,0,0
59,459,111001011,6,0.9693597592,0.1673336257,0,0
59,459,111001011,6,0.9693597592,0.1673336257,0,0
59,170,010101010,4,0.9583841376,0.1237906108,0,0
59,459,111001011,6,0.9693597592,0.1673336257,0,0
59,394,110001010,4,0.9682926834,0.1485241046,0,0
59,299,100101011,5,0.9684451278,0.1646855306,0,0
59,138,010001010,3,0.9580792598,0.1175190397,0,0
59,459,111001011,6,0.9693597592,0.1673336257,0,0
59,170,010101010,4,0.9583841376,0.1237906108,0,0
59,286,100011110,5,0.9696646333,0.1719646058,0,0
59,170,010101010,4,0.9583841376,0.1237906108,0,0
59,394,110001010,4,0.9682926834,0.1485241046,0,0
59,266,100001010,3,0.9663109817,0.1359270001,0,0
59,138,010001010,3,0.9580792598,0.1175190397,0,0
59,138,010001010,3,0.9580792598,0.1175190397,0,0
59,266,100001010,3,0.9663109817,0.1359270001,0,0
59,328,101001000,3,0.9661585353,0.1314932012,0,0
59,394,110001010,4,0.9682926834,0.1485241046,0,0
59,170,010101010,4,0.9583841376,0.1237906108,0,0
59,266,100001010,3,0.9663109817,0.1359270001,0,0
59,170,010101010,4,0.9583841376,0.1237906108,0,0
59,266,100001010,3,0.9663109817,0.1359270001,0,0
59,328,101001000,3,0.9661585353,0.1314932012,0,0
59,266,100001010,3,0.9663109817,0.1359270001,0,0
59,266,100001010,3,0.9663109817,0.1359270001,0,0
59,394,110001010,4,0.9682926834,0.1485241046,0,0
59,256,100000000,1,0.8653963432,0.05144251033,0,0
59,256,100000000,1,0.8653963432,0.05144251033,0,0
59,394,110001010,4,0.9682926834,0.1485241046,0,0
59,266,100001010,3,0.9663109817,0.1359270001,0,0
59,328,101001000,3,0.9661585353,0.1314932012,0,0
59,328,101001000,3,0.9661585353,0.1314932012,0,0
59,170,010101010,4,0.9583841376,0.1237906108,0,0
59,328,101001000,3,0.9661585353,0.1314932012,0,0
59,299,100101011,5,0.9684451278,0.1646855306,0,0
59,136,010001000,2,0.9556402415,0.08872172865,0,0
59,136,010001000,2,0.9556402415,0.08872172865,0,0
59,128,010000000,1,0.9323170781,0.08404751134,0,0
59,328,101001000,3,0.9661585353,0.1314932012,0,0
59,394,110001010,4,0.9682926834,0.1485241046,0,0
59,299,100101011,5,0.9684451278,0.1646855306,0,0
59,136,010001000,2,0.9556402415,0.08872172865,0,0
59,170,010101010,4,0.9583841376,0.1237906108,0,0
59,256,100000000,1,0.8653963432,0.05144251033,0,0
59,286,100011110,5,0.9696646333,0.1719646058,0,0
59,463,111001111,7,0.9701219536,0.2215583678,0,0
59,136,010001000,2,0.9556402415,0.08872172865,0,0
59,266,100001010,3,0.9663109817,0.1359270001,0,0
59,328,101001000,3,0.9661585353,0.1314932012,0,0
59,170,010101010,4,0.9583841376,0.1237906108,0,0
59,138,010001010,3,0.9580792598,0.1175190397,0,0
59,128,010000000,1,0.9323170781,0.08404751134,0,0
59,128,010000000,1,0.9323170781,0.08404751134,0,0
59,128,010000000,1,0.9323170781,0.08404751134,0,0
59,128,010000000,1,0.9323170781,0.08404751134,0,0
59,463,111001111,7,0.9701219536,0.2215583678,0,0
59,136,010001000,2,0.9556402415,0.08872172865,0,0
59,256,100000000,1,0.8653963432,0.05144251033,0,0
59,286,100011110,5,0.9696646333,0.1719646058,0,0
59,136,010001000,2,0.9556402415,0.08872172865,0,0
59,256,100000000,1,0.8653963432,0.05144251033,0,0
59,463,111001111,7,0.9701219536,0.2215583678,0,0
59,128,010000000,1,0.9323170781,0.08404751134,0,0
59,286,100011110,5,0.9696646333,0.1719646058,0,0
59,128,010000000,1,0.9323170781,0.08404751134,0,0
59,138,010001010,3,0.9580792598,0.1175190397,0,0
59,463,111001111,7,0.9701219536,0.2215583678,0,0
59,136,010001000,2,0.9556402415,0.08872172865,0,0
59,128,010000000,1,0.9323170781,0.08404751134,0,0
59,4,000000100,1,0.9094512276,0.06868225115,0,0
59,4,000000100,1,0.9094512276,0.06868225115,0,0
59,128,010000000,1,0.9323170781,0.08404751134,0,0
59,4,000000100,1,0.9094512276,0.06868225115,0,0
59,128,010000000,1,0.9323170781,0.08404751134,0,0
59,463,111001111,7,0.9701219536,0.2215583678,0,0
59,128,010000000,1,0.9323170781,0.08404751134,0,0
59,286,100011110,5,0.9696646333,0.1719646058,0,0
59,463,111001111,7,0.9701219536,0.2215583678,0,0
59,128,010000000,1,0.9323170781,0.08404751134,0,0
59,4,000000100,1,0.9094512276,0.06868225115,0,0
59,128,010000000,1,0.9323170781,0.08404751134,0,0
59,286,100011110,5,0.9696646333,0.1719646058,0,0
59,128,010000000,1,0.9323170781,0.08404751134,0,0
59,128,010000000,1,0.9323170781,0.08404751134,0,0
59,128,010000000,1,0.9323170781,0.08404751134,0,0
59,128,010000000,1,0.9323170781,0.08404751134,0,0
59,256,100000000,1,0.8653963432,0.05144251033,0,0
59,256,100000000,1,0.8653963432,0.05144251033,0,0
59,128,010000000,1,0.9323170781,0.08404751134,0,0
59,4,000000100,1,0.9094512276,0.06868225115,0,0
59,256,100000000,1,0.8653963432,0.05144251033,0,0
59,4,000000100,1,0.9094512276,0.06868225115,0,0
59,256,100000000,1,0.8653963432,0.05144251033,0,0
59,4,000000100,1,0.9094512276,0.06868225115,0,0
59,4,000000100,1,0.9094512276,0.06868225115,0,0
59,286,100011110,5,0.9696646333,0.1719646058,0,0
59,4,000000100,1,0.9094512276,0.06868225115,0,0
59,256,100000000,1,0.8653963432,0.05144251033,0,0
59,4,000000100,1,0.9094512276,0.06868225115,0,0
59,256,100000000,1,0.8653963432,0.05144251033,0,0
59,463,111001111,7,0.9701219536,0.2215583678,0,0
59,463,111001111,7,0.9701219536,0.2215583678,0,0
59,256,100000000,1,0.8653963432,0.05144251033,0,0
59,463,111001111,7,0.9701219536,0.2215583678,0,0
59,256,100000000,1,0.8653963432,0.05144251033,0,0
60,256,100000000,1,0.8653963432,0.05144251033,0,inf
60,463,111001111,7,0.9701219536,0.2215583678,0,inf
60,256,100000000,1,0.8653963432,0.05144251033,0,0.5220108109
60,4,000000100,1,0.9094512276,0.06868225115,0,0.5220108109
60,128,010000000,1,0.9323170781,0.08404751134,0,0.308662907
60,4,000000100,1,0.9094512276,0.06868225115,0,0.308662907
60,286,100011110,5,0.9696646333,0.1719646058,0,0.295896174
60,463,111001111,7,0.9701219536,0.2215583678,0,0.295896174
60,128,010000000,1,0.9323170781,0.08404751134,0,0.2501840222
60,136,010001000,2,0.9556402415,0.08872172865,0,0.2501840222
60,138,010001010,3,0.9580792598,0.1175190397,0,0.1925701872
60,136,010001000,2,0.9556402415,0.08872172865,0,0.1925701872
60,170,010101010,4,0.9583841376,0.1237906108,0,0.1195143764
60,328,101001000,3,0.9661585353,0.1314932012,0,0.1195143764
60,299,100101011,5,0.9684451278,0.1646855306,0,0.09645812205
60,394,110001010,4,0.9682926834,0.1485241046,0,0.09645812205
60,394,110001010,4,0.9682926834,0.1485241046,0,0.09297294788
60,266,100001010,3,0.9663109817,0.1359270001,0,0.09297294788
60,138,010001010,3,0.9580792598,0.1175190397,0,0.03977767534
60,170,010101010,4,0.9583841376,0.1237906108,0,0.03977767534
60,286,100011110,5,0.9696646333,0.1719646058,0,0.03013367655
60,459,111001011,6,0.9693597592,0.1673336257,0,0.03013367655
60,266,100001010,3,0.9663109817,0.1359270001,0,0.02751908085
60,328,101001000,3,0.9661585353,0.1314932012,0,0.02751908085
60,299,100101011,5,0.9684451278,0.1646855306,0,0.02430001974
60,459,111001011,6,0.9693597592,0.1673336257,0,0.02430001974
60,256,100000000,1,0.8653963432,0.05144251033,0,0
60,256,100000000,1,0.8653963432,0.05144251033,0,0
60,328,101001000,3,0.9661585353,0.1314932012,0,0
60,299,100101011,5,0.9684451278,0.1646855306,0,0
60,299,100101011,5,0.9684451278,0.1646855306,0,0
60,459,111001011,6,0.9693597592,0.1673336257,0,0
60,138,010001010,3,0.9580792598,0.1175190397,0,0
60,266,100001010,3,0.9663109817,0.1359270001,0,0
60,459,111001011,6,0.9693597592,0.1673336257,0,0
60,459,111001011,6,0.9693597592,0.1673336257,0,0
60,459,111001011,6,0.9693597592,0.1673336257,0,0
60,266,100001010,3,0.9663109817,0.1359270001,0,0
60,256,100000000,1,0.8653963432,0.05144251033,0,0
60,459,111001011,6,0.9693597592,0.1673336257,0,0
60,459,111001011,6,0.9693597592,0.1673336257,0,0
60,266,100001010,3,0.9663109817,0.1359270001,0,0
60,328,101001000,3,0.9661585353,0.1314932012,0,0
60,328,101001000,3,0.9661585353,0.1314932012,0,0
60,286,100011110,5,0.9696646333,0.1719646058,0,0
60,266,100001010,3,0.9663109817,0.1359270001,0,0
60,266,100001010,3,0.9663109817,0.1359270001,0,0
60,266,100001010,3,0.9663109817,0.1359270001,0,0
60,328,101001000,3,0.9661585353,0.1314932012,0,0
60,286,100011110,5,0.9696646333,0.1719646058,0,0
60,266,100001010,3,0.9663109817,0.1359270001,0,0
60,328,101001000,3,0.9661585353,0.1314932012,0,0
60,459,111001011,6,0.9693597592,0.1673336257,0,0
60,266,100001010,3,0.9663109817,0.1359270001,0,0
60,266,100001010,3,0.9663109817,0.1359270001,0,0
60,286,100011110,5,0.9696646333,0.1719646058,0,0
60,394,110001010,4,0.9682926834,0.1485241046,0,0
60,459,111001011,6,0.9693597592,0.1673336257,0,0
60,459,111001011,6,0.9693597592,0.1673336257,0,0
60,170,010101010,4,0.9583841376,0.1237906108,0,0
60,459,111001011,6,0.9693597592,0.1673336257,0,0
60,394,110001010,4,0.9682926834,0.1485241046,0,0
60,459,111001011,6,0.9693597592,0.1673336257,0,0
60,138,010001010,3,0.9580792598,0.1175190397,0,0
60,459,111001011,6,0.9693597592,0.1673336257,0,0
60,170,010101010,4,0.9583841376,0.1237906108,0,0
60,170,010101010,4,0.9583841376,0.1237906108,0,0
60,170,010101010,4,0.9583841376,0.1237906108,0,0
60,394,110001010,4,0.9682926834,0.1485241046,0,0
60,266,100001010,3,0.9663109817,0.1359270001,0,0
60,138,010001010,3,0.9580792598,0.1175190397,0,0
60,266,100001010,3,0.9663109817,0.1359270001,0,0
60,266,100001010,3,0.9663109817,0.1359270001,0,0
60,328,101001000,3,0.9661585353,0.1314932012,0,0
60,394,110001010,4,0.9682926834,0.1485241046,0,0
60,170,010101010,4,0.9583841376,0.1237906108,0,0
60,266,100001010,3,0.9663109817,0.1359270001,0,0
60,170,010101010,4,0.9583841376,0.1237906108,0,0
60,266,100001010,3,0.9663109817,0.1359270001,0,0
60,328,101001000,3,0.9661585353,0.1314932012,0,0
60,266,100001010,3,0.9663109817,0.1359270001,0,0
60,266,100001010,3,0.9663109817,0.1359270001,0,0
60,299,100101011,5,0.9684451278,0.1646855306,0,0
60,170,010101010,4,0.9583841376,0.1237906108,0,0
60,256,100000000,1,0.8653963432,0.05144251033,0,0
60,394,110001010,4,0.9682926834,0.1485241046,0,0
60,266,100001010,3,0.9663109817,0.1359270001,0,0
60,328,101001000,3,0.9661585353,0.1314932012,0,0
60,328,101001000,3,0.9661585353,0.1314932012,0,0
60,170,010101010,4,0.9583841376,0.1237906108,0,0
60,328,101001000,3,0.9661585353,0.1314932012,0,0
60,299,100101011,5,0.9684451278,0.1646855306,0,0
60,136,010001000,2,0.9556402415,0.08872172865,0,0
60,138,010001010,3,0.9580792598,0.1175190397,0,0
60,128,010000000,1,0.9323170781,0.08404751134,0,0
60,328,101001000,3,0.9661585353,0.1314932012,0,0
60,170,010101010,4,0.9583841376,0.1237906108,0,0
60,299,100101011,5,0.9684451278,0.1646855306,0,0
60,136,010001000,2,0.9556402415,0.08872172865,0,0
60,170,010101010,4,0.9583841376,0.1237906108,0,0
60,136,010001000,2,0.9556402415,0.08872172865,0,0
60,286,100011110,5,0.9696646333,0.1719646058,0,0
60,463,111001111,7,0.9701219536,0.2215583678,0,0
60,136,010001000,2,0.9556402415,0.08872172865,0,0
60,266,100001010,3,0.9663109817,0.1359270001,0,0
60,328,101001000,3,0.9661585353,0.1314932012,0,0
60,128,010000000,1,0.9323170781,0.08404751134,0,0
60,138,010001010,3,0.9580792598,0.1175190397,0,0
60,128,010000000,1,0.9323170781,0.08404751134,0,0
60,128,010000000,1,0.9323170781,0.08404751134,0,0
60,128,010000000,1,0.9323170781,0.08404751134,0,0
60,463,111001111,7,0.9701219536,0.2215583678,0,0
60,463,111001111,7,0.9701219536,0.2215583678,0,0
60,136,010001000,2,0.9556402415,0.08872172865,0,0
60,256,100000000,1,0.8653963432,0.05144251033,0,0
60,286,100011110,5,0.9696646333,0.1719646058,0,0
60,136,010001000,2,0.9556402415,0.08872172865,0,0
60,256,100000000,1,0.8653963432,0.05144251033,0,0
60,463,111001111,7,0.9701219536,0.2215583678,0,0
60,128,010000000,1,0.9323170781,0.08404751134,0,0
60,286,100011110,5,0.9696646333,0.1719646058,0,0
60,128,010000000,1,0.9323170781,0.08404751134,0,0
60,138,010001010,3,0.9580792598,0.1175190397,0,0
60,463,111001111,7,0.9701219536,0.2215583678,0,0
60,136,010001000,2,0.9556402415,0.08872172865,0,0
60,128,010000000,1,0.9323170781,0.08404751134,0,0
60,4,000000100,1,0.9094512276,0.06868225115,0,0
60,286,100011110,5,0.9696646333,0.1719646058,0,0
60,128,010000000,1,0.9323170781,0.08404751134,0,0
60,4,000000100,1,0.9094512276,0.06868225115,0,0
60,128,010000000,1,0.9323170781,0.08404751134,0,0
60,463,111001111,7,0.9701219536,0.2215583678,0,0
60,128,010000000,1,0.9323170781,0.08404751134,0,0
60,286,100011110,5,0.9696646333,0.1719646058,0,0
60,128,010000000,1,0.9323170781,0.08404751134,0,0
60,128,010000000,1,0.9323170781,0.08404751134,0,0
60,4,000000100,1,0.9094512276,0.06868225115,0,0
60,128,010000000,1,0.9323170781,0.08404751134,0,0
60,286,100011110,5,0.9696646333,0.1719646058,0,0
60,128,010000000,1,0.9323170781,0.08404751134,0,0
60,4,000000100,1,0.9094512276,0.06868225115,0,0
60,128,010000000,1,0.9323170781,0.08404751134,0,0
60,128,010000000,1,0.9323170781,0.08404751134,0,0
60,256,100000000,1,0.8653963432,0.05144251033,0,0
60,256,100000000,1,0.8653963432,0.05144251033,0,0
60,128,010000000,1,0.9323170781,0.08404751134,0,0
60,4,000000100,1,0.9094512276,0.06868225115,0,0
60,256,100000000,1,0.8653963432,0.05144251033,0,0
60,4,000000100,1,0.9094512276,0.06868225115,0,0
60,256,100000000,1,0.8653963432,0.05144251033,0,0
60,4,000000100,1,0.9094512276,0.06868225115,0,0
60,4,000000100,1,0.9094512276,0.06868225115,0,0
60,286,100011110,5,0.9696646333,0.1719646058,0,0
60,4,000000100,1,0.9094512276,0.06868225115,0,0
60,256,100000000,1,0.8653963432,0.05144251033,0,0
60,4,000000100,1,0.9094512276,0.06868225115,0,0
60,256,100000000,1,0.8653963432,0.05144251033,0,0
60,463,111001111,7,0.9701219536,0.2215583678,0,0
60,463,111001111,7,0.9701219536,0.2215583678,0,0
60,256,100000000,1,0.8653963432,0.05144251033,0,0
60,463,111001111,7,0.9701219536,0.2215583678,0,0
60,256,100000000,1,0.8653963432,0.05144251033,0,0
61,463,111001111,7,0.9701219536,0.2215583678,0,inf
61,256,100000000,1,0.8653963432,0.05144251033,0,inf
61,256,100000000,1,0.8653963432,0.05144251033,0,0.5220108109
61,4,000000100,1,0.9094512276,0.06868225115,0,0.5220108109
61,128,010000000,1,0.9323170781,0.08404751134,0,0.308662907
61,4,000000100,1,0.9094512276,0.06868225115,0,0.308662907
61,463,111001111,7,0.9701219536,0.2215583678,0,0.295896174
61,286,100011110,5,0.9696646333,0.1719646058,0,0.295896174
61,136,010001000,2,0.9556402415,0.08872172865,0,0.2501840222
61,128,010000000,1,0.9323170781,0.08404751134,0,0.2501840222
61,136,010001000,2,0.9556402415,0.08872172865,0,0.1925701872
61,138,010001010,3,0.9580792598,0.1175190397,0,0.1925701872
61,170,010101010,4,0.9583841376,0.1237906108,0,0.1195143764
61,328,101001000,3,0.9661585353,0.1314932012,0,0.1195143764
61,299,100101011,5,0.9684451278,0.1646855306,0,0.09645812205
61,394,110001010,4,0.9682926834,0.1485241046,0,0.09645812205
61,266,100001010,3,0.9663109817,0.1359270001,0,0.09297294788
61,394,110001010,4,0.9682926834,0.1485241046,0,0.09297294788
61,138,010001010,3,0.9580792598,0.1175190397,0,0.03977767534
61,170,010101010,4,0.9583841376,0.1237906108,0,0.03977767534
61,286,100011110,5,0.9696646333,0.1719646058,0,0.03013367655
61,459,111001011,6,0.9693597592,0.1673336257,0,0.03013367655
61,328,101001000,3,0.9661585353,0.1314932012,0,0.02751908085
61,266,100001010,3,0.9663109817,0.1359270001,0,0.02751908085
61,459,111001011,6,0.9693597592,0.1673336257,0,0.02430001974
61,299,100101011,5,0.9684451278,0.1646855306,0,0.02430001974
61,299,100101011,5,0.9684451278,0.1646855306,0,0
61,256,100000000,1,0.8653963432,0.05144251033,0,0
61,328,101001000,3,0.9661585353,0.1314932012,0,0
61,299,100101011,5,0.9684451278,0.1646855306,0,0
61,299,100101011,5,0.9684451278,0.1646855306,0,0
61,459,111001011,6,0.9693597592,0.1673336257,0,0
61,138,010001010,3,0.9580792598,0.1175190397,0,0
61,266,100001010,3,0.9663109817,0.1359270001,0,0
61,328,101001000,3,0.9661585353,0.1314932012,0,0
61,266,100001010,3,0.9663109817,0.1359270001,0,0
61,459,111001011,6,0.9693597592,0.1673336257,0,0
61,266,100001010,3,0.9663109817,0.1359270001,0,0
61,256,100000000,1,0.8653963432,0.05144251033,0,0
61,459,111001011,6,0.9693597592,0.1673336257,0,0
61,459,111001011,6,0.9693597592,0.1673336257,0,0
61,266,100001010,3,0.9663109817,0.1359270001,0,0
61,328,101001000,3,0.9661585353,0.1314932012,0,0
61,328,101001000,3,0.9661585353,0.1314932012,0,0
61,286,100011110,5,0.9696646333,0.1719646058,0,0
61,266,100001010,3,0.9663109817,0.1359270001,0,0
61,266,100001010,3,0.9663109817,0.1359270001,0,0
61,266,100001010,3,0.9663109817,0.1359270001,0,0
61,328,101001000,3,0.9661585353,0.1314932012,0,0
61,286,100011110,5,0.9696646333,0.1719646058,0,0
61,266,100001010,3,0.9663109817,0.1359270001,0,0
61,328,101001000,3,0.9661585353,0.1314932012,0,0
61,459,111001011,6,0.9693597592,0.1673336257,0,0
61,266,100001010,3,0.9663109817,0.1359270001,0,0
61,266,100001010,3,0.9663109817,0.1359270001,0,0
61,286,100011110,5,0.9696646333,0.1719646058,0,0
61,394,110001010,4,0.9682926834,0.1485241046,0,0
61,459,111001011,6,0.9693597592,0.1673336257,0,0
61,459,111001011,6,0.9693597592,0.1673336257,0,0
61,170,010101010,4,0.9583841376,0.1237906108,0,0
61,459,111001011,6,0.9693597592,0.1673336257,0,0
61,459,111001011,6,0.9693597592,0.1673336257,0,0
61,459,111001011,6,0.9693597592,0.1673336257,0,0
61,138,010001010,3,0.9580792598,0.1175190397,0,0
61,459,111001011,6,0.9693597592,0.1673336257,0,0
61,170,010101010,4,0.9583841376,0.1237906108,0,0
61,170,010101010,4,0.9583841376,0.1237906108,0,0
61,170,010101010,4,0.9583841376,0.1237906108,0,0
61,394,110001010,4,0.9682926834,0.1485241046,0,0
61,266,100001010,3,0.9663109817,0.1359270001,0,0
61,286,100011110,5,0.9696646333,0.1719646058,0,0
61,266,100001010,3,0.9663109817,0.1359270001,0,0
61,170,010101010,4,0.9583841376,0.1237906108,0,0
61,328,101001000,3,0.9661585353,0.1314932012,0,0
61,394,110001010,4,0.9682926834,0.1485241046,0,0
61,170,010101010,4,0.9583841376,0.1237906108,0,0
61,266,100001010,3,0.9663109817,0.1359270001,0,0
61,170,010101010,4,0.9583841376,0.1237906108,0,0
61,266,100001010,3,0.9663109817,0.1359270001,0,0
61,328,101001000,3,0.9661585353,0.1314932012,0,0
61,266,100001010,3,0.9663109817,0.1359270001,0,0
61,266,100001010,3,0.9663109817,0.1359270001,0,0
61,138,010001010,3,0.9580792598,0.1175190397,0,0
61,394,110001010,4,0.9682926834,0.1485241046,0,0
61,256,100000000,1,0.8653963432,0.05144251033,0,0
61,394,110001010,4,0.9682926834,0.1485241046,0,0
61,266,100001010,3,0.9663109817,0.1359270001,0,0
61,328,101001000,3,0.9661585353,0.1314932012,0,0
61,328,101001000,3,0.9661585353,0.1314932012,0,0
61,170,010101010,4,0.9583841376,0.1237906108,0,0
61,328,101001000,3,0.9661585353,0.1314932012,0,0
61,299,100101011,5,0.9684451278,0.1646855306,0,0
61,136,010001000,2,0.9556402415,0.08872172865,0,0
61,136,010001000,2,0.9556402415,0.08872172865,0,0
61,128,010000000,1,0.9323170781,0.08404751134,0,0
61,138,010001010,3,0.9580792598,0.1175190397,0,0
61,170,010101010,4,0.9583841376,0.1237906108,0,0
61,459,111001011,6,0.9693597592,0.1673336257,0,0
61,136,010001000,2,0.9556402415,0.08872172865,0,0
61,170,010101010,4,0.9583841376,0.1237906108,0,0
61,136,010001000,2,0.9556402415,0.08872172865,0,0
61,136,010001000,2,0.9556402415,0.08872172865,0,0
61,463,111001111,7,0.9701219536,0.2215583678,0,0
61,136,010001000,2,0.9556402415,0.08872172865,0,0
61,266,100001010,3,0.9663109817,0.1359270001,0,0
61,328,101001000,3,0.9661585353,0.1314932012,0,0
61,128,010000000,1,0.9323170781,0.08404751134,0,0
61,138,010001010,3,0.9580792598,0.1175190397,0,0
61,463,111001111,7,0.9701219536,0.2215583678,0,0
61,128,010000000,1,0.9323170781,0.08404751134,0,0
61,128,010000000,1,0.9323170781,0.08404751134,0,0
61,463,111001111,7,0.9701219536,0.2215583678,0,0
61,463,111001111,7,0.9701219536,0.2215583678,0,0
61,136,010001000,2,0.9556402415,0.08872172865,0,0
61,256,100000000,1,0.8653963432,0.05144251033,0,0
61,286,100011110,5,0.9696646333,0.1719646058,0,0
61,136,010001000,2,0.9556402415,0.08872172865,0,0
61,256,100000000,1,0.8653963432,0.05144251033,0,0
61,4,000000100,1,0.9094512276,0.06868225115,0,0
61,128,010000000,1,0.9323170781,0.08404751134,0,0
61,286,100011110,5,0.9696646333,0.1719646058,0,0
61,128,010000000,1,0.9323170781,0.08404751134,0,0
61,138,010001010,3,0.9580792598,0.1175190397,0,0
61,463,111001111,7,0.9701219536,0.2215583678,0,0
61,128,010000000,1,0.9323170781,0.08404751134,0,0
61,128,010000000,1,0.9323170781,0.08404751134,0,0
61,4,000000100,1,0.9094512276,0.06868225115,0,0
61,286,100011110,5,0.9696646333,0.1719646058,0,0
61,128,010000000,1,0.9323170781,0.08404751134,0,0
61,4,000000100,1,0.9094512276,0.06868225115,0,0
61,128,010000000,1,0.9323170781,0.08404751134,0,0
61,4,000000100,1,0.9094512276,0.06868225115,0,0
61,128,010000000,1,0.9323170781,0.08404751134,0,0
61,286,100011110,5,0.9696646333,0.1719646058,0,0
61,128,010000000,1,0.9323170781,0.08404751134,0,0
61,128,010000000,1,0.9323170781,0.08404751134,0,0
61,4,000000100,1,0.9094512276,0.06868225115,0,0
61,128,010000000,1,0.9323170781,0.08404751134,0,0
61,286,100011110,5,0.9696646333,0.1719646058,0,0
61,128,010000000,1,0.9323170781,0.08404751134,0,0
61,4,000000100,1,0.9094512276,0.06868225115,0,0
61,128,010000000,1,0.9323170781,0.08404751134,0,0
61,128,010000000,1,0.9323170781,0.08404751134,0,0
61,256,100000000,1,0.8653963432,0.05144251033,0,0
61,256,100000000,1,0.8653963432,0.05144251033,0,0
61,128,010000000,1,0.9323170781,0.08404751134,0,0
61,4,000000100,1,0.9094512276,0.06868225115,0,0
61,256,100000000,1,0.8653963432,0.05144251033,0,0
61,4,000000100,1,0.9094512276,0.06868225115,0,0
61,256,100000000,1,0.8653963432,0.05144251033,0,0
61,463,111001111,7,0.9701219536,0.2215583678,0,0
61,4,000000100,1,0.9094512276,0.06868225115,0,0
61,286,100011110,5,0.9696646333,0.1719646058,0,0
61,4,000000100,1,0.9094512276,0.06868225115,0,0
61,256,100000000,1,0.8653963432,0.05144251033,0,0
61,4,000000100,1,0.9094512276,0.06868225115,0,0
61,256,100000000,1,0.8653963432,0.05144251033,0,0
61,463,111001111,7,0.9701219536,0.2215583678,0,0
61,463,111001111,7,0.9701219536,0.2215583678,0,0
61,256,100000000,1,0.8653963432,0.05144251033,0,0
61,463,111001111,7,0.9701219536,0.2215583678,0,0
61,256,100000000,1,0.8653963432,0.05144251033,0,0
62,256,100000000,1,0.8653963432,0.05144251033,0,inf
62,463,111001111,7,0.9701219536,0.2215583678,0,inf
62,4,000000100,1,0.9094512276,0.06868225115,0,0.5220108109
62,256,100000000,1,0.8653963432,0.05144251033,0,0.5220108109
62,4,000000100,1,0.9094512276,0.06868225115,0,0.308662907
62,128,010000000,1,0.9323170781,0.08404751134,0,0.308662907
62,286,100011110,5,0.9696646333,0.1719646058,0,0.295896174
62,463,111001111,7,0.9701219536,0.2215583678,0,0.295896174
62,128,010000000,1,0.9323170781,0.08404751134,0,0.2501840222
62,136,010001000,2,0.9556402415,0.08872172865,0,0.2501840222
62,138,010001010,3,0.9580792598,0.1175190397,0,0.1925701872
62,136,010001000,2,0.9556402415,0.08872172865,0,0.1925701872
62,170,010101010,4,0.9583841376,0.1237906108,0,0.1195143764
62,328,101001000,3,0.9661585353,0.1314932012,0,0.1195143764
62,299,100101011,5,0.9684451278,0.1646855306,0,0.09645812205
62,394,110001010,4,0.9682926834,0.1485241046,0,0.09645812205
62,266,100001010,3,0.9663109817,0.1359270001,0,0.09297294788
62,394,110001010,4,0.9682926834,0.1485241046,0,0.09297294788
62,138,010001010,3,0.9580792598,0.1175190397,0,0.03977767534
62,170,010101010,4,0.9583841376,0.1237906108,0,0.03977767534
62,286,100011110,5,0.9696646333,0.1719646058,0,0.03013367655
62,459,111001011,6,0.9693597592,0.1673336257,0,0.03013367655
62,328,101001000,3,0.9661585353,0.1314932012,0,0.02751908085
62,266,100001010,3,0.9663109817,0.1359270001,0,0.02751908085
62,459,111001011,6,0.9693597592,0.1673336257,0,0.02430001974
62,299,100101011,5,0.9684451278,0.1646855306,0,0.02430001974
62,266,100001010,3,0.9663109817,0.1359270001,0,0
62,459,111001011,6,0.9693597592,0.1673336257,0,0
62,299,100101011,5,0.9684451278,0.1646855306,0,0
62,299,100101011,5,0.9684451278,0.1646855306,0,0
62,299,100101011,5,0.9684451278,0.1646855306,0,0
62,459,111001011,6,0.9693597592,0.1673336257,0,0
62,266,100001010,3,0.9663109817,0.1359270001,0,0
62,266,100001010,3,0.9663109817,0.1359270001,0,0
62,328,101001000,3,0.9661585353,0.1314932012,0,0
62,266,100001010,3,0.9663109817,0.1359270001,0,0
62,459,111001011,6,0.9693597592,0.1673336257,0,0
62,266,100001010,3,0.9663109817,0.1359270001,0,0
62,256,100000000,1,0.8653963432,0.05144251033,0,0
62,459,111001011,6,0.9693597592,0.1673336257,0,0
62,459,111001011,6,0.9693597592,0.1673336257,0,0
62,328,101001000,3,0.9661585353,0.1314932012,0,0
62,459,111001011,6,0.9693597592,0.1673336257,0,0
62,328,101001000,3,0.9661585353,0.1314932012,0,0
62,286,100011110,5,0.9696646333,0.1719646058,0,0
62,266,100001010,3,0.9663109817,0.1359270001,0,0
62,266,100001010,3,0.9663109817,0.1359270001,0,0
62,266,100001010,3,0.9663109817,0.1359270001,0,0
62,328,101001000,3,0.9661585353,0.1314932012,0,0
62,286,100011110,5,0.9696646333,0.1719646058,0,0
62,266,100001010,3,0.9663109817,0.1359270001,0,0
62,328,101001000,3,0.9661585353,0.1314932012,0,0
62,459,111001011,6,0.9693597592,0.1673336257,0,0
62,266,100001010,3,0.9663109817,0.1359270001,0,0
62,266,100001010,3,0.9663109817,0.1359270001,0,0
62,286,100011110,5,0.9696646333,0.1719646058,0,0
62,394,110001010,4,0.9682926834,0.1485241046,0,0
62,286,100011110,5,0.9696646333,0.1719646058,0,0
62,459,111001011,6,0.9693597592,0.1673336257,0,0
62,170,010101010,4,0.9583841376,0.1237906108,0,0
62,459,111001011,6,0.9693597592,0.1673336257,0,0
62,459,111001011,6,0.9693597592,0.1673336257,0,0
62,459,111001011,6,0.9693597592,0.1673336257,0,0
62,138,010001010,3,0.9580792598,0.1175190397,0,0
62,459,111001011,6,0.9693597592,0.1673336257,0,0
62,170,010101010,4,0.9583841376,0.1237906108,0,0
62,170,010101010,4,0.9583841376,0.1237906108,0,0
62,170,010101010,4,0.9583841376,0.1237906108,0,0
62,394,110001010,4,0.9682926834,0.1485241046,0,0
62,138,010001010,3,0.9580792598,0.1175190397,0,0
62,286,100011110,5,0.9696646333,0.1719646058,0,0
62,266,100001010,3,0.9663109817,0.1359270001,0,0
62,170,010101010,4,0.9583841376,0.1237906108,0,0
62,328,101001000,3,0.9661585353,0.1314932012,0,0
62,266,100001010,3,0.9663109817,0.1359270001,0,0
62,170,010101010,4,0.9583841376,0.1237906108,0,0
62,266,100001010,3,0.9663109817,0.1359270001,0,0
62,394,110001010,4,0.9682926834,0.1485241046,0,0
62,266,100001010,3,0.9663109817,0.1359270001,0,0
62,328,101001000,3,0.9661585353,0.1314932012,0,0
62,266,100001010,3,0.9663109817,0.1359270001,0,0
62,328,101001000,3,0.9661585353,0.1314932012,0,0
62,256,100000000,1,0.8653963432,0.05144251033,0,0
62,394,110001010,4,0.9682926834,0.1485241046,0,0
62,170,010101010,4,0.9583841376,0.1237906108,0,0
62,394,110001010,4,0.9682926834,0.1485241046,0,0
62,266,100001010,3,0.9663109817,0.1359270001,0,0
62,328,101001000,3,0.9661585353,0.1314932012,0,0
62,328,101001000,3,0.9661585353,0.1314932012,0,0
62,170,010101010,4,0.9583841376,0.1237906108,0,0
62,328,101001000,3,0.9661585353,0.1314932012,0,0
62,299,100101011,5,0.9684451278,0.1646855306,0,0
62,136,010001000,2,0.9556402415,0.08872172865,0,0
62,136,010001000,2,0.9556402415,0.08872172865,0,0
62,128,010000000,1,0.9323170781,0.08404751134,0,0
62,256,100000000,1,0.8653963432,0.05144251033,0,0
62,170,010101010,4,0.9583841376,0.1237906108,0,0
62,459,111001011,6,0.9693597592,0.1673336257,0,0
62,136,010001000,2,0.9556402415,0.08872172865,0,0
62,170,010101010,4,0.9583841376,0.1237906108,0,0
62,136,010001000,2,0.9556402415,0.08872172865,0,0
62,136,010001000,2,0.9556402415,0.08872172865,0,0
62,463,111001111,7,0.9701219536,0.2215583678,0,0
62,136,010001000,2,0.9556402415,0.08872172865,0,0
62,266,100001010,3,0.9663109817,0.1359270001,0,0
62,328,101001000,3,0.9661585353,0.1314932012,0,0
62,128,010000000,1,0.9323170781,0.08404751134,0,0
62,138,010001010,3,0.9580792598,0.1175190397,0,0
62,463,111001111,7,0.9701219536,0.2215583678,0,0
62,128,010000000,1,0.9323170781,0.08404751134,0,0
62,128,010000000,1,0.9323170781,0.08404751134,0,0
62,138,010001010,3,0.9580792598,0.1175190397,0,0
62,463,111001111,7,0.9701219536,0.2215583678,0,0
62,128,010000000,1,0.9323170781,0.08404751134,0,0
62,136,010001000,2,0.9556402415,0.08872172865,0,0
62,286,100011110,5,0.9696646333,0.1719646058,0,0
62,136,010001000,2,0.9556402415,0.08872172865,0,0
62,256,100000000,1,0.8653963432,0.05144251033,0,0
62,4,000000100,1,0.9094512276,0.06868225115,0,0
62,128,010000000,1,0.9323170781,0.08404751134,0,0
62,286,100011110,5,0.9696646333,0.1719646058,0,0
62,128,010000000,1,0.9323170781,0.08404751134,0,0
62,138,010001010,3,0.9580792598,0.1175190397,0,0
62,463,111001111,7,0.9701219536,0.2215583678,0,0
62,128,010000000,1,0.9323170781,0.08404751134,0,0
62,128,010000000,1,0.9323170781,0.08404751134,0,0
62,4,000000100,1,0.9094512276,0.06868225115,0,0
62,286,100011110,5,0.9696646333,0.1719646058,0,0
62,128,010000000,1,0.9323170781,0.08404751134,0,0
62,4,000000100,1,0.9094512276,0.06868225115,0,0
62,128,010000000,1,0.9323170781,0.08404751134,0,0
62,4,000000100,1,0.9094512276,0.06868225115,0,0
62,128,010000000,1,0.9323170781,0.08404751134,0,0
62,286,100011110,5,0.9696646333,0.1719646058,0,0
62,463,111001111,7,0.9701219536,0.2215583678,0,0
62,128,010000000,1,0.9323170781,0.08404751134,0,0
62,4,000000100,1,0.9094512276,0.06868225115,0,0
62,128,010000000,1,0.9323170781,0.08404751134,0,0
62,286,100011110,5,0.9696646333,0.1719646058,0,0
62,128,010000000,1,0.9323170781,0.08404751134,0,0
62,4,000000100,1,0.9094512276,0.06868225115,0,0
62,128,010000000,1,0.9323170781,0.08404751134,0,0
62,128,010000000,1,0.9323170781,0.08404751134,0,0
62,256,100000000,1,0.8653963432,0.05144251033,0,0
62,256,100000000,1,0.8653963432,0.05144251033,0,0
62,128,010000000,1,0.9323170781,0.08404751134,0,0
62,4,000000100,1,0.9094512276,0.06868225115,0,0
62,256,100000000,1,0.8653963432,0.05144251033,0,0
62,4,000000100,1,0.9094512276,0.06868225115,0,0
62,256,100000000,1,0.8653963432,0.05144251033,0,0
62,463,111001111,7,0.9701219536,0.2215583678,0,0
62,4,000000100,1,0.9094512276,0.06868225115,0,0
62,256,100000000,1,0.8653963432,0.05144251033,0,0
62,4,000000100,1,0.9094512276,0.06868225115,0,0
62,256,100000000,1,0.8653963432,0.05144251033,0,0
62,4,000000100,1,0.9094512276,0.06868225115,0,0
62,256,100000000,1,0.8653963432,0.05144251033,0,0
62,463,111001111,7,0.9701219536,0.2215583678,0,0
62,463,111001111,7,0.9701219536,0.2215583678,0,0
62,256,100000000,1,0.8653963432,0.05144251033,0,0
62,463,111001111,7,0.9701219536,0.2215583678,0,0
62,256,100000000,1,0.8653963432,0.05144251033,0,0
63,256,100000000,1,0.8653963432,0.05144251033,0,inf
63,463,111001111,7,0.9701219536,0.2215583678,0,inf
63,256,100000000,1,0.8653963432,0.05144251033,0,0.5220108109
63,4,000000100,1,0.9094512276,0.06868225115,0,0.5220108109
63,4,000000100,1,0.9094512276,0.06868225115,0,0.308662907
63,128,010000000,1,0.9323170781,0.08404751134,0,0.308662907
63,463,111001111,7,0.9701219536,0.2215583678,0,0.295896174
63,286,100011110,5,0.9696646333,0.1719646058,0,0.295896174
63,128,010000000,1,0.9323170781,0.08404751134,0,0.2501840222
63,136,010001000,2,0.9556402415,0.08872172865,0,0.2501840222
63,138,010001010,3,0.9580792598,0.1175190397,0,0.1925701872
63,136,010001000,2,0.9556402415,0.08872172865,0,0.1925701872
63,328,101001000,3,0.9661585353,0.1314932012,0,0.1195143764
63,170,010101010,4,0.9583841376,0.1237906108,0,0.1195143764
63,299,100101011,5,0.9684451278,0.1646855306,0,0.09645812205
63,394,110001010,4,0.9682926834,0.1485241046,0,0.09645812205
63,394,110001010,4,0.9682926834,0.1485241046,0,0.09297294788
63,266,100001010,3,0.9663109817,0.1359270001,0,0.09297294788
63,170,010101010,4,0.9583841376,0.1237906108,0,0.03977767534
63,138,010001010,3,0.9580792598,0.1175190397,0,0.03977767534
63,286,100011110,5,0.9696646333,0.1719646058,0,0.03013367655
63,459,111001011,6,0.9693597592,0.1673336257,0,0.03013367655
63,328,101001000,3,0.9661585353,0.1314932012,0,0.02751908085
63,266,100001010,3,0.9663109817,0.1359270001,0,0.02751908085
63,459,111001011,6,0.9693597592,0.1673336257,0,0.02430001974
63,299,100101011,5,0.9684451278,0.1646855306,0,0.02430001974
63,256,100000000,1,0.8653963432,0.05144251033,0,0
63,394,110001010,4,0.9682926834,0.1485241046,0,0
63,266,100001010,3,0.9663109817,0.1359270001,0,0
63,299,100101011,5,0.9684451278,0.1646855306,0,0
63,299,100101011,5,0.9684451278,0.1646855306,0,0
63,459,111001011,6,0.9693597592,0.1673336257,0,0
63,266,100001010,3,0.9663109817,0.1359270001,0,0
63,266,100001010,3,0.9663109817,0.1359270001,0,0
63,328,101001000,3,0.9661585353,0.1314932012,0,0
63,266,100001010,3,0.9663109817,0.1359270001,0,0
63,459,111001011,6,0.9693597592,0.1673336257,0,0
63,266,100001010,3,0.9663109817,0.1359270001,0,0
63,256,100000000,1,0.8653963432,0.05144251033,0,0
63,459,111001011,6,0.9693597592,0.1673336257,0,0
63,459,111001011,6,0.9693597592,0.1673336257,0,0
63,328,101001000,3,0.9661585353,0.1314932012,0,0
63,328,101001000,3,0.9661585353,0.1314932012,0,0
63,328,101001000,3,0.9661585353,0.1314932012,0,0
63,459,111001011,6,0.9693597592,0.1673336257,0,0
63,266,100001010,3,0.9663109817,0.1359270001,0,0
63,266,100001010,3,0.9663109817,0.1359270001,0,0
63,266,100001010,3,0.9663109817,0.1359270001,0,0
63,328,101001000,3,0.9661585353,0.1314932012,0,0
63,286,100011110,5,0.9696646333,0.1719646058,0,0
63,286,100011110,5,0.9696646333,0.1719646058,0,0
63,328,101001000,3,0.9661585353,0.1314932012,0,0
63,459,111001011,6,0.9693597592,0.1673336257,0,0
63,266,100001010,3,0.9663109817,0.1359270001,0,0
63,266,100001010,3,0.9663109817,0.1359270001,0,0
63,286,100011110,5,0.9696646333,0.1719646058,0,0
63,394,110001010,4,0.9682926834,0.1485241046,0,0
63,286,100011110,5,0.9696646333,0.1719646058,0,0
63,459,111001011,6,0.9693597592,0.1673336257,0,0
63,170,010101010,4,0.9583841376,0.1237906108,0,0
63,459,111001011,6,0.9693597592,0.1673336257,0,0
63,459,111001011,6,0.9693597592,0.1673336257,0,0
63,459,111001011,6,0.9693597592,0.1673336257,0,0
63,138,010001010,3,0.9580792598,0.1175190397,0,0
63,459,111001011,6,0.9693597592,0.1673336257,0,0
63,170,010101010,4,0.9583841376,0.1237906108,0,0
63,170,010101010,4,0.9583841376,0.1237906108,0,0
63,170,010101010,4,0.9583841376,0.1237906108,0,0
63,170,010101010,4,0.9583841376,0.1237906108,0,0
63,138,010001010,3,0.9580792598,0.1175190397,0,0
63,286,100011110,5,0.9696646333,0.1719646058,0,0
63,266,100001010,3,0.9663109817,0.1359270001,0,0
63,394,110001010,4,0.9682926834,0.1485241046,0,0
63,328,101001000,3,0.9661585353,0.1314932012,0,0
63,266,100001010,3,0.9663109817,0.1359270001,0,0
63,170,010101010,4,0.9583841376,0.1237906108,0,0
63,266,100001010,3,0.9663109817,0.1359270001,0,0
63,394,110001010,4,0.9682926834,0.1485241046,0,0
63,266,100001010,3,0.9663109817,0.1359270001,0,0
63,328,101001000,3,0.9661585353,0.1314932012,0,0
63,266,100001010,3,0.9663109817,0.1359270001,0,0
63,266,100001010,3,0.9663109817,0.1359270001,0,0
63,256,100000000,1,0.8653963432,0.05144251033,0,0
63,394,110001010,4,0.9682926834,0.1485241046,0,0
63,170,010101010,4,0.9583841376,0.1237906108,0,0
63,394,110001010,4,0.9682926834,0.1485241046,0,0
63,266,100001010,3,0.9663109817,0.1359270001,0,0
63,328,101001000,3,0.9661585353,0.1314932012,0,0
63,328,101001000,3,0.9661585353,0.1314932012,0,0
63,170,010101010,4,0.9583841376,0.1237906108,0,0
63,328,101001000,3,0.9661585353,0.1314932012,0,0
63,299,100101011,5,0.9684451278,0.1646855306,0,0
63,136,010001000,2,0.9556402415,0.08872172865,0,0
63,136,010001000,2,0.9556402415,0.08872172865,0,0
63,128,010000000,1,0.9323170781,0.08404751134,0,0
63,299,100101011,5,0.9684451278,0.1646855306,0,0
63,170,010101010,4,0.9583841376,0.1237906108,0,0
63,459,111001011,6,0.9693597592,0.1673336257,0,0
63,459,111001011,6,0.9693597592,0.1673336257,0,0
63,170,010101010,4,0.9583841376,0.1237906108,0,0
63,136,010001000,2,0.9556402415,0.08872172865,0,0
63,136,010001000,2,0.9556402415,0.08872172865,0,0
63,463,111001111,7,0.9701219536,0.2215583678,0,0
63,328,101001000,3,0.9661585353,0.1314932012,0,0
63,266,100001010,3,0.9663109817,0.1359270001,0,0
63,136,010001000,2,0.9556402415,0.08872172865,0,0
63,128,010000000,1,0.9323170781,0.08404751134,0,0
63,138,010001010,3,0.9580792598,0.1175190397,0,0
63,463,111001111,7,0.9701219536,0.2215583678,0,0
63,128,010000000,1,0.9323170781,0.08404751134,0,0
63,128,010000000,1,0.9323170781,0.08404751134,0,0
63,138,010001010,3,0.9580792598,0.1175190397,0,0
63,463,111001111,7,0.9701219536,0.2215583678,0,0
63,128,010000000,1,0.9323170781,0.08404751134,0,0
63,136,010001000,2,0.9556402415,0.08872172865,0,0
63,138,010001010,3,0.9580792598,0.1175190397,0,0
63,136,010001000,2,0.9556402415,0.08872172865,0,0
63,256,100000000,1,0.8653963432,0.05144251033,0,0
63,4,000000100,1,0.9094512276,0.06868225115,0,0
63,128,010000000,1,0.9323170781,0.08404751134,0,0
63,286,100011110,5,0.9696646333,0.1719646058,0,0
63,128,010000000,1,0.9323170781,0.08404751134,0,0
63,138,010001010,3,0.9580792598,0.1175190397,0,0
63,463,111001111,7,0.9701219536,0.2215583678,0,0
63,128,010000000,1,0.9323170781,0.08404751134,0,0
63,128,010000000,1,0.9323170781,0.08404751134,0,0
63,4,000000100,1,0.9094512276,0.06868225115,0,0
63,286,100011110,5,0.9696646333,0.1719646058,0,0
63,128,010000000,1,0.9323170781,0.08404751134,0,0
63,4,000000100,1,0.9094512276,0.06868225115,0,0
63,128,010000000,1,0.9323170781,0.08404751134,0,0
63,128,010000000,1,0.9323170781,0.08404751134,0,0
63,128,010000000,1,0.9323170781,0.08404751134,0,0
63,286,100011110,5,0.9696646333,0.1719646058,0,0
63,463,111001111,7,0.9701219536,0.2215583678,0,0
63,128,010000000,1,0.9323170781,0.08404751134,0,0
63,4,000000100,1,0.9094512276,0.06868225115,0,0
63,128,010000000,1,0.9323170781,0.08404751134,0,0
63,286,100011110,5,0.9696646333,0.1719646058,0,0
63,128,010000000,1,0.9323170781,0.08404751134,0,0
63,4,000000100,1,0.9094512276,0.06868225115,0,0
63,463,111001111,7,0.9701219536,0.2215583678,0,0
63,286,100011110,5,0.9696646333,0.1719646058,0,0
63,256,100000000,1,0.8653963432,0.05144251033,0,0
63,256,100000000,1,0.8653963432,0.05144251033,0,0
63,128,010000000,1,0.9323170781,0.08404751134,0,0
63,4,000000100,1,0.9094512276,0.06868225115,0,0
63,256,100000000,1,0.8653963432,0.05144251033,0,0
63,4,000000100,1,0.9094512276,0.06868225115,0,0
63,256,100000000,1,0.8653963432,0.05144251033,0,0
63,463,111001111,7,0.9701219536,0.2215583678,0,0
63,128,010000000,1,0.9323170781,0.08404751134,0,0
63,4,000000100,1,0.9094512276,0.06868225115,0,0
63,4,000000100,1,0.9094512276,0.06868225115,0,0
63,256,100000000,1,0.8653963432,0.05144251033,0,0
63,4,000000100,1,0.9094512276,0.06868225115,0,0
63,256,100000000,1,0.8653963432,0.05144251033,0,0
63,256,100000000,1,0.8653963432,0.05144251033,0,0
63,4,000000100,1,0.9094512276,0.06868225115,0,0
63,256,100000000,1,0.8653963432,0.05144251033,0,0
63,463,111001111,7,0.9701219536,0.2215583678,0,0
63,256,100000000,1,0.8653963432,0.05144251033,0,0
64,256,100000000,1,0.8653963432,0.05144251033,0,inf
64,463,111001111,7,0.9701219536,0.2215583678,0,inf
64,256,100000000,1,0.8653963432,0.05144251033,0,0.5220108109
64,4,000000100,1,0.9094512276,0.06868225115,0,0.5220108109
64,128,010000000,1,0.9323170781,0.08404751134,0,0.308662907
64,4,000000100,1,0.9094512276,0.06868225115,0,0.308662907
64,286,100011110,5,0.9696646333,0.1719646058,0,0.295896174
64,463,111001111,7,0.9701219536,0.2215583678,0,0.295896174
64,128,010000000,1,0.9323170781,0.08404751134,0,0.2501840222
64,136,010001000,2,0.9556402415,0.08872172865,0,0.2501840222
64,138,010001010,3,0.9580792598,0.1175190397,0,0.1925701872
64,136,010001000,2,0.9556402415,0.08872172865,0,0.1925701872
64,170,010101010,4,0.9583841376,0.1237906108,0,0.1195143764
64,328,101001000,3,0.9661585353,0.1314932012,0,0.1195143764
64,299,100101011,5,0.9684451278,0.1646855306,0,0.09645812205
64,394,110001010,4,0.9682926834,0.1485241046,0,0.09645812205
64,394,110001010,4,0.9682926834,0.1485241046,0,0.09297294788
64,266,100001010,3,0.9663109817,0.1359270001,0,0.09297294788
64,138,010001010,3,0.9580792598,0.1175190397,0,0.03977767534
64,170,010101010,4,0.9583841376,0.1237906108,0,0.03977767534
64,459,111001011,6,0.9693597592,0.1673336257,0,0.03013367655
64,286,100011110,5,0.9696646333,0.1719646058,0,0.03013367655
64,266,100001010,3,0.9663109817,0.1359270001,0,0.02751908085
64,328,101001000,3,0.9661585353,0.1314932012,0,0.02751908085
64,299,100101011,5,0.9684451278,0.1646855306,0,0.02430001974
64,459,111001011,6,0.9693597592,0.1673336257,0,0.02430001974
64,170,010101010,4,0.9583841376,0.1237906108,0,0
64,4,000000100,1,0.9094512276,0.06868225115,0,0
64,266,100001010,3,0.9663109817,0.1359270001,0,0
64,299,100101011,5,0.9684451278,0.1646855306,0,0
64,299,100101011,5,0.9684451278,0.1646855306,0,0
64,459,111001011,6,0.9693597592,0.1673336257,0,0
64,266,100001010,3,0.9663109817,0.1359270001,0,0
64,266,100001010,3,0.9663109817,0.1359270001,0,0
64,256,100000000,1,0.8653963432,0.05144251033,0,0
64,266,100001010,3,0.9663109817,0.1359270001,0,0
64,459,111001011,6,0.9693597592,0.1673336257,0,0
64,266,100001010,3,0.9663109817,0.1359270001,0,0
64,256,100000000,1,0.8653963432,0.05144251033,0,0
64,459,111001011,6,0.9693597592,0.1673336257,0,0
64,459,111001011,6,0.9693597592,0.1673336257,0,0
64,328,101001000,3,0.9661585353,0.1314932012,0,0
64,328,101001000,3,0.9661585353,0.1314932012,0,0
64,328,101001000,3,0.9661585353,0.1314932012,0,0
64,459,111001011,6,0.9693597592,0.1673336257,0,0
64,266,100001010,3,0.9663109817,0.1359270001,0,0
64,266,100001010,3,0.9663109817,0.1359270001,0,0
64,266,100001010,3,0.9663109817,0.1359270001,0,0
64,328,101001000,3,0.9661585353,0.1314932012,0,0
64,286,100011110,5,0.9696646333,0.1719646058,0,0
64,459,111001011,6,0.9693597592,0.1673336257,0,0
64,328,101001000,3,0.9661585353,0.1314932012,0,0
64,459,111001011,6,0.9693597592,0.1673336257,0,0
64,266,100001010,3,0.9663109817,0.1359270001,0,0
64,266,100001010,3,0.9663109817,0.1359270001,0,0
64,286,100011110,5,0.9696646333,0.1719646058,0,0
64,394,110001010,4,0.9682926834,0.1485241046,0,0
64,286,100011110,5,0.9696646333,0.1719646058,0,0
64,459,111001011,6,0.9693597592,0.1673336257,0,0
64,286,100011110,5,0.9696646333,0.1719646058,0,0
64,459,111001011,6,0.9693597592,0.1673336257,0,0
64,459,111001011,6,0.9693597592,0.1673336257,0,0
64,459,111001011,6,0.9693597592,0.1673336257,0,0
64,138,010001010,3,0.9580792598,0.1175190397,0,0
64,170,010101010,4,0.9583841376,0.1237906108,0,0
64,266,100001010,3,0.9663109817,0.1359270001,0,0
64,170,010101010,4,0.9583841376,0.1237906108,0,0
64,170,010101010,4,0.9583841376,0.1237906108,0,0
64,170,010101010,4,0.9583841376,0.1237906108,0,0
64,138,010001010,3,0.9580792598,0.1175190397,0,0
64,286,100011110,5,0.9696646333,0.1719646058,0,0
64,266,100001010,3,0.9663109817,0.1359270001,0,0
64,394,110001010,4,0.9682926834,0.1485241046,0,0
64,328,101001000,3,0.9661585353,0.1314932012,0,0
64,266,100001010,3,0.9663109817,0.1359270001,0,0
64,170,010101010,4,0.9583841376,0.1237906108,0,0
64,266,100001010,3,0.9663109817,0.1359270001,0,0
64,394,110001010,4,0.9682926834,0.1485241046,0,0
64,266,100001010,3,0.9663109817,0.1359270001,0,0
64,328,101001000,3,0.9661585353,0.1314932012,0,0
64,266,100001010,3,0.9663109817,0.1359270001,0,0
64,394,110001010,4,0.9682926834,0.1485241046,0,0
64,256,100000000,1,0.8653963432,0.05144251033,0,0
64,463,111001111,7,0.9701219536,0.2215583678,0,0
64,256,100000000,1,0.8653963432,0.05144251033,0,0
64,394,110001010,4,0.9682926834,0.1485241046,0,0
64,266,100001010,3,0.9663109817,0.1359270001,0,0
64,328,101001000,3,0.9661585353,0.1314932012,0,0
64,328,101001000,3,0.9661585353,0.1314932012,0,0
64,170,010101010,4,0.9583841376,0.1237906108,0,0
64,328,101001000,3,0.9661585353,0.1314932012,0,0
64,299,100101011,5,0.9684451278,0.1646855306,0,0
64,136,010001000,2,0.9556402415,0.08872172865,0,0
64,136,010001000,2,0.9556402415,0.08872172865,0,0
64,128,010000000,1,0.9323170781,0.08404751134,0,0
64,299,100101011,5,0.9684451278,0.1646855306,0,0
64,170,010101010,4,0.9583841376,0.1237906108,0,0
64,459,111001011,6,0.9693597592,0.1673336257,0,0
64,394,110001010,4,0.9682926834,0.1485241046,0,0
64,170,010101010,4,0.9583841376,0.1237906108,0,0
64,136,010001000,2,0.9556402415,0.08872172865,0,0
64,170,010101010,4,0.9583841376,0.1237906108,0,0
64,463,111001111,7,0.9701219536,0.2215583678,0,0
64,328,101001000,3,0.9661585353,0.1314932012,0,0
64,266,100001010,3,0.9663109817,0.1359270001,0,0
64,136,010001000,2,0.9556402415,0.08872172865,0,0
64,128,010000000,1,0.9323170781,0.08404751134,0,0
64,138,010001010,3,0.9580792598,0.1175190397,0,0
64,463,111001111,7,0.9701219536,0.2215583678,0,0
64,128,010000000,1,0.9323170781,0.08404751134,0,0
64,128,010000000,1,0.9323170781,0.08404751134,0,0
64,328,101001000,3,0.9661585353,0.1314932012,0,0
64,136,010001000,2,0.9556402415,0.08872172865,0,0
64,128,010000000,1,0.9323170781,0.08404751134,0,0
64,136,010001000,2,0.9556402415,0.08872172865,0,0
64,138,010001010,3,0.9580792598,0.1175190397,0,0
64,138,010001010,3,0.9580792598,0.1175190397,0,0
64,256,100000000,1,0.8653963432,0.05144251033,0,0
64,4,000000100,1,0.9094512276,0.06868225115,0,0
64,128,010000000,1,0.9323170781,0.08404751134,0,0
64,286,100011110,5,0.9696646333,0.1719646058,0,0
64,128,010000000,1,0.9323170781,0.08404751134,0,0
64,138,010001010,3,0.9580792598,0.1175190397,0,0
64,463,111001111,7,0.9701219536,0.2215583678,0,0
64,128,010000000,1,0.9323170781,0.08404751134,0,0
64,128,010000000,1,0.9323170781,0.08404751134,0,0
64,4,000000100,1,0.9094512276,0.06868225115,0,0
64,286,100011110,5,0.9696646333,0.1719646058,0,0
64,128,010000000,1,0.9323170781,0.08404751134,0,0
64,4,000000100,1,0.9094512276,0.06868225115,0,0
64,128,010000000,1,0.9323170781,0.08404751134,0,0
64,128,010000000,1,0.9323170781,0.08404751134,0,0
64,128,010000000,1,0.9323170781,0.08404751134,0,0
64,136,010001000,2,0.9556402415,0.08872172865,0,0
64,463,111001111,7,0.9701219536,0.2215583678,0,0
64,128,010000000,1,0.9323170781,0.08404751134,0,0
64,4,000000100,1,0.9094512276,0.06868225115,0,0
64,128,010000000,1,0.9323170781,0.08404751134,0,0
64,286,100011110,5,0.9696646333,0.1719646058,0,0
64,128,010000000,1,0.9323170781,0.08404751134,0,0
64,4,000000100,1,0.9094512276,0.06868225115,0,0
64,463,111001111,7,0.9701219536,0.2215583678,0,0
64,286,100011110,5,0.9696646333,0.1719646058,0,0
64,256,100000000,1,0.8653963432,0.05144251033,0,0
64,256,100000000,1,0.8653963432,0.05144251033,0,0
64,128,010000000,1,0.9323170781,0.08404751134,0,0
64,286,100011110,5,0.9696646333,0.1719646058,0,0
64,256,100000000,1,0.8653963432,0.05144251033,0,0
64,4,000000100,1,0.9094512276,0.06868225115,0,0
64,256,100000000,1,0.8653963432,0.05144251033,0,0
64,463,111001111,7,0.9701219536,0.2215583678,0,0
64,128,010000000,1,0.9323170781,0.08404751134,0,0
64,128,010000000,1,0.9323170781,0.08404751134,0,0
64,4,000000100,1,0.9094512276,0.06868225115,0,0
64,256,100000000,1,0.8653963432,0.05144251033,0,0
64,4,000000100,1,0.9094512276,0.06868225115,0,0
64,256,100000000,1,0.8653963432,0.05144251033,0,0
64,256,100000000,1,0.8653963432,0.05144251033,0,0
64,4,000000100,1,0.9094512276,0.06868225115,0,0
64,4,000000100,1,0.9094512276,0.06868225115,0,0
64,463,111001111,7,0.9701219536,0.2215583678,0,0
64,4,000000100,1,0.9094512276,0.06868225115,0,0
65,463,111001111,7,0.9701219536,0.2215583678,0,inf
65,256,100000000,1,0.8653963432,0.05144251033,0,inf
65,4,000000100,1,0.9094512276,0.06868225115,0,0.5220108109
65,256,100000000,1,0.8653963432,0.05144251033,0,0.5220108109
65,4,000000100,1,0.9094512276,0.06868225115,0,0.308662907
65,128,010000000,1,0.9323170781,0.08404751134,0,0.308662907
65,286,100011110,5,0.9696646333,0.1719646058,0,0.295896174
65,463,111001111,7,0.9701219536,0.2215583678,0,0.295896174
65,136,010001000,2,0.9556402415,0.08872172865,0,0.2501840222
65,128,010000000,1,0.9323170781,0.08404751134,0,0.2501840222
65,136,010001000,2,0.9556402415,0.08872172865,0,0.1925701872
65,138,010001010,3,0.9580792598,0.1175190397,0,0.1925701872
65,170,010101010,4,0.9583841376,0.1237906108,0,0.1195143764
65,328,101001000,3,0.9661585353,0.1314932012,0,0.1195143764
65,299,100101011,5,0.9684451278,0.1646855306,0,0.09645812205
65,394,110001010,4,0.9682926834,0.1485241046,0,0.09645812205
65,394,110001010,4,0.9682926834,0.1485241046,0,0.09297294788
65,266,100001010,3,0.9663109817,0.1359270001,0,0.09297294788
65,138,010001010,3,0.9580792598,0.1175190397,0,0.03977767534
65,170,010101010,4,0.9583841376,0.1237906108,0,0.03977767534
65,286,100011110,5,0.9696646333,0.1719646058,0,0.03013367655
65,459,111001011,6,0.9693597592,0.1673336257,0,0.03013367655
65,266,100001010,3,0.9663109817,0.1359270001,0,0.02751908085
65,328,101001000,3,0.9661585353,0.1314932012,0,0.02751908085
65,299,100101011,5,0.9684451278,0.1646855306,0,0.02430001974
65,459,111001011,6,0.9693597592,0.1673336257,0,0.02430001974
65,256,100000000,1,0.8653963432,0.05144251033,0,0
65,128,010000000,1,0.9323170781,0.08404751134,0,0
65,266,100001010,3,0.9663109817,0.1359270001,0,0
65,299,100101011,5,0.9684451278,0.1646855306,0,0
65,299,100101011,5,0.9684451278,0.1646855306,0,0
65,459,111001011,6,0.9693597592,0.1673336257,0,0
65,266,100001010,3,0.9663109817,0.1359270001,0,0
65,266,100001010,3,0.9663109817,0.1359270001,0,0
65,256,100000000,1,0.8653963432,0.05144251033,0,0
65,266,100001010,3,0.9663109817,0.1359270001,0,0
65,459,111001011,6,0.9693597592,0.1673336257,0,0
65,266,100001010,3,0.9663109817,0.1359270001,0,0
65,459,111001011,6,0.9693597592,0.1673336257,0,0
65,459,111001011,6,0.9693597592,0.1673336257,0,0
65,459,111001011,6,0.9693597592,0.1673336257,0,0
65,328,101001000,3,0.9661585353,0.1314932012,0,0
65,328,101001000,3,0.9661585353,0.1314932012,0,0
65,328,101001000,3,0.9661585353,0.1314932012,0,0
65,459,111001011,6,0.9693597592,0.1673336257,0,0
65,266,100001010,3,0.9663109817,0.1359270001,0,0
65,266,100001010,3,0.9663109817,0.1359270001,0,0
65,266,100001010,3,0.9663109817,0.1359270001,0,0
65,328,101001000,3,0.9661585353,0.1314932012,0,0
65,286,100011110,5,0.9696646333,0.1719646058,0,0
65,459,111001011,6,0.9693597592,0.1673336257,0,0
65,299,100101011,5,0.9684451278,0.1646855306,0,0
65,459,111001011,6,0.9693597592,0.1673336257,0,0
65,266,100001010,3,0.9663109817,0.1359270001,0,0
65,266,100001010,3,0.9663109817,0.1359270001,0,0
65,286,100011110,5,0.9696646333,0.1719646058,0,0
65,328,101001000,3,0.9661585353,0.1314932012,0,0
65,286,100011110,5,0.9696646333,0.1719646058,0,0
65,266,100001010,3,0.9663109817,0.1359270001,0,0
65,286,100011110,5,0.9696646333,0.1719646058,0,0
65,459,111001011,6,0.9693597592,0.1673336257,0,0
65,459,111001011,6,0.9693597592,0.1673336257,0,0
65,286,100011110,5,0.9696646333,0.1719646058,0,0
65,138,010001010,3,0.9580792598,0.1175190397,0,0
65,459,111001011,6,0.9693597592,0.1673336257,0,0
65,266,100001010,3,0.9663109817,0.1359270001,0,0
65,170,010101010,4,0.9583841376,0.1237906108,0,0
65,170,010101010,4,0.9583841376,0.1237906108,0,0
65,170,010101010,4,0.9583841376,0.1237906108,0,0
65,170,010101010,4,0.9583841376,0.1237906108,0,0
65,286,100011110,5,0.9696646333,0.1719646058,0,0
65,266,100001010,3,0.9663109817,0.1359270001,0,0
65,394,110001010,4,0.9682926834,0.1485241046,0,0
65,328,101001000,3,0.9661585353,0.1314932012,0,0
65,266,100001010,3,0.9663109817,0.1359270001,0,0
65,170,010101010,4,0.9583841376,0.1237906108,0,0
65,266,100001010,3,0.9663109817,0.1359270001,0,0
65,394,110001010,4,0.9682926834,0.1485241046,0,0
65,138,010001010,3,0.9580792598,0.1175190397,0,0
65,328,101001000,3,0.9661585353,0.1314932012,0,0
65,266,100001010,3,0.9663109817,0.1359270001,0,0
65,394,110001010,4,0.9682926834,0.1485241046,0,0
65,256,100000000,1,0.8653963432,0.05144251033,0,0
65,463,111001111,7,0.9701219536,0.2215583678,0,0
65,256,100000000,1,0.8653963432,0.05144251033,0,0
65,394,110001010,4,0.9682926834,0.1485241046,0,0
65,266,100001010,3,0.9663109817,0.1359270001,0,0
65,328,101001000,3,0.9661585353,0.1314932012,0,0
65,328,101001000,3,0.9661585353,0.1314932012,0,0
65,170,010101010,4,0.9583841376,0.1237906108,0,0
65,328,101001000,3,0.9661585353,0.1314932012,0,0
65,394,110001010,4,0.9682926834,0.1485241046,0,0
65,136,010001000,2,0.9556402415,0.08872172865,0,0
65,136,010001000,2,0.9556402415,0.08872172865,0,0
65,128,010000000,1,0.9323170781,0.08404751134,0,0
65,299,100101011,5,0.9684451278,0.1646855306,0,0
65,170,010101010,4,0.9583841376,0.1237906108,0,0
65,459,111001011,6,0.9693597592,0.1673336257,0,0
65,170,010101010,4,0.9583841376,0.1237906108,0,0
65,136,010001000,2,0.9556402415,0.08872172865,0,0
65,138,010001010,3,0.9580792598,0.1175190397,0,0
65,170,010101010,4,0.9583841376,0.1237906108,0,0
65,463,111001111,7,0.9701219536,0.2215583678,0,0
65,328,101001000,3,0.9661585353,0.1314932012,0,0
65,266,100001010,3,0.9663109817,0.1359270001,0,0
65,136,010001000,2,0.9556402415,0.08872172865,0,0
65,128,010000000,1,0.9323170781,0.08404751134,0,0
65,138,010001010,3,0.9580792598,0.1175190397,0,0
65,463,111001111,7,0.9701219536,0.2215583678,0,0
65,128,010000000,1,0.9323170781,0.08404751134,0,0
65,128,010000000,1,0.9323170781,0.08404751134,0,0
65,328,101001000,3,0.9661585353,0.1314932012,0,0
65,136,010001000,2,0.9556402415,0.08872172865,0,0
65,128,010000000,1,0.9323170781,0.08404751134,0,0
65,136,010001000,2,0.9556402415,0.08872172865,0,0
65,138,010001010,3,0.9580792598,0.1175190397,0,0
65,138,010001010,3,0.9580792598,0.1175190397,0,0
65,256,100000000,1,0.8653963432,0.05144251033,0,0
65,4,000000100,1,0.9094512276,0.06868225115,0,0
65,128,010000000,1,0.9323170781,0.08404751134,0,0
65,286,100011110,5,0.9696646333,0.1719646058,0,0
65,128,010000000,1,0.9323170781,0.08404751134,0,0
65,136,010001000,2,0.9556402415,0.08872172865,0,0
65,463,111001111,7,0.9701219536,0.2215583678,0,0
65,128,010000000,1,0.9323170781,0.08404751134,0,0
65,128,010000000,1,0.9323170781,0.08404751134,0,0
65,4,000000100,1,0.9094512276,0.06868225115,0,0
65,286,100011110,5,0.9696646333,0.1719646058,0,0
65,463,111001111,7,0.9701219536,0.2215583678,0,0
65,4,000000100,1,0.9094512276,0.06868225115,0,0
65,128,010000000,1,0.9323170781,0.08404751134,0,0
65,128,010000000,1,0.9323170781,0.08404751134,0,0
65,128,010000000,1,0.9323170781,0.08404751134,0,0
65,4,000000100,1,0.9094512276,0.06868225115,0,0
65,463,111001111,7,0.9701219536,0.2215583678,0,0
65,128,010000000,1,0.9323170781,0.08404751134,0,0
65,4,000000100,1,0.9094512276,0.06868225115,0,0
65,128,010000000,1,0.9323170781,0.08404751134,0,0
65,286,100011110,5,0.9696646333,0.1719646058,0,0
65,128,010000000,1,0.9323170781,0.08404751134,0,0
65,128,010000000,1,0.9323170781,0.08404751134,0,0
65,4,000000100,1,0.9094512276,0.06868225115,0,0
65,286,100011110,5,0.9696646333,0.1719646058,0,0
65,256,100000000,1,0.8653963432,0.05144251033,0,0
65,256,100000000,1,0.8653963432,0.05144251033,0,0
65,128,010000000,1,0.9323170781,0.08404751134,0,0
65,286,100011110,5,0.9696646333,0.1719646058,0,0
65,256,100000000,1,0.8653963432,0.05144251033,0,0
65,4,000000100,1,0.9094512276,0.06868225115,0,0
65,256,100000000,1,0.8653963432,0.05144251033,0,0
65,463,111001111,7,0.9701219536,0.2215583678,0,0
65,128,010000000,1,0.9323170781,0.08404751134,0,0
65,128,010000000,1,0.9323170781,0.08404751134,0,0
65,4,000000100,1,0.9094512276,0.06868225115,0,0
65,256,100000000,1,0.8653963432,0.05144251033,0,0
65,4,000000100,1,0.9094512276,0.06868225115,0,0
65,256,100000000,1,0.8653963432,0.05144251033,0,0
65,256,100000000,1,0.8653963432,0.05144251033,0,0
65,4,000000100,1,0.9094512276,0.06868225115,0,0
65,4,000000100,1,0.9094512276,0.06868225115,0,0
65,463,111001111,7,0.9701219536,0.2215583678,0,0
65,4,000000100,1,0.9094512276,0.06868225115,0,0
66,256,100000000,1,0.8653963432,0.05144251033,0,inf
66,463,111001111,7,0.9701219536,0.2215583678,0,inf
66,4,000000100,1,0.9094512276,0.06868225115,0,0.5220108109
66,256,100000000,1,0.8653963432,0.05144251033,0,0.5220108109
66,4,000000100,1,0.9094512276,0.06868225115,0,0.308662907
66,128,010000000,1,0.9323170781,0.08404751134,0,0.308662907
66,286,100011110,5,0.9696646333,0.1719646058,0,0.295896174
66,463,111001111,7,0.9701219536,0.2215583678,0,0.295896174
66,128,010000000,1,0.9323170781,0.08404751134,0,0.2501840222
66,136,010001000,2,0.9556402415,0.08872172865,0,0.2501840222
66,136,010001000,2,0.9556402415,0.08872172865,0,0.1925701872
66,138,010001010,3,0.9580792598,0.1175190397,0,0.1925701872
66,328,101001000,3,0.9661585353,0.1314932012,0,0.1195143764
66,170,010101010,4,0.9583841376,0.1237906108,0,0.1195143764
66,299,100101011,5,0.9684451278,0.1646855306,0,0.09645812205
66,394,110001010,4,0.9682926834,0.1485241046,0,0.09645812205
66,266,100001010,3,0.9663109817,0.1359270001,0,0.09297294788
66,394,110001010,4,0.9682926834,0.1485241046,0,0.09297294788
66,170,010101010,4,0.9583841376,0.1237906108,0,0.03977767534
66,138,010001010,3,0.9580792598,0.1175190397,0,0.03977767534
66,286,100011110,5,0.9696646333,0.1719646058,0,0.03013367655
66,459,111001011,6,0.9693597592,0.1673336257,0,0.03013367655
66,266,100001010,3,0.9663109817,0.1359270001,0,0.02751908085
66,328,101001000,3,0.9661585353,0.1314932012,0,0.02751908085
66,459,111001011,6,0.9693597592,0.1673336257,0,0.02430001974
66,299,100101011,5,0.9684451278,0.1646855306,0,0.02430001974
66,256,100000000,1,0.8653963432,0.05144251033,0,0
66,256,100000000,1,0.8653963432,0.05144251033,0,0
66,266,100001010,3,0.9663109817,0.1359270001,0,0
66,299,100101011,5,0.9684451278,0.1646855306,0,0
66,299,100101011,5,0.9684451278,0.1646855306,0,0
66,459,111001011,6,0.9693597592,0.1673336257,0,0
66,266,100001010,3,0.9663109817,0.1359270001,0,0
66,266,100001010,3,0.9663109817,0.1359270001,0,0
66,256,100000000,1,0.8653963432,0.05144251033,0,0
66,266,100001010,3,0.9663109817,0.1359270001,0,0
66,459,111001011,6,0.9693597592,0.1673336257,0,0
66,266,100001010,3,0.9663109817,0.1359270001,0,0
66,459,111001011,6,0.9693597592,0.1673336257,0,0
66,459,111001011,6,0.9693597592,0.1673336257,0,0
66,459,111001011,6,0.9693597592,0.1673336257,0,0
66,328,101001000,3,0.9661585353,0.1314932012,0,0
66,328,101001000,3,0.9661585353,0.1314932012,0,0
66,328,101001000,3,0.9661585353,0.1314932012,0,0
66,256,100000000,1,0.8653963432,0.05144251033,0,0
66,266,100001010,3,0.9663109817,0.1359270001,0,0
66,266,100001010,3,0.9663109817,0.1359270001,0,0
66,266,100001010,3,0.9663109817,0.1359270001,0,0
66,459,111001011,6,0.9693597592,0.1673336257,0,0
66,286,100011110,5,0.9696646333,0.1719646058,0,0
66,459,111001011,6,0.9693597592,0.1673336257,0,0
66,299,100101011,5,0.9684451278,0.1646855306,0,0
66,459,111001011,6,0.9693597592,0.1673336257,0,0
66,266,100001010,3,0.9663109817,0.1359270001,0,0
66,266,100001010,3,0.9663109817,0.1359270001,0,0
66,286,100011110,5,0.9696646333,0.1719646058,0,0
66,328,101001000,3,0.9661585353,0.1314932012,0,0
66,286,100011110,5,0.9696646333,0.1719646058,0,0
66,266,100001010,3,0.9663109817,0.1359270001,0,0
66,286,100011110,5,0.9696646333,0.1719646058,0,0
66,459,111001011,6,0.9693597592,0.1673336257,0,0
66,459,111001011,6,0.9693597592,0.1673336257,0,0
66,286,100011110,5,0.9696646333,0.1719646058,0,0
66,138,010001010,3,0.9580792598,0.1175190397,0,0
66,459,111001011,6,0.9693597592,0.1673336257,0,0
66,266,100001010,3,0.9663109817,0.1359270001,0,0
66,170,010101010,4,0.9583841376,0.1237906108,0,0
66,170,010101010,4,0.9583841376,0.1237906108,0,0
66,170,010101010,4,0.9583841376,0.1237906108,0,0
66,170,010101010,4,0.9583841376,0.1237906108,0,0
66,286,100011110,5,0.9696646333,0.1719646058,0,0
66,266,100001010,3,0.9663109817,0.1359270001,0,0
66,394,110001010,4,0.9682926834,0.1485241046,0,0
66,328,101001000,3,0.9661585353,0.1314932012,0,0
66,266,100001010,3,0.9663109817,0.1359270001,0,0
66,170,010101010,4,0.9583841376,0.1237906108,0,0
66,266,100001010,3,0.9663109817,0.1359270001,0,0
66,394,110001010,4,0.9682926834,0.1485241046,0,0
66,170,010101010,4,0.9583841376,0.1237906108,0,0
66,328,101001000,3,0.9661585353,0.1314932012,0,0
66,138,010001010,3,0.9580792598,0.1175190397,0,0
66,266,100001010,3,0.9663109817,0.1359270001,0,0
66,394,110001010,4,0.9682926834,0.1485241046,0,0
66,463,111001111,7,0.9701219536,0.2215583678,0,0
66,256,100000000,1,0.8653963432,0.05144251033,0,0
66,394,110001010,4,0.9682926834,0.1485241046,0,0
66,266,100001010,3,0.9663109817,0.1359270001,0,0
66,328,101001000,3,0.9661585353,0.1314932012,0,0
66,328,101001000,3,0.9661585353,0.1314932012,0,0
66,170,010101010,4,0.9583841376,0.1237906108,0,0
66,328,101001000,3,0.9661585353,0.1314932012,0,0
66,394,110001010,4,0.9682926834,0.1485241046,0,0
66,328,101001000,3,0.9661585353,0.1314932012,0,0
66,136,010001000,2,0.9556402415,0.08872172865,0,0
66,128,010000000,1,0.9323170781,0.08404751134,0,0
66,299,100101011,5,0.9684451278,0.1646855306,0,0
66,128,010000000,1,0.9323170781,0.08404751134,0,0
66,459,111001011,6,0.9693597592,0.1673336257,0,0
66,170,010101010,4,0.9583841376,0.1237906108,0,0
66,136,010001000,2,0.9556402415,0.08872172865,0,0
66,138,010001010,3,0.9580792598,0.1175190397,0,0
66,170,010101010,4,0.9583841376,0.1237906108,0,0
66,463,111001111,7,0.9701219536,0.2215583678,0,0
66,328,101001000,3,0.9661585353,0.1314932012,0,0
66,266,100001010,3,0.9663109817,0.1359270001,0,0
66,136,010001000,2,0.9556402415,0.08872172865,0,0
66,128,010000000,1,0.9323170781,0.08404751134,0,0
66,138,010001010,3,0.9580792598,0.1175190397,0,0
66,136,010001000,2,0.9556402415,0.08872172865,0,0
66,128,010000000,1,0.9323170781,0.08404751134,0,0
66,128,010000000,1,0.9323170781,0.08404751134,0,0
66,328,101001000,3,0.9661585353,0.1314932012,0,0
66,128,010000000,1,0.9323170781,0.08404751134,0,0
66,128,010000000,1,0.9323170781,0.08404751134,0,0
66,136,010001000,2,0.9556402415,0.08872172865,0,0
66,138,010001010,3,0.9580792598,0.1175190397,0,0
66,138,010001010,3,0.9580792598,0.1175190397,0,0
66,256,100000000,1,0.8653963432,0.05144251033,0,0
66,4,000000100,1,0.9094512276,0.06868225115,0,0
66,128,010000000,1,0.9323170781,0.08404751134,0,0
66,286,100011110,5,0.9696646333,0.1719646058,0,0
66,128,010000000,1,0.9323170781,0.08404751134,0,0
66,136,010001000,2,0.9556402415,0.08872172865,0,0
66,463,111001111,7,0.9701219536,0.2215583678,0,0
66,128,010000000,1,0.9323170781,0.08404751134,0,0
66,128,010000000,1,0.9323170781,0.08404751134,0,0
66,4,000000100,1,0.9094512276,0.06868225115,0,0
66,136,010001000,2,0.9556402415,0.08872172865,0,0
66,463,111001111,7,0.9701219536,0.2215583678,0,0
66,4,000000100,1,0.9094512276,0.06868225115,0,0
66,128,010000000,1,0.9323170781,0.08404751134,0,0
66,128,010000000,1,0.9323170781,0.08404751134,0,0
66,128,010000000,1,0.9323170781,0.08404751134,0,0
66,4,000000100,1,0.9094512276,0.06868225115,0,0
66,463,111001111,7,0.9701219536,0.2215583678,0,0
66,128,010000000,1,0.9323170781,0.08404751134,0,0
66,4,000000100,1,0.9094512276,0.06868225115,0,0
66,128,010000000,1,0.9323170781,0.08404751134,0,0
66,286,100011110,5,0.9696646333,0.1719646058,0,0
66,463,111001111,7,0.9701219536,0.2215583678,0,0
66,286,100011110,5,0.9696646333,0.1719646058,0,0
66,4,000000100,1,0.9094512276,0.06868225115,0,0
66,286,100011110,5,0.9696646333,0.1719646058,0,0
66,256,100000000,1,0.8653963432,0.05144251033,0,0
66,256,100000000,1,0.8653963432,0.05144251033,0,0
66,128,010000000,1,0.9323170781,0.08404751134,0,0
66,286,100011110,5,0.9696646333,0.1719646058,0,0
66,128,010000000,1,0.9323170781,0.08404751134,0,0
66,4,000000100,1,0.9094512276,0.06868225115,0,0
66,256,100000000,1,0.8653963432,0.05144251033,0,0
66,463,111001111,7,0.9701219536,0.2215583678,0,0
66,128,010000000,1,0.9323170781,0.08404751134,0,0
66,128,010000000,1,0.9323170781,0.08404751134,0,0
66,4,000000100,1,0.9094512276,0.06868225115,0,0
66,256,100000000,1,0.8653963432,0.05144251033,0,0
66,4,000000100,1,0.9094512276,0.06868225115,0,0
66,256,100000000,1,0.8653963432,0.05144251033,0,0
66,256,100000000,1,0.8653963432,0.05144251033,0,0
66,4,000000100,1,0.9094512276,0.06868225115,0,0
66,4,000000100,1,0.9094512276,0.06868225115,0,0
66,463,111001111,7,0.9701219536,0.2215583678,0,0
66,4,000000100,1,0.9094512276,0.06868225115,0,0
67,256,100000000,1,0.8653963432,0.05144251033,0,inf
67,463,111001111,7,0.9701219536,0.2215583678,0,inf
67,256,100000000,1,0.8653963432,0.05144251033,0,0.5220108109
67,4,000000100,1,0.9094512276,0.06868225115,0,0.5220108109
67,4,000000100,1,0.9094512276,0.06868225115,0,0.308662907
67,128,010000000,1,0.9323170781,0.08404751134,0,0.308662907
67,286,100011110,5,0.9696646333,0.1719646058,0,0.295896174
67,463,111001111,7,0.9701219536,0.2215583678,0,0.295896174
67,128,010000000,1,0.9323170781,0.08404751134,0,0.2501840222
67,136,010001000,2,0.9556402415,0.08872172865,0,0.2501840222
67,136,010001000,2,0.9556402415,0.08872172865,0,0.1925701872
67,138,010001010,3,0.9580792598,0.1175190397,0,0.1925701872
67,170,010101010,4,0.9583841376,0.1237906108,0,0.1195143764
67,328,101001000,3,0.9661585353,0.1314932012,0,0.1195143764
67,299,100101011,5,0.9684451278,0.1646855306,0,0.09645812205
67,394,110001010,4,0.9682926834,0.1485241046,0,0.09645812205
67,394,110001010,4,0.9682926834,0.1485241046,0,0.09297294788
67,266,100001010,3,0.9663109817,0.1359270001,0,0.09297294788
67,138,010001010,3,0.9580792598,0.1175190397,0,0.03977767534
67,170,010101010,4,0.9583841376,0.1237906108,0,0.03977767534
67,286,100011110,5,0.9696646333,0.1719646058,0,0.03013367655
67,459,111001011,6,0.9693597592,0.1673336257,0,0.03013367655
67,266,100001010,3,0.9663109817,0.1359270001,0,0.02751908085
67,328,101001000,3,0.9661585353,0.1314932012,0,0.02751908085
67,299,100101011,5,0.9684451278,0.1646855306,0,0.02430001974
67,459,111001011,6,0.9693597592,0.1673336257,0,0.02430001974
67,256,100000000,1,0.8653963432,0.05144251033,0,0
67,256,100000000,1,0.8653963432,0.05144251033,0,0
67,266,100001010,3,0.9663109817,0.1359270001,0,0
67,299,100101011,5,0.9684451278,0.1646855306,0,0
67,299,100101011,5,0.9684451278,0.1646855306,0,0
67,459,111001011,6,0.9693597592,0.1673336257,0,0
67,266,100001010,3,0.9663109817,0.1359270001,0,0
67,266,100001010,3,0.9663109817,0.1359270001,0,0
67,256,100000000,1,0.8653963432,0.05144251033,0,0
67,266,100001010,3,0.9663109817,0.1359270001,0,0
67,459,111001011,6,0.9693597592,0.1673336257,0,0
67,266,100001010,3,0.9663109817,0.1359270001,0,0
67,459,111001011,6,0.9693597592,0.1673336257,0,0
67,459,111001011,6,0.9693597592,0.1673336257,0,0
67,459,111001011,6,0.9693597592,0.1673336257,0,0
67,459,111001011,6,0.9693597592,0.1673336257,0,0
67,328,101001000,3,0.9661585353,0.1314932012,0,0
67,328,101001000,3,0.9661585353,0.1314932012,0,0
67,256,100000000,1,0.8653963432,0.05144251033,0,0
67,266,100001010,3,0.9663109817,0.1359270001,0,0
67,328,101001000,3,0.9661585353,0.1314932012,0,0
67,266,100001010,3,0.9663109817,0.1359270001,0,0
67,459,111001011,6,0.9693597592,0.1673336257,0,0
67,286,100011110,5,0.9696646333,0.1719646058,0,0
67,459,111001011,6,0.9693597592,0.1673336257,0,0
67,299,100101011,5,0.9684451278,0.1646855306,0,0
67,266,100001010,3,0.9663109817,0.1359270001,0,0
67,266,100001010,3,0.9663109817,0.1359270001,0,0
67,266,100001010,3,0.9663109817,0.1359270001,0,0
67,286,100011110,5,0.9696646333,0.1719646058,0,0
67,328,101001000,3,0.9661585353,0.1314932012,0,0
67,286,100011110,5,0.9696646333,0.1719646058,0,0
67,266,100001010,3,0.9663109817,0.1359270001,0,0
67,286,100011110,5,0.9696646333,0.1719646058,0,0
67,459,111001011,6,0.9693597592,0.1673336257,0,0
67,459,111001011,6,0.9693597592,0.1673336257,0,0
67,286,100011110,5,0.9696646333,0.1719646058,0,0
67,138,010001010,3,0.9580792598,0.1175190397,0,0
67,459,111001011,6,0.9693597592,0.1673336257,0,0
67,266,100001010,3,0.9663109817,0.1359270001,0,0
67,170,010101010,4,0.9583841376,0.1237906108,0,0
67,170,010101010,4,0.9583841376,0.1237906108,0,0
67,170,010101010,4,0.9583841376,0.1237906108,0,0
67,170,010101010,4,0.9583841376,0.1237906108,0,0
67,286,100011110,5,0.9696646333,0.1719646058,0,0
67,266,100001010,3,0.9663109817,0.1359270001,0,0
67,394,110001010,4,0.9682926834,0.1485241046,0,0
67,286,100011110,5,0.9696646333,0.1719646058,0,0
67,266,100001010,3,0.9663109817,0.1359270001,0,0
67,170,010101010,4,0.9583841376,0.1237906108,0,0
67,266,100001010,3,0.9663109817,0.1359270001,0,0
67,394,110001010,4,0.9682926834,0.1485241046,0,0
67,170,010101010,4,0.9583841376,0.1237906108,0,0
67,328,101001000,3,0.9661585353,0.1314932012,0,0
67,138,010001010,3,0.9580792598,0.1175190397,0,0
67,266,100001010,3,0.9663109817,0.1359270001,0,0
67,394,110001010,4,0.9682926834,0.1485241046,0,0
67,463,111001111,7,0.9701219536,0.2215583678,0,0
67,170,010101010,4,0.9583841376,0.1237906108,0,0
67,394,110001010,4,0.9682926834,0.1485241046,0,0
67,266,100001010,3,0.9663109817,0.1359270001,0,0
67,328,101001000,3,0.9661585353,0.1314932012,0,0
67,328,101001000,3,0.9661585353,0.1314932012,0,0
67,170,010101010,4,0.9583841376,0.1237906108,0,0
67,328,101001000,3,0.9661585353,0.1314932012,0,0
67,394,110001010,4,0.9682926834,0.1485241046,0,0
67,328,101001000,3,0.9661585353,0.1314932012,0,0
67,136,010001000,2,0.9556402415,0.08872172865,0,0
67,299,100101011,5,0.9684451278,0.1646855306,0,0
67,328,101001000,3,0.9661585353,0.1314932012,0,0
67,128,010000000,1,0.9323170781,0.08404751134,0,0
67,299,100101011,5,0.9684451278,0.1646855306,0,0
67,138,010001010,3,0.9580792598,0.1175190397,0,0
67,136,010001000,2,0.9556402415,0.08872172865,0,0
67,138,010001010,3,0.9580792598,0.1175190397,0,0
67,170,010101010,4,0.9583841376,0.1237906108,0,0
67,463,111001111,7,0.9701219536,0.2215583678,0,0
67,328,101001000,3,0.9661585353,0.1314932012,0,0
67,266,100001010,3,0.9663109817,0.1359270001,0,0
67,136,010001000,2,0.9556402415,0.08872172865,0,0
67,128,010000000,1,0.9323170781,0.08404751134,0,0
67,136,010001000,2,0.9556402415,0.08872172865,0,0
67,136,010001000,2,0.9556402415,0.08872172865,0,0
67,128,010000000,1,0.9323170781,0.08404751134,0,0
67,128,010000000,1,0.9323170781,0.08404751134,0,0
67,328,101001000,3,0.9661585353,0.1314932012,0,0
67,128,010000000,1,0.9323170781,0.08404751134,0,0
67,128,010000000,1,0.9323170781,0.08404751134,0,0
67,136,010001000,2,0.9556402415,0.08872172865,0,0
67,138,010001010,3,0.9580792598,0.1175190397,0,0
67,138,010001010,3,0.9580792598,0.1175190397,0,0
67,256,100000000,1,0.8653963432,0.05144251033,0,0
67,4,000000100,1,0.9094512276,0.06868225115,0,0
67,128,010000000,1,0.9323170781,0.08404751134,0,0
67,128,010000000,1,0.9323170781,0.08404751134,0,0
67,128,010000000,1,0.9323170781,0.08404751134,0,0
67,286,100011110,5,0.9696646333,0.1719646058,0,0
67,463,111001111,7,0.9701219536,0.2215583678,0,0
67,128,010000000,1,0.9323170781,0.08404751134,0,0
67,128,010000000,1,0.9323170781,0.08404751134,0,0
67,4,000000100,1,0.9094512276,0.06868225115,0,0
67,136,010001000,2,0.9556402415,0.08872172865,0,0
67,463,111001111,7,0.9701219536,0.2215583678,0,0
67,4,000000100,1,0.9094512276,0.06868225115,0,0
67,128,010000000,1,0.9323170781,0.08404751134,0,0
67,128,010000000,1,0.9323170781,0.08404751134,0,0
67,128,010000000,1,0.9323170781,0.08404751134,0,0
67,4,000000100,1,0.9094512276,0.06868225115,0,0
67,463,111001111,7,0.9701219536,0.2215583678,0,0
67,128,010000000,1,0.9323170781,0.08404751134,0,0
67,4,000000100,1,0.9094512276,0.06868225115,0,0
67,128,010000000,1,0.9323170781,0.08404751134,0,0
67,286,100011110,5,0.9696646333,0.1719646058,0,0
67,463,111001111,7,0.9701219536,0.2215583678,0,0
67,286,100011110,5,0.9696646333,0.1719646058,0,0
67,128,010000000,1,0.9323170781,0.08404751134,0,0
67,286,100011110,5,0.9696646333,0.1719646058,0,0
67,256,100000000,1,0.8653963432,0.05144251033,0,0
67,256,100000000,1,0.8653963432,0.05144251033,0,0
67,128,010000000,1,0.9323170781,0.08404751134,0,0
67,4,000000100,1,0.9094512276,0.06868225115,0,0
67,128,010000000,1,0.9323170781,0.08404751134,0,0
67,4,000000100,1,0.9094512276,0.06868225115,0,0
67,256,100000000,1,0.8653963432,0.05144251033,0,0
67,463,111001111,7,0.9701219536,0.2215583678,0,0
67,256,100000000,1,0.8653963432,0.05144251033,0,0
67,128,010000000,1,0.9323170781,0.08404751134,0,0
67,4,000000100,1,0.9094512276,0.06868225115,0,0
67,256,100000000,1,0.8653963432,0.05144251033,0,0
67,4,000000100,1,0.9094512276,0.06868225115,0,0
67,256,100000000,1,0.8653963432,0.05144251033,0,0
67,256,100000000,1,0.8653963432,0.05144251033,0,0
67,4,000000100,1,0.9094512276,0.06868225115,0,0
67,4,000000100,1,0.9094512276,0.06868225115,0,0
67,463,111001111,7,0.9701219536,0.2215583678,0,0
67,4,000000100,1,0.9094512276,0.06868225115,0,0
68,256,100000000,1,0.8653963432,0.05144251033,0,inf
68,463,111001111,7,0.9701219536,0.2215583678,0,inf
68,4,000000100,1,0.9094512276,0.06868225115,0,0.5220108109
68,256,100000000,1,0.8653963432,0.05144251033,0,0.5220108109
68,4,000000100,1,0.9094512276,0.06868225115,0,0.308662907
68,128,010000000,1,0.9323170781,0.08404751134,0,0.308662907
68,286,100011110,5,0.9696646333,0.1719646058,0,0.295896174
68,463,111001111,7,0.9701219536,0.2215583678,0,0.295896174
68,136,010001000,2,0.9556402415,0.08872172865,0,0.2501840222
68,128,010000000,1,0.9323170781,0.08404751134,0,0.2501840222
68,138,010001010,3,0.9580792598,0.1175190397,0,0.1925701872
68,136,010001000,2,0.9556402415,0.08872172865,0,0.1925701872
68,328,101001000,3,0.9661585353,0.1314932012,0,0.1195143764
68,170,010101010,4,0.9583841376,0.1237906108,0,0.1195143764
68,299,100101011,5,0.9684451278,0.1646855306,0,0.09645812205
68,394,110001010,4,0.9682926834,0.1485241046,0,0.09645812205
68,394,110001010,4,0.9682926834,0.1485241046,0,0.09297294788
68,266,100001010,3,0.9663109817,0.1359270001,0,0.09297294788
68,138,010001010,3,0.9580792598,0.1175190397,0,0.03977767534
68,170,010101010,4,0.9583841376,0.1237906108,0,0.03977767534
68,286,100011110,5,0.9696646333,0.1719646058,0,0.03013367655
68,459,111001011,6,0.9693597592,0.1673336257,0,0.03013367655
68,328,101001000,3,0.9661585353,0.1314932012,0,0.02751908085
68,266,100001010,3,0.9663109817,0.1359270001,0,0.02751908085
68,459,111001011,6,0.9693597592,0.1673336257,0,0.02430001974
68,299,100101011,5,0.9684451278,0.1646855306,0,0.02430001974
68,394,110001010,4,0.9682926834,0.1485241046,0,0
68,463,111001111,7,0.9701219536,0.2215583678,0,0
68,266,100001010,3,0.9663109817,0.1359270001,0,0
68,299,100101011,5,0.9684451278,0.1646855306,0,0
68,299,100101011,5,0.9684451278,0.1646855306,0,0
68,459,111001011,6,0.9693597592,0.1673336257,0,0
68,266,100001010,3,0.9663109817,0.1359270001,0,0
68,256,100000000,1,0.8653963432,0.05144251033,0,0
68,459,111001011,6,0.9693597592,0.1673336257,0,0
68,266,100001010,3,0.9663109817,0.1359270001,0,0
68,459,111001011,6,0.9693597592,0.1673336257,0,0
68,266,100001010,3,0.9663109817,0.1359270001,0,0
68,459,111001011,6,0.9693597592,0.1673336257,0,0
68,299,100101011,5,0.9684451278,0.1646855306,0,0
68,459,111001011,6,0.9693597592,0.1673336257,0,0
68,459,111001011,6,0.9693597592,0.1673336257,0,0
68,328,101001000,3,0.9661585353,0.1314932012,0,0
68,328,101001000,3,0.9661585353,0.1314932012,0,0
68,256,100000000,1,0.8653963432,0.05144251033,0,0
68,266,100001010,3,0.9663109817,0.1359270001,0,0
68,328,101001000,3,0.9661585353,0.1314932012,0,0
68,266,100001010,3,0.9663109817,0.1359270001,0,0
68,328,101001000,3,0.9661585353,0.1314932012,0,0
68,286,100011110,5,0.9696646333,0.1719646058,0,0
68,459,111001011,6,0.9693597592,0.1673336257,0,0
68,299,100101011,5,0.9684451278,0.1646855306,0,0
68,266,100001010,3,0.9663109817,0.1359270001,0,0
68,266,100001010,3,0.9663109817,0.1359270001,0,0
68,266,100001010,3,0.9663109817,0.1359270001,0,0
68,286,100011110,5,0.9696646333,0.1719646058,0,0
68,328,101001000,3,0.9661585353,0.1314932012,0,0
68,286,100011110,5,0.9696646333,0.1719646058,0,0
68,266,100001010,3,0.9663109817,0.1359270001,0,0
68,286,100011110,5,0.9696646333,0.1719646058,0,0
68,459,111001011,6,0.9693597592,0.1673336257,0,0
68,459,111001011,6,0.9693597592,0.1673336257,0,0
68,266,100001010,3,0.9663109817,0.1359270001,0,0
68,138,010001010,3,0.9580792598,0.1175190397,0,0
68,459,111001011,6,0.9693597592,0.1673336257,0,0
68,459,111001011,6,0.9693597592,0.1673336257,0,0
68,170,010101010,4,0.9583841376,0.1237906108,0,0
68,286,100011110,5,0.9696646333,0.1719646058,0,0
68,170,010101010,4,0.9583841376,0.1237906108,0,0
68,170,010101010,4,0.9583841376,0.1237906108,0,0
68,286,100011110,5,0.9696646333,0.1719646058,0,0
68,266,100001010,3,0.9663109817,0.1359270001,0,0
68,394,110001010,4,0.9682926834,0.1485241046,0,0
68,286,100011110,5,0.9696646333,0.1719646058,0,0
68,266,100001010,3,0.9663109817,0.1359270001,0,0
68,170,010101010,4,0.9583841376,0.1237906108,0,0
68,266,100001010,3,0.9663109817,0.1359270001,0,0
68,394,110001010,4,0.9682926834,0.1485241046,0,0
68,170,010101010,4,0.9583841376,0.1237906108,0,0
68,328,101001000,3,0.9661585353,0.1314932012,0,0
68,138,010001010,3,0.9580792598,0.1175190397,0,0
68,266,100001010,3,0.9663109817,0.1359270001,0,0
68,138,010001010,3,0.9580792598,0.1175190397,0,0
68,266,100001010,3,0.9663109817,0.1359270001,0,0
68,256,100000000,1,0.8653963432,0.05144251033,0,0
68,394,110001010,4,0.9682926834,0.1485241046,0,0
68,266,100001010,3,0.9663109817,0.1359270001,0,0
68,328,101001000,3,0.9661585353,0.1314932012,0,0
68,328,101001000,3,0.9661585353,0.1314932012,0,0
68,170,010101010,4,0.9583841376,0.1237906108,0,0
68,328,101001000,3,0.9661585353,0.1314932012,0,0
68,394,110001010,4,0.9682926834,0.1485241046,0,0
68,328,101001000,3,0.9661585353,0.1314932012,0,0
68,136,010001000,2,0.9556402415,0.08872172865,0,0
68,299,100101011,5,0.9684451278,0.1646855306,0,0
68,328,101001000,3,0.9661585353,0.1314932012,0,0
68,256,100000000,1,0.8653963432,0.05144251033,0,0
68,170,010101010,4,0.9583841376,0.1237906108,0,0
68,138,010001010,3,0.9580792598,0.1175190397,0,0
68,136,010001000,2,0.9556402415,0.08872172865,0,0
68,138,010001010,3,0.9580792598,0.1175190397,0,0
68,170,010101010,4,0.9583841376,0.1237906108,0,0
68,463,111001111,7,0.9701219536,0.2215583678,0,0
68,328,101001000,3,0.9661585353,0.1314932012,0,0
68,266,100001010,3,0.9663109817,0.1359270001,0,0
68,136,010001000,2,0.9556402415,0.08872172865,0,0
68,128,010000000,1,0.9323170781,0.08404751134,0,0
68,136,010001000,2,0.9556402415,0.08872172865,0,0
68,136,010001000,2,0.9556402415,0.08872172865,0,0
68,128,010000000,1,0.9323170781,0.08404751134,0,0
68,128,010000000,1,0.9323170781,0.08404751134,0,0
68,138,010001010,3,0.9580792598,0.1175190397,0,0
68,128,010000000,1,0.9323170781,0.08404751134,0,0
68,128,010000000,1,0.9323170781,0.08404751134,0,0
68,136,010001000,2,0.9556402415,0.08872172865,0,0
68,136,010001000,2,0.9556402415,0.08872172865,0,0
68,128,010000000,1,0.9323170781,0.08404751134,0,0
68,256,100000000,1,0.8653963432,0.05144251033,0,0
68,4,000000100,1,0.9094512276,0.06868225115,0,0
68,128,010000000,1,0.9323170781,0.08404751134,0,0
68,128,010000000,1,0.9323170781,0.08404751134,0,0
68,128,010000000,1,0.9323170781,0.08404751134,0,0
68,286,100011110,5,0.9696646333,0.1719646058,0,0
68,463,111001111,7,0.9701219536,0.2215583678,0,0
68,128,010000000,1,0.9323170781,0.08404751134,0,0
68,128,010000000,1,0.9323170781,0.08404751134,0,0
68,4,000000100,1,0.9094512276,0.06868225115,0,0
68,136,010001000,2,0.9556402415,0.08872172865,0,0
68,463,111001111,7,0.9701219536,0.2215583678,0,0
68,4,000000100,1,0.9094512276,0.06868225115,0,0
68,286,100011110,5,0.9696646333,0.1719646058,0,0
68,128,010000000,1,0.9323170781,0.08404751134,0,0
68,128,010000000,1,0.9323170781,0.08404751134,0,0
68,4,000000100,1,0.9094512276,0.06868225115,0,0
68,463,111001111,7,0.9701219536,0.2215583678,0,0
68,128,010000000,1,0.9323170781,0.08404751134,0,0
68,4,000000100,1,0.9094512276,0.06868225115,0,0
68,128,010000000,1,0.9323170781,0.08404751134,0,0
68,286,100011110,5,0.9696646333,0.1719646058,0,0
68,463,111001111,7,0.9701219536,0.2215583678,0,0
68,286,100011110,5,0.9696646333,0.1719646058,0,0
68,128,010000000,1,0.9323170781,0.08404751134,0,0
68,4,000000100,1,0.9094512276,0.06868225115,0,0
68,256,100000000,1,0.8653963432,0.05144251033,0,0
68,256,100000000,1,0.8653963432,0.05144251033,0,0
68,128,010000000,1,0.9323170781,0.08404751134,0,0
68,4,000000100,1,0.9094512276,0.06868225115,0,0
68,128,010000000,1,0.9323170781,0.08404751134,0,0
68,4,000000100,1,0.9094512276,0.06868225115,0,0
68,256,100000000,1,0.8653963432,0.05144251033,0,0
68,463,111001111,7,0.9701219536,0.2215583678,0,0
68,256,100000000,1,0.8653963432,0.05144251033,0,0
68,128,010000000,1,0.9323170781,0.08404751134,0,0
68,4,000000100,1,0.9094512276,0.06868225115,0,0
68,256,100000000,1,0.8653963432,0.05144251033,0,0
68,4,000000100,1,0.9094512276,0.06868225115,0,0
68,256,100000000,1,0.8653963432,0.05144251033,0,0
68,256,100000000,1,0.8653963432,0.05144251033,0,0
68,4,000000100,1,0.9094512276,0.06868225115,0,0
68,4,000000100,1,0.9094512276,0.06868225115,0,0
68,463,111001111,7,0.9701219536,0.2215583678,0,0
68,4,000000100,1,0.9094512276,0.06868225115,0,0
69,256,100000000,1,0.8653963432,0.05144251033,0,inf
69,463,111001111,7,0.9701219536,0.2215583678,0,inf
69,4,000000100,1,0.9094512276,0.06868225115,0,0.5220108109
69,256,100000000,1,0.8653963432,0.05144251033,0,0.5220108109
69,4,000000100,1,0.9094512276,0.06868225115,0,0.308662907
69,128,010000000,1,0.9323170781,0.08404751134,0,0.308662907
69,286,100011110,5,0.9696646333,0.1719646058,0,0.295896174
69,463,111001111,7,0.9701219536,0.2215583678,0,0.295896174
69,136,010001000,2,0.9556402415,0.08872172865,0,0.2501840222
69,128,010000000,1,0.9323170781,0.08404751134,0,0.2501840222
69,136,010001000,2,0.9556402415,0.08872172865,0,0.1925701872
69,138,010001010,3,0.9580792598,0.1175190397,0,0.1925701872
69,328,101001000,3,0.9661585353,0.1314932012,0,0.1195143764
69,170,010101010,4,0.9583841376,0.1237906108,0,0.1195143764
69,394,110001010,4,0.9682926834,0.1485241046,0,0.09645812205
69,299,100101011,5,0.9684451278,0.1646855306,0,0.09645812205
69,394,110001010,4,0.9682926834,0.1485241046,0,0.09297294788
69,266,100001010,3,0.9663109817,0.1359270001,0,0.09297294788
69,170,010101010,4,0.9583841376,0.1237906108,0,0.03977767534
69,138,010001010,3,0.9580792598,0.1175190397,0,0.03977767534
69,286,100011110,5,0.9696646333,0.1719646058,0,0.03013367655
69,459,111001011,6,0.9693597592,0.1673336257,0,0.03013367655
69,328,101001000,3,0.9661585353,0.1314932012,0,0.02751908085
69,266,100001010,3,0.9663109817,0.1359270001,0,0.02751908085
69,459,111001011,6,0.9693597592,0.1673336257,0,0.02430001974
69,299,100101011,5,0.9684451278,0.1646855306,0,0.02430001974
69,138,010001010,3,0.9580792598,0.1175190397,0,0
69,170,010101010,4,0.9583841376,0.1237906108,0,0
69,266,100001010,3,0.9663109817,0.1359270001,0,0
69,299,100101011,5,0.9684451278,0.1646855306,0,0
69,459,111001011,6,0.9693597592,0.1673336257,0,0
69,459,111001011,6,0.9693597592,0.1673336257,0,0
69,266,100001010,3,0.9663109817,0.1359270001,0,0
69,256,100000000,1,0.8653963432,0.05144251033,0,0
69,266,100001010,3,0.9663109817,0.1359270001,0,0
69,266,100001010,3,0.9663109817,0.1359270001,0,0
69,459,111001011,6,0.9693597592,0.1673336257,0,0
69,266,100001010,3,0.9663109817,0.1359270001,0,0
69,459,111001011,6,0.9693597592,0.1673336257,0,0
69,299,100101011,5,0.9684451278,0.1646855306,0,0
69,459,111001011,6,0.9693597592,0.1673336257,0,0
69,328,101001000,3,0.9661585353,0.1314932012,0,0
69,328,101001000,3,0.9661585353,0.1314932012,0,0
69,328,101001000,3,0.9661585353,0.1314932012,0,0
69,256,100000000,1,0.8653963432,0.05144251033,0,0
69,266,100001010,3,0.9663109817,0.1359270001,0,0
69,459,111001011,6,0.9693597592,0.1673336257,0,0
69,286,100011110,5,0.9696646333,0.1719646058,0,0
69,328,101001000,3,0.9661585353,0.1314932012,0,0
69,286,100011110,5,0.9696646333,0.1719646058,0,0
69,459,111001011,6,0.9693597592,0.1673336257,0,0
69,299,100101011,5,0.9684451278,0.1646855306,0,0
69,266,100001010,3,0.9663109817,0.1359270001,0,0
69,266,100001010,3,0.9663109817,0.1359270001,0,0
69,266,100001010,3,0.9663109817,0.1359270001,0,0
69,286,100011110,5,0.9696646333,0.1719646058,0,0
69,328,101001000,3,0.9661585353,0.1314932012,0,0
69,286,100011110,5,0.9696646333,0.1719646058,0,0
69,266,100001010,3,0.9663109817,0.1359270001,0,0
69,286,100011110,5,0.9696646333,0.1719646058,0,0
69,459,111001011,6,0.9693597592,0.1673336257,0,0
69,459,111001011,6,0.9693597592,0.1673336257,0,0
69,266,100001010,3,0.9663109817,0.1359270001,0,0
69,138,010001010,3,0.9580792598,0.1175190397,0,0
69,459,111001011,6,0.9693597592,0.1673336257,0,0
69,459,111001011,6,0.9693597592,0.1673336257,0,0
69,170,010101010,4,0.9583841376,0.1237906108,0,0
69,286,100011110,5,0.9696646333,0.1719646058,0,0
69,170,010101010,4,0.9583841376,0.1237906108,0,0
69,170,010101010,4,0.9583841376,0.1237906108,0,0
69,286,100011110,5,0.9696646333,0.1719646058,0,0
69,266,100001010,3,0.9663109817,0.1359270001,0,0
69,394,110001010,4,0.9682926834,0.1485241046,0,0
69,286,100011110,5,0.9696646333,0.1719646058,0,0
69,266,100001010,3,0.9663109817,0.1359270001,0,0
69,170,010101010,4,0.9583841376,0.1237906108,0,0
69,266,100001010,3,0.9663109817,0.1359270001,0,0
69,394,110001010,4,0.9682926834,0.1485241046,0,0
69,170,010101010,4,0.9583841376,0.1237906108,0,0
69,328,101001000,3,0.9661585353,0.1314932012,0,0
69,138,010001010,3,0.9580792598,0.1175190397,0,0
69,463,111001111,7,0.9701219536,0.2215583678,0,0
69,256,100000000,1,0.8653963432,0.05144251033,0,0
69,266,100001010,3,0.9663109817,0.1359270001,0,0
69,256,100000000,1,0.8653963432,0.05144251033,0,0
69,394,110001010,4,0.9682926834,0.1485241046,0,0
69,266,100001010,3,0.9663109817,0.1359270001,0,0
69,328,101001000,3,0.9661585353,0.1314932012,0,0
69,328,101001000,3,0.9661585353,0.1314932012,0,0
69,170,010101010,4,0.9583841376,0.1237906108,0,0
69,328,101001000,3,0.9661585353,0.1314932012,0,0
69,266,100001010,3,0.9663109817,0.1359270001,0,0
69,394,110001010,4,0.9682926834,0.1485241046,0,0
69,136,010001000,2,0.9556402415,0.08872172865,0,0
69,394,110001010,4,0.9682926834,0.1485241046,0,0
69,328,101001000,3,0.9661585353,0.1314932012,0,0
69,299,100101011,5,0.9684451278,0.1646855306,0,0
69,299,100101011,5,0.9684451278,0.1646855306,0,0
69,138,010001010,3,0.9580792598,0.1175190397,0,0
69,136,010001000,2,0.9556402415,0.08872172865,0,0
69,170,010101010,4,0.9583841376,0.1237906108,0,0
69,170,010101010,4,0.9583841376,0.1237906108,0,0
69,463,111001111,7,0.9701219536,0.2215583678,0,0
69,328,101001000,3,0.9661585353,0.1314932012,0,0
69,266,100001010,3,0.9663109817,0.1359270001,0,0
69,136,010001000,2,0.9556402415,0.08872172865,0,0
69,128,010000000,1,0.9323170781,0.08404751134,0,0
69,136,010001000,2,0.9556402415,0.08872172865,0,0
69,136,010001000,2,0.9556402415,0.08872172865,0,0
69,128,010000000,1,0.9323170781,0.08404751134,0,0
69,128,010000000,1,0.9323170781,0.08404751134,0,0
69,138,010001010,3,0.9580792598,0.1175190397,0,0
69,128,010000000,1,0.9323170781,0.08404751134,0,0
69,328,101001000,3,0.9661585353,0.1314932012,0,0
69,136,010001000,2,0.9556402415,0.08872172865,0,0
69,136,010001000,2,0.9556402415,0.08872172865,0,0
69,128,010000000,1,0.9323170781,0.08404751134,0,0
69,256,100000000,1,0.8653963432,0.05144251033,0,0
69,4,000000100,1,0.9094512276,0.06868225115,0,0
69,128,010000000,1,0.9323170781,0.08404751134,0,0
69,128,010000000,1,0.9323170781,0.08404751134,0,0
69,128,010000000,1,0.9323170781,0.08404751134,0,0
69,138,010001010,3,0.9580792598,0.1175190397,0,0
69,463,111001111,7,0.9701219536,0.2215583678,0,0
69,128,010000000,1,0.9323170781,0.08404751134,0,0
69,128,010000000,1,0.9323170781,0.08404751134,0,0
69,4,000000100,1,0.9094512276,0.06868225115,0,0
69,136,010001000,2,0.9556402415,0.08872172865,0,0
69,463,111001111,7,0.9701219536,0.2215583678,0,0
69,4,000000100,1,0.9094512276,0.06868225115,0,0
69,286,100011110,5,0.9696646333,0.1719646058,0,0
69,128,010000000,1,0.9323170781,0.08404751134,0,0
69,128,010000000,1,0.9323170781,0.08404751134,0,0
69,4,000000100,1,0.9094512276,0.06868225115,0,0
69,463,111001111,7,0.9701219536,0.2215583678,0,0
69,128,010000000,1,0.9323170781,0.08404751134,0,0
69,4,000000100,1,0.9094512276,0.06868225115,0,0
69,128,010000000,1,0.9323170781,0.08404751134,0,0
69,286,100011110,5,0.9696646333,0.1719646058,0,0
69,463,111001111,7,0.9701219536,0.2215583678,0,0
69,286,100011110,5,0.9696646333,0.1719646058,0,0
69,128,010000000,1,0.9323170781,0.08404751134,0,0
69,4,000000100,1,0.9094512276,0.06868225115,0,0
69,256,100000000,1,0.8653963432,0.05144251033,0,0
69,128,010000000,1,0.9323170781,0.08404751134,0,0
69,128,010000000,1,0.9323170781,0.08404751134,0,0
69,4,000000100,1,0.9094512276,0.06868225115,0,0
69,128,010000000,1,0.9323170781,0.08404751134,0,0
69,4,000000100,1,0.9094512276,0.06868225115,0,0
69,256,100000000,1,0.8653963432,0.05144251033,0,0
69,463,111001111,7,0.9701219536,0.2215583678,0,0
69,256,100000000,1,0.8653963432,0.05144251033,0,0
69,128,010000000,1,0.9323170781,0.08404751134,0,0
69,4,000000100,1,0.9094512276,0.06868225115,0,0
69,256,100000000,1,0.8653963432,0.05144251033,0,0
69,4,000000100,1,0.9094512276,0.06868225115,0,0
69,256,100000000,1,0.8653963432,0.05144251033,0,0
69,256,100000000,1,0.8653963432,0.05144251033,0,0
69,4,000000100,1,0.9094512276,0.06868225115,0,0
69,4,000000100,1,0.9094512276,0.06868225115,0,0
69,463,111001111,7,0.9701219536,0.2215583678,0,0
69,4,000000100,1,0.9094512276,0.06868225115,0,0
70,256,100000000,1,0.8653963432,0.05144251033,0,inf
70,463,111001111,7,0.9701219536,0.2215583678,0,inf
70,4,000000100,1,0.9094512276,0.06868225115,0,0.5220108109
70,256,100000000,1,0.8653963432,0.05144251033,0,0.5220108109
70,4,000000100,1,0.9094512276,0.06868225115,0,0.308662907
70,128,010000000,1,0.9323170781,0.08404751134,0,0.308662907
70,286,100011110,5,0.9696646333,0.1719646058,0,0.295896174
70,463,111001111,7,0.9701219536,0.2215583678,0,0.295896174
70,128,010000000,1,0.9323170781,0.08404751134,0,0.2501840222
70,136,010001000,2,0.9556402415,0.08872172865,0,0.2501840222
70,138,010001010,3,0.9580792598,0.1175190397,0,0.1925701872
70,136,010001000,2,0.9556402415,0.08872172865,0,0.1925701872
70,328,101001000,3,0.9661585353,0.1314932012,0,0.1195143764
70,170,010101010,4,0.9583841376,0.1237906108,0,0.1195143764
70,299,100101011,5,0.9684451278,0.1646855306,0,0.09645812205
70,394,110001010,4,0.9682926834,0.1485241046,0,0.09645812205
70,394,110001010,4,0.9682926834,0.1485241046,0,0.09297294788
70,266,100001010,3,0.9663109817,0.1359270001,0,0.09297294788
70,170,010101010,4,0.9583841376,0.1237906108,0,0.03977767534
70,138,010001010,3,0.9580792598,0.1175190397,0,0.03977767534
70,286,100011110,5,0.9696646333,0.1719646058,0,0.03013367655
70,459,111001011,6,0.9693597592,0.1673336257,0,0.03013367655
70,328,101001000,3,0.9661585353,0.1314932012,0,0.02751908085
70,266,100001010,3,0.9663109817,0.1359270001,0,0.02751908085
70,299,100101011,5,0.9684451278,0.1646855306,0,0.02430001974
70,459,111001011,6,0.9693597592,0.1673336257,0,0.02430001974
70,256,100000000,1,0.8653963432,0.05144251033,0,0
70,4,000000100,1,0.9094512276,0.06868225115,0,0
70,266,100001010,3,0.9663109817,0.1359270001,0,0
70,299,100101011,5,0.9684451278,0.1646855306,0,0
70,459,111001011,6,0.9693597592,0.1673336257,0,0
70,138,010001010,3,0.9580792598,0.1175190397,0,0
70,266,100001010,3,0.9663109817,0.1359270001,0,0
70,459,111001011,6,0.9693597592,0.1673336257,0,0
70,266,100001010,3,0.9663109817,0.1359270001,0,0
70,266,100001010,3,0.9663109817,0.1359270001,0,0
70,266,100001010,3,0.9663109817,0.1359270001,0,0
70,328,101001000,3,0.9661585353,0.1314932012,0,0
70,459,111001011,6,0.9693597592,0.1673336257,0,0
70,299,100101011,5,0.9684451278,0.1646855306,0,0
70,459,111001011,6,0.9693597592,0.1673336257,0,0
70,328,101001000,3,0.9661585353,0.1314932012,0,0
70,328,101001000,3,0.9661585353,0.1314932012,0,0
70,328,101001000,3,0.9661585353,0.1314932012,0,0
70,459,111001011,6,0.9693597592,0.1673336257,0,0
70,266,100001010,3,0.9663109817,0.1359270001,0,0
70,459,111001011,6,0.9693597592,0.1673336257,0,0
70,286,100011110,5,0.9696646333,0.1719646058,0,0
70,328,101001000,3,0.9661585353,0.1314932012,0,0
70,286,100011110,5,0.9696646333,0.1719646058,0,0
70,459,111001011,6,0.9693597592,0.1673336257,0,0
70,286,100011110,5,0.9696646333,0.1719646058,0,0
70,266,100001010,3,0.9663109817,0.1359270001,0,0
70,266,100001010,3,0.9663109817,0.1359270001,0,0
70,266,100001010,3,0.9663109817,0.1359270001,0,0
70,286,100011110,5,0.9696646333,0.1719646058,0,0
70,328,101001000,3,0.9661585353,0.1314932012,0,0
70,286,100011110,5,0.9696646333,0.1719646058,0,0
70,138,010001010,3,0.9580792598,0.1175190397,0,0
70,286,100011110,5,0.9696646333,0.1719646058,0,0
70,459,111001011,6,0.9693597592,0.1673336257,0,0
70,459,111001011,6,0.9693597592,0.1673336257,0,0
70,266,100001010,3,0.9663109817,0.1359270001,0,0
70,170,010101010,4,0.9583841376,0.1237906108,0,0
70,459,111001011,6,0.9693597592,0.1673336257,0,0
70,459,111001011,6,0.9693597592,0.1673336257,0,0
70,170,010101010,4,0.9583841376,0.1237906108,0,0
70,266,100001010,3,0.9663109817,0.1359270001,0,0
70,170,010101010,4,0.9583841376,0.1237906108,0,0
70,299,100101011,5,0.9684451278,0.1646855306,0,0
70,286,100011110,5,0.9696646333,0.1719646058,0,0
70,266,100001010,3,0.9663109817,0.1359270001,0,0
70,394,110001010,4,0.9682926834,0.1485241046,0,0
70,286,100011110,5,0.9696646333,0.1719646058,0,0
70,266,100001010,3,0.9663109817,0.1359270001,0,0
70,170,010101010,4,0.9583841376,0.1237906108,0,0
70,266,100001010,3,0.9663109817,0.1359270001,0,0
70,394,110001010,4,0.9682926834,0.1485241046,0,0
70,170,010101010,4,0.9583841376,0.1237906108,0,0
70,328,101001000,3,0.9661585353,0.1314932012,0,0
70,138,010001010,3,0.9580792598,0.1175190397,0,0
70,138,010001010,3,0.9580792598,0.1175190397,0,0
70,256,100000000,1,0.8653963432,0.05144251033,0,0
70,266,100001010,3,0.9663109817,0.1359270001,0,0
70,256,100000000,1,0.8653963432,0.05144251033,0,0
70,394,110001010,4,0.9682926834,0.1485241046,0,0
70,266,100001010,3,0.9663109817,0.1359270001,0,0
70,328,101001000,3,0.9661585353,0.1314932012,0,0
70,328,101001000,3,0.9661585353,0.1314932012,0,0
70,170,010101010,4,0.9583841376,0.1237906108,0,0
70,328,101001000,3,0.9661585353,0.1314932012,0,0
70,266,100001010,3,0.9663109817,0.1359270001,0,0
70,394,110001010,4,0.9682926834,0.1485241046,0,0
70,136,010001000,2,0.9556402415,0.08872172865,0,0
70,394,110001010,4,0.9682926834,0.1485241046,0,0
70,170,010101010,4,0.9583841376,0.1237906108,0,0
70,299,100101011,5,0.9684451278,0.1646855306,0,0
70,299,100101011,5,0.9684451278,0.1646855306,0,0
70,138,010001010,3,0.9580792598,0.1175190397,0,0
70,136,010001000,2,0.9556402415,0.08872172865,0,0
70,170,010101010,4,0.9583841376,0.1237906108,0,0
70,170,010101010,4,0.9583841376,0.1237906108,0,0
70,136,010001000,2,0.9556402415,0.08872172865,0,0
70,328,101001000,3,0.9661585353,0.1314932012,0,0
70,266,100001010,3,0.9663109817,0.1359270001,0,0
70,136,010001000,2,0.9556402415,0.08872172865,0,0
70,128,010000000,1,0.9323170781,0.08404751134,0,0
70,136,010001000,2,0.9556402415,0.08872172865,0,0
70,463,111001111,7,0.9701219536,0.2215583678,0,0
70,128,010000000,1,0.9323170781,0.08404751134,0,0
70,128,010000000,1,0.9323170781,0.08404751134,0,0
70,138,010001010,3,0.9580792598,0.1175190397,0,0
70,128,010000000,1,0.9323170781,0.08404751134,0,0
70,328,101001000,3,0.9661585353,0.1314932012,0,0
70,136,010001000,2,0.9556402415,0.08872172865,0,0
70,136,010001000,2,0.9556402415,0.08872172865,0,0
70,128,010000000,1,0.9323170781,0.08404751134,0,0
70,256,100000000,1,0.8653963432,0.05144251033,0,0
70,4,000000100,1,0.9094512276,0.06868225115,0,0
70,128,010000000,1,0.9323170781,0.08404751134,0,0
70,286,100011110,5,0.9696646333,0.1719646058,0,0
70,128,010000000,1,0.9323170781,0.08404751134,0,0
70,4,000000100,1,0.9094512276,0.06868225115,0,0
70,463,111001111,7,0.9701219536,0.2215583678,0,0
70,128,010000000,1,0.9323170781,0.08404751134,0,0
70,128,010000000,1,0.9323170781,0.08404751134,0,0
70,4,000000100,1,0.9094512276,0.06868225115,0,0
70,136,010001000,2,0.9556402415,0.08872172865,0,0
70,463,111001111,7,0.9701219536,0.2215583678,0,0
70,4,000000100,1,0.9094512276,0.06868225115,0,0
70,286,100011110,5,0.9696646333,0.1719646058,0,0
70,128,010000000,1,0.9323170781,0.08404751134,0,0
70,128,010000000,1,0.9323170781,0.08404751134,0,0
70,4,000000100,1,0.9094512276,0.06868225115,0,0
70,463,111001111,7,0.9701219536,0.2215583678,0,0
70,128,010000000,1,0.9323170781,0.08404751134,0,0
70,4,000000100,1,0.9094512276,0.06868225115,0,0
70,128,010000000,1,0.9323170781,0.08404751134,0,0
70,286,100011110,5,0.9696646333,0.1719646058,0,0
70,463,111001111,7,0.9701219536,0.2215583678,0,0
70,256,100000000,1,0.8653963432,0.05144251033,0,0
70,128,010000000,1,0.9323170781,0.08404751134,0,0
70,4,000000100,1,0.9094512276,0.06868225115,0,0
70,256,100000000,1,0.8653963432,0.05144251033,0,0
70,128,010000000,1,0.9323170781,0.08404751134,0,0
70,128,010000000,1,0.9323170781,0.08404751134,0,0
70,4,000000100,1,0.9094512276,0.06868225115,0,0
70,128,010000000,1,0.9323170781,0.08404751134,0,0
70,4,000000100,1,0.9094512276,0.06868225115,0,0
70,256,100000000,1,0.8653963432,0.05144251033,0,0
70,463,111001111,7,0.9701219536,0.2215583678,0,0
70,256,100000000,1,0.8653963432,0.05144251033,0,0
70,128,010000000,1,0.9323170781,0.08404751134,0,0
70,463,111001111,7,0.9701219536,0.2215583678,0,0
70,256,100000000,1,0.8653963432,0.05144251033,0,0
70,4,000000100,1,0.9094512276,0.06868225115,0,0
70,256,100000000,1,0.8653963432,0.05144251033,0,0
70,256,100000000,1,0.8653963432,0.05144251033,0,0
70,4,000000100,1,0.9094512276,0.06868225115,0,0
70,4,000000100,1,0.9094512276,0.06868225115,0,0
70,463,111001111,7,0.9701219536,0.2215583678,0,0
70,4,000000100,1,0.9094512276,0.06868225115,0,0
71,256,100000000,1,0.8653963432,0.05144251033,0,inf
71,463,111001111,7,0.9701219536,0.2215583678,0,inf
71,4,000000100,1,0.9094512276,0.06868225115,0,0.5220108109
71,256,100000000,1,0.8653963432,0.05144251033,0,0.5220108109
71,128,010000000,1,0.9323170781,0.08404751134,0,0.308662907
71,4,000000100,1,0.9094512276,0.06868225115,0,0.308662907
71,463,111001111,7,0.9701219536,0.2215583678,0,0.295896174
71,286,100011110,5,0.9696646333,0.1719646058,0,0.295896174
71,136,010001000,2,0.9556402415,0.08872172865,0,0.2501840222
71,128,010000000,1,0.9323170781,0.08404751134,0,0.2501840222
71,138,010001010,3,0.9580792598,0.1175190397,0,0.1925701872
71,136,010001000,2,0.9556402415,0.08872172865,0,0.1925701872
71,328,101001000,3,0.9661585353,0.1314932012,0,0.1195143764
71,170,010101010,4,0.9583841376,0.1237906108,0,0.1195143764
71,299,100101011,5,0.9684451278,0.1646855306,0,0.09645812205
71,394,110001010,4,0.9682926834,0.1485241046,0,0.09645812205
71,394,110001010,4,0.9682926834,0.1485241046,0,0.09297294788
71,266,100001010,3,0.9663109817,0.1359270001,0,0.09297294788
71,170,010101010,4,0.9583841376,0.1237906108,0,0.03977767534
71,138,010001010,3,0.9580792598,0.1175190397,0,0.03977767534
71,286,100011110,5,0.9696646333,0.1719646058,0,0.03013367655
71,459,111001011,6,0.9693597592,0.1673336257,0,0.03013367655
71,328,101001000,3,0.9661585353,0.1314932012,0,0.02751908085
71,266,100001010,3,0.9663109817,0.1359270001,0,0.02751908085
71,459,111001011,6,0.9693597592,0.1673336257,0,0.02430001974
71,299,100101011,5,0.9684451278,0.1646855306,0,0.02430001974
71,256,100000000,1,0.8653963432,0.05144251033,0,0
71,256,100000000,1,0.8653963432,0.05144251033,0,0
71,266,100001010,3,0.9663109817,0.1359270001,0,0
71,256,100000000,1,0.8653963432,0.05144251033,0,0
71,459,111001011,6,0.9693597592,0.1673336257,0,0
71,459,111001011,6,0.9693597592,0.1673336257,0,0
71,266,100001010,3,0.9663109817,0.1359270001,0,0
71,459,111001011,6,0.9693597592,0.1673336257,0,0
71,266,100001010,3,0.9663109817,0.1359270001,0,0
71,266,100001010,3,0.9663109817,0.1359270001,0,0
71,266,100001010,3,0.9663109817,0.1359270001,0,0
71,328,101001000,3,0.9661585353,0.1314932012,0,0
71,459,111001011,6,0.9693597592,0.1673336257,0,0
71,299,100101011,5,0.9684451278,0.1646855306,0,0
71,459,111001011,6,0.9693597592,0.1673336257,0,0
71,328,101001000,3,0.9661585353,0.1314932012,0,0
71,328,101001000,3,0.9661585353,0.1314932012,0,0
71,328,101001000,3,0.9661585353,0.1314932012,0,0
71,266,100001010,3,0.9663109817,0.1359270001,0,0
71,266,100001010,3,0.9663109817,0.1359270001,0,0
71,328,101001000,3,0.9661585353,0.1314932012,0,0
71,286,100011110,5,0.9696646333,0.1719646058,0,0
71,328,101001000,3,0.9661585353,0.1314932012,0,0
71,286,100011110,5,0.9696646333,0.1719646058,0,0
71,459,111001011,6,0.9693597592,0.1673336257,0,0
71,286,100011110,5,0.9696646333,0.1719646058,0,0
71,266,100001010,3,0.9663109817,0.1359270001,0,0
71,266,100001010,3,0.9663109817,0.1359270001,0,0
71,266,100001010,3,0.9663109817,0.1359270001,0,0
71,286,100011110,5,0.9696646333,0.1719646058,0,0
71,328,101001000,3,0.9661585353,0.1314932012,0,0
71,286,100011110,5,0.9696646333,0.1719646058,0,0
71,138,010001010,3,0.9580792598,0.1175190397,0,0
71,286,100011110,5,0.9696646333,0.1719646058,0,0
71,459,111001011,6,0.9693597592,0.1673336257,0,0
71,459,111001011,6,0.9693597592,0.1673336257,0,0
71,459,111001011,6,0.9693597592,0.1673336257,0,0
71,170,010101010,4,0.9583841376,0.1237906108,0,0
71,459,111001011,6,0.9693597592,0.1673336257,0,0
71,459,111001011,6,0.9693597592,0.1673336257,0,0
71,170,010101010,4,0.9583841376,0.1237906108,0,0
71,266,100001010,3,0.9663109817,0.1359270001,0,0
71,170,010101010,4,0.9583841376,0.1237906108,0,0
71,299,100101011,5,0.9684451278,0.1646855306,0,0
71,286,100011110,5,0.9696646333,0.1719646058,0,0
71,266,100001010,3,0.9663109817,0.1359270001,0,0
71,394,110001010,4,0.9682926834,0.1485241046,0,0
71,286,100011110,5,0.9696646333,0.1719646058,0,0
71,266,100001010,3,0.9663109817,0.1359270001,0,0
71,170,010101010,4,0.9583841376,0.1237906108,0,0
71,286,100011110,5,0.9696646333,0.1719646058,0,0
71,138,010001010,3,0.9580792598,0.1175190397,0,0
71,170,010101010,4,0.9583841376,0.1237906108,0,0
71,266,100001010,3,0.9663109817,0.1359270001,0,0
71,138,010001010,3,0.9580792598,0.1175190397,0,0
71,394,110001010,4,0.9682926834,0.1485241046,0,0
71,299,100101011,5,0.9684451278,0.1646855306,0,0
71,266,100001010,3,0.9663109817,0.1359270001,0,0
71,170,010101010,4,0.9583841376,0.1237906108,0,0
71,394,110001010,4,0.9682926834,0.1485241046,0,0
71,266,100001010,3,0.9663109817,0.1359270001,0,0
71,328,101001000,3,0.9661585353,0.1314932012,0,0
71,328,101001000,3,0.9661585353,0.1314932012,0,0
71,170,010101010,4,0.9583841376,0.1237906108,0,0
71,328,101001000,3,0.9661585353,0.1314932012,0,0
71,266,100001010,3,0.9663109817,0.1359270001,0,0
71,394,110001010,4,0.9682926834,0.1485241046,0,0
71,136,010001000,2,0.9556402415,0.08872172865,0,0
71,394,110001010,4,0.9682926834,0.1485241046,0,0
71,328,101001000,3,0.9661585353,0.1314932012,0,0
71,4,000000100,1,0.9094512276,0.06868225115,0,0
71,299,100101011,5,0.9684451278,0.1646855306,0,0
71,138,010001010,3,0.9580792598,0.1175190397,0,0
71,136,010001000,2,0.9556402415,0.08872172865,0,0
71,170,010101010,4,0.9583841376,0.1237906108,0,0
71,170,010101010,4,0.9583841376,0.1237906108,0,0
71,136,010001000,2,0.9556402415,0.08872172865,0,0
71,328,101001000,3,0.9661585353,0.1314932012,0,0
71,266,100001010,3,0.9663109817,0.1359270001,0,0
71,136,010001000,2,0.9556402415,0.08872172865,0,0
71,128,010000000,1,0.9323170781,0.08404751134,0,0
71,136,010001000,2,0.9556402415,0.08872172865,0,0
71,463,111001111,7,0.9701219536,0.2215583678,0,0
71,128,010000000,1,0.9323170781,0.08404751134,0,0
71,128,010000000,1,0.9323170781,0.08404751134,0,0
71,138,010001010,3,0.9580792598,0.1175190397,0,0
71,138,010001010,3,0.9580792598,0.1175190397,0,0
71,128,010000000,1,0.9323170781,0.08404751134,0,0
71,136,010001000,2,0.9556402415,0.08872172865,0,0
71,136,010001000,2,0.9556402415,0.08872172865,0,0
71,128,010000000,1,0.9323170781,0.08404751134,0,0
71,256,100000000,1,0.8653963432,0.05144251033,0,0
71,4,000000100,1,0.9094512276,0.06868225115,0,0
71,128,010000000,1,0.9323170781,0.08404751134,0,0
71,286,100011110,5,0.9696646333,0.1719646058,0,0
71,128,010000000,1,0.9323170781,0.08404751134,0,0
71,4,000000100,1,0.9094512276,0.06868225115,0,0
71,463,111001111,7,0.9701219536,0.2215583678,0,0
71,128,010000000,1,0.9323170781,0.08404751134,0,0
71,128,010000000,1,0.9323170781,0.08404751134,0,0
71,4,000000100,1,0.9094512276,0.06868225115,0,0
71,136,010001000,2,0.9556402415,0.08872172865,0,0
71,463,111001111,7,0.9701219536,0.2215583678,0,0
71,4,000000100,1,0.9094512276,0.06868225115,0,0
71,463,111001111,7,0.9701219536,0.2215583678,0,0
71,128,010000000,1,0.9323170781,0.08404751134,0,0
71,128,010000000,1,0.9323170781,0.08404751134,0,0
71,128,010000000,1,0.9323170781,0.08404751134,0,0
71,463,111001111,7,0.9701219536,0.2215583678,0,0
71,128,010000000,1,0.9323170781,0.08404751134,0,0
71,4,000000100,1,0.9094512276,0.06868225115,0,0
71,4,000000100,1,0.9094512276,0.06868225115,0,0
71,286,100011110,5,0.9696646333,0.1719646058,0,0
71,256,100000000,1,0.8653963432,0.05144251033,0,0
71,256,100000000,1,0.8653963432,0.05144251033,0,0
71,128,010000000,1,0.9323170781,0.08404751134,0,0
71,4,000000100,1,0.9094512276,0.06868225115,0,0
71,256,100000000,1,0.8653963432,0.05144251033,0,0
71,128,010000000,1,0.9323170781,0.08404751134,0,0
71,128,010000000,1,0.9323170781,0.08404751134,0,0
71,4,000000100,1,0.9094512276,0.06868225115,0,0
71,128,010000000,1,0.9323170781,0.08404751134,0,0
71,4,000000100,1,0.9094512276,0.06868225115,0,0
71,256,100000000,1,0.8653963432,0.05144251033,0,0
71,463,111001111,7,0.9701219536,0.2215583678,0,0
71,256,100000000,1,0.8653963432,0.05144251033,0,0
71,128,010000000,1,0.9323170781,0.08404751134,0,0
71,463,111001111,7,0.9701219536,0.2215583678,0,0
71,256,100000000,1,0.8653963432,0.05144251033,0,0
71,4,000000100,1,0.9094512276,0.06868225115,0,0
71,256,100000000,1,0.8653963432,0.05144251033,0,0
71,256,100000000,1,0.8653963432,0.05144251033,0,0
71,4,000000100,1,0.9094512276,0.06868225115,0,0
71,4,000000100,1,0.9094512276,0.06868225115,0,0
71,463,111001111,7,0.9701219536,0.2215583678,0,0
71,4,000000100,1,0.9094512276,0.06868225115,0,0
72,256,100000000,1,0.8653963432,0.05144251033,0,inf
72,463,111001111,7,0.9701219536,0.2215583678,0,inf
72,256,100000000,1,0.8653963432,0.05144251033,0,0.5220108109
72,4,000000100,1,0.9094512276,0.06868225115,0,0.5220108109
72,4,000000100,1,0.9094512276,0.06868225115,0,0.308662907
72,128,010000000,1,0.9323170781,0.08404751134,0,0.308662907
72,286,100011110,5,0.9696646333,0.1719646058,0,0.295896174
72,463,111001111,7,0.9701219536,0.2215583678,0,0.295896174
72,128,010000000,1,0.9323170781,0.08404751134,0,0.2501840222
72,136,010001000,2,0.9556402415,0.08872172865,0,0.2501840222
72,136,010001000,2,0.9556402415,0.08872172865,0,0.1925701872
72,138,010001010,3,0.9580792598,0.1175190397,0,0.1925701872
72,328,101001000,3,0.9661585353,0.1314932012,0,0.1195143764
72,170,010101010,4,0.9583841376,0.1237906108,0,0.1195143764
72,299,100101011,5,0.9684451278,0.1646855306,0,0.09645812205
72,394,110001010,4,0.9682926834,0.1485241046,0,0.09645812205
72,394,110001010,4,0.9682926834,0.1485241046,0,0.09297294788
72,266,100001010,3,0.9663109817,0.1359270001,0,0.09297294788
72,170,010101010,4,0.9583841376,0.1237906108,0,0.03977767534
72,138,010001010,3,0.9580792598,0.1175190397,0,0.03977767534
72,459,111001011,6,0.9693597592,0.1673336257,0,0.03013367655
72,286,100011110,5,0.9696646333,0.1719646058,0,0.03013367655
72,266,100001010,3,0.9663109817,0.1359270001,0,0.02751908085
72,328,101001000,3,0.9661585353,0.1314932012,0,0.02751908085
72,299,100101011,5,0.9684451278,0.1646855306,0,0.02430001974
72,459,111001011,6,0.9693597592,0.1673336257,0,0.02430001974
72,266,100001010,3,0.9663109817,0.1359270001,0,0
72,128,010000000,1,0.9323170781,0.08404751134,0,0
72,266,100001010,3,0.9663109817,0.1359270001,0,0
72,256,100000000,1,0.8653963432,0.05144251033,0,0
72,256,100000000,1,0.8653963432,0.05144251033,0,0
72,459,111001011,6,0.9693597592,0.1673336257,0,0
72,266,100001010,3,0.9663109817,0.1359270001,0,0
72,459,111001011,6,0.9693597592,0.1673336257,0,0
72,266,100001010,3,0.9663109817,0.1359270001,0,0
72,266,100001010,3,0.9663109817,0.1359270001,0,0
72,266,100001010,3,0.9663109817,0.1359270001,0,0
72,328,101001000,3,0.9661585353,0.1314932012,0,0
72,459,111001011,6,0.9693597592,0.1673336257,0,0
72,299,100101011,5,0.9684451278,0.1646855306,0,0
72,459,111001011,6,0.9693597592,0.1673336257,0,0
72,328,101001000,3,0.9661585353,0.1314932012,0,0
72,328,101001000,3,0.9661585353,0.1314932012,0,0
72,266,100001010,3,0.9663109817,0.1359270001,0,0
72,328,101001000,3,0.9661585353,0.1314932012,0,0
72,266,100001010,3,0.9663109817,0.1359270001,0,0
72,328,101001000,3,0.9661585353,0.1314932012,0,0
72,459,111001011,6,0.9693597592,0.1673336257,0,0
72,328,101001000,3,0.9661585353,0.1314932012,0,0
72,286,100011110,5,0.9696646333,0.1719646058,0,0
72,459,111001011,6,0.9693597592,0.1673336257,0,0
72,286,100011110,5,0.9696646333,0.1719646058,0,0
72,266,100001010,3,0.9663109817,0.1359270001,0,0
72,266,100001010,3,0.9663109817,0.1359270001,0,0
72,266,100001010,3,0.9663109817,0.1359270001,0,0
72,286,100011110,5,0.9696646333,0.1719646058,0,0
72,328,101001000,3,0.9661585353,0.1314932012,0,0
72,286,100011110,5,0.9696646333,0.1719646058,0,0
72,138,010001010,3,0.9580792598,0.1175190397,0,0
72,286,100011110,5,0.9696646333,0.1719646058,0,0
72,459,111001011,6,0.9693597592,0.1673336257,0,0
72,459,111001011,6,0.9693597592,0.1673336257,0,0
72,459,111001011,6,0.9693597592,0.1673336257,0,0
72,138,010001010,3,0.9580792598,0.1175190397,0,0
72,459,111001011,6,0.9693597592,0.1673336257,0,0
72,459,111001011,6,0.9693597592,0.1673336257,0,0
72,170,010101010,4,0.9583841376,0.1237906108,0,0
72,266,100001010,3,0.9663109817,0.1359270001,0,0
72,170,010101010,4,0.9583841376,0.1237906108,0,0
72,299,100101011,5,0.9684451278,0.1646855306,0,0
72,286,100011110,5,0.9696646333,0.1719646058,0,0
72,170,010101010,4,0.9583841376,0.1237906108,0,0
72,266,100001010,3,0.9663109817,0.1359270001,0,0
72,286,100011110,5,0.9696646333,0.1719646058,0,0
72,266,100001010,3,0.9663109817,0.1359270001,0,0
72,170,010101010,4,0.9583841376,0.1237906108,0,0
72,286,100011110,5,0.9696646333,0.1719646058,0,0
72,394,110001010,4,0.9682926834,0.1485241046,0,0
72,170,010101010,4,0.9583841376,0.1237906108,0,0
72,266,100001010,3,0.9663109817,0.1359270001,0,0
72,299,100101011,5,0.9684451278,0.1646855306,0,0
72,394,110001010,4,0.9682926834,0.1485241046,0,0
72,299,100101011,5,0.9684451278,0.1646855306,0,0
72,256,100000000,1,0.8653963432,0.05144251033,0,0
72,4,000000100,1,0.9094512276,0.06868225115,0,0
72,394,110001010,4,0.9682926834,0.1485241046,0,0
72,266,100001010,3,0.9663109817,0.1359270001,0,0
72,328,101001000,3,0.9661585353,0.1314932012,0,0
72,328,101001000,3,0.9661585353,0.1314932012,0,0
72,170,010101010,4,0.9583841376,0.1237906108,0,0
72,328,101001000,3,0.9661585353,0.1314932012,0,0
72,266,100001010,3,0.9663109817,0.1359270001,0,0
72,394,110001010,4,0.9682926834,0.1485241046,0,0
72,136,010001000,2,0.9556402415,0.08872172865,0,0
72,394,110001010,4,0.9682926834,0.1485241046,0,0
72,170,010101010,4,0.9583841376,0.1237906108,0,0
72,256,100000000,1,0.8653963432,0.05144251033,0,0
72,136,010001000,2,0.9556402415,0.08872172865,0,0
72,138,010001010,3,0.9580792598,0.1175190397,0,0
72,136,010001000,2,0.9556402415,0.08872172865,0,0
72,170,010101010,4,0.9583841376,0.1237906108,0,0
72,170,010101010,4,0.9583841376,0.1237906108,0,0
72,138,010001010,3,0.9580792598,0.1175190397,0,0
72,328,101001000,3,0.9661585353,0.1314932012,0,0
72,266,100001010,3,0.9663109817,0.1359270001,0,0
72,128,010000000,1,0.9323170781,0.08404751134,0,0
72,136,010001000,2,0.9556402415,0.08872172865,0,0
72,136,010001000,2,0.9556402415,0.08872172865,0,0
72,463,111001111,7,0.9701219536,0.2215583678,0,0
72,128,010000000,1,0.9323170781,0.08404751134,0,0
72,128,010000000,1,0.9323170781,0.08404751134,0,0
72,138,010001010,3,0.9580792598,0.1175190397,0,0
72,138,010001010,3,0.9580792598,0.1175190397,0,0
72,286,100011110,5,0.9696646333,0.1719646058,0,0
72,136,010001000,2,0.9556402415,0.08872172865,0,0
72,136,010001000,2,0.9556402415,0.08872172865,0,0
72,128,010000000,1,0.9323170781,0.08404751134,0,0
72,256,100000000,1,0.8653963432,0.05144251033,0,0
72,4,000000100,1,0.9094512276,0.06868225115,0,0
72,128,010000000,1,0.9323170781,0.08404751134,0,0
72,286,100011110,5,0.9696646333,0.1719646058,0,0
72,128,010000000,1,0.9323170781,0.08404751134,0,0
72,4,000000100,1,0.9094512276,0.06868225115,0,0
72,463,111001111,7,0.9701219536,0.2215583678,0,0
72,128,010000000,1,0.9323170781,0.08404751134,0,0
72,128,010000000,1,0.9323170781,0.08404751134,0,0
72,4,000000100,1,0.9094512276,0.06868225115,0,0
72,136,010001000,2,0.9556402415,0.08872172865,0,0
72,463,111001111,7,0.9701219536,0.2215583678,0,0
72,4,000000100,1,0.9094512276,0.06868225115,0,0
72,4,000000100,1,0.9094512276,0.06868225115,0,0
72,128,010000000,1,0.9323170781,0.08404751134,0,0
72,128,010000000,1,0.9323170781,0.08404751134,0,0
72,128,010000000,1,0.9323170781,0.08404751134,0,0
72,463,111001111,7,0.9701219536,0.2215583678,0,0
72,128,010000000,1,0.9323170781,0.08404751134,0,0
72,4,000000100,1,0.9094512276,0.06868225115,0,0
72,4,000000100,1,0.9094512276,0.06868225115,0,0
72,286,100011110,5,0.9696646333,0.1719646058,0,0
72,256,100000000,1,0.8653963432,0.05144251033,0,0
72,256,100000000,1,0.8653963432,0.05144251033,0,0
72,128,010000000,1,0.9323170781,0.08404751134,0,0
72,4,000000100,1,0.9094512276,0.06868225115,0,0
72,256,100000000,1,0.8653963432,0.05144251033,0,0
72,128,010000000,1,0.9323170781,0.08404751134,0,0
72,128,010000000,1,0.9323170781,0.08404751134,0,0
72,4,000000100,1,0.9094512276,0.06868225115,0,0
72,128,010000000,1,0.9323170781,0.08404751134,0,0
72,4,000000100,1,0.9094512276,0.06868225115,0,0
72,256,100000000,1,0.8653963432,0.05144251033,0,0
72,463,111001111,7,0.9701219536,0.2215583678,0,0
72,256,100000000,1,0.8653963432,0.05144251033,0,0
72,128,010000000,1,0.9323170781,0.08404751134,0,0
72,463,111001111,7,0.9701219536,0.2215583678,0,0
72,256,100000000,1,0.8653963432,0.05144251033,0,0
72,128,010000000,1,0.9323170781,0.08404751134,0,0
72,256,100000000,1,0.8653963432,0.05144251033,0,0
72,463,111001111,7,0.9701219536,0.2215583678,0,0
72,4,000000100,1,0.9094512276,0.06868225115,0,0
72,4,000000100,1,0.9094512276,0.06868225115,0,0
72,463,111001111,7,0.9701219536,0.2215583678,0,0
72,4,000000100,1,0.9094512276,0.06868225115,0,0
73,256,100000000,1,0.8653963432,0.05144251033,0,inf
73,463,111001111,7,0.9701219536,0.2215583678,0,inf
73,256,100000000,1,0.8653963432,0.05144251033,0,0.5220108109
73,4,000000100,1,0.9094512276,0.06868225115,0,0.5220108109
73,4,000000100,1,0.9094512276,0.06868225115,0,0.308662907
73,128,010000000,1,0.9323170781,0.08404751134,0,0.308662907
73,463,111001111,7,0.9701219536,0.2215583678,0,0.295896174
73,286,100011110,5,0.9696646333,0.1719646058,0,0.295896174
73,128,010000000,1,0.9323170781,0.08404751134,0,0.2501840222
73,136,010001000,2,0.9556402415,0.08872172865,0,0.2501840222
73,136,010001000,2,0.9556402415,0.08872172865,0,0.1925701872
73,138,010001010,3,0.9580792598,0.1175190397,0,0.1925701872
73,170,010101010,4,0.9583841376,0.1237906108,0,0.1195143764
73,328,101001000,3,0.9661585353,0.1314932012,0,0.1195143764
73,299,100101011,5,0.9684451278,0.1646855306,0,0.09645812205
73,394,110001010,4,0.9682926834,0.1485241046,0,0.09645812205
73,394,110001010,4,0.9682926834,0.1485241046,0,0.09297294788
73,266,100001010,3,0.9663109817,0.1359270001,0,0.09297294788
73,138,010001010,3,0.9580792598,0.1175190397,0,0.03977767534
73,170,010101010,4,0.9583841376,0.1237906108,0,0.03977767534
73,286,100011110,5,0.9696646333,0.1719646058,0,0.03013367655
73,459,111001011,6,0.9693597592,0.1673336257,0,0.03013367655
73,266,100001010,3,0.9663109817,0.1359270001,0,0.02751908085
73,328,101001000,3,0.9661585353,0.1314932012,0,0.02751908085
73,299,100101011,5,0.9684451278,0.1646855306,0,0.02430001974
73,459,111001011,6,0.9693597592,0.1673336257,0,0.02430001974
73,256,100000000,1,0.8653963432,0.05144251033,0,0
73,394,110001010,4,0.9682926834,0.1485241046,0,0
73,266,100001010,3,0.9663109817,0.1359270001,0,0
73,266,100001010,3,0.9663109817,0.1359270001,0,0
73,459,111001011,6,0.9693597592,0.1673336257,0,0
73,299,100101011,5,0.9684451278,0.1646855306,0,0
73,266,100001010,3,0.9663109817,0.1359270001,0,0
73,459,111001011,6,0.9693597592,0.1673336257,0,0
73,266,100001010,3,0.9663109817,0.1359270001,0,0
73,266,100001010,3,0.9663109817,0.1359270001,0,0
73,266,100001010,3,0.9663109817,0.1359270001,0,0
73,328,101001000,3,0.9661585353,0.1314932012,0,0
73,459,111001011,6,0.9693597592,0.1673336257,0,0
73,266,100001010,3,0.9663109817,0.1359270001,0,0
73,459,111001011,6,0.9693597592,0.1673336257,0,0
73,328,101001000,3,0.9661585353,0.1314932012,0,0
73,328,101001000,3,0.9661585353,0.1314932012,0,0
73,266,100001010,3,0.9663109817,0.1359270001,0,0
73,328,101001000,3,0.9661585353,0.1314932012,0,0
73,266,100001010,3,0.9663109817,0.1359270001,0,0
73,286,100011110,5,0.9696646333,0.1719646058,0,0
73,459,111001011,6,0.9693597592,0.1673336257,0,0
73,328,101001000,3,0.9661585353,0.1314932012,0,0
73,286,100011110,5,0.9696646333,0.1719646058,0,0
73,459,111001011,6,0.9693597592,0.1673336257,0,0
73,286,100011110,5,0.9696646333,0.1719646058,0,0
73,266,100001010,3,0.9663109817,0.1359270001,0,0
73,138,010001010,3,0.9580792598,0.1175190397,0,0
73,266,100001010,3,0.9663109817,0.1359270001,0,0
73,286,100011110,5,0.9696646333,0.1719646058,0,0
73,328,101001000,3,0.9661585353,0.1314932012,0,0
73,286,100011110,5,0.9696646333,0.1719646058,0,0
73,138,010001010,3,0.9580792598,0.1175190397,0,0
73,170,010101010,4,0.9583841376,0.1237906108,0,0
73,459,111001011,6,0.9693597592,0.1673336257,0,0
73,459,111001011,6,0.9693597592,0.1673336257,0,0
73,459,111001011,6,0.9693597592,0.1673336257,0,0
73,138,010001010,3,0.9580792598,0.1175190397,0,0
73,459,111001011,6,0.9693597592,0.1673336257,0,0
73,459,111001011,6,0.9693597592,0.1673336257,0,0
73,394,110001010,4,0.9682926834,0.1485241046,0,0
73,266,100001010,3,0.9663109817,0.1359270001,0,0
73,170,010101010,4,0.9583841376,0.1237906108,0,0
73,299,100101011,5,0.9684451278,0.1646855306,0,0
73,286,100011110,5,0.9696646333,0.1719646058,0,0
73,170,010101010,4,0.9583841376,0.1237906108,0,0
73,266,100001010,3,0.9663109817,0.1359270001,0,0
73,286,100011110,5,0.9696646333,0.1719646058,0,0
73,266,100001010,3,0.9663109817,0.1359270001,0,0
73,170,010101010,4,0.9583841376,0.1237906108,0,0
73,286,100011110,5,0.9696646333,0.1719646058,0,0
73,170,010101010,4,0.9583841376,0.1237906108,0,0
73,170,010101010,4,0.9583841376,0.1237906108,0,0
73,266,100001010,3,0.9663109817,0.1359270001,0,0
73,299,100101011,5,0.9684451278,0.1646855306,0,0
73,394,110001010,4,0.9682926834,0.1485241046,0,0
73,328,101001000,3,0.9661585353,0.1314932012,0,0
73,256,100000000,1,0.8653963432,0.05144251033,0,0
73,256,100000000,1,0.8653963432,0.05144251033,0,0
73,394,110001010,4,0.9682926834,0.1485241046,0,0
73,266,100001010,3,0.9663109817,0.1359270001,0,0
73,328,101001000,3,0.9661585353,0.1314932012,0,0
73,328,101001000,3,0.9661585353,0.1314932012,0,0
73,170,010101010,4,0.9583841376,0.1237906108,0,0
73,328,101001000,3,0.9661585353,0.1314932012,0,0
73,266,100001010,3,0.9663109817,0.1359270001,0,0
73,394,110001010,4,0.9682926834,0.1485241046,0,0
73,136,010001000,2,0.9556402415,0.08872172865,0,0
73,394,110001010,4,0.9682926834,0.1485241046,0,0
73,138,010001010,3,0.9580792598,0.1175190397,0,0
73,128,010000000,1,0.9323170781,0.08404751134,0,0
73,136,010001000,2,0.9556402415,0.08872172865,0,0
73,138,010001010,3,0.9580792598,0.1175190397,0,0
73,136,010001000,2,0.9556402415,0.08872172865,0,0
73,170,010101010,4,0.9583841376,0.1237906108,0,0
73,170,010101010,4,0.9583841376,0.1237906108,0,0
73,138,010001010,3,0.9580792598,0.1175190397,0,0
73,328,101001000,3,0.9661585353,0.1314932012,0,0
73,266,100001010,3,0.9663109817,0.1359270001,0,0
73,128,010000000,1,0.9323170781,0.08404751134,0,0
73,136,010001000,2,0.9556402415,0.08872172865,0,0
73,136,010001000,2,0.9556402415,0.08872172865,0,0
73,463,111001111,7,0.9701219536,0.2215583678,0,0
73,128,010000000,1,0.9323170781,0.08404751134,0,0
73,128,010000000,1,0.9323170781,0.08404751134,0,0
73,138,010001010,3,0.9580792598,0.1175190397,0,0
73,136,010001000,2,0.9556402415,0.08872172865,0,0
73,136,010001000,2,0.9556402415,0.08872172865,0,0
73,128,010000000,1,0.9323170781,0.08404751134,0,0
73,286,100011110,5,0.9696646333,0.1719646058,0,0
73,128,010000000,1,0.9323170781,0.08404751134,0,0
73,256,100000000,1,0.8653963432,0.05144251033,0,0
73,4,000000100,1,0.9094512276,0.06868225115,0,0
73,128,010000000,1,0.9323170781,0.08404751134,0,0
73,286,100011110,5,0.9696646333,0.1719646058,0,0
73,128,010000000,1,0.9323170781,0.08404751134,0,0
73,4,000000100,1,0.9094512276,0.06868225115,0,0
73,463,111001111,7,0.9701219536,0.2215583678,0,0
73,128,010000000,1,0.9323170781,0.08404751134,0,0
73,128,010000000,1,0.9323170781,0.08404751134,0,0
73,4,000000100,1,0.9094512276,0.06868225115,0,0
73,136,010001000,2,0.9556402415,0.08872172865,0,0
73,463,111001111,7,0.9701219536,0.2215583678,0,0
73,4,000000100,1,0.9094512276,0.06868225115,0,0
73,4,000000100,1,0.9094512276,0.06868225115,0,0
73,128,010000000,1,0.9323170781,0.08404751134,0,0
73,128,010000000,1,0.9323170781,0.08404751134,0,0
73,128,010000000,1,0.9323170781,0.08404751134,0,0
73,463,111001111,7,0.9701219536,0.2215583678,0,0
73,128,010000000,1,0.9323170781,0.08404751134,0,0
73,4,000000100,1,0.9094512276,0.06868225115,0,0
73,4,000000100,1,0.9094512276,0.06868225115,0,0
73,286,100011110,5,0.9696646333,0.1719646058,0,0
73,256,100000000,1,0.8653963432,0.05144251033,0,0
73,256,100000000,1,0.8653963432,0.05144251033,0,0
73,128,010000000,1,0.9323170781,0.08404751134,0,0
73,4,000000100,1,0.9094512276,0.06868225115,0,0
73,256,100000000,1,0.8653963432,0.05144251033,0,0
73,128,010000000,1,0.9323170781,0.08404751134,0,0
73,4,000000100,1,0.9094512276,0.06868225115,0,0
73,4,000000100,1,0.9094512276,0.06868225115,0,0
73,128,010000000,1,0.9323170781,0.08404751134,0,0
73,4,000000100,1,0.9094512276,0.06868225115,0,0
73,256,100000000,1,0.8653963432,0.05144251033,0,0
73,463,111001111,7,0.9701219536,0.2215583678,0,0
73,256,100000000,1,0.8653963432,0.05144251033,0,0
73,128,010000000,1,0.9323170781,0.08404751134,0,0
73,463,111001111,7,0.9701219536,0.2215583678,0,0
73,256,100000000,1,0.8653963432,0.05144251033,0,0
73,128,010000000,1,0.9323170781,0.08404751134,0,0
73,256,100000000,1,0.8653963432,0.05144251033,0,0
73,463,111001111,7,0.9701219536,0.2215583678,0,0
73,4,000000100,1,0.9094512276,0.06868225115,0,0
73,4,000000100,1,0.9094512276,0.06868225115,0,0
73,463,111001111,7,0.9701219536,0.2215583678,0,0
73,4,000000100,1,0.9094512276,0.06868225115,0,0
74,256,100000000,1,0.8653963432,0.05144251033,0,inf
74,463,111001111,7,0.9701219536,0.2215583678,0,inf
74,256,100000000,1,0.8653963432,0.05144251033,0,0.5220108109
74,4,000000100,1,0.9094512276,0.06868225115,0,0.5220108109
74,4,000000100,1,0.9094512276,0.06868225115,0,0.308662907
74,128,010000000,1,0.9323170781,0.08404751134,0,0.308662907
74,286,100011110,5,0.9696646333,0.1719646058,0,0.295896174
74,463,111001111,7,0.9701219536,0.2215583678,0,0.295896174
74,128,010000000,1,0.9323170781,0.08404751134,0,0.2501840222
74,136,010001000,2,0.9556402415,0.08872172865,0,0.2501840222
74,138,010001010,3,0.9580792598,0.1175190397,0,0.1925701872
74,136,010001000,2,0.9556402415,0.08872172865,0,0.1925701872
74,328,101001000,3,0.9661585353,0.1314932012,0,0.1195143764
74,170,010101010,4,0.9583841376,0.1237906108,0,0.1195143764
74,299,100101011,5,0.9684451278,0.1646855306,0,0.09645812205
74,394,110001010,4,0.9682926834,0.1485241046,0,0.09645812205
74,266,100001010,3,0.9663109817,0.1359270001,0,0.09297294788
74,394,110001010,4,0.9682926834,0.1485241046,0,0.09297294788
74,170,010101010,4,0.9583841376,0.1237906108,0,0.03977767534
74,138,010001010,3,0.9580792598,0.1175190397,0,0.03977767534
74,459,111001011,6,0.9693597592,0.1673336257,0,0.03013367655
74,286,100011110,5,0.9696646333,0.1719646058,0,0.03013367655
74,266,100001010,3,0.9663109817,0.1359270001,0,0.02751908085
74,328,101001000,3,0.9661585353,0.1314932012,0,0.02751908085
74,299,100101011,5,0.9684451278,0.1646855306,0,0.02430001974
74,459,111001011,6,0.9693597592,0.1673336257,0,0.02430001974
74,463,111001111,7,0.9701219536,0.2215583678,0,0
74,256,100000000,1,0.8653963432,0.05144251033,0,0
74,266,100001010,3,0.9663109817,0.1359270001,0,0
74,266,100001010,3,0.9663109817,0.1359270001,0,0
74,459,111001011,6,0.9693597592,0.1673336257,0,0
74,459,111001011,6,0.9693597592,0.1673336257,0,0
74,266,100001010,3,0.9663109817,0.1359270001,0,0
74,459,111001011,6,0.9693597592,0.1673336257,0,0
74,266,100001010,3,0.9663109817,0.1359270001,0,0
74,266,100001010,3,0.9663109817,0.1359270001,0,0
74,266,100001010,3,0.9663109817,0.1359270001,0,0
74,328,101001000,3,0.9661585353,0.1314932012,0,0
74,299,100101011,5,0.9684451278,0.1646855306,0,0
74,266,100001010,3,0.9663109817,0.1359270001,0,0
74,459,111001011,6,0.9693597592,0.1673336257,0,0
74,328,101001000,3,0.9661585353,0.1314932012,0,0
74,328,101001000,3,0.9661585353,0.1314932012,0,0
74,266,100001010,3,0.9663109817,0.1359270001,0,0
74,328,101001000,3,0.9661585353,0.1314932012,0,0
74,266,100001010,3,0.9663109817,0.1359270001,0,0
74,286,100011110,5,0.9696646333,0.1719646058,0,0
74,459,111001011,6,0.9693597592,0.1673336257,0,0
74,328,101001000,3,0.9661585353,0.1314932012,0,0
74,286,100011110,5,0.9696646333,0.1719646058,0,0
74,459,111001011,6,0.9693597592,0.1673336257,0,0
74,328,101001000,3,0.9661585353,0.1314932012,0,0
74,266,100001010,3,0.9663109817,0.1359270001,0,0
74,266,100001010,3,0.9663109817,0.1359270001,0,0
74,266,100001010,3,0.9663109817,0.1359270001,0,0
74,286,100011110,5,0.9696646333,0.1719646058,0,0
74,328,101001000,3,0.9661585353,0.1314932012,0,0
74,286,100011110,5,0.9696646333,0.1719646058,0,0
74,138,010001010,3,0.9580792598,0.1175190397,0,0
74,459,111001011,6,0.9693597592,0.1673336257,0,0
74,459,111001011,6,0.9693597592,0.1673336257,0,0
74,459,111001011,6,0.9693597592,0.1673336257,0,0
74,286,100011110,5,0.9696646333,0.1719646058,0,0
74,138,010001010,3,0.9580792598,0.1175190397,0,0
74,459,111001011,6,0.9693597592,0.1673336257,0,0
74,459,111001011,6,0.9693597592,0.1673336257,0,0
74,394,110001010,4,0.9682926834,0.1485241046,0,0
74,266,100001010,3,0.9663109817,0.1359270001,0,0
74,170,010101010,4,0.9583841376,0.1237906108,0,0
74,299,100101011,5,0.9684451278,0.1646855306,0,0
74,286,100011110,5,0.9696646333,0.1719646058,0,0
74,170,010101010,4,0.9583841376,0.1237906108,0,0
74,170,010101010,4,0.9583841376,0.1237906108,0,0
74,286,100011110,5,0.9696646333,0.1719646058,0,0
74,266,100001010,3,0.9663109817,0.1359270001,0,0
74,170,010101010,4,0.9583841376,0.1237906108,0,0
74,286,100011110,5,0.9696646333,0.1719646058,0,0
74,170,010101010,4,0.9583841376,0.1237906108,0,0
74,170,010101010,4,0.9583841376,0.1237906108,0,0
74,266,100001010,3,0.9663109817,0.1359270001,0,0
74,299,100101011,5,0.9684451278,0.1646855306,0,0
74,138,010001010,3,0.9580792598,0.1175190397,0,0
74,266,100001010,3,0.9663109817,0.1359270001,0,0
74,394,110001010,4,0.9682926834,0.1485241046,0,0
74,394,110001010,4,0.9682926834,0.1485241046,0,0
74,256,100000000,1,0.8653963432,0.05144251033,0,0
74,299,100101011,5,0.9684451278,0.1646855306,0,0
74,328,101001000,3,0.9661585353,0.1314932012,0,0
74,328,101001000,3,0.9661585353,0.1314932012,0,0
74,170,010101010,4,0.9583841376,0.1237906108,0,0
74,328,101001000,3,0.9661585353,0.1314932012,0,0
74,266,100001010,3,0.9663109817,0.1359270001,0,0
74,394,110001010,4,0.9682926834,0.1485241046,0,0
74,136,010001000,2,0.9556402415,0.08872172865,0,0
74,394,110001010,4,0.9682926834,0.1485241046,0,0
74,138,010001010,3,0.9580792598,0.1175190397,0,0
74,128,010000000,1,0.9323170781,0.08404751134,0,0
74,328,101001000,3,0.9661585353,0.1314932012,0,0
74,256,100000000,1,0.8653963432,0.05144251033,0,0
74,136,010001000,2,0.9556402415,0.08872172865,0,0
74,170,010101010,4,0.9583841376,0.1237906108,0,0
74,138,010001010,3,0.9580792598,0.1175190397,0,0
74,138,010001010,3,0.9580792598,0.1175190397,0,0
74,328,101001000,3,0.9661585353,0.1314932012,0,0
74,266,100001010,3,0.9663109817,0.1359270001,0,0
74,128,010000000,1,0.9323170781,0.08404751134,0,0
74,136,010001000,2,0.9556402415,0.08872172865,0,0
74,136,010001000,2,0.9556402415,0.08872172865,0,0
74,136,010001000,2,0.9556402415,0.08872172865,0,0
74,128,010000000,1,0.9323170781,0.08404751134,0,0
74,128,010000000,1,0.9323170781,0.08404751134,0,0
74,138,010001010,3,0.9580792598,0.1175190397,0,0
74,136,010001000,2,0.9556402415,0.08872172865,0,0
74,136,010001000,2,0.9556402415,0.08872172865,0,0
74,128,010000000,1,0.9323170781,0.08404751134,0,0
74,128,010000000,1,0.9323170781,0.08404751134,0,0
74,128,010000000,1,0.9323170781,0.08404751134,0,0
74,256,100000000,1,0.8653963432,0.05144251033,0,0
74,4,000000100,1,0.9094512276,0.06868225115,0,0
74,128,010000000,1,0.9323170781,0.08404751134,0,0
74,286,100011110,5,0.9696646333,0.1719646058,0,0
74,286,100011110,5,0.9696646333,0.1719646058,0,0
74,4,000000100,1,0.9094512276,0.06868225115,0,0
74,463,111001111,7,0.9701219536,0.2215583678,0,0
74,128,010000000,1,0.9323170781,0.08404751134,0,0
74,128,010000000,1,0.9323170781,0.08404751134,0,0
74,4,000000100,1,0.9094512276,0.06868225115,0,0
74,136,010001000,2,0.9556402415,0.08872172865,0,0
74,463,111001111,7,0.9701219536,0.2215583678,0,0
74,463,111001111,7,0.9701219536,0.2215583678,0,0
74,4,000000100,1,0.9094512276,0.06868225115,0,0
74,128,010000000,1,0.9323170781,0.08404751134,0,0
74,128,010000000,1,0.9323170781,0.08404751134,0,0
74,128,010000000,1,0.9323170781,0.08404751134,0,0
74,463,111001111,7,0.9701219536,0.2215583678,0,0
74,128,010000000,1,0.9323170781,0.08404751134,0,0
74,4,000000100,1,0.9094512276,0.06868225115,0,0
74,4,000000100,1,0.9094512276,0.06868225115,0,0
74,286,100011110,5,0.9696646333,0.1719646058,0,0
74,256,100000000,1,0.8653963432,0.05144251033,0,0
74,256,100000000,1,0.8653963432,0.05144251033,0,0
74,128,010000000,1,0.9323170781,0.08404751134,0,0
74,4,000000100,1,0.9094512276,0.06868225115,0,0
74,256,100000000,1,0.8653963432,0.05144251033,0,0
74,128,010000000,1,0.9323170781,0.08404751134,0,0
74,4,000000100,1,0.9094512276,0.06868225115,0,0
74,4,000000100,1,0.9094512276,0.06868225115,0,0
74,128,010000000,1,0.9323170781,0.08404751134,0,0
74,4,000000100,1,0.9094512276,0.06868225115,0,0
74,128,010000000,1,0.9323170781,0.08404751134,0,0
74,463,111001111,7,0.9701219536,0.2215583678,0,0
74,256,100000000,1,0.8653963432,0.05144251033,0,0
74,4,000000100,1,0.9094512276,0.06868225115,0,0
74,463,111001111,7,0.9701219536,0.2215583678,0,0
74,256,100000000,1,0.8653963432,0.05144251033,0,0
74,128,010000000,1,0.9323170781,0.08404751134,0,0
74,256,100000000,1,0.8653963432,0.05144251033,0,0
74,463,111001111,7,0.9701219536,0.2215583678,0,0
74,4,000000100,1,0.9094512276,0.06868225115,0,0
74,4,000000100,1,0.9094512276,0.06868225115,0,0
74,463,111001111,7,0.9701219536,0.2215583678,0,0
74,4,000000100,1,0.9094512276,0.06868225115,0,0
75,256,100000000,1,0.8653963432,0.05144251033,0,inf
75,463,111001111,7,0.9701219536,0.2215583678,0,inf
75,4,000000100,1,0.9094512276,0.06868225115,0,0.5220108109
75,256,100000000,1,0.8653963432,0.05144251033,0,0.5220108109
75,4,000000100,1,0.9094512276,0.06868225115,0,0.308662907
75,128,010000000,1,0.9323170781,0.08404751134,0,0.308662907
75,286,100011110,5,0.9696646333,0.1719646058,0,0.295896174
75,463,111001111,7,0.9701219536,0.2215583678,0,0.295896174
75,128,010000000,1,0.9323170781,0.08404751134,0,0.2501840222
75,136,010001000,2,0.9556402415,0.08872172865,0,0.2501840222
75,138,010001010,3,0.9580792598,0.1175190397,0,0.1925701872
75,136,010001000,2,0.9556402415,0.08872172865,0,0.1925701872
75,170,010101010,4,0.9583841376,0.1237906108,0,0.1195143764
75,328,101001000,3,0.9661585353,0.1314932012,0,0.1195143764
75,394,110001010,4,0.9682926834,0.1485241046,0,0.09645812205
75,299,100101011,5,0.9684451278,0.1646855306,0,0.09645812205
75,394,110001010,4,0.9682926834,0.1485241046,0,0.09297294788
75,266,100001010,3,0.9663109817,0.1359270001,0,0.09297294788
75,170,010101010,4,0.9583841376,0.1237906108,0,0.03977767534
75,138,010001010,3,0.9580792598,0.1175190397,0,0.03977767534
75,286,100011110,5,0.9696646333,0.1719646058,0,0.03013367655
75,459,111001011,6,0.9693597592,0.1673336257,0,0.03013367655
75,328,101001000,3,0.9661585353,0.1314932012,0,0.02751908085
75,266,100001010,3,0.9663109817,0.1359270001,0,0.02751908085
75,459,111001011,6,0.9693597592,0.1673336257,0,0.02430001974
75,299,100101011,5,0.9684451278,0.1646855306,0,0.02430001974
75,256,100000000,1,0.8653963432,0.05144251033,0,0
75,394,110001010,4,0.9682926834,0.1485241046,0,0
75,266,100001010,3,0.9663109817,0.1359270001,0,0
75,459,111001011,6,0.9693597592,0.1673336257,0,0
75,459,111001011,6,0.9693597592,0.1673336257,0,0
75,459,111001011,6,0.9693597592,0.1673336257,0,0
75,266,100001010,3,0.9663109817,0.1359270001,0,0
75,459,111001011,6,0.9693597592,0.1673336257,0,0
75,266,100001010,3,0.9663109817,0.1359270001,0,0
75,266,100001010,3,0.9663109817,0.1359270001,0,0
75,266,100001010,3,0.9663109817,0.1359270001,0,0
75,328,101001000,3,0.9661585353,0.1314932012,0,0
75,328,101001000,3,0.9661585353,0.1314932012,0,0
75,266,100001010,3,0.9663109817,0.1359270001,0,0
75,266,100001010,3,0.9663109817,0.1359270001,0,0
75,328,101001000,3,0.9661585353,0.1314932012,0,0
75,328,101001000,3,0.9661585353,0.1314932012,0,0
75,266,100001010,3,0.9663109817,0.1359270001,0,0
75,328,101001000,3,0.9661585353,0.1314932012,0,0
75,266,100001010,3,0.9663109817,0.1359270001,0,0
75,286,100011110,5,0.9696646333,0.1719646058,0,0
75,459,111001011,6,0.9693597592,0.1673336257,0,0
75,328,101001000,3,0.9661585353,0.1314932012,0,0
75,170,010101010,4,0.9583841376,0.1237906108,0,0
75,459,111001011,6,0.9693597592,0.1673336257,0,0
75,394,110001010,4,0.9682926834,0.1485241046,0,0
75,266,100001010,3,0.9663109817,0.1359270001,0,0
75,266,100001010,3,0.9663109817,0.1359270001,0,0
75,266,100001010,3,0.9663109817,0.1359270001,0,0
75,286,100011110,5,0.9696646333,0.1719646058,0,0
75,328,101001000,3,0.9661585353,0.1314932012,0,0
75,286,100011110,5,0.9696646333,0.1719646058,0,0
75,138,010001010,3,0.9580792598,0.1175190397,0,0
75,459,111001011,6,0.9693597592,0.1673336257,0,0
75,459,111001011,6,0.9693597592,0.1673336257,0,0
75,459,111001011,6,0.9693597592,0.1673336257,0,0
75,286,100011110,5,0.9696646333,0.1719646058,0,0
75,138,010001010,3,0.9580792598,0.1175190397,0,0
75,459,111001011,6,0.9693597592,0.1673336257,0,0
75,459,111001011,6,0.9693597592,0.1673336257,0,0
75,394,110001010,4,0.9682926834,0.1485241046,0,0
75,266,100001010,3,0.9663109817,0.1359270001,0,0
75,170,010101010,4,0.9583841376,0.1237906108,0,0
75,299,100101011,5,0.9684451278,0.1646855306,0,0
75,286,100011110,5,0.9696646333,0.1719646058,0,0
75,299,100101011,5,0.9684451278,0.1646855306,0,0
75,170,010101010,4,0.9583841376,0.1237906108,0,0
75,286,100011110,5,0.9696646333,0.1719646058,0,0
75,266,100001010,3,0.9663109817,0.1359270001,0,0
75,170,010101010,4,0.9583841376,0.1237906108,0,0
75,286,100011110,5,0.9696646333,0.1719646058,0,0
75,170,010101010,4,0.9583841376,0.1237906108,0,0
75,170,010101010,4,0.9583841376,0.1237906108,0,0
75,266,100001010,3,0.9663109817,0.1359270001,0,0
75,299,100101011,5,0.9684451278,0.1646855306,0,0
75,138,010001010,3,0.9580792598,0.1175190397,0,0
75,266,100001010,3,0.9663109817,0.1359270001,0,0
75,463,111001111,7,0.9701219536,0.2215583678,0,0
75,138,010001010,3,0.9580792598,0.1175190397,0,0
75,256,100000000,1,0.8653963432,0.05144251033,0,0
75,299,100101011,5,0.9684451278,0.1646855306,0,0
75,328,101001000,3,0.9661585353,0.1314932012,0,0
75,328,101001000,3,0.9661585353,0.1314932012,0,0
75,170,010101010,4,0.9583841376,0.1237906108,0,0
75,328,101001000,3,0.9661585353,0.1314932012,0,0
75,266,100001010,3,0.9663109817,0.1359270001,0,0
75,394,110001010,4,0.9682926834,0.1485241046,0,0
75,136,010001000,2,0.9556402415,0.08872172865,0,0
75,394,110001010,4,0.9682926834,0.1485241046,0,0
75,138,010001010,3,0.9580792598,0.1175190397,0,0
75,128,010000000,1,0.9323170781,0.08404751134,0,0
75,463,111001111,7,0.9701219536,0.2215583678,0,0
75,256,100000000,1,0.8653963432,0.05144251033,0,0
75,136,010001000,2,0.9556402415,0.08872172865,0,0
75,170,010101010,4,0.9583841376,0.1237906108,0,0
75,138,010001010,3,0.9580792598,0.1175190397,0,0
75,138,010001010,3,0.9580792598,0.1175190397,0,0
75,328,101001000,3,0.9661585353,0.1314932012,0,0
75,266,100001010,3,0.9663109817,0.1359270001,0,0
75,128,010000000,1,0.9323170781,0.08404751134,0,0
75,136,010001000,2,0.9556402415,0.08872172865,0,0
75,136,010001000,2,0.9556402415,0.08872172865,0,0
75,136,010001000,2,0.9556402415,0.08872172865,0,0
75,128,010000000,1,0.9323170781,0.08404751134,0,0
75,128,010000000,1,0.9323170781,0.08404751134,0,0
75,128,010000000,1,0.9323170781,0.08404751134,0,0
75,136,010001000,2,0.9556402415,0.08872172865,0,0
75,136,010001000,2,0.9556402415,0.08872172865,0,0
75,463,111001111,7,0.9701219536,0.2215583678,0,0
75,128,010000000,1,0.9323170781,0.08404751134,0,0
75,128,010000000,1,0.9323170781,0.08404751134,0,0
75,256,100000000,1,0.8653963432,0.05144251033,0,0
75,4,000000100,1,0.9094512276,0.06868225115,0,0
75,128,010000000,1,0.9323170781,0.08404751134,0,0
75,286,100011110,5,0.9696646333,0.1719646058,0,0
75,286,100011110,5,0.9696646333,0.1719646058,0,0
75,4,000000100,1,0.9094512276,0.06868225115,0,0
75,463,111001111,7,0.9701219536,0.2215583678,0,0
75,128,010000000,1,0.9323170781,0.08404751134,0,0
75,286,100011110,5,0.9696646333,0.1719646058,0,0
75,4,000000100,1,0.9094512276,0.06868225115,0,0
75,136,010001000,2,0.9556402415,0.08872172865,0,0
75,128,010000000,1,0.9323170781,0.08404751134,0,0
75,463,111001111,7,0.9701219536,0.2215583678,0,0
75,4,000000100,1,0.9094512276,0.06868225115,0,0
75,128,010000000,1,0.9323170781,0.08404751134,0,0
75,128,010000000,1,0.9323170781,0.08404751134,0,0
75,128,010000000,1,0.9323170781,0.08404751134,0,0
75,463,111001111,7,0.9701219536,0.2215583678,0,0
75,128,010000000,1,0.9323170781,0.08404751134,0,0
75,4,000000100,1,0.9094512276,0.06868225115,0,0
75,4,000000100,1,0.9094512276,0.06868225115,0,0
75,286,100011110,5,0.9696646333,0.1719646058,0,0
75,256,100000000,1,0.8653963432,0.05144251033,0,0
75,256,100000000,1,0.8653963432,0.05144251033,0,0
75,128,010000000,1,0.9323170781,0.08404751134,0,0
75,4,000000100,1,0.9094512276,0.06868225115,0,0
75,256,100000000,1,0.8653963432,0.05144251033,0,0
75,128,010000000,1,0.9323170781,0.08404751134,0,0
75,4,000000100,1,0.9094512276,0.06868225115,0,0
75,4,000000100,1,0.9094512276,0.06868225115,0,0
75,128,010000000,1,0.9323170781,0.08404751134,0,0
75,4,000000100,1,0.9094512276,0.06868225115,0,0
75,128,010000000,1,0.9323170781,0.08404751134,0,0
75,463,111001111,7,0.9701219536,0.2215583678,0,0
75,256,100000000,1,0.8653963432,0.05144251033,0,0
75,4,000000100,1,0.9094512276,0.06868225115,0,0
75,463,111001111,7,0.9701219536,0.2215583678,0,0
75,256,100000000,1,0.8653963432,0.05144251033,0,0
75,128,010000000,1,0.9323170781,0.08404751134,0,0
75,4,000000100,1,0.9094512276,0.06868225115,0,0
75,463,111001111,7,0.9701219536,0.2215583678,0,0
75,4,000000100,1,0.9094512276,0.06868225115,0,0
75,256,100000000,1,0.8653963432,0.05144251033,0,0
75,463,111001111,7,0.9701219536,0.2215583678,0,0
75,4,000000100,1,0.9094512276,0.06868225115,0,0
76,256,100000000,1,0.8653963432,0.05144251033,0,inf
76,463,111001111,7,0.9701219536,0.2215583678,0,inf
76,256,100000000,1,0.8653963432,0.05144251033,0,0.5220108109
76,4,000000100,1,0.9094512276,0.06868225115,0,0.5220108109
76,4,000000100,1,0.9094512276,0.06868225115,0,0.308662907
76,128,010000000,1,0.9323170781,0.08404751134,0,0.308662907
76,286,100011110,5,0.9696646333,0.1719646058,0,0.295896174
76,463,111001111,7,0.9701219536,0.2215583678,0,0.295896174
76,128,010000000,1,0.9323170781,0.08404751134,0,0.2501840222
76,136,010001000,2,0.9556402415,0.08872172865,0,0.2501840222
76,138,010001010,3,0.9580792598,0.1175190397,0,0.1925701872
76,136,010001000,2,0.9556402415,0.08872172865,0,0.1925701872
76,170,010101010,4,0.9583841376,0.1237906108,0,0.1195143764
76,328,101001000,3,0.9661585353,0.1314932012,0,0.1195143764
76,299,100101011,5,0.9684451278,0.1646855306,0,0.09645812205
76,394,110001010,4,0.9682926834,0.1485241046,0,0.09645812205
76,394,110001010,4,0.9682926834,0.1485241046,0,0.09297294788
76,266,100001010,3,0.9663109817,0.1359270001,0,0.09297294788
76,170,010101010,4,0.9583841376,0.1237906108,0,0.03977767534
76,138,010001010,3,0.9580792598,0.1175190397,0,0.03977767534
76,286,100011110,5,0.9696646333,0.1719646058,0,0.03013367655
76,459,111001011,6,0.9693597592,0.1673336257,0,0.03013367655
76,266,100001010,3,0.9663109817,0.1359270001,0,0.02751908085
76,328,101001000,3,0.9661585353,0.1314932012,0,0.02751908085
76,459,111001011,6,0.9693597592,0.1673336257,0,0.02430001974
76,299,100101011,5,0.9684451278,0.1646855306,0,0.02430001974
76,266,100001010,3,0.9663109817,0.1359270001,0,0
76,256,100000000,1,0.8653963432,0.05144251033,0,0
76,256,100000000,1,0.8653963432,0.05144251033,0,0
76,459,111001011,6,0.9693597592,0.1673336257,0,0
76,459,111001011,6,0.9693597592,0.1673336257,0,0
76,459,111001011,6,0.9693597592,0.1673336257,0,0
76,266,100001010,3,0.9663109817,0.1359270001,0,0
76,459,111001011,6,0.9693597592,0.1673336257,0,0
76,266,100001010,3,0.9663109817,0.1359270001,0,0
76,266,100001010,3,0.9663109817,0.1359270001,0,0
76,266,100001010,3,0.9663109817,0.1359270001,0,0
76,328,101001000,3,0.9661585353,0.1314932012,0,0
76,328,101001000,3,0.9661585353,0.1314932012,0,0
76,266,100001010,3,0.9663109817,0.1359270001,0,0
76,266,100001010,3,0.9663109817,0.1359270001,0,0
76,328,101001000,3,0.9661585353,0.1314932012,0,0
76,459,111001011,6,0.9693597592,0.1673336257,0,0
76,266,100001010,3,0.9663109817,0.1359270001,0,0
76,266,100001010,3,0.9663109817,0.1359270001,0,0
76,266,100001010,3,0.9663109817,0.1359270001,0,0
76,328,101001000,3,0.9661585353,0.1314932012,0,0
76,459,111001011,6,0.9693597592,0.1673336257,0,0
76,328,101001000,3,0.9661585353,0.1314932012,0,0
76,170,010101010,4,0.9583841376,0.1237906108,0,0
76,459,111001011,6,0.9693597592,0.1673336257,0,0
76,394,110001010,4,0.9682926834,0.1485241046,0,0
76,266,100001010,3,0.9663109817,0.1359270001,0,0
76,266,100001010,3,0.9663109817,0.1359270001,0,0
76,266,100001010,3,0.9663109817,0.1359270001,0,0
76,286,100011110,5,0.9696646333,0.1719646058,0,0
76,328,101001000,3,0.9661585353,0.1314932012,0,0
76,286,100011110,5,0.9696646333,0.1719646058,0,0
76,286,100011110,5,0.9696646333,0.1719646058,0,0
76,459,111001011,6,0.9693597592,0.1673336257,0,0
76,459,111001011,6,0.9693597592,0.1673336257,0,0
76,459,111001011,6,0.9693597592,0.1673336257,0,0
76,286,100011110,5,0.9696646333,0.1719646058,0,0
76,138,010001010,3,0.9580792598,0.1175190397,0,0
76,138,010001010,3,0.9580792598,0.1175190397,0,0
76,459,111001011,6,0.9693597592,0.1673336257,0,0
76,394,110001010,4,0.9682926834,0.1485241046,0,0
76,266,100001010,3,0.9663109817,0.1359270001,0,0
76,170,010101010,4,0.9583841376,0.1237906108,0,0
76,299,100101011,5,0.9684451278,0.1646855306,0,0
76,286,100011110,5,0.9696646333,0.1719646058,0,0
76,299,100101011,5,0.9684451278,0.1646855306,0,0
76,170,010101010,4,0.9583841376,0.1237906108,0,0
76,286,100011110,5,0.9696646333,0.1719646058,0,0
76,266,100001010,3,0.9663109817,0.1359270001,0,0
76,170,010101010,4,0.9583841376,0.1237906108,0,0
76,286,100011110,5,0.9696646333,0.1719646058,0,0
76,170,010101010,4,0.9583841376,0.1237906108,0,0
76,170,010101010,4,0.9583841376,0.1237906108,0,0
76,266,100001010,3,0.9663109817,0.1359270001,0,0
76,299,100101011,5,0.9684451278,0.1646855306,0,0
76,138,010001010,3,0.9580792598,0.1175190397,0,0
76,394,110001010,4,0.9682926834,0.1485241046,0,0
76,328,101001000,3,0.9661585353,0.1314932012,0,0
76,4,000000100,1,0.9094512276,0.06868225115,0,0
76,256,100000000,1,0.8653963432,0.05144251033,0,0
76,299,100101011,5,0.9684451278,0.1646855306,0,0
76,328,101001000,3,0.9661585353,0.1314932012,0,0
76,328,101001000,3,0.9661585353,0.1314932012,0,0
76,170,010101010,4,0.9583841376,0.1237906108,0,0
76,328,101001000,3,0.9661585353,0.1314932012,0,0
76,266,100001010,3,0.9663109817,0.1359270001,0,0
76,394,110001010,4,0.9682926834,0.1485241046,0,0
76,136,010001000,2,0.9556402415,0.08872172865,0,0
76,170,010101010,4,0.9583841376,0.1237906108,0,0
76,138,010001010,3,0.9580792598,0.1175190397,0,0
76,128,010000000,1,0.9323170781,0.08404751134,0,0
76,394,110001010,4,0.9682926834,0.1485241046,0,0
76,256,100000000,1,0.8653963432,0.05144251033,0,0
76,136,010001000,2,0.9556402415,0.08872172865,0,0
76,138,010001010,3,0.9580792598,0.1175190397,0,0
76,138,010001010,3,0.9580792598,0.1175190397,0,0
76,138,010001010,3,0.9580792598,0.1175190397,0,0
76,328,101001000,3,0.9661585353,0.1314932012,0,0
76,266,100001010,3,0.9663109817,0.1359270001,0,0
76,128,010000000,1,0.9323170781,0.08404751134,0,0
76,136,010001000,2,0.9556402415,0.08872172865,0,0
76,136,010001000,2,0.9556402415,0.08872172865,0,0
76,136,010001000,2,0.9556402415,0.08872172865,0,0
76,128,010000000,1,0.9323170781,0.08404751134,0,0
76,128,010000000,1,0.9323170781,0.08404751134,0,0
76,128,010000000,1,0.9323170781,0.08404751134,0,0
76,136,010001000,2,0.9556402415,0.08872172865,0,0
76,136,010001000,2,0.9556402415,0.08872172865,0,0
76,463,111001111,7,0.9701219536,0.2215583678,0,0
76,128,010000000,1,0.9323170781,0.08404751134,0,0
76,128,010000000,1,0.9323170781,0.08404751134,0,0
76,256,100000000,1,0.8653963432,0.05144251033,0,0
76,4,000000100,1,0.9094512276,0.06868225115,0,0
76,128,010000000,1,0.9323170781,0.08404751134,0,0
76,286,100011110,5,0.9696646333,0.1719646058,0,0
76,286,100011110,5,0.9696646333,0.1719646058,0,0
76,4,000000100,1,0.9094512276,0.06868225115,0,0
76,463,111001111,7,0.9701219536,0.2215583678,0,0
76,128,010000000,1,0.9323170781,0.08404751134,0,0
76,286,100011110,5,0.9696646333,0.1719646058,0,0
76,4,000000100,1,0.9094512276,0.06868225115,0,0
76,136,010001000,2,0.9556402415,0.08872172865,0,0
76,128,010000000,1,0.9323170781,0.08404751134,0,0
76,463,111001111,7,0.9701219536,0.2215583678,0,0
76,4,000000100,1,0.9094512276,0.06868225115,0,0
76,128,010000000,1,0.9323170781,0.08404751134,0,0
76,128,010000000,1,0.9323170781,0.08404751134,0,0
76,128,010000000,1,0.9323170781,0.08404751134,0,0
76,463,111001111,7,0.9701219536,0.2215583678,0,0
76,128,010000000,1,0.9323170781,0.08404751134,0,0
76,463,111001111,7,0.9701219536,0.2215583678,0,0
76,286,100011110,5,0.9696646333,0.1719646058,0,0
76,128,010000000,1,0.9323170781,0.08404751134,0,0
76,256,100000000,1,0.8653963432,0.05144251033,0,0
76,256,100000000,1,0.8653963432,0.05144251033,0,0
76,128,010000000,1,0.9323170781,0.08404751134,0,0
76,4,000000100,1,0.9094512276,0.06868225115,0,0
76,256,100000000,1,0.8653963432,0.05144251033,0,0
76,128,010000000,1,0.9323170781,0.08404751134,0,0
76,4,000000100,1,0.9094512276,0.06868225115,0,0
76,4,000000100,1,0.9094512276,0.06868225115,0,0
76,128,010000000,1,0.9323170781,0.08404751134,0,0
76,4,000000100,1,0.9094512276,0.06868225115,0,0
76,128,010000000,1,0.9323170781,0.08404751134,0,0
76,463,111001111,7,0.9701219536,0.2215583678,0,0
76,4,000000100,1,0.9094512276,0.06868225115,0,0
76,4,000000100,1,0.9094512276,0.06868225115,0,0
76,463,111001111,7,0.9701219536,0.2215583678,0,0
76,256,100000000,1,0.8653963432,0.05144251033,0,0
76,128,010000000,1,0.9323170781,0.08404751134,0,0
76,4,000000100,1,0.9094512276,0.06868225115,0,0
76,463,111001111,7,0.9701219536,0.2215583678,0,0
76,4,000000100,1,0.9094512276,0.06868225115,0,0
76,256,100000000,1,0.8653963432,0.05144251033,0,0
76,463,111001111,7,0.9701219536,0.2215583678,0,0
76,4,000000100,1,0.9094512276,0.06868225115,0,0
77,463,111001111,7,0.9701219536,0.2215583678,0,inf
77,256,100000000,1,0.8653963432,0.05144251033,0,inf
77,256,100000000,1,0.8653963432,0.05144251033,0,0.5220108109
77,4,000000100,1,0.9094512276,0.06868225115,0,0.5220108109
77,4,000000100,1,0.9094512276,0.06868225115,0,0.308662907
77,128,010000000,1,0.9323170781,0.08404751134,0,0.308662907
77,463,111001111,7,0.9701219536,0.2215583678,0,0.295896174
77,286,100011110,5,0.9696646333,0.1719646058,0,0.295896174
77,128,010000000,1,0.9323170781,0.08404751134,0,0.2501840222
77,136,010001000,2,0.9556402415,0.08872172865,0,0.2501840222
77,136,010001000,2,0.9556402415,0.08872172865,0,0.1925701872
77,138,010001010,3,0.9580792598,0.1175190397,0,0.1925701872
77,170,010101010,4,0.9583841376,0.1237906108,0,0.1195143764
77,328,101001000,3,0.9661585353,0.1314932012,0,0.1195143764
77,299,100101011,5,0.9684451278,0.1646855306,0,0.09645812205
77,394,110001010,4,0.9682926834,0.1485241046,0,0.09645812205
77,394,110001010,4,0.9682926834,0.1485241046,0,0.09297294788
77,266,100001010,3,0.9663109817,0.1359270001,0,0.09297294788
77,138,010001010,3,0.9580792598,0.1175190397,0,0.03977767534
77,170,010101010,4,0.9583841376,0.1237906108,0,0.03977767534
77,286,100011110,5,0.9696646333,0.1719646058,0,0.03013367655
77,459,111001011,6,0.9693597592,0.1673336257,0,0.03013367655
77,328,101001000,3,0.9661585353,0.1314932012,0,0.02751908085
77,266,100001010,3,0.9663109817,0.1359270001,0,0.02751908085
77,299,100101011,5,0.9684451278,0.1646855306,0,0.02430001974
77,459,111001011,6,0.9693597592,0.1673336257,0,0.02430001974
77,256,100000000,1,0.8653963432,0.05144251033,0,0
77,266,100001010,3,0.9663109817,0.1359270001,0,0
77,299,100101011,5,0.9684451278,0.1646855306,0,0
77,459,111001011,6,0.9693597592,0.1673336257,0,0
77,459,111001011,6,0.9693597592,0.1673336257,0,0
77,459,111001011,6,0.9693597592,0.1673336257,0,0
77,266,100001010,3,0.9663109817,0.1359270001,0,0
77,459,111001011,6,0.9693597592,0.1673336257,0,0
77,266,100001010,3,0.9663109817,0.1359270001,0,0
77,266,100001010,3,0.9663109817,0.1359270001,0,0
77,266,100001010,3,0.9663109817,0.1359270001,0,0
77,328,101001000,3,0.9661585353,0.1314932012,0,0
77,328,101001000,3,0.9661585353,0.1314932012,0,0
77,266,100001010,3,0.9663109817,0.1359270001,0,0
77,266,100001010,3,0.9663109817,0.1359270001,0,0
77,328,101001000,3,0.9661585353,0.1314932012,0,0
77,459,111001011,6,0.9693597592,0.1673336257,0,0
77,266,100001010,3,0.9663109817,0.1359270001,0,0
77,266,100001010,3,0.9663109817,0.1359270001,0,0
77,266,100001010,3,0.9663109817,0.1359270001,0,0
77,328,101001000,3,0.9661585353,0.1314932012,0,0
77,459,111001011,6,0.9693597592,0.1673336257,0,0
77,328,101001000,3,0.9661585353,0.1314932012,0,0
77,266,100001010,3,0.9663109817,0.1359270001,0,0
77,459,111001011,6,0.9693597592,0.1673336257,0,0
77,286,100011110,5,0.9696646333,0.1719646058,0,0
77,266,100001010,3,0.9663109817,0.1359270001,0,0
77,138,010001010,3,0.9580792598,0.1175190397,0,0
77,266,100001010,3,0.9663109817,0.1359270001,0,0
77,286,100011110,5,0.9696646333,0.1719646058,0,0
77,328,101001000,3,0.9661585353,0.1314932012,0,0
77,286,100011110,5,0.9696646333,0.1719646058,0,0
77,170,010101010,4,0.9583841376,0.1237906108,0,0
77,459,111001011,6,0.9693597592,0.1673336257,0,0
77,459,111001011,6,0.9693597592,0.1673336257,0,0
77,459,111001011,6,0.9693597592,0.1673336257,0,0
77,286,100011110,5,0.9696646333,0.1719646058,0,0
77,138,010001010,3,0.9580792598,0.1175190397,0,0
77,138,010001010,3,0.9580792598,0.1175190397,0,0
77,459,111001011,6,0.9693597592,0.1673336257,0,0
77,394,110001010,4,0.9682926834,0.1485241046,0,0
77,266,100001010,3,0.9663109817,0.1359270001,0,0
77,170,010101010,4,0.9583841376,0.1237906108,0,0
77,266,100001010,3,0.9663109817,0.1359270001,0,0
77,286,100011110,5,0.9696646333,0.1719646058,0,0
77,299,100101011,5,0.9684451278,0.1646855306,0,0
77,170,010101010,4,0.9583841376,0.1237906108,0,0
77,394,110001010,4,0.9682926834,0.1485241046,0,0
77,266,100001010,3,0.9663109817,0.1359270001,0,0
77,170,010101010,4,0.9583841376,0.1237906108,0,0
77,286,100011110,5,0.9696646333,0.1719646058,0,0
77,170,010101010,4,0.9583841376,0.1237906108,0,0
77,170,010101010,4,0.9583841376,0.1237906108,0,0
77,266,100001010,3,0.9663109817,0.1359270001,0,0
77,299,100101011,5,0.9684451278,0.1646855306,0,0
77,138,010001010,3,0.9580792598,0.1175190397,0,0
77,394,110001010,4,0.9682926834,0.1485241046,0,0
77,463,111001111,7,0.9701219536,0.2215583678,0,0
77,394,110001010,4,0.9682926834,0.1485241046,0,0
77,256,100000000,1,0.8653963432,0.05144251033,0,0
77,299,100101011,5,0.9684451278,0.1646855306,0,0
77,328,101001000,3,0.9661585353,0.1314932012,0,0
77,328,101001000,3,0.9661585353,0.1314932012,0,0
77,170,010101010,4,0.9583841376,0.1237906108,0,0
77,328,101001000,3,0.9661585353,0.1314932012,0,0
77,328,101001000,3,0.9661585353,0.1314932012,0,0
77,170,010101010,4,0.9583841376,0.1237906108,0,0
77,136,010001000,2,0.9556402415,0.08872172865,0,0
77,138,010001010,3,0.9580792598,0.1175190397,0,0
77,136,010001000,2,0.9556402415,0.08872172865,0,0
77,128,010000000,1,0.9323170781,0.08404751134,0,0
77,266,100001010,3,0.9663109817,0.1359270001,0,0
77,256,100000000,1,0.8653963432,0.05144251033,0,0
77,136,010001000,2,0.9556402415,0.08872172865,0,0
77,138,010001010,3,0.9580792598,0.1175190397,0,0
77,138,010001010,3,0.9580792598,0.1175190397,0,0
77,128,010000000,1,0.9323170781,0.08404751134,0,0
77,328,101001000,3,0.9661585353,0.1314932012,0,0
77,266,100001010,3,0.9663109817,0.1359270001,0,0
77,128,010000000,1,0.9323170781,0.08404751134,0,0
77,136,010001000,2,0.9556402415,0.08872172865,0,0
77,136,010001000,2,0.9556402415,0.08872172865,0,0
77,463,111001111,7,0.9701219536,0.2215583678,0,0
77,128,010000000,1,0.9323170781,0.08404751134,0,0
77,128,010000000,1,0.9323170781,0.08404751134,0,0
77,128,010000000,1,0.9323170781,0.08404751134,0,0
77,136,010001000,2,0.9556402415,0.08872172865,0,0
77,136,010001000,2,0.9556402415,0.08872172865,0,0
77,286,100011110,5,0.9696646333,0.1719646058,0,0
77,128,010000000,1,0.9323170781,0.08404751134,0,0
77,128,010000000,1,0.9323170781,0.08404751134,0,0
77,256,100000000,1,0.8653963432,0.05144251033,0,0
77,4,000000100,1,0.9094512276,0.06868225115,0,0
77,128,010000000,1,0.9323170781,0.08404751134,0,0
77,286,100011110,5,0.9696646333,0.1719646058,0,0
77,286,100011110,5,0.9696646333,0.1719646058,0,0
77,4,000000100,1,0.9094512276,0.06868225115,0,0
77,463,111001111,7,0.9701219536,0.2215583678,0,0
77,128,010000000,1,0.9323170781,0.08404751134,0,0
77,286,100011110,5,0.9696646333,0.1719646058,0,0
77,4,000000100,1,0.9094512276,0.06868225115,0,0
77,136,010001000,2,0.9556402415,0.08872172865,0,0
77,128,010000000,1,0.9323170781,0.08404751134,0,0
77,463,111001111,7,0.9701219536,0.2215583678,0,0
77,4,000000100,1,0.9094512276,0.06868225115,0,0
77,128,010000000,1,0.9323170781,0.08404751134,0,0
77,128,010000000,1,0.9323170781,0.08404751134,0,0
77,128,010000000,1,0.9323170781,0.08404751134,0,0
77,463,111001111,7,0.9701219536,0.2215583678,0,0
77,128,010000000,1,0.9323170781,0.08404751134,0,0
77,4,000000100,1,0.9094512276,0.06868225115,0,0
77,286,100011110,5,0.9696646333,0.1719646058,0,0
77,128,010000000,1,0.9323170781,0.08404751134,0,0
77,256,100000000,1,0.8653963432,0.05144251033,0,0
77,256,100000000,1,0.8653963432,0.05144251033,0,0
77,128,010000000,1,0.9323170781,0.08404751134,0,0
77,4,000000100,1,0.9094512276,0.06868225115,0,0
77,256,100000000,1,0.8653963432,0.05144251033,0,0
77,128,010000000,1,0.9323170781,0.08404751134,0,0
77,4,000000100,1,0.9094512276,0.06868225115,0,0
77,4,000000100,1,0.9094512276,0.06868225115,0,0
77,256,100000000,1,0.8653963432,0.05144251033,0,0
77,4,000000100,1,0.9094512276,0.06868225115,0,0
77,128,010000000,1,0.9323170781,0.08404751134,0,0
77,463,111001111,7,0.9701219536,0.2215583678,0,0
77,4,000000100,1,0.9094512276,0.06868225115,0,0
77,4,000000100,1,0.9094512276,0.06868225115,0,0
77,463,111001111,7,0.9701219536,0.2215583678,0,0
77,256,100000000,1,0.8653963432,0.05144251033,0,0
77,128,010000000,1,0.9323170781,0.08404751134,0,0
77,4,000000100,1,0.9094512276,0.06868225115,0,0
77,463,111001111,7,0.9701219536,0.2215583678,0,0
77,4,000000100,1,0.9094512276,0.06868225115,0,0
77,256,100000000,1,0.8653963432,0.05144251033,0,0
77,463,111001111,7,0.9701219536,0.2215583678,0,0
77,4,000000100,1,0.9094512276,0.06868225115,0,0
78,256,100000000,1,0.8653963432,0.05144251033,0,inf
78,463,111001111,7,0.9701219536,0.2215583678,0,inf
78,4,000000100,1,0.9094512276,0.06868225115,0,0.5220108109
78,256,100000000,1,0.8653963432,0.05144251033,0,0.5220108109
78,4,000000100,1,0.9094512276,0.06868225115,0,0.308662907
78,128,010000000,1,0.9323170781,0.08404751134,0,0.308662907
78,286,100011110,5,0.9696646333,0.1719646058,0,0.295896174
78,463,111001111,7,0.9701219536,0.2215583678,0,0.295896174
78,128,010000000,1,0.9323170781,0.08404751134,0,0.2501840222
78,136,010001000,2,0.9556402415,0.08872172865,0,0.2501840222
78,138,010001010,3,0.9580792598,0.1175190397,0,0.1925701872
78,136,010001000,2,0.9556402415,0.08872172865,0,0.1925701872
78,328,101001000,3,0.9661585353,0.1314932012,0,0.1195143764
78,170,010101010,4,0.9583841376,0.1237906108,0,0.1195143764
78,299,100101011,5,0.9684451278,0.1646855306,0,0.09645812205
78,394,110001010,4,0.9682926834,0.1485241046,0,0.09645812205
78,394,110001010,4,0.9682926834,0.1485241046,0,0.09297294788
78,266,100001010,3,0.9663109817,0.1359270001,0,0.09297294788
78,138,010001010,3,0.9580792598,0.1175190397,0,0.03977767534
78,170,010101010,4,0.9583841376,0.1237906108,0,0.03977767534
78,459,111001011,6,0.9693597592,0.1673336257,0,0.03013367655
78,286,100011110,5,0.9696646333,0.1719646058,0,0.03013367655
78,328,101001000,3,0.9661585353,0.1314932012,0,0.02751908085
78,266,100001010,3,0.9663109817,0.1359270001,0,0.02751908085
78,299,100101011,5,0.9684451278,0.1646855306,0,0.02430001974
78,459,111001011,6,0.9693597592,0.1673336257,0,0.02430001974
78,256,100000000,1,0.8653963432,0.05144251033,0,0
78,266,100001010,3,0.9663109817,0.1359270001,0,0
78,299,100101011,5,0.9684451278,0.1646855306,0,0
78,459,111001011,6,0.9693597592,0.1673336257,0,0
78,459,111001011,6,0.9693597592,0.1673336257,0,0
78,459,111001011,6,0.9693597592,0.1673336257,0,0
78,266,100001010,3,0.9663109817,0.1359270001,0,0
78,459,111001011,6,0.9693597592,0.1673336257,0,0
78,266,100001010,3,0.9663109817,0.1359270001,0,0
78,266,100001010,3,0.9663109817,0.1359270001,0,0
78,256,100000000,1,0.8653963432,0.05144251033,0,0
78,459,111001011,6,0.9693597592,0.1673336257,0,0
78,328,101001000,3,0.9661585353,0.1314932012,0,0
78,266,100001010,3,0.9663109817,0.1359270001,0,0
78,266,100001010,3,0.9663109817,0.1359270001,0,0
78,328,101001000,3,0.9661585353,0.1314932012,0,0
78,459,111001011,6,0.9693597592,0.1673336257,0,0
78,266,100001010,3,0.9663109817,0.1359270001,0,0
78,266,100001010,3,0.9663109817,0.1359270001,0,0
78,266,100001010,3,0.9663109817,0.1359270001,0,0
78,328,101001000,3,0.9661585353,0.1314932012,0,0
78,266,100001010,3,0.9663109817,0.1359270001,0,0
78,328,101001000,3,0.9661585353,0.1314932012,0,0
78,266,100001010,3,0.9663109817,0.1359270001,0,0
78,459,111001011,6,0.9693597592,0.1673336257,0,0
78,286,100011110,5,0.9696646333,0.1719646058,0,0
78,266,100001010,3,0.9663109817,0.1359270001,0,0
78,138,010001010,3,0.9580792598,0.1175190397,0,0
78,266,100001010,3,0.9663109817,0.1359270001,0,0
78,286,100011110,5,0.9696646333,0.1719646058,0,0
78,328,101001000,3,0.9661585353,0.1314932012,0,0
78,286,100011110,5,0.9696646333,0.1719646058,0,0
78,170,010101010,4,0.9583841376,0.1237906108,0,0
78,459,111001011,6,0.9693597592,0.1673336257,0,0
78,459,111001011,6,0.9693597592,0.1673336257,0,0
78,328,101001000,3,0.9661585353,0.1314932012,0,0
78,286,100011110,5,0.9696646333,0.1719646058,0,0
78,138,010001010,3,0.9580792598,0.1175190397,0,0
78,138,010001010,3,0.9580792598,0.1175190397,0,0
78,459,111001011,6,0.9693597592,0.1673336257,0,0
78,394,110001010,4,0.9682926834,0.1485241046,0,0
78,266,100001010,3,0.9663109817,0.1359270001,0,0
78,170,010101010,4,0.9583841376,0.1237906108,0,0
78,266,100001010,3,0.9663109817,0.1359270001,0,0
78,286,100011110,5,0.9696646333,0.1719646058,0,0
78,299,100101011,5,0.9684451278,0.1646855306,0,0
78,170,010101010,4,0.9583841376,0.1237906108,0,0
78,394,110001010,4,0.9682926834,0.1485241046,0,0
78,459,111001011,6,0.9693597592,0.1673336257,0,0
78,170,010101010,4,0.9583841376,0.1237906108,0,0
78,286,100011110,5,0.9696646333,0.1719646058,0,0
78,170,010101010,4,0.9583841376,0.1237906108,0,0
78,286,100011110,5,0.9696646333,0.1719646058,0,0
78,266,100001010,3,0.9663109817,0.1359270001,0,0
78,170,010101010,4,0.9583841376,0.1237906108,0,0
78,138,010001010,3,0.9580792598,0.1175190397,0,0
78,266,100001010,3,0.9663109817,0.1359270001,0,0
78,256,100000000,1,0.8653963432,0.05144251033,0,0
78,394,110001010,4,0.9682926834,0.1485241046,0,0
78,256,100000000,1,0.8653963432,0.05144251033,0,0
78,299,100101011,5,0.9684451278,0.1646855306,0,0
78,328,101001000,3,0.9661585353,0.1314932012,0,0
78,328,101001000,3,0.9661585353,0.1314932012,0,0
78,394,110001010,4,0.9682926834,0.1485241046,0,0
78,328,101001000,3,0.9661585353,0.1314932012,0,0
78,299,100101011,5,0.9684451278,0.1646855306,0,0
78,170,010101010,4,0.9583841376,0.1237906108,0,0
78,136,010001000,2,0.9556402415,0.08872172865,0,0
78,328,101001000,3,0.9661585353,0.1314932012,0,0
78,266,100001010,3,0.9663109817,0.1359270001,0,0
78,128,010000000,1,0.9323170781,0.08404751134,0,0
78,266,100001010,3,0.9663109817,0.1359270001,0,0
78,256,100000000,1,0.8653963432,0.05144251033,0,0
78,136,010001000,2,0.9556402415,0.08872172865,0,0
78,138,010001010,3,0.9580792598,0.1175190397,0,0
78,138,010001010,3,0.9580792598,0.1175190397,0,0
78,128,010000000,1,0.9323170781,0.08404751134,0,0
78,328,101001000,3,0.9661585353,0.1314932012,0,0
78,266,100001010,3,0.9663109817,0.1359270001,0,0
78,128,010000000,1,0.9323170781,0.08404751134,0,0
78,136,010001000,2,0.9556402415,0.08872172865,0,0
78,170,010101010,4,0.9583841376,0.1237906108,0,0
78,138,010001010,3,0.9580792598,0.1175190397,0,0
78,128,010000000,1,0.9323170781,0.08404751134,0,0
78,128,010000000,1,0.9323170781,0.08404751134,0,0
78,128,010000000,1,0.9323170781,0.08404751134,0,0
78,136,010001000,2,0.9556402415,0.08872172865,0,0
78,136,010001000,2,0.9556402415,0.08872172865,0,0
78,286,100011110,5,0.9696646333,0.1719646058,0,0
78,128,010000000,1,0.9323170781,0.08404751134,0,0
78,128,010000000,1,0.9323170781,0.08404751134,0,0
78,256,100000000,1,0.8653963432,0.05144251033,0,0
78,4,000000100,1,0.9094512276,0.06868225115,0,0
78,128,010000000,1,0.9323170781,0.08404751134,0,0
78,286,100011110,5,0.9696646333,0.1719646058,0,0
78,286,100011110,5,0.9696646333,0.1719646058,0,0
78,4,000000100,1,0.9094512276,0.06868225115,0,0
78,463,111001111,7,0.9701219536,0.2215583678,0,0
78,128,010000000,1,0.9323170781,0.08404751134,0,0
78,136,010001000,2,0.9556402415,0.08872172865,0,0
78,4,000000100,1,0.9094512276,0.06868225115,0,0
78,136,010001000,2,0.9556402415,0.08872172865,0,0
78,128,010000000,1,0.9323170781,0.08404751134,0,0
78,463,111001111,7,0.9701219536,0.2215583678,0,0
78,4,000000100,1,0.9094512276,0.06868225115,0,0
78,128,010000000,1,0.9323170781,0.08404751134,0,0
78,128,010000000,1,0.9323170781,0.08404751134,0,0
78,128,010000000,1,0.9323170781,0.08404751134,0,0
78,463,111001111,7,0.9701219536,0.2215583678,0,0
78,128,010000000,1,0.9323170781,0.08404751134,0,0
78,4,000000100,1,0.9094512276,0.06868225115,0,0
78,286,100011110,5,0.9696646333,0.1719646058,0,0
78,463,111001111,7,0.9701219536,0.2215583678,0,0
78,256,100000000,1,0.8653963432,0.05144251033,0,0
78,256,100000000,1,0.8653963432,0.05144251033,0,0
78,128,010000000,1,0.9323170781,0.08404751134,0,0
78,4,000000100,1,0.9094512276,0.06868225115,0,0
78,256,100000000,1,0.8653963432,0.05144251033,0,0
78,128,010000000,1,0.9323170781,0.08404751134,0,0
78,4,000000100,1,0.9094512276,0.06868225115,0,0
78,4,000000100,1,0.9094512276,0.06868225115,0,0
78,128,010000000,1,0.9323170781,0.08404751134,0,0
78,4,000000100,1,0.9094512276,0.06868225115,0,0
78,128,010000000,1,0.9323170781,0.08404751134,0,0
78,463,111001111,7,0.9701219536,0.2215583678,0,0
78,4,000000100,1,0.9094512276,0.06868225115,0,0
78,4,000000100,1,0.9094512276,0.06868225115,0,0
78,463,111001111,7,0.9701219536,0.2215583678,0,0
78,4,000000100,1,0.9094512276,0.06868225115,0,0
78,128,010000000,1,0.9323170781,0.08404751134,0,0
78,4,000000100,1,0.9094512276,0.06868225115,0,0
78,463,111001111,7,0.9701219536,0.2215583678,0,0
78,4,000000100,1,0.9094512276,0.06868225115,0,0
78,256,100000000,1,0.8653963432,0.05144251033,0,0
78,463,111001111,7,0.9701219536,0.2215583678,0,0
78,463,111001111,7,0.9701219536,0.2215583678,0,0
79,256,100000000,1,0.8653963432,0.05144251033,0,inf
79,463,111001111,7,0.9701219536,0.2215583678,0,inf
79,4,000000100,1,0.9094512276,0.06868225115,0,0.5220108109
79,256,100000000,1,0.8653963432,0.05144251033,0,0.5220108109
79,4,000000100,1,0.9094512276,0.06868225115,0,0.308662907
79,128,010000000,1,0.9323170781,0.08404751134,0,0.308662907
79,286,100011110,5,0.9696646333,0.1719646058,0,0.295896174
79,463,111001111,7,0.9701219536,0.2215583678,0,0.295896174
79,128,010000000,1,0.9323170781,0.08404751134,0,0.2501840222
79,136,010001000,2,0.9556402415,0.08872172865,0,0.2501840222
79,138,010001010,3,0.9580792598,0.1175190397,0,0.1925701872
79,136,010001000,2,0.9556402415,0.08872172865,0,0.1925701872
79,170,010101010,4,0.9583841376,0.1237906108,0,0.1195143764
79,328,101001000,3,0.9661585353,0.1314932012,0,0.1195143764
79,394,110001010,4,0.9682926834,0.1485241046,0,0.09645812205
79,299,100101011,5,0.9684451278,0.1646855306,0,0.09645812205
79,394,110001010,4,0.9682926834,0.1485241046,0,0.09297294788
79,266,100001010,3,0.9663109817,0.1359270001,0,0.09297294788
79,138,010001010,3,0.9580792598,0.1175190397,0,0.03977767534
79,170,010101010,4,0.9583841376,0.1237906108,0,0.03977767534
79,459,111001011,6,0.9693597592,0.1673336257,0,0.03013367655
79,286,100011110,5,0.9696646333,0.1719646058,0,0.03013367655
79,328,101001000,3,0.9661585353,0.1314932012,0,0.02751908085
79,266,100001010,3,0.9663109817,0.1359270001,0,0.02751908085
79,299,100101011,5,0.9684451278,0.1646855306,0,0.02430001974
79,459,111001011,6,0.9693597592,0.1673336257,0,0.02430001974
79,394,110001010,4,0.9682926834,0.1485241046,0,0
79,256,100000000,1,0.8653963432,0.05144251033,0,0
79,299,100101011,5,0.9684451278,0.1646855306,0,0
79,459,111001011,6,0.9693597592,0.1673336257,0,0
79,459,111001011,6,0.9693597592,0.1673336257,0,0
79,459,111001011,6,0.9693597592,0.1673336257,0,0
79,266,100001010,3,0.9663109817,0.1359270001,0,0
79,459,111001011,6,0.9693597592,0.1673336257,0,0
79,266,100001010,3,0.9663109817,0.1359270001,0,0
79,266,100001010,3,0.9663109817,0.1359270001,0,0
79,266,100001010,3,0.9663109817,0.1359270001,0,0
79,459,111001011,6,0.9693597592,0.1673336257,0,0
79,328,101001000,3,0.9661585353,0.1314932012,0,0
79,266,100001010,3,0.9663109817,0.1359270001,0,0
79,266,100001010,3,0.9663109817,0.1359270001,0,0
79,328,101001000,3,0.9661585353,0.1314932012,0,0
79,459,111001011,6,0.9693597592,0.1673336257,0,0
79,266,100001010,3,0.9663109817,0.1359270001,0,0
79,266,100001010,3,0.9663109817,0.1359270001,0,0
79,266,100001010,3,0.9663109817,0.1359270001,0,0
79,328,101001000,3,0.9661585353,0.1314932012,0,0
79,266,100001010,3,0.9663109817,0.1359270001,0,0
79,328,101001000,3,0.9661585353,0.1314932012,0,0
79,266,100001010,3,0.9663109817,0.1359270001,0,0
79,459,111001011,6,0.9693597592,0.1673336257,0,0
79,286,100011110,5,0.9696646333,0.1719646058,0,0
79,286,100011110,5,0.9696646333,0.1719646058,0,0
79,138,010001010,3,0.9580792598,0.1175190397,0,0
79,266,100001010,3,0.9663109817,0.1359270001,0,0
79,286,100011110,5,0.9696646333,0.1719646058,0,0
79,328,101001000,3,0.9661585353,0.1314932012,0,0
79,286,100011110,5,0.9696646333,0.1719646058,0,0
79,170,010101010,4,0.9583841376,0.1237906108,0,0
79,459,111001011,6,0.9693597592,0.1673336257,0,0
79,459,111001011,6,0.9693597592,0.1673336257,0,0
79,328,101001000,3,0.9661585353,0.1314932012,0,0
79,286,100011110,5,0.9696646333,0.1719646058,0,0
79,138,010001010,3,0.9580792598,0.1175190397,0,0
79,138,010001010,3,0.9580792598,0.1175190397,0,0
79,459,111001011,6,0.9693597592,0.1673336257,0,0
79,170,010101010,4,0.9583841376,0.1237906108,0,0
79,266,100001010,3,0.9663109817,0.1359270001,0,0
79,170,010101010,4,0.9583841376,0.1237906108,0,0
79,266,100001010,3,0.9663109817,0.1359270001,0,0
79,286,100011110,5,0.9696646333,0.1719646058,0,0
79,138,010001010,3,0.9580792598,0.1175190397,0,0
79,170,010101010,4,0.9583841376,0.1237906108,0,0
79,394,110001010,4,0.9682926834,0.1485241046,0,0
79,266,100001010,3,0.9663109817,0.1359270001,0,0
79,170,010101010,4,0.9583841376,0.1237906108,0,0
79,286,100011110,5,0.9696646333,0.1719646058,0,0
79,170,010101010,4,0.9583841376,0.1237906108,0,0
79,286,100011110,5,0.9696646333,0.1719646058,0,0
79,266,100001010,3,0.9663109817,0.1359270001,0,0
79,170,010101010,4,0.9583841376,0.1237906108,0,0
79,138,010001010,3,0.9580792598,0.1175190397,0,0
79,266,100001010,3,0.9663109817,0.1359270001,0,0
79,256,100000000,1,0.8653963432,0.05144251033,0,0
79,256,100000000,1,0.8653963432,0.05144251033,0,0
79,256,100000000,1,0.8653963432,0.05144251033,0,0
79,299,100101011,5,0.9684451278,0.1646855306,0,0
79,328,101001000,3,0.9661585353,0.1314932012,0,0
79,328,101001000,3,0.9661585353,0.1314932012,0,0
79,394,110001010,4,0.9682926834,0.1485241046,0,0
79,328,101001000,3,0.9661585353,0.1314932012,0,0
79,299,100101011,5,0.9684451278,0.1646855306,0,0
79,170,010101010,4,0.9583841376,0.1237906108,0,0
79,394,110001010,4,0.9682926834,0.1485241046,0,0
79,299,100101011,5,0.9684451278,0.1646855306,0,0
79,266,100001010,3,0.9663109817,0.1359270001,0,0
79,128,010000000,1,0.9323170781,0.08404751134,0,0
79,459,111001011,6,0.9693597592,0.1673336257,0,0
79,256,100000000,1,0.8653963432,0.05144251033,0,0
79,136,010001000,2,0.9556402415,0.08872172865,0,0
79,138,010001010,3,0.9580792598,0.1175190397,0,0
79,328,101001000,3,0.9661585353,0.1314932012,0,0
79,128,010000000,1,0.9323170781,0.08404751134,0,0
79,328,101001000,3,0.9661585353,0.1314932012,0,0
79,266,100001010,3,0.9663109817,0.1359270001,0,0
79,128,010000000,1,0.9323170781,0.08404751134,0,0
79,136,010001000,2,0.9556402415,0.08872172865,0,0
79,136,010001000,2,0.9556402415,0.08872172865,0,0
79,138,010001010,3,0.9580792598,0.1175190397,0,0
79,128,010000000,1,0.9323170781,0.08404751134,0,0
79,128,010000000,1,0.9323170781,0.08404751134,0,0
79,128,010000000,1,0.9323170781,0.08404751134,0,0
79,136,010001000,2,0.9556402415,0.08872172865,0,0
79,136,010001000,2,0.9556402415,0.08872172865,0,0
79,286,100011110,5,0.9696646333,0.1719646058,0,0
79,128,010000000,1,0.9323170781,0.08404751134,0,0
79,128,010000000,1,0.9323170781,0.08404751134,0,0
79,256,100000000,1,0.8653963432,0.05144251033,0,0
79,128,010000000,1,0.9323170781,0.08404751134,0,0
79,128,010000000,1,0.9323170781,0.08404751134,0,0
79,4,000000100,1,0.9094512276,0.06868225115,0,0
79,286,100011110,5,0.9696646333,0.1719646058,0,0
79,4,000000100,1,0.9094512276,0.06868225115,0,0
79,463,111001111,7,0.9701219536,0.2215583678,0,0
79,128,010000000,1,0.9323170781,0.08404751134,0,0
79,136,010001000,2,0.9556402415,0.08872172865,0,0
79,4,000000100,1,0.9094512276,0.06868225115,0,0
79,136,010001000,2,0.9556402415,0.08872172865,0,0
79,128,010000000,1,0.9323170781,0.08404751134,0,0
79,463,111001111,7,0.9701219536,0.2215583678,0,0
79,4,000000100,1,0.9094512276,0.06868225115,0,0
79,128,010000000,1,0.9323170781,0.08404751134,0,0
79,128,010000000,1,0.9323170781,0.08404751134,0,0
79,128,010000000,1,0.9323170781,0.08404751134,0,0
79,256,100000000,1,0.8653963432,0.05144251033,0,0
79,128,010000000,1,0.9323170781,0.08404751134,0,0
79,4,000000100,1,0.9094512276,0.06868225115,0,0
79,286,100011110,5,0.9696646333,0.1719646058,0,0
79,463,111001111,7,0.9701219536,0.2215583678,0,0
79,256,100000000,1,0.8653963432,0.05144251033,0,0
79,256,100000000,1,0.8653963432,0.05144251033,0,0
79,128,010000000,1,0.9323170781,0.08404751134,0,0
79,4,000000100,1,0.9094512276,0.06868225115,0,0
79,256,100000000,1,0.8653963432,0.05144251033,0,0
79,128,010000000,1,0.9323170781,0.08404751134,0,0
79,4,000000100,1,0.9094512276,0.06868225115,0,0
79,4,000000100,1,0.9094512276,0.06868225115,0,0
79,128,010000000,1,0.9323170781,0.08404751134,0,0
79,4,000000100,1,0.9094512276,0.06868225115,0,0
79,128,010000000,1,0.9323170781,0.08404751134,0,0
79,463,111001111,7,0.9701219536,0.2215583678,0,0
79,4,000000100,1,0.9094512276,0.06868225115,0,0
79,4,000000100,1,0.9094512276,0.06868225115,0,0
79,463,111001111,7,0.9701219536,0.2215583678,0,0
79,4,000000100,1,0.9094512276,0.06868225115,0,0
79,463,111001111,7,0.9701219536,0.2215583678,0,0
79,4,000000100,1,0.9094512276,0.06868225115,0,0
79,463,111001111,7,0.9701219536,0.2215583678,0,0
79,4,000000100,1,0.9094512276,0.06868225115,0,0
79,256,100000000,1,0.8653963432,0.05144251033,0,0
79,463,111001111,7,0.9701219536,0.2215583678,0,0
79,463,111001111,7,0.9701219536,0.2215583678,0,0
80,256,100000000,1,0.8653963432,0.05144251033,0,inf
80,463,111001111,7,0.9701219536,0.2215583678,0,inf
80,4,000000100,1,0.9094512276,0.06868225115,0,0.5220108109
80,256,100000000,1,0.8653963432,0.05144251033,0,0.5220108109
80,4,000000100,1,0.9094512276,0.06868225115,0,0.308662907
80,128,010000000,1,0.9323170781,0.08404751134,0,0.308662907
80,463,111001111,7,0.9701219536,0.2215583678,0,0.295896174
80,286,100011110,5,0.9696646333,0.1719646058,0,0.295896174
80,128,010000000,1,0.9323170781,0.08404751134,0,0.2501840222
80,136,010001000,2,0.9556402415,0.08872172865,0,0.2501840222
80,136,010001000,2,0.9556402415,0.08872172865,0,0.1925701872
80,138,010001010,3,0.9580792598,0.1175190397,0,0.1925701872
80,328,101001000,3,0.9661585353,0.1314932012,0,0.1195143764
80,170,010101010,4,0.9583841376,0.1237906108,0,0.1195143764
80,394,110001010,4,0.9682926834,0.1485241046,0,0.09645812205
80,299,100101011,5,0.9684451278,0.1646855306,0,0.09645812205
80,394,110001010,4,0.9682926834,0.1485241046,0,0.09297294788
80,266,100001010,3,0.9663109817,0.1359270001,0,0.09297294788
80,138,010001010,3,0.9580792598,0.1175190397,0,0.03977767534
80,170,010101010,4,0.9583841376,0.1237906108,0,0.03977767534
80,286,100011110,5,0.9696646333,0.1719646058,0,0.03013367655
80,459,111001011,6,0.9693597592,0.1673336257,0,0.03013367655
80,266,100001010,3,0.9663109817,0.1359270001,0,0.02751908085
80,328,101001000,3,0.9661585353,0.1314932012,0,0.02751908085
80,459,111001011,6,0.9693597592,0.1673336257,0,0.02430001974
80,299,100101011,5,0.9684451278,0.1646855306,0,0.02430001974
80,256,100000000,1,0.8653963432,0.05144251033,0,0
80,256,100000000,1,0.8653963432,0.05144251033,0,0
80,459,111001011,6,0.9693597592,0.1673336257,0,0
80,459,111001011,6,0.9693597592,0.1673336257,0,0
80,459,111001011,6,0.9693597592,0.1673336257,0,0
80,459,111001011,6,0.9693597592,0.1673336257,0,0
80,266,100001010,3,0.9663109817,0.1359270001,0,0
80,459,111001011,6,0.9693597592,0.1673336257,0,0
80,266,100001010,3,0.9663109817,0.1359270001,0,0
80,266,100001010,3,0.9663109817,0.1359270001,0,0
80,266,100001010,3,0.9663109817,0.1359270001,0,0
80,459,111001011,6,0.9693597592,0.1673336257,0,0
80,328,101001000,3,0.9661585353,0.1314932012,0,0
80,266,100001010,3,0.9663109817,0.1359270001,0,0
80,266,100001010,3,0.9663109817,0.1359270001,0,0
80,328,101001000,3,0.9661585353,0.1314932012,0,0
80,459,111001011,6,0.9693597592,0.1673336257,0,0
80,266,100001010,3,0.9663109817,0.1359270001,0,0
80,266,100001010,3,0.9663109817,0.1359270001,0,0
80,266,100001010,3,0.9663109817,0.1359270001,0,0
80,299,100101011,5,0.9684451278,0.1646855306,0,0
80,266,100001010,3,0.9663109817,0.1359270001,0,0
80,328,101001000,3,0.9661585353,0.1314932012,0,0
80,266,100001010,3,0.9663109817,0.1359270001,0,0
80,328,101001000,3,0.9661585353,0.1314932012,0,0
80,286,100011110,5,0.9696646333,0.1719646058,0,0
80,286,100011110,5,0.9696646333,0.1719646058,0,0
80,138,010001010,3,0.9580792598,0.1175190397,0,0
80,266,100001010,3,0.9663109817,0.1359270001,0,0
80,286,100011110,5,0.9696646333,0.1719646058,0,0
80,328,101001000,3,0.9661585353,0.1314932012,0,0
80,286,100011110,5,0.9696646333,0.1719646058,0,0
80,170,010101010,4,0.9583841376,0.1237906108,0,0
80,459,111001011,6,0.9693597592,0.1673336257,0,0
80,459,111001011,6,0.9693597592,0.1673336257,0,0
80,328,101001000,3,0.9661585353,0.1314932012,0,0
80,286,100011110,5,0.9696646333,0.1719646058,0,0
80,138,010001010,3,0.9580792598,0.1175190397,0,0
80,138,010001010,3,0.9580792598,0.1175190397,0,0
80,459,111001011,6,0.9693597592,0.1673336257,0,0
80,170,010101010,4,0.9583841376,0.1237906108,0,0
80,266,100001010,3,0.9663109817,0.1359270001,0,0
80,170,010101010,4,0.9583841376,0.1237906108,0,0
80,266,100001010,3,0.9663109817,0.1359270001,0,0
80,286,100011110,5,0.9696646333,0.1719646058,0,0
80,138,010001010,3,0.9580792598,0.1175190397,0,0
80,170,010101010,4,0.9583841376,0.1237906108,0,0
80,394,110001010,4,0.9682926834,0.1485241046,0,0
80,266,100001010,3,0.9663109817,0.1359270001,0,0
80,170,010101010,4,0.9583841376,0.1237906108,0,0
80,286,100011110,5,0.9696646333,0.1719646058,0,0
80,170,010101010,4,0.9583841376,0.1237906108,0,0
80,286,100011110,5,0.9696646333,0.1719646058,0,0
80,266,100001010,3,0.9663109817,0.1359270001,0,0
80,266,100001010,3,0.9663109817,0.1359270001,0,0
80,299,100101011,5,0.9684451278,0.1646855306,0,0
80,394,110001010,4,0.9682926834,0.1485241046,0,0
80,170,010101010,4,0.9583841376,0.1237906108,0,0
80,136,010001000,2,0.9556402415,0.08872172865,0,0
80,256,100000000,1,0.8653963432,0.05144251033,0,0
80,299,100101011,5,0.9684451278,0.1646855306,0,0
80,328,101001000,3,0.9661585353,0.1314932012,0,0
80,328,101001000,3,0.9661585353,0.1314932012,0,0
80,394,110001010,4,0.9682926834,0.1485241046,0,0
80,328,101001000,3,0.9661585353,0.1314932012,0,0
80,138,010001010,3,0.9580792598,0.1175190397,0,0
80,170,010101010,4,0.9583841376,0.1237906108,0,0
80,394,110001010,4,0.9682926834,0.1485241046,0,0
80,299,100101011,5,0.9684451278,0.1646855306,0,0
80,266,100001010,3,0.9663109817,0.1359270001,0,0
80,128,010000000,1,0.9323170781,0.08404751134,0,0
80,459,111001011,6,0.9693597592,0.1673336257,0,0
80,394,110001010,4,0.9682926834,0.1485241046,0,0
80,136,010001000,2,0.9556402415,0.08872172865,0,0
80,138,010001010,3,0.9580792598,0.1175190397,0,0
80,328,101001000,3,0.9661585353,0.1314932012,0,0
80,128,010000000,1,0.9323170781,0.08404751134,0,0
80,328,101001000,3,0.9661585353,0.1314932012,0,0
80,266,100001010,3,0.9663109817,0.1359270001,0,0
80,128,010000000,1,0.9323170781,0.08404751134,0,0
80,136,010001000,2,0.9556402415,0.08872172865,0,0
80,136,010001000,2,0.9556402415,0.08872172865,0,0
80,138,010001010,3,0.9580792598,0.1175190397,0,0
80,128,010000000,1,0.9323170781,0.08404751134,0,0
80,128,010000000,1,0.9323170781,0.08404751134,0,0
80,128,010000000,1,0.9323170781,0.08404751134,0,0
80,136,010001000,2,0.9556402415,0.08872172865,0,0
80,136,010001000,2,0.9556402415,0.08872172865,0,0
80,128,010000000,1,0.9323170781,0.08404751134,0,0
80,128,010000000,1,0.9323170781,0.08404751134,0,0
80,463,111001111,7,0.9701219536,0.2215583678,0,0
80,256,100000000,1,0.8653963432,0.05144251033,0,0
80,128,010000000,1,0.9323170781,0.08404751134,0,0
80,128,010000000,1,0.9323170781,0.08404751134,0,0
80,4,000000100,1,0.9094512276,0.06868225115,0,0
80,286,100011110,5,0.9696646333,0.1719646058,0,0
80,4,000000100,1,0.9094512276,0.06868225115,0,0
80,463,111001111,7,0.9701219536,0.2215583678,0,0
80,128,010000000,1,0.9323170781,0.08404751134,0,0
80,136,010001000,2,0.9556402415,0.08872172865,0,0
80,4,000000100,1,0.9094512276,0.06868225115,0,0
80,136,010001000,2,0.9556402415,0.08872172865,0,0
80,128,010000000,1,0.9323170781,0.08404751134,0,0
80,463,111001111,7,0.9701219536,0.2215583678,0,0
80,4,000000100,1,0.9094512276,0.06868225115,0,0
80,128,010000000,1,0.9323170781,0.08404751134,0,0
80,128,010000000,1,0.9323170781,0.08404751134,0,0
80,128,010000000,1,0.9323170781,0.08404751134,0,0
80,256,100000000,1,0.8653963432,0.05144251033,0,0
80,128,010000000,1,0.9323170781,0.08404751134,0,0
80,4,000000100,1,0.9094512276,0.06868225115,0,0
80,286,100011110,5,0.9696646333,0.1719646058,0,0
80,463,111001111,7,0.9701219536,0.2215583678,0,0
80,256,100000000,1,0.8653963432,0.05144251033,0,0
80,256,100000000,1,0.8653963432,0.05144251033,0,0
80,128,010000000,1,0.9323170781,0.08404751134,0,0
80,4,000000100,1,0.9094512276,0.06868225115,0,0
80,256,100000000,1,0.8653963432,0.05144251033,0,0
80,128,010000000,1,0.9323170781,0.08404751134,0,0
80,4,000000100,1,0.9094512276,0.06868225115,0,0
80,4,000000100,1,0.9094512276,0.06868225115,0,0
80,128,010000000,1,0.9323170781,0.08404751134,0,0
80,4,000000100,1,0.9094512276,0.06868225115,0,0
80,128,010000000,1,0.9323170781,0.08404751134,0,0
80,463,111001111,7,0.9701219536,0.2215583678,0,0
80,4,000000100,1,0.9094512276,0.06868225115,0,0
80,4,000000100,1,0.9094512276,0.06868225115,0,0
80,463,111001111,7,0.9701219536,0.2215583678,0,0
80,4,000000100,1,0.9094512276,0.06868225115,0,0
80,286,100011110,5,0.9696646333,0.1719646058,0,0
80,4,000000100,1,0.9094512276,0.06868225115,0,0
80,256,100000000,1,0.8653963432,0.05144251033,0,0
80,4,000000100,1,0.9094512276,0.06868225115,0,0
80,256,100000000,1,0.8653963432,0.05144251033,0,0
80,463,111001111,7,0.9701219536,0.2215583678,0,0
80,463,111001111,7,0.9701219536,0.2215583678,0,0
81,463,111001111,7,0.9701219536,0.2215583678,0,inf
81,256,100000000,1,0.8653963432,0.05144251033,0,inf
81,256,100000000,1,0.8653963432,0.05144251033,0,0.5220108109
81,4,000000100,1,0.9094512276,0.06868225115,0,0.5220108109
81,4,000000100,1,0.9094512276,0.06868225115,0,0.308662907
81,128,010000000,1,0.9323170781,0.08404751134,0,0.308662907
81,286,100011110,5,0.9696646333,0.1719646058,0,0.295896174
81,463,111001111,7,0.9701219536,0.2215583678,0,0.295896174
81,128,010000000,1,0.9323170781,0.08404751134,0,0.2501840222
81,136,010001000,2,0.9556402415,0.08872172865,0,0.2501840222
81,136,010001000,2,0.9556402415,0.08872172865,0,0.1925701872
81,138,010001010,3,0.9580792598,0.1175190397,0,0.1925701872
81,170,010101010,4,0.9583841376,0.1237906108,0,0.1195143764
81,328,101001000,3,0.9661585353,0.1314932012,0,0.1195143764
81,394,110001010,4,0.9682926834,0.1485241046,0,0.09645812205
81,299,100101011,5,0.9684451278,0.1646855306,0,0.09645812205
81,394,110001010,4,0.9682926834,0.1485241046,0,0.09297294788
81,266,100001010,3,0.9663109817,0.1359270001,0,0.09297294788
81,138,010001010,3,0.9580792598,0.1175190397,0,0.03977767534
81,170,010101010,4,0.9583841376,0.1237906108,0,0.03977767534
81,459,111001011,6,0.9693597592,0.1673336257,0,0.03013367655
81,286,100011110,5,0.9696646333,0.1719646058,0,0.03013367655
81,266,100001010,3,0.9663109817,0.1359270001,0,0.02751908085
81,328,101001000,3,0.9661585353,0.1314932012,0,0.02751908085
81,299,100101011,5,0.9684451278,0.1646855306,0,0.02430001974
81,459,111001011,6,0.9693597592,0.1673336257,0,0.02430001974
81,170,010101010,4,0.9583841376,0.1237906108,0,0
81,136,010001000,2,0.9556402415,0.08872172865,0,0
81,459,111001011,6,0.9693597592,0.1673336257,0,0
81,459,111001011,6,0.9693597592,0.1673336257,0,0
81,459,111001011,6,0.9693597592,0.1673336257,0,0
81,459,111001011,6,0.9693597592,0.1673336257,0,0
81,266,100001010,3,0.9663109817,0.1359270001,0,0
81,459,111001011,6,0.9693597592,0.1673336257,0,0
81,266,100001010,3,0.9663109817,0.1359270001,0,0
81,266,100001010,3,0.9663109817,0.1359270001,0,0
81,266,100001010,3,0.9663109817,0.1359270001,0,0
81,459,111001011,6,0.9693597592,0.1673336257,0,0
81,328,101001000,3,0.9661585353,0.1314932012,0,0
81,266,100001010,3,0.9663109817,0.1359270001,0,0
81,266,100001010,3,0.9663109817,0.1359270001,0,0
81,266,100001010,3,0.9663109817,0.1359270001,0,0
81,459,111001011,6,0.9693597592,0.1673336257,0,0
81,459,111001011,6,0.9693597592,0.1673336257,0,0
81,266,100001010,3,0.9663109817,0.1359270001,0,0
81,266,100001010,3,0.9663109817,0.1359270001,0,0
81,170,010101010,4,0.9583841376,0.1237906108,0,0
81,266,100001010,3,0.9663109817,0.1359270001,0,0
81,328,101001000,3,0.9661585353,0.1314932012,0,0
81,266,100001010,3,0.9663109817,0.1359270001,0,0
81,328,101001000,3,0.9661585353,0.1314932012,0,0
81,286,100011110,5,0.9696646333,0.1719646058,0,0
81,286,100011110,5,0.9696646333,0.1719646058,0,0
81,138,010001010,3,0.9580792598,0.1175190397,0,0
81,266,100001010,3,0.9663109817,0.1359270001,0,0
81,286,100011110,5,0.9696646333,0.1719646058,0,0
81,328,101001000,3,0.9661585353,0.1314932012,0,0
81,286,100011110,5,0.9696646333,0.1719646058,0,0
81,170,010101010,4,0.9583841376,0.1237906108,0,0
81,459,111001011,6,0.9693597592,0.1673336257,0,0
81,138,010001010,3,0.9580792598,0.1175190397,0,0
81,328,101001000,3,0.9661585353,0.1314932012,0,0
81,286,100011110,5,0.9696646333,0.1719646058,0,0
81,138,010001010,3,0.9580792598,0.1175190397,0,0
81,138,010001010,3,0.9580792598,0.1175190397,0,0
81,459,111001011,6,0.9693597592,0.1673336257,0,0
81,170,010101010,4,0.9583841376,0.1237906108,0,0
81,266,100001010,3,0.9663109817,0.1359270001,0,0
81,170,010101010,4,0.9583841376,0.1237906108,0,0
81,266,100001010,3,0.9663109817,0.1359270001,0,0
81,286,100011110,5,0.9696646333,0.1719646058,0,0
81,138,010001010,3,0.9580792598,0.1175190397,0,0
81,394,110001010,4,0.9682926834,0.1485241046,0,0
81,299,100101011,5,0.9684451278,0.1646855306,0,0
81,266,100001010,3,0.9663109817,0.1359270001,0,0
81,170,010101010,4,0.9583841376,0.1237906108,0,0
81,286,100011110,5,0.9696646333,0.1719646058,0,0
81,170,010101010,4,0.9583841376,0.1237906108,0,0
81,286,100011110,5,0.9696646333,0.1719646058,0,0
81,266,100001010,3,0.9663109817,0.1359270001,0,0
81,266,100001010,3,0.9663109817,0.1359270001,0,0
81,394,110001010,4,0.9682926834,0.1485241046,0,0
81,394,110001010,4,0.9682926834,0.1485241046,0,0
81,328,101001000,3,0.9661585353,0.1314932012,0,0
81,136,010001000,2,0.9556402415,0.08872172865,0,0
81,256,100000000,1,0.8653963432,0.05144251033,0,0
81,299,100101011,5,0.9684451278,0.1646855306,0,0
81,328,101001000,3,0.9661585353,0.1314932012,0,0
81,328,101001000,3,0.9661585353,0.1314932012,0,0
81,394,110001010,4,0.9682926834,0.1485241046,0,0
81,328,101001000,3,0.9661585353,0.1314932012,0,0
81,138,010001010,3,0.9580792598,0.1175190397,0,0
81,170,010101010,4,0.9583841376,0.1237906108,0,0
81,394,110001010,4,0.9682926834,0.1485241046,0,0
81,299,100101011,5,0.9684451278,0.1646855306,0,0
81,266,100001010,3,0.9663109817,0.1359270001,0,0
81,128,010000000,1,0.9323170781,0.08404751134,0,0
81,299,100101011,5,0.9684451278,0.1646855306,0,0
81,394,110001010,4,0.9682926834,0.1485241046,0,0
81,136,010001000,2,0.9556402415,0.08872172865,0,0
81,136,010001000,2,0.9556402415,0.08872172865,0,0
81,328,101001000,3,0.9661585353,0.1314932012,0,0
81,128,010000000,1,0.9323170781,0.08404751134,0,0
81,328,101001000,3,0.9661585353,0.1314932012,0,0
81,266,100001010,3,0.9663109817,0.1359270001,0,0
81,128,010000000,1,0.9323170781,0.08404751134,0,0
81,128,010000000,1,0.9323170781,0.08404751134,0,0
81,286,100011110,5,0.9696646333,0.1719646058,0,0
81,138,010001010,3,0.9580792598,0.1175190397,0,0
81,128,010000000,1,0.9323170781,0.08404751134,0,0
81,128,010000000,1,0.9323170781,0.08404751134,0,0
81,128,010000000,1,0.9323170781,0.08404751134,0,0
81,136,010001000,2,0.9556402415,0.08872172865,0,0
81,136,010001000,2,0.9556402415,0.08872172865,0,0
81,128,010000000,1,0.9323170781,0.08404751134,0,0
81,128,010000000,1,0.9323170781,0.08404751134,0,0
81,4,000000100,1,0.9094512276,0.06868225115,0,0
81,256,100000000,1,0.8653963432,0.05144251033,0,0
81,128,010000000,1,0.9323170781,0.08404751134,0,0
81,128,010000000,1,0.9323170781,0.08404751134,0,0
81,4,000000100,1,0.9094512276,0.06868225115,0,0
81,256,100000000,1,0.8653963432,0.05144251033,0,0
81,4,000000100,1,0.9094512276,0.06868225115,0,0
81,463,111001111,7,0.9701219536,0.2215583678,0,0
81,128,010000000,1,0.9323170781,0.08404751134,0,0
81,136,010001000,2,0.9556402415,0.08872172865,0,0
81,4,000000100,1,0.9094512276,0.06868225115,0,0
81,136,010001000,2,0.9556402415,0.08872172865,0,0
81,128,010000000,1,0.9323170781,0.08404751134,0,0
81,463,111001111,7,0.9701219536,0.2215583678,0,0
81,4,000000100,1,0.9094512276,0.06868225115,0,0
81,128,010000000,1,0.9323170781,0.08404751134,0,0
81,128,010000000,1,0.9323170781,0.08404751134,0,0
81,128,010000000,1,0.9323170781,0.08404751134,0,0
81,256,100000000,1,0.8653963432,0.05144251033,0,0
81,128,010000000,1,0.9323170781,0.08404751134,0,0
81,4,000000100,1,0.9094512276,0.06868225115,0,0
81,286,100011110,5,0.9696646333,0.1719646058,0,0
81,463,111001111,7,0.9701219536,0.2215583678,0,0
81,256,100000000,1,0.8653963432,0.05144251033,0,0
81,256,100000000,1,0.8653963432,0.05144251033,0,0
81,128,010000000,1,0.9323170781,0.08404751134,0,0
81,4,000000100,1,0.9094512276,0.06868225115,0,0
81,256,100000000,1,0.8653963432,0.05144251033,0,0
81,128,010000000,1,0.9323170781,0.08404751134,0,0
81,4,000000100,1,0.9094512276,0.06868225115,0,0
81,4,000000100,1,0.9094512276,0.06868225115,0,0
81,128,010000000,1,0.9323170781,0.08404751134,0,0
81,4,000000100,1,0.9094512276,0.06868225115,0,0
81,128,010000000,1,0.9323170781,0.08404751134,0,0
81,463,111001111,7,0.9701219536,0.2215583678,0,0
81,4,000000100,1,0.9094512276,0.06868225115,0,0
81,4,000000100,1,0.9094512276,0.06868225115,0,0
81,463,111001111,7,0.9701219536,0.2215583678,0,0
81,4,000000100,1,0.9094512276,0.06868225115,0,0
81,286,100011110,5,0.9696646333,0.1719646058,0,0
81,463,111001111,7,0.9701219536,0.2215583678,0,0
81,256,100000000,1,0.8653963432,0.05144251033,0,0
81,4,000000100,1,0.9094512276,0.06868225115,0,0
81,256,100000000,1,0.8653963432,0.05144251033,0,0
81,463,111001111,7,0.9701219536,0.2215583678,0,0
81,463,111001111,7,0.9701219536,0.2215583678,0,0
82,256,100000000,1,0.8653963432,0.05144251033,0,inf
82,463,111001111,7,0.9701219536,0.2215583678,0,inf
82,4,000000100,1,0.9094512276,0.06868225115,0,0.5220108109
82,256,100000000,1,0.8653963432,0.05144251033,0,0.5220108109
82,4,000000100,1,0.9094512276,0.06868225115,0,0.308662907
82,128,010000000,1,0.9323170781,0.08404751134,0,0.308662907
82,286,100011110,5,0.9696646333,0.1719646058,0,0.295896174
82,463,111001111,7,0.9701219536,0.2215583678,0,0.295896174
82,128,010000000,1,0.9323170781,0.08404751134,0,0.2501840222
82,136,010001000,2,0.9556402415,0.08872172865,0,0.2501840222
82,136,010001000,2,0.9556402415,0.08872172865,0,0.1925701872
82,138,010001010,3,0.9580792598,0.1175190397,0,0.1925701872
82,328,101001000,3,0.9661585353,0.1314932012,0,0.1195143764
82,170,010101010,4,0.9583841376,0.1237906108,0,0.1195143764
82,394,110001010,4,0.9682926834,0.1485241046,0,0.09645812205
82,299,100101011,5,0.9684451278,0.1646855306,0,0.09645812205
82,394,110001010,4,0.9682926834,0.1485241046,0,0.09297294788
82,266,100001010,3,0.9663109817,0.1359270001,0,0.09297294788
82,138,010001010,3,0.9580792598,0.1175190397,0,0.03977767534
82,170,010101010,4,0.9583841376,0.1237906108,0,0.03977767534
82,459,111001011,6,0.9693597592,0.1673336257,0,0.03013367655
82,286,100011110,5,0.9696646333,0.1719646058,0,0.03013367655
82,328,101001000,3,0.9661585353,0.1314932012,0,0.02751908085
82,266,100001010,3,0.9663109817,0.1359270001,0,0.02751908085
82,299,100101011,5,0.9684451278,0.1646855306,0,0.02430001974
82,459,111001011,6,0.9693597592,0.1673336257,0,0.02430001974
82,256,100000000,1,0.8653963432,0.05144251033,0,0
82,328,101001000,3,0.9661585353,0.1314932012,0,0
82,459,111001011,6,0.9693597592,0.1673336257,0,0
82,170,010101010,4,0.9583841376,0.1237906108,0,0
82,459,111001011,6,0.9693597592,0.1673336257,0,0
82,459,111001011,6,0.9693597592,0.1673336257,0,0
82,266,100001010,3,0.9663109817,0.1359270001,0,0
82,459,111001011,6,0.9693597592,0.1673336257,0,0
82,299,100101011,5,0.9684451278,0.1646855306,0,0
82,266,100001010,3,0.9663109817,0.1359270001,0,0
82,266,100001010,3,0.9663109817,0.1359270001,0,0
82,459,111001011,6,0.9693597592,0.1673336257,0,0
82,328,101001000,3,0.9661585353,0.1314932012,0,0
82,266,100001010,3,0.9663109817,0.1359270001,0,0
82,266,100001010,3,0.9663109817,0.1359270001,0,0
82,266,100001010,3,0.9663109817,0.1359270001,0,0
82,459,111001011,6,0.9693597592,0.1673336257,0,0
82,459,111001011,6,0.9693597592,0.1673336257,0,0
82,266,100001010,3,0.9663109817,0.1359270001,0,0
82,266,100001010,3,0.9663109817,0.1359270001,0,0
82,328,101001000,3,0.9661585353,0.1314932012,0,0
82,266,100001010,3,0.9663109817,0.1359270001,0,0
82,328,101001000,3,0.9661585353,0.1314932012,0,0
82,266,100001010,3,0.9663109817,0.1359270001,0,0
82,266,100001010,3,0.9663109817,0.1359270001,0,0
82,286,100011110,5,0.9696646333,0.1719646058,0,0
82,459,111001011,6,0.9693597592,0.1673336257,0,0
82,138,010001010,3,0.9580792598,0.1175190397,0,0
82,170,010101010,4,0.9583841376,0.1237906108,0,0
82,286,100011110,5,0.9696646333,0.1719646058,0,0
82,328,101001000,3,0.9661585353,0.1314932012,0,0
82,286,100011110,5,0.9696646333,0.1719646058,0,0
82,170,010101010,4,0.9583841376,0.1237906108,0,0
82,459,111001011,6,0.9693597592,0.1673336257,0,0
82,138,010001010,3,0.9580792598,0.1175190397,0,0
82,328,101001000,3,0.9661585353,0.1314932012,0,0
82,286,100011110,5,0.9696646333,0.1719646058,0,0
82,138,010001010,3,0.9580792598,0.1175190397,0,0
82,138,010001010,3,0.9580792598,0.1175190397,0,0
82,459,111001011,6,0.9693597592,0.1673336257,0,0
82,170,010101010,4,0.9583841376,0.1237906108,0,0
82,266,100001010,3,0.9663109817,0.1359270001,0,0
82,170,010101010,4,0.9583841376,0.1237906108,0,0
82,266,100001010,3,0.9663109817,0.1359270001,0,0
82,286,100011110,5,0.9696646333,0.1719646058,0,0
82,138,010001010,3,0.9580792598,0.1175190397,0,0
82,394,110001010,4,0.9682926834,0.1485241046,0,0
82,266,100001010,3,0.9663109817,0.1359270001,0,0
82,266,100001010,3,0.9663109817,0.1359270001,0,0
82,170,010101010,4,0.9583841376,0.1237906108,0,0
82,286,100011110,5,0.9696646333,0.1719646058,0,0
82,170,010101010,4,0.9583841376,0.1237906108,0,0
82,286,100011110,5,0.9696646333,0.1719646058,0,0
82,266,100001010,3,0.9663109817,0.1359270001,0,0
82,266,100001010,3,0.9663109817,0.1359270001,0,0
82,394,110001010,4,0.9682926834,0.1485241046,0,0
82,299,100101011,5,0.9684451278,0.1646855306,0,0
82,394,110001010,4,0.9682926834,0.1485241046,0,0
82,256,100000000,1,0.8653963432,0.05144251033,0,0
82,256,100000000,1,0.8653963432,0.05144251033,0,0
82,328,101001000,3,0.9661585353,0.1314932012,0,0
82,328,101001000,3,0.9661585353,0.1314932012,0,0
82,328,101001000,3,0.9661585353,0.1314932012,0,0
82,394,110001010,4,0.9682926834,0.1485241046,0,0
82,328,101001000,3,0.9661585353,0.1314932012,0,0
82,138,010001010,3,0.9580792598,0.1175190397,0,0
82,170,010101010,4,0.9583841376,0.1237906108,0,0
82,138,010001010,3,0.9580792598,0.1175190397,0,0
82,299,100101011,5,0.9684451278,0.1646855306,0,0
82,266,100001010,3,0.9663109817,0.1359270001,0,0
82,128,010000000,1,0.9323170781,0.08404751134,0,0
82,136,010001000,2,0.9556402415,0.08872172865,0,0
82,394,110001010,4,0.9682926834,0.1485241046,0,0
82,136,010001000,2,0.9556402415,0.08872172865,0,0
82,136,010001000,2,0.9556402415,0.08872172865,0,0
82,328,101001000,3,0.9661585353,0.1314932012,0,0
82,128,010000000,1,0.9323170781,0.08404751134,0,0
82,328,101001000,3,0.9661585353,0.1314932012,0,0
82,266,100001010,3,0.9663109817,0.1359270001,0,0
82,128,010000000,1,0.9323170781,0.08404751134,0,0
82,128,010000000,1,0.9323170781,0.08404751134,0,0
82,286,100011110,5,0.9696646333,0.1719646058,0,0
82,136,010001000,2,0.9556402415,0.08872172865,0,0
82,128,010000000,1,0.9323170781,0.08404751134,0,0
82,128,010000000,1,0.9323170781,0.08404751134,0,0
82,128,010000000,1,0.9323170781,0.08404751134,0,0
82,136,010001000,2,0.9556402415,0.08872172865,0,0
82,136,010001000,2,0.9556402415,0.08872172865,0,0
82,128,010000000,1,0.9323170781,0.08404751134,0,0
82,128,010000000,1,0.9323170781,0.08404751134,0,0
82,4,000000100,1,0.9094512276,0.06868225115,0,0
82,256,100000000,1,0.8653963432,0.05144251033,0,0
82,128,010000000,1,0.9323170781,0.08404751134,0,0
82,128,010000000,1,0.9323170781,0.08404751134,0,0
82,4,000000100,1,0.9094512276,0.06868225115,0,0
82,256,100000000,1,0.8653963432,0.05144251033,0,0
82,4,000000100,1,0.9094512276,0.06868225115,0,0
82,463,111001111,7,0.9701219536,0.2215583678,0,0
82,128,010000000,1,0.9323170781,0.08404751134,0,0
82,136,010001000,2,0.9556402415,0.08872172865,0,0
82,4,000000100,1,0.9094512276,0.06868225115,0,0
82,136,010001000,2,0.9556402415,0.08872172865,0,0
82,136,010001000,2,0.9556402415,0.08872172865,0,0
82,463,111001111,7,0.9701219536,0.2215583678,0,0
82,4,000000100,1,0.9094512276,0.06868225115,0,0
82,128,010000000,1,0.9323170781,0.08404751134,0,0
82,128,010000000,1,0.9323170781,0.08404751134,0,0
82,128,010000000,1,0.9323170781,0.08404751134,0,0
82,256,100000000,1,0.8653963432,0.05144251033,0,0
82,128,010000000,1,0.9323170781,0.08404751134,0,0
82,4,000000100,1,0.9094512276,0.06868225115,0,0
82,286,100011110,5,0.9696646333,0.1719646058,0,0
82,128,010000000,1,0.9323170781,0.08404751134,0,0
82,256,100000000,1,0.8653963432,0.05144251033,0,0
82,256,100000000,1,0.8653963432,0.05144251033,0,0
82,128,010000000,1,0.9323170781,0.08404751134,0,0
82,463,111001111,7,0.9701219536,0.2215583678,0,0
82,286,100011110,5,0.9696646333,0.1719646058,0,0
82,128,010000000,1,0.9323170781,0.08404751134,0,0
82,4,000000100,1,0.9094512276,0.06868225115,0,0
82,4,000000100,1,0.9094512276,0.06868225115,0,0
82,128,010000000,1,0.9323170781,0.08404751134,0,0
82,4,000000100,1,0.9094512276,0.06868225115,0,0
82,128,010000000,1,0.9323170781,0.08404751134,0,0
82,463,111001111,7,0.9701219536,0.2215583678,0,0
82,4,000000100,1,0.9094512276,0.06868225115,0,0
82,4,000000100,1,0.9094512276,0.06868225115,0,0
82,463,111001111,7,0.9701219536,0.2215583678,0,0
82,4,000000100,1,0.9094512276,0.06868225115,0,0
82,286,100011110,5,0.9696646333,0.1719646058,0,0
82,463,111001111,7,0.9701219536,0.2215583678,0,0
82,256,100000000,1,0.8653963432,0.05144251033,0,0
82,4,000000100,1,0.9094512276,0.06868225115,0,0
82,4,000000100,1,0.9094512276,0.06868225115,0,0
82,463,111001111,7,0.9701219536,0.2215583678,0,0
82,463,111001111,7,0.9701219536,0.2215583678,0,0
83,256,100000000,1,0.8653963432,0.05144251033,0,inf
83,463,111001111,7,0.9701219536,0.2215583678,0,inf
83,256,100000000,1,0.8653963432,0.05144251033,0,0.5220108109
83,4,000000100,1,0.9094512276,0.06868225115,0,0.5220108109
83,4,000000100,1,0.9094512276,0.06868225115,0,0.308662907
83,128,010000000,1,0.9323170781,0.08404751134,0,0.308662907
83,463,111001111,7,0.9701219536,0.2215583678,0,0.295896174
83,286,100011110,5,0.9696646333,0.1719646058,0,0.295896174
83,128,010000000,1,0.9323170781,0.08404751134,0,0.2501840222
83,136,010001000,2,0.9556402415,0.08872172865,0,0.2501840222
83,136,010001000,2,0.9556402415,0.08872172865,0,0.1925701872
83,138,010001010,3,0.9580792598,0.1175190397,0,0.1925701872
83,170,010101010,4,0.9583841376,0.1237906108,0,0.1195143764
83,328,101001000,3,0.9661585353,0.1314932012,0,0.1195143764
83,299,100101011,5,0.9684451278,0.1646855306,0,0.09645812205
83,394,110001010,4,0.9682926834,0.1485241046,0,0.09645812205
83,394,110001010,4,0.9682926834,0.1485241046,0,0.09297294788
83,266,100001010,3,0.9663109817,0.1359270001,0,0.09297294788
83,138,010001010,3,0.9580792598,0.1175190397,0,0.03977767534
83,170,010101010,4,0.9583841376,0.1237906108,0,0.03977767534
83,459,111001011,6,0.9693597592,0.1673336257,0,0.03013367655
83,286,100011110,5,0.9696646333,0.1719646058,0,0.03013367655
83,266,100001010,3,0.9663109817,0.1359270001,0,0.02751908085
83,328,101001000,3,0.9661585353,0.1314932012,0,0.02751908085
83,459,111001011,6,0.9693597592,0.1673336257,0,0.02430001974
83,299,100101011,5,0.9684451278,0.1646855306,0,0.02430001974
83,463,111001111,7,0.9701219536,0.2215583678,0,0
83,128,010000000,1,0.9323170781,0.08404751134,0,0
83,459,111001011,6,0.9693597592,0.1673336257,0,0
83,170,010101010,4,0.9583841376,0.1237906108,0,0
83,459,111001011,6,0.9693597592,0.1673336257,0,0
83,256,100000000,1,0.8653963432,0.05144251033,0,0
83,266,100001010,3,0.9663109817,0.1359270001,0,0
83,459,111001011,6,0.9693597592,0.1673336257,0,0
83,459,111001011,6,0.9693597592,0.1673336257,0,0
83,266,100001010,3,0.9663109817,0.1359270001,0,0
83,266,100001010,3,0.9663109817,0.1359270001,0,0
83,299,100101011,5,0.9684451278,0.1646855306,0,0
83,328,101001000,3,0.9661585353,0.1314932012,0,0
83,266,100001010,3,0.9663109817,0.1359270001,0,0
83,266,100001010,3,0.9663109817,0.1359270001,0,0
83,266,100001010,3,0.9663109817,0.1359270001,0,0
83,459,111001011,6,0.9693597592,0.1673336257,0,0
83,459,111001011,6,0.9693597592,0.1673336257,0,0
83,266,100001010,3,0.9663109817,0.1359270001,0,0
83,266,100001010,3,0.9663109817,0.1359270001,0,0
83,328,101001000,3,0.9661585353,0.1314932012,0,0
83,266,100001010,3,0.9663109817,0.1359270001,0,0
83,328,101001000,3,0.9661585353,0.1314932012,0,0
83,266,100001010,3,0.9663109817,0.1359270001,0,0
83,266,100001010,3,0.9663109817,0.1359270001,0,0
83,286,100011110,5,0.9696646333,0.1719646058,0,0
83,459,111001011,6,0.9693597592,0.1673336257,0,0
83,138,010001010,3,0.9580792598,0.1175190397,0,0
83,170,010101010,4,0.9583841376,0.1237906108,0,0
83,286,100011110,5,0.9696646333,0.1719646058,0,0
83,266,100001010,3,0.9663109817,0.1359270001,0,0
83,286,100011110,5,0.9696646333,0.1719646058,0,0
83,170,010101010,4,0.9583841376,0.1237906108,0,0
83,459,111001011,6,0.9693597592,0.1673336257,0,0
83,138,010001010,3,0.9580792598,0.1175190397,0,0
83,328,101001000,3,0.9661585353,0.1314932012,0,0
83,328,101001000,3,0.9661585353,0.1314932012,0,0
83,138,010001010,3,0.9580792598,0.1175190397,0,0
83,138,010001010,3,0.9580792598,0.1175190397,0,0
83,459,111001011,6,0.9693597592,0.1673336257,0,0
83,286,100011110,5,0.9696646333,0.1719646058,0,0
83,266,100001010,3,0.9663109817,0.1359270001,0,0
83,459,111001011,6,0.9693597592,0.1673336257,0,0
83,170,010101010,4,0.9583841376,0.1237906108,0,0
83,286,100011110,5,0.9696646333,0.1719646058,0,0
83,138,010001010,3,0.9580792598,0.1175190397,0,0
83,266,100001010,3,0.9663109817,0.1359270001,0,0
83,266,100001010,3,0.9663109817,0.1359270001,0,0
83,394,110001010,4,0.9682926834,0.1485241046,0,0
83,170,010101010,4,0.9583841376,0.1237906108,0,0
83,286,100011110,5,0.9696646333,0.1719646058,0,0
83,170,010101010,4,0.9583841376,0.1237906108,0,0
83,286,100011110,5,0.9696646333,0.1719646058,0,0
83,266,100001010,3,0.9663109817,0.1359270001,0,0
83,266,100001010,3,0.9663109817,0.1359270001,0,0
83,394,110001010,4,0.9682926834,0.1485241046,0,0
83,299,100101011,5,0.9684451278,0.1646855306,0,0
83,299,100101011,5,0.9684451278,0.1646855306,0,0
83,394,110001010,4,0.9682926834,0.1485241046,0,0
83,256,100000000,1,0.8653963432,0.05144251033,0,0
83,328,101001000,3,0.9661585353,0.1314932012,0,0
83,328,101001000,3,0.9661585353,0.1314932012,0,0
83,328,101001000,3,0.9661585353,0.1314932012,0,0
83,170,010101010,4,0.9583841376,0.1237906108,0,0
83,328,101001000,3,0.9661585353,0.1314932012,0,0
83,138,010001010,3,0.9580792598,0.1175190397,0,0
83,170,010101010,4,0.9583841376,0.1237906108,0,0
83,138,010001010,3,0.9580792598,0.1175190397,0,0
83,328,101001000,3,0.9661585353,0.1314932012,0,0
83,266,100001010,3,0.9663109817,0.1359270001,0,0
83,128,010000000,1,0.9323170781,0.08404751134,0,0
83,328,101001000,3,0.9661585353,0.1314932012,0,0
83,394,110001010,4,0.9682926834,0.1485241046,0,0
83,136,010001000,2,0.9556402415,0.08872172865,0,0
83,136,010001000,2,0.9556402415,0.08872172865,0,0
83,328,101001000,3,0.9661585353,0.1314932012,0,0
83,128,010000000,1,0.9323170781,0.08404751134,0,0
83,328,101001000,3,0.9661585353,0.1314932012,0,0
83,266,100001010,3,0.9663109817,0.1359270001,0,0
83,128,010000000,1,0.9323170781,0.08404751134,0,0
83,128,010000000,1,0.9323170781,0.08404751134,0,0
83,136,010001000,2,0.9556402415,0.08872172865,0,0
83,136,010001000,2,0.9556402415,0.08872172865,0,0
83,128,010000000,1,0.9323170781,0.08404751134,0,0
83,128,010000000,1,0.9323170781,0.08404751134,0,0
83,128,010000000,1,0.9323170781,0.08404751134,0,0
83,136,010001000,2,0.9556402415,0.08872172865,0,0
83,136,010001000,2,0.9556402415,0.08872172865,0,0
83,128,010000000,1,0.9323170781,0.08404751134,0,0
83,128,010000000,1,0.9323170781,0.08404751134,0,0
83,4,000000100,1,0.9094512276,0.06868225115,0,0
83,256,100000000,1,0.8653963432,0.05144251033,0,0
83,136,010001000,2,0.9556402415,0.08872172865,0,0
83,128,010000000,1,0.9323170781,0.08404751134,0,0
83,4,000000100,1,0.9094512276,0.06868225115,0,0
83,256,100000000,1,0.8653963432,0.05144251033,0,0
83,4,000000100,1,0.9094512276,0.06868225115,0,0
83,463,111001111,7,0.9701219536,0.2215583678,0,0
83,128,010000000,1,0.9323170781,0.08404751134,0,0
83,136,010001000,2,0.9556402415,0.08872172865,0,0
83,4,000000100,1,0.9094512276,0.06868225115,0,0
83,128,010000000,1,0.9323170781,0.08404751134,0,0
83,463,111001111,7,0.9701219536,0.2215583678,0,0
83,286,100011110,5,0.9696646333,0.1719646058,0,0
83,4,000000100,1,0.9094512276,0.06868225115,0,0
83,128,010000000,1,0.9323170781,0.08404751134,0,0
83,128,010000000,1,0.9323170781,0.08404751134,0,0
83,128,010000000,1,0.9323170781,0.08404751134,0,0
83,256,100000000,1,0.8653963432,0.05144251033,0,0
83,128,010000000,1,0.9323170781,0.08404751134,0,0
83,4,000000100,1,0.9094512276,0.06868225115,0,0
83,286,100011110,5,0.9696646333,0.1719646058,0,0
83,128,010000000,1,0.9323170781,0.08404751134,0,0
83,256,100000000,1,0.8653963432,0.05144251033,0,0
83,256,100000000,1,0.8653963432,0.05144251033,0,0
83,128,010000000,1,0.9323170781,0.08404751134,0,0
83,463,111001111,7,0.9701219536,0.2215583678,0,0
83,286,100011110,5,0.9696646333,0.1719646058,0,0
83,128,010000000,1,0.9323170781,0.08404751134,0,0
83,4,000000100,1,0.9094512276,0.06868225115,0,0
83,4,000000100,1,0.9094512276,0.06868225115,0,0
83,128,010000000,1,0.9323170781,0.08404751134,0,0
83,4,000000100,1,0.9094512276,0.06868225115,0,0
83,128,010000000,1,0.9323170781,0.08404751134,0,0
83,256,100000000,1,0.8653963432,0.05144251033,0,0
83,4,000000100,1,0.9094512276,0.06868225115,0,0
83,4,000000100,1,0.9094512276,0.06868225115,0,0
83,463,111001111,7,0.9701219536,0.2215583678,0,0
83,4,000000100,1,0.9094512276,0.06868225115,0,0
83,286,100011110,5,0.9696646333,0.1719646058,0,0
83,463,111001111,7,0.9701219536,0.2215583678,0,0
83,256,100000000,1,0.8653963432,0.05144251033,0,0
83,4,000000100,1,0.9094512276,0.06868225115,0,0
83,4,000000100,1,0.9094512276,0.06868225115,0,0
83,463,111001111,7,0.9701219536,0.2215583678,0,0
83,463,111001111,7,0.9701219536,0.2215583678,0,0
84,256,100000000,1,0.8653963432,0.05144251033,0,inf
84,463,111001111,7,0.9701219536,0.2215583678,0,inf
84,4,000000100,1,0.9094512276,0.06868225115,0,0.5220108109
84,256,100000000,1,0.8653963432,0.05144251033,0,0.5220108109
84,4,000000100,1,0.9094512276,0.06868225115,0,0.308662907
84,128,010000000,1,0.9323170781,0.08404751134,0,0.308662907
84,463,111001111,7,0.9701219536,0.2215583678,0,0.295896174
84,286,100011110,5,0.9696646333,0.1719646058,0,0.295896174
84,128,010000000,1,0.9323170781,0.08404751134,0,0.2501840222
84,136,010001000,2,0.9556402415,0.08872172865,0,0.2501840222
84,136,010001000,2,0.9556402415,0.08872172865,0,0.1925701872
84,138,010001010,3,0.9580792598,0.1175190397,0,0.1925701872
84,328,101001000,3,0.9661585353,0.1314932012,0,0.1195143764
84,170,010101010,4,0.9583841376,0.1237906108,0,0.1195143764
84,394,110001010,4,0.9682926834,0.1485241046,0,0.09645812205
84,299,100101011,5,0.9684451278,0.1646855306,0,0.09645812205
84,266,100001010,3,0.9663109817,0.1359270001,0,0.09297294788
84,394,110001010,4,0.9682926834,0.1485241046,0,0.09297294788
84,170,010101010,4,0.9583841376,0.1237906108,0,0.03977767534
84,138,010001010,3,0.9580792598,0.1175190397,0,0.03977767534
84,286,100011110,5,0.9696646333,0.1719646058,0,0.03013367655
84,459,111001011,6,0.9693597592,0.1673336257,0,0.03013367655
84,328,101001000,3,0.9661585353,0.1314932012,0,0.02751908085
84,266,100001010,3,0.9663109817,0.1359270001,0,0.02751908085
84,299,100101011,5,0.9684451278,0.1646855306,0,0.02430001974
84,459,111001011,6,0.9693597592,0.1673336257,0,0.02430001974
84,138,010001010,3,0.9580792598,0.1175190397,0,0
84,256,100000000,1,0.8653963432,0.05144251033,0,0
84,459,111001011,6,0.9693597592,0.1673336257,0,0
84,170,010101010,4,0.9583841376,0.1237906108,0,0
84,459,111001011,6,0.9693597592,0.1673336257,0,0
84,256,100000000,1,0.8653963432,0.05144251033,0,0
84,463,111001111,7,0.9701219536,0.2215583678,0,0
84,459,111001011,6,0.9693597592,0.1673336257,0,0
84,459,111001011,6,0.9693597592,0.1673336257,0,0
84,299,100101011,5,0.9684451278,0.1646855306,0,0
84,266,100001010,3,0.9663109817,0.1359270001,0,0
84,459,111001011,6,0.9693597592,0.1673336257,0,0
84,328,101001000,3,0.9661585353,0.1314932012,0,0
84,266,100001010,3,0.9663109817,0.1359270001,0,0
84,266,100001010,3,0.9663109817,0.1359270001,0,0
84,266,100001010,3,0.9663109817,0.1359270001,0,0
84,459,111001011,6,0.9693597592,0.1673336257,0,0
84,459,111001011,6,0.9693597592,0.1673336257,0,0
84,266,100001010,3,0.9663109817,0.1359270001,0,0
84,266,100001010,3,0.9663109817,0.1359270001,0,0
84,299,100101011,5,0.9684451278,0.1646855306,0,0
84,266,100001010,3,0.9663109817,0.1359270001,0,0
84,328,101001000,3,0.9661585353,0.1314932012,0,0
84,266,100001010,3,0.9663109817,0.1359270001,0,0
84,266,100001010,3,0.9663109817,0.1359270001,0,0
84,286,100011110,5,0.9696646333,0.1719646058,0,0
84,459,111001011,6,0.9693597592,0.1673336257,0,0
84,138,010001010,3,0.9580792598,0.1175190397,0,0
84,170,010101010,4,0.9583841376,0.1237906108,0,0
84,286,100011110,5,0.9696646333,0.1719646058,0,0
84,266,100001010,3,0.9663109817,0.1359270001,0,0
84,286,100011110,5,0.9696646333,0.1719646058,0,0
84,170,010101010,4,0.9583841376,0.1237906108,0,0
84,459,111001011,6,0.9693597592,0.1673336257,0,0
84,138,010001010,3,0.9580792598,0.1175190397,0,0
84,328,101001000,3,0.9661585353,0.1314932012,0,0
84,328,101001000,3,0.9661585353,0.1314932012,0,0
84,328,101001000,3,0.9661585353,0.1314932012,0,0
84,138,010001010,3,0.9580792598,0.1175190397,0,0
84,459,111001011,6,0.9693597592,0.1673336257,0,0
84,286,100011110,5,0.9696646333,0.1719646058,0,0
84,266,100001010,3,0.9663109817,0.1359270001,0,0
84,266,100001010,3,0.9663109817,0.1359270001,0,0
84,170,010101010,4,0.9583841376,0.1237906108,0,0
84,286,100011110,5,0.9696646333,0.1719646058,0,0
84,138,010001010,3,0.9580792598,0.1175190397,0,0
84,266,100001010,3,0.9663109817,0.1359270001,0,0
84,266,100001010,3,0.9663109817,0.1359270001,0,0
84,394,110001010,4,0.9682926834,0.1485241046,0,0
84,170,010101010,4,0.9583841376,0.1237906108,0,0
84,286,100011110,5,0.9696646333,0.1719646058,0,0
84,170,010101010,4,0.9583841376,0.1237906108,0,0
84,286,100011110,5,0.9696646333,0.1719646058,0,0
84,266,100001010,3,0.9663109817,0.1359270001,0,0
84,266,100001010,3,0.9663109817,0.1359270001,0,0
84,394,110001010,4,0.9682926834,0.1485241046,0,0
84,299,100101011,5,0.9684451278,0.1646855306,0,0
84,328,101001000,3,0.9661585353,0.1314932012,0,0
84,170,010101010,4,0.9583841376,0.1237906108,0,0
84,463,111001111,7,0.9701219536,0.2215583678,0,0
84,328,101001000,3,0.9661585353,0.1314932012,0,0
84,328,101001000,3,0.9661585353,0.1314932012,0,0
84,328,101001000,3,0.9661585353,0.1314932012,0,0
84,170,010101010,4,0.9583841376,0.1237906108,0,0
84,328,101001000,3,0.9661585353,0.1314932012,0,0
84,394,110001010,4,0.9682926834,0.1485241046,0,0
84,138,010001010,3,0.9580792598,0.1175190397,0,0
84,138,010001010,3,0.9580792598,0.1175190397,0,0
84,328,101001000,3,0.9661585353,0.1314932012,0,0
84,266,100001010,3,0.9663109817,0.1359270001,0,0
84,128,010000000,1,0.9323170781,0.08404751134,0,0
84,128,010000000,1,0.9323170781,0.08404751134,0,0
84,394,110001010,4,0.9682926834,0.1485241046,0,0
84,136,010001000,2,0.9556402415,0.08872172865,0,0
84,136,010001000,2,0.9556402415,0.08872172865,0,0
84,138,010001010,3,0.9580792598,0.1175190397,0,0
84,128,010000000,1,0.9323170781,0.08404751134,0,0
84,328,101001000,3,0.9661585353,0.1314932012,0,0
84,266,100001010,3,0.9663109817,0.1359270001,0,0
84,128,010000000,1,0.9323170781,0.08404751134,0,0
84,128,010000000,1,0.9323170781,0.08404751134,0,0
84,136,010001000,2,0.9556402415,0.08872172865,0,0
84,136,010001000,2,0.9556402415,0.08872172865,0,0
84,128,010000000,1,0.9323170781,0.08404751134,0,0
84,128,010000000,1,0.9323170781,0.08404751134,0,0
84,128,010000000,1,0.9323170781,0.08404751134,0,0
84,136,010001000,2,0.9556402415,0.08872172865,0,0
84,136,010001000,2,0.9556402415,0.08872172865,0,0
84,128,010000000,1,0.9323170781,0.08404751134,0,0
84,128,010000000,1,0.9323170781,0.08404751134,0,0
84,4,000000100,1,0.9094512276,0.06868225115,0,0
84,256,100000000,1,0.8653963432,0.05144251033,0,0
84,136,010001000,2,0.9556402415,0.08872172865,0,0
84,128,010000000,1,0.9323170781,0.08404751134,0,0
84,4,000000100,1,0.9094512276,0.06868225115,0,0
84,256,100000000,1,0.8653963432,0.05144251033,0,0
84,4,000000100,1,0.9094512276,0.06868225115,0,0
84,128,010000000,1,0.9323170781,0.08404751134,0,0
84,128,010000000,1,0.9323170781,0.08404751134,0,0
84,136,010001000,2,0.9556402415,0.08872172865,0,0
84,4,000000100,1,0.9094512276,0.06868225115,0,0
84,128,010000000,1,0.9323170781,0.08404751134,0,0
84,463,111001111,7,0.9701219536,0.2215583678,0,0
84,286,100011110,5,0.9696646333,0.1719646058,0,0
84,4,000000100,1,0.9094512276,0.06868225115,0,0
84,128,010000000,1,0.9323170781,0.08404751134,0,0
84,463,111001111,7,0.9701219536,0.2215583678,0,0
84,128,010000000,1,0.9323170781,0.08404751134,0,0
84,256,100000000,1,0.8653963432,0.05144251033,0,0
84,128,010000000,1,0.9323170781,0.08404751134,0,0
84,4,000000100,1,0.9094512276,0.06868225115,0,0
84,286,100011110,5,0.9696646333,0.1719646058,0,0
84,128,010000000,1,0.9323170781,0.08404751134,0,0
84,256,100000000,1,0.8653963432,0.05144251033,0,0
84,256,100000000,1,0.8653963432,0.05144251033,0,0
84,128,010000000,1,0.9323170781,0.08404751134,0,0
84,4,000000100,1,0.9094512276,0.06868225115,0,0
84,286,100011110,5,0.9696646333,0.1719646058,0,0
84,128,010000000,1,0.9323170781,0.08404751134,0,0
84,4,000000100,1,0.9094512276,0.06868225115,0,0
84,266,100001010,3,0.9663109817,0.1359270001,0,0
84,128,010000000,1,0.9323170781,0.08404751134,0,0
84,4,000000100,1,0.9094512276,0.06868225115,0,0
84,128,010000000,1,0.9323170781,0.08404751134,0,0
84,256,100000000,1,0.8653963432,0.05144251033,0,0
84,4,000000100,1,0.9094512276,0.06868225115,0,0
84,4,000000100,1,0.9094512276,0.06868225115,0,0
84,463,111001111,7,0.9701219536,0.2215583678,0,0
84,4,000000100,1,0.9094512276,0.06868225115,0,0
84,286,100011110,5,0.9696646333,0.1719646058,0,0
84,463,111001111,7,0.9701219536,0.2215583678,0,0
84,256,100000000,1,0.8653963432,0.05144251033,0,0
84,4,000000100,1,0.9094512276,0.06868225115,0,0
84,4,000000100,1,0.9094512276,0.06868225115,0,0
84,463,111001111,7,0.9701219536,0.2215583678,0,0
84,463,111001111,7,0.9701219536,0.2215583678,0,0
85,256,100000000,1,0.8653963432,0.05144251033,0,inf
85,463,111001111,7,0.9701219536,0.2215583678,0,inf
85,256,100000000,1,0.8653963432,0.05144251033,0,0.5220108109
85,4,000000100,1,0.9094512276,0.06868225115,0,0.5220108109
85,4,000000100,1,0.9094512276,0.06868225115,0,0.308662907
85,128,010000000,1,0.9323170781,0.08404751134,0,0.308662907
85,463,111001111,7,0.9701219536,0.2215583678,0,0.295896174
85,286,100011110,5,0.9696646333,0.1719646058,0,0.295896174
85,136,010001000,2,0.9556402415,0.08872172865,0,0.2501840222
85,128,010000000,1,0.9323170781,0.08404751134,0,0.2501840222
85,136,010001000,2,0.9556402415,0.08872172865,0,0.1925701872
85,138,010001010,3,0.9580792598,0.1175190397,0,0.1925701872
85,170,010101010,4,0.9583841376,0.1237906108,0,0.1195143764
85,328,101001000,3,0.9661585353,0.1314932012,0,0.1195143764
85,394,110001010,4,0.9682926834,0.1485241046,0,0.09645812205
85,299,100101011,5,0.9684451278,0.1646855306,0,0.09645812205
85,394,110001010,4,0.9682926834,0.1485241046,0,0.09297294788
85,266,100001010,3,0.9663109817,0.1359270001,0,0.09297294788
85,170,010101010,4,0.9583841376,0.1237906108,0,0.03977767534
85,138,010001010,3,0.9580792598,0.1175190397,0,0.03977767534
85,286,100011110,5,0.9696646333,0.1719646058,0,0.03013367655
85,459,111001011,6,0.9693597592,0.1673336257,0,0.03013367655
85,328,101001000,3,0.9661585353,0.1314932012,0,0.02751908085
85,266,100001010,3,0.9663109817,0.1359270001,0,0.02751908085
85,299,100101011,5,0.9684451278,0.1646855306,0,0.02430001974
85,459,111001011,6,0.9693597592,0.1673336257,0,0.02430001974
85,256,100000000,1,0.8653963432,0.05144251033,0,0
85,299,100101011,5,0.9684451278,0.1646855306,0,0
85,459,111001011,6,0.9693597592,0.1673336257,0,0
85,170,010101010,4,0.9583841376,0.1237906108,0,0
85,459,111001011,6,0.9693597592,0.1673336257,0,0
85,256,100000000,1,0.8653963432,0.05144251033,0,0
85,138,010001010,3,0.9580792598,0.1175190397,0,0
85,459,111001011,6,0.9693597592,0.1673336257,0,0
85,299,100101011,5,0.9684451278,0.1646855306,0,0
85,266,100001010,3,0.9663109817,0.1359270001,0,0
85,266,100001010,3,0.9663109817,0.1359270001,0,0
85,459,111001011,6,0.9693597592,0.1673336257,0,0
85,328,101001000,3,0.9661585353,0.1314932012,0,0
85,266,100001010,3,0.9663109817,0.1359270001,0,0
85,266,100001010,3,0.9663109817,0.1359270001,0,0
85,266,100001010,3,0.9663109817,0.1359270001,0,0
85,459,111001011,6,0.9693597592,0.1673336257,0,0
85,459,111001011,6,0.9693597592,0.1673336257,0,0
85,266,100001010,3,0.9663109817,0.1359270001,0,0
85,266,100001010,3,0.9663109817,0.1359270001,0,0
85,299,100101011,5,0.9684451278,0.1646855306,0,0
85,266,100001010,3,0.9663109817,0.1359270001,0,0
85,328,101001000,3,0.9661585353,0.1314932012,0,0
85,266,100001010,3,0.9663109817,0.1359270001,0,0
85,266,100001010,3,0.9663109817,0.1359270001,0,0
85,286,100011110,5,0.9696646333,0.1719646058,0,0
85,459,111001011,6,0.9693597592,0.1673336257,0,0
85,459,111001011,6,0.9693597592,0.1673336257,0,0
85,170,010101010,4,0.9583841376,0.1237906108,0,0
85,286,100011110,5,0.9696646333,0.1719646058,0,0
85,266,100001010,3,0.9663109817,0.1359270001,0,0
85,286,100011110,5,0.9696646333,0.1719646058,0,0
85,286,100011110,5,0.9696646333,0.1719646058,0,0
85,459,111001011,6,0.9693597592,0.1673336257,0,0
85,138,010001010,3,0.9580792598,0.1175190397,0,0
85,328,101001000,3,0.9661585353,0.1314932012,0,0
85,328,101001000,3,0.9661585353,0.1314932012,0,0
85,328,101001000,3,0.9661585353,0.1314932012,0,0
85,138,010001010,3,0.9580792598,0.1175190397,0,0
85,459,111001011,6,0.9693597592,0.1673336257,0,0
85,286,100011110,5,0.9696646333,0.1719646058,0,0
85,266,100001010,3,0.9663109817,0.1359270001,0,0
85,266,100001010,3,0.9663109817,0.1359270001,0,0
85,170,010101010,4,0.9583841376,0.1237906108,0,0
85,138,010001010,3,0.9580792598,0.1175190397,0,0
85,170,010101010,4,0.9583841376,0.1237906108,0,0
85,266,100001010,3,0.9663109817,0.1359270001,0,0
85,394,110001010,4,0.9682926834,0.1485241046,0,0
85,394,110001010,4,0.9682926834,0.1485241046,0,0
85,170,010101010,4,0.9583841376,0.1237906108,0,0
85,286,100011110,5,0.9696646333,0.1719646058,0,0
85,170,010101010,4,0.9583841376,0.1237906108,0,0
85,286,100011110,5,0.9696646333,0.1719646058,0,0
85,266,100001010,3,0.9663109817,0.1359270001,0,0
85,266,100001010,3,0.9663109817,0.1359270001,0,0
85,463,111001111,7,0.9701219536,0.2215583678,0,0
85,266,100001010,3,0.9663109817,0.1359270001,0,0
85,328,101001000,3,0.9661585353,0.1314932012,0,0
85,170,010101010,4,0.9583841376,0.1237906108,0,0
85,463,111001111,7,0.9701219536,0.2215583678,0,0
85,328,101001000,3,0.9661585353,0.1314932012,0,0
85,328,101001000,3,0.9661585353,0.1314932012,0,0
85,328,101001000,3,0.9661585353,0.1314932012,0,0
85,170,010101010,4,0.9583841376,0.1237906108,0,0
85,328,101001000,3,0.9661585353,0.1314932012,0,0
85,394,110001010,4,0.9682926834,0.1485241046,0,0
85,138,010001010,3,0.9580792598,0.1175190397,0,0
85,138,010001010,3,0.9580792598,0.1175190397,0,0
85,299,100101011,5,0.9684451278,0.1646855306,0,0
85,394,110001010,4,0.9682926834,0.1485241046,0,0
85,256,100000000,1,0.8653963432,0.05144251033,0,0
85,128,010000000,1,0.9323170781,0.08404751134,0,0
85,328,101001000,3,0.9661585353,0.1314932012,0,0
85,136,010001000,2,0.9556402415,0.08872172865,0,0
85,136,010001000,2,0.9556402415,0.08872172865,0,0
85,138,010001010,3,0.9580792598,0.1175190397,0,0
85,128,010000000,1,0.9323170781,0.08404751134,0,0
85,328,101001000,3,0.9661585353,0.1314932012,0,0
85,266,100001010,3,0.9663109817,0.1359270001,0,0
85,128,010000000,1,0.9323170781,0.08404751134,0,0
85,128,010000000,1,0.9323170781,0.08404751134,0,0
85,136,010001000,2,0.9556402415,0.08872172865,0,0
85,136,010001000,2,0.9556402415,0.08872172865,0,0
85,128,010000000,1,0.9323170781,0.08404751134,0,0
85,138,010001010,3,0.9580792598,0.1175190397,0,0
85,128,010000000,1,0.9323170781,0.08404751134,0,0
85,136,010001000,2,0.9556402415,0.08872172865,0,0
85,136,010001000,2,0.9556402415,0.08872172865,0,0
85,128,010000000,1,0.9323170781,0.08404751134,0,0
85,128,010000000,1,0.9323170781,0.08404751134,0,0
85,136,010001000,2,0.9556402415,0.08872172865,0,0
85,256,100000000,1,0.8653963432,0.05144251033,0,0
85,136,010001000,2,0.9556402415,0.08872172865,0,0
85,128,010000000,1,0.9323170781,0.08404751134,0,0
85,4,000000100,1,0.9094512276,0.06868225115,0,0
85,256,100000000,1,0.8653963432,0.05144251033,0,0
85,4,000000100,1,0.9094512276,0.06868225115,0,0
85,128,010000000,1,0.9323170781,0.08404751134,0,0
85,128,010000000,1,0.9323170781,0.08404751134,0,0
85,463,111001111,7,0.9701219536,0.2215583678,0,0
85,4,000000100,1,0.9094512276,0.06868225115,0,0
85,128,010000000,1,0.9323170781,0.08404751134,0,0
85,463,111001111,7,0.9701219536,0.2215583678,0,0
85,286,100011110,5,0.9696646333,0.1719646058,0,0
85,4,000000100,1,0.9094512276,0.06868225115,0,0
85,128,010000000,1,0.9323170781,0.08404751134,0,0
85,128,010000000,1,0.9323170781,0.08404751134,0,0
85,128,010000000,1,0.9323170781,0.08404751134,0,0
85,256,100000000,1,0.8653963432,0.05144251033,0,0
85,128,010000000,1,0.9323170781,0.08404751134,0,0
85,4,000000100,1,0.9094512276,0.06868225115,0,0
85,286,100011110,5,0.9696646333,0.1719646058,0,0
85,128,010000000,1,0.9323170781,0.08404751134,0,0
85,256,100000000,1,0.8653963432,0.05144251033,0,0
85,256,100000000,1,0.8653963432,0.05144251033,0,0
85,128,010000000,1,0.9323170781,0.08404751134,0,0
85,4,000000100,1,0.9094512276,0.06868225115,0,0
85,286,100011110,5,0.9696646333,0.1719646058,0,0
85,128,010000000,1,0.9323170781,0.08404751134,0,0
85,4,000000100,1,0.9094512276,0.06868225115,0,0
85,266,100001010,3,0.9663109817,0.1359270001,0,0
85,128,010000000,1,0.9323170781,0.08404751134,0,0
85,4,000000100,1,0.9094512276,0.06868225115,0,0
85,128,010000000,1,0.9323170781,0.08404751134,0,0
85,256,100000000,1,0.8653963432,0.05144251033,0,0
85,4,000000100,1,0.9094512276,0.06868225115,0,0
85,4,000000100,1,0.9094512276,0.06868225115,0,0
85,463,111001111,7,0.9701219536,0.2215583678,0,0
85,4,000000100,1,0.9094512276,0.06868225115,0,0
85,286,100011110,5,0.9696646333,0.1719646058,0,0
85,463,111001111,7,0.9701219536,0.2215583678,0,0
85,4,000000100,1,0.9094512276,0.06868225115,0,0
85,4,000000100,1,0.9094512276,0.06868225115,0,0
85,4,000000100,1,0.9094512276,0.06868225115,0,0
85,463,111001111,7,0.9701219536,0.2215583678,0,0
85,463,111001111,7,0.9701219536,0.2215583678,0,0
86,256,100000000,1,0.8653963432,0.05144251033,0,inf
86,463,111001111,7,0.9701219536,0.2215583678,0,inf
86,256,100000000,1,0.8653963432,0.05144251033,0,0.5220108109
86,4,000000100,1,0.9094512276,0.06868225115,0,0.5220108109
86,4,000000100,1,0.9094512276,0.06868225115,0,0.308662907
86,128,010000000,1,0.9323170781,0.08404751134,0,0.308662907
86,463,111001111,7,0.9701219536,0.2215583678,0,0.295896174
86,286,100011110,5,0.9696646333,0.1719646058,0,0.295896174
86,128,010000000,1,0.9323170781,0.08404751134,0,0.2501840222
86,136,010001000,2,0.9556402415,0.08872172865,0,0.2501840222
86,138,010001010,3,0.9580792598,0.1175190397,0,0.1925701872
86,136,010001000,2,0.9556402415,0.08872172865,0,0.1925701872
86,328,101001000,3,0.9661585353,0.1314932012,0,0.1195143764
86,170,010101010,4,0.9583841376,0.1237906108,0,0.1195143764
86,394,110001010,4,0.9682926834,0.1485241046,0,0.09645812205
86,299,100101011,5,0.9684451278,0.1646855306,0,0.09645812205
86,394,110001010,4,0.9682926834,0.1485241046,0,0.09297294788
86,266,100001010,3,0.9663109817,0.1359270001,0,0.09297294788
86,138,010001010,3,0.9580792598,0.1175190397,0,0.03977767534
86,170,010101010,4,0.9583841376,0.1237906108,0,0.03977767534
86,286,100011110,5,0.9696646333,0.1719646058,0,0.03013367655
86,459,111001011,6,0.9693597592,0.1673336257,0,0.03013367655
86,328,101001000,3,0.9661585353,0.1314932012,0,0.02751908085
86,266,100001010,3,0.9663109817,0.1359270001,0,0.02751908085
86,299,100101011,5,0.9684451278,0.1646855306,0,0.02430001974
86,459,111001011,6,0.9693597592,0.1673336257,0,0.02430001974
86,256,100000000,1,0.8653963432,0.05144251033,0,0
86,328,101001000,3,0.9661585353,0.1314932012,0,0
86,459,111001011,6,0.9693597592,0.1673336257,0,0
86,459,111001011,6,0.9693597592,0.1673336257,0,0
86,459,111001011,6,0.9693597592,0.1673336257,0,0
86,299,100101011,5,0.9684451278,0.1646855306,0,0
86,266,100001010,3,0.9663109817,0.1359270001,0,0
86,328,101001000,3,0.9661585353,0.1314932012,0,0
86,459,111001011,6,0.9693597592,0.1673336257,0,0
86,266,100001010,3,0.9663109817,0.1359270001,0,0
86,266,100001010,3,0.9663109817,0.1359270001,0,0
86,459,111001011,6,0.9693597592,0.1673336257,0,0
86,328,101001000,3,0.9661585353,0.1314932012,0,0
86,266,100001010,3,0.9663109817,0.1359270001,0,0
86,266,100001010,3,0.9663109817,0.1359270001,0,0
86,266,100001010,3,0.9663109817,0.1359270001,0,0
86,286,100011110,5,0.9696646333,0.1719646058,0,0
86,459,111001011,6,0.9693597592,0.1673336257,0,0
86,138,010001010,3,0.9580792598,0.1175190397,0,0
86,266,100001010,3,0.9663109817,0.1359270001,0,0
86,299,100101011,5,0.9684451278,0.1646855306,0,0
86,266,100001010,3,0.9663109817,0.1359270001,0,0
86,328,101001000,3,0.9661585353,0.1314932012,0,0
86,266,100001010,3,0.9663109817,0.1359270001,0,0
86,266,100001010,3,0.9663109817,0.1359270001,0,0
86,286,100011110,5,0.9696646333,0.1719646058,0,0
86,459,111001011,6,0.9693597592,0.1673336257,0,0
86,459,111001011,6,0.9693597592,0.1673336257,0,0
86,170,010101010,4,0.9583841376,0.1237906108,0,0
86,286,100011110,5,0.9696646333,0.1719646058,0,0
86,266,100001010,3,0.9663109817,0.1359270001,0,0
86,286,100011110,5,0.9696646333,0.1719646058,0,0
86,170,010101010,4,0.9583841376,0.1237906108,0,0
86,459,111001011,6,0.9693597592,0.1673336257,0,0
86,138,010001010,3,0.9580792598,0.1175190397,0,0
86,328,101001000,3,0.9661585353,0.1314932012,0,0
86,328,101001000,3,0.9661585353,0.1314932012,0,0
86,328,101001000,3,0.9661585353,0.1314932012,0,0
86,138,010001010,3,0.9580792598,0.1175190397,0,0
86,459,111001011,6,0.9693597592,0.1673336257,0,0
86,286,100011110,5,0.9696646333,0.1719646058,0,0
86,266,100001010,3,0.9663109817,0.1359270001,0,0
86,266,100001010,3,0.9663109817,0.1359270001,0,0
86,170,010101010,4,0.9583841376,0.1237906108,0,0
86,138,010001010,3,0.9580792598,0.1175190397,0,0
86,170,010101010,4,0.9583841376,0.1237906108,0,0
86,266,100001010,3,0.9663109817,0.1359270001,0,0
86,394,110001010,4,0.9682926834,0.1485241046,0,0
86,266,100001010,3,0.9663109817,0.1359270001,0,0
86,170,010101010,4,0.9583841376,0.1237906108,0,0
86,394,110001010,4,0.9682926834,0.1485241046,0,0
86,170,010101010,4,0.9583841376,0.1237906108,0,0
86,286,100011110,5,0.9696646333,0.1719646058,0,0
86,266,100001010,3,0.9663109817,0.1359270001,0,0
86,266,100001010,3,0.9663109817,0.1359270001,0,0
86,463,111001111,7,0.9701219536,0.2215583678,0,0
86,463,111001111,7,0.9701219536,0.2215583678,0,0
86,394,110001010,4,0.9682926834,0.1485241046,0,0
86,256,100000000,1,0.8653963432,0.05144251033,0,0
86,463,111001111,7,0.9701219536,0.2215583678,0,0
86,328,101001000,3,0.9661585353,0.1314932012,0,0
86,328,101001000,3,0.9661585353,0.1314932012,0,0
86,328,101001000,3,0.9661585353,0.1314932012,0,0
86,170,010101010,4,0.9583841376,0.1237906108,0,0
86,328,101001000,3,0.9661585353,0.1314932012,0,0
86,170,010101010,4,0.9583841376,0.1237906108,0,0
86,138,010001010,3,0.9580792598,0.1175190397,0,0
86,138,010001010,3,0.9580792598,0.1175190397,0,0
86,299,100101011,5,0.9684451278,0.1646855306,0,0
86,394,110001010,4,0.9682926834,0.1485241046,0,0
86,299,100101011,5,0.9684451278,0.1646855306,0,0
86,128,010000000,1,0.9323170781,0.08404751134,0,0
86,328,101001000,3,0.9661585353,0.1314932012,0,0
86,136,010001000,2,0.9556402415,0.08872172865,0,0
86,136,010001000,2,0.9556402415,0.08872172865,0,0
86,138,010001010,3,0.9580792598,0.1175190397,0,0
86,128,010000000,1,0.9323170781,0.08404751134,0,0
86,136,010001000,2,0.9556402415,0.08872172865,0,0
86,266,100001010,3,0.9663109817,0.1359270001,0,0
86,128,010000000,1,0.9323170781,0.08404751134,0,0
86,128,010000000,1,0.9323170781,0.08404751134,0,0
86,136,010001000,2,0.9556402415,0.08872172865,0,0
86,136,010001000,2,0.9556402415,0.08872172865,0,0
86,128,010000000,1,0.9323170781,0.08404751134,0,0
86,138,010001010,3,0.9580792598,0.1175190397,0,0
86,128,010000000,1,0.9323170781,0.08404751134,0,0
86,136,010001000,2,0.9556402415,0.08872172865,0,0
86,136,010001000,2,0.9556402415,0.08872172865,0,0
86,128,010000000,1,0.9323170781,0.08404751134,0,0
86,128,010000000,1,0.9323170781,0.08404751134,0,0
86,286,100011110,5,0.9696646333,0.1719646058,0,0
86,256,100000000,1,0.8653963432,0.05144251033,0,0
86,136,010001000,2,0.9556402415,0.08872172865,0,0
86,128,010000000,1,0.9323170781,0.08404751134,0,0
86,4,000000100,1,0.9094512276,0.06868225115,0,0
86,256,100000000,1,0.8653963432,0.05144251033,0,0
86,4,000000100,1,0.9094512276,0.06868225115,0,0
86,128,010000000,1,0.9323170781,0.08404751134,0,0
86,128,010000000,1,0.9323170781,0.08404751134,0,0
86,128,010000000,1,0.9323170781,0.08404751134,0,0
86,4,000000100,1,0.9094512276,0.06868225115,0,0
86,128,010000000,1,0.9323170781,0.08404751134,0,0
86,463,111001111,7,0.9701219536,0.2215583678,0,0
86,286,100011110,5,0.9696646333,0.1719646058,0,0
86,4,000000100,1,0.9094512276,0.06868225115,0,0
86,128,010000000,1,0.9323170781,0.08404751134,0,0
86,128,010000000,1,0.9323170781,0.08404751134,0,0
86,128,010000000,1,0.9323170781,0.08404751134,0,0
86,256,100000000,1,0.8653963432,0.05144251033,0,0
86,128,010000000,1,0.9323170781,0.08404751134,0,0
86,4,000000100,1,0.9094512276,0.06868225115,0,0
86,286,100011110,5,0.9696646333,0.1719646058,0,0
86,128,010000000,1,0.9323170781,0.08404751134,0,0
86,256,100000000,1,0.8653963432,0.05144251033,0,0
86,256,100000000,1,0.8653963432,0.05144251033,0,0
86,128,010000000,1,0.9323170781,0.08404751134,0,0
86,4,000000100,1,0.9094512276,0.06868225115,0,0
86,286,100011110,5,0.9696646333,0.1719646058,0,0
86,4,000000100,1,0.9094512276,0.06868225115,0,0
86,4,000000100,1,0.9094512276,0.06868225115,0,0
86,266,100001010,3,0.9663109817,0.1359270001,0,0
86,128,010000000,1,0.9323170781,0.08404751134,0,0
86,4,000000100,1,0.9094512276,0.06868225115,0,0
86,128,010000000,1,0.9323170781,0.08404751134,0,0
86,256,100000000,1,0.8653963432,0.05144251033,0,0
86,4,000000100,1,0.9094512276,0.06868225115,0,0
86,4,000000100,1,0.9094512276,0.06868225115,0,0
86,463,111001111,7,0.9701219536,0.2215583678,0,0
86,4,000000100,1,0.9094512276,0.06868225115,0,0
86,286,100011110,5,0.9696646333,0.1719646058,0,0
86,463,111001111,7,0.9701219536,0.2215583678,0,0
86,4,000000100,1,0.9094512276,0.06868225115,0,0
86,4,000000100,1,0.9094512276,0.06868225115,0,0
86,4,000000100,1,0.9094512276,0.06868225115,0,0
86,463,111001111,7,0.9701219536,0.2215583678,0,0
86,463,111001111,7,0.9701219536,0.2215583678,0,0
87,463,111001111,7,0.9701219536,0.2215583678,0,inf
87,256,100000000,1,0.8653963432,0.05144251033,0,inf
87,4,000000100,1,0.9094512276,0.06868225115,0,0.5220108109
87,256,100000000,1,0.8653963432,0.05144251033,0,0.5220108109
87,128,010000000,1,0.9323170781,0.08404751134,0,0.308662907
87,4,000000100,1,0.9094512276,0.06868225115,0,0.308662907
87,286,100011110,5,0.9696646333,0.1719646058,0,0.295896174
87,463,111001111,7,0.9701219536,0.2215583678,0,0.295896174
87,128,010000000,1,0.9323170781,0.08404751134,0,0.2501840222
87,136,010001000,2,0.9556402415,0.08872172865,0,0.2501840222
87,136,010001000,2,0.9556402415,0.08872172865,0,0.1925701872
87,138,010001010,3,0.9580792598,0.1175190397,0,0.1925701872
87,170,010101010,4,0.9583841376,0.1237906108,0,0.1195143764
87,328,101001000,3,0.9661585353,0.1314932012,0,0.1195143764
87,394,110001010,4,0.9682926834,0.1485241046,0,0.09645812205
87,299,100101011,5,0.9684451278,0.1646855306,0,0.09645812205
87,394,110001010,4,0.9682926834,0.1485241046,0,0.09297294788
87,266,100001010,3,0.9663109817,0.1359270001,0,0.09297294788
87,170,010101010,4,0.9583841376,0.1237906108,0,0.03977767534
87,138,010001010,3,0.9580792598,0.1175190397,0,0.03977767534
87,286,100011110,5,0.9696646333,0.1719646058,0,0.03013367655
87,459,111001011,6,0.9693597592,0.1673336257,0,0.03013367655
87,266,100001010,3,0.9663109817,0.1359270001,0,0.02751908085
87,328,101001000,3,0.9661585353,0.1314932012,0,0.02751908085
87,299,100101011,5,0.9684451278,0.1646855306,0,0.02430001974
87,459,111001011,6,0.9693597592,0.1673336257,0,0.02430001974
87,463,111001111,7,0.9701219536,0.2215583678,0,0
87,463,111001111,7,0.9701219536,0.2215583678,0,0
87,266,100001010,3,0.9663109817,0.1359270001,0,0
87,459,111001011,6,0.9693597592,0.1673336257,0,0
87,459,111001011,6,0.9693597592,0.1673336257,0,0
87,299,100101011,5,0.9684451278,0.1646855306,0,0
87,266,100001010,3,0.9663109817,0.1359270001,0,0
87,328,101001000,3,0.9661585353,0.1314932012,0,0
87,459,111001011,6,0.9693597592,0.1673336257,0,0
87,266,100001010,3,0.9663109817,0.1359270001,0,0
87,266,100001010,3,0.9663109817,0.1359270001,0,0
87,459,111001011,6,0.9693597592,0.1673336257,0,0
87,328,101001000,3,0.9661585353,0.1314932012,0,0
87,328,101001000,3,0.9661585353,0.1314932012,0,0
87,266,100001010,3,0.9663109817,0.1359270001,0,0
87,266,100001010,3,0.9663109817,0.1359270001,0,0
87,286,100011110,5,0.9696646333,0.1719646058,0,0
87,459,111001011,6,0.9693597592,0.1673336257,0,0
87,459,111001011,6,0.9693597592,0.1673336257,0,0
87,286,100011110,5,0.9696646333,0.1719646058,0,0
87,299,100101011,5,0.9684451278,0.1646855306,0,0
87,266,100001010,3,0.9663109817,0.1359270001,0,0
87,328,101001000,3,0.9661585353,0.1314932012,0,0
87,266,100001010,3,0.9663109817,0.1359270001,0,0
87,266,100001010,3,0.9663109817,0.1359270001,0,0
87,286,100011110,5,0.9696646333,0.1719646058,0,0
87,266,100001010,3,0.9663109817,0.1359270001,0,0
87,459,111001011,6,0.9693597592,0.1673336257,0,0
87,170,010101010,4,0.9583841376,0.1237906108,0,0
87,286,100011110,5,0.9696646333,0.1719646058,0,0
87,266,100001010,3,0.9663109817,0.1359270001,0,0
87,286,100011110,5,0.9696646333,0.1719646058,0,0
87,170,010101010,4,0.9583841376,0.1237906108,0,0
87,459,111001011,6,0.9693597592,0.1673336257,0,0
87,138,010001010,3,0.9580792598,0.1175190397,0,0
87,328,101001000,3,0.9661585353,0.1314932012,0,0
87,328,101001000,3,0.9661585353,0.1314932012,0,0
87,394,110001010,4,0.9682926834,0.1485241046,0,0
87,138,010001010,3,0.9580792598,0.1175190397,0,0
87,459,111001011,6,0.9693597592,0.1673336257,0,0
87,286,100011110,5,0.9696646333,0.1719646058,0,0
87,266,100001010,3,0.9663109817,0.1359270001,0,0
87,266,100001010,3,0.9663109817,0.1359270001,0,0
87,170,010101010,4,0.9583841376,0.1237906108,0,0
87,138,010001010,3,0.9580792598,0.1175190397,0,0
87,170,010101010,4,0.9583841376,0.1237906108,0,0
87,266,100001010,3,0.9663109817,0.1359270001,0,0
87,394,110001010,4,0.9682926834,0.1485241046,0,0
87,266,100001010,3,0.9663109817,0.1359270001,0,0
87,170,010101010,4,0.9583841376,0.1237906108,0,0
87,394,110001010,4,0.9682926834,0.1485241046,0,0
87,170,010101010,4,0.9583841376,0.1237906108,0,0
87,286,100011110,5,0.9696646333,0.1719646058,0,0
87,266,100001010,3,0.9663109817,0.1359270001,0,0
87,266,100001010,3,0.9663109817,0.1359270001,0,0
87,394,110001010,4,0.9682926834,0.1485241046,0,0
87,170,010101010,4,0.9583841376,0.1237906108,0,0
87,328,101001000,3,0.9661585353,0.1314932012,0,0
87,256,100000000,1,0.8653963432,0.05144251033,0,0
87,136,010001000,2,0.9556402415,0.08872172865,0,0
87,328,101001000,3,0.9661585353,0.1314932012,0,0
87,328,101001000,3,0.9661585353,0.1314932012,0,0
87,328,101001000,3,0.9661585353,0.1314932012,0,0
87,138,010001010,3,0.9580792598,0.1175190397,0,0
87,328,101001000,3,0.9661585353,0.1314932012,0,0
87,170,010101010,4,0.9583841376,0.1237906108,0,0
87,138,010001010,3,0.9580792598,0.1175190397,0,0
87,138,010001010,3,0.9580792598,0.1175190397,0,0
87,299,100101011,5,0.9684451278,0.1646855306,0,0
87,136,010001000,2,0.9556402415,0.08872172865,0,0
87,459,111001011,6,0.9693597592,0.1673336257,0,0
87,128,010000000,1,0.9323170781,0.08404751134,0,0
87,328,101001000,3,0.9661585353,0.1314932012,0,0
87,128,010000000,1,0.9323170781,0.08404751134,0,0
87,136,010001000,2,0.9556402415,0.08872172865,0,0
87,138,010001010,3,0.9580792598,0.1175190397,0,0
87,128,010000000,1,0.9323170781,0.08404751134,0,0
87,136,010001000,2,0.9556402415,0.08872172865,0,0
87,266,100001010,3,0.9663109817,0.1359270001,0,0
87,128,010000000,1,0.9323170781,0.08404751134,0,0
87,128,010000000,1,0.9323170781,0.08404751134,0,0
87,136,010001000,2,0.9556402415,0.08872172865,0,0
87,136,010001000,2,0.9556402415,0.08872172865,0,0
87,128,010000000,1,0.9323170781,0.08404751134,0,0
87,138,010001010,3,0.9580792598,0.1175190397,0,0
87,128,010000000,1,0.9323170781,0.08404751134,0,0
87,136,010001000,2,0.9556402415,0.08872172865,0,0
87,136,010001000,2,0.9556402415,0.08872172865,0,0
87,128,010000000,1,0.9323170781,0.08404751134,0,0
87,128,010000000,1,0.9323170781,0.08404751134,0,0
87,286,100011110,5,0.9696646333,0.1719646058,0,0
87,256,100000000,1,0.8653963432,0.05144251033,0,0
87,463,111001111,7,0.9701219536,0.2215583678,0,0
87,128,010000000,1,0.9323170781,0.08404751134,0,0
87,4,000000100,1,0.9094512276,0.06868225115,0,0
87,256,100000000,1,0.8653963432,0.05144251033,0,0
87,4,000000100,1,0.9094512276,0.06868225115,0,0
87,128,010000000,1,0.9323170781,0.08404751134,0,0
87,128,010000000,1,0.9323170781,0.08404751134,0,0
87,128,010000000,1,0.9323170781,0.08404751134,0,0
87,4,000000100,1,0.9094512276,0.06868225115,0,0
87,128,010000000,1,0.9323170781,0.08404751134,0,0
87,463,111001111,7,0.9701219536,0.2215583678,0,0
87,286,100011110,5,0.9696646333,0.1719646058,0,0
87,4,000000100,1,0.9094512276,0.06868225115,0,0
87,128,010000000,1,0.9323170781,0.08404751134,0,0
87,128,010000000,1,0.9323170781,0.08404751134,0,0
87,128,010000000,1,0.9323170781,0.08404751134,0,0
87,256,100000000,1,0.8653963432,0.05144251033,0,0
87,128,010000000,1,0.9323170781,0.08404751134,0,0
87,4,000000100,1,0.9094512276,0.06868225115,0,0
87,286,100011110,5,0.9696646333,0.1719646058,0,0
87,128,010000000,1,0.9323170781,0.08404751134,0,0
87,256,100000000,1,0.8653963432,0.05144251033,0,0
87,256,100000000,1,0.8653963432,0.05144251033,0,0
87,128,010000000,1,0.9323170781,0.08404751134,0,0
87,4,000000100,1,0.9094512276,0.06868225115,0,0
87,286,100011110,5,0.9696646333,0.1719646058,0,0
87,4,000000100,1,0.9094512276,0.06868225115,0,0
87,4,000000100,1,0.9094512276,0.06868225115,0,0
87,266,100001010,3,0.9663109817,0.1359270001,0,0
87,128,010000000,1,0.9323170781,0.08404751134,0,0
87,4,000000100,1,0.9094512276,0.06868225115,0,0
87,128,010000000,1,0.9323170781,0.08404751134,0,0
87,256,100000000,1,0.8653963432,0.05144251033,0,0
87,4,000000100,1,0.9094512276,0.06868225115,0,0
87,4,000000100,1,0.9094512276,0.06868225115,0,0
87,463,111001111,7,0.9701219536,0.2215583678,0,0
87,4,000000100,1,0.9094512276,0.06868225115,0,0
87,4,000000100,1,0.9094512276,0.06868225115,0,0
87,463,111001111,7,0.9701219536,0.2215583678,0,0
87,256,100000000,1,0.8653963432,0.05144251033,0,0
87,4,000000100,1,0.9094512276,0.06868225115,0,0
87,4,000000100,1,0.9094512276,0.06868225115,0,0
87,463,111001111,7,0.9701219536,0.2215583678,0,0
87,463,111001111,7,0.9701219536,0.2215583678,0,0
88,463,111001111,7,0.9701219536,0.2215583678,0,inf
88,256,100000000,1,0.8653963432,0.05144251033,0,inf
88,4,000000100,1,0.9094512276,0.06868225115,0,0.5220108109
88,256,100000000,1,0.8653963432,0.05144251033,0,0.5220108109
88,4,000000100,1,0.9094512276,0.06868225115,0,0.308662907
88,128,010000000,1,0.9323170781,0.08404751134,0,0.308662907
88,463,111001111,7,0.9701219536,0.2215583678,0,0.295896174
88,286,100011110,5,0.9696646333,0.1719646058,0,0.295896174
88,128,010000000,1,0.9323170781,0.08404751134,0,0.2501840222
88,136,010001000,2,0.9556402415,0.08872172865,0,0.2501840222
88,136,010001000,2,0.9556402415,0.08872172865,0,0.1925701872
88,138,010001010,3,0.9580792598,0.1175190397,0,0.1925701872
88,328,101001000,3,0.9661585353,0.1314932012,0,0.1195143764
88,170,010101010,4,0.9583841376,0.1237906108,0,0.1195143764
88,299,100101011,5,0.9684451278,0.1646855306,0,0.09645812205
88,394,110001010,4,0.9682926834,0.1485241046,0,0.09645812205
88,266,100001010,3,0.9663109817,0.1359270001,0,0.09297294788
88,394,110001010,4,0.9682926834,0.1485241046,0,0.09297294788
88,170,010101010,4,0.9583841376,0.1237906108,0,0.03977767534
88,138,010001010,3,0.9580792598,0.1175190397,0,0.03977767534
88,286,100011110,5,0.9696646333,0.1719646058,0,0.03013367655
88,459,111001011,6,0.9693597592,0.1673336257,0,0.03013367655
88,328,101001000,3,0.9661585353,0.1314932012,0,0.02751908085
88,266,100001010,3,0.9663109817,0.1359270001,0,0.02751908085
88,299,100101011,5,0.9684451278,0.1646855306,0,0.02430001974
88,459,111001011,6,0.9693597592,0.1673336257,0,0.02430001974
88,328,101001000,3,0.9661585353,0.1314932012,0,0
88,4,000000100,1,0.9094512276,0.06868225115,0,0
88,459,111001011,6,0.9693597592,0.1673336257,0,0
88,459,111001011,6,0.9693597592,0.1673336257,0,0
88,459,111001011,6,0.9693597592,0.1673336257,0,0
88,299,100101011,5,0.9684451278,0.1646855306,0,0
88,266,100001010,3,0.9663109817,0.1359270001,0,0
88,328,101001000,3,0.9661585353,0.1314932012,0,0
88,459,111001011,6,0.9693597592,0.1673336257,0,0
88,299,100101011,5,0.9684451278,0.1646855306,0,0
88,266,100001010,3,0.9663109817,0.1359270001,0,0
88,459,111001011,6,0.9693597592,0.1673336257,0,0
88,328,101001000,3,0.9661585353,0.1314932012,0,0
88,328,101001000,3,0.9661585353,0.1314932012,0,0
88,266,100001010,3,0.9663109817,0.1359270001,0,0
88,266,100001010,3,0.9663109817,0.1359270001,0,0
88,286,100011110,5,0.9696646333,0.1719646058,0,0
88,328,101001000,3,0.9661585353,0.1314932012,0,0
88,266,100001010,3,0.9663109817,0.1359270001,0,0
88,286,100011110,5,0.9696646333,0.1719646058,0,0
88,459,111001011,6,0.9693597592,0.1673336257,0,0
88,266,100001010,3,0.9663109817,0.1359270001,0,0
88,328,101001000,3,0.9661585353,0.1314932012,0,0
88,266,100001010,3,0.9663109817,0.1359270001,0,0
88,266,100001010,3,0.9663109817,0.1359270001,0,0
88,286,100011110,5,0.9696646333,0.1719646058,0,0
88,266,100001010,3,0.9663109817,0.1359270001,0,0
88,459,111001011,6,0.9693597592,0.1673336257,0,0
88,170,010101010,4,0.9583841376,0.1237906108,0,0
88,286,100011110,5,0.9696646333,0.1719646058,0,0
88,266,100001010,3,0.9663109817,0.1359270001,0,0
88,286,100011110,5,0.9696646333,0.1719646058,0,0
88,170,010101010,4,0.9583841376,0.1237906108,0,0
88,459,111001011,6,0.9693597592,0.1673336257,0,0
88,138,010001010,3,0.9580792598,0.1175190397,0,0
88,328,101001000,3,0.9661585353,0.1314932012,0,0
88,286,100011110,5,0.9696646333,0.1719646058,0,0
88,138,010001010,3,0.9580792598,0.1175190397,0,0
88,138,010001010,3,0.9580792598,0.1175190397,0,0
88,459,111001011,6,0.9693597592,0.1673336257,0,0
88,286,100011110,5,0.9696646333,0.1719646058,0,0
88,266,100001010,3,0.9663109817,0.1359270001,0,0
88,266,100001010,3,0.9663109817,0.1359270001,0,0
88,170,010101010,4,0.9583841376,0.1237906108,0,0
88,138,010001010,3,0.9580792598,0.1175190397,0,0
88,170,010101010,4,0.9583841376,0.1237906108,0,0
88,266,100001010,3,0.9663109817,0.1359270001,0,0
88,394,110001010,4,0.9682926834,0.1485241046,0,0
88,266,100001010,3,0.9663109817,0.1359270001,0,0
88,170,010101010,4,0.9583841376,0.1237906108,0,0
88,394,110001010,4,0.9682926834,0.1485241046,0,0
88,170,010101010,4,0.9583841376,0.1237906108,0,0
88,170,010101010,4,0.9583841376,0.1237906108,0,0
88,266,100001010,3,0.9663109817,0.1359270001,0,0
88,266,100001010,3,0.9663109817,0.1359270001,0,0
88,394,110001010,4,0.9682926834,0.1485241046,0,0
88,266,100001010,3,0.9663109817,0.1359270001,0,0
88,394,110001010,4,0.9682926834,0.1485241046,0,0
88,256,100000000,1,0.8653963432,0.05144251033,0,0
88,136,010001000,2,0.9556402415,0.08872172865,0,0
88,328,101001000,3,0.9661585353,0.1314932012,0,0
88,328,101001000,3,0.9661585353,0.1314932012,0,0
88,328,101001000,3,0.9661585353,0.1314932012,0,0
88,328,101001000,3,0.9661585353,0.1314932012,0,0
88,328,101001000,3,0.9661585353,0.1314932012,0,0
88,170,010101010,4,0.9583841376,0.1237906108,0,0
88,138,010001010,3,0.9580792598,0.1175190397,0,0
88,138,010001010,3,0.9580792598,0.1175190397,0,0
88,299,100101011,5,0.9684451278,0.1646855306,0,0
88,136,010001000,2,0.9556402415,0.08872172865,0,0
88,459,111001011,6,0.9693597592,0.1673336257,0,0
88,463,111001111,7,0.9701219536,0.2215583678,0,0
88,138,010001010,3,0.9580792598,0.1175190397,0,0
88,128,010000000,1,0.9323170781,0.08404751134,0,0
88,136,010001000,2,0.9556402415,0.08872172865,0,0
88,138,010001010,3,0.9580792598,0.1175190397,0,0
88,128,010000000,1,0.9323170781,0.08404751134,0,0
88,136,010001000,2,0.9556402415,0.08872172865,0,0
88,266,100001010,3,0.9663109817,0.1359270001,0,0
88,128,010000000,1,0.9323170781,0.08404751134,0,0
88,128,010000000,1,0.9323170781,0.08404751134,0,0
88,136,010001000,2,0.9556402415,0.08872172865,0,0
88,136,010001000,2,0.9556402415,0.08872172865,0,0
88,128,010000000,1,0.9323170781,0.08404751134,0,0
88,136,010001000,2,0.9556402415,0.08872172865,0,0
88,128,010000000,1,0.9323170781,0.08404751134,0,0
88,136,010001000,2,0.9556402415,0.08872172865,0,0
88,136,010001000,2,0.9556402415,0.08872172865,0,0
88,128,010000000,1,0.9323170781,0.08404751134,0,0
88,128,010000000,1,0.9323170781,0.08404751134,0,0
88,128,010000000,1,0.9323170781,0.08404751134,0,0
88,463,111001111,7,0.9701219536,0.2215583678,0,0
88,463,111001111,7,0.9701219536,0.2215583678,0,0
88,128,010000000,1,0.9323170781,0.08404751134,0,0
88,4,000000100,1,0.9094512276,0.06868225115,0,0
88,286,100011110,5,0.9696646333,0.1719646058,0,0
88,4,000000100,1,0.9094512276,0.06868225115,0,0
88,128,010000000,1,0.9323170781,0.08404751134,0,0
88,128,010000000,1,0.9323170781,0.08404751134,0,0
88,128,010000000,1,0.9323170781,0.08404751134,0,0
88,4,000000100,1,0.9094512276,0.06868225115,0,0
88,128,010000000,1,0.9323170781,0.08404751134,0,0
88,463,111001111,7,0.9701219536,0.2215583678,0,0
88,286,100011110,5,0.9696646333,0.1719646058,0,0
88,4,000000100,1,0.9094512276,0.06868225115,0,0
88,128,010000000,1,0.9323170781,0.08404751134,0,0
88,128,010000000,1,0.9323170781,0.08404751134,0,0
88,128,010000000,1,0.9323170781,0.08404751134,0,0
88,256,100000000,1,0.8653963432,0.05144251033,0,0
88,128,010000000,1,0.9323170781,0.08404751134,0,0
88,4,000000100,1,0.9094512276,0.06868225115,0,0
88,286,100011110,5,0.9696646333,0.1719646058,0,0
88,4,000000100,1,0.9094512276,0.06868225115,0,0
88,256,100000000,1,0.8653963432,0.05144251033,0,0
88,256,100000000,1,0.8653963432,0.05144251033,0,0
88,128,010000000,1,0.9323170781,0.08404751134,0,0
88,4,000000100,1,0.9094512276,0.06868225115,0,0
88,286,100011110,5,0.9696646333,0.1719646058,0,0
88,4,000000100,1,0.9094512276,0.06868225115,0,0
88,4,000000100,1,0.9094512276,0.06868225115,0,0
88,266,100001010,3,0.9663109817,0.1359270001,0,0
88,128,010000000,1,0.9323170781,0.08404751134,0,0
88,4,000000100,1,0.9094512276,0.06868225115,0,0
88,128,010000000,1,0.9323170781,0.08404751134,0,0
88,256,100000000,1,0.8653963432,0.05144251033,0,0
88,4,000000100,1,0.9094512276,0.06868225115,0,0
88,4,000000100,1,0.9094512276,0.06868225115,0,0
88,463,111001111,7,0.9701219536,0.2215583678,0,0
88,4,000000100,1,0.9094512276,0.06868225115,0,0
88,4,000000100,1,0.9094512276,0.06868225115,0,0
88,463,111001111,7,0.9701219536,0.2215583678,0,0
88,256,100000000,1,0.8653963432,0.05144251033,0,0
88,4,000000100,1,0.9094512276,0.06868225115,0,0
88,4,000000100,1,0.9094512276,0.06868225115,0,0
88,463,111001111,7,0.9701219536,0.2215583678,0,0
88,463,111001111,7,0.9701219536,0.2215583678,0,0
89,463,111001111,7,0.9701219536,0.2215583678,0,inf
89,256,100000000,1,0.8653963432,0.05144251033,0,inf
89,256,100000000,1,0.8653963432,0.05144251033,0,0.5220108109
89,4,000000100,1,0.9094512276,0.06868225115,0,0.5220108109
89,4,000000100,1,0.9094512276,0.06868225115,0,0.308662907
89,128,010000000,1,0.9323170781,0.08404751134,0,0.308662907
89,286,100011110,5,0.9696646333,0.1719646058,0,0.295896174
89,463,111001111,7,0.9701219536,0.2215583678,0,0.295896174
89,128,010000000,1,0.9323170781,0.08404751134,0,0.2501840222
89,136,010001000,2,0.9556402415,0.08872172865,0,0.2501840222
89,136,010001000,2,0.9556402415,0.08872172865,0,0.1925701872
89,138,010001010,3,0.9580792598,0.1175190397,0,0.1925701872
89,170,010101010,4,0.9583841376,0.1237906108,0,0.1195143764
89,328,101001000,3,0.9661585353,0.1314932012,0,0.1195143764
89,299,100101011,5,0.9684451278,0.1646855306,0,0.09645812205
89,394,110001010,4,0.9682926834,0.1485241046,0,0.09645812205
89,266,100001010,3,0.9663109817,0.1359270001,0,0.09297294788
89,394,110001010,4,0.9682926834,0.1485241046,0,0.09297294788
89,170,010101010,4,0.9583841376,0.1237906108,0,0.03977767534
89,138,010001010,3,0.9580792598,0.1175190397,0,0.03977767534
89,286,100011110,5,0.9696646333,0.1719646058,0,0.03013367655
89,459,111001011,6,0.9693597592,0.1673336257,0,0.03013367655
89,266,100001010,3,0.9663109817,0.1359270001,0,0.02751908085
89,328,101001000,3,0.9661585353,0.1314932012,0,0.02751908085
89,459,111001011,6,0.9693597592,0.1673336257,0,0.02430001974
89,299,100101011,5,0.9684451278,0.1646855306,0,0.02430001974
89,394,110001010,4,0.9682926834,0.1485241046,0,0
89,299,100101011,5,0.9684451278,0.1646855306,0,0
89,459,111001011,6,0.9693597592,0.1673336257,0,0
89,459,111001011,6,0.9693597592,0.1673336257,0,0
89,459,111001011,6,0.9693597592,0.1673336257,0,0
89,299,100101011,5,0.9684451278,0.1646855306,0,0
89,266,100001010,3,0.9663109817,0.1359270001,0,0
89,328,101001000,3,0.9661585353,0.1314932012,0,0
89,459,111001011,6,0.9693597592,0.1673336257,0,0
89,459,111001011,6,0.9693597592,0.1673336257,0,0
89,266,100001010,3,0.9663109817,0.1359270001,0,0
89,299,100101011,5,0.9684451278,0.1646855306,0,0
89,328,101001000,3,0.9661585353,0.1314932012,0,0
89,328,101001000,3,0.9661585353,0.1314932012,0,0
89,266,100001010,3,0.9663109817,0.1359270001,0,0
89,266,100001010,3,0.9663109817,0.1359270001,0,0
89,286,100011110,5,0.9696646333,0.1719646058,0,0
89,328,101001000,3,0.9661585353,0.1314932012,0,0
89,266,100001010,3,0.9663109817,0.1359270001,0,0
89,286,100011110,5,0.9696646333,0.1719646058,0,0
89,459,111001011,6,0.9693597592,0.1673336257,0,0
89,266,100001010,3,0.9663109817,0.1359270001,0,0
89,266,100001010,3,0.9663109817,0.1359270001,0,0
89,266,100001010,3,0.9663109817,0.1359270001,0,0
89,266,100001010,3,0.9663109817,0.1359270001,0,0
89,286,100011110,5,0.9696646333,0.1719646058,0,0
89,266,100001010,3,0.9663109817,0.1359270001,0,0
89,459,111001011,6,0.9693597592,0.1673336257,0,0
89,170,010101010,4,0.9583841376,0.1237906108,0,0
89,286,100011110,5,0.9696646333,0.1719646058,0,0
89,266,100001010,3,0.9663109817,0.1359270001,0,0
89,286,100011110,5,0.9696646333,0.1719646058,0,0
89,170,010101010,4,0.9583841376,0.1237906108,0,0
89,328,101001000,3,0.9661585353,0.1314932012,0,0
89,138,010001010,3,0.9580792598,0.1175190397,0,0
89,459,111001011,6,0.9693597592,0.1673336257,0,0
89,286,100011110,5,0.9696646333,0.1719646058,0,0
89,138,010001010,3,0.9580792598,0.1175190397,0,0
89,138,010001010,3,0.9580792598,0.1175190397,0,0
89,459,111001011,6,0.9693597592,0.1673336257,0,0
89,286,100011110,5,0.9696646333,0.1719646058,0,0
89,266,100001010,3,0.9663109817,0.1359270001,0,0
89,266,100001010,3,0.9663109817,0.1359270001,0,0
89,170,010101010,4,0.9583841376,0.1237906108,0,0
89,138,010001010,3,0.9580792598,0.1175190397,0,0
89,170,010101010,4,0.9583841376,0.1237906108,0,0
89,266,100001010,3,0.9663109817,0.1359270001,0,0
89,286,100011110,5,0.9696646333,0.1719646058,0,0
89,266,100001010,3,0.9663109817,0.1359270001,0,0
89,170,010101010,4,0.9583841376,0.1237906108,0,0
89,394,110001010,4,0.9682926834,0.1485241046,0,0
89,170,010101010,4,0.9583841376,0.1237906108,0,0
89,170,010101010,4,0.9583841376,0.1237906108,0,0
89,266,100001010,3,0.9663109817,0.1359270001,0,0
89,266,100001010,3,0.9663109817,0.1359270001,0,0
89,394,110001010,4,0.9682926834,0.1485241046,0,0
89,394,110001010,4,0.9682926834,0.1485241046,0,0
89,328,101001000,3,0.9661585353,0.1314932012,0,0
89,256,100000000,1,0.8653963432,0.05144251033,0,0
89,136,010001000,2,0.9556402415,0.08872172865,0,0
89,328,101001000,3,0.9661585353,0.1314932012,0,0
89,328,101001000,3,0.9661585353,0.1314932012,0,0
89,328,101001000,3,0.9661585353,0.1314932012,0,0
89,328,101001000,3,0.9661585353,0.1314932012,0,0
89,328,101001000,3,0.9661585353,0.1314932012,0,0
89,170,010101010,4,0.9583841376,0.1237906108,0,0
89,138,010001010,3,0.9580792598,0.1175190397,0,0
89,138,010001010,3,0.9580792598,0.1175190397,0,0
89,299,100101011,5,0.9684451278,0.1646855306,0,0
89,138,010001010,3,0.9580792598,0.1175190397,0,0
89,328,101001000,3,0.9661585353,0.1314932012,0,0
89,136,010001000,2,0.9556402415,0.08872172865,0,0
89,136,010001000,2,0.9556402415,0.08872172865,0,0
89,128,010000000,1,0.9323170781,0.08404751134,0,0
89,136,010001000,2,0.9556402415,0.08872172865,0,0
89,138,010001010,3,0.9580792598,0.1175190397,0,0
89,128,010000000,1,0.9323170781,0.08404751134,0,0
89,136,010001000,2,0.9556402415,0.08872172865,0,0
89,266,100001010,3,0.9663109817,0.1359270001,0,0
89,128,010000000,1,0.9323170781,0.08404751134,0,0
89,128,010000000,1,0.9323170781,0.08404751134,0,0
89,136,010001000,2,0.9556402415,0.08872172865,0,0
89,136,010001000,2,0.9556402415,0.08872172865,0,0
89,128,010000000,1,0.9323170781,0.08404751134,0,0
89,136,010001000,2,0.9556402415,0.08872172865,0,0
89,128,010000000,1,0.9323170781,0.08404751134,0,0
89,136,010001000,2,0.9556402415,0.08872172865,0,0
89,128,010000000,1,0.9323170781,0.08404751134,0,0
89,286,100011110,5,0.9696646333,0.1719646058,0,0
89,128,010000000,1,0.9323170781,0.08404751134,0,0
89,128,010000000,1,0.9323170781,0.08404751134,0,0
89,463,111001111,7,0.9701219536,0.2215583678,0,0
89,463,111001111,7,0.9701219536,0.2215583678,0,0
89,128,010000000,1,0.9323170781,0.08404751134,0,0
89,4,000000100,1,0.9094512276,0.06868225115,0,0
89,286,100011110,5,0.9696646333,0.1719646058,0,0
89,4,000000100,1,0.9094512276,0.06868225115,0,0
89,128,010000000,1,0.9323170781,0.08404751134,0,0
89,128,010000000,1,0.9323170781,0.08404751134,0,0
89,128,010000000,1,0.9323170781,0.08404751134,0,0
89,4,000000100,1,0.9094512276,0.06868225115,0,0
89,128,010000000,1,0.9323170781,0.08404751134,0,0
89,463,111001111,7,0.9701219536,0.2215583678,0,0
89,286,100011110,5,0.9696646333,0.1719646058,0,0
89,4,000000100,1,0.9094512276,0.06868225115,0,0
89,128,010000000,1,0.9323170781,0.08404751134,0,0
89,128,010000000,1,0.9323170781,0.08404751134,0,0
89,128,010000000,1,0.9323170781,0.08404751134,0,0
89,463,111001111,7,0.9701219536,0.2215583678,0,0
89,128,010000000,1,0.9323170781,0.08404751134,0,0
89,4,000000100,1,0.9094512276,0.06868225115,0,0
89,286,100011110,5,0.9696646333,0.1719646058,0,0
89,4,000000100,1,0.9094512276,0.06868225115,0,0
89,256,100000000,1,0.8653963432,0.05144251033,0,0
89,256,100000000,1,0.8653963432,0.05144251033,0,0
89,128,010000000,1,0.9323170781,0.08404751134,0,0
89,4,000000100,1,0.9094512276,0.06868225115,0,0
89,128,010000000,1,0.9323170781,0.08404751134,0,0
89,4,000000100,1,0.9094512276,0.06868225115,0,0
89,4,000000100,1,0.9094512276,0.06868225115,0,0
89,266,100001010,3,0.9663109817,0.1359270001,0,0
89,256,100000000,1,0.8653963432,0.05144251033,0,0
89,4,000000100,1,0.9094512276,0.06868225115,0,0
89,128,010000000,1,0.9323170781,0.08404751134,0,0
89,256,100000000,1,0.8653963432,0.05144251033,0,0
89,4,000000100,1,0.9094512276,0.06868225115,0,0
89,4,000000100,1,0.9094512276,0.06868225115,0,0
89,463,111001111,7,0.9701219536,0.2215583678,0,0
89,4,000000100,1,0.9094512276,0.06868225115,0,0
89,4,000000100,1,0.9094512276,0.06868225115,0,0
89,463,111001111,7,0.9701219536,0.2215583678,0,0
89,4,000000100,1,0.9094512276,0.06868225115,0,0
89,4,000000100,1,0.9094512276,0.06868225115,0,0
89,4,000000100,1,0.9094512276,0.06868225115,0,0
89,463,111001111,7,0.9701219536,0.2215583678,0,0
89,463,111001111,7,0.9701219536,0.2215583678,0,0
90,256,100000000,1,0.8653963432,0.05144251033,0,inf
90,463,111001111,7,0.9701219536,0.2215583678,0,inf
90,4,000000100,1,0.9094512276,0.06868225115,0,0.5220108109
90,256,100000000,1,0.8653963432,0.05144251033,0,0.5220108109
90,4,000000100,1,0.9094512276,0.06868225115,0,0.308662907
90,128,010000000,1,0.9323170781,0.08404751134,0,0.308662907
90,286,100011110,5,0.9696646333,0.1719646058,0,0.295896174
90,463,111001111,7,0.9701219536,0.2215583678,0,0.295896174
90,136,010001000,2,0.9556402415,0.08872172865,0,0.2501840222
90,128,010000000,1,0.9323170781,0.08404751134,0,0.2501840222
90,138,010001010,3,0.9580792598,0.1175190397,0,0.1925701872
90,136,010001000,2,0.9556402415,0.08872172865,0,0.1925701872
90,170,010101010,4,0.9583841376,0.1237906108,0,0.1195143764
90,328,101001000,3,0.9661585353,0.1314932012,0,0.1195143764
90,394,110001010,4,0.9682926834,0.1485241046,0,0.09645812205
90,299,100101011,5,0.9684451278,0.1646855306,0,0.09645812205
90,266,100001010,3,0.9663109817,0.1359270001,0,0.09297294788
90,394,110001010,4,0.9682926834,0.1485241046,0,0.09297294788
90,138,010001010,3,0.9580792598,0.1175190397,0,0.03977767534
90,170,010101010,4,0.9583841376,0.1237906108,0,0.03977767534
90,286,100011110,5,0.9696646333,0.1719646058,0,0.03013367655
90,459,111001011,6,0.9693597592,0.1673336257,0,0.03013367655
90,266,100001010,3,0.9663109817,0.1359270001,0,0.02751908085
90,328,101001000,3,0.9661585353,0.1314932012,0,0.02751908085
90,299,100101011,5,0.9684451278,0.1646855306,0,0.02430001974
90,459,111001011,6,0.9693597592,0.1673336257,0,0.02430001974
90,394,110001010,4,0.9682926834,0.1485241046,0,0
90,256,100000000,1,0.8653963432,0.05144251033,0,0
90,299,100101011,5,0.9684451278,0.1646855306,0,0
90,459,111001011,6,0.9693597592,0.1673336257,0,0
90,459,111001011,6,0.9693597592,0.1673336257,0,0
90,328,101001000,3,0.9661585353,0.1314932012,0,0
90,266,100001010,3,0.9663109817,0.1359270001,0,0
90,328,101001000,3,0.9661585353,0.1314932012,0,0
90,459,111001011,6,0.9693597592,0.1673336257,0,0
90,459,111001011,6,0.9693597592,0.1673336257,0,0
90,266,100001010,3,0.9663109817,0.1359270001,0,0
90,299,100101011,5,0.9684451278,0.1646855306,0,0
90,328,101001000,3,0.9661585353,0.1314932012,0,0
90,328,101001000,3,0.9661585353,0.1314932012,0,0
90,266,100001010,3,0.9663109817,0.1359270001,0,0
90,266,100001010,3,0.9663109817,0.1359270001,0,0
90,286,100011110,5,0.9696646333,0.1719646058,0,0
90,266,100001010,3,0.9663109817,0.1359270001,0,0
90,459,111001011,6,0.9693597592,0.1673336257,0,0
90,286,100011110,5,0.9696646333,0.1719646058,0,0
90,459,111001011,6,0.9693597592,0.1673336257,0,0
90,266,100001010,3,0.9663109817,0.1359270001,0,0
90,266,100001010,3,0.9663109817,0.1359270001,0,0
90,266,100001010,3,0.9663109817,0.1359270001,0,0
90,266,100001010,3,0.9663109817,0.1359270001,0,0
90,286,100011110,5,0.9696646333,0.1719646058,0,0
90,266,100001010,3,0.9663109817,0.1359270001,0,0
90,459,111001011,6,0.9693597592,0.1673336257,0,0
90,286,100011110,5,0.9696646333,0.1719646058,0,0
90,286,100011110,5,0.9696646333,0.1719646058,0,0
90,266,100001010,3,0.9663109817,0.1359270001,0,0
90,286,100011110,5,0.9696646333,0.1719646058,0,0
90,170,010101010,4,0.9583841376,0.1237906108,0,0
90,328,101001000,3,0.9661585353,0.1314932012,0,0
90,138,010001010,3,0.9580792598,0.1175190397,0,0
90,459,111001011,6,0.9693597592,0.1673336257,0,0
90,286,100011110,5,0.9696646333,0.1719646058,0,0
90,138,010001010,3,0.9580792598,0.1175190397,0,0
90,138,010001010,3,0.9580792598,0.1175190397,0,0
90,459,111001011,6,0.9693597592,0.1673336257,0,0
90,286,100011110,5,0.9696646333,0.1719646058,0,0
90,266,100001010,3,0.9663109817,0.1359270001,0,0
90,266,100001010,3,0.9663109817,0.1359270001,0,0
90,170,010101010,4,0.9583841376,0.1237906108,0,0
90,138,010001010,3,0.9580792598,0.1175190397,0,0
90,170,010101010,4,0.9583841376,0.1237906108,0,0
90,170,010101010,4,0.9583841376,0.1237906108,0,0
90,286,100011110,5,0.9696646333,0.1719646058,0,0
90,266,100001010,3,0.9663109817,0.1359270001,0,0
90,170,010101010,4,0.9583841376,0.1237906108,0,0
90,394,110001010,4,0.9682926834,0.1485241046,0,0
90,170,010101010,4,0.9583841376,0.1237906108,0,0
90,170,010101010,4,0.9583841376,0.1237906108,0,0
90,266,100001010,3,0.9663109817,0.1359270001,0,0
90,266,100001010,3,0.9663109817,0.1359270001,0,0
90,394,110001010,4,0.9682926834,0.1485241046,0,0
90,266,100001010,3,0.9663109817,0.1359270001,0,0
90,394,110001010,4,0.9682926834,0.1485241046,0,0
90,256,100000000,1,0.8653963432,0.05144251033,0,0
90,136,010001000,2,0.9556402415,0.08872172865,0,0
90,328,101001000,3,0.9661585353,0.1314932012,0,0
90,328,101001000,3,0.9661585353,0.1314932012,0,0
90,328,101001000,3,0.9661585353,0.1314932012,0,0
90,328,101001000,3,0.9661585353,0.1314932012,0,0
90,328,101001000,3,0.9661585353,0.1314932012,0,0
90,170,010101010,4,0.9583841376,0.1237906108,0,0
90,138,010001010,3,0.9580792598,0.1175190397,0,0
90,138,010001010,3,0.9580792598,0.1175190397,0,0
90,299,100101011,5,0.9684451278,0.1646855306,0,0
90,328,101001000,3,0.9661585353,0.1314932012,0,0
90,328,101001000,3,0.9661585353,0.1314932012,0,0
90,299,100101011,5,0.9684451278,0.1646855306,0,0
90,136,010001000,2,0.9556402415,0.08872172865,0,0
90,128,010000000,1,0.9323170781,0.08404751134,0,0
90,136,010001000,2,0.9556402415,0.08872172865,0,0
90,138,010001010,3,0.9580792598,0.1175190397,0,0
90,170,010101010,4,0.9583841376,0.1237906108,0,0
90,138,010001010,3,0.9580792598,0.1175190397,0,0
90,266,100001010,3,0.9663109817,0.1359270001,0,0
90,128,010000000,1,0.9323170781,0.08404751134,0,0
90,128,010000000,1,0.9323170781,0.08404751134,0,0
90,136,010001000,2,0.9556402415,0.08872172865,0,0
90,136,010001000,2,0.9556402415,0.08872172865,0,0
90,128,010000000,1,0.9323170781,0.08404751134,0,0
90,136,010001000,2,0.9556402415,0.08872172865,0,0
90,128,010000000,1,0.9323170781,0.08404751134,0,0
90,136,010001000,2,0.9556402415,0.08872172865,0,0
90,128,010000000,1,0.9323170781,0.08404751134,0,0
90,136,010001000,2,0.9556402415,0.08872172865,0,0
90,128,010000000,1,0.9323170781,0.08404751134,0,0
90,128,010000000,1,0.9323170781,0.08404751134,0,0
90,463,111001111,7,0.9701219536,0.2215583678,0,0
90,128,010000000,1,0.9323170781,0.08404751134,0,0
90,128,010000000,1,0.9323170781,0.08404751134,0,0
90,4,000000100,1,0.9094512276,0.06868225115,0,0
90,286,100011110,5,0.9696646333,0.1719646058,0,0
90,4,000000100,1,0.9094512276,0.06868225115,0,0
90,128,010000000,1,0.9323170781,0.08404751134,0,0
90,128,010000000,1,0.9323170781,0.08404751134,0,0
90,463,111001111,7,0.9701219536,0.2215583678,0,0
90,4,000000100,1,0.9094512276,0.06868225115,0,0
90,128,010000000,1,0.9323170781,0.08404751134,0,0
90,463,111001111,7,0.9701219536,0.2215583678,0,0
90,286,100011110,5,0.9696646333,0.1719646058,0,0
90,4,000000100,1,0.9094512276,0.06868225115,0,0
90,128,010000000,1,0.9323170781,0.08404751134,0,0
90,128,010000000,1,0.9323170781,0.08404751134,0,0
90,128,010000000,1,0.9323170781,0.08404751134,0,0
90,463,111001111,7,0.9701219536,0.2215583678,0,0
90,128,010000000,1,0.9323170781,0.08404751134,0,0
90,4,000000100,1,0.9094512276,0.06868225115,0,0
90,286,100011110,5,0.9696646333,0.1719646058,0,0
90,4,000000100,1,0.9094512276,0.06868225115,0,0
90,128,010000000,1,0.9323170781,0.08404751134,0,0
90,256,100000000,1,0.8653963432,0.05144251033,0,0
90,128,010000000,1,0.9323170781,0.08404751134,0,0
90,4,000000100,1,0.9094512276,0.06868225115,0,0
90,128,010000000,1,0.9323170781,0.08404751134,0,0
90,4,000000100,1,0.9094512276,0.06868225115,0,0
90,4,000000100,1,0.9094512276,0.06868225115,0,0
90,266,100001010,3,0.9663109817,0.1359270001,0,0
90,256,100000000,1,0.8653963432,0.05144251033,0,0
90,4,000000100,1,0.9094512276,0.06868225115,0,0
90,128,010000000,1,0.9323170781,0.08404751134,0,0
90,256,100000000,1,0.8653963432,0.05144251033,0,0
90,4,000000100,1,0.9094512276,0.06868225115,0,0
90,4,000000100,1,0.9094512276,0.06868225115,0,0
90,463,111001111,7,0.9701219536,0.2215583678,0,0
90,4,000000100,1,0.9094512276,0.06868225115,0,0
90,4,000000100,1,0.9094512276,0.06868225115,0,0
90,463,111001111,7,0.9701219536,0.2215583678,0,0
90,4,000000100,1,0.9094512276,0.06868225115,0,0
90,4,000000100,1,0.9094512276,0.06868225115,0,0
90,4,000000100,1,0.9094512276,0.06868225115,0,0
90,463,111001111,7,0.9701219536,0.2215583678,0,0
90,463,111001111,7,0.9701219536,0.2215583678,0,0
91,463,111001111,7,0.9701219536,0.2215583678,0,inf
91,256,100000000,1,0.8653963432,0.05144251033,0,inf
91,256,100000000,1,0.8653963432,0.05144251033,0,0.5220108109
91,4,000000100,1,0.9094512276,0.06868225115,0,0.5220108109
91,4,000000100,1,0.9094512276,0.06868225115,0,0.308662907
91,128,010000000,1,0.9323170781,0.08404751134,0,0.308662907
91,463,111001111,7,0.9701219536,0.2215583678,0,0.295896174
91,286,100011110,5,0.9696646333,0.1719646058,0,0.295896174
91,128,010000000,1,0.9323170781,0.08404751134,0,0.2501840222
91,136,010001000,2,0.9556402415,0.08872172865,0,0.2501840222
91,138,010001010,3,0.9580792598,0.1175190397,0,0.1925701872
91,136,010001000,2,0.9556402415,0.08872172865,0,0.1925701872
91,170,010101010,4,0.9583841376,0.1237906108,0,0.1195143764
91,328,101001000,3,0.9661585353,0.1314932012,0,0.1195143764
91,299,100101011,5,0.9684451278,0.1646855306,0,0.09645812205
91,394,110001010,4,0.9682926834,0.1485241046,0,0.09645812205
91,394,110001010,4,0.9682926834,0.1485241046,0,0.09297294788
91,266,100001010,3,0.9663109817,0.1359270001,0,0.09297294788
91,138,010001010,3,0.9580792598,0.1175190397,0,0.03977767534
91,170,010101010,4,0.9583841376,0.1237906108,0,0.03977767534
91,286,100011110,5,0.9696646333,0.1719646058,0,0.03013367655
91,459,111001011,6,0.9693597592,0.1673336257,0,0.03013367655
91,328,101001000,3,0.9661585353,0.1314932012,0,0.02751908085
91,266,100001010,3,0.9663109817,0.1359270001,0,0.02751908085
91,299,100101011,5,0.9684451278,0.1646855306,0,0.02430001974
91,459,111001011,6,0.9693597592,0.1673336257,0,0.02430001974
91,394,110001010,4,0.9682926834,0.1485241046,0,0
91,128,010000000,1,0.9323170781,0.08404751134,0,0
91,299,100101011,5,0.9684451278,0.1646855306,0,0
91,459,111001011,6,0.9693597592,0.1673336257,0,0
91,459,111001011,6,0.9693597592,0.1673336257,0,0
91,328,101001000,3,0.9661585353,0.1314932012,0,0
91,266,100001010,3,0.9663109817,0.1359270001,0,0
91,328,101001000,3,0.9661585353,0.1314932012,0,0
91,459,111001011,6,0.9693597592,0.1673336257,0,0
91,299,100101011,5,0.9684451278,0.1646855306,0,0
91,266,100001010,3,0.9663109817,0.1359270001,0,0
91,328,101001000,3,0.9661585353,0.1314932012,0,0
91,328,101001000,3,0.9661585353,0.1314932012,0,0
91,328,101001000,3,0.9661585353,0.1314932012,0,0
91,266,100001010,3,0.9663109817,0.1359270001,0,0
91,266,100001010,3,0.9663109817,0.1359270001,0,0
91,286,100011110,5,0.9696646333,0.1719646058,0,0
91,266,100001010,3,0.9663109817,0.1359270001,0,0
91,459,111001011,6,0.9693597592,0.1673336257,0,0
91,286,100011110,5,0.9696646333,0.1719646058,0,0
91,459,111001011,6,0.9693597592,0.1673336257,0,0
91,266,100001010,3,0.9663109817,0.1359270001,0,0
91,266,100001010,3,0.9663109817,0.1359270001,0,0
91,266,100001010,3,0.9663109817,0.1359270001,0,0
91,266,100001010,3,0.9663109817,0.1359270001,0,0
91,286,100011110,5,0.9696646333,0.1719646058,0,0
91,266,100001010,3,0.9663109817,0.1359270001,0,0
91,459,111001011,6,0.9693597592,0.1673336257,0,0
91,286,100011110,5,0.9696646333,0.1719646058,0,0
91,286,100011110,5,0.9696646333,0.1719646058,0,0
91,266,100001010,3,0.9663109817,0.1359270001,0,0
91,286,100011110,5,0.9696646333,0.1719646058,0,0
91,459,111001011,6,0.9693597592,0.1673336257,0,0
91,328,101001000,3,0.9661585353,0.1314932012,0,0
91,286,100011110,5,0.9696646333,0.1719646058,0,0
91,459,111001011,6,0.9693597592,0.1673336257,0,0
91,286,100011110,5,0.9696646333,0.1719646058,0,0
91,138,010001010,3,0.9580792598,0.1175190397,0,0
91,138,010001010,3,0.9580792598,0.1175190397,0,0
91,459,111001011,6,0.9693597592,0.1673336257,0,0
91,286,100011110,5,0.9696646333,0.1719646058,0,0
91,266,100001010,3,0.9663109817,0.1359270001,0,0
91,266,100001010,3,0.9663109817,0.1359270001,0,0
91,170,010101010,4,0.9583841376,0.1237906108,0,0
91,138,010001010,3,0.9580792598,0.1175190397,0,0
91,170,010101010,4,0.9583841376,0.1237906108,0,0
91,170,010101010,4,0.9583841376,0.1237906108,0,0
91,286,100011110,5,0.9696646333,0.1719646058,0,0
91,266,100001010,3,0.9663109817,0.1359270001,0,0
91,170,010101010,4,0.9583841376,0.1237906108,0,0
91,394,110001010,4,0.9682926834,0.1485241046,0,0
91,170,010101010,4,0.9583841376,0.1237906108,0,0
91,170,010101010,4,0.9583841376,0.1237906108,0,0
91,266,100001010,3,0.9663109817,0.1359270001,0,0
91,463,111001111,7,0.9701219536,0.2215583678,0,0
91,138,010001010,3,0.9580792598,0.1175190397,0,0
91,4,000000100,1,0.9094512276,0.06868225115,0,0
91,394,110001010,4,0.9682926834,0.1485241046,0,0
91,266,100001010,3,0.9663109817,0.1359270001,0,0
91,136,010001000,2,0.9556402415,0.08872172865,0,0
91,328,101001000,3,0.9661585353,0.1314932012,0,0
91,328,101001000,3,0.9661585353,0.1314932012,0,0
91,328,101001000,3,0.9661585353,0.1314932012,0,0
91,328,101001000,3,0.9661585353,0.1314932012,0,0
91,328,101001000,3,0.9661585353,0.1314932012,0,0
91,170,010101010,4,0.9583841376,0.1237906108,0,0
91,299,100101011,5,0.9684451278,0.1646855306,0,0
91,138,010001010,3,0.9580792598,0.1175190397,0,0
91,394,110001010,4,0.9682926834,0.1485241046,0,0
91,256,100000000,1,0.8653963432,0.05144251033,0,0
91,170,010101010,4,0.9583841376,0.1237906108,0,0
91,299,100101011,5,0.9684451278,0.1646855306,0,0
91,136,010001000,2,0.9556402415,0.08872172865,0,0
91,128,010000000,1,0.9323170781,0.08404751134,0,0
91,136,010001000,2,0.9556402415,0.08872172865,0,0
91,138,010001010,3,0.9580792598,0.1175190397,0,0
91,170,010101010,4,0.9583841376,0.1237906108,0,0
91,138,010001010,3,0.9580792598,0.1175190397,0,0
91,266,100001010,3,0.9663109817,0.1359270001,0,0
91,128,010000000,1,0.9323170781,0.08404751134,0,0
91,128,010000000,1,0.9323170781,0.08404751134,0,0
91,136,010001000,2,0.9556402415,0.08872172865,0,0
91,136,010001000,2,0.9556402415,0.08872172865,0,0
91,128,010000000,1,0.9323170781,0.08404751134,0,0
91,136,010001000,2,0.9556402415,0.08872172865,0,0
91,128,010000000,1,0.9323170781,0.08404751134,0,0
91,136,010001000,2,0.9556402415,0.08872172865,0,0
91,128,010000000,1,0.9323170781,0.08404751134,0,0
91,136,010001000,2,0.9556402415,0.08872172865,0,0
91,128,010000000,1,0.9323170781,0.08404751134,0,0
91,128,010000000,1,0.9323170781,0.08404751134,0,0
91,463,111001111,7,0.9701219536,0.2215583678,0,0
91,128,010000000,1,0.9323170781,0.08404751134,0,0
91,128,010000000,1,0.9323170781,0.08404751134,0,0
91,4,000000100,1,0.9094512276,0.06868225115,0,0
91,138,010001010,3,0.9580792598,0.1175190397,0,0
91,4,000000100,1,0.9094512276,0.06868225115,0,0
91,128,010000000,1,0.9323170781,0.08404751134,0,0
91,128,010000000,1,0.9323170781,0.08404751134,0,0
91,463,111001111,7,0.9701219536,0.2215583678,0,0
91,4,000000100,1,0.9094512276,0.06868225115,0,0
91,128,010000000,1,0.9323170781,0.08404751134,0,0
91,463,111001111,7,0.9701219536,0.2215583678,0,0
91,128,010000000,1,0.9323170781,0.08404751134,0,0
91,4,000000100,1,0.9094512276,0.06868225115,0,0
91,128,010000000,1,0.9323170781,0.08404751134,0,0
91,128,010000000,1,0.9323170781,0.08404751134,0,0
91,463,111001111,7,0.9701219536,0.2215583678,0,0
91,286,100011110,5,0.9696646333,0.1719646058,0,0
91,128,010000000,1,0.9323170781,0.08404751134,0,0
91,4,000000100,1,0.9094512276,0.06868225115,0,0
91,286,100011110,5,0.9696646333,0.1719646058,0,0
91,4,000000100,1,0.9094512276,0.06868225115,0,0
91,128,010000000,1,0.9323170781,0.08404751134,0,0
91,256,100000000,1,0.8653963432,0.05144251033,0,0
91,128,010000000,1,0.9323170781,0.08404751134,0,0
91,4,000000100,1,0.9094512276,0.06868225115,0,0
91,128,010000000,1,0.9323170781,0.08404751134,0,0
91,4,000000100,1,0.9094512276,0.06868225115,0,0
91,256,100000000,1,0.8653963432,0.05144251033,0,0
91,266,100001010,3,0.9663109817,0.1359270001,0,0
91,256,100000000,1,0.8653963432,0.05144251033,0,0
91,4,000000100,1,0.9094512276,0.06868225115,0,0
91,128,010000000,1,0.9323170781,0.08404751134,0,0
91,256,100000000,1,0.8653963432,0.05144251033,0,0
91,4,000000100,1,0.9094512276,0.06868225115,0,0
91,4,000000100,1,0.9094512276,0.06868225115,0,0
91,463,111001111,7,0.9701219536,0.2215583678,0,0
91,4,000000100,1,0.9094512276,0.06868225115,0,0
91,4,000000100,1,0.9094512276,0.06868225115,0,0
91,463,111001111,7,0.9701219536,0.2215583678,0,0
91,4,000000100,1,0.9094512276,0.06868225115,0,0
91,4,000000100,1,0.9094512276,0.06868225115,0,0
91,4,000000100,1,0.9094512276,0.06868225115,0,0
91,463,111001111,7,0.9701219536,0.2215583678,0,0
91,266,100001010,3,0.9663109817,0.1359270001,0,0
92,256,100000000,1,0.8653963432,0.05144251033,0,inf
92,463,111001111,7,0.9701219536,0.2215583678,0,inf
92,4,000000100,1,0.9094512276,0.06868225115,0,0.5220108109
92,256,100000000,1,0.8653963432,0.05144251033,0,0.5220108109
92,128,010000000,1,0.9323170781,0.08404751134,0,0.308662907
92,4,000000100,1,0.9094512276,0.06868225115,0,0.308662907
92,463,111001111,7,0.9701219536,0.2215583678,0,0.295896174
92,286,100011110,5,0.9696646333,0.1719646058,0,0.295896174
92,128,010000000,1,0.9323170781,0.08404751134,0,0.2501840222
92,136,010001000,2,0.9556402415,0.08872172865,0,0.2501840222
92,136,010001000,2,0.9556402415,0.08872172865,0,0.1925701872
92,138,010001010,3,0.9580792598,0.1175190397,0,0.1925701872
92,170,010101010,4,0.9583841376,0.1237906108,0,0.1195143764
92,328,101001000,3,0.9661585353,0.1314932012,0,0.1195143764
92,394,110001010,4,0.9682926834,0.1485241046,0,0.09645812205
92,299,100101011,5,0.9684451278,0.1646855306,0,0.09645812205
92,394,110001010,4,0.9682926834,0.1485241046,0,0.09297294788
92,266,100001010,3,0.9663109817,0.1359270001,0,0.09297294788
92,170,010101010,4,0.9583841376,0.1237906108,0,0.03977767534
92,138,010001010,3,0.9580792598,0.1175190397,0,0.03977767534
92,286,100011110,5,0.9696646333,0.1719646058,0,0.03013367655
92,459,111001011,6,0.9693597592,0.1673336257,0,0.03013367655
92,266,100001010,3,0.9663109817,0.1359270001,0,0.02751908085
92,328,101001000,3,0.9661585353,0.1314932012,0,0.02751908085
92,459,111001011,6,0.9693597592,0.1673336257,0,0.02430001974
92,299,100101011,5,0.9684451278,0.1646855306,0,0.02430001974
92,328,101001000,3,0.9661585353,0.1314932012,0,0
92,299,100101011,5,0.9684451278,0.1646855306,0,0
92,394,110001010,4,0.9682926834,0.1485241046,0,0
92,459,111001011,6,0.9693597592,0.1673336257,0,0
92,459,111001011,6,0.9693597592,0.1673336257,0,0
92,328,101001000,3,0.9661585353,0.1314932012,0,0
92,266,100001010,3,0.9663109817,0.1359270001,0,0
92,328,101001000,3,0.9661585353,0.1314932012,0,0
92,459,111001011,6,0.9693597592,0.1673336257,0,0
92,299,100101011,5,0.9684451278,0.1646855306,0,0
92,266,100001010,3,0.9663109817,0.1359270001,0,0
92,328,101001000,3,0.9661585353,0.1314932012,0,0
92,328,101001000,3,0.9661585353,0.1314932012,0,0
92,266,100001010,3,0.9663109817,0.1359270001,0,0
92,266,100001010,3,0.9663109817,0.1359270001,0,0
92,266,100001010,3,0.9663109817,0.1359270001,0,0
92,328,101001000,3,0.9661585353,0.1314932012,0,0
92,266,100001010,3,0.9663109817,0.1359270001,0,0
92,459,111001011,6,0.9693597592,0.1673336257,0,0
92,286,100011110,5,0.9696646333,0.1719646058,0,0
92,459,111001011,6,0.9693597592,0.1673336257,0,0
92,266,100001010,3,0.9663109817,0.1359270001,0,0
92,266,100001010,3,0.9663109817,0.1359270001,0,0
92,266,100001010,3,0.9663109817,0.1359270001,0,0
92,266,100001010,3,0.9663109817,0.1359270001,0,0
92,286,100011110,5,0.9696646333,0.1719646058,0,0
92,266,100001010,3,0.9663109817,0.1359270001,0,0
92,459,111001011,6,0.9693597592,0.1673336257,0,0
92,286,100011110,5,0.9696646333,0.1719646058,0,0
92,286,100011110,5,0.9696646333,0.1719646058,0,0
92,266,100001010,3,0.9663109817,0.1359270001,0,0
92,286,100011110,5,0.9696646333,0.1719646058,0,0
92,459,111001011,6,0.9693597592,0.1673336257,0,0
92,328,101001000,3,0.9661585353,0.1314932012,0,0
92,286,100011110,5,0.9696646333,0.1719646058,0,0
92,459,111001011,6,0.9693597592,0.1673336257,0,0
92,286,100011110,5,0.9696646333,0.1719646058,0,0
92,328,101001000,3,0.9661585353,0.1314932012,0,0
92,138,010001010,3,0.9580792598,0.1175190397,0,0
92,459,111001011,6,0.9693597592,0.1673336257,0,0
92,286,100011110,5,0.9696646333,0.1719646058,0,0
92,266,100001010,3,0.9663109817,0.1359270001,0,0
92,286,100011110,5,0.9696646333,0.1719646058,0,0
92,170,010101010,4,0.9583841376,0.1237906108,0,0
92,138,010001010,3,0.9580792598,0.1175190397,0,0
92,170,010101010,4,0.9583841376,0.1237906108,0,0
92,170,010101010,4,0.9583841376,0.1237906108,0,0
92,286,100011110,5,0.9696646333,0.1719646058,0,0
92,266,100001010,3,0.9663109817,0.1359270001,0,0
92,170,010101010,4,0.9583841376,0.1237906108,0,0
92,299,100101011,5,0.9684451278,0.1646855306,0,0
92,170,010101010,4,0.9583841376,0.1237906108,0,0
92,170,010101010,4,0.9583841376,0.1237906108,0,0
92,266,100001010,3,0.9663109817,0.1359270001,0,0
92,463,111001111,7,0.9701219536,0.2215583678,0,0
92,170,010101010,4,0.9583841376,0.1237906108,0,0
92,136,010001000,2,0.9556402415,0.08872172865,0,0
92,256,100000000,1,0.8653963432,0.05144251033,0,0
92,266,100001010,3,0.9663109817,0.1359270001,0,0
92,136,010001000,2,0.9556402415,0.08872172865,0,0
92,328,101001000,3,0.9661585353,0.1314932012,0,0
92,138,010001010,3,0.9580792598,0.1175190397,0,0
92,328,101001000,3,0.9661585353,0.1314932012,0,0
92,328,101001000,3,0.9661585353,0.1314932012,0,0
92,394,110001010,4,0.9682926834,0.1485241046,0,0
92,170,010101010,4,0.9583841376,0.1237906108,0,0
92,299,100101011,5,0.9684451278,0.1646855306,0,0
92,138,010001010,3,0.9580792598,0.1175190397,0,0
92,394,110001010,4,0.9682926834,0.1485241046,0,0
92,136,010001000,2,0.9556402415,0.08872172865,0,0
92,128,010000000,1,0.9323170781,0.08404751134,0,0
92,299,100101011,5,0.9684451278,0.1646855306,0,0
92,136,010001000,2,0.9556402415,0.08872172865,0,0
92,128,010000000,1,0.9323170781,0.08404751134,0,0
92,136,010001000,2,0.9556402415,0.08872172865,0,0
92,138,010001010,3,0.9580792598,0.1175190397,0,0
92,266,100001010,3,0.9663109817,0.1359270001,0,0
92,138,010001010,3,0.9580792598,0.1175190397,0,0
92,266,100001010,3,0.9663109817,0.1359270001,0,0
92,128,010000000,1,0.9323170781,0.08404751134,0,0
92,128,010000000,1,0.9323170781,0.08404751134,0,0
92,136,010001000,2,0.9556402415,0.08872172865,0,0
92,136,010001000,2,0.9556402415,0.08872172865,0,0
92,128,010000000,1,0.9323170781,0.08404751134,0,0
92,128,010000000,1,0.9323170781,0.08404751134,0,0
92,128,010000000,1,0.9323170781,0.08404751134,0,0
92,4,000000100,1,0.9094512276,0.06868225115,0,0
92,4,000000100,1,0.9094512276,0.06868225115,0,0
92,136,010001000,2,0.9556402415,0.08872172865,0,0
92,128,010000000,1,0.9323170781,0.08404751134,0,0
92,128,010000000,1,0.9323170781,0.08404751134,0,0
92,463,111001111,7,0.9701219536,0.2215583678,0,0
92,128,010000000,1,0.9323170781,0.08404751134,0,0
92,128,010000000,1,0.9323170781,0.08404751134,0,0
92,4,000000100,1,0.9094512276,0.06868225115,0,0
92,138,010001010,3,0.9580792598,0.1175190397,0,0
92,4,000000100,1,0.9094512276,0.06868225115,0,0
92,128,010000000,1,0.9323170781,0.08404751134,0,0
92,128,010000000,1,0.9323170781,0.08404751134,0,0
92,463,111001111,7,0.9701219536,0.2215583678,0,0
92,4,000000100,1,0.9094512276,0.06868225115,0,0
92,128,010000000,1,0.9323170781,0.08404751134,0,0
92,463,111001111,7,0.9701219536,0.2215583678,0,0
92,128,010000000,1,0.9323170781,0.08404751134,0,0
92,4,000000100,1,0.9094512276,0.06868225115,0,0
92,128,010000000,1,0.9323170781,0.08404751134,0,0
92,128,010000000,1,0.9323170781,0.08404751134,0,0
92,463,111001111,7,0.9701219536,0.2215583678,0,0
92,286,100011110,5,0.9696646333,0.1719646058,0,0
92,128,010000000,1,0.9323170781,0.08404751134,0,0
92,4,000000100,1,0.9094512276,0.06868225115,0,0
92,286,100011110,5,0.9696646333,0.1719646058,0,0
92,4,000000100,1,0.9094512276,0.06868225115,0,0
92,128,010000000,1,0.9323170781,0.08404751134,0,0
92,256,100000000,1,0.8653963432,0.05144251033,0,0
92,128,010000000,1,0.9323170781,0.08404751134,0,0
92,4,000000100,1,0.9094512276,0.06868225115,0,0
92,128,010000000,1,0.9323170781,0.08404751134,0,0
92,4,000000100,1,0.9094512276,0.06868225115,0,0
92,256,100000000,1,0.8653963432,0.05144251033,0,0
92,266,100001010,3,0.9663109817,0.1359270001,0,0
92,256,100000000,1,0.8653963432,0.05144251033,0,0
92,4,000000100,1,0.9094512276,0.06868225115,0,0
92,128,010000000,1,0.9323170781,0.08404751134,0,0
92,256,100000000,1,0.8653963432,0.05144251033,0,0
92,4,000000100,1,0.9094512276,0.06868225115,0,0
92,4,000000100,1,0.9094512276,0.06868225115,0,0
92,463,111001111,7,0.9701219536,0.2215583678,0,0
92,4,000000100,1,0.9094512276,0.06868225115,0,0
92,4,000000100,1,0.9094512276,0.06868225115,0,0
92,463,111001111,7,0.9701219536,0.2215583678,0,0
92,4,000000100,1,0.9094512276,0.06868225115,0,0
92,4,000000100,1,0.9094512276,0.06868225115,0,0
92,4,000000100,1,0.9094512276,0.06868225115,0,0
92,463,111001111,7,0.9701219536,0.2215583678,0,0
92,394,110001010,4,0.9682926834,0.1485241046,0,0
93,463,111001111,7,0.9701219536,0.2215583678,0,inf
93,256,100000000,1,0.8653963432,0.05144251033,0,inf
93,256,100000000,1,0.8653963432,0.05144251033,0,0.5220108109
93,4,000000100,1,0.9094512276,0.06868225115,0,0.5220108109
93,4,000000100,1,0.9094512276,0.06868225115,0,0.308662907
93,128,010000000,1,0.9323170781,0.08404751134,0,0.308662907
93,463,111001111,7,0.9701219536,0.2215583678,0,0.295896174
93,286,100011110,5,0.9696646333,0.1719646058,0,0.295896174
93,136,010001000,2,0.9556402415,0.08872172865,0,0.2501840222
93,128,010000000,1,0.9323170781,0.08404751134,0,0.2501840222
93,136,010001000,2,0.9556402415,0.08872172865,0,0.1925701872
93,138,010001010,3,0.9580792598,0.1175190397,0,0.1925701872
93,170,010101010,4,0.9583841376,0.1237906108,0,0.1195143764
93,328,101001000,3,0.9661585353,0.1314932012,0,0.1195143764
93,394,110001010,4,0.9682926834,0.1485241046,0,0.09645812205
93,299,100101011,5,0.9684451278,0.1646855306,0,0.09645812205
93,394,110001010,4,0.9682926834,0.1485241046,0,0.09297294788
93,266,100001010,3,0.9663109817,0.1359270001,0,0.09297294788
93,170,010101010,4,0.9583841376,0.1237906108,0,0.03977767534
93,138,010001010,3,0.9580792598,0.1175190397,0,0.03977767534
93,286,100011110,5,0.9696646333,0.1719646058,0,0.03013367655
93,459,111001011,6,0.9693597592,0.1673336257,0,0.03013367655
93,328,101001000,3,0.9661585353,0.1314932012,0,0.02751908085
93,266,100001010,3,0.9663109817,0.1359270001,0,0.02751908085
93,459,111001011,6,0.9693597592,0.1673336257,0,0.02430001974
93,299,100101011,5,0.9684451278,0.1646855306,0,0.02430001974
93,463,111001111,7,0.9701219536,0.2215583678,0,0
93,256,100000000,1,0.8653963432,0.05144251033,0,0
93,299,100101011,5,0.9684451278,0.1646855306,0,0
93,459,111001011,6,0.9693597592,0.1673336257,0,0
93,459,111001011,6,0.9693597592,0.1673336257,0,0
93,328,101001000,3,0.9661585353,0.1314932012,0,0
93,266,100001010,3,0.9663109817,0.1359270001,0,0
93,328,101001000,3,0.9661585353,0.1314932012,0,0
93,328,101001000,3,0.9661585353,0.1314932012,0,0
93,299,100101011,5,0.9684451278,0.1646855306,0,0
93,266,100001010,3,0.9663109817,0.1359270001,0,0
93,328,101001000,3,0.9661585353,0.1314932012,0,0
93,328,101001000,3,0.9661585353,0.1314932012,0,0
93,266,100001010,3,0.9663109817,0.1359270001,0,0
93,266,100001010,3,0.9663109817,0.1359270001,0,0
93,266,100001010,3,0.9663109817,0.1359270001,0,0
93,328,101001000,3,0.9661585353,0.1314932012,0,0
93,266,100001010,3,0.9663109817,0.1359270001,0,0
93,459,111001011,6,0.9693597592,0.1673336257,0,0
93,459,111001011,6,0.9693597592,0.1673336257,0,0
93,459,111001011,6,0.9693597592,0.1673336257,0,0
93,266,100001010,3,0.9663109817,0.1359270001,0,0
93,266,100001010,3,0.9663109817,0.1359270001,0,0
93,266,100001010,3,0.9663109817,0.1359270001,0,0
93,266,100001010,3,0.9663109817,0.1359270001,0,0
93,286,100011110,5,0.9696646333,0.1719646058,0,0
93,286,100011110,5,0.9696646333,0.1719646058,0,0
93,459,111001011,6,0.9693597592,0.1673336257,0,0
93,286,100011110,5,0.9696646333,0.1719646058,0,0
93,286,100011110,5,0.9696646333,0.1719646058,0,0
93,266,100001010,3,0.9663109817,0.1359270001,0,0
93,286,100011110,5,0.9696646333,0.1719646058,0,0
93,459,111001011,6,0.9693597592,0.1673336257,0,0
93,138,010001010,3,0.9580792598,0.1175190397,0,0
93,286,100011110,5,0.9696646333,0.1719646058,0,0
93,459,111001011,6,0.9693597592,0.1673336257,0,0
93,170,010101010,4,0.9583841376,0.1237906108,0,0
93,328,101001000,3,0.9661585353,0.1314932012,0,0
93,138,010001010,3,0.9580792598,0.1175190397,0,0
93,459,111001011,6,0.9693597592,0.1673336257,0,0
93,286,100011110,5,0.9696646333,0.1719646058,0,0
93,266,100001010,3,0.9663109817,0.1359270001,0,0
93,286,100011110,5,0.9696646333,0.1719646058,0,0
93,170,010101010,4,0.9583841376,0.1237906108,0,0
93,138,010001010,3,0.9580792598,0.1175190397,0,0
93,170,010101010,4,0.9583841376,0.1237906108,0,0
93,170,010101010,4,0.9583841376,0.1237906108,0,0
93,286,100011110,5,0.9696646333,0.1719646058,0,0
93,266,100001010,3,0.9663109817,0.1359270001,0,0
93,170,010101010,4,0.9583841376,0.1237906108,0,0
93,266,100001010,3,0.9663109817,0.1359270001,0,0
93,170,010101010,4,0.9583841376,0.1237906108,0,0
93,394,110001010,4,0.9682926834,0.1485241046,0,0
93,266,100001010,3,0.9663109817,0.1359270001,0,0
93,463,111001111,7,0.9701219536,0.2215583678,0,0
93,299,100101011,5,0.9684451278,0.1646855306,0,0
93,394,110001010,4,0.9682926834,0.1485241046,0,0
93,256,100000000,1,0.8653963432,0.05144251033,0,0
93,266,100001010,3,0.9663109817,0.1359270001,0,0
93,136,010001000,2,0.9556402415,0.08872172865,0,0
93,328,101001000,3,0.9661585353,0.1314932012,0,0
93,138,010001010,3,0.9580792598,0.1175190397,0,0
93,328,101001000,3,0.9661585353,0.1314932012,0,0
93,328,101001000,3,0.9661585353,0.1314932012,0,0
93,170,010101010,4,0.9583841376,0.1237906108,0,0
93,170,010101010,4,0.9583841376,0.1237906108,0,0
93,299,100101011,5,0.9684451278,0.1646855306,0,0
93,138,010001010,3,0.9580792598,0.1175190397,0,0
93,394,110001010,4,0.9682926834,0.1485241046,0,0
93,138,010001010,3,0.9580792598,0.1175190397,0,0
93,328,101001000,3,0.9661585353,0.1314932012,0,0
93,299,100101011,5,0.9684451278,0.1646855306,0,0
93,136,010001000,2,0.9556402415,0.08872172865,0,0
93,128,010000000,1,0.9323170781,0.08404751134,0,0
93,136,010001000,2,0.9556402415,0.08872172865,0,0
93,136,010001000,2,0.9556402415,0.08872172865,0,0
93,266,100001010,3,0.9663109817,0.1359270001,0,0
93,138,010001010,3,0.9580792598,0.1175190397,0,0
93,266,100001010,3,0.9663109817,0.1359270001,0,0
93,128,010000000,1,0.9323170781,0.08404751134,0,0
93,128,010000000,1,0.9323170781,0.08404751134,0,0
93,136,010001000,2,0.9556402415,0.08872172865,0,0
93,136,010001000,2,0.9556402415,0.08872172865,0,0
93,128,010000000,1,0.9323170781,0.08404751134,0,0
93,128,010000000,1,0.9323170781,0.08404751134,0,0
93,128,010000000,1,0.9323170781,0.08404751134,0,0
93,4,000000100,1,0.9094512276,0.06868225115,0,0
93,4,000000100,1,0.9094512276,0.06868225115,0,0
93,136,010001000,2,0.9556402415,0.08872172865,0,0
93,128,010000000,1,0.9323170781,0.08404751134,0,0
93,128,010000000,1,0.9323170781,0.08404751134,0,0
93,463,111001111,7,0.9701219536,0.2215583678,0,0
93,128,010000000,1,0.9323170781,0.08404751134,0,0
93,128,010000000,1,0.9323170781,0.08404751134,0,0
93,4,000000100,1,0.9094512276,0.06868225115,0,0
93,138,010001010,3,0.9580792598,0.1175190397,0,0
93,4,000000100,1,0.9094512276,0.06868225115,0,0
93,128,010000000,1,0.9323170781,0.08404751134,0,0
93,128,010000000,1,0.9323170781,0.08404751134,0,0
93,463,111001111,7,0.9701219536,0.2215583678,0,0
93,4,000000100,1,0.9094512276,0.06868225115,0,0
93,128,010000000,1,0.9323170781,0.08404751134,0,0
93,463,111001111,7,0.9701219536,0.2215583678,0,0
93,128,010000000,1,0.9323170781,0.08404751134,0,0
93,4,000000100,1,0.9094512276,0.06868225115,0,0
93,128,010000000,1,0.9323170781,0.08404751134,0,0
93,136,010001000,2,0.9556402415,0.08872172865,0,0
93,286,100011110,5,0.9696646333,0.1719646058,0,0
93,286,100011110,5,0.9696646333,0.1719646058,0,0
93,128,010000000,1,0.9323170781,0.08404751134,0,0
93,463,111001111,7,0.9701219536,0.2215583678,0,0
93,286,100011110,5,0.9696646333,0.1719646058,0,0
93,4,000000100,1,0.9094512276,0.06868225115,0,0
93,128,010000000,1,0.9323170781,0.08404751134,0,0
93,256,100000000,1,0.8653963432,0.05144251033,0,0
93,128,010000000,1,0.9323170781,0.08404751134,0,0
93,4,000000100,1,0.9094512276,0.06868225115,0,0
93,128,010000000,1,0.9323170781,0.08404751134,0,0
93,4,000000100,1,0.9094512276,0.06868225115,0,0
93,256,100000000,1,0.8653963432,0.05144251033,0,0
93,266,100001010,3,0.9663109817,0.1359270001,0,0
93,4,000000100,1,0.9094512276,0.06868225115,0,0
93,4,000000100,1,0.9094512276,0.06868225115,0,0
93,128,010000000,1,0.9323170781,0.08404751134,0,0
93,128,010000000,1,0.9323170781,0.08404751134,0,0
93,4,000000100,1,0.9094512276,0.06868225115,0,0
93,4,000000100,1,0.9094512276,0.06868225115,0,0
93,256,100000000,1,0.8653963432,0.05144251033,0,0
93,4,000000100,1,0.9094512276,0.06868225115,0,0
93,4,000000100,1,0.9094512276,0.06868225115,0,0
93,463,111001111,7,0.9701219536,0.2215583678,0,0
93,4,000000100,1,0.9094512276,0.06868225115,0,0
93,4,000000100,1,0.9094512276,0.06868225115,0,0
93,4,000000100,1,0.9094512276,0.06868225115,0,0
93,463,111001111,7,0.9701219536,0.2215583678,0,0
93,394,110001010,4,0.9682926834,0.1485241046,0,0
94,256,100000000,1,0.8653963432,0.05144251033,0,inf
94,463,111001111,7,0.9701219536,0.2215583678,0,inf
94,4,000000100,1,0.9094512276,0.06868225115,0,0.5220108109
94,256,100000000,1,0.8653963432,0.05144251033,0,0.5220108109
94,128,010000000,1,0.9323170781,0.08404751134,0,0.308662907
94,4,000000100,1,0.9094512276,0.06868225115,0,0.308662907
94,286,100011110,5,0.9696646333,0.1719646058,0,0.295896174
94,463,111001111,7,0.9701219536,0.2215583678,0,0.295896174
94,128,010000000,1,0.9323170781,0.08404751134,0,0.2501840222
94,136,010001000,2,0.9556402415,0.08872172865,0,0.2501840222
94,138,010001010,3,0.9580792598,0.1175190397,0,0.1925701872
94,136,010001000,2,0.9556402415,0.08872172865,0,0.1925701872
94,328,101001000,3,0.9661585353,0.1314932012,0,0.1195143764
94,170,010101010,4,0.9583841376,0.1237906108,0,0.1195143764
94,394,110001010,4,0.9682926834,0.1485241046,0,0.09645812205
94,299,100101011,5,0.9684451278,0.1646855306,0,0.09645812205
94,266,100001010,3,0.9663109817,0.1359270001,0,0.09297294788
94,394,110001010,4,0.9682926834,0.1485241046,0,0.09297294788
94,138,010001010,3,0.9580792598,0.1175190397,0,0.03977767534
94,170,010101010,4,0.9583841376,0.1237906108,0,0.03977767534
94,286,100011110,5,0.9696646333,0.1719646058,0,0.03013367655
94,459,111001011,6,0.9693597592,0.1673336257,0,0.03013367655
94,266,100001010,3,0.9663109817,0.1359270001,0,0.02751908085
94,328,101001000,3,0.9661585353,0.1314932012,0,0.02751908085
94,459,111001011,6,0.9693597592,0.1673336257,0,0.02430001974
94,299,100101011,5,0.9684451278,0.1646855306,0,0.02430001974
94,256,100000000,1,0.8653963432,0.05144251033,0,0
94,328,101001000,3,0.9661585353,0.1314932012,0,0
94,299,100101011,5,0.9684451278,0.1646855306,0,0
94,459,111001011,6,0.9693597592,0.1673336257,0,0
94,459,111001011,6,0.9693597592,0.1673336257,0,0
94,328,101001000,3,0.9661585353,0.1314932012,0,0
94,266,100001010,3,0.9663109817,0.1359270001,0,0
94,328,101001000,3,0.9661585353,0.1314932012,0,0
94,299,100101011,5,0.9684451278,0.1646855306,0,0
94,459,111001011,6,0.9693597592,0.1673336257,0,0
94,266,100001010,3,0.9663109817,0.1359270001,0,0
94,328,101001000,3,0.9661585353,0.1314932012,0,0
94,328,101001000,3,0.9661585353,0.1314932012,0,0
94,266,100001010,3,0.9663109817,0.1359270001,0,0
94,266,100001010,3,0.9663109817,0.1359270001,0,0
94,266,100001010,3,0.9663109817,0.1359270001,0,0
94,328,101001000,3,0.9661585353,0.1314932012,0,0
94,266,100001010,3,0.9663109817,0.1359270001,0,0
94,459,111001011,6,0.9693597592,0.1673336257,0,0
94,459,111001011,6,0.9693597592,0.1673336257,0,0
94,266,100001010,3,0.9663109817,0.1359270001,0,0
94,328,101001000,3,0.9661585353,0.1314932012,0,0
94,459,111001011,6,0.9693597592,0.1673336257,0,0
94,266,100001010,3,0.9663109817,0.1359270001,0,0
94,266,100001010,3,0.9663109817,0.1359270001,0,0
94,286,100011110,5,0.9696646333,0.1719646058,0,0
94,286,100011110,5,0.9696646333,0.1719646058,0,0
94,286,100011110,5,0.9696646333,0.1719646058,0,0
94,286,100011110,5,0.9696646333,0.1719646058,0,0
94,286,100011110,5,0.9696646333,0.1719646058,0,0
94,266,100001010,3,0.9663109817,0.1359270001,0,0
94,286,100011110,5,0.9696646333,0.1719646058,0,0
94,459,111001011,6,0.9693597592,0.1673336257,0,0
94,138,010001010,3,0.9580792598,0.1175190397,0,0
94,138,010001010,3,0.9580792598,0.1175190397,0,0
94,459,111001011,6,0.9693597592,0.1673336257,0,0
94,170,010101010,4,0.9583841376,0.1237906108,0,0
94,328,101001000,3,0.9661585353,0.1314932012,0,0
94,138,010001010,3,0.9580792598,0.1175190397,0,0
94,459,111001011,6,0.9693597592,0.1673336257,0,0
94,286,100011110,5,0.9696646333,0.1719646058,0,0
94,266,100001010,3,0.9663109817,0.1359270001,0,0
94,170,010101010,4,0.9583841376,0.1237906108,0,0
94,266,100001010,3,0.9663109817,0.1359270001,0,0
94,138,010001010,3,0.9580792598,0.1175190397,0,0
94,170,010101010,4,0.9583841376,0.1237906108,0,0
94,170,010101010,4,0.9583841376,0.1237906108,0,0
94,286,100011110,5,0.9696646333,0.1719646058,0,0
94,266,100001010,3,0.9663109817,0.1359270001,0,0
94,170,010101010,4,0.9583841376,0.1237906108,0,0
94,266,100001010,3,0.9663109817,0.1359270001,0,0
94,170,010101010,4,0.9583841376,0.1237906108,0,0
94,394,110001010,4,0.9682926834,0.1485241046,0,0
94,266,100001010,3,0.9663109817,0.1359270001,0,0
94,463,111001111,7,0.9701219536,0.2215583678,0,0
94,299,100101011,5,0.9684451278,0.1646855306,0,0
94,394,110001010,4,0.9682926834,0.1485241046,0,0
94,256,100000000,1,0.8653963432,0.05144251033,0,0
94,394,110001010,4,0.9682926834,0.1485241046,0,0
94,299,100101011,5,0.9684451278,0.1646855306,0,0
94,256,100000000,1,0.8653963432,0.05144251033,0,0
94,138,010001010,3,0.9580792598,0.1175190397,0,0
94,328,101001000,3,0.9661585353,0.1314932012,0,0
94,328,101001000,3,0.9661585353,0.1314932012,0,0
94,170,010101010,4,0.9583841376,0.1237906108,0,0
94,170,010101010,4,0.9583841376,0.1237906108,0,0
94,299,100101011,5,0.9684451278,0.1646855306,0,0
94,138,010001010,3,0.9580792598,0.1175190397,0,0
94,394,110001010,4,0.9682926834,0.1485241046,0,0
94,328,101001000,3,0.9661585353,0.1314932012,0,0
94,328,101001000,3,0.9661585353,0.1314932012,0,0
94,138,010001010,3,0.9580792598,0.1175190397,0,0
94,136,010001000,2,0.9556402415,0.08872172865,0,0
94,463,111001111,7,0.9701219536,0.2215583678,0,0
94,136,010001000,2,0.9556402415,0.08872172865,0,0
94,136,010001000,2,0.9556402415,0.08872172865,0,0
94,266,100001010,3,0.9663109817,0.1359270001,0,0
94,138,010001010,3,0.9580792598,0.1175190397,0,0
94,266,100001010,3,0.9663109817,0.1359270001,0,0
94,128,010000000,1,0.9323170781,0.08404751134,0,0
94,128,010000000,1,0.9323170781,0.08404751134,0,0
94,136,010001000,2,0.9556402415,0.08872172865,0,0
94,136,010001000,2,0.9556402415,0.08872172865,0,0
94,128,010000000,1,0.9323170781,0.08404751134,0,0
94,128,010000000,1,0.9323170781,0.08404751134,0,0
94,128,010000000,1,0.9323170781,0.08404751134,0,0
94,4,000000100,1,0.9094512276,0.06868225115,0,0
94,4,000000100,1,0.9094512276,0.06868225115,0,0
94,136,010001000,2,0.9556402415,0.08872172865,0,0
94,128,010000000,1,0.9323170781,0.08404751134,0,0
94,128,010000000,1,0.9323170781,0.08404751134,0,0
94,463,111001111,7,0.9701219536,0.2215583678,0,0
94,128,010000000,1,0.9323170781,0.08404751134,0,0
94,128,010000000,1,0.9323170781,0.08404751134,0,0
94,4,000000100,1,0.9094512276,0.06868225115,0,0
94,138,010001010,3,0.9580792598,0.1175190397,0,0
94,4,000000100,1,0.9094512276,0.06868225115,0,0
94,128,010000000,1,0.9323170781,0.08404751134,0,0
94,128,010000000,1,0.9323170781,0.08404751134,0,0
94,463,111001111,7,0.9701219536,0.2215583678,0,0
94,4,000000100,1,0.9094512276,0.06868225115,0,0
94,128,010000000,1,0.9323170781,0.08404751134,0,0
94,128,010000000,1,0.9323170781,0.08404751134,0,0
94,128,010000000,1,0.9323170781,0.08404751134,0,0
94,4,000000100,1,0.9094512276,0.06868225115,0,0
94,128,010000000,1,0.9323170781,0.08404751134,0,0
94,136,010001000,2,0.9556402415,0.08872172865,0,0
94,286,100011110,5,0.9696646333,0.1719646058,0,0
94,286,100011110,5,0.9696646333,0.1719646058,0,0
94,128,010000000,1,0.9323170781,0.08404751134,0,0
94,463,111001111,7,0.9701219536,0.2215583678,0,0
94,286,100011110,5,0.9696646333,0.1719646058,0,0
94,4,000000100,1,0.9094512276,0.06868225115,0,0
94,128,010000000,1,0.9323170781,0.08404751134,0,0
94,136,010001000,2,0.9556402415,0.08872172865,0,0
94,128,010000000,1,0.9323170781,0.08404751134,0,0
94,4,000000100,1,0.9094512276,0.06868225115,0,0
94,128,010000000,1,0.9323170781,0.08404751134,0,0
94,4,000000100,1,0.9094512276,0.06868225115,0,0
94,256,100000000,1,0.8653963432,0.05144251033,0,0
94,266,100001010,3,0.9663109817,0.1359270001,0,0
94,4,000000100,1,0.9094512276,0.06868225115,0,0
94,286,100011110,5,0.9696646333,0.1719646058,0,0
94,463,111001111,7,0.9701219536,0.2215583678,0,0
94,128,010000000,1,0.9323170781,0.08404751134,0,0
94,4,000000100,1,0.9094512276,0.06868225115,0,0
94,4,000000100,1,0.9094512276,0.06868225115,0,0
94,256,100000000,1,0.8653963432,0.05144251033,0,0
94,4,000000100,1,0.9094512276,0.06868225115,0,0
94,4,000000100,1,0.9094512276,0.06868225115,0,0
94,463,111001111,7,0.9701219536,0.2215583678,0,0
94,4,000000100,1,0.9094512276,0.06868225115,0,0
94,4,000000100,1,0.9094512276,0.06868225115,0,0
94,4,000000100,1,0.9094512276,0.06868225115,0,0
94,463,111001111,7,0.9701219536,0.2215583678,0,0
94,128,010000000,1,0.9323170781,0.08404751134,0,0
95,463,111001111,7,0.9701219536,0.2215583678,0,inf
95,256,100000000,1,0.8653963432,0.05144251033,0,inf
95,256,100000000,1,0.8653963432,0.05144251033,0,0.5220108109
95,4,000000100,1,0.9094512276,0.06868225115,0,0.5220108109
95,128,010000000,1,0.9323170781,0.08404751134,0,0.308662907
95,4,000000100,1,0.9094512276,0.06868225115,0,0.308662907
95,463,111001111,7,0.9701219536,0.2215583678,0,0.295896174
95,286,100011110,5,0.9696646333,0.1719646058,0,0.295896174
95,128,010000000,1,0.9323170781,0.08404751134,0,0.2501840222
95,136,010001000,2,0.9556402415,0.08872172865,0,0.2501840222
95,136,010001000,2,0.9556402415,0.08872172865,0,0.1925701872
95,138,010001010,3,0.9580792598,0.1175190397,0,0.1925701872
95,170,010101010,4,0.9583841376,0.1237906108,0,0.1195143764
95,328,101001000,3,0.9661585353,0.1314932012,0,0.1195143764
95,394,110001010,4,0.9682926834,0.1485241046,0,0.09645812205
95,299,100101011,5,0.9684451278,0.1646855306,0,0.09645812205
95,394,110001010,4,0.9682926834,0.1485241046,0,0.09297294788
95,266,100001010,3,0.9663109817,0.1359270001,0,0.09297294788
95,170,010101010,4,0.9583841376,0.1237906108,0,0.03977767534
95,138,010001010,3,0.9580792598,0.1175190397,0,0.03977767534
95,286,100011110,5,0.9696646333,0.1719646058,0,0.03013367655
95,459,111001011,6,0.9693597592,0.1673336257,0,0.03013367655
95,266,100001010,3,0.9663109817,0.1359270001,0,0.02751908085
95,328,101001000,3,0.9661585353,0.1314932012,0,0.02751908085
95,459,111001011,6,0.9693597592,0.1673336257,0,0.02430001974
95,299,100101011,5,0.9684451278,0.1646855306,0,0.02430001974
95,170,010101010,4,0.9583841376,0.1237906108,0,0
95,256,100000000,1,0.8653963432,0.05144251033,0,0
95,299,100101011,5,0.9684451278,0.1646855306,0,0
95,459,111001011,6,0.9693597592,0.1673336257,0,0
95,459,111001011,6,0.9693597592,0.1673336257,0,0
95,328,101001000,3,0.9661585353,0.1314932012,0,0
95,266,100001010,3,0.9663109817,0.1359270001,0,0
95,328,101001000,3,0.9661585353,0.1314932012,0,0
95,299,100101011,5,0.9684451278,0.1646855306,0,0
95,459,111001011,6,0.9693597592,0.1673336257,0,0
95,299,100101011,5,0.9684451278,0.1646855306,0,0
95,328,101001000,3,0.9661585353,0.1314932012,0,0
95,328,101001000,3,0.9661585353,0.1314932012,0,0
95,266,100001010,3,0.9663109817,0.1359270001,0,0
95,266,100001010,3,0.9663109817,0.1359270001,0,0
95,266,100001010,3,0.9663109817,0.1359270001,0,0
95,394,110001010,4,0.9682926834,0.1485241046,0,0
95,266,100001010,3,0.9663109817,0.1359270001,0,0
95,459,111001011,6,0.9693597592,0.1673336257,0,0
95,459,111001011,6,0.9693597592,0.1673336257,0,0
95,328,101001000,3,0.9661585353,0.1314932012,0,0
95,328,101001000,3,0.9661585353,0.1314932012,0,0
95,459,111001011,6,0.9693597592,0.1673336257,0,0
95,266,100001010,3,0.9663109817,0.1359270001,0,0
95,266,100001010,3,0.9663109817,0.1359270001,0,0
95,286,100011110,5,0.9696646333,0.1719646058,0,0
95,286,100011110,5,0.9696646333,0.1719646058,0,0
95,286,100011110,5,0.9696646333,0.1719646058,0,0
95,286,100011110,5,0.9696646333,0.1719646058,0,0
95,286,100011110,5,0.9696646333,0.1719646058,0,0
95,266,100001010,3,0.9663109817,0.1359270001,0,0
95,170,010101010,4,0.9583841376,0.1237906108,0,0
95,459,111001011,6,0.9693597592,0.1673336257,0,0
95,138,010001010,3,0.9580792598,0.1175190397,0,0
95,138,010001010,3,0.9580792598,0.1175190397,0,0
95,266,100001010,3,0.9663109817,0.1359270001,0,0
95,170,010101010,4,0.9583841376,0.1237906108,0,0
95,328,101001000,3,0.9661585353,0.1314932012,0,0
95,138,010001010,3,0.9580792598,0.1175190397,0,0
95,459,111001011,6,0.9693597592,0.1673336257,0,0
95,286,100011110,5,0.9696646333,0.1719646058,0,0
95,266,100001010,3,0.9663109817,0.1359270001,0,0
95,170,010101010,4,0.9583841376,0.1237906108,0,0
95,266,100001010,3,0.9663109817,0.1359270001,0,0
95,459,111001011,6,0.9693597592,0.1673336257,0,0
95,170,010101010,4,0.9583841376,0.1237906108,0,0
95,266,100001010,3,0.9663109817,0.1359270001,0,0
95,286,100011110,5,0.9696646333,0.1719646058,0,0
95,266,100001010,3,0.9663109817,0.1359270001,0,0
95,170,010101010,4,0.9583841376,0.1237906108,0,0
95,266,100001010,3,0.9663109817,0.1359270001,0,0
95,170,010101010,4,0.9583841376,0.1237906108,0,0
95,394,110001010,4,0.9682926834,0.1485241046,0,0
95,266,100001010,3,0.9663109817,0.1359270001,0,0
95,328,101001000,3,0.9661585353,0.1314932012,0,0
95,136,010001000,2,0.9556402415,0.08872172865,0,0
95,138,010001010,3,0.9580792598,0.1175190397,0,0
95,128,010000000,1,0.9323170781,0.08404751134,0,0
95,463,111001111,7,0.9701219536,0.2215583678,0,0
95,299,100101011,5,0.9684451278,0.1646855306,0,0
95,256,100000000,1,0.8653963432,0.05144251033,0,0
95,138,010001010,3,0.9580792598,0.1175190397,0,0
95,328,101001000,3,0.9661585353,0.1314932012,0,0
95,328,101001000,3,0.9661585353,0.1314932012,0,0
95,170,010101010,4,0.9583841376,0.1237906108,0,0
95,394,110001010,4,0.9682926834,0.1485241046,0,0
95,299,100101011,5,0.9684451278,0.1646855306,0,0
95,138,010001010,3,0.9580792598,0.1175190397,0,0
95,394,110001010,4,0.9682926834,0.1485241046,0,0
95,138,010001010,3,0.9580792598,0.1175190397,0,0
95,328,101001000,3,0.9661585353,0.1314932012,0,0
95,138,010001010,3,0.9580792598,0.1175190397,0,0
95,136,010001000,2,0.9556402415,0.08872172865,0,0
95,463,111001111,7,0.9701219536,0.2215583678,0,0
95,136,010001000,2,0.9556402415,0.08872172865,0,0
95,136,010001000,2,0.9556402415,0.08872172865,0,0
95,266,100001010,3,0.9663109817,0.1359270001,0,0
95,463,111001111,7,0.9701219536,0.2215583678,0,0
95,266,100001010,3,0.9663109817,0.1359270001,0,0
95,128,010000000,1,0.9323170781,0.08404751134,0,0
95,128,010000000,1,0.9323170781,0.08404751134,0,0
95,136,010001000,2,0.9556402415,0.08872172865,0,0
95,136,010001000,2,0.9556402415,0.08872172865,0,0
95,128,010000000,1,0.9323170781,0.08404751134,0,0
95,128,010000000,1,0.9323170781,0.08404751134,0,0
95,128,010000000,1,0.9323170781,0.08404751134,0,0
95,4,000000100,1,0.9094512276,0.06868225115,0,0
95,4,000000100,1,0.9094512276,0.06868225115,0,0
95,136,010001000,2,0.9556402415,0.08872172865,0,0
95,286,100011110,5,0.9696646333,0.1719646058,0,0
95,128,010000000,1,0.9323170781,0.08404751134,0,0
95,4,000000100,1,0.9094512276,0.06868225115,0,0
95,128,010000000,1,0.9323170781,0.08404751134,0,0
95,128,010000000,1,0.9323170781,0.08404751134,0,0
95,4,000000100,1,0.9094512276,0.06868225115,0,0
95,138,010001010,3,0.9580792598,0.1175190397,0,0
95,4,000000100,1,0.9094512276,0.06868225115,0,0
95,128,010000000,1,0.9323170781,0.08404751134,0,0
95,128,010000000,1,0.9323170781,0.08404751134,0,0
95,463,111001111,7,0.9701219536,0.2215583678,0,0
95,4,000000100,1,0.9094512276,0.06868225115,0,0
95,128,010000000,1,0.9323170781,0.08404751134,0,0
95,128,010000000,1,0.9323170781,0.08404751134,0,0
95,128,010000000,1,0.9323170781,0.08404751134,0,0
95,4,000000100,1,0.9094512276,0.06868225115,0,0
95,128,010000000,1,0.9323170781,0.08404751134,0,0
95,128,010000000,1,0.9323170781,0.08404751134,0,0
95,286,100011110,5,0.9696646333,0.1719646058,0,0
95,286,100011110,5,0.9696646333,0.1719646058,0,0
95,128,010000000,1,0.9323170781,0.08404751134,0,0
95,463,111001111,7,0.9701219536,0.2215583678,0,0
95,286,100011110,5,0.9696646333,0.1719646058,0,0
95,4,000000100,1,0.9094512276,0.06868225115,0,0
95,128,010000000,1,0.9323170781,0.08404751134,0,0
95,136,010001000,2,0.9556402415,0.08872172865,0,0
95,128,010000000,1,0.9323170781,0.08404751134,0,0
95,4,000000100,1,0.9094512276,0.06868225115,0,0
95,128,010000000,1,0.9323170781,0.08404751134,0,0
95,4,000000100,1,0.9094512276,0.06868225115,0,0
95,256,100000000,1,0.8653963432,0.05144251033,0,0
95,266,100001010,3,0.9663109817,0.1359270001,0,0
95,256,100000000,1,0.8653963432,0.05144251033,0,0
95,286,100011110,5,0.9696646333,0.1719646058,0,0
95,463,111001111,7,0.9701219536,0.2215583678,0,0
95,128,010000000,1,0.9323170781,0.08404751134,0,0
95,4,000000100,1,0.9094512276,0.06868225115,0,0
95,4,000000100,1,0.9094512276,0.06868225115,0,0
95,256,100000000,1,0.8653963432,0.05144251033,0,0
95,4,000000100,1,0.9094512276,0.06868225115,0,0
95,4,000000100,1,0.9094512276,0.06868225115,0,0
95,463,111001111,7,0.9701219536,0.2215583678,0,0
95,4,000000100,1,0.9094512276,0.06868225115,0,0
95,4,000000100,1,0.9094512276,0.06868225115,0,0
95,4,000000100,1,0.9094512276,0.06868225115,0,0
95,463,111001111,7,0.9701219536,0.2215583678,0,0
95,128,010000000,1,0.9323170781,0.08404751134,0,0
96,463,111001111,7,0.9701219536,0.2215583678,0,inf
96,256,100000000,1,0.8653963432,0.05144251033,0,inf
96,4,000000100,1,0.9094512276,0.06868225115,0,0.5220108109
96,256,100000000,1,0.8653963432,0.05144251033,0,0.5220108109
96,4,000000100,1,0.9094512276,0.06868225115,0,0.308662907
96,128,010000000,1,0.9323170781,0.08404751134,0,0.308662907
96,286,100011110,5,0.9696646333,0.1719646058,0,0.295896174
96,463,111001111,7,0.9701219536,0.2215583678,0,0.295896174
96,128,010000000,1,0.9323170781,0.08404751134,0,0.2501840222
96,136,010001000,2,0.9556402415,0.08872172865,0,0.2501840222
96,138,010001010,3,0.9580792598,0.1175190397,0,0.1925701872
96,136,010001000,2,0.9556402415,0.08872172865,0,0.1925701872
96,328,101001000,3,0.9661585353,0.1314932012,0,0.1195143764
96,170,010101010,4,0.9583841376,0.1237906108,0,0.1195143764
96,299,100101011,5,0.9684451278,0.1646855306,0,0.09645812205
96,394,110001010,4,0.9682926834,0.1485241046,0,0.09645812205
96,266,100001010,3,0.9663109817,0.1359270001,0,0.09297294788
96,394,110001010,4,0.9682926834,0.1485241046,0,0.09297294788
96,138,010001010,3,0.9580792598,0.1175190397,0,0.03977767534
96,170,010101010,4,0.9583841376,0.1237906108,0,0.03977767534
96,286,100011110,5,0.9696646333,0.1719646058,0,0.03013367655
96,459,111001011,6,0.9693597592,0.1673336257,0,0.03013367655
96,328,101001000,3,0.9661585353,0.1314932012,0,0.02751908085
96,266,100001010,3,0.9663109817,0.1359270001,0,0.02751908085
96,459,111001011,6,0.9693597592,0.1673336257,0,0.02430001974
96,299,100101011,5,0.9684451278,0.1646855306,0,0.02430001974
96,256,100000000,1,0.8653963432,0.05144251033,0,0
96,128,010000000,1,0.9323170781,0.08404751134,0,0
96,299,100101011,5,0.9684451278,0.1646855306,0,0
96,459,111001011,6,0.9693597592,0.1673336257,0,0
96,459,111001011,6,0.9693597592,0.1673336257,0,0
96,328,101001000,3,0.9661585353,0.1314932012,0,0
96,328,101001000,3,0.9661585353,0.1314932012,0,0
96,266,100001010,3,0.9663109817,0.1359270001,0,0
96,299,100101011,5,0.9684451278,0.1646855306,0,0
96,459,111001011,6,0.9693597592,0.1673336257,0,0
96,299,100101011,5,0.9684451278,0.1646855306,0,0
96,328,101001000,3,0.9661585353,0.1314932012,0,0
96,328,101001000,3,0.9661585353,0.1314932012,0,0
96,266,100001010,3,0.9663109817,0.1359270001,0,0
96,266,100001010,3,0.9663109817,0.1359270001,0,0
96,266,100001010,3,0.9663109817,0.1359270001,0,0
96,459,111001011,6,0.9693597592,0.1673336257,0,0
96,266,100001010,3,0.9663109817,0.1359270001,0,0
96,459,111001011,6,0.9693597592,0.1673336257,0,0
96,286,100011110,5,0.9696646333,0.1719646058,0,0
96,328,101001000,3,0.9661585353,0.1314932012,0,0
96,328,101001000,3,0.9661585353,0.1314932012,0,0
96,459,111001011,6,0.9693597592,0.1673336257,0,0
96,266,100001010,3,0.9663109817,0.1359270001,0,0
96,266,100001010,3,0.9663109817,0.1359270001,0,0
96,286,100011110,5,0.9696646333,0.1719646058,0,0
96,286,100011110,5,0.9696646333,0.1719646058,0,0
96,286,100011110,5,0.9696646333,0.1719646058,0,0
96,286,100011110,5,0.9696646333,0.1719646058,0,0
96,286,100011110,5,0.9696646333,0.1719646058,0,0
96,266,100001010,3,0.9663109817,0.1359270001,0,0
96,170,010101010,4,0.9583841376,0.1237906108,0,0
96,459,111001011,6,0.9693597592,0.1673336257,0,0
96,138,010001010,3,0.9580792598,0.1175190397,0,0
96,138,010001010,3,0.9580792598,0.1175190397,0,0
96,266,100001010,3,0.9663109817,0.1359270001,0,0
96,170,010101010,4,0.9583841376,0.1237906108,0,0
96,328,101001000,3,0.9661585353,0.1314932012,0,0
96,138,010001010,3,0.9580792598,0.1175190397,0,0
96,459,111001011,6,0.9693597592,0.1673336257,0,0
96,286,100011110,5,0.9696646333,0.1719646058,0,0
96,266,100001010,3,0.9663109817,0.1359270001,0,0
96,170,010101010,4,0.9583841376,0.1237906108,0,0
96,266,100001010,3,0.9663109817,0.1359270001,0,0
96,459,111001011,6,0.9693597592,0.1673336257,0,0
96,170,010101010,4,0.9583841376,0.1237906108,0,0
96,266,100001010,3,0.9663109817,0.1359270001,0,0
96,286,100011110,5,0.9696646333,0.1719646058,0,0
96,170,010101010,4,0.9583841376,0.1237906108,0,0
96,170,010101010,4,0.9583841376,0.1237906108,0,0
96,266,100001010,3,0.9663109817,0.1359270001,0,0
96,170,010101010,4,0.9583841376,0.1237906108,0,0
96,394,110001010,4,0.9682926834,0.1485241046,0,0
96,266,100001010,3,0.9663109817,0.1359270001,0,0
96,328,101001000,3,0.9661585353,0.1314932012,0,0
96,266,100001010,3,0.9663109817,0.1359270001,0,0
96,394,110001010,4,0.9682926834,0.1485241046,0,0
96,299,100101011,5,0.9684451278,0.1646855306,0,0
96,256,100000000,1,0.8653963432,0.05144251033,0,0
96,328,101001000,3,0.9661585353,0.1314932012,0,0
96,256,100000000,1,0.8653963432,0.05144251033,0,0
96,138,010001010,3,0.9580792598,0.1175190397,0,0
96,328,101001000,3,0.9661585353,0.1314932012,0,0
96,328,101001000,3,0.9661585353,0.1314932012,0,0
96,170,010101010,4,0.9583841376,0.1237906108,0,0
96,394,110001010,4,0.9682926834,0.1485241046,0,0
96,299,100101011,5,0.9684451278,0.1646855306,0,0
96,138,010001010,3,0.9580792598,0.1175190397,0,0
96,394,110001010,4,0.9682926834,0.1485241046,0,0
96,138,010001010,3,0.9580792598,0.1175190397,0,0
96,170,010101010,4,0.9583841376,0.1237906108,0,0
96,138,010001010,3,0.9580792598,0.1175190397,0,0
96,136,010001000,2,0.9556402415,0.08872172865,0,0
96,463,111001111,7,0.9701219536,0.2215583678,0,0
96,136,010001000,2,0.9556402415,0.08872172865,0,0
96,136,010001000,2,0.9556402415,0.08872172865,0,0
96,266,100001010,3,0.9663109817,0.1359270001,0,0
96,463,111001111,7,0.9701219536,0.2215583678,0,0
96,266,100001010,3,0.9663109817,0.1359270001,0,0
96,128,010000000,1,0.9323170781,0.08404751134,0,0
96,128,010000000,1,0.9323170781,0.08404751134,0,0
96,136,010001000,2,0.9556402415,0.08872172865,0,0
96,136,010001000,2,0.9556402415,0.08872172865,0,0
96,128,010000000,1,0.9323170781,0.08404751134,0,0
96,128,010000000,1,0.9323170781,0.08404751134,0,0
96,128,010000000,1,0.9323170781,0.08404751134,0,0
96,4,000000100,1,0.9094512276,0.06868225115,0,0
96,4,000000100,1,0.9094512276,0.06868225115,0,0
96,136,010001000,2,0.9556402415,0.08872172865,0,0
96,286,100011110,5,0.9696646333,0.1719646058,0,0
96,128,010000000,1,0.9323170781,0.08404751134,0,0
96,4,000000100,1,0.9094512276,0.06868225115,0,0
96,128,010000000,1,0.9323170781,0.08404751134,0,0
96,128,010000000,1,0.9323170781,0.08404751134,0,0
96,4,000000100,1,0.9094512276,0.06868225115,0,0
96,138,010001010,3,0.9580792598,0.1175190397,0,0
96,4,000000100,1,0.9094512276,0.06868225115,0,0
96,128,010000000,1,0.9323170781,0.08404751134,0,0
96,128,010000000,1,0.9323170781,0.08404751134,0,0
96,136,010001000,2,0.9556402415,0.08872172865,0,0
96,4,000000100,1,0.9094512276,0.06868225115,0,0
96,128,010000000,1,0.9323170781,0.08404751134,0,0
96,128,010000000,1,0.9323170781,0.08404751134,0,0
96,128,010000000,1,0.9323170781,0.08404751134,0,0
96,4,000000100,1,0.9094512276,0.06868225115,0,0
96,128,010000000,1,0.9323170781,0.08404751134,0,0
96,128,010000000,1,0.9323170781,0.08404751134,0,0
96,128,010000000,1,0.9323170781,0.08404751134,0,0
96,286,100011110,5,0.9696646333,0.1719646058,0,0
96,128,010000000,1,0.9323170781,0.08404751134,0,0
96,463,111001111,7,0.9701219536,0.2215583678,0,0
96,286,100011110,5,0.9696646333,0.1719646058,0,0
96,286,100011110,5,0.9696646333,0.1719646058,0,0
96,463,111001111,7,0.9701219536,0.2215583678,0,0
96,136,010001000,2,0.9556402415,0.08872172865,0,0
96,128,010000000,1,0.9323170781,0.08404751134,0,0
96,4,000000100,1,0.9094512276,0.06868225115,0,0
96,128,010000000,1,0.9323170781,0.08404751134,0,0
96,4,000000100,1,0.9094512276,0.06868225115,0,0
96,256,100000000,1,0.8653963432,0.05144251033,0,0
96,266,100001010,3,0.9663109817,0.1359270001,0,0
96,256,100000000,1,0.8653963432,0.05144251033,0,0
96,4,000000100,1,0.9094512276,0.06868225115,0,0
96,463,111001111,7,0.9701219536,0.2215583678,0,0
96,128,010000000,1,0.9323170781,0.08404751134,0,0
96,4,000000100,1,0.9094512276,0.06868225115,0,0
96,4,000000100,1,0.9094512276,0.06868225115,0,0
96,128,010000000,1,0.9323170781,0.08404751134,0,0
96,4,000000100,1,0.9094512276,0.06868225115,0,0
96,4,000000100,1,0.9094512276,0.06868225115,0,0
96,463,111001111,7,0.9701219536,0.2215583678,0,0
96,4,000000100,1,0.9094512276,0.06868225115,0,0
96,4,000000100,1,0.9094512276,0.06868225115,0,0
96,4,000000100,1,0.9094512276,0.06868225115,0,0
96,463,111001111,7,0.9701219536,0.2215583678,0,0
96,128,010000000,1,0.9323170781,0.08404751134,0,0
97,463,111001111,7,0.9701219536,0.2215583678,0,inf
97,256,100000000,1,0.8653963432,0.05144251033,0,inf
97,256,100000000,1,0.8653963432,0.05144251033,0,0.5220108109
97,4,000000100,1,0.9094512276,0.06868225115,0,0.5220108109
97,128,010000000,1,0.9323170781,0.08404751134,0,0.308662907
97,4,000000100,1,0.9094512276,0.06868225115,0,0.308662907
97,463,111001111,7,0.9701219536,0.2215583678,0,0.295896174
97,286,100011110,5,0.9696646333,0.1719646058,0,0.295896174
97,136,010001000,2,0.9556402415,0.08872172865,0,0.2501840222
97,128,010000000,1,0.9323170781,0.08404751134,0,0.2501840222
97,136,010001000,2,0.9556402415,0.08872172865,0,0.1925701872
97,138,010001010,3,0.9580792598,0.1175190397,0,0.1925701872
97,170,010101010,4,0.9583841376,0.1237906108,0,0.1195143764
97,328,101001000,3,0.9661585353,0.1314932012,0,0.1195143764
97,299,100101011,5,0.9684451278,0.1646855306,0,0.09645812205
97,394,110001010,4,0.9682926834,0.1485241046,0,0.09645812205
97,266,100001010,3,0.9663109817,0.1359270001,0,0.09297294788
97,394,110001010,4,0.9682926834,0.1485241046,0,0.09297294788
97,170,010101010,4,0.9583841376,0.1237906108,0,0.03977767534
97,138,010001010,3,0.9580792598,0.1175190397,0,0.03977767534
97,286,100011110,5,0.9696646333,0.1719646058,0,0.03013367655
97,459,111001011,6,0.9693597592,0.1673336257,0,0.03013367655
97,266,100001010,3,0.9663109817,0.1359270001,0,0.02751908085
97,328,101001000,3,0.9661585353,0.1314932012,0,0.02751908085
97,299,100101011,5,0.9684451278,0.1646855306,0,0.02430001974
97,459,111001011,6,0.9693597592,0.1673336257,0,0.02430001974
97,256,100000000,1,0.8653963432,0.05144251033,0,0
97,394,110001010,4,0.9682926834,0.1485241046,0,0
97,299,100101011,5,0.9684451278,0.1646855306,0,0
97,459,111001011,6,0.9693597592,0.1673336257,0,0
97,459,111001011,6,0.9693597592,0.1673336257,0,0
97,328,101001000,3,0.9661585353,0.1314932012,0,0
97,328,101001000,3,0.9661585353,0.1314932012,0,0
97,266,100001010,3,0.9663109817,0.1359270001,0,0
97,4,000000100,1,0.9094512276,0.06868225115,0,0
97,459,111001011,6,0.9693597592,0.1673336257,0,0
97,299,100101011,5,0.9684451278,0.1646855306,0,0
97,328,101001000,3,0.9661585353,0.1314932012,0,0
97,328,101001000,3,0.9661585353,0.1314932012,0,0
97,266,100001010,3,0.9663109817,0.1359270001,0,0
97,266,100001010,3,0.9663109817,0.1359270001,0,0
97,266,100001010,3,0.9663109817,0.1359270001,0,0
97,459,111001011,6,0.9693597592,0.1673336257,0,0
97,266,100001010,3,0.9663109817,0.1359270001,0,0
97,459,111001011,6,0.9693597592,0.1673336257,0,0
97,286,100011110,5,0.9696646333,0.1719646058,0,0
97,328,101001000,3,0.9661585353,0.1314932012,0,0
97,328,101001000,3,0.9661585353,0.1314932012,0,0
97,299,100101011,5,0.9684451278,0.1646855306,0,0
97,266,100001010,3,0.9663109817,0.1359270001,0,0
97,266,100001010,3,0.9663109817,0.1359270001,0,0
97,286,100011110,5,0.9696646333,0.1719646058,0,0
97,459,111001011,6,0.9693597592,0.1673336257,0,0
97,286,100011110,5,0.9696646333,0.1719646058,0,0
97,286,100011110,5,0.9696646333,0.1719646058,0,0
97,286,100011110,5,0.9696646333,0.1719646058,0,0
97,266,100001010,3,0.9663109817,0.1359270001,0,0
97,170,010101010,4,0.9583841376,0.1237906108,0,0
97,459,111001011,6,0.9693597592,0.1673336257,0,0
97,138,010001010,3,0.9580792598,0.1175190397,0,0
97,138,010001010,3,0.9580792598,0.1175190397,0,0
97,266,100001010,3,0.9663109817,0.1359270001,0,0
97,170,010101010,4,0.9583841376,0.1237906108,0,0
97,266,100001010,3,0.9663109817,0.1359270001,0,0
97,138,010001010,3,0.9580792598,0.1175190397,0,0
97,459,111001011,6,0.9693597592,0.1673336257,0,0
97,286,100011110,5,0.9696646333,0.1719646058,0,0
97,266,100001010,3,0.9663109817,0.1359270001,0,0
97,170,010101010,4,0.9583841376,0.1237906108,0,0
97,266,100001010,3,0.9663109817,0.1359270001,0,0
97,459,111001011,6,0.9693597592,0.1673336257,0,0
97,170,010101010,4,0.9583841376,0.1237906108,0,0
97,266,100001010,3,0.9663109817,0.1359270001,0,0
97,286,100011110,5,0.9696646333,0.1719646058,0,0
97,170,010101010,4,0.9583841376,0.1237906108,0,0
97,170,010101010,4,0.9583841376,0.1237906108,0,0
97,266,100001010,3,0.9663109817,0.1359270001,0,0
97,170,010101010,4,0.9583841376,0.1237906108,0,0
97,394,110001010,4,0.9682926834,0.1485241046,0,0
97,266,100001010,3,0.9663109817,0.1359270001,0,0
97,328,101001000,3,0.9661585353,0.1314932012,0,0
97,256,100000000,1,0.8653963432,0.05144251033,0,0
97,170,010101010,4,0.9583841376,0.1237906108,0,0
97,286,100011110,5,0.9696646333,0.1719646058,0,0
97,128,010000000,1,0.9323170781,0.08404751134,0,0
97,463,111001111,7,0.9701219536,0.2215583678,0,0
97,256,100000000,1,0.8653963432,0.05144251033,0,0
97,138,010001010,3,0.9580792598,0.1175190397,0,0
97,328,101001000,3,0.9661585353,0.1314932012,0,0
97,328,101001000,3,0.9661585353,0.1314932012,0,0
97,394,110001010,4,0.9682926834,0.1485241046,0,0
97,299,100101011,5,0.9684451278,0.1646855306,0,0
97,299,100101011,5,0.9684451278,0.1646855306,0,0
97,138,010001010,3,0.9580792598,0.1175190397,0,0
97,394,110001010,4,0.9682926834,0.1485241046,0,0
97,128,010000000,1,0.9323170781,0.08404751134,0,0
97,328,101001000,3,0.9661585353,0.1314932012,0,0
97,138,010001010,3,0.9580792598,0.1175190397,0,0
97,136,010001000,2,0.9556402415,0.08872172865,0,0
97,463,111001111,7,0.9701219536,0.2215583678,0,0
97,136,010001000,2,0.9556402415,0.08872172865,0,0
97,136,010001000,2,0.9556402415,0.08872172865,0,0
97,266,100001010,3,0.9663109817,0.1359270001,0,0
97,463,111001111,7,0.9701219536,0.2215583678,0,0
97,266,100001010,3,0.9663109817,0.1359270001,0,0
97,128,010000000,1,0.9323170781,0.08404751134,0,0
97,128,010000000,1,0.9323170781,0.08404751134,0,0
97,136,010001000,2,0.9556402415,0.08872172865,0,0
97,136,010001000,2,0.9556402415,0.08872172865,0,0
97,128,010000000,1,0.9323170781,0.08404751134,0,0
97,128,010000000,1,0.9323170781,0.08404751134,0,0
97,128,010000000,1,0.9323170781,0.08404751134,0,0
97,4,000000100,1,0.9094512276,0.06868225115,0,0
97,4,000000100,1,0.9094512276,0.06868225115,0,0
97,136,010001000,2,0.9556402415,0.08872172865,0,0
97,286,100011110,5,0.9696646333,0.1719646058,0,0
97,138,010001010,3,0.9580792598,0.1175190397,0,0
97,4,000000100,1,0.9094512276,0.06868225115,0,0
97,128,010000000,1,0.9323170781,0.08404751134,0,0
97,128,010000000,1,0.9323170781,0.08404751134,0,0
97,4,000000100,1,0.9094512276,0.06868225115,0,0
97,138,010001010,3,0.9580792598,0.1175190397,0,0
97,4,000000100,1,0.9094512276,0.06868225115,0,0
97,128,010000000,1,0.9323170781,0.08404751134,0,0
97,128,010000000,1,0.9323170781,0.08404751134,0,0
97,136,010001000,2,0.9556402415,0.08872172865,0,0
97,4,000000100,1,0.9094512276,0.06868225115,0,0
97,128,010000000,1,0.9323170781,0.08404751134,0,0
97,128,010000000,1,0.9323170781,0.08404751134,0,0
97,128,010000000,1,0.9323170781,0.08404751134,0,0
97,4,000000100,1,0.9094512276,0.06868225115,0,0
97,128,010000000,1,0.9323170781,0.08404751134,0,0
97,128,010000000,1,0.9323170781,0.08404751134,0,0
97,128,010000000,1,0.9323170781,0.08404751134,0,0
97,286,100011110,5,0.9696646333,0.1719646058,0,0
97,128,010000000,1,0.9323170781,0.08404751134,0,0
97,463,111001111,7,0.9701219536,0.2215583678,0,0
97,286,100011110,5,0.9696646333,0.1719646058,0,0
97,286,100011110,5,0.9696646333,0.1719646058,0,0
97,136,010001000,2,0.9556402415,0.08872172865,0,0
97,128,010000000,1,0.9323170781,0.08404751134,0,0
97,128,010000000,1,0.9323170781,0.08404751134,0,0
97,4,000000100,1,0.9094512276,0.06868225115,0,0
97,128,010000000,1,0.9323170781,0.08404751134,0,0
97,4,000000100,1,0.9094512276,0.06868225115,0,0
97,256,100000000,1,0.8653963432,0.05144251033,0,0
97,266,100001010,3,0.9663109817,0.1359270001,0,0
97,256,100000000,1,0.8653963432,0.05144251033,0,0
97,4,000000100,1,0.9094512276,0.06868225115,0,0
97,463,111001111,7,0.9701219536,0.2215583678,0,0
97,128,010000000,1,0.9323170781,0.08404751134,0,0
97,4,000000100,1,0.9094512276,0.06868225115,0,0
97,4,000000100,1,0.9094512276,0.06868225115,0,0
97,128,010000000,1,0.9323170781,0.08404751134,0,0
97,4,000000100,1,0.9094512276,0.06868225115,0,0
97,4,000000100,1,0.9094512276,0.06868225115,0,0
97,463,111001111,7,0.9701219536,0.2215583678,0,0
97,4,000000100,1,0.9094512276,0.06868225115,0,0
97,4,000000100,1,0.9094512276,0.06868225115,0,0
97,4,000000100,1,0.9094512276,0.06868225115,0,0
97,463,111001111,7,0.9701219536,0.2215583678,0,0
97,328,101001000,3,0.9661585353,0.1314932012,0,0
98,463,111001111,7,0.9701219536,0.2215583678,0,inf
98,256,100000000,1,0.8653963432,0.05144251033,0,inf
98,256,100000000,1,0.8653963432,0.05144251033,0,0.5220108109
98,4,000000100,1,0.9094512276,0.06868225115,0,0.5220108109
98,128,010000000,1,0.9323170781,0.08404751134,0,0.308662907
98,4,000000100,1,0.9094512276,0.06868225115,0,0.308662907
98,286,100011110,5,0.9696646333,0.1719646058,0,0.295896174
98,463,111001111,7,0.9701219536,0.2215583678,0,0.295896174
98,136,010001000,2,0.9556402415,0.08872172865,0,0.2501840222
98,128,010000000,1,0.9323170781,0.08404751134,0,0.2501840222
98,136,010001000,2,0.9556402415,0.08872172865,0,0.1925701872
98,138,010001010,3,0.9580792598,0.1175190397,0,0.1925701872
98,328,101001000,3,0.9661585353,0.1314932012,0,0.1195143764
98,170,010101010,4,0.9583841376,0.1237906108,0,0.1195143764
98,394,110001010,4,0.9682926834,0.1485241046,0,0.09645812205
98,299,100101011,5,0.9684451278,0.1646855306,0,0.09645812205
98,266,100001010,3,0.9663109817,0.1359270001,0,0.09297294788
98,394,110001010,4,0.9682926834,0.1485241046,0,0.09297294788
98,138,010001010,3,0.9580792598,0.1175190397,0,0.03977767534
98,170,010101010,4,0.9583841376,0.1237906108,0,0.03977767534
98,286,100011110,5,0.9696646333,0.1719646058,0,0.03013367655
98,459,111001011,6,0.9693597592,0.1673336257,0,0.03013367655
98,328,101001000,3,0.9661585353,0.1314932012,0,0.02751908085
98,266,100001010,3,0.9663109817,0.1359270001,0,0.02751908085
98,299,100101011,5,0.9684451278,0.1646855306,0,0.02430001974
98,459,111001011,6,0.9693597592,0.1673336257,0,0.02430001974
98,463,111001111,7,0.9701219536,0.2215583678,0,0
98,286,100011110,5,0.9696646333,0.1719646058,0,0
98,299,100101011,5,0.9684451278,0.1646855306,0,0
98,459,111001011,6,0.9693597592,0.1673336257,0,0
98,459,111001011,6,0.9693597592,0.1673336257,0,0
98,328,101001000,3,0.9661585353,0.1314932012,0,0
98,328,101001000,3,0.9661585353,0.1314932012,0,0
98,266,100001010,3,0.9663109817,0.1359270001,0,0
98,459,111001011,6,0.9693597592,0.1673336257,0,0
98,299,100101011,5,0.9684451278,0.1646855306,0,0
98,299,100101011,5,0.9684451278,0.1646855306,0,0
98,328,101001000,3,0.9661585353,0.1314932012,0,0
98,328,101001000,3,0.9661585353,0.1314932012,0,0
98,266,100001010,3,0.9663109817,0.1359270001,0,0
98,266,100001010,3,0.9663109817,0.1359270001,0,0
98,266,100001010,3,0.9663109817,0.1359270001,0,0
98,328,101001000,3,0.9661585353,0.1314932012,0,0
98,266,100001010,3,0.9663109817,0.1359270001,0,0
98,459,111001011,6,0.9693597592,0.1673336257,0,0
98,286,100011110,5,0.9696646333,0.1719646058,0,0
98,266,100001010,3,0.9663109817,0.1359270001,0,0
98,328,101001000,3,0.9661585353,0.1314932012,0,0
98,459,111001011,6,0.9693597592,0.1673336257,0,0
98,266,100001010,3,0.9663109817,0.1359270001,0,0
98,286,100011110,5,0.9696646333,0.1719646058,0,0
98,286,100011110,5,0.9696646333,0.1719646058,0,0
98,459,111001011,6,0.9693597592,0.1673336257,0,0
98,286,100011110,5,0.9696646333,0.1719646058,0,0
98,138,010001010,3,0.9580792598,0.1175190397,0,0
98,286,100011110,5,0.9696646333,0.1719646058,0,0
98,266,100001010,3,0.9663109817,0.1359270001,0,0
98,170,010101010,4,0.9583841376,0.1237906108,0,0
98,459,111001011,6,0.9693597592,0.1673336257,0,0
98,138,010001010,3,0.9580792598,0.1175190397,0,0
98,138,010001010,3,0.9580792598,0.1175190397,0,0
98,266,100001010,3,0.9663109817,0.1359270001,0,0
98,170,010101010,4,0.9583841376,0.1237906108,0,0
98,266,100001010,3,0.9663109817,0.1359270001,0,0
98,138,010001010,3,0.9580792598,0.1175190397,0,0
98,459,111001011,6,0.9693597592,0.1673336257,0,0
98,286,100011110,5,0.9696646333,0.1719646058,0,0
98,266,100001010,3,0.9663109817,0.1359270001,0,0
98,170,010101010,4,0.9583841376,0.1237906108,0,0
98,266,100001010,3,0.9663109817,0.1359270001,0,0
98,459,111001011,6,0.9693597592,0.1673336257,0,0
98,170,010101010,4,0.9583841376,0.1237906108,0,0
98,394,110001010,4,0.9682926834,0.1485241046,0,0
98,286,100011110,5,0.9696646333,0.1719646058,0,0
98,170,010101010,4,0.9583841376,0.1237906108,0,0
98,170,010101010,4,0.9583841376,0.1237906108,0,0
98,266,100001010,3,0.9663109817,0.1359270001,0,0
98,170,010101010,4,0.9583841376,0.1237906108,0,0
98,394,110001010,4,0.9682926834,0.1485241046,0,0
98,266,100001010,3,0.9663109817,0.1359270001,0,0
98,266,100001010,3,0.9663109817,0.1359270001,0,0
98,256,100000000,1,0.8653963432,0.05144251033,0,0
98,256,100000000,1,0.8653963432,0.05144251033,0,0
98,394,110001010,4,0.9682926834,0.1485241046,0,0
98,256,100000000,1,0.8653963432,0.05144251033,0,0
98,463,111001111,7,0.9701219536,0.2215583678,0,0
98,256,100000000,1,0.8653963432,0.05144251033,0,0
98,138,010001010,3,0.9580792598,0.1175190397,0,0
98,328,101001000,3,0.9661585353,0.1314932012,0,0
98,328,101001000,3,0.9661585353,0.1314932012,0,0
98,328,101001000,3,0.9661585353,0.1314932012,0,0
98,299,100101011,5,0.9684451278,0.1646855306,0,0
98,299,100101011,5,0.9684451278,0.1646855306,0,0
98,138,010001010,3,0.9580792598,0.1175190397,0,0
98,394,110001010,4,0.9682926834,0.1485241046,0,0
98,128,010000000,1,0.9323170781,0.08404751134,0,0
98,328,101001000,3,0.9661585353,0.1314932012,0,0
98,256,100000000,1,0.8653963432,0.05144251033,0,0
98,136,010001000,2,0.9556402415,0.08872172865,0,0
98,170,010101010,4,0.9583841376,0.1237906108,0,0
98,136,010001000,2,0.9556402415,0.08872172865,0,0
98,136,010001000,2,0.9556402415,0.08872172865,0,0
98,266,100001010,3,0.9663109817,0.1359270001,0,0
98,463,111001111,7,0.9701219536,0.2215583678,0,0
98,266,100001010,3,0.9663109817,0.1359270001,0,0
98,128,010000000,1,0.9323170781,0.08404751134,0,0
98,128,010000000,1,0.9323170781,0.08404751134,0,0
98,136,010001000,2,0.9556402415,0.08872172865,0,0
98,136,010001000,2,0.9556402415,0.08872172865,0,0
98,128,010000000,1,0.9323170781,0.08404751134,0,0
98,128,010000000,1,0.9323170781,0.08404751134,0,0
98,136,010001000,2,0.9556402415,0.08872172865,0,0
98,4,000000100,1,0.9094512276,0.06868225115,0,0
98,4,000000100,1,0.9094512276,0.06868225115,0,0
98,136,010001000,2,0.9556402415,0.08872172865,0,0
98,286,100011110,5,0.9696646333,0.1719646058,0,0
98,128,010000000,1,0.9323170781,0.08404751134,0,0
98,4,000000100,1,0.9094512276,0.06868225115,0,0
98,128,010000000,1,0.9323170781,0.08404751134,0,0
98,128,010000000,1,0.9323170781,0.08404751134,0,0
98,4,000000100,1,0.9094512276,0.06868225115,0,0
98,138,010001010,3,0.9580792598,0.1175190397,0,0
98,4,000000100,1,0.9094512276,0.06868225115,0,0
98,128,010000000,1,0.9323170781,0.08404751134,0,0
98,128,010000000,1,0.9323170781,0.08404751134,0,0
98,136,010001000,2,0.9556402415,0.08872172865,0,0
98,4,000000100,1,0.9094512276,0.06868225115,0,0
98,128,010000000,1,0.9323170781,0.08404751134,0,0
98,128,010000000,1,0.9323170781,0.08404751134,0,0
98,128,010000000,1,0.9323170781,0.08404751134,0,0
98,286,100011110,5,0.9696646333,0.1719646058,0,0
98,128,010000000,1,0.9323170781,0.08404751134,0,0
98,128,010000000,1,0.9323170781,0.08404751134,0,0
98,128,010000000,1,0.9323170781,0.08404751134,0,0
98,286,100011110,5,0.9696646333,0.1719646058,0,0
98,128,010000000,1,0.9323170781,0.08404751134,0,0
98,463,111001111,7,0.9701219536,0.2215583678,0,0
98,286,100011110,5,0.9696646333,0.1719646058,0,0
98,463,111001111,7,0.9701219536,0.2215583678,0,0
98,4,000000100,1,0.9094512276,0.06868225115,0,0
98,128,010000000,1,0.9323170781,0.08404751134,0,0
98,128,010000000,1,0.9323170781,0.08404751134,0,0
98,4,000000100,1,0.9094512276,0.06868225115,0,0
98,128,010000000,1,0.9323170781,0.08404751134,0,0
98,4,000000100,1,0.9094512276,0.06868225115,0,0
98,128,010000000,1,0.9323170781,0.08404751134,0,0
98,266,100001010,3,0.9663109817,0.1359270001,0,0
98,4,000000100,1,0.9094512276,0.06868225115,0,0
98,4,000000100,1,0.9094512276,0.06868225115,0,0
98,463,111001111,7,0.9701219536,0.2215583678,0,0
98,128,010000000,1,0.9323170781,0.08404751134,0,0
98,4,000000100,1,0.9094512276,0.06868225115,0,0
98,4,000000100,1,0.9094512276,0.06868225115,0,0
98,128,010000000,1,0.9323170781,0.08404751134,0,0
98,4,000000100,1,0.9094512276,0.06868225115,0,0
98,4,000000100,1,0.9094512276,0.06868225115,0,0
98,463,111001111,7,0.9701219536,0.2215583678,0,0
98,4,000000100,1,0.9094512276,0.06868225115,0,0
98,4,000000100,1,0.9094512276,0.06868225115,0,0
98,4,000000100,1,0.9094512276,0.06868225115,0,0
98,463,111001111,7,0.9701219536,0.2215583678,0,0
98,328,101001000,3,0.9661585353,0.1314932012,0,0
99,463,111001111,7,0.9701219536,0.2215583678,0,inf
99,256,100000000,1,0.8653963432,0.05144251033,0,inf
99,4,000000100,1,0.9094512276,0.06868225115,0,0.5220108109
99,256,100000000,1,0.8653963432,0.05144251033,0,0.5220108109
99,4,000000100,1,0.9094512276,0.06868225115,0,0.308662907
99,128,010000000,1,0.9323170781,0.08404751134,0,0.308662907
99,463,111001111,7,0.9701219536,0.2215583678,0,0.295896174
99,286,100011110,5,0.9696646333,0.1719646058,0,0.295896174
99,128,010000000,1,0.9323170781,0.08404751134,0,0.2501840222
99,136,010001000,2,0.9556402415,0.08872172865,0,0.2501840222
99,138,010001010,3,0.9580792598,0.1175190397,0,0.1925701872
99,136,010001000,2,0.9556402415,0.08872172865,0,0.1925701872
99,328,101001000,3,0.9661585353,0.1314932012,0,0.1195143764
99,170,010101010,4,0.9583841376,0.1237906108,0,0.1195143764
99,394,110001010,4,0.9682926834,0.1485241046,0,0.09645812205
99,299,100101011,5,0.9684451278,0.1646855306,0,0.09645812205
99,266,100001010,3,0.9663109817,0.1359270001,0,0.09297294788
99,394,110001010,4,0.9682926834,0.1485241046,0,0.09297294788
99,170,010101010,4,0.9583841376,0.1237906108,0,0.03977767534
99,138,010001010,3,0.9580792598,0.1175190397,0,0.03977767534
99,459,111001011,6,0.9693597592,0.1673336257,0,0.03013367655
99,286,100011110,5,0.9696646333,0.1719646058,0,0.03013367655
99,328,101001000,3,0.9661585353,0.1314932012,0,0.02751908085
99,266,100001010,3,0.9663109817,0.1359270001,0,0.02751908085
99,299,100101011,5,0.9684451278,0.1646855306,0,0.02430001974
99,459,111001011,6,0.9693597592,0.1673336257,0,0.02430001974
99,256,100000000,1,0.8653963432,0.05144251033,0,0
99,459,111001011,6,0.9693597592,0.1673336257,0,0
99,266,100001010,3,0.9663109817,0.1359270001,0,0
99,459,111001011,6,0.9693597592,0.1673336257,0,0
99,459,111001011,6,0.9693597592,0.1673336257,0,0
99,328,101001000,3,0.9661585353,0.1314932012,0,0
99,328,101001000,3,0.9661585353,0.1314932012,0,0
99,266,100001010,3,0.9663109817,0.1359270001,0,0
99,459,111001011,6,0.9693597592,0.1673336257,0,0
99,328,101001000,3,0.9661585353,0.1314932012,0,0
99,299,100101011,5,0.9684451278,0.1646855306,0,0
99,328,101001000,3,0.9661585353,0.1314932012,0,0
99,328,101001000,3,0.9661585353,0.1314932012,0,0
99,266,100001010,3,0.9663109817,0.1359270001,0,0
99,266,100001010,3,0.9663109817,0.1359270001,0,0
99,266,100001010,3,0.9663109817,0.1359270001,0,0
99,459,111001011,6,0.9693597592,0.1673336257,0,0
99,266,100001010,3,0.9663109817,0.1359270001,0,0
99,459,111001011,6,0.9693597592,0.1673336257,0,0
99,286,100011110,5,0.9696646333,0.1719646058,0,0
99,266,100001010,3,0.9663109817,0.1359270001,0,0
99,328,101001000,3,0.9661585353,0.1314932012,0,0
99,459,111001011,6,0.9693597592,0.1673336257,0,0
99,266,100001010,3,0.9663109817,0.1359270001,0,0
99,286,100011110,5,0.9696646333,0.1719646058,0,0
99,286,100011110,5,0.9696646333,0.1719646058,0,0
99,459,111001011,6,0.9693597592,0.1673336257,0,0
99,286,100011110,5,0.9696646333,0.1719646058,0,0
99,170,010101010,4,0.9583841376,0.1237906108,0,0
99,286,100011110,5,0.9696646333,0.1719646058,0,0
99,266,100001010,3,0.9663109817,0.1359270001,0,0
99,170,010101010,4,0.9583841376,0.1237906108,0,0
99,459,111001011,6,0.9693597592,0.1673336257,0,0
99,138,010001010,3,0.9580792598,0.1175190397,0,0
99,138,010001010,3,0.9580792598,0.1175190397,0,0
99,266,100001010,3,0.9663109817,0.1359270001,0,0
99,170,010101010,4,0.9583841376,0.1237906108,0,0
99,266,100001010,3,0.9663109817,0.1359270001,0,0
99,138,010001010,3,0.9580792598,0.1175190397,0,0
99,459,111001011,6,0.9693597592,0.1673336257,0,0
99,286,100011110,5,0.9696646333,0.1719646058,0,0
99,266,100001010,3,0.9663109817,0.1359270001,0,0
99,266,100001010,3,0.9663109817,0.1359270001,0,0
99,299,100101011,5,0.9684451278,0.1646855306,0,0
99,394,110001010,4,0.9682926834,0.1485241046,0,0
99,170,010101010,4,0.9583841376,0.1237906108,0,0
99,394,110001010,4,0.9682926834,0.1485241046,0,0
99,286,100011110,5,0.9696646333,0.1719646058,0,0
99,170,010101010,4,0.9583841376,0.1237906108,0,0
99,170,010101010,4,0.9583841376,0.1237906108,0,0
99,266,100001010,3,0.9663109817,0.1359270001,0,0
99,170,010101010,4,0.9583841376,0.1237906108,0,0
99,394,110001010,4,0.9682926834,0.1485241046,0,0
99,266,100001010,3,0.9663109817,0.1359270001,0,0
99,328,101001000,3,0.9661585353,0.1314932012,0,0
99,256,100000000,1,0.8653963432,0.05144251033,0,0
99,138,010001010,3,0.9580792598,0.1175190397,0,0
99,256,100000000,1,0.8653963432,0.05144251033,0,0
99,136,010001000,2,0.9556402415,0.08872172865,0,0
99,256,100000000,1,0.8653963432,0.05144251033,0,0
99,256,100000000,1,0.8653963432,0.05144251033,0,0
99,138,010001010,3,0.9580792598,0.1175190397,0,0
99,328,101001000,3,0.9661585353,0.1314932012,0,0
99,328,101001000,3,0.9661585353,0.1314932012,0,0
99,328,101001000,3,0.9661585353,0.1314932012,0,0
99,299,100101011,5,0.9684451278,0.1646855306,0,0
99,299,100101011,5,0.9684451278,0.1646855306,0,0
99,138,010001010,3,0.9580792598,0.1175190397,0,0
99,128,010000000,1,0.9323170781,0.08404751134,0,0
99,128,010000000,1,0.9323170781,0.08404751134,0,0
99,328,101001000,3,0.9661585353,0.1314932012,0,0
99,299,100101011,5,0.9684451278,0.1646855306,0,0
99,136,010001000,2,0.9556402415,0.08872172865,0,0
99,170,010101010,4,0.9583841376,0.1237906108,0,0
99,136,010001000,2,0.9556402415,0.08872172865,0,0
99,136,010001000,2,0.9556402415,0.08872172865,0,0
99,266,100001010,3,0.9663109817,0.1359270001,0,0
99,463,111001111,7,0.9701219536,0.2215583678,0,0
99,266,100001010,3,0.9663109817,0.1359270001,0,0
99,128,010000000,1,0.9323170781,0.08404751134,0,0
99,128,010000000,1,0.9323170781,0.08404751134,0,0
99,136,010001000,2,0.9556402415,0.08872172865,0,0
99,286,100011110,5,0.9696646333,0.1719646058,0,0
99,128,010000000,1,0.9323170781,0.08404751134,0,0
99,128,010000000,1,0.9323170781,0.08404751134,0,0
99,136,010001000,2,0.9556402415,0.08872172865,0,0
99,4,000000100,1,0.9094512276,0.06868225115,0,0
99,4,000000100,1,0.9094512276,0.06868225115,0,0
99,136,010001000,2,0.9556402415,0.08872172865,0,0
99,286,100011110,5,0.9696646333,0.1719646058,0,0
99,128,010000000,1,0.9323170781,0.08404751134,0,0
99,4,000000100,1,0.9094512276,0.06868225115,0,0
99,128,010000000,1,0.9323170781,0.08404751134,0,0
99,128,010000000,1,0.9323170781,0.08404751134,0,0
99,4,000000100,1,0.9094512276,0.06868225115,0,0
99,138,010001010,3,0.9580792598,0.1175190397,0,0
99,4,000000100,1,0.9094512276,0.06868225115,0,0
99,128,010000000,1,0.9323170781,0.08404751134,0,0
99,4,000000100,1,0.9094512276,0.06868225115,0,0
99,136,010001000,2,0.9556402415,0.08872172865,0,0
99,4,000000100,1,0.9094512276,0.06868225115,0,0
99,128,010000000,1,0.9323170781,0.08404751134,0,0
99,128,010000000,1,0.9323170781,0.08404751134,0,0
99,128,010000000,1,0.9323170781,0.08404751134,0,0
99,286,100011110,5,0.9696646333,0.1719646058,0,0
99,128,010000000,1,0.9323170781,0.08404751134,0,0
99,128,010000000,1,0.9323170781,0.08404751134,0,0
99,128,010000000,1,0.9323170781,0.08404751134,0,0
99,286,100011110,5,0.9696646333,0.1719646058,0,0
99,128,010000000,1,0.9323170781,0.08404751134,0,0
99,463,111001111,7,0.9701219536,0.2215583678,0,0
99,286,100011110,5,0.9696646333,0.1719646058,0,0
99,463,111001111,7,0.9701219536,0.2215583678,0,0
99,128,010000000,1,0.9323170781,0.08404751134,0,0
99,128,010000000,1,0.9323170781,0.08404751134,0,0
99,4,000000100,1,0.9094512276,0.06868225115,0,0
99,4,000000100,1,0.9094512276,0.06868225115,0,0
99,128,010000000,1,0.9323170781,0.08404751134,0,0
99,4,000000100,1,0.9094512276,0.06868225115,0,0
99,128,010000000,1,0.9323170781,0.08404751134,0,0
99,266,100001010,3,0.9663109817,0.1359270001,0,0
99,4,000000100,1,0.9094512276,0.06868225115,0,0
99,4,000000100,1,0.9094512276,0.06868225115,0,0
99,463,111001111,7,0.9701219536,0.2215583678,0,0
99,128,010000000,1,0.9323170781,0.08404751134,0,0
99,4,000000100,1,0.9094512276,0.06868225115,0,0
99,4,000000100,1,0.9094512276,0.06868225115,0,0
99,128,010000000,1,0.9323170781,0.08404751134,0,0
99,4,000000100,1,0.9094512276,0.06868225115,0,0
99,4,000000100,1,0.9094512276,0.06868225115,0,0
99,463,111001111,7,0.9701219536,0.2215583678,0,0
99,4,000000100,1,0.9094512276,0.06868225115,0,0
99,4,000000100,1,0.9094512276,0.06868225115,0,0
99,4,000000100,1,0.9094512276,0.06868225115,0,0
99,463,111001111,7,0.9701219536,0.2215583678,0,0
99,328,101001000,3,0.9661585353,0.1314932012,0,0
