generation,index,bitmask,num_features,accuracy,time,rank,crowding_distance
0,141,010001101,4,0.9608231671,0.193762437,40,0
0,25,000011001,3,0.9463414568,0.1495797473,53,0
0,478,111011110,7,0.9678353649,0.271671345,143,0
0,223,011011111,7,0.959298769,0.3238683129,155,0
0,127,001111111,7,0.9617378041,0.3252968704,153,0
0,429,110101101,6,0.9609756004,0.1956794159,134,0
0,324,101000100,3,0.9624999966,0.1362094213,6,0
0,277,100010101,4,0.9528963342,0.1554693631,77,0
0,332,101001100,4,0.9624999929,0.1707430179,28,0
0,68,001000100,2,0.947560966,0.2287352863,12,0
0,201,011001001,4,0.9567073155,0.1810487332,57,0
0,19,000010011,3,0.9097560961,0.1301706852,156,0
0,205,011001101,5,0.9605182856,0.3885932574,93,0
0,196,011000100,3,0.9515243825,0.1577226631,26,0
0,153,010011001,4,0.955487797,0.2314127795,68,0
0,180,010110100,4,0.9402438998,0.2270922111,129,0
0,250,011111010,6,0.9603658486,0.2909253226,135,0
0,428,110101100,5,0.9626524337,0.1925693848,82,0
0,57,000111001,4,0.9443597514,0.1744129988,117,0
0,509,111111101,8,0.963262191,0.2523085512,159,0
0,57,000111001,4,0.9443597514,0.1744129988,118,0
0,473,111011001,6,0.9602134135,0.2257233416,136,0
0,141,010001101,4,0.9608231671,0.193762437,41,0
0,265,100001001,3,0.9512195047,0.1273183418,34,0
0,460,111001100,5,0.9623475634,0.1988814175,85,0
0,172,010101100,4,0.9548780415,0.1772159359,70,0
0,88,001011000,3,0.9570121896,0.1966020344,15,0
0,136,010001000,2,0.9556402415,0.08872172865,0,0
0,297,100101001,4,0.9582317006,0.1647070954,49,0
0,225,011100001,4,0.9452743847,0.1662776889,113,0
0,398,110001110,5,0.9652439002,0.184927925,72,0
0,457,111001001,5,0.960213406,0.1580275986,95,0
0,368,101110000,4,0.9560975526,0.1694042669,65,0
0,282,100011010,4,0.9623475503,0.1541509838,33,0
0,73,001001001,3,0.953048775,0.1462754204,23,0
0,136,010001000,2,0.9556402415,0.08872172865,0,0
0,185,010111001,5,0.957012184,0.2482354445,106,0
0,462,111001110,6,0.9695121981,0.2274610037,100,0
0,288,100100000,2,0.9224085417,0.09756062739,116,0
0,191,010111111,7,0.963719504,0.2866767156,151,0
0,298,100101010,4,0.9635670781,0.1536765499,24,0
0,256,100000000,1,0.8653963432,0.05144251033,161,0
0,189,010111101,6,0.9599085283,0.3050948284,138,0
0,180,010110100,4,0.9402438998,0.2270922111,128,0
0,202,011001010,4,0.9612804782,0.149196442,38,0
0,395,110001011,5,0.9670731667,0.1769618806,66,0
0,173,010101101,5,0.9568597469,0.2084413404,111,0
0,224,011100000,3,0.9408536591,0.1201759358,80,0
0,334,101001110,5,0.9672256075,0.1807405879,63,0
0,88,001011000,3,0.9570121896,0.1966020344,14,0
0,38,000100110,3,0.9329268336,0.1262098874,120,0
0,220,011011100,5,0.9589938931,0.2710625273,98,0
0,403,110010011,5,0.9471036531,0.1901693111,140,0
0,477,111011101,7,0.9663109761,0.245831884,144,0
0,339,101010011,5,0.9528963324,0.1730788327,125,0
0,171,010101011,5,0.961890243,0.1561283367,90,0
0,184,010111000,4,0.9567073099,0.2421766864,58,0
0,168,010101000,3,0.9556402303,0.1283902619,16,0
0,29,000011101,4,0.951067064,0.1539091161,87,0
0,46,000101110,4,0.9539634064,0.1775657085,74,0
0,254,011111110,7,0.9605182894,0.3400172121,154,0
0,46,000101110,4,0.9539634064,0.1775657085,75,0
0,324,101000100,3,0.9624999966,0.1362094213,7,0
0,152,010011000,3,0.9513719399,0.2329935927,30,0
0,243,011110011,6,0.9530487731,0.2716712286,149,0
0,493,111101101,7,0.9640243854,0.3398395209,150,0
0,171,010101011,5,0.961890243,0.1561283367,89,0
0,64,001000000,1,0.9262195174,0.09079117677,45,0
0,224,011100000,3,0.9408536591,0.1201759358,79,0
0,393,110001001,4,0.9617377985,0.1536827425,35,0
0,112,001110000,3,0.9481707234,0.1940589957,47,0
0,146,010010010,3,0.9370426815,0.1859965373,96,0
0,492,111101100,6,0.9681402501,0.1861764477,105,0
0,135,010000111,4,0.9429878015,0.1987346318,123,0
0,173,010101101,5,0.9568597469,0.2084413404,110,0
0,216,011011000,4,0.9560975544,0.2577285054,64,0
0,290,100100010,3,0.9499999899,0.1336969913,39,0
0,269,100001101,4,0.963262191,0.1545369336,25,0
0,141,010001101,4,0.9608231671,0.193762437,42,0
0,347,101011011,6,0.9690548796,0.1985359336,101,0
0,456,111001000,4,0.9663109723,0.1493365318,18,0
0,28,000011100,3,0.9434451163,0.1445199884,71,0
0,304,100110000,3,0.9338414669,0.1354449289,115,0
0,137,010001001,3,0.9589938968,0.1376599907,11,0
0,137,010001001,3,0.9589938968,0.1376599907,10,0
0,337,101010001,4,0.9527438916,0.1580627062,78,0
0,42,000101010,3,0.955487797,0.1481546445,17,0
0,181,010110101,5,0.9463414587,0.2437225715,141,0
0,243,011110011,6,0.9530487731,0.2716712286,148,0
0,202,011001010,4,0.9612804782,0.149196442,37,0
0,78,001001110,4,0.9573170636,0.2032758179,54,0
0,289,100100001,3,0.9368902445,0.1236085924,97,0
0,395,110001011,5,0.9670731667,0.1769618806,67,0
0,142,010001110,4,0.9562499933,0.2010135157,61,0
0,157,010011101,5,0.9608231653,0.2573634591,92,0
0,105,001101001,4,0.9583841395,0.1598443775,48,0
0,185,010111001,5,0.957012184,0.2482354445,107,0
0,171,010101011,5,0.961890243,0.1561283367,91,0
0,136,010001000,2,0.9556402415,0.08872172865,0,0
0,393,110001001,4,0.9617377985,0.1536827425,36,0
0,227,011100011,5,0.9506097492,0.1793539175,132,0
0,9,000001001,2,0.9167682994,0.1331997535,133,0
0,276,100010100,3,0.9513719417,0.1391151226,29,0
0,261,100000101,3,0.9481707271,0.1661854191,46,0
0,342,101010110,5,0.9528963305,0.1802943386,126,0
0,124,001111100,5,0.9573170636,0.2322485391,104,0
0,188,010111100,5,0.9551829174,0.2635214692,119,0
0,467,111010011,6,0.9539634027,0.2327699261,146,0
0,477,111011101,7,0.9663109761,0.245831884,145,0
0,58,000111010,4,0.9541158453,0.1998991431,73,0
0,156,010011100,4,0.9596036505,0.2749188193,44,0
0,455,111000111,6,0.9588414561,0.178122621,139,0
0,196,011000100,3,0.9515243825,0.1577226631,27,0
0,164,010100100,3,0.9356707316,0.1803958965,102,0
0,169,010101001,4,0.9554877914,0.1521936124,69,0
0,490,111101010,6,0.9657012131,0.1730029145,122,0
0,397,110001101,5,0.9626524374,0.1984722707,81,0
0,158,010011110,5,0.9586890191,0.2851446816,99,0
0,405,110010101,5,0.953201212,0.2160813212,124,0
0,56,000111000,3,0.9454268273,0.1453281161,59,0
0,162,010100010,3,0.9460365772,0.1228090909,55,0
0,29,000011101,4,0.951067064,0.1539091161,88,0
0,8,000001000,1,0.9012195114,0.0953759877,142,0
0,284,100011100,4,0.9644817002,0.1660791668,20,0
0,357,101100101,5,0.9574694987,0.1785467933,103,0
0,91,001011011,5,0.9626524337,0.2549881525,83,0
0,131,010000011,3,0.9347560965,0.1501262328,108,0
0,6,000000110,2,0.9178353697,0.1008892676,131,0
0,260,100000100,2,0.9440548718,0.2004308952,19,0
0,142,010001110,4,0.9562499933,0.2010135157,62,0
0,201,011001001,4,0.9567073155,0.1810487332,56,0
0,411,110011011,6,0.9638719447,0.23684128,127,0
0,264,100001000,2,0.9495426789,0.1157485445,8,0
0,282,100011010,4,0.9623475503,0.1541509838,32,0
0,264,100001000,2,0.9495426789,0.1157485445,9,0
0,149,010010101,4,0.9435975533,0.2027544379,121,0
0,408,110011000,4,0.958231695,0.2197342259,50,0
0,136,010001000,2,0.9556402415,0.08872172865,0,0
0,408,110011000,4,0.958231695,0.2197342259,51,0
0,270,100001110,4,0.9641768225,0.171474142,22,0
0,141,010001101,4,0.9608231671,0.193762437,43,0
0,266,100001010,3,0.9663109817,0.1359270001,4,0
0,239,011101111,7,0.9621951133,0.2638499523,152,0
0,19,000010011,3,0.9097560961,0.1301706852,157,0
0,68,001000100,2,0.947560966,0.2287352863,13,0
0,3,000000011,2,0.893902434,0.1188580212,160,0
0,270,100001110,4,0.9641768225,0.171474142,21,0
0,75,001001011,4,0.9623475578,0.1703412908,31,0
0,12,000001100,2,0.9342987817,0.1145905149,60,0
0,417,110100001,4,0.9451219458,0.1674812513,114,0
0,473,111011001,6,0.9602134135,0.2257233416,137,0
0,425,110101001,5,0.9621951208,0.1687642131,86,0
0,43,000101011,4,0.9513719436,0.1703410912,84,0
0,180,010110100,4,0.9402438998,0.2270922111,130,0
0,131,010000011,3,0.9347560965,0.1501262328,109,0
0,505,111111001,7,0.9647865836,0.259944424,147,0
0,324,101000100,3,0.9624999966,0.1362094213,5,0
0,366,101101110,6,0.9675304852,0.2001497867,112,0
0,255,011111111,8,0.9632621948,0.4130405989,158,0
0,293,100100101,4,0.9577743821,0.1677137092,52,0
0,346,101011010,5,0.9643292632,0.210029603,76,0
0,291,100100011,4,0.9493902382,0.206504555,94,0
1,299,100101011,5,0.9684451278,0.1646855306,42,0
1,220,011011100,5,0.9589938931,0.2710625273,95,0
1,217,011011001,5,0.9579268228,0.2819200605,101,0
1,96,001100000,2,0.9330792725,0.09982250445,59,0
1,392,110001000,3,0.9653963372,0.1357308119,4,0
1,212,011010100,4,0.952439012,0.2385208402,74,0
1,475,111011011,7,0.964176828,0.2418077742,147,0
1,177,010110001,4,0.9394817054,0.2004012102,126,0
1,305,100110001,4,0.9381097574,0.1583164767,132,0
1,393,110001001,4,0.9617377985,0.1536827425,28,0
1,495,111101111,8,0.9658536594,0.22599763,158,0
1,424,110101000,4,0.9621951189,0.151591171,25,0
1,194,011000010,3,0.9448170681,0.1295389787,54,0
1,35,000100011,3,0.9163109809,0.1255413797,152,0
1,216,011011000,4,0.9560975544,0.2577285054,49,0
1,395,110001011,5,0.9670731667,0.1769618806,50,0
1,202,011001010,4,0.9612804782,0.149196442,31,0
1,336,101010000,3,0.9498475567,0.1365595176,36,0
1,450,111000010,4,0.9554877952,0.1262044164,58,0
1,196,011000100,3,0.9515243825,0.1577226631,23,0
1,420,110100100,4,0.9579268228,0.1566663263,41,0
1,418,110100010,4,0.9541158434,0.1336211525,65,0
1,74,001001010,3,0.9570121821,0.1378696063,11,0
1,250,011111010,6,0.9603658486,0.2909253226,131,0
1,44,000101100,3,0.9384146333,0.1604029066,89,0
1,327,101000111,5,0.9611280449,0.1737721614,85,0
1,165,010100101,4,0.9425304867,0.182659965,118,0
1,398,110001110,5,0.9652439002,0.184927925,64,0
1,17,000010001,2,0.8894816972,0.1499703776,161,0
1,397,110001101,5,0.9626524374,0.1984722707,77,0
1,129,010000001,2,0.9335365873,0.1010586498,55,0
1,384,110000000,2,0.942378046,0.1023272595,20,0
1,161,010100001,3,0.926981708,0.1333965359,133,0
1,228,011100100,4,0.9510670714,0.1718315468,82,0
1,158,010011110,5,0.9586890191,0.2851446816,99,0
1,498,111110010,6,0.956097547,0.2142396532,143,0
1,460,111001100,5,0.9623475634,0.1988814175,79,0
1,138,010001010,3,0.9580792598,0.1175190397,9,0
1,479,111011111,8,0.9653963409,0.297615774,159,0
1,450,111000010,4,0.9554877952,0.1262044164,57,0
1,229,011100101,5,0.9513719473,0.2044244306,125,0
1,153,010011001,4,0.955487797,0.2314127795,56,0
1,139,010001011,4,0.9586890135,0.1512846262,39,0
1,461,111001101,6,0.9624999948,0.2131315088,123,0
1,504,111111000,6,0.9646341465,0.2548272442,119,0
1,121,001111001,5,0.9562499933,0.3466811553,112,0
1,212,011010100,4,0.952439012,0.2385208402,75,0
1,409,110011001,5,0.9621951114,0.2163874777,81,0
1,478,111011110,7,0.9678353649,0.271671345,141,0
1,5,000000101,2,0.9044207372,0.07468588371,154,0
1,357,101100101,5,0.9574694987,0.1785467933,105,0
1,43,000101011,4,0.9513719436,0.1703410912,78,0
1,264,100001000,2,0.9495426789,0.1157485445,6,0
1,443,110111011,7,0.9624999985,0.2361019221,151,0
1,138,010001010,3,0.9580792598,0.1175190397,8,0
1,200,011001000,3,0.955487797,0.1316828153,16,0
1,15,000001111,4,0.9467987716,0.2596095148,103,0
1,77,001001101,4,0.9611280505,0.2220115,33,0
1,459,111001011,6,0.9693597592,0.1673336257,100,0
1,409,110011001,5,0.9621951114,0.2163874777,80,0
1,193,011000001,3,0.9471036512,0.1576919009,40,0
1,260,100000100,2,0.9440548718,0.2004308952,18,0
1,186,010111010,5,0.9589938968,0.2682068814,94,0
1,203,011001011,5,0.959146332,0.1784309237,93,0
1,128,010000000,1,0.9323170781,0.08404751134,19,0
1,154,010011010,4,0.9570121877,0.2396545438,44,0
1,116,001110100,4,0.9464938957,0.2140967343,104,0
1,177,010110001,4,0.9394817054,0.2004012102,127,0
1,219,011011011,6,0.9600609709,0.3007806377,137,0
1,42,000101010,3,0.955487797,0.1481546445,17,0
1,350,101011110,6,0.9681402408,0.2603807449,107,0
1,157,010011101,5,0.9608231653,0.2573634591,87,0
1,203,011001011,5,0.959146332,0.1784309237,92,0
1,120,001111000,4,0.9544207193,0.2454422717,62,0
1,194,011000010,3,0.9448170681,0.1295389787,52,0
1,290,100100010,3,0.9499999899,0.1336969913,34,0
1,155,010011011,5,0.9644817039,0.2534072064,67,0
1,238,011101110,6,0.9606707245,0.2395493905,129,0
1,333,101001101,5,0.9678353649,0.1775467619,47,0
1,168,010101000,3,0.9556402303,0.1283902619,13,0
1,122,001111010,5,0.9635670725,0.3054453623,73,0
1,208,011010000,3,0.9487804789,0.2195109283,38,0
1,143,010001111,5,0.9640243854,0.2269113725,68,0
1,319,100111111,7,0.9637195077,0.3759361217,148,0
1,224,011100000,3,0.9408536591,0.1201759358,76,0
1,461,111001101,6,0.9624999948,0.2131315088,124,0
1,396,110001100,4,0.9617377967,0.18006679,30,0
1,75,001001011,4,0.9623475578,0.1703412908,24,0
1,451,111000011,5,0.9550304729,0.1685197698,114,0
1,290,100100010,3,0.9499999899,0.1336969913,35,0
1,137,010001001,3,0.9589938968,0.1376599907,7,0
1,490,111101010,6,0.9657012131,0.1730029145,115,0
1,183,010110111,6,0.9443597514,0.2673205337,156,0
1,269,100001101,4,0.963262191,0.1545369336,22,0
1,136,010001000,2,0.9556402415,0.08872172865,0,0
1,496,111110000,5,0.9541158415,0.2100702799,117,0
1,36,000100100,2,0.9050304871,0.1029281626,153,0
1,88,001011000,3,0.9570121896,0.1966020344,10,0
1,90,001011010,4,0.9618902393,0.2218290572,27,0
1,194,011000010,3,0.9448170681,0.1295389787,51,0
1,445,110111101,7,0.9670731686,0.2392563811,144,0
1,174,010101110,5,0.9596036505,0.2229905166,91,0
1,339,101010011,5,0.9528963324,0.1730788327,122,0
1,415,110011111,7,0.9681402519,0.2540232334,140,0
1,168,010101000,3,0.9556402303,0.1283902619,15,0
1,202,011001010,4,0.9612804782,0.149196442,32,0
1,392,110001000,3,0.9653963372,0.1357308119,3,0
1,143,010001111,5,0.9640243854,0.2269113725,69,0
1,28,000011100,3,0.9434451163,0.1445199884,61,0
1,205,011001101,5,0.9605182856,0.3885932574,90,0
1,441,110111001,6,0.9644817077,0.2243005,121,0
1,154,010011010,4,0.9570121877,0.2396545438,45,0
1,447,110111111,8,0.9663109742,0.2420711997,157,0
1,393,110001001,4,0.9617377985,0.1536827425,29,0
1,104,001101000,3,0.9568597451,0.1185564424,12,0
1,145,010010001,3,0.943597557,0.1669537378,60,0
1,122,001111010,5,0.9635670725,0.3054453623,72,0
1,225,011100001,4,0.9452743847,0.1662776889,109,0
1,206,011001110,5,0.9589938931,0.2441969891,96,0
1,194,011000010,3,0.9448170681,0.1295389787,53,0
1,213,011010101,5,0.954268286,0.2557268739,116,0
1,492,111101100,6,0.9681402501,0.1861764477,106,0
1,489,111101001,6,0.9646341447,0.1878299923,120,0
1,99,001100011,4,0.9495426733,0.1583316922,88,0
1,133,010000101,3,0.9432926811,0.1673714092,63,0
1,136,010001000,2,0.9556402415,0.08872172865,0,0
1,184,010111000,4,0.9567073099,0.2421766864,48,0
1,161,010100001,3,0.926981708,0.1333965359,134,0
1,175,010101111,6,0.9585365672,0.2318464871,139,0
1,221,011011101,6,0.9602134116,0.300388671,135,0
1,206,011001110,5,0.9589938931,0.2441969891,97,0
1,176,010110000,3,0.9341463428,0.2078121302,111,0
1,207,011001111,6,0.9615853634,0.2859955677,128,0
1,173,010101101,5,0.9568597469,0.2084413404,108,0
1,51,000110011,4,0.926524397,0.1556108566,155,0
1,392,110001000,3,0.9653963372,0.1357308119,5,0
1,327,101000111,5,0.9611280449,0.1737721614,84,0
1,232,011101000,4,0.9621951152,0.2219230887,26,0
1,198,011000110,4,0.9498475567,0.191795771,86,0
1,113,001110001,4,0.9504573084,0.1746187271,83,0
1,73,001001001,3,0.953048775,0.1462754204,21,0
1,217,011011001,5,0.9579268228,0.2819200605,102,0
1,432,110110000,4,0.9525914509,0.190835604,70,0
1,250,011111010,6,0.9603658486,0.2909253226,130,0
1,168,010101000,3,0.9556402303,0.1283902619,14,0
1,141,010001101,4,0.9608231671,0.193762437,37,0
1,219,011011011,6,0.9600609709,0.3007806377,136,0
1,432,110110000,4,0.9525914509,0.190835604,71,0
1,237,011101101,6,0.9591463376,0.2640092028,138,0
1,19,000010011,3,0.9097560961,0.1301706852,160,0
1,266,100001010,3,0.9663109817,0.1359270001,2,0
1,242,011110010,5,0.9455792625,0.2814117442,142,0
1,65,001000001,2,0.9350609761,0.1252497334,43,0
1,477,111011101,7,0.9663109761,0.245831884,145,0
1,317,100111101,6,0.9661585316,0.1998526342,113,0
1,158,010011110,5,0.9586890191,0.2851446816,98,0
1,440,110111000,5,0.9647865817,0.2230814546,66,0
1,191,010111111,7,0.963719504,0.2866767156,149,0
1,225,011100001,4,0.9452743847,0.1662776889,110,0
1,505,111111001,7,0.9647865836,0.259944424,146,0
1,182,010110110,5,0.9414634127,0.2396552637,150,0
1,154,010011010,4,0.9570121877,0.2396545438,46,0
2,220,011011100,5,0.9589938931,0.2710625273,112,0
2,137,010001001,3,0.9589938968,0.1376599907,5,0
2,407,110010111,6,0.9516768251,0.3759041177,155,0
2,409,110011001,5,0.9621951114,0.2163874777,100,0
2,325,101000101,4,0.9565548692,0.1581497551,62,0
2,105,001101001,4,0.9583841395,0.1598443775,51,0
2,24,000011000,2,0.9400914628,0.1224767463,31,0
2,352,101100000,3,0.9518292565,0.1353251534,26,0
2,142,010001110,4,0.9562499933,0.2010135157,66,0
2,66,001000010,2,0.9518292602,0.09929567995,1,0
2,108,001101100,4,0.9585365746,0.1886128322,50,0
2,211,011010011,5,0.9449695051,0.2340317885,149,0
2,397,110001101,5,0.9626524374,0.1984722707,93,0
2,428,110101100,5,0.9626524337,0.1925693848,95,0
2,65,001000001,2,0.9350609761,0.1252497334,55,0
2,28,000011100,3,0.9434451163,0.1445199884,76,0
2,378,101111010,6,0.964786578,0.2308151182,127,0
2,360,101101000,4,0.9634146318,0.168340771,25,0
2,43,000101011,4,0.9513719436,0.1703410912,97,0
2,401,110010001,4,0.9516768232,0.1931645344,91,0
2,28,000011100,3,0.9434451163,0.1445199884,77,0
2,77,001001101,4,0.9611280505,0.2220115,40,0
2,156,010011100,4,0.9596036505,0.2749188193,43,0
2,14,000001110,3,0.9452743828,0.2012516796,64,0
2,459,111001011,6,0.9693597592,0.1673336257,114,0
2,424,110101000,4,0.9621951189,0.151591171,32,0
2,60,000111100,4,0.9525914546,0.1621299409,87,0
2,136,010001000,2,0.9556402415,0.08872172865,0,0
2,376,101111000,5,0.9667682927,0.1849404364,71,0
2,160,010100000,2,0.9399390239,0.09322097432,35,0
2,326,101000110,4,0.9586890172,0.1529696728,49,0
2,203,011001011,5,0.959146332,0.1784309237,108,0
2,458,111001010,5,0.9644817039,0.1614640043,81,0
2,314,100111010,5,0.9621951208,0.1824102593,98,0
2,204,011001100,4,0.9535060935,0.2112389025,80,0
2,140,010001100,3,0.9544207212,0.1939722262,21,0
2,409,110011001,5,0.9621951114,0.2163874777,101,0
2,459,111001011,6,0.9693597592,0.1673336257,115,0
2,182,010110110,5,0.9414634127,0.2396552637,154,0
2,217,011011001,5,0.9579268228,0.2819200605,116,0
2,398,110001110,5,0.9652439002,0.184927925,78,0
2,433,110110001,5,0.953048775,0.1948711216,130,0
2,62,000111110,5,0.9538109656,0.2270585177,126,0
2,50,000110010,3,0.9269817118,0.1555463769,141,0
2,197,011000101,4,0.9516768213,0.1970114671,92,0
2,138,010001010,3,0.9580792598,0.1175190397,7,0
2,202,011001010,4,0.9612804782,0.149196442,39,0
2,98,001100010,3,0.9480182808,0.1166399249,47,0
2,140,010001100,3,0.9544207212,0.1939722262,20,0
2,168,010101000,3,0.9556402303,0.1283902619,13,0
2,4,000000100,1,0.9094512276,0.06868225115,125,0
2,117,001110101,5,0.9518292584,0.210091874,131,0
2,503,111110111,8,0.9562499896,0.2269489216,158,0
2,45,000101101,4,0.9461890161,0.1590515091,118,0
2,400,110010000,3,0.9547256026,0.1810064591,16,0
2,18,000010010,2,0.9048780557,0.1242320742,156,0
2,88,001011000,3,0.9570121896,0.1966020344,10,0
2,160,010100000,2,0.9399390239,0.09322097432,34,0
2,28,000011100,3,0.9434451163,0.1445199884,75,0
2,34,000100010,2,0.9111280553,0.1001502015,151,0
2,56,000111000,3,0.9454268273,0.1453281161,63,0
2,1,000000001,1,0.7878048848,0.08813527925,160,0
2,333,101001101,5,0.9678353649,0.1775467619,57,0
2,140,010001100,3,0.9544207212,0.1939722262,19,0
2,123,001111011,6,0.9626524355,0.2404932803,132,0
2,509,111111101,8,0.963262191,0.2523085512,157,0
2,142,010001110,4,0.9562499933,0.2010135157,65,0
2,334,101001110,5,0.9672256075,0.1807405879,67,0
2,264,100001000,2,0.9495426789,0.1157485445,2,0
2,429,110101101,6,0.9609756004,0.1956794159,138,0
2,483,111100011,6,0.9574695099,0.1675422555,145,0
2,128,010000000,1,0.9323170781,0.08404751134,18,0
2,261,100000101,3,0.9481707271,0.1661854191,46,0
2,423,110100111,6,0.9544207193,0.1782295462,152,0
2,135,010000111,4,0.9429878015,0.1987346318,124,0
2,203,011001011,5,0.959146332,0.1784309237,109,0
2,229,011100101,5,0.9513719473,0.2044244306,134,0
2,444,110111100,6,0.964786578,0.2217209716,128,0
2,160,010100000,2,0.9399390239,0.09322097432,36,0
2,467,111010011,6,0.9539634027,0.2327699261,153,0
2,129,010000001,2,0.9335365873,0.1010586498,70,0
2,461,111001101,6,0.9624999948,0.2131315088,133,0
2,369,101110001,5,0.9570121858,0.1660167179,119,0
2,400,110010000,3,0.9547256026,0.1810064591,17,0
2,416,110100000,3,0.9510670714,0.1087195657,33,0
2,368,101110000,4,0.9560975526,0.1694042669,68,0
2,13,000001101,3,0.9356707335,0.3014179626,117,0
2,240,011110000,4,0.9474085271,0.2333530094,113,0
2,148,010010100,3,0.9419207256,0.2030755011,86,0
2,203,011001011,5,0.959146332,0.1784309237,110,0
2,184,010111000,4,0.9567073099,0.2421766864,59,0
2,157,010011101,5,0.9608231653,0.2573634591,103,0
2,264,100001000,2,0.9495426789,0.1157485445,3,0
2,200,011001000,3,0.955487797,0.1316828153,15,0
2,155,010011011,5,0.9644817039,0.2534072064,85,0
2,388,110000100,3,0.9559451118,0.1492509923,11,0
2,144,010010000,2,0.9355182927,0.1628878268,54,0
2,441,110111001,6,0.9644817077,0.2243005,129,0
2,448,111000000,3,0.9498475511,0.1094583822,41,0
2,394,110001010,4,0.9682926834,0.1485241046,9,0
2,130,010000010,2,0.9394817092,0.1096591135,38,0
2,21,000010101,3,0.9280487876,0.1438165735,136,0
2,137,010001001,3,0.9589938968,0.1376599907,6,0
2,480,111100000,4,0.9522865769,0.1520633074,90,0
2,478,111011110,7,0.9678353649,0.271671345,147,0
2,125,001111101,6,0.9565548748,0.2541114357,148,0
2,276,100010100,3,0.9513719417,0.1391151226,28,0
2,348,101011100,5,0.9661585353,0.1913031316,72,0
2,449,111000001,4,0.9550304785,0.2016363414,73,0
2,64,001000000,1,0.9262195174,0.09079117677,45,0
2,250,011111010,6,0.9603658486,0.2909253226,140,0
2,327,101000111,5,0.9611280449,0.1737721614,102,0
2,458,111001010,5,0.9644817039,0.1614640043,83,0
2,420,110100100,4,0.9579268228,0.1566663263,53,0
2,205,011001101,5,0.9605182856,0.3885932574,104,0
2,463,111001111,7,0.9701219536,0.2215583678,144,0
2,390,110000110,4,0.9560975488,0.160214691,69,0
2,410,110011010,5,0.9644817039,0.2193003995,84,0
2,33,000100001,2,0.8849085364,0.1405141028,159,0
2,265,100001001,3,0.9512195047,0.1273183418,30,0
2,428,110101100,5,0.9626524337,0.1925693848,94,0
2,10,000001010,2,0.9445121922,0.1083079919,14,0
2,38,000100110,3,0.9329268336,0.1262098874,121,0
2,409,110011001,5,0.9621951114,0.2163874777,99,0
2,234,011101010,5,0.9644817039,0.206266609,82,0
2,281,100011001,4,0.9638719484,0.1484918948,24,0
2,386,110000010,3,0.9515243825,0.1274834615,27,0
2,106,001101010,4,0.9589938987,0.1349909608,48,0
2,388,110000100,3,0.9559451118,0.1492509923,12,0
2,184,010111000,4,0.9567073099,0.2421766864,61,0
2,184,010111000,4,0.9567073099,0.2421766864,60,0
2,263,100000111,4,0.9487804864,0.1450051651,106,0
2,152,010011000,3,0.9513719399,0.2329935927,29,0
2,272,100010000,2,0.9314024411,0.09646097757,79,0
2,220,011011100,5,0.9589938931,0.2710625273,111,0
2,161,010100001,3,0.926981708,0.1333965359,143,0
2,156,010011100,4,0.9596036505,0.2749188193,44,0
2,1,000000001,1,0.7878048848,0.08813527925,161,0
2,8,000001000,1,0.9012195114,0.0953759877,146,0
2,448,111000000,3,0.9498475511,0.1094583822,42,0
2,430,110101110,6,0.9653963409,0.2012857567,123,0
2,396,110001100,4,0.9617377967,0.18006679,37,0
2,95,001011111,6,0.9603658505,0.4629407227,139,0
2,161,010100001,3,0.926981708,0.1333965359,142,0
2,212,011010100,4,0.952439012,0.2385208402,88,0
2,263,100000111,4,0.9487804864,0.1450051651,107,0
2,172,010101100,4,0.9548780415,0.1772159359,74,0
2,207,011001111,6,0.9615853634,0.2859955677,135,0
2,408,110011000,4,0.958231695,0.2197342259,52,0
2,184,010111000,4,0.9567073099,0.2421766864,58,0
2,91,001011011,5,0.9626524337,0.2549881525,96,0
2,296,100101000,3,0.9603658449,0.1424966599,4,0
2,190,010111110,6,0.9559451174,0.3044974832,150,0
2,480,111100000,4,0.9522865769,0.1520633074,89,0
2,457,111001001,5,0.960213406,0.1580275986,105,0
2,9,000001001,2,0.9167682994,0.1331997535,137,0
2,73,001001001,3,0.953048775,0.1462754204,23,0
2,384,110000000,2,0.942378046,0.1023272595,22,0
2,154,010011010,4,0.9570121877,0.2396545438,56,0
2,38,000100110,3,0.9329268336,0.1262098874,122,0
2,138,010001010,3,0.9580792598,0.1175190397,8,0
2,288,100100000,2,0.9224085417,0.09756062739,120,0
3,427,110101011,6,0.9629573077,0.1781795989,121,0
3,237,011101101,6,0.9591463376,0.2640092028,132,0
3,72,001001000,2,0.9495426752,0.1139507112,3,0
3,111,001101111,6,0.958993895,0.2237674175,134,0
3,186,010111010,5,0.9589938968,0.2682068814,96,0
3,278,100010110,4,0.9477134068,0.1614845553,97,0
3,455,111000111,6,0.9588414561,0.178122621,135,0
3,145,010010001,3,0.943597557,0.1669537378,71,0
3,121,001111001,5,0.9562499933,0.3466811553,109,0
3,465,111010001,5,0.9565548692,0.3861234859,106,0
3,128,010000000,1,0.9323170781,0.08404751134,17,0
3,232,011101000,4,0.9621951152,0.2219230887,25,0
3,137,010001001,3,0.9589938968,0.1376599907,5,0
3,3,000000011,2,0.893902434,0.1188580212,157,0
3,458,111001010,5,0.9644817039,0.1614640043,77,0
3,418,110100010,4,0.9541158434,0.1336211525,74,0
3,200,011001000,3,0.955487797,0.1316828153,16,0
3,150,010010110,4,0.9428353608,0.4122778447,113,0
3,388,110000100,3,0.9559451118,0.1492509923,15,0
3,169,010101001,4,0.9554877914,0.1521936124,67,0
3,161,010100001,3,0.926981708,0.1333965359,127,0
3,416,110100000,3,0.9510670714,0.1087195657,27,0
3,106,001101010,4,0.9589938987,0.1349909608,40,0
3,57,000111001,4,0.9443597514,0.1744129988,111,0
3,164,010100100,3,0.9356707316,0.1803958965,101,0
3,327,101000111,5,0.9611280449,0.1737721614,89,0
3,67,001000011,3,0.9541158434,0.1536063617,18,0
3,159,010011111,6,0.9618902393,0.2912165942,124,0
3,137,010001001,3,0.9589938968,0.1376599907,4,0
3,395,110001011,5,0.9670731667,0.1769618806,60,0
3,235,011101011,6,0.9592987709,0.1924978569,130,0
3,388,110000100,3,0.9559451118,0.1492509923,14,0
3,55,000110111,5,0.9394817054,0.1547308483,151,0
3,455,111000111,6,0.9588414561,0.178122621,136,0
3,152,010011000,3,0.9513719399,0.2329935927,24,0
3,242,011110010,5,0.9455792625,0.2814117442,140,0
3,100,001100100,3,0.9481707253,0.1504776806,34,0
3,184,010111000,4,0.9567073099,0.2421766864,49,0
3,457,111001001,5,0.960213406,0.1580275986,91,0
3,226,011100010,4,0.9487804808,0.1625480801,94,0
3,82,001010010,3,0.9452743866,0.1904831256,54,0
3,56,000111000,3,0.9454268273,0.1453281161,52,0
3,457,111001001,5,0.960213406,0.1580275986,92,0
3,461,111001101,6,0.9624999948,0.2131315088,123,0
3,314,100111010,5,0.9621951208,0.1824102593,86,0
3,381,101111101,7,0.9650914595,0.2315300149,144,0
3,413,110011101,6,0.9644817039,0.2295870977,115,0
3,363,101101011,6,0.9637195095,0.1817409033,117,0
3,472,111011000,5,0.9638719503,0.2441837927,78,0
3,199,011000111,5,0.9521341417,0.2270386657,119,0
3,122,001111010,5,0.9635670725,0.3054453623,79,0
3,138,010001010,3,0.9580792598,0.1175190397,6,0
3,88,001011000,3,0.9570121896,0.1966020344,11,0
3,314,100111010,5,0.9621951208,0.1824102593,85,0
3,199,011000111,5,0.9521341417,0.2270386657,120,0
3,41,000101001,3,0.9443597533,0.2578364955,69,0
3,293,100100101,4,0.9577743821,0.1677137092,43,0
3,77,001001101,4,0.9611280505,0.2220115,30,0
3,467,111010011,6,0.9539634027,0.2327699261,145,0
3,477,111011101,7,0.9663109761,0.245831884,143,0
3,197,011000101,4,0.9516768213,0.1970114671,82,0
3,463,111001111,7,0.9701219536,0.2215583678,133,0
3,240,011110000,4,0.9474085271,0.2333530094,99,0
3,203,011001011,5,0.959146332,0.1784309237,95,0
3,384,110000000,2,0.942378046,0.1023272595,20,0
3,138,010001010,3,0.9580792598,0.1175190397,8,0
3,368,101110000,4,0.9560975526,0.1694042669,59,0
3,145,010010001,3,0.943597557,0.1669537378,70,0
3,243,011110011,6,0.9530487731,0.2716712286,148,0
3,312,100111000,4,0.9676829297,0.1558179194,13,0
3,29,000011101,4,0.951067064,0.1539091161,87,0
3,153,010011001,4,0.955487797,0.2314127795,66,0
3,106,001101010,4,0.9589938987,0.1349909608,39,0
3,344,101011000,4,0.964634141,0.194875374,19,0
3,256,100000000,1,0.8653963432,0.05144251033,161,0
3,144,010010000,2,0.9355182927,0.1628878268,44,0
3,26,000011010,3,0.9474085309,0.166096261,42,0
3,71,001000111,4,0.9454268254,0.1695544343,107,0
3,356,101100100,4,0.9591463339,0.1657813322,36,0
3,12,000001100,2,0.9342987817,0.1145905149,53,0
3,255,011111111,8,0.9632621948,0.4130405989,156,0
3,272,100010000,2,0.9314024411,0.09646097757,76,0
3,142,010001110,4,0.9562499933,0.2010135157,57,0
3,14,000001110,3,0.9452743828,0.2012516796,56,0
3,90,001011010,4,0.9618902393,0.2218290572,28,0
3,398,110001110,5,0.9652439002,0.184927925,73,0
3,288,100100000,2,0.9224085417,0.09756062739,110,0
3,207,011001111,6,0.9615853634,0.2859955677,125,0
3,395,110001011,5,0.9670731667,0.1769618806,62,0
3,2,000000010,1,0.8757621963,0.0863469597,160,0
3,35,000100011,3,0.9163109809,0.1255413797,152,0
3,511,111111111,9,0.9672256112,0.3458421361,159,0
3,503,111110111,8,0.9562499896,0.2269489216,158,0
3,395,110001011,5,0.9670731667,0.1769618806,61,0
3,164,010100100,3,0.9356707316,0.1803958965,102,0
3,505,111111001,7,0.9647865836,0.259944424,146,0
3,236,011101100,5,0.9617378004,0.2343629976,88,0
3,22,000010110,3,0.9240853731,0.1162337693,137,0
3,8,000001000,1,0.9012195114,0.0953759877,139,0
3,208,011010000,3,0.9487804789,0.2195109283,33,0
3,385,110000001,3,0.9457317069,0.1523044817,46,0
3,184,010111000,4,0.9567073099,0.2421766864,48,0
3,414,110011110,6,0.9637195077,0.2462959136,118,0
3,18,000010010,2,0.9048780557,0.1242320742,153,0
3,129,010000001,2,0.9335365873,0.1010586498,63,0
3,202,011001010,4,0.9612804782,0.149196442,29,0
3,312,100111000,4,0.9676829297,0.1558179194,12,0
3,11,000001011,3,0.9513719436,0.1420441959,23,0
3,158,010011110,5,0.9586890191,0.2851446816,98,0
3,133,010000101,3,0.9432926811,0.1673714092,72,0
3,397,110001101,5,0.9626524374,0.1984722707,83,0
3,136,010001000,2,0.9556402415,0.08872172865,0,0
3,445,110111101,7,0.9670731686,0.2392563811,142,0
3,345,101011001,5,0.9628048781,0.1997483987,81,0
3,427,110101011,6,0.9629573077,0.1781795989,122,0
3,56,000111000,3,0.9454268273,0.1453281161,51,0
3,115,001110011,5,0.9527438954,0.1939238748,116,0
3,325,101000101,4,0.9565548692,0.1581497551,50,0
3,286,100011110,5,0.9696646333,0.1719646058,41,0
3,99,001100011,4,0.9495426733,0.1583316922,90,0
3,82,001010010,3,0.9452743866,0.1904831256,55,0
3,376,101111000,5,0.9667682927,0.1849404364,64,0
3,453,111000101,5,0.9580792617,0.16819228,100,0
3,98,001100010,3,0.9480182808,0.1166399249,37,0
3,397,110001101,5,0.9626524374,0.1984722707,84,0
3,141,010001101,4,0.9608231671,0.193762437,32,0
3,189,010111101,6,0.9599085283,0.3050948284,129,0
3,214,011010110,5,0.9489329215,0.2694390733,128,0
3,439,110110111,7,0.9557926748,0.2348899278,154,0
3,77,001001101,4,0.9611280505,0.2220115,31,0
3,70,001000110,3,0.9445121922,0.1709114732,65,0
3,122,001111010,5,0.9635670725,0.3054453623,80,0
3,71,001000111,4,0.9454268254,0.1695544343,108,0
3,237,011101101,6,0.9591463376,0.2640092028,131,0
3,419,110100011,5,0.9568597469,0.1682509559,105,0
3,266,100001010,3,0.9663109817,0.1359270001,1,0
3,355,101100011,5,0.9577743858,0.1480007793,103,0
3,106,001101010,4,0.9589938987,0.1349909608,38,0
3,391,110000111,5,0.9551829174,0.1890920834,112,0
3,55,000110111,5,0.9394817054,0.1547308483,150,0
3,72,001001000,2,0.9495426752,0.1139507112,2,0
3,243,011110011,6,0.9530487731,0.2716712286,147,0
3,169,010101001,4,0.9554877914,0.1521936124,68,0
3,280,100011000,3,0.9574695043,0.1384578615,10,0
3,46,000101110,4,0.9539634064,0.1775657085,75,0
3,216,011011000,4,0.9560975544,0.2577285054,58,0
3,479,111011111,8,0.9653963409,0.297615774,155,0
3,352,101100000,3,0.9518292565,0.1353251534,22,0
3,357,101100101,5,0.9574694987,0.1785467933,104,0
3,402,110010010,4,0.9487804808,0.1966901873,93,0
3,138,010001010,3,0.9580792598,0.1175190397,7,0
3,415,110011111,7,0.9681402519,0.2540232334,138,0
3,201,011001001,4,0.9567073155,0.1810487332,47,0
3,269,100001101,4,0.963262191,0.1545369336,21,0
3,62,000111110,5,0.9538109656,0.2270585177,114,0
3,250,011111010,6,0.9603658486,0.2909253226,126,0
3,498,111110010,6,0.956097547,0.2142396532,141,0
3,253,011111101,7,0.9640243892,0.2906484376,149,0
3,232,011101000,4,0.9621951152,0.2219230887,26,0
3,92,001011100,4,0.9571646284,0.2256155275,45,0
3,100,001100100,3,0.9481707253,0.1504776806,35,0
3,138,010001010,3,0.9580792598,0.1175190397,9,0
4,84,001010100,3,0.9432926793,0.1912370785,67,0
4,138,010001010,3,0.9580792598,0.1175190397,11,0
4,135,010000111,4,0.9429878015,0.1987346318,106,0
4,272,100010000,2,0.9314024411,0.09646097757,72,0
4,71,001000111,4,0.9454268254,0.1695544343,95,0
4,235,011101011,6,0.9592987709,0.1924978569,132,0
4,24,000011000,2,0.9400914628,0.1224767463,39,0
4,288,100100000,2,0.9224085417,0.09756062739,98,0
4,395,110001011,5,0.9670731667,0.1769618806,61,0
4,392,110001000,3,0.9653963372,0.1357308119,2,0
4,359,101100111,6,0.9612804819,0.1891228305,121,0
4,419,110100011,5,0.9568597469,0.1682509559,93,0
4,456,111001000,4,0.9663109723,0.1493365318,22,0
4,496,111110000,5,0.9541158415,0.2100702799,105,0
4,319,100111111,7,0.9637195077,0.3759361217,150,0
4,60,000111100,4,0.9525914546,0.1621299409,74,0
4,318,100111110,6,0.9657012206,0.1994900974,104,0
4,192,011000000,2,0.9504573103,0.1211086311,6,0
4,104,001101000,3,0.9568597451,0.1185564424,14,0
4,478,111011110,7,0.9678353649,0.271671345,145,0
4,284,100011100,4,0.9644817002,0.1660791668,30,0
4,95,001011111,6,0.9603658505,0.4629407227,126,0
4,159,010011111,6,0.9618902393,0.2912165942,119,0
4,463,111001111,7,0.9701219536,0.2215583678,135,0
4,91,001011011,5,0.9626524337,0.2549881525,78,0
4,136,010001000,2,0.9556402415,0.08872172865,0,0
4,252,011111100,6,0.964176828,0.316163627,112,0
4,456,111001000,4,0.9663109723,0.1493365318,23,0
4,115,001110011,5,0.9527438954,0.1939238748,114,0
4,388,110000100,3,0.9559451118,0.1492509923,17,0
4,14,000001110,3,0.9452743828,0.2012516796,57,0
4,47,000101111,5,0.9513719473,0.1973781134,118,0
4,332,101001100,4,0.9624999929,0.1707430179,33,0
4,24,000011000,2,0.9400914628,0.1224767463,37,0
4,199,011000111,5,0.9521341417,0.2270386657,116,0
4,268,100001100,3,0.9647865798,0.1379161642,4,0
4,245,011110101,6,0.9474085309,0.2499909932,157,0
4,363,101101011,6,0.9637195095,0.1817409033,115,0
4,54,000110110,4,0.9384146333,0.1622000067,125,0
4,89,001011001,4,0.958079258,0.2149465061,47,0
4,21,000010101,3,0.9280487876,0.1438165735,120,0
4,385,110000001,3,0.9457317069,0.1523044817,52,0
4,446,110111110,7,0.9637195077,0.2505255626,151,0
4,178,010110010,4,0.9370426852,0.3352389857,133,0
4,215,011010111,6,0.9525914565,0.2840391258,153,0
4,136,010001000,2,0.9556402415,0.08872172865,0,0
4,171,010101011,5,0.961890243,0.1561283367,80,0
4,144,010010000,2,0.9355182927,0.1628878268,49,0
4,142,010001110,4,0.9562499933,0.2010135157,58,0
4,250,011111010,6,0.9603658486,0.2909253226,127,0
4,128,010000000,1,0.9323170781,0.08404751134,26,0
4,469,111010101,6,0.9583841395,0.2142438563,140,0
4,295,100100111,5,0.9528963305,0.1877222597,113,0
4,94,001011110,5,0.9580792617,0.2609661664,91,0
4,280,100011000,3,0.9574695043,0.1384578615,12,0
4,194,011000010,3,0.9448170681,0.1295389787,62,0
4,150,010010110,4,0.9428353608,0.4122778447,107,0
4,416,110100000,3,0.9510670714,0.1087195657,40,0
4,24,000011000,2,0.9400914628,0.1224767463,38,0
4,38,000100110,3,0.9329268336,0.1262098874,103,0
4,58,000111010,4,0.9541158453,0.1998991431,69,0
4,298,100101010,4,0.9635670781,0.1536765499,31,0
4,391,110000111,5,0.9551829174,0.1890920834,102,0
4,168,010101000,3,0.9556402303,0.1283902619,19,0
4,123,001111011,6,0.9626524355,0.2404932803,117,0
4,381,101111101,7,0.9650914595,0.2315300149,148,0
4,412,110011100,5,0.9612804819,0.2286357516,82,0
4,398,110001110,5,0.9652439002,0.184927925,68,0
4,392,110001000,3,0.9653963372,0.1357308119,3,0
4,141,010001101,4,0.9608231671,0.193762437,43,0
4,226,011100010,4,0.9487804808,0.1625480801,85,0
4,12,000001100,2,0.9342987817,0.1145905149,56,0
4,509,111111101,8,0.963262191,0.2523085512,158,0
4,71,001000111,4,0.9454268254,0.1695544343,94,0
4,237,011101101,6,0.9591463376,0.2640092028,134,0
4,367,101101111,7,0.9689024445,0.2136532324,142,0
4,333,101001101,5,0.9678353649,0.1775467619,53,0
4,57,000111001,4,0.9443597514,0.1744129988,99,0
4,25,000011001,3,0.9463414568,0.1495797473,51,0
4,498,111110010,6,0.956097547,0.2142396532,146,0
4,262,100000110,3,0.9503048733,0.1506545902,42,0
4,221,011011101,6,0.9602134116,0.300388671,130,0
4,272,100010000,2,0.9314024411,0.09646097757,71,0
4,388,110000100,3,0.9559451118,0.1492509923,16,0
4,289,100100001,3,0.9368902445,0.1236085924,87,0
4,17,000010001,2,0.8894816972,0.1499703776,159,0
4,249,011111001,6,0.958993895,0.3032088177,136,0
4,187,010111011,6,0.9594512116,0.279120577,131,0
4,341,101010101,5,0.9649390262,0.1703384123,70,0
4,429,110101101,6,0.9609756004,0.1956794159,123,0
4,152,010011000,3,0.9513719399,0.2329935927,35,0
4,137,010001001,3,0.9589938968,0.1376599907,9,0
4,1,000000001,1,0.7878048848,0.08813527925,161,0
4,8,000001000,1,0.9012195114,0.0953759877,144,0
4,25,000011001,3,0.9463414568,0.1495797473,50,0
4,128,010000000,1,0.9323170781,0.08404751134,27,0
4,90,001011010,4,0.9618902393,0.2218290572,41,0
4,441,110111001,6,0.9644817077,0.2243005,111,0
4,210,011010010,4,0.9449695069,0.2644167612,97,0
4,395,110001011,5,0.9670731667,0.1769618806,60,0
4,188,010111100,5,0.9551829174,0.2635214692,101,0
4,85,001010101,4,0.949542677,0.1903469744,84,0
4,201,011001001,4,0.9567073155,0.1810487332,54,0
4,364,101101100,5,0.9696646333,0.1734690042,46,0
4,382,101111110,7,0.9690548796,0.2183860508,141,0
4,181,010110101,5,0.9463414587,0.2437225715,143,0
4,260,100000100,2,0.9440548718,0.2004308952,24,0
4,473,111011001,6,0.9602134135,0.2257233416,129,0
4,480,111100000,4,0.9522865769,0.1520633074,75,0
4,200,011001000,3,0.955487797,0.1316828153,21,0
4,238,011101110,6,0.9606707245,0.2395493905,124,0
4,455,111000111,6,0.9588414561,0.178122621,139,0
4,138,010001010,3,0.9580792598,0.1175190397,10,0
4,36,000100100,2,0.9050304871,0.1029281626,155,0
4,168,010101000,3,0.9556402303,0.1283902619,18,0
4,455,111000111,6,0.9588414561,0.178122621,138,0
4,384,110000000,2,0.942378046,0.1023272595,29,0
4,386,110000010,3,0.9515243825,0.1274834615,32,0
4,161,010100001,3,0.926981708,0.1333965359,128,0
4,312,100111000,4,0.9676829297,0.1558179194,15,0
4,397,110001101,5,0.9626524374,0.1984722707,76,0
4,165,010100101,4,0.9425304867,0.182659965,109,0
4,11,000001011,3,0.9513719436,0.1420441959,34,0
4,397,110001101,5,0.9626524374,0.1984722707,77,0
4,98,001100010,3,0.9480182808,0.1166399249,44,0
4,282,100011010,4,0.9623475503,0.1541509838,36,0
4,400,110010000,3,0.9547256026,0.1810064591,25,0
4,489,111101001,6,0.9646341447,0.1878299923,110,0
4,10,000001010,2,0.9445121922,0.1083079919,20,0
4,186,010111010,5,0.9589938968,0.2682068814,88,0
4,153,010011001,4,0.955487797,0.2314127795,63,0
4,256,100000000,1,0.8653963432,0.05144251033,160,0
4,426,110101010,5,0.965548778,0.1652380908,66,0
4,86,001010110,4,0.9498475529,0.2009678534,83,0
4,348,101011100,5,0.9661585353,0.1913031316,65,0
4,57,000111001,4,0.9443597514,0.1744129988,100,0
4,144,010010000,2,0.9355182927,0.1628878268,48,0
4,387,110000011,4,0.9507621918,0.175960077,81,0
4,344,101011000,4,0.964634141,0.194875374,28,0
4,462,111001110,6,0.9695121981,0.2274610037,90,0
4,493,111101101,7,0.9640243854,0.3398395209,149,0
4,264,100001000,2,0.9495426789,0.1157485445,7,0
4,334,101001110,5,0.9672256075,0.1807405879,59,0
4,417,110100001,4,0.9451219458,0.1674812513,96,0
4,80,001010000,2,0.9368902445,0.1682704333,45,0
4,279,100010111,5,0.9499999974,0.1593395183,122,0
4,296,100101000,3,0.9603658449,0.1424966599,8,0
4,409,110011001,5,0.9621951114,0.2163874777,79,0
4,150,010010110,4,0.9428353608,0.4122778447,108,0
4,104,001101000,3,0.9568597451,0.1185564424,13,0
4,215,011010111,6,0.9525914565,0.2840391258,152,0
4,66,001000010,2,0.9518292602,0.09929567995,5,0
4,55,000110111,5,0.9394817054,0.1547308483,154,0
4,240,011110000,4,0.9474085271,0.2333530094,89,0
4,201,011001001,4,0.9567073155,0.1810487332,55,0
4,337,101010001,4,0.9527438916,0.1580627062,73,0
4,254,011111110,7,0.9605182894,0.3400172121,156,0
4,450,111000010,4,0.9554877952,0.1262044164,64,0
4,147,010010011,4,0.9367378037,0.1958240762,137,0
4,419,110100011,5,0.9568597469,0.1682509559,92,0
4,203,011001011,5,0.959146332,0.1784309237,86,0
4,37,000100101,3,0.9213414732,0.1178390123,147,0
5,419,110100011,5,0.9568597469,0.1682509559,94,0
5,105,001101001,4,0.9583841395,0.1598443775,43,0
5,392,110001000,3,0.9653963372,0.1357308119,1,0
5,151,010010111,5,0.9432926774,0.2769849757,132,0
5,184,010111000,4,0.9567073099,0.2421766864,51,0
5,415,110011111,7,0.9681402519,0.2540232334,121,0
5,15,000001111,4,0.9467987716,0.2596095148,90,0
5,285,100011101,5,0.9692073204,0.1706519304,47,0
5,80,001010000,2,0.9368902445,0.1682704333,40,0
5,87,001010111,5,0.9501524288,0.2489087577,111,0
5,136,010001000,2,0.9556402415,0.08872172865,0,0
5,248,011111000,5,0.9550304767,0.2725362466,102,0
5,69,001000101,3,0.949695114,0.1974406161,37,0
5,101,001100101,4,0.9471036494,0.1847556052,88,0
5,492,111101100,6,0.9681402501,0.1861764477,92,0
5,481,111100001,5,0.9490853604,0.1667485817,114,0
5,1,000000001,1,0.7878048848,0.08813527925,161,0
5,472,111011000,5,0.9638719503,0.2441837927,66,0
5,212,011010100,4,0.952439012,0.2385208402,68,0
5,165,010100101,4,0.9425304867,0.182659965,106,0
5,193,011000001,3,0.9471036512,0.1576919009,46,0
5,426,110101010,5,0.965548778,0.1652380908,59,0
5,37,000100101,3,0.9213414732,0.1178390123,130,0
5,308,100110100,4,0.957926821,0.1752202315,48,0
5,37,000100101,3,0.9213414732,0.1178390123,131,0
5,39,000100111,4,0.9327743929,0.170628381,129,0
5,66,001000010,2,0.9518292602,0.09929567995,4,0
5,175,010101111,6,0.9585365672,0.2318464871,118,0
5,384,110000000,2,0.942378046,0.1023272595,19,0
5,137,010001001,3,0.9589938968,0.1376599907,9,0
5,105,001101001,4,0.9583841395,0.1598443775,42,0
5,137,010001001,3,0.9589938968,0.1376599907,8,0
5,33,000100001,2,0.8849085364,0.1405141028,158,0
5,243,011110011,6,0.9530487731,0.2716712286,139,0
5,48,000110000,2,0.9140243977,0.09490588191,119,0
5,250,011111010,6,0.9603658486,0.2909253226,112,0
5,392,110001000,3,0.9653963372,0.1357308119,2,0
5,464,111010000,4,0.9522865787,0.1902281402,69,0
5,329,101001001,4,0.9663109742,0.1626024148,16,0
5,170,010101010,4,0.9583841376,0.1237906108,44,0
5,494,111101110,7,0.963262191,0.2477963772,142,0
5,56,000111000,3,0.9454268273,0.1453281161,52,0
5,73,001001001,3,0.953048775,0.1462754204,21,0
5,333,101001101,5,0.9678353649,0.1775467619,49,0
5,296,100101000,3,0.9603658449,0.1424966599,7,0
5,383,101111111,8,0.9637195133,0.2397632855,153,0
5,316,100111100,5,0.9669207297,0.1835955237,54,0
5,265,100001001,3,0.9512195047,0.1273183418,28,0
5,477,111011101,7,0.9663109761,0.245831884,128,0
5,29,000011101,4,0.951067064,0.1539091161,77,0
5,381,101111101,7,0.9650914595,0.2315300149,135,0
5,34,000100010,2,0.9111280553,0.1001502015,127,0
5,216,011011000,4,0.9560975544,0.2577285054,53,0
5,255,011111111,8,0.9632621948,0.4130405989,154,0
5,134,010000110,3,0.9411585312,0.1737534327,70,0
5,507,111111011,8,0.9617377967,0.2683291459,156,0
5,313,100111001,5,0.963109754,0.167221989,71,0
5,77,001001101,4,0.9611280505,0.2220115,33,0
5,195,011000011,4,0.9493902363,0.1929078563,81,0
5,345,101011001,5,0.9628048781,0.1997483987,72,0
5,151,010010111,5,0.9432926774,0.2769849757,134,0
5,205,011001101,5,0.9605182856,0.3885932574,79,0
5,60,000111100,4,0.9525914546,0.1621299409,67,0
5,203,011001011,5,0.959146332,0.1784309237,86,0
5,392,110001000,3,0.9653963372,0.1357308119,3,0
5,458,111001010,5,0.9644817039,0.1614640043,63,0
5,320,101000000,2,0.9503048677,0.1123269997,5,0
5,69,001000101,3,0.949695114,0.1974406161,38,0
5,115,001110011,5,0.9527438954,0.1939238748,108,0
5,298,100101010,4,0.9635670781,0.1536765499,24,0
5,282,100011010,4,0.9623475503,0.1541509838,27,0
5,281,100011001,4,0.9638719484,0.1484918948,23,0
5,386,110000010,3,0.9515243825,0.1274834615,26,0
5,8,000001000,1,0.9012195114,0.0953759877,122,0
5,322,101000010,3,0.9539634027,0.1114213858,18,0
5,178,010110010,4,0.9370426852,0.3352389857,116,0
5,176,010110000,3,0.9341463428,0.2078121302,97,0
5,326,101000110,4,0.9586890172,0.1529696728,41,0
5,422,110100110,5,0.9547256045,0.1711755372,103,0
5,45,000101101,4,0.9461890161,0.1590515091,91,0
5,176,010110000,3,0.9341463428,0.2078121302,98,0
5,384,110000000,2,0.942378046,0.1023272595,20,0
5,169,010101001,4,0.9554877914,0.1521936124,55,0
5,315,100111011,6,0.9631097522,0.1866992847,109,0
5,219,011011011,6,0.9600609709,0.3007806377,115,0
5,482,111100010,5,0.9591463339,0.139335844,85,0
5,366,101101110,6,0.9675304852,0.2001497867,96,0
5,132,010000100,2,0.9396341462,0.1636577162,29,0
5,150,010010110,4,0.9428353608,0.4122778447,105,0
5,16,000010000,1,0.8800304849,0.0962131978,157,0
5,35,000100011,3,0.9163109809,0.1255413797,148,0
5,510,111111110,8,0.9663109742,0.2578454181,150,0
5,510,111111110,8,0.9663109742,0.2578454181,151,0
5,455,111000111,6,0.9588414561,0.178122621,117,0
5,433,110110001,5,0.953048775,0.1948711216,107,0
5,381,101111101,7,0.9650914595,0.2315300149,136,0
5,174,010101110,5,0.9596036505,0.2229905166,84,0
5,6,000000110,2,0.9178353697,0.1008892676,110,0
5,256,100000000,1,0.8653963432,0.05144251033,159,0
5,448,111000000,3,0.9498475511,0.1094583822,35,0
5,393,110001001,4,0.9617377985,0.1536827425,31,0
5,168,010101000,3,0.9556402303,0.1283902619,12,0
5,404,110010100,4,0.9553353563,0.1947822548,57,0
5,443,110111011,7,0.9624999985,0.2361019221,144,0
5,1,000000001,1,0.7878048848,0.08813527925,160,0
5,130,010000010,2,0.9394817092,0.1096591135,32,0
5,184,010111000,4,0.9567073099,0.2421766864,50,0
5,408,110011000,4,0.958231695,0.2197342259,45,0
5,287,100011111,6,0.9652439002,0.1928226636,104,0
5,197,011000101,4,0.9516768213,0.1970114671,73,0
5,445,110111101,7,0.9670731686,0.2392563811,126,0
5,8,000001000,1,0.9012195114,0.0953759877,123,0
5,509,111111101,8,0.963262191,0.2523085512,155,0
5,73,001001001,3,0.953048775,0.1462754204,22,0
5,335,101001111,6,0.9673780575,0.2185122878,99,0
5,440,110111000,5,0.9647865817,0.2230814546,60,0
5,253,011111101,7,0.9640243892,0.2906484376,140,0
5,88,001011000,3,0.9570121896,0.1966020344,10,0
5,93,001011101,5,0.9603658449,0.2507782625,82,0
5,71,001000111,4,0.9454268254,0.1695544343,95,0
5,50,000110010,3,0.9269817118,0.1555463769,113,0
5,458,111001010,5,0.9644817039,0.1614640043,62,0
5,76,001001100,3,0.9522865731,0.1880639463,25,0
5,242,011110010,5,0.9455792625,0.2814117442,124,0
5,407,110010111,6,0.9516768251,0.3759041177,143,0
5,141,010001101,4,0.9608231671,0.193762437,36,0
5,143,010001111,5,0.9640243854,0.2269113725,64,0
5,55,000110111,5,0.9394817054,0.1547308483,146,0
5,181,010110101,5,0.9463414587,0.2437225715,120,0
5,77,001001101,4,0.9611280505,0.2220115,34,0
5,102,001100110,4,0.9516768195,0.1653954163,74,0
5,174,010101110,5,0.9596036505,0.2229905166,83,0
5,453,111000101,5,0.9580792617,0.16819228,89,0
5,425,110101001,5,0.9621951208,0.1687642131,76,0
5,291,100100011,4,0.9493902382,0.206504555,80,0
5,128,010000000,1,0.9323170781,0.08404751134,17,0
5,99,001100011,4,0.9495426733,0.1583316922,78,0
5,104,001101000,3,0.9568597451,0.1185564424,11,0
5,151,010010111,5,0.9432926774,0.2769849757,133,0
5,55,000110111,5,0.9394817054,0.1547308483,147,0
5,393,110001001,4,0.9617377985,0.1536827425,30,0
5,247,011110111,7,0.9538109675,0.2866593562,152,0
5,185,010111001,5,0.957012184,0.2482354445,93,0
5,28,000011100,3,0.9434451163,0.1445199884,58,0
5,246,011110110,6,0.9506097473,0.2641389403,145,0
5,200,011001000,3,0.955487797,0.1316828153,15,0
5,223,011011111,7,0.959298769,0.3238683129,149,0
5,100,001100100,3,0.9481707253,0.1504776806,39,0
5,361,101101001,5,0.9644817058,0.176816938,61,0
5,467,111010011,6,0.9539634027,0.2327699261,137,0
5,206,011001110,5,0.9589938931,0.2441969891,87,0
5,109,001101101,5,0.9626524318,0.2083265451,75,0
5,72,001001000,2,0.9495426752,0.1139507112,6,0
5,41,000101001,3,0.9443597533,0.2578364955,56,0
5,182,010110110,5,0.9414634127,0.2396552637,141,0
5,168,010101000,3,0.9556402303,0.1283902619,14,0
5,288,100100000,2,0.9224085417,0.09756062739,100,0
5,445,110111101,7,0.9670731686,0.2392563811,125,0
5,168,010101000,3,0.9556402303,0.1283902619,13,0
5,248,011111000,5,0.9550304767,0.2725362466,101,0
5,53,000110101,4,0.9317073226,0.1503448677,138,0
5,472,111011000,5,0.9638719503,0.2441837927,65,0
6,92,001011100,4,0.9571646284,0.2256155275,48,0
6,158,010011110,5,0.9586890191,0.2851446816,86,0
6,87,001010111,5,0.9501524288,0.2489087577,119,0
6,360,101101000,4,0.9634146318,0.168340771,28,0
6,343,101010111,6,0.9589938968,0.1846750332,125,0
6,364,101101100,5,0.9696646333,0.1734690042,39,0
6,20,000010100,2,0.916006105,0.1150037684,121,0
6,144,010010000,2,0.9355182927,0.1628878268,45,0
6,175,010101111,6,0.9585365672,0.2318464871,131,0
6,426,110101010,5,0.965548778,0.1652380908,59,0
6,359,101100111,6,0.9612804819,0.1891228305,117,0
6,387,110000011,4,0.9507621918,0.175960077,75,0
6,424,110101000,4,0.9621951189,0.151591171,30,0
6,466,111010010,5,0.9501524325,0.2081504837,118,0
6,131,010000011,3,0.9347560965,0.1501262328,91,0
6,28,000011100,3,0.9434451163,0.1445199884,57,0
6,510,111111110,8,0.9663109742,0.2578454181,154,0
6,34,000100010,2,0.9111280553,0.1001502015,140,0
6,3,000000011,2,0.893902434,0.1188580212,159,0
6,449,111000001,4,0.9550304785,0.2016363414,56,0
6,188,010111100,5,0.9551829174,0.2635214692,96,0
6,85,001010101,4,0.949542677,0.1903469744,78,0
6,218,011011010,5,0.958841458,0.2987742741,84,0
6,459,111001011,6,0.9693597592,0.1673336257,87,0
6,458,111001010,5,0.9644817039,0.1614640043,64,0
6,456,111001000,4,0.9663109723,0.1493365318,17,0
6,477,111011101,7,0.9663109761,0.245831884,141,0
6,504,111111000,6,0.9646341465,0.2548272442,103,0
6,121,001111001,5,0.9562499933,0.3466811553,93,0
6,426,110101010,5,0.965548778,0.1652380908,58,0
6,135,010000111,4,0.9429878015,0.1987346318,100,0
6,102,001100110,4,0.9516768195,0.1653954163,69,0
6,474,111011010,6,0.9687500075,0.2528586062,88,0
6,280,100011000,3,0.9574695043,0.1384578615,8,0
6,47,000101111,5,0.9513719473,0.1973781134,112,0
6,388,110000100,3,0.9559451118,0.1492509923,14,0
6,249,011111001,6,0.958993895,0.3032088177,127,0
6,41,000101001,3,0.9443597533,0.2578364955,55,0
6,182,010110110,5,0.9414634127,0.2396552637,147,0
6,473,111011001,6,0.9602134135,0.2257233416,122,0
6,51,000110011,4,0.926524397,0.1556108566,152,0
6,392,110001000,3,0.9653963372,0.1357308119,3,0
6,398,110001110,5,0.9652439002,0.184927925,61,0
6,178,010110010,4,0.9370426852,0.3352389857,123,0
6,211,011010011,5,0.9449695051,0.2340317885,139,0
6,136,010001000,2,0.9556402415,0.08872172865,0,0
6,321,101000001,3,0.953048775,0.1407439543,25,0
6,144,010010000,2,0.9355182927,0.1628878268,44,0
6,394,110001010,4,0.9682926834,0.1485241046,9,0
6,498,111110010,6,0.956097547,0.2142396532,138,0
6,146,010010010,3,0.9370426815,0.1859965373,83,0
6,223,011011111,7,0.959298769,0.3238683129,153,0
6,295,100100111,5,0.9528963305,0.1877222597,107,0
6,410,110011010,5,0.9644817039,0.2193003995,65,0
6,317,100111101,6,0.9661585316,0.1998526342,97,0
6,128,010000000,1,0.9323170781,0.08404751134,20,0
6,230,011100110,5,0.9544207174,0.2009842331,99,0
6,226,011100010,4,0.9487804808,0.1625480801,80,0
6,268,100001100,3,0.9647865798,0.1379161642,4,0
6,128,010000000,1,0.9323170781,0.08404751134,19,0
6,298,100101010,4,0.9635670781,0.1536765499,27,0
6,42,000101010,3,0.955487797,0.1481546445,15,0
6,270,100001110,4,0.9641768225,0.171474142,23,0
6,428,110101100,5,0.9626524337,0.1925693848,71,0
6,343,101010111,6,0.9589938968,0.1846750332,124,0
6,63,000111111,6,0.9544207286,0.2803421966,143,0
6,176,010110000,3,0.9341463428,0.2078121302,92,0
6,154,010011010,4,0.9570121877,0.2396545438,49,0
6,8,000001000,1,0.9012195114,0.0953759877,135,0
6,284,100011100,4,0.9644817002,0.1660791668,22,0
6,229,011100101,5,0.9513719473,0.2044244306,113,0
6,390,110000110,4,0.9560975488,0.160214691,53,0
6,244,011110100,5,0.9503048733,0.2641298291,116,0
6,407,110010111,6,0.9516768251,0.3759041177,148,0
6,171,010101011,5,0.961890243,0.1561283367,74,0
6,325,101000101,4,0.9565548692,0.1581497551,50,0
6,455,111000111,6,0.9588414561,0.178122621,129,0
6,120,001111000,4,0.9544207193,0.2454422717,60,0
6,73,001001001,3,0.953048775,0.1462754204,26,0
6,464,111010000,4,0.9522865787,0.1902281402,66,0
6,106,001101010,4,0.9589938987,0.1349909608,37,0
6,286,100011110,5,0.9696646333,0.1719646058,38,0
6,22,000010110,3,0.9240853731,0.1162337693,133,0
6,396,110001100,4,0.9617377967,0.18006679,33,0
6,291,100100011,4,0.9493902382,0.206504555,79,0
6,125,001111101,6,0.9565548748,0.2541114357,137,0
6,113,001110001,4,0.9504573084,0.1746187271,76,0
6,26,000011010,3,0.9474085309,0.166096261,41,0
6,329,101001001,4,0.9663109742,0.1626024148,16,0
6,431,110101111,7,0.9658536613,0.2059036302,142,0
6,16,000010000,1,0.8800304849,0.0962131978,161,0
6,137,010001001,3,0.9589938968,0.1376599907,6,0
6,129,010000001,2,0.9335365873,0.1010586498,54,0
6,104,001101000,3,0.9568597451,0.1185564424,12,0
6,159,010011111,6,0.9618902393,0.2912165942,114,0
6,149,010010101,4,0.9435975533,0.2027544379,98,0
6,16,000010000,1,0.8800304849,0.0962131978,160,0
6,409,110011001,5,0.9621951114,0.2163874777,72,0
6,506,111111010,7,0.9606707208,0.2898382405,149,0
6,131,010000011,3,0.9347560965,0.1501262328,90,0
6,174,010101110,5,0.9596036505,0.2229905166,81,0
6,343,101010111,6,0.9589938968,0.1846750332,126,0
6,72,001001000,2,0.9495426752,0.1139507112,5,0
6,67,001000011,3,0.9541158434,0.1536063617,21,0
6,506,111111010,7,0.9606707208,0.2898382405,150,0
6,124,001111100,5,0.9573170636,0.2322485391,89,0
6,260,100000100,2,0.9440548718,0.2004308952,18,0
6,105,001101001,4,0.9583841395,0.1598443775,42,0
6,228,011100100,4,0.9510670714,0.1718315468,73,0
6,393,110001001,4,0.9617377985,0.1536827425,32,0
6,254,011111110,7,0.9605182894,0.3400172121,151,0
6,479,111011111,8,0.9653963409,0.297615774,156,0
6,136,010001000,2,0.9556402415,0.08872172865,0,0
6,188,010111100,5,0.9551829174,0.2635214692,94,0
6,104,001101000,3,0.9568597451,0.1185564424,13,0
6,455,111000111,6,0.9588414561,0.178122621,128,0
6,266,100001010,3,0.9663109817,0.1359270001,2,0
6,327,101000111,5,0.9611280449,0.1737721614,77,0
6,108,001101100,4,0.9585365746,0.1886128322,40,0
6,152,010011000,3,0.9513719399,0.2329935927,29,0
6,495,111101111,8,0.9658536594,0.22599763,155,0
6,181,010110101,5,0.9463414587,0.2437225715,132,0
6,191,010111111,7,0.963719504,0.2866767156,146,0
6,397,110001101,5,0.9626524374,0.1984722707,70,0
6,40,000101000,2,0.9376524407,0.09235404083,35,0
6,441,110111001,6,0.9644817077,0.2243005,105,0
6,420,110100100,4,0.9579268228,0.1566663263,43,0
6,202,011001010,4,0.9612804782,0.149196442,34,0
6,394,110001010,4,0.9682926834,0.1485241046,10,0
6,118,001110110,5,0.9516768213,0.2225226476,111,0
6,25,000011001,3,0.9463414568,0.1495797473,46,0
6,321,101000001,3,0.953048775,0.1407439543,24,0
6,446,110111110,7,0.9637195077,0.2505255626,145,0
6,342,101010110,5,0.9528963305,0.1802943386,108,0
6,156,010011100,4,0.9596036505,0.2749188193,36,0
6,315,100111011,6,0.9631097522,0.1866992847,110,0
6,313,100111001,5,0.963109754,0.167221989,67,0
6,207,011001111,6,0.9615853634,0.2859955677,115,0
6,9,000001001,2,0.9167682994,0.1331997535,120,0
6,489,111101001,6,0.9646341447,0.1878299923,104,0
6,188,010111100,5,0.9551829174,0.2635214692,95,0
6,88,001011000,3,0.9570121896,0.1966020344,11,0
6,78,001001110,4,0.9573170636,0.2032758179,47,0
6,165,010100101,4,0.9425304867,0.182659965,102,0
6,8,000001000,1,0.9012195114,0.0953759877,136,0
6,278,100010110,4,0.9477134068,0.1614845553,85,0
6,56,000111000,3,0.9454268273,0.1453281161,51,0
6,377,101111001,6,0.9640243854,0.320313164,106,0
6,150,010010110,4,0.9428353608,0.4122778447,101,0
6,232,011101000,4,0.9621951152,0.2219230887,31,0
6,3,000000011,2,0.893902434,0.1188580212,158,0
6,146,010010010,3,0.9370426815,0.1859965373,82,0
6,175,010101111,6,0.9585365672,0.2318464871,130,0
6,368,101110000,4,0.9560975526,0.1694042669,52,0
6,345,101011001,5,0.9628048781,0.1997483987,68,0
6,23,000010111,4,0.9347560983,0.1537364139,134,0
6,414,110011110,6,0.9637195077,0.2462959136,109,0
6,138,010001010,3,0.9580792598,0.1175190397,7,0
6,19,000010011,3,0.9097560961,0.1301706852,157,0
6,398,110001110,5,0.9652439002,0.184927925,62,0
6,458,111001010,5,0.9644817039,0.1614640043,63,0
6,53,000110101,4,0.9317073226,0.1503448677,144,0
7,423,110100111,6,0.9544207193,0.1782295462,136,0
7,101,001100101,4,0.9471036494,0.1847556052,83,0
7,392,110001000,3,0.9653963372,0.1357308119,2,0
7,183,010110111,6,0.9443597514,0.2673205337,150,0
7,168,010101000,3,0.9556402303,0.1283902619,12,0
7,411,110011011,6,0.9638719447,0.23684128,106,0
7,455,111000111,6,0.9588414561,0.178122621,127,0
7,485,111100101,6,0.9573170673,0.1772199203,128,0
7,84,001010100,3,0.9432926793,0.1912370785,59,0
7,87,001010111,5,0.9501524288,0.2489087577,116,0
7,136,010001000,2,0.9556402415,0.08872172865,0,0
7,124,001111100,5,0.9573170636,0.2322485391,88,0
7,69,001000101,3,0.949695114,0.1974406161,33,0
7,45,000101101,4,0.9461890161,0.1590515091,89,0
7,500,111110100,6,0.9571646266,0.210213976,129,0
7,163,010100011,4,0.9469512142,0.1452375506,84,0
7,65,001000001,2,0.9350609761,0.1252497334,44,0
7,404,110010100,4,0.9553353563,0.1947822548,55,0
7,184,010111000,4,0.9567073099,0.2421766864,47,0
7,178,010110010,4,0.9370426852,0.3352389857,123,0
7,467,111010011,6,0.9539634027,0.2327699261,138,0
7,74,001001010,3,0.9570121821,0.1378696063,9,0
7,229,011100101,5,0.9513719473,0.2044244306,112,0
7,36,000100100,2,0.9050304871,0.1029281626,147,0
7,436,110110100,5,0.9548780341,0.3190835472,96,0
7,38,000100110,3,0.9329268336,0.1262098874,95,0
7,35,000100011,3,0.9163109809,0.1255413797,146,0
7,7,000000111,3,0.9213414732,0.1769612008,134,0
7,394,110001010,4,0.9682926834,0.1485241046,8,0
7,133,010000101,3,0.9432926811,0.1673714092,58,0
7,498,111110010,6,0.956097547,0.2142396532,131,0
7,129,010000001,2,0.9335365873,0.1010586498,53,0
7,135,010000111,4,0.9429878015,0.1987346318,100,0
7,487,111100111,7,0.9623475522,0.2054754389,142,0
7,413,110011101,6,0.9644817039,0.2295870977,103,0
7,314,100111010,5,0.9621951208,0.1824102593,74,0
7,239,011101111,7,0.9621951133,0.2638499523,143,0
7,466,111010010,5,0.9501524325,0.2081504837,115,0
7,361,101101001,5,0.9644817058,0.176816938,66,0
7,290,100100010,3,0.9499999899,0.1336969913,31,0
7,325,101000101,4,0.9565548692,0.1581497551,48,0
7,313,100111001,5,0.963109754,0.167221989,71,0
7,120,001111000,4,0.9544207193,0.2454422717,57,0
7,141,010001101,4,0.9608231671,0.193762437,32,0
7,429,110101101,6,0.9609756004,0.1956794159,117,0
7,383,101111111,8,0.9637195133,0.2397632855,152,0
7,190,010111110,6,0.9559451174,0.3044974832,132,0
7,331,101001011,5,0.9695122056,0.1774945036,39,0
7,221,011011101,6,0.9602134116,0.300388671,120,0
7,77,001001101,4,0.9611280505,0.2220115,30,0
7,301,100101101,5,0.9657012131,0.1904032845,56,0
7,297,100101001,4,0.9582317006,0.1647070954,41,0
7,72,001001000,2,0.9495426752,0.1139507112,5,0
7,43,000101011,4,0.9513719436,0.1703410912,73,0
7,384,110000000,2,0.942378046,0.1023272595,20,0
7,350,101011110,6,0.9681402408,0.2603807449,90,0
7,401,110010001,4,0.9516768232,0.1931645344,72,0
7,159,010011111,6,0.9618902393,0.2912165942,114,0
7,83,001010011,4,0.9489329197,0.2551624496,80,0
7,337,101010001,4,0.9527438916,0.1580627062,69,0
7,19,000010011,3,0.9097560961,0.1301706852,151,0
7,221,011011101,6,0.9602134116,0.300388671,119,0
7,17,000010001,2,0.8894816972,0.1499703776,158,0
7,235,011101011,6,0.9592987709,0.1924978569,121,0
7,168,010101000,3,0.9556402303,0.1283902619,11,0
7,168,010101000,3,0.9556402303,0.1283902619,14,0
7,320,101000000,2,0.9503048677,0.1123269997,4,0
7,99,001100011,4,0.9495426733,0.1583316922,78,0
7,355,101100011,5,0.9577743858,0.1480007793,86,0
7,191,010111111,7,0.963719504,0.2866767156,140,0
7,26,000011010,3,0.9474085309,0.166096261,38,0
7,153,010011001,4,0.955487797,0.2314127795,54,0
7,395,110001011,5,0.9670731667,0.1769618806,51,0
7,344,101011000,4,0.964634141,0.194875374,19,0
7,310,100110110,5,0.952591449,0.1832640478,108,0
7,440,110111000,5,0.9647865817,0.2230814546,62,0
7,441,110111001,6,0.9644817077,0.2243005,102,0
7,418,110100010,4,0.9541158434,0.1336211525,60,0
7,503,111110111,8,0.9562499896,0.2269489216,157,0
7,13,000001101,3,0.9356707335,0.3014179626,85,0
7,437,110110101,6,0.9524390157,0.2554515093,141,0
7,192,011000000,2,0.9504573103,0.1211086311,3,0
7,490,111101010,6,0.9657012131,0.1730029145,97,0
7,51,000110011,4,0.926524397,0.1556108566,148,0
7,216,011011000,4,0.9560975544,0.2577285054,50,0
7,167,010100111,5,0.9480182845,0.1973982276,125,0
7,142,010001110,4,0.9562499933,0.2010135157,49,0
7,101,001100101,4,0.9471036494,0.1847556052,82,0
7,150,010010110,4,0.9428353608,0.4122778447,101,0
7,16,000010000,1,0.8800304849,0.0962131978,156,0
7,170,010101010,4,0.9583841376,0.1237906108,40,0
7,381,101111101,7,0.9650914595,0.2315300149,137,0
7,342,101010110,5,0.9528963305,0.1802943386,104,0
7,387,110000011,4,0.9507621918,0.175960077,77,0
7,292,100100100,3,0.9576219451,0.1772560109,7,0
7,364,101101100,5,0.9696646333,0.1734690042,36,0
7,190,010111110,6,0.9559451174,0.3044974832,133,0
7,230,011100110,5,0.9544207174,0.2009842331,98,0
7,128,010000000,1,0.9323170781,0.08404751134,16,0
7,456,111001000,4,0.9663109723,0.1493365318,15,0
7,30,000011110,4,0.9535060879,0.1916021421,64,0
7,184,010111000,4,0.9567073099,0.2421766864,46,0
7,471,111010111,7,0.9618902374,0.2460674956,145,0
7,440,110111000,5,0.9647865817,0.2230814546,63,0
7,1,000000001,1,0.7878048848,0.08813527925,161,0
7,67,001000011,3,0.9541158434,0.1536063617,18,0
7,188,010111100,5,0.9551829174,0.2635214692,94,0
7,411,110011011,6,0.9638719447,0.23684128,107,0
7,267,100001011,4,0.9620426763,0.1646921253,28,0
7,116,001110100,4,0.9464938957,0.2140967343,87,0
7,152,010011000,3,0.9513719399,0.2329935927,24,0
7,16,000010000,1,0.8800304849,0.0962131978,155,0
7,509,111111101,8,0.963262191,0.2523085512,154,0
7,193,011000001,3,0.9471036512,0.1576919009,42,0
7,143,010001111,5,0.9640243854,0.2269113725,68,0
7,2,000000010,1,0.8757621963,0.0863469597,159,0
7,509,111111101,8,0.963262191,0.2523085512,153,0
7,152,010011000,3,0.9513719399,0.2329935927,23,0
7,409,110011001,5,0.9621951114,0.2163874777,76,0
7,199,011000111,5,0.9521341417,0.2270386657,109,0
7,52,000110100,3,0.9237804934,0.1129184102,130,0
7,74,001001010,3,0.9570121821,0.1378696063,10,0
7,201,011001001,4,0.9567073155,0.1810487332,45,0
7,434,110110010,5,0.9512195047,0.2008119989,113,0
7,471,111010111,7,0.9618902374,0.2460674956,144,0
7,46,000101110,4,0.9539634064,0.1775657085,61,0
7,25,000011001,3,0.9463414568,0.1495797473,43,0
7,276,100010100,3,0.9513719417,0.1391151226,22,0
7,53,000110101,4,0.9317073226,0.1503448677,139,0
7,131,010000011,3,0.9347560965,0.1501262328,91,0
7,230,011100110,5,0.9544207174,0.2009842331,99,0
7,47,000101111,5,0.9513719473,0.1973781134,111,0
7,67,001000011,3,0.9541158434,0.1536063617,17,0
7,361,101101001,5,0.9644817058,0.176816938,65,0
7,235,011101011,6,0.9592987709,0.1924978569,122,0
7,137,010001001,3,0.9589938968,0.1376599907,6,0
7,194,011000010,3,0.9448170681,0.1295389787,52,0
7,32,000100000,1,0.8641768359,0.1044695501,160,0
7,406,110010110,5,0.9480182827,0.218691871,126,0
7,148,010010100,3,0.9419207256,0.2030755011,67,0
7,265,100001001,3,0.9512195047,0.1273183418,26,0
7,54,000110110,4,0.9384146333,0.1622000067,118,0
7,425,110101001,5,0.9621951208,0.1687642131,75,0
7,24,000011000,2,0.9400914628,0.1224767463,27,0
7,146,010010010,3,0.9370426815,0.1859965373,81,0
7,225,011100001,4,0.9452743847,0.1662776889,92,0
7,461,111001101,6,0.9624999948,0.2131315088,110,0
7,132,010000100,2,0.9396341462,0.1636577162,29,0
7,360,101101000,4,0.9634146318,0.168340771,21,0
7,275,100010011,4,0.9417682886,0.1271214618,105,0
7,476,111011100,6,0.9672256112,0.2396430206,93,0
7,237,011101101,6,0.9591463376,0.2640092028,124,0
7,152,010011000,3,0.9513719399,0.2329935927,25,0
7,27,000011011,4,0.9495426714,0.1951567573,79,0
7,134,010000110,3,0.9411585312,0.1737534327,70,0
7,108,001101100,4,0.9585365746,0.1886128322,37,0
7,40,000101000,2,0.9376524407,0.09235404083,34,0
7,245,011110101,6,0.9474085309,0.2499909932,149,0
7,168,010101000,3,0.9556402303,0.1283902619,13,0
7,112,001110000,3,0.9481707234,0.1940589957,35,0
7,37,000100101,3,0.9213414732,0.1178390123,135,0
7,328,101001000,3,0.9661585353,0.1314932012,1,0
8,344,101011000,4,0.964634141,0.194875374,20,0
8,155,010011011,5,0.9644817039,0.2534072064,50,0
8,23,000010111,4,0.9347560983,0.1537364139,132,0
8,344,101011000,4,0.964634141,0.194875374,21,0
8,375,101110111,7,0.9571646266,0.217339966,151,0
8,228,011100100,4,0.9510670714,0.1718315468,63,0
8,464,111010000,4,0.9522865787,0.1902281402,56,0
8,72,001001000,2,0.9495426752,0.1139507112,4,0
8,431,110101111,7,0.9658536613,0.2059036302,136,0
8,168,010101000,3,0.9556402303,0.1283902619,14,0
8,358,101100110,5,0.9629573151,0.1768365032,60,0
8,451,111000011,5,0.9550304729,0.1685197698,92,0
8,488,111101000,5,0.966463415,0.1571392328,44,0
8,470,111010110,6,0.9586890098,0.2075651209,123,0
8,147,010010011,4,0.9367378037,0.1958240762,120,0
8,334,101001110,5,0.9672256075,0.1807405879,41,0
8,190,010111110,6,0.9559451174,0.3044974832,135,0
8,106,001101010,4,0.9589938987,0.1349909608,33,0
8,87,001010111,5,0.9501524288,0.2489087577,110,0
8,393,110001001,4,0.9617377985,0.1536827425,29,0
8,172,010101100,4,0.9548780415,0.1772159359,46,0
8,437,110110101,6,0.9524390157,0.2554515093,142,0
8,280,100011000,3,0.9574695043,0.1384578615,7,0
8,491,111101011,7,0.9621951226,0.1842359612,146,0
8,203,011001011,5,0.959146332,0.1784309237,74,0
8,201,011001001,4,0.9567073155,0.1810487332,39,0
8,350,101011110,6,0.9681402408,0.2603807449,84,0
8,464,111010000,4,0.9522865787,0.1902281402,57,0
8,118,001110110,5,0.9516768213,0.2225226476,104,0
8,482,111100010,5,0.9591463339,0.139335844,73,0
8,101,001100101,4,0.9471036494,0.1847556052,80,0
8,110,001101110,5,0.9606707301,0.2040525535,66,0
8,504,111111000,6,0.9646341465,0.2548272442,98,0
8,25,000011001,3,0.9463414568,0.1495797473,36,0
8,115,001110011,5,0.9527438954,0.1939238748,103,0
8,196,011000100,3,0.9515243825,0.1577226631,26,0
8,408,110011000,4,0.958231695,0.2197342259,35,0
8,61,000111101,5,0.9515243843,0.1722416603,105,0
8,22,000010110,3,0.9240853731,0.1162337693,130,0
8,153,010011001,4,0.955487797,0.2314127795,43,0
8,168,010101000,3,0.9556402303,0.1283902619,13,0
8,2,000000010,1,0.8757621963,0.0863469597,159,0
8,271,100001111,5,0.9682926834,0.1738470579,37,0
8,376,101111000,5,0.9667682927,0.1849404364,42,0
8,214,011010110,5,0.9489329215,0.2694390733,116,0
8,48,000110000,2,0.9140243977,0.09490588191,124,0
8,449,111000001,4,0.9550304785,0.2016363414,45,0
8,68,001000100,2,0.947560966,0.2287352863,5,0
8,258,100000010,2,0.9272865914,0.1128509992,69,0
8,298,100101010,4,0.9635670781,0.1536765499,24,0
8,242,011110010,5,0.9455792625,0.2814117442,134,0
8,182,010110110,5,0.9414634127,0.2396552637,141,0
8,439,110110111,7,0.9557926748,0.2348899278,152,0
8,462,111001110,6,0.9695121981,0.2274610037,78,0
8,127,001111111,7,0.9617378041,0.3252968704,147,0
8,177,010110001,4,0.9394817054,0.2004012102,109,0
8,366,101101110,6,0.9675304852,0.2001497867,85,0
8,320,101000000,2,0.9503048677,0.1123269997,2,0
8,400,110010000,3,0.9547256026,0.1810064591,17,0
8,140,010001100,3,0.9544207212,0.1939722262,18,0
8,492,111101100,6,0.9681402501,0.1861764477,83,0
8,38,000100110,3,0.9329268336,0.1262098874,90,0
8,358,101100110,5,0.9629573151,0.1768365032,61,0
8,168,010101000,3,0.9556402303,0.1283902619,12,0
8,22,000010110,3,0.9240853731,0.1162337693,129,0
8,349,101011101,6,0.9696646389,0.3093579304,76,0
8,188,010111100,5,0.9551829174,0.2635214692,89,0
8,412,110011100,5,0.9612804819,0.2286357516,64,0
8,156,010011100,4,0.9596036505,0.2749188193,32,0
8,265,100001001,3,0.9512195047,0.1273183418,28,0
8,485,111100101,6,0.9573170673,0.1772199203,131,0
8,6,000000110,2,0.9178353697,0.1008892676,107,0
8,245,011110101,6,0.9474085309,0.2499909932,150,0
8,406,110010110,5,0.9480182827,0.218691871,119,0
8,203,011001011,5,0.959146332,0.1784309237,75,0
8,391,110000111,5,0.9551829174,0.1890920834,88,0
8,358,101100110,5,0.9629573151,0.1768365032,59,0
8,94,001011110,5,0.9580792617,0.2609661664,81,0
8,72,001001000,2,0.9495426752,0.1139507112,3,0
8,318,100111110,6,0.9657012206,0.1994900974,94,0
8,10,000001010,2,0.9445121922,0.1083079919,15,0
8,407,110010111,6,0.9516768251,0.3759041177,143,0
8,18,000010010,2,0.9048780557,0.1242320742,149,0
8,140,010001100,3,0.9544207212,0.1939722262,19,0
8,258,100000010,2,0.9272865914,0.1128509992,70,0
8,352,101100000,3,0.9518292565,0.1353251534,25,0
8,469,111010101,6,0.9583841395,0.2142438563,125,0
8,154,010011010,4,0.9570121877,0.2396545438,38,0
8,73,001001001,3,0.953048775,0.1462754204,23,0
8,436,110110100,5,0.9548780341,0.3190835472,93,0
8,18,000010010,2,0.9048780557,0.1242320742,148,0
8,136,010001000,2,0.9556402415,0.08872172865,0,0
8,233,011101001,5,0.9603658449,0.268123046,71,0
8,252,011111100,6,0.964176828,0.316163627,101,0
8,27,000011011,4,0.9495426714,0.1951567573,67,0
8,145,010010001,3,0.943597557,0.1669537378,47,0
8,8,000001000,1,0.9012195114,0.0953759877,133,0
8,473,111011001,6,0.9602134135,0.2257233416,114,0
8,122,001111010,5,0.9635670725,0.3054453623,54,0
8,147,010010011,4,0.9367378037,0.1958240762,121,0
8,234,011101010,5,0.9644817039,0.206266609,51,0
8,453,111000101,5,0.9580792617,0.16819228,82,0
8,42,000101010,3,0.955487797,0.1481546445,16,0
8,66,001000010,2,0.9518292602,0.09929567995,1,0
8,510,111111110,8,0.9663109742,0.2578454181,155,0
8,188,010111100,5,0.9551829174,0.2635214692,87,0
8,257,100000001,2,0.8830792718,0.09909134312,160,0
8,122,001111010,5,0.9635670725,0.3054453623,53,0
8,68,001000100,2,0.947560966,0.2287352863,6,0
8,265,100001001,3,0.9512195047,0.1273183418,27,0
8,367,101101111,7,0.9689024445,0.2136532324,127,0
8,143,010001111,5,0.9640243854,0.2269113725,52,0
8,384,110000000,2,0.942378046,0.1023272595,22,0
8,189,010111101,6,0.9599085283,0.3050948284,117,0
8,444,110111100,6,0.964786578,0.2217209716,96,0
8,508,111111100,7,0.9685975611,0.267471821,128,0
8,139,010001011,4,0.9586890135,0.1512846262,34,0
8,455,111000111,6,0.9588414561,0.178122621,122,0
8,482,111100010,5,0.9591463339,0.139335844,72,0
8,312,100111000,4,0.9676829297,0.1558179194,11,0
8,459,111001011,6,0.9693597592,0.1673336257,79,0
8,279,100010111,5,0.9499999974,0.1593395183,112,0
8,180,010110100,4,0.9402438998,0.2270922111,106,0
8,221,011011101,6,0.9602134116,0.300388671,115,0
8,40,000101000,2,0.9376524407,0.09235404083,31,0
8,413,110011101,6,0.9644817039,0.2295870977,99,0
8,510,111111110,8,0.9663109742,0.2578454181,154,0
8,425,110101001,5,0.9621951208,0.1687642131,62,0
8,394,110001010,4,0.9682926834,0.1485241046,8,0
8,504,111111000,6,0.9646341465,0.2548272442,97,0
8,187,010111011,6,0.9594512116,0.279120577,118,0
8,464,111010000,4,0.9522865787,0.1902281402,55,0
8,312,100111000,4,0.9676829297,0.1558179194,10,0
8,150,010010110,4,0.9428353608,0.4122778447,95,0
8,256,100000000,1,0.8653963432,0.05144251033,161,0
8,50,000110010,3,0.9269817118,0.1555463769,113,0
8,317,100111101,6,0.9661585316,0.1998526342,91,0
8,511,111111111,9,0.9672256112,0.3458421361,158,0
8,9,000001001,2,0.9167682994,0.1331997535,111,0
8,505,111111001,7,0.9647865836,0.259944424,138,0
8,252,011111100,6,0.964176828,0.316163627,100,0
8,27,000011011,4,0.9495426714,0.1951567573,68,0
8,110,001101110,5,0.9606707301,0.2040525535,65,0
8,501,111110101,7,0.9533536471,0.2283734311,156,0
8,142,010001110,4,0.9562499933,0.2010135157,40,0
8,382,101111110,7,0.9690548796,0.2183860508,126,0
8,446,110111110,7,0.9637195077,0.2505255626,140,0
8,319,100111111,7,0.9637195077,0.3759361217,139,0
8,183,010110111,6,0.9443597514,0.2673205337,153,0
8,104,001101000,3,0.9568597451,0.1185564424,9,0
8,273,100010001,3,0.936280489,0.1366260718,77,0
8,275,100010011,4,0.9417682886,0.1271214618,102,0
8,487,111100111,7,0.9623475522,0.2054754389,145,0
8,224,011100000,3,0.9408536591,0.1201759358,58,0
8,120,001111000,4,0.9544207193,0.2454422717,48,0
8,3,000000011,2,0.893902434,0.1188580212,157,0
8,210,011010010,4,0.9449695069,0.2644167612,86,0
8,202,011001010,4,0.9612804782,0.149196442,30,0
8,119,001110111,6,0.9516768157,0.2266518502,144,0
8,418,110100010,4,0.9541158434,0.1336211525,49,0
8,505,111111001,7,0.9647865836,0.259944424,137,0
8,177,010110001,4,0.9394817054,0.2004012102,108,0
9,109,001101101,5,0.9626524318,0.2083265451,72,0
9,356,101100100,4,0.9591463339,0.1657813322,43,0
9,458,111001010,5,0.9644817039,0.1614640043,66,0
9,163,010100011,4,0.9469512142,0.1452375506,91,0
9,266,100001010,3,0.9663109817,0.1359270001,0,0
9,27,000011011,4,0.9495426714,0.1951567573,79,0
9,75,001001011,4,0.9623475578,0.1703412908,32,0
9,337,101010001,4,0.9527438916,0.1580627062,70,0
9,32,000100000,1,0.8641768359,0.1044695501,159,0
9,343,101010111,6,0.9589938968,0.1846750332,125,0
9,137,010001001,3,0.9589938968,0.1376599907,7,0
9,284,100011100,4,0.9644817002,0.1660791668,23,0
9,5,000000101,2,0.9044207372,0.07468588371,144,0
9,41,000101001,3,0.9443597533,0.2578364955,56,0
9,108,001101100,4,0.9585365746,0.1886128322,45,0
9,177,010110001,4,0.9394817054,0.2004012102,114,0
9,9,000001001,2,0.9167682994,0.1331997535,118,0
9,404,110010100,4,0.9553353563,0.1947822548,57,0
9,232,011101000,4,0.9621951152,0.2219230887,35,0
9,510,111111110,8,0.9663109742,0.2578454181,147,0
9,467,111010011,6,0.9539634027,0.2327699261,138,0
9,72,001001000,2,0.9495426752,0.1139507112,6,0
9,423,110100111,6,0.9544207193,0.1782295462,137,0
9,17,000010001,2,0.8894816972,0.1499703776,154,0
9,52,000110100,3,0.9237804934,0.1129184102,132,0
9,294,100100110,4,0.9550304823,0.1726385914,58,0
9,1,000000001,1,0.7878048848,0.08813527925,161,0
9,43,000101011,4,0.9513719436,0.1703410912,73,0
9,392,110001000,3,0.9653963372,0.1357308119,1,0
9,141,010001101,4,0.9608231671,0.193762437,41,0
9,408,110011000,4,0.958231695,0.2197342259,48,0
9,147,010010011,4,0.9367378037,0.1958240762,127,0
9,75,001001011,4,0.9623475578,0.1703412908,33,0
9,230,011100110,5,0.9544207174,0.2009842331,101,0
9,293,100100101,4,0.9577743821,0.1677137092,49,0
9,314,100111010,5,0.9621951208,0.1824102593,74,0
9,511,111111111,9,0.9672256112,0.3458421361,156,0
9,450,111000010,4,0.9554877952,0.1262044164,54,0
9,489,111101001,6,0.9646341447,0.1878299923,103,0
9,66,001000010,2,0.9518292602,0.09929567995,3,0
9,209,011010001,4,0.9481707271,0.2154377233,85,0
9,441,110111001,6,0.9644817077,0.2243005,105,0
9,234,011101010,5,0.9644817039,0.206266609,67,0
9,3,000000011,2,0.893902434,0.1188580212,151,0
9,297,100101001,4,0.9582317006,0.1647070954,47,0
9,399,110001111,6,0.9626524355,0.2035451112,110,0
9,245,011110101,6,0.9474085309,0.2499909932,145,0
9,411,110011011,6,0.9638719447,0.23684128,108,0
9,221,011011101,6,0.9602134116,0.300388671,120,0
9,93,001011101,5,0.9603658449,0.2507782625,83,0
9,269,100001101,4,0.963262191,0.1545369336,26,0
9,331,101001011,5,0.9695122056,0.1774945036,46,0
9,200,011001000,3,0.955487797,0.1316828153,18,0
9,317,100111101,6,0.9661585316,0.1998526342,100,0
9,386,110000010,3,0.9515243825,0.1274834615,29,0
9,270,100001110,4,0.9641768225,0.171474142,24,0
9,217,011011001,5,0.9579268228,0.2819200605,92,0
9,159,010011111,6,0.9618902393,0.2912165942,112,0
9,10,000001010,2,0.9445121922,0.1083079919,14,0
9,355,101100011,5,0.9577743858,0.1480007793,93,0
9,90,001011010,4,0.9618902393,0.2218290572,37,0
9,145,010010001,3,0.943597557,0.1669537378,59,0
9,489,111101001,6,0.9646341447,0.1878299923,104,0
9,477,111011101,7,0.9663109761,0.245831884,135,0
9,232,011101000,4,0.9621951152,0.2219230887,36,0
9,42,000101010,3,0.955487797,0.1481546445,15,0
9,320,101000000,2,0.9503048677,0.1123269997,4,0
9,171,010101011,5,0.961890243,0.1561283367,76,0
9,99,001100011,4,0.9495426733,0.1583316922,78,0
9,185,010111001,5,0.957012184,0.2482354445,94,0
9,186,010111010,5,0.9589938968,0.2682068814,87,0
9,280,100011000,3,0.9574695043,0.1384578615,11,0
9,395,110001011,5,0.9670731667,0.1769618806,52,0
9,203,011001011,5,0.959146332,0.1784309237,86,0
9,292,100100100,3,0.9576219451,0.1772560109,9,0
9,370,101110010,5,0.9585365802,0.1784977219,89,0
9,177,010110001,4,0.9394817054,0.2004012102,113,0
9,292,100100100,3,0.9576219451,0.1772560109,10,0
9,183,010110111,6,0.9443597514,0.2673205337,146,0
9,225,011100001,4,0.9452743847,0.1662776889,95,0
9,469,111010101,6,0.9583841395,0.2142438563,129,0
9,88,001011000,3,0.9570121896,0.1966020344,12,0
9,480,111100000,4,0.9522865769,0.1520633074,71,0
9,402,110010010,4,0.9487804808,0.1966901873,84,0
9,249,011111001,6,0.958993895,0.3032088177,126,0
9,431,110101111,7,0.9658536613,0.2059036302,136,0
9,42,000101010,3,0.955487797,0.1481546445,16,0
9,101,001100101,4,0.9471036494,0.1847556052,90,0
9,87,001010111,5,0.9501524288,0.2489087577,116,0
9,75,001001011,4,0.9623475578,0.1703412908,31,0
9,41,000101001,3,0.9443597533,0.2578364955,55,0
9,373,101110101,6,0.9577743821,0.181031581,131,0
9,38,000100110,3,0.9329268336,0.1262098874,98,0
9,353,101100001,4,0.9532012139,0.1389175798,68,0
9,484,111100100,5,0.9605182838,0.1770865889,81,0
9,364,101101100,5,0.9696646333,0.1734690042,44,0
9,214,011010110,5,0.9489329215,0.2694390733,122,0
9,110,001101110,5,0.9606707301,0.2040525535,77,0
9,384,110000000,2,0.942378046,0.1023272595,21,0
9,448,111000000,3,0.9498475511,0.1094583822,40,0
9,276,100010100,3,0.9513719417,0.1391151226,30,0
9,48,000110000,2,0.9140243977,0.09490588191,128,0
9,469,111010101,6,0.9583841395,0.2142438563,130,0
9,309,100110101,5,0.9530487731,0.1871497701,106,0
9,32,000100000,1,0.8641768359,0.1044695501,158,0
9,1,000000001,1,0.7878048848,0.08813527925,160,0
9,255,011111111,8,0.9632621948,0.4130405989,149,0
9,384,110000000,2,0.942378046,0.1023272595,22,0
9,315,100111011,6,0.9631097522,0.1866992847,109,0
9,247,011110111,7,0.9538109675,0.2866593562,148,0
9,24,000011000,2,0.9400914628,0.1224767463,34,0
9,320,101000000,2,0.9503048677,0.1123269997,5,0
9,255,011111111,8,0.9632621948,0.4130405989,150,0
9,148,010010100,3,0.9419207256,0.2030755011,69,0
9,77,001001101,4,0.9611280505,0.2220115,39,0
9,177,010110001,4,0.9394817054,0.2004012102,115,0
9,481,111100001,5,0.9490853604,0.1667485817,121,0
9,138,010001010,3,0.9580792598,0.1175190397,8,0
9,317,100111101,6,0.9661585316,0.1998526342,99,0
9,69,001000101,3,0.949695114,0.1974406161,42,0
9,180,010110100,4,0.9402438998,0.2270922111,111,0
9,44,000101100,3,0.9384146333,0.1604029066,80,0
9,10,000001010,2,0.9445121922,0.1083079919,13,0
9,418,110100010,4,0.9541158434,0.1336211525,63,0
9,503,111110111,8,0.9562499896,0.2269489216,153,0
9,42,000101010,3,0.955487797,0.1481546445,17,0
9,73,001001001,3,0.953048775,0.1462754204,25,0
9,478,111011110,7,0.9678353649,0.271671345,134,0
9,309,100110101,5,0.9530487731,0.1871497701,107,0
9,87,001010111,5,0.9501524288,0.2489087577,117,0
9,196,011000100,3,0.9515243825,0.1577226631,28,0
9,303,100101111,6,0.9673780538,0.2067371374,96,0
9,215,011010111,6,0.9525914565,0.2840391258,140,0
9,299,100101011,5,0.9684451278,0.1646855306,50,0
9,511,111111111,9,0.9672256112,0.3458421361,155,0
9,235,011101011,6,0.9592987709,0.1924978569,123,0
9,194,011000010,3,0.9448170681,0.1295389787,53,0
9,36,000100100,2,0.9050304871,0.1029281626,143,0
9,406,110010110,5,0.9480182827,0.218691871,124,0
9,2,000000010,1,0.8757621963,0.0863469597,157,0
9,393,110001001,4,0.9617377985,0.1536827425,38,0
9,484,111100100,5,0.9605182838,0.1770865889,82,0
9,409,110011001,5,0.9621951114,0.2163874777,75,0
9,426,110101010,5,0.965548778,0.1652380908,60,0
9,120,001111000,4,0.9544207193,0.2454422717,61,0
9,161,010100001,3,0.926981708,0.1333965359,119,0
9,329,101001001,4,0.9663109742,0.1626024148,19,0
9,8,000001000,1,0.9012195114,0.0953759877,133,0
9,344,101011000,4,0.964634141,0.194875374,20,0
9,407,110010111,6,0.9516768251,0.3759041177,142,0
9,334,101001110,5,0.9672256075,0.1807405879,51,0
9,204,011001100,4,0.9535060935,0.2112389025,64,0
9,16,000010000,1,0.8800304849,0.0962131978,152,0
9,410,110011010,5,0.9644817039,0.2193003995,65,0
9,386,110000010,3,0.9515243825,0.1274834615,27,0
9,253,011111101,7,0.9640243892,0.2906484376,139,0
9,288,100100000,2,0.9224085417,0.09756062739,97,0
9,437,110110101,6,0.9524390157,0.2554515093,141,0
9,133,010000101,3,0.9432926811,0.1673714092,62,0
9,349,101011101,6,0.9696646389,0.3093579304,88,0
9,4,000000100,1,0.9094512276,0.06868225115,102,0
9,268,100001100,3,0.9647865798,0.1379161642,2,0
10,80,001010000,2,0.9368902445,0.1682704333,32,0
10,400,110010000,3,0.9547256026,0.1810064591,15,0
10,133,010000101,3,0.9432926811,0.1673714092,55,0
10,92,001011100,4,0.9571646284,0.2256155275,42,0
10,509,111111101,8,0.963262191,0.2523085512,157,0
10,356,101100100,4,0.9591463339,0.1657813322,31,0
10,404,110010100,4,0.9553353563,0.1947822548,51,0
10,46,000101110,4,0.9539634064,0.1775657085,57,0
10,475,111011011,7,0.964176828,0.2418077742,143,0
10,168,010101000,3,0.9556402303,0.1283902619,11,0
10,358,101100110,5,0.9629573151,0.1768365032,74,0
10,451,111000011,5,0.9550304729,0.1685197698,104,0
10,480,111100000,4,0.9522865769,0.1520633074,72,0
10,403,110010011,5,0.9471036531,0.1901693111,131,0
10,415,110011111,7,0.9681402519,0.2540232334,133,0
10,76,001001100,3,0.9522865731,0.1880639463,21,0
10,438,110110110,6,0.9568597469,0.2188521465,134,0
10,74,001001010,3,0.9570121821,0.1378696063,9,0
10,471,111010111,7,0.9618902374,0.2460674956,147,0
10,133,010000101,3,0.9432926811,0.1673714092,54,0
10,268,100001100,3,0.9647865798,0.1379161642,0,0
10,311,100110111,6,0.9535060879,0.1921334574,140,0
10,348,101011100,5,0.9661585353,0.1913031316,52,0
10,462,111001110,6,0.9695121981,0.2274610037,88,0
10,331,101001011,5,0.9695122056,0.1774945036,37,0
10,201,011001001,4,0.9567073155,0.1810487332,43,0
10,510,111111110,8,0.9663109742,0.2578454181,154,0
10,468,111010100,5,0.96204268,0.1961445869,77,0
10,119,001110111,6,0.9516768157,0.2266518502,146,0
10,480,111100000,4,0.9522865769,0.1520633074,71,0
10,369,101110001,5,0.9570121858,0.1660167179,94,0
10,68,001000100,2,0.947560966,0.2287352863,5,0
10,432,110110000,4,0.9525914509,0.190835604,68,0
10,280,100011000,3,0.9574695043,0.1384578615,8,0
10,218,011011010,5,0.958841458,0.2987742741,86,0
10,197,011000101,4,0.9516768213,0.1970114671,75,0
10,128,010000000,1,0.9323170781,0.08404751134,17,0
10,317,100111101,6,0.9661585316,0.1998526342,102,0
10,406,110010110,5,0.9480182827,0.218691871,126,0
10,185,010111001,5,0.957012184,0.2482354445,95,0
10,12,000001100,2,0.9342987817,0.1145905149,47,0
10,20,000010100,2,0.916006105,0.1150037684,117,0
10,285,100011101,5,0.9692073204,0.1706519304,38,0
10,506,111111010,7,0.9606707208,0.2898382405,150,0
10,150,010010110,4,0.9428353608,0.4122778447,106,0
10,56,000111000,3,0.9454268273,0.1453281161,46,0
10,350,101011110,6,0.9681402408,0.2603807449,93,0
10,13,000001101,3,0.9356707335,0.3014179626,92,0
10,386,110000010,3,0.9515243825,0.1274834615,22,0
10,418,110100010,4,0.9541158434,0.1336211525,56,0
10,250,011111010,6,0.9603658486,0.2909253226,119,0
10,183,010110111,6,0.9443597514,0.2673205337,153,0
10,291,100100011,4,0.9493902382,0.206504555,81,0
10,396,110001100,4,0.9617377967,0.18006679,27,0
10,221,011011101,6,0.9602134116,0.300388671,123,0
10,241,011110001,5,0.9440548718,0.2607987896,138,0
10,294,100100110,4,0.9550304823,0.1726385914,53,0
10,353,101100001,4,0.9532012139,0.1389175798,64,0
10,337,101010001,4,0.9527438916,0.1580627062,67,0
10,190,010111110,6,0.9559451174,0.3044974832,136,0
10,354,101100010,4,0.9609756079,0.1522667618,29,0
10,108,001101100,4,0.9585365746,0.1886128322,35,0
10,22,000010110,3,0.9240853731,0.1162337693,132,0
10,138,010001010,3,0.9580792598,0.1175190397,6,0
10,31,000011111,5,0.9507621899,0.2732690205,114,0
10,93,001011101,5,0.9603658449,0.2507782625,83,0
10,188,010111100,5,0.9551829174,0.2635214692,99,0
10,276,100010100,3,0.9513719417,0.1391151226,24,0
10,388,110000100,3,0.9559451118,0.1492509923,10,0
10,271,100001111,5,0.9682926834,0.1738470579,41,0
10,453,111000101,5,0.9580792617,0.16819228,89,0
10,135,010000111,4,0.9429878015,0.1987346318,105,0
10,248,011111000,5,0.9550304767,0.2725362466,103,0
10,148,010010100,3,0.9419207256,0.2030755011,65,0
10,155,010011011,5,0.9644817039,0.2534072064,63,0
10,143,010001111,5,0.9640243854,0.2269113725,66,0
10,111,001101111,6,0.958993895,0.2237674175,128,0
10,155,010011011,5,0.9644817039,0.2534072064,61,0
10,320,101000000,2,0.9503048677,0.1123269997,2,0
10,286,100011110,5,0.9696646333,0.1719646058,34,0
10,168,010101000,3,0.9556402303,0.1283902619,13,0
10,134,010000110,3,0.9411585312,0.1737534327,73,0
10,30,000011110,4,0.9535060879,0.1916021421,58,0
10,365,101101101,6,0.9644817039,0.2133307862,111,0
10,290,100100010,3,0.9499999899,0.1336969913,28,0
10,268,100001100,3,0.9647865798,0.1379161642,0,0
10,343,101010111,6,0.9589938968,0.1846750332,127,0
10,466,111010010,5,0.9501524325,0.2081504837,116,0
10,168,010101000,3,0.9556402303,0.1283902619,12,0
10,502,111110110,7,0.9586890154,0.2245801887,151,0
10,144,010010000,2,0.9355182927,0.1628878268,40,0
10,138,010001010,3,0.9580792598,0.1175190397,7,0
10,465,111010001,5,0.9565548692,0.3861234859,96,0
10,30,000011110,4,0.9535060879,0.1916021421,59,0
10,89,001011001,4,0.958079258,0.2149465061,39,0
10,409,110011001,5,0.9621951114,0.2163874777,76,0
10,184,010111000,4,0.9567073099,0.2421766864,44,0
10,405,110010101,5,0.953201212,0.2160813212,112,0
10,62,000111110,5,0.9538109656,0.2270585177,107,0
10,395,110001011,5,0.9670731667,0.1769618806,49,0
10,225,011100001,4,0.9452743847,0.1662776889,98,0
10,175,010101111,6,0.9585365672,0.2318464871,130,0
10,99,001100011,4,0.9495426733,0.1583316922,79,0
10,72,001001000,2,0.9495426752,0.1139507112,4,0
10,479,111011111,8,0.9653963409,0.297615774,156,0
10,62,000111110,5,0.9538109656,0.2270585177,108,0
10,256,100000000,1,0.8653963432,0.05144251033,161,0
10,188,010111100,5,0.9551829174,0.2635214692,100,0
10,212,011010100,4,0.952439012,0.2385208402,69,0
10,264,100001000,2,0.9495426789,0.1157485445,3,0
10,503,111110111,8,0.9562499896,0.2269489216,158,0
10,158,010011110,5,0.9586890191,0.2851446816,87,0
10,416,110100000,3,0.9510670714,0.1087195657,26,0
10,233,011101001,5,0.9603658449,0.268123046,82,0
10,250,011111010,6,0.9603658486,0.2909253226,118,0
10,458,111001010,5,0.9644817039,0.1614640043,60,0
10,284,100011100,4,0.9644817002,0.1660791668,19,0
10,325,101000101,4,0.9565548692,0.1581497551,45,0
10,196,011000100,3,0.9515243825,0.1577226631,23,0
10,434,110110010,5,0.9512195047,0.2008119989,113,0
10,331,101001011,5,0.9695122056,0.1774945036,36,0
10,465,111010001,5,0.9565548692,0.3861234859,97,0
10,245,011110101,6,0.9474085309,0.2499909932,152,0
10,85,001010101,4,0.949542677,0.1903469744,78,0
10,8,000001000,1,0.9012195114,0.0953759877,135,0
10,221,011011101,6,0.9602134116,0.300388671,122,0
10,182,010110110,5,0.9414634127,0.2396552637,145,0
10,33,000100001,2,0.8849085364,0.1405141028,159,0
10,456,111001000,4,0.9663109723,0.1493365318,14,0
10,300,100101100,4,0.9623475503,0.1672059349,25,0
10,251,011111011,7,0.9612804838,0.3173386743,149,0
10,208,011010000,3,0.9487804789,0.2195109283,30,0
10,360,101101000,4,0.9634146318,0.168340771,20,0
10,464,111010000,4,0.9522865787,0.1902281402,70,0
10,256,100000000,1,0.8653963432,0.05144251033,160,0
10,400,110010000,3,0.9547256026,0.1810064591,16,0
10,489,111101001,6,0.9646341447,0.1878299923,109,0
10,475,111011011,7,0.964176828,0.2418077742,142,0
10,217,011011001,5,0.9579268228,0.2819200605,90,0
10,365,101101101,6,0.9644817039,0.2133307862,110,0
10,221,011011101,6,0.9602134116,0.300388671,124,0
10,153,010011001,4,0.955487797,0.2314127795,50,0
10,142,010001110,4,0.9562499933,0.2010135157,48,0
10,209,011010001,4,0.9481707271,0.2154377233,85,0
10,15,000001111,4,0.9467987716,0.2596095148,91,0
10,351,101011111,7,0.9638719484,0.2198956287,144,0
10,63,000111111,6,0.9544207286,0.2803421966,139,0
10,175,010101111,6,0.9585365672,0.2318464871,129,0
10,167,010100111,5,0.9480182845,0.1973982276,125,0
10,44,000101100,3,0.9384146333,0.1604029066,80,0
10,473,111011001,6,0.9602134135,0.2257233416,121,0
10,305,100110001,4,0.9381097574,0.1583164767,120,0
10,495,111101111,8,0.9658536594,0.22599763,155,0
10,364,101101100,5,0.9696646333,0.1734690042,33,0
10,317,100111101,6,0.9661585316,0.1998526342,101,0
10,330,101001010,4,0.9649390206,0.1500430945,18,0
10,471,111010111,7,0.9618902374,0.2460674956,148,0
10,458,111001010,5,0.9644817039,0.1614640043,62,0
10,126,001111110,6,0.9554878008,0.2875207094,137,0
10,402,110010010,4,0.9487804808,0.1966901873,84,0
10,475,111011011,7,0.964176828,0.2418077742,141,0
10,177,010110001,4,0.9394817054,0.2004012102,115,0
11,447,110111111,8,0.9663109742,0.2420711997,154,0
11,109,001101101,5,0.9626524318,0.2083265451,75,0
11,74,001001010,3,0.9570121821,0.1378696063,6,0
11,162,010100010,3,0.9460365772,0.1228090909,51,0
11,137,010001001,3,0.9589938968,0.1376599907,2,0
11,283,100011011,5,0.9660060965,0.1543926708,62,0
11,129,010000001,2,0.9335365873,0.1010586498,55,0
11,410,110011010,5,0.9644817039,0.2193003995,68,0
11,164,010100100,3,0.9356707316,0.1803958965,97,0
11,343,101010111,6,0.9589938968,0.1846750332,131,0
11,129,010000001,2,0.9335365873,0.1010586498,54,0
11,28,000011100,3,0.9434451163,0.1445199884,64,0
11,13,000001101,3,0.9356707335,0.3014179626,96,0
11,108,001101100,4,0.9585365746,0.1886128322,42,0
11,72,001001000,2,0.9495426752,0.1139507112,1,0
11,401,110010001,4,0.9516768232,0.1931645344,74,0
11,193,011000001,3,0.9471036512,0.1576919009,47,0
11,420,110100100,4,0.9579268228,0.1566663263,48,0
11,136,010001000,2,0.9556402415,0.08872172865,0,0
11,506,111111010,7,0.9606707208,0.2898382405,149,0
11,115,001110011,5,0.9527438954,0.1939238748,113,0
11,120,001111000,4,0.9544207193,0.2454422717,65,0
11,35,000100011,3,0.9163109809,0.1255413797,148,0
11,177,010110001,4,0.9394817054,0.2004012102,118,0
11,308,100110100,4,0.957926821,0.1752202315,49,0
11,294,100100110,4,0.9550304823,0.1726385914,59,0
11,73,001001001,3,0.953048775,0.1462754204,18,0
11,43,000101011,4,0.9513719436,0.1703410912,76,0
11,152,010011000,3,0.9513719399,0.2329935927,25,0
11,135,010000111,4,0.9429878015,0.1987346318,108,0
11,78,001001110,4,0.9573170636,0.2032758179,50,0
11,191,010111111,7,0.963719504,0.2866767156,143,0
11,207,011001111,6,0.9615853634,0.2859955677,119,0
11,487,111100111,7,0.9623475522,0.2054754389,145,0
11,423,110100111,6,0.9544207193,0.1782295462,139,0
11,314,100111010,5,0.9621951208,0.1824102593,77,0
11,375,101110111,7,0.9571646266,0.217339966,152,0
11,208,011010000,3,0.9487804789,0.2195109283,35,0
11,67,001000011,3,0.9541158434,0.1536063617,11,0
11,146,010010010,3,0.9370426815,0.1859965373,90,0
11,169,010101001,4,0.9554877914,0.1521936124,57,0
11,427,110101011,6,0.9629573077,0.1781795989,115,0
11,186,010111010,5,0.9589938968,0.2682068814,91,0
11,196,011000100,3,0.9515243825,0.1577226631,23,0
11,493,111101101,7,0.9640243854,0.3398395209,142,0
11,471,111010111,7,0.9618902374,0.2460674956,147,0
11,41,000101001,3,0.9443597533,0.2578364955,58,0
11,466,111010010,5,0.9501524325,0.2081504837,120,0
11,381,101111101,7,0.9650914595,0.2315300149,140,0
11,29,000011101,4,0.951067064,0.1539091161,79,0
11,261,100000101,3,0.9481707271,0.1661854191,38,0
11,360,101101000,4,0.9634146318,0.168340771,20,0
11,212,011010100,4,0.952439012,0.2385208402,71,0
11,97,001100001,3,0.9439024366,0.1496965196,60,0
11,258,100000010,2,0.9272865914,0.1128509992,86,0
11,334,101001110,5,0.9672256075,0.1807405879,53,0
11,157,010011101,5,0.9608231653,0.2573634591,83,0
11,158,010011110,5,0.9586890191,0.2851446816,93,0
11,94,001011110,5,0.9580792617,0.2609661664,94,0
11,321,101000001,3,0.953048775,0.1407439543,14,0
11,94,001011110,5,0.9580792617,0.2609661664,95,0
11,145,010010001,3,0.943597557,0.1669537378,63,0
11,235,011101011,6,0.9592987709,0.1924978569,126,0
11,469,111010101,6,0.9583841395,0.2142438563,133,0
11,32,000100000,1,0.8641768359,0.1044695501,161,0
11,298,100101010,4,0.9635670781,0.1536765499,19,0
11,256,100000000,1,0.8653963432,0.05144251033,160,0
11,11,000001011,3,0.9513719436,0.1420441959,24,0
11,122,001111010,5,0.9635670725,0.3054453623,70,0
11,176,010110000,3,0.9341463428,0.2078121302,100,0
11,178,010110010,4,0.9370426852,0.3352389857,127,0
11,280,100011000,3,0.9574695043,0.1384578615,5,0
11,393,110001001,4,0.9617377985,0.1536827425,30,0
11,331,101001011,5,0.9695122056,0.1774945036,43,0
11,292,100100100,3,0.9576219451,0.1772560109,4,0
11,248,011111000,5,0.9550304767,0.2725362466,105,0
11,400,110010000,3,0.9547256026,0.1810064591,9,0
11,487,111100111,7,0.9623475522,0.2054754389,146,0
11,189,010111101,6,0.9599085283,0.3050948284,125,0
11,193,011000001,3,0.9471036512,0.1576919009,46,0
11,327,101000111,5,0.9611280449,0.1737721614,81,0
11,345,101011001,5,0.9628048781,0.1997483987,73,0
11,481,111100001,5,0.9490853604,0.1667485817,123,0
11,306,100110010,4,0.9446646273,0.140418421,102,0
11,153,010011001,4,0.955487797,0.2314127795,56,0
11,139,010001011,4,0.9586890135,0.1512846262,40,0
11,160,010100000,2,0.9399390239,0.09322097432,28,0
11,364,101101100,5,0.9696646333,0.1734690042,41,0
11,343,101010111,6,0.9589938968,0.1846750332,130,0
11,73,001001001,3,0.953048775,0.1462754204,13,0
11,105,001101001,4,0.9583841395,0.1598443775,45,0
11,309,100110101,5,0.9530487731,0.1871497701,111,0
11,174,010101110,5,0.9596036505,0.2229905166,88,0
11,465,111010001,5,0.9565548692,0.3861234859,99,0
11,430,110101110,6,0.9653963409,0.2012857567,107,0
11,64,001000000,1,0.9262195174,0.09079117677,37,0
11,85,001010101,4,0.949542677,0.1903469744,85,0
11,42,000101010,3,0.955487797,0.1481546445,7,0
11,448,111000000,3,0.9498475511,0.1094583822,34,0
11,208,011010000,3,0.9487804789,0.2195109283,36,0
11,30,000011110,4,0.9535060879,0.1916021421,67,0
11,321,101000001,3,0.953048775,0.1407439543,15,0
11,278,100010110,4,0.9477134068,0.1614845553,92,0
11,445,110111101,7,0.9670731686,0.2392563811,136,0
11,288,100100000,2,0.9224085417,0.09756062739,103,0
11,9,000001001,2,0.9167682994,0.1331997535,122,0
11,255,011111111,8,0.9632621948,0.4130405989,156,0
11,448,111000000,3,0.9498475511,0.1094583822,33,0
11,291,100100011,4,0.9493902382,0.206504555,87,0
11,229,011100101,5,0.9513719473,0.2044244306,116,0
11,24,000011000,2,0.9400914628,0.1224767463,26,0
11,321,101000001,3,0.953048775,0.1407439543,17,0
11,476,111011100,6,0.9672256112,0.2396430206,101,0
11,228,011100100,4,0.9510670714,0.1718315468,78,0
11,77,001001101,4,0.9611280505,0.2220115,31,0
11,5,000000101,2,0.9044207372,0.07468588371,151,0
11,97,001100001,3,0.9439024366,0.1496965196,61,0
11,138,010001010,3,0.9580792598,0.1175190397,3,0
11,315,100111011,6,0.9631097522,0.1866992847,114,0
11,200,011001000,3,0.955487797,0.1316828153,8,0
11,182,010110110,5,0.9414634127,0.2396552637,144,0
11,236,011101100,5,0.9617378004,0.2343629976,80,0
11,267,100001011,4,0.9620426763,0.1646921253,29,0
11,58,000111010,4,0.9541158453,0.1998991431,66,0
11,467,111010011,6,0.9539634027,0.2327699261,141,0
11,290,100100010,3,0.9499999899,0.1336969913,32,0
11,73,001001001,3,0.953048775,0.1462754204,16,0
11,478,111011110,7,0.9678353649,0.271671345,135,0
11,439,110110111,7,0.9557926748,0.2348899278,153,0
11,87,001010111,5,0.9501524288,0.2489087577,121,0
11,38,000100110,3,0.9329268336,0.1262098874,104,0
11,483,111100011,6,0.9574695099,0.1675422555,134,0
11,150,010010110,4,0.9428353608,0.4122778447,109,0
11,157,010011101,5,0.9608231653,0.2573634591,84,0
11,126,001111110,6,0.9554878008,0.2875207094,137,0
11,105,001101001,4,0.9583841395,0.1598443775,44,0
11,86,001010110,4,0.9498475529,0.2009678534,82,0
11,36,000100100,2,0.9050304871,0.1029281626,150,0
11,470,111010110,6,0.9586890098,0.2075651209,132,0
11,406,110010110,5,0.9480182827,0.218691871,128,0
11,33,000100001,2,0.8849085364,0.1405141028,159,0
11,358,101100110,5,0.9629573151,0.1768365032,72,0
11,377,101111001,6,0.9640243854,0.320313164,112,0
11,318,100111110,6,0.9657012206,0.1994900974,106,0
11,241,011110001,5,0.9440548718,0.2607987896,138,0
11,128,010000000,1,0.9323170781,0.08404751134,10,0
11,232,011101000,4,0.9621951152,0.2219230887,27,0
11,472,111011000,5,0.9638719503,0.2441837927,69,0
11,344,101011000,4,0.964634141,0.194875374,12,0
11,17,000010001,2,0.8894816972,0.1499703776,158,0
11,6,000000110,2,0.9178353697,0.1008892676,117,0
11,76,001001100,3,0.9522865731,0.1880639463,22,0
11,16,000010000,1,0.8800304849,0.0962131978,157,0
11,19,000010011,3,0.9097560961,0.1301706852,155,0
11,463,111001111,7,0.9701219536,0.2215583678,129,0
11,405,110010101,5,0.953201212,0.2160813212,110,0
11,45,000101101,4,0.9461890161,0.1590515091,98,0
11,189,010111101,6,0.9599085283,0.3050948284,124,0
11,209,011010001,4,0.9481707271,0.2154377233,89,0
11,76,001001100,3,0.9522865731,0.1880639463,21,0
11,100,001100100,3,0.9481707253,0.1504776806,39,0
11,12,000001100,2,0.9342987817,0.1145905149,52,0
12,6,000000110,2,0.9178353697,0.1008892676,115,0
12,150,010010110,4,0.9428353608,0.4122778447,102,0
12,405,110010101,5,0.953201212,0.2160813212,108,0
12,413,110011101,6,0.9644817039,0.2295870977,107,0
12,311,100110111,6,0.9535060879,0.1921334574,145,0
12,228,011100100,4,0.9510670714,0.1718315468,72,0
12,94,001011110,5,0.9580792617,0.2609661664,91,0
12,5,000000101,2,0.9044207372,0.07468588371,156,0
12,395,110001011,5,0.9670731667,0.1769618806,48,0
12,168,010101000,3,0.9556402303,0.1283902619,7,0
12,366,101101110,6,0.9675304852,0.2001497867,94,0
12,195,011000011,4,0.9493902363,0.1929078563,77,0
12,482,111100010,5,0.9591463339,0.139335844,83,0
12,406,110010110,5,0.9480182827,0.218691871,130,0
12,311,100110111,6,0.9535060879,0.1921334574,143,0
12,105,001101001,4,0.9583841395,0.1598443775,33,0
12,318,100111110,6,0.9657012206,0.1994900974,100,0
12,91,001011011,5,0.9626524337,0.2549881525,69,0
12,339,101010011,5,0.9528963324,0.1730788327,109,0
12,201,011001001,4,0.9567073155,0.1810487332,38,0
12,205,011001101,5,0.9605182856,0.3885932574,75,0
12,391,110000111,5,0.9551829174,0.1890920834,98,0
12,152,010011000,3,0.9513719399,0.2329935927,19,0
12,206,011001110,5,0.9589938931,0.2441969891,85,0
12,394,110001010,4,0.9682926834,0.1485241046,3,0
12,489,111101001,6,0.9646341447,0.1878299923,103,0
12,318,100111110,6,0.9657012206,0.1994900974,99,0
12,276,100010100,3,0.9513719417,0.1391151226,17,0
12,358,101100110,5,0.9629573151,0.1768365032,66,0
12,489,111101001,6,0.9646341447,0.1878299923,104,0
12,305,100110001,4,0.9381097574,0.1583164767,124,0
12,64,001000000,1,0.9262195174,0.09079117677,28,0
12,288,100100000,2,0.9224085417,0.09756062739,97,0
12,12,000001100,2,0.9342987817,0.1145905149,42,0
12,88,001011000,3,0.9570121896,0.1966020344,5,0
12,197,011000101,4,0.9516768213,0.1970114671,67,0
12,136,010001000,2,0.9556402415,0.08872172865,0,0
12,271,100001111,5,0.9682926834,0.1738470579,37,0
12,311,100110111,6,0.9535060879,0.1921334574,144,0
12,225,011100001,4,0.9452743847,0.1662776889,95,0
12,244,011110100,5,0.9503048733,0.2641298291,119,0
12,20,000010100,2,0.916006105,0.1150037684,122,0
12,261,100000101,3,0.9481707271,0.1661854191,29,0
12,443,110111011,7,0.9624999985,0.2361019221,154,0
12,274,100010010,3,0.9408536572,0.1183711295,64,0
12,40,000101000,2,0.9376524407,0.09235404083,25,0
12,468,111010100,5,0.96204268,0.1961445869,73,0
12,233,011101001,5,0.9603658449,0.268123046,78,0
12,130,010000010,2,0.9394817092,0.1096591135,22,0
12,435,110110011,6,0.9568597432,0.2100424496,142,0
12,250,011111010,6,0.9603658486,0.2909253226,123,0
12,159,010011111,6,0.9618902393,0.2912165942,117,0
12,443,110111011,7,0.9624999985,0.2361019221,153,0
12,174,010101110,5,0.9596036505,0.2229905166,80,0
12,213,011010101,5,0.954268286,0.2557268739,101,0
12,145,010010001,3,0.943597557,0.1669537378,55,0
12,354,101100010,4,0.9609756079,0.1522667618,24,0
12,77,001001101,4,0.9611280505,0.2220115,23,0
12,389,110000101,4,0.9562499914,0.1904697402,44,0
12,174,010101110,5,0.9596036505,0.2229905166,81,0
12,417,110100001,4,0.9451219458,0.1674812513,96,0
12,238,011101110,6,0.9606707245,0.2395493905,121,0
12,23,000010111,4,0.9347560983,0.1537364139,138,0
12,42,000101010,3,0.955487797,0.1481546445,8,0
12,509,111111101,8,0.963262191,0.2523085512,159,0
12,221,011011101,6,0.9602134116,0.300388671,126,0
12,253,011111101,7,0.9640243892,0.2906484376,149,0
12,500,111110100,6,0.9571646266,0.210213976,136,0
12,389,110000101,4,0.9562499914,0.1904697402,45,0
12,332,101001100,4,0.9624999929,0.1707430179,15,0
12,269,100001101,4,0.963262191,0.1545369336,14,0
12,143,010001111,5,0.9640243854,0.2269113725,62,0
12,157,010011101,5,0.9608231653,0.2573634591,74,0
12,84,001010100,3,0.9432926793,0.1912370785,58,0
12,139,010001011,4,0.9586890135,0.1512846262,31,0
12,133,010000101,3,0.9432926811,0.1673714092,57,0
12,493,111101101,7,0.9640243854,0.3398395209,150,0
12,25,000011001,3,0.9463414568,0.1495797473,36,0
12,321,101000001,3,0.953048775,0.1407439543,10,0
12,382,101111110,7,0.9690548796,0.2183860508,131,0
12,152,010011000,3,0.9513719399,0.2329935927,18,0
12,206,011001110,5,0.9589938931,0.2441969891,88,0
12,19,000010011,3,0.9097560961,0.1301706852,158,0
12,461,111001101,6,0.9624999948,0.2131315088,113,0
12,291,100100011,4,0.9493902382,0.206504555,76,0
12,268,100001100,3,0.9647865798,0.1379161642,1,0
12,351,101011111,7,0.9638719484,0.2198956287,151,0
12,146,010010010,3,0.9370426815,0.1859965373,82,0
12,32,000100000,1,0.8641768359,0.1044695501,161,0
12,438,110110110,6,0.9568597469,0.2188521465,140,0
12,145,010010001,3,0.943597557,0.1669537378,54,0
12,206,011001110,5,0.9589938931,0.2441969891,87,0
12,17,000010001,2,0.8894816972,0.1499703776,160,0
12,382,101111110,7,0.9690548796,0.2183860508,132,0
12,81,001010001,3,0.9440548755,0.1765820705,51,0
12,56,000111000,3,0.9454268273,0.1453281161,41,0
12,138,010001010,3,0.9580792598,0.1175190397,2,0
12,321,101000001,3,0.953048775,0.1407439543,11,0
12,174,010101110,5,0.9596036505,0.2229905166,79,0
12,393,110001001,4,0.9617377985,0.1536827425,21,0
12,449,111000001,4,0.9550304785,0.2016363414,53,0
12,158,010011110,5,0.9586890191,0.2851446816,89,0
12,489,111101001,6,0.9646341447,0.1878299923,105,0
12,394,110001010,4,0.9682926834,0.1485241046,4,0
12,223,011011111,7,0.959298769,0.3238683129,157,0
12,243,011110011,6,0.9530487731,0.2716712286,148,0
12,128,010000000,1,0.9323170781,0.08404751134,9,0
12,177,010110001,4,0.9394817054,0.2004012102,118,0
12,216,011011000,4,0.9560975544,0.2577285054,47,0
12,409,110011001,5,0.9621951114,0.2163874777,71,0
12,229,011100101,5,0.9513719473,0.2044244306,114,0
12,156,010011100,4,0.9596036505,0.2749188193,26,0
12,163,010100011,4,0.9469512142,0.1452375506,92,0
12,11,000001011,3,0.9513719436,0.1420441959,16,0
12,274,100010010,3,0.9408536572,0.1183711295,65,0
12,363,101101011,6,0.9637195095,0.1817409033,111,0
12,30,000011110,4,0.9535060879,0.1916021421,59,0
12,325,101000101,4,0.9565548692,0.1581497551,40,0
12,254,011111110,7,0.9605182894,0.3400172121,155,0
12,294,100100110,4,0.9550304823,0.1726385914,52,0
12,201,011001001,4,0.9567073155,0.1810487332,39,0
12,415,110011111,7,0.9681402519,0.2540232334,137,0
12,464,111010000,4,0.9522865787,0.1902281402,63,0
12,397,110001101,5,0.9626524374,0.1984722707,68,0
12,107,001101011,5,0.9643292632,0.1645711297,61,0
12,221,011011101,6,0.9602134116,0.300388671,127,0
12,438,110110110,6,0.9568597469,0.2188521465,141,0
12,41,000101001,3,0.9443597533,0.2578364955,50,0
12,298,100101010,4,0.9635670781,0.1536765499,13,0
12,168,010101000,3,0.9556402303,0.1283902619,6,0
12,221,011011101,6,0.9602134116,0.300388671,128,0
12,156,010011100,4,0.9596036505,0.2749188193,27,0
12,361,101101001,5,0.9644817058,0.176816938,60,0
12,482,111100010,5,0.9591463339,0.139335844,84,0
12,133,010000101,3,0.9432926811,0.1673714092,56,0
12,22,000010110,3,0.9240853731,0.1162337693,135,0
12,441,110111001,6,0.9644817077,0.2243005,106,0
12,473,111011001,6,0.9602134135,0.2257233416,125,0
12,9,000001001,2,0.9167682994,0.1331997535,120,0
12,232,011101000,4,0.9621951152,0.2219230887,20,0
12,349,101011101,6,0.9696646389,0.3093579304,90,0
12,281,100011001,4,0.9638719484,0.1484918948,12,0
12,206,011001110,5,0.9589938931,0.2441969891,86,0
12,193,011000001,3,0.9471036512,0.1576919009,34,0
12,142,010001110,4,0.9562499933,0.2010135157,43,0
12,319,100111111,7,0.9637195077,0.3759361217,152,0
12,285,100011101,5,0.9692073204,0.1706519304,35,0
12,23,000010111,4,0.9347560983,0.1537364139,139,0
12,167,010100111,5,0.9480182845,0.1973982276,129,0
12,334,101001110,5,0.9672256075,0.1807405879,46,0
12,475,111011011,7,0.964176828,0.2418077742,147,0
12,307,100110011,5,0.9420731664,0.1512810998,146,0
12,367,101101111,7,0.9689024445,0.2136532324,133,0
12,508,111111100,7,0.9685975611,0.267471821,134,0
12,112,001110000,3,0.9481707234,0.1940589957,30,0
12,362,101101010,5,0.9624999966,0.1689127102,70,0
12,26,000011010,3,0.9474085309,0.166096261,32,0
12,450,111000010,4,0.9554877952,0.1262044164,49,0
12,6,000000110,2,0.9178353697,0.1008892676,116,0
12,315,100111011,6,0.9631097522,0.1866992847,112,0
12,411,110011011,6,0.9638719447,0.23684128,110,0
12,465,111010001,5,0.9565548692,0.3861234859,93,0
13,249,011111001,6,0.958993895,0.3032088177,130,0
13,361,101101001,5,0.9644817058,0.176816938,54,0
13,78,001001110,4,0.9573170636,0.2032758179,32,0
13,110,001101110,5,0.9606707301,0.2040525535,78,0
13,457,111001001,5,0.960213406,0.1580275986,84,0
13,155,010011011,5,0.9644817039,0.2534072064,55,0
13,421,110100101,5,0.9567073006,0.1923621674,99,0
13,506,111111010,7,0.9606707208,0.2898382405,151,0
13,372,101110100,5,0.9644817002,0.1726493784,56,0
13,343,101010111,6,0.9589938968,0.1846750332,129,0
13,129,010000001,2,0.9335365873,0.1010586498,43,0
13,280,100011000,3,0.9574695043,0.1384578615,6,0
13,31,000011111,5,0.9507621899,0.2732690205,121,0
13,29,000011101,4,0.951067064,0.1539091161,73,0
13,386,110000010,3,0.9515243825,0.1274834615,14,0
13,388,110000100,3,0.9559451118,0.1492509923,7,0
13,193,011000001,3,0.9471036512,0.1576919009,29,0
13,484,111100100,5,0.9605182838,0.1770865889,81,0
13,132,010000100,2,0.9396341462,0.1636577162,19,0
13,502,111110110,7,0.9586890154,0.2245801887,152,0
13,53,000110101,4,0.9317073226,0.1503448677,140,0
13,380,101111100,6,0.9635670688,0.2217264464,115,0
13,229,011100101,5,0.9513719473,0.2044244306,118,0
13,433,110110001,5,0.953048775,0.1948711216,111,0
13,373,101110101,6,0.9577743821,0.181031581,133,0
13,70,001000110,3,0.9445121922,0.1709114732,44,0
13,65,001000001,2,0.9350609761,0.1252497334,33,0
13,235,011101011,6,0.9592987709,0.1924978569,127,0
13,153,010011001,4,0.955487797,0.2314127795,45,0
13,134,010000110,3,0.9411585312,0.1737534327,62,0
13,78,001001110,4,0.9573170636,0.2032758179,31,0
13,191,010111111,7,0.963719504,0.2866767156,145,0
13,479,111011111,8,0.9653963409,0.297615774,155,0
13,499,111110011,7,0.9548780415,0.2065643724,154,0
13,374,101110110,6,0.9637195077,0.1878173118,113,0
13,442,110111010,6,0.9629573133,0.2662793156,116,0
13,502,111110110,7,0.9586890154,0.2245801887,153,0
13,240,011110000,4,0.9474085271,0.2333530094,91,0
13,201,011001001,4,0.9567073155,0.1810487332,36,0
13,146,010010010,3,0.9370426815,0.1859965373,88,0
13,41,000101001,3,0.9443597533,0.2578364955,46,0
13,425,110101001,5,0.9621951208,0.1687642131,72,0
13,251,011111011,7,0.9612804838,0.3173386743,149,0
13,84,001010100,3,0.9432926793,0.1912370785,52,0
13,77,001001101,4,0.9611280505,0.2220115,22,0
13,336,101010000,3,0.9498475567,0.1365595176,23,0
13,226,011100010,4,0.9487804808,0.1625480801,86,0
13,404,110010100,4,0.9553353563,0.1947822548,47,0
13,380,101111100,6,0.9635670688,0.2217264464,114,0
13,452,111000100,4,0.9608231634,0.1636474896,24,0
13,268,100001100,3,0.9647865798,0.1379161642,1,0
13,112,001110000,3,0.9481707234,0.1940589957,26,0
13,196,011000100,3,0.9515243825,0.1577226631,15,0
13,345,101011001,5,0.9628048781,0.1997483987,65,0
13,334,101001110,5,0.9672256075,0.1807405879,38,0
13,264,100001000,2,0.9495426789,0.1157485445,4,0
13,207,011001111,6,0.9615853634,0.2859955677,122,0
13,26,000011010,3,0.9474085309,0.166096261,28,0
13,346,101011010,5,0.9643292632,0.210029603,58,0
13,273,100010001,3,0.936280489,0.1366260718,92,0
13,220,011011100,5,0.9589938931,0.2710625273,89,0
13,145,010010001,3,0.943597557,0.1669537378,49,0
13,40,000101000,2,0.9376524407,0.09235404083,25,0
13,493,111101101,7,0.9640243854,0.3398395209,142,0
13,2,000000010,1,0.8757621963,0.0863469597,159,0
13,298,100101010,4,0.9635670781,0.1536765499,12,0
13,264,100001000,2,0.9495426789,0.1157485445,3,0
13,10,000001010,2,0.9445121922,0.1083079919,9,0
13,378,101111010,6,0.964786578,0.2308151182,107,0
13,179,010110011,5,0.9410060942,0.2424715101,147,0
13,370,101110010,5,0.9585365802,0.1784977219,90,0
13,256,100000000,1,0.8653963432,0.05144251033,161,0
13,288,100100000,2,0.9224085417,0.09756062739,102,0
13,171,010101011,5,0.961890243,0.1561283367,74,0
13,180,010110100,4,0.9402438998,0.2270922111,119,0
13,378,101111010,6,0.964786578,0.2308151182,106,0
13,258,100000010,2,0.9272865914,0.1128509992,79,0
13,358,101100110,5,0.9629573151,0.1768365032,64,0
13,188,010111100,5,0.9551829174,0.2635214692,103,0
13,129,010000001,2,0.9335365873,0.1010586498,42,0
13,359,101100111,6,0.9612804819,0.1891228305,124,0
13,17,000010001,2,0.8894816972,0.1499703776,158,0
13,492,111101100,6,0.9681402501,0.1861764477,96,0
13,50,000110010,3,0.9269817118,0.1555463769,125,0
13,216,011011000,4,0.9560975544,0.2577285054,40,0
13,187,010111011,6,0.9594512116,0.279120577,126,0
13,128,010000000,1,0.9323170781,0.08404751134,10,0
13,301,100101101,5,0.9657012131,0.1904032845,50,0
13,479,111011111,8,0.9653963409,0.297615774,156,0
13,76,001001100,3,0.9522865731,0.1880639463,13,0
13,107,001101011,5,0.9643292632,0.1645711297,57,0
13,401,110010001,4,0.9516768232,0.1931645344,66,0
13,174,010101110,5,0.9596036505,0.2229905166,87,0
13,33,000100001,2,0.8849085364,0.1405141028,160,0
13,431,110101111,7,0.9658536613,0.2059036302,138,0
13,197,011000101,4,0.9516768213,0.1970114671,67,0
13,247,011110111,7,0.9538109675,0.2866593562,157,0
13,46,000101110,4,0.9539634064,0.1775657085,53,0
13,80,001010000,2,0.9368902445,0.1682704333,27,0
13,210,011010010,4,0.9449695069,0.2644167612,100,0
13,62,000111110,5,0.9538109656,0.2270585177,105,0
13,353,101100001,4,0.9532012139,0.1389175798,59,0
13,276,100010100,3,0.9513719417,0.1391151226,17,0
13,253,011111101,7,0.9640243892,0.2906484376,141,0
13,288,100100000,2,0.9224085417,0.09756062739,101,0
13,140,010001100,3,0.9544207212,0.1939722262,11,0
13,127,001111111,7,0.9617378041,0.3252968704,148,0
13,460,111001100,5,0.9623475634,0.1988814175,71,0
13,423,110100111,6,0.9544207193,0.1782295462,139,0
13,102,001100110,4,0.9516768195,0.1653954163,69,0
13,266,100001010,3,0.9663109817,0.1359270001,0,0
13,323,101000011,4,0.9560975581,0.1510076611,39,0
13,332,101001100,4,0.9624999929,0.1707430179,16,0
13,116,001110100,4,0.9464938957,0.2140967343,95,0
13,173,010101101,5,0.9568597469,0.2084413404,97,0
13,21,000010101,3,0.9280487876,0.1438165735,123,0
13,97,001100001,3,0.9439024366,0.1496965196,48,0
13,154,010011010,4,0.9570121877,0.2396545438,35,0
13,393,110001001,4,0.9617377985,0.1536827425,20,0
13,377,101111001,6,0.9640243854,0.320313164,112,0
13,308,100110100,4,0.957926821,0.1752202315,30,0
13,362,101101010,5,0.9624999966,0.1689127102,70,0
13,175,010101111,6,0.9585365672,0.2318464871,131,0
13,226,011100010,4,0.9487804808,0.1625480801,85,0
13,444,110111100,6,0.964786578,0.2217209716,109,0
13,291,100100011,4,0.9493902382,0.206504555,83,0
13,65,001000001,2,0.9350609761,0.1252497334,34,0
13,222,011011110,6,0.9573170654,0.3343018061,135,0
13,215,011010111,6,0.9525914565,0.2840391258,146,0
13,94,001011110,5,0.9580792617,0.2609661664,93,0
13,34,000100010,2,0.9111280553,0.1001502015,137,0
13,291,100100011,4,0.9493902382,0.206504555,82,0
13,406,110010110,5,0.9480182827,0.218691871,128,0
13,159,010011111,6,0.9618902393,0.2912165942,120,0
13,378,101111010,6,0.964786578,0.2308151182,108,0
13,489,111101001,6,0.9646341447,0.1878299923,110,0
13,118,001110110,5,0.9516768213,0.2225226476,117,0
13,62,000111110,5,0.9538109656,0.2270585177,104,0
13,454,111000110,5,0.960975606,0.1631978797,75,0
13,403,110010011,5,0.9471036531,0.1901693111,132,0
13,160,010100000,2,0.9399390239,0.09322097432,18,0
13,358,101100110,5,0.9629573151,0.1768365032,63,0
13,319,100111111,7,0.9637195077,0.3759361217,144,0
13,316,100111100,5,0.9669207297,0.1835955237,41,0
13,133,010000101,3,0.9432926811,0.1673714092,51,0
13,192,011000000,2,0.9504573103,0.1211086311,2,0
13,202,011001010,4,0.9612804782,0.149196442,21,0
13,353,101100001,4,0.9532012139,0.1389175798,60,0
13,10,000001010,2,0.9445121922,0.1083079919,8,0
13,217,011011001,5,0.9579268228,0.2819200605,94,0
13,86,001010110,4,0.9498475529,0.2009678534,76,0
13,68,001000100,2,0.947560966,0.2287352863,5,0
13,464,111010000,4,0.9522865787,0.1902281402,61,0
13,258,100000010,2,0.9272865914,0.1128509992,80,0
13,421,110100101,5,0.9567073006,0.1923621674,98,0
13,157,010011101,5,0.9608231653,0.2573634591,77,0
13,319,100111111,7,0.9637195077,0.3759361217,143,0
13,181,010110101,5,0.9463414587,0.2437225715,134,0
13,251,011111011,7,0.9612804838,0.3173386743,150,0
13,12,000001100,2,0.9342987817,0.1145905149,37,0
13,102,001100110,4,0.9516768195,0.1653954163,68,0
13,8,000001000,1,0.9012195114,0.0953759877,136,0
14,470,111010110,6,0.9586890098,0.2075651209,127,0
14,22,000010110,3,0.9240853731,0.1162337693,130,0
14,193,011000001,3,0.9471036512,0.1576919009,34,0
14,241,011110001,5,0.9440548718,0.2607987896,139,0
14,54,000110110,4,0.9384146333,0.1622000067,118,0
14,100,001100100,3,0.9481707253,0.1504776806,24,0
14,28,000011100,3,0.9434451163,0.1445199884,53,0
14,133,010000101,3,0.9432926811,0.1673714092,55,0
14,271,100001111,5,0.9682926834,0.1738470579,39,0
14,232,011101000,4,0.9621951152,0.2219230887,16,0
14,366,101101110,6,0.9675304852,0.2001497867,95,0
14,455,111000111,6,0.9588414561,0.178122621,125,0
14,480,111100000,4,0.9522865769,0.1520633074,66,0
14,494,111101110,7,0.963262191,0.2477963772,148,0
14,60,000111100,4,0.9525914546,0.1621299409,64,0
14,121,001111001,5,0.9562499933,0.3466811553,97,0
14,302,100101110,5,0.9657012187,0.1828945968,52,0
14,87,001010111,5,0.9501524288,0.2489087577,114,0
14,347,101011011,6,0.9690548796,0.1985359336,85,0
14,257,100000001,2,0.8830792718,0.09909134312,160,0
14,458,111001010,5,0.9644817039,0.1614640043,62,0
14,131,010000011,3,0.9347560965,0.1501262328,91,0
14,408,110011000,4,0.958231695,0.2197342259,32,0
14,78,001001110,4,0.9573170636,0.2032758179,38,0
14,216,011011000,4,0.9560975544,0.2577285054,44,0
14,427,110101011,6,0.9629573077,0.1781795989,108,0
14,470,111010110,6,0.9586890098,0.2075651209,128,0
14,404,110010100,4,0.9553353563,0.1947822548,51,0
14,326,101000110,4,0.9586890172,0.1529696728,29,0
14,493,111101101,7,0.9640243854,0.3398395209,145,0
14,409,110011001,5,0.9621951114,0.2163874777,72,0
14,68,001000100,2,0.947560966,0.2287352863,3,0
14,366,101101110,6,0.9675304852,0.2001497867,94,0
14,44,000101100,3,0.9384146333,0.1604029066,76,0
14,268,100001100,3,0.9647865798,0.1379161642,0,0
14,101,001100101,4,0.9471036494,0.1847556052,83,0
14,9,000001001,2,0.9167682994,0.1331997535,115,0
14,399,110001111,6,0.9626524355,0.2035451112,111,0
14,54,000110110,4,0.9384146333,0.1622000067,117,0
14,113,001110001,4,0.9504573084,0.1746187271,74,0
14,208,011010000,3,0.9487804789,0.2195109283,21,0
14,30,000011110,4,0.9535060879,0.1916021421,59,0
14,260,100000100,2,0.9440548718,0.2004308952,7,0
14,443,110111011,7,0.9624999985,0.2361019221,149,0
14,306,100110010,4,0.9446646273,0.140418421,98,0
14,399,110001111,6,0.9626524355,0.2035451112,110,0
14,341,101010101,5,0.9649390262,0.1703384123,58,0
14,111,001101111,6,0.958993895,0.2237674175,123,0
14,19,000010011,3,0.9097560961,0.1301706852,154,0
14,107,001101011,5,0.9643292632,0.1645711297,63,0
14,219,011011011,6,0.9600609709,0.3007806377,120,0
14,399,110001111,6,0.9626524355,0.2035451112,109,0
14,185,010111001,5,0.957012184,0.2482354445,90,0
14,428,110101100,5,0.9626524337,0.1925693848,68,0
14,499,111110011,7,0.9548780415,0.2065643724,153,0
14,243,011110011,6,0.9530487731,0.2716712286,144,0
14,308,100110100,4,0.957926821,0.1752202315,35,0
14,486,111100110,6,0.9629573114,0.1877477956,105,0
14,257,100000001,2,0.8830792718,0.09909134312,159,0
14,238,011101110,6,0.9606707245,0.2395493905,116,0
14,425,110101001,5,0.9621951208,0.1687642131,70,0
14,126,001111110,6,0.9554878008,0.2875207094,137,0
14,23,000010111,4,0.9347560983,0.1537364139,132,0
14,16,000010000,1,0.8800304849,0.0962131978,157,0
14,511,111111111,9,0.9672256112,0.3458421361,158,0
14,149,010010101,4,0.9435975533,0.2027544379,102,0
14,237,011101101,6,0.9591463376,0.2640092028,122,0
14,484,111100100,5,0.9605182838,0.1770865889,77,0
14,389,110000101,4,0.9562499914,0.1904697402,42,0
14,297,100101001,4,0.9582317006,0.1647070954,31,0
14,13,000001101,3,0.9356707335,0.3014179626,86,0
14,141,010001101,4,0.9608231671,0.193762437,20,0
14,221,011011101,6,0.9602134116,0.300388671,119,0
14,324,101000100,3,0.9624999966,0.1362094213,2,0
14,303,100101111,6,0.9673780538,0.2067371374,96,0
14,93,001011101,5,0.9603658449,0.2507782625,78,0
14,189,010111101,6,0.9599085283,0.3050948284,121,0
14,408,110011000,4,0.958231695,0.2197342259,33,0
14,299,100101011,5,0.9684451278,0.1646855306,37,0
14,478,111011110,7,0.9678353649,0.271671345,135,0
14,152,010011000,3,0.9513719399,0.2329935927,15,0
14,470,111010110,6,0.9586890098,0.2075651209,126,0
14,55,000110111,5,0.9394817054,0.1547308483,150,0
14,461,111001101,6,0.9624999948,0.2131315088,112,0
14,290,100100010,3,0.9499999899,0.1336969913,17,0
14,268,100001100,3,0.9647865798,0.1379161642,0,0
14,349,101011101,6,0.9696646389,0.3093579304,82,0
14,467,111010011,6,0.9539634027,0.2327699261,142,0
14,80,001010000,2,0.9368902445,0.1682704333,26,0
14,435,110110011,6,0.9568597432,0.2100424496,133,0
14,144,010010000,2,0.9355182927,0.1628878268,36,0
14,126,001111110,6,0.9554878008,0.2875207094,138,0
14,112,001110000,3,0.9481707234,0.1940589957,25,0
14,286,100011110,5,0.9696646333,0.1719646058,30,0
14,80,001010000,2,0.9368902445,0.1682704333,27,0
14,260,100000100,2,0.9440548718,0.2004308952,6,0
14,8,000001000,1,0.9012195114,0.0953759877,134,0
14,129,010000001,2,0.9335365873,0.1010586498,47,0
14,427,110101011,6,0.9629573077,0.1781795989,107,0
14,395,110001011,5,0.9670731667,0.1769618806,45,0
14,207,011001111,6,0.9615853634,0.2859955677,113,0
14,156,010011100,4,0.9596036505,0.2749188193,23,0
14,58,000111010,4,0.9541158453,0.1998991431,57,0
14,322,101000010,3,0.9539634027,0.1114213858,9,0
14,215,011010111,6,0.9525914565,0.2840391258,147,0
14,58,000111010,4,0.9541158453,0.1998991431,56,0
14,384,110000000,2,0.942378046,0.1023272595,10,0
14,168,010101000,3,0.9556402303,0.1283902619,5,0
14,220,011011100,5,0.9589938931,0.2710625273,80,0
14,281,100011001,4,0.9638719484,0.1484918948,13,0
14,228,011100100,4,0.9510670714,0.1718315468,73,0
14,156,010011100,4,0.9596036505,0.2749188193,22,0
14,147,010010011,4,0.9367378037,0.1958240762,124,0
14,35,000100011,3,0.9163109809,0.1255413797,151,0
14,336,101010000,3,0.9498475567,0.1365595176,19,0
14,488,111101000,5,0.966463415,0.1571392328,50,0
14,446,110111110,7,0.9637195077,0.2505255626,146,0
14,321,101000001,3,0.953048775,0.1407439543,12,0
14,124,001111100,5,0.9573170636,0.2322485391,88,0
14,150,010010110,4,0.9428353608,0.4122778447,103,0
14,73,001001001,3,0.953048775,0.1462754204,11,0
14,151,010010111,5,0.9432926774,0.2769849757,141,0
14,464,111010000,4,0.9522865787,0.1902281402,65,0
14,397,110001101,5,0.9626524374,0.1984722707,67,0
14,131,010000011,3,0.9347560965,0.1501262328,92,0
14,124,001111100,5,0.9573170636,0.2322485391,89,0
14,190,010111110,6,0.9559451174,0.3044974832,136,0
14,37,000100101,3,0.9213414732,0.1178390123,140,0
14,288,100100000,2,0.9224085417,0.09756062739,99,0
14,425,110101001,5,0.9621951208,0.1687642131,69,0
14,469,111010101,6,0.9583841395,0.2142438563,129,0
14,92,001011100,4,0.9571646284,0.2256155275,40,0
14,489,111101001,6,0.9646341447,0.1878299923,104,0
14,355,101100011,5,0.9577743858,0.1480007793,87,0
14,1,000000001,1,0.7878048848,0.08813527925,161,0
14,278,100010110,4,0.9477134068,0.1614845553,81,0
14,389,110000101,4,0.9562499914,0.1904697402,43,0
14,465,111010001,5,0.9565548692,0.3861234859,93,0
14,153,010011001,4,0.955487797,0.2314127795,48,0
14,104,001101000,3,0.9568597451,0.1185564424,4,0
14,333,101001101,5,0.9678353649,0.1775467619,41,0
14,153,010011001,4,0.955487797,0.2314127795,49,0
14,220,011011100,5,0.9589938931,0.2710625273,79,0
14,451,111000011,5,0.9550304729,0.1685197698,101,0
14,222,011011110,6,0.9573170654,0.3343018061,131,0
14,317,100111101,6,0.9661585316,0.1998526342,100,0
14,157,010011101,5,0.9608231653,0.2573634591,75,0
14,254,011111110,7,0.9605182894,0.3400172121,152,0
14,453,111000101,5,0.9580792617,0.16819228,84,0
14,486,111100110,6,0.9629573114,0.1877477956,106,0
14,395,110001011,5,0.9670731667,0.1769618806,46,0
14,155,010011011,5,0.9644817039,0.2534072064,60,0
14,255,011111111,8,0.9632621948,0.4130405989,155,0
14,120,001111000,4,0.9544207193,0.2454422717,54,0
14,80,001010000,2,0.9368902445,0.1682704333,28,0
14,354,101100010,4,0.9609756079,0.1522667618,18,0
14,196,011000100,3,0.9515243825,0.1577226631,14,0
14,458,111001010,5,0.9644817039,0.1614640043,61,0
14,260,100000100,2,0.9440548718,0.2004308952,8,0
14,507,111111011,8,0.9617377967,0.2683291459,156,0
14,409,110011001,5,0.9621951114,0.2163874777,71,0
14,505,111111001,7,0.9647865836,0.259944424,143,0
15,168,010101000,3,0.9556402303,0.1283902619,12,0
15,493,111101101,7,0.9640243854,0.3398395209,145,0
15,30,000011110,4,0.9535060879,0.1916021421,66,0
15,462,111001110,6,0.9695121981,0.2274610037,89,0
15,393,110001001,4,0.9617377985,0.1536827425,29,0
15,411,110011011,6,0.9638719447,0.23684128,113,0
15,483,111100011,6,0.9574695099,0.1675422555,134,0
15,475,111011011,7,0.964176828,0.2418077742,144,0
15,416,110100000,3,0.9510670714,0.1087195657,27,0
15,19,000010011,3,0.9097560961,0.1301706852,158,0
15,145,010010001,3,0.943597557,0.1669537378,59,0
15,280,100011000,3,0.9574695043,0.1384578615,9,0
15,279,100010111,5,0.9499999974,0.1593395183,124,0
15,49,000110001,3,0.9184451289,0.1473816759,148,0
15,451,111000011,5,0.9550304729,0.1685197698,103,0
15,68,001000100,2,0.947560966,0.2287352863,7,0
15,467,111010011,6,0.9539634027,0.2327699261,142,0
15,424,110101000,4,0.9621951189,0.151591171,25,0
15,132,010000100,2,0.9396341462,0.1636577162,28,0
15,444,110111100,6,0.964786578,0.2217209716,107,0
15,163,010100011,4,0.9469512142,0.1452375506,91,0
15,52,000110100,3,0.9237804934,0.1129184102,136,0
15,71,001000111,4,0.9454268254,0.1695544343,98,0
15,305,100110001,4,0.9381097574,0.1583164767,126,0
15,231,011100111,6,0.9519817065,0.2285920731,147,0
15,320,101000000,2,0.9503048677,0.1123269997,5,0
15,163,010100011,4,0.9469512142,0.1452375506,90,0
15,98,001100010,3,0.9480182808,0.1166399249,38,0
15,441,110111001,6,0.9644817077,0.2243005,109,0
15,194,011000010,3,0.9448170681,0.1295389787,52,0
15,38,000100110,3,0.9329268336,0.1262098874,101,0
15,168,010101000,3,0.9556402303,0.1283902619,13,0
15,81,001010001,3,0.9440548755,0.1765820705,56,0
15,467,111010011,6,0.9539634027,0.2327699261,143,0
15,179,010110011,5,0.9410060942,0.2424715101,146,0
15,152,010011000,3,0.9513719399,0.2329935927,20,0
15,502,111110110,7,0.9586890154,0.2245801887,155,0
15,96,001100000,2,0.9330792725,0.09982250445,54,0
15,456,111001000,4,0.9663109723,0.1493365318,15,0
15,200,011001000,3,0.955487797,0.1316828153,14,0
15,293,100100101,4,0.9577743821,0.1677137092,43,0
15,424,110101000,4,0.9621951189,0.151591171,23,0
15,59,000111011,5,0.9528963305,0.1926716072,110,0
15,76,001001100,3,0.9522865731,0.1880639463,18,0
15,205,011001101,5,0.9605182856,0.3885932574,81,0
15,114,001110010,4,0.9474085346,0.1818423038,88,0
15,58,000111010,4,0.9541158453,0.1998991431,63,0
15,214,011010110,5,0.9489329215,0.2694390733,127,0
15,108,001101100,4,0.9585365746,0.1886128322,39,0
15,406,110010110,5,0.9480182827,0.218691871,132,0
15,268,100001100,3,0.9647865798,0.1379161642,2,0
15,112,001110000,3,0.9481707234,0.1940589957,35,0
15,327,101000111,5,0.9611280449,0.1737721614,77,0
15,83,001010011,4,0.9489329197,0.2551624496,83,0
15,12,000001100,2,0.9342987817,0.1145905149,48,0
15,269,100001101,4,0.963262191,0.1545369336,19,0
15,155,010011011,5,0.9644817039,0.2534072064,68,0
15,345,101011001,5,0.9628048781,0.1997483987,73,0
15,88,001011000,3,0.9570121896,0.1966020344,11,0
15,343,101010111,6,0.9589938968,0.1846750332,133,0
15,95,001011111,6,0.9603658505,0.4629407227,125,0
15,195,011000011,4,0.9493902363,0.1929078563,82,0
15,164,010100100,3,0.9356707316,0.1803958965,93,0
15,301,100101101,5,0.9657012131,0.1904032845,60,0
15,256,100000000,1,0.8653963432,0.05144251033,161,0
15,482,111100010,5,0.9591463339,0.139335844,84,0
15,272,100010000,2,0.9314024411,0.09646097757,65,0
15,26,000011010,3,0.9474085309,0.166096261,40,0
15,370,101110010,5,0.9585365802,0.1784977219,87,0
15,124,001111100,5,0.9573170636,0.2322485391,96,0
15,242,011110010,5,0.9455792625,0.2814117442,137,0
15,306,100110010,4,0.9446646273,0.140418421,99,0
15,290,100100010,3,0.9499999899,0.1336969913,31,0
15,171,010101011,5,0.961890243,0.1561283367,76,0
15,280,100011000,3,0.9574695043,0.1384578615,8,0
15,258,100000010,2,0.9272865914,0.1128509992,80,0
15,66,001000010,2,0.9518292602,0.09929567995,3,0
15,227,011100011,5,0.9506097492,0.1793539175,119,0
15,156,010011100,4,0.9596036505,0.2749188193,34,0
15,33,000100001,2,0.8849085364,0.1405141028,160,0
15,359,101100111,6,0.9612804819,0.1891228305,121,0
15,9,000001001,2,0.9167682994,0.1331997535,123,0
15,394,110001010,4,0.9682926834,0.1485241046,10,0
15,315,100111011,6,0.9631097522,0.1866992847,115,0
15,472,111011000,5,0.9638719503,0.2441837927,70,0
15,123,001111011,6,0.9626524355,0.2404932803,116,0
15,34,000100010,2,0.9111280553,0.1001502015,138,0
15,56,000111000,3,0.9454268273,0.1453281161,47,0
15,431,110101111,7,0.9658536613,0.2059036302,140,0
15,77,001001101,4,0.9611280505,0.2220115,30,0
15,235,011101011,6,0.9592987709,0.1924978569,129,0
15,385,110000001,3,0.9457317069,0.1523044817,45,0
15,331,101001011,5,0.9695122056,0.1774945036,41,0
15,129,010000001,2,0.9335365873,0.1010586498,53,0
15,431,110101111,7,0.9658536613,0.2059036302,141,0
15,241,011110001,5,0.9440548718,0.2607987896,139,0
15,109,001101101,5,0.9626524318,0.2083265451,74,0
15,506,111111010,7,0.9606707208,0.2898382405,152,0
15,84,001010100,3,0.9432926793,0.1912370785,62,0
15,178,010110010,4,0.9370426852,0.3352389857,131,0
15,178,010110010,4,0.9370426852,0.3352389857,130,0
15,355,101100011,5,0.9577743858,0.1480007793,94,0
15,359,101100111,6,0.9612804819,0.1891228305,120,0
15,87,001010111,5,0.9501524288,0.2489087577,122,0
15,424,110101000,4,0.9621951189,0.151591171,26,0
15,133,010000101,3,0.9432926811,0.1673714092,61,0
15,255,011111111,8,0.9632621948,0.4130405989,159,0
15,479,111011111,8,0.9653963409,0.297615774,157,0
15,295,100100111,5,0.9528963305,0.1877222597,111,0
15,358,101100110,5,0.9629573151,0.1768365032,72,0
15,283,100011011,5,0.9660060965,0.1543926708,58,0
15,323,101000011,4,0.9560975581,0.1510076611,51,0
15,328,101001000,3,0.9661585353,0.1314932012,0,0
15,220,011011100,5,0.9589938931,0.2710625273,86,0
15,143,010001111,5,0.9640243854,0.2269113725,69,0
15,51,000110011,4,0.926524397,0.1556108566,154,0
15,65,001000001,2,0.9350609761,0.1252497334,44,0
15,220,011011100,5,0.9589938931,0.2710625273,85,0
15,265,100001001,3,0.9512195047,0.1273183418,21,0
15,489,111101001,6,0.9646341447,0.1878299923,108,0
15,439,110110111,7,0.9557926748,0.2348899278,156,0
15,424,110101000,4,0.9621951189,0.151591171,24,0
15,14,000001110,3,0.9452743828,0.2012516796,49,0
15,362,101101010,5,0.9624999966,0.1689127102,75,0
15,348,101011100,5,0.9661585353,0.1913031316,57,0
15,385,110000001,3,0.9457317069,0.1523044817,46,0
15,265,100001001,3,0.9512195047,0.1273183418,22,0
15,334,101001110,5,0.9672256075,0.1807405879,50,0
15,471,111010111,7,0.9618902374,0.2460674956,149,0
15,86,001010110,4,0.9498475529,0.2009678534,79,0
15,188,010111100,5,0.9551829174,0.2635214692,100,0
15,96,001100000,2,0.9330792725,0.09982250445,55,0
15,22,000010110,3,0.9240853731,0.1162337693,135,0
15,392,110001000,3,0.9653963372,0.1357308119,1,0
15,246,011110110,6,0.9506097473,0.2641389403,150,0
15,234,011101010,5,0.9644817039,0.206266609,67,0
15,58,000111010,4,0.9541158453,0.1998991431,64,0
15,62,000111110,5,0.9538109656,0.2270585177,106,0
15,374,101110110,6,0.9637195077,0.1878173118,114,0
15,275,100010011,4,0.9417682886,0.1271214618,112,0
15,112,001110000,3,0.9481707234,0.1940589957,36,0
15,356,101100100,4,0.9591463339,0.1657813322,37,0
15,298,100101010,4,0.9635670781,0.1536765499,17,0
15,61,000111101,5,0.9515243843,0.1722416603,117,0
15,36,000100100,2,0.9050304871,0.1029281626,153,0
15,198,011000110,4,0.9498475567,0.191795771,78,0
15,122,001111010,5,0.9635670725,0.3054453623,71,0
15,73,001001001,3,0.953048775,0.1462754204,16,0
15,170,010101010,4,0.9583841376,0.1237906108,42,0
15,217,011011001,5,0.9579268228,0.2819200605,92,0
15,116,001110100,4,0.9464938957,0.2140967343,95,0
15,422,110100110,5,0.9547256045,0.1711755372,104,0
15,320,101000000,2,0.9503048677,0.1123269997,4,0
15,141,010001101,4,0.9608231671,0.193762437,33,0
15,173,010101101,5,0.9568597469,0.2084413404,97,0
15,137,010001001,3,0.9589938968,0.1376599907,6,0
15,187,010111011,6,0.9594512116,0.279120577,128,0
15,180,010110100,4,0.9402438998,0.2270922111,118,0
15,251,011111011,7,0.9612804838,0.3173386743,151,0
15,4,000000100,1,0.9094512276,0.06868225115,105,0
15,38,000100110,3,0.9329268336,0.1262098874,102,0
15,448,111000000,3,0.9498475511,0.1094583822,32,0
16,351,101011111,7,0.9638719484,0.2198956287,147,0
16,83,001010011,4,0.9489329197,0.2551624496,86,0
16,449,111000001,4,0.9550304785,0.2016363414,56,0
16,176,010110000,3,0.9341463428,0.2078121302,99,0
16,116,001110100,4,0.9464938957,0.2140967343,95,0
16,493,111101101,7,0.9640243854,0.3398395209,146,0
16,264,100001000,2,0.9495426789,0.1157485445,3,0
16,292,100100100,3,0.9576219451,0.1772560109,7,0
16,27,000011011,4,0.9495426714,0.1951567573,83,0
16,108,001101100,4,0.9585365746,0.1886128322,37,0
16,366,101101110,6,0.9675304852,0.2001497867,98,0
16,79,001001111,5,0.962957317,0.2229459747,67,0
16,160,010100000,2,0.9399390239,0.09322097432,22,0
16,414,110011110,6,0.9637195077,0.2462959136,111,0
16,88,001011000,3,0.9570121896,0.1966020344,9,0
16,191,010111111,7,0.963719504,0.2866767156,148,0
16,100,001100100,3,0.9481707253,0.1504776806,30,0
16,5,000000101,2,0.9044207372,0.07468588371,155,0
16,347,101011011,6,0.9690548796,0.1985359336,93,0
16,11,000001011,3,0.9513719436,0.1420441959,17,0
16,477,111011101,7,0.9663109761,0.245831884,139,0
16,395,110001011,5,0.9670731667,0.1769618806,48,0
16,186,010111010,5,0.9589938968,0.2682068814,89,0
16,462,111001110,6,0.9695121981,0.2274610037,91,0
16,152,010011000,3,0.9513719399,0.2329935927,19,0
16,143,010001111,5,0.9640243854,0.2269113725,64,0
16,340,101010100,4,0.961737806,0.1694561779,25,0
16,413,110011101,6,0.9644817039,0.2295870977,107,0
16,66,001000010,2,0.9518292602,0.09929567995,1,0
16,300,100101100,4,0.9623475503,0.1672059349,20,0
16,339,101010011,5,0.9528963324,0.1730788327,109,0
16,71,001000111,4,0.9454268254,0.1695544343,97,0
16,495,111101111,8,0.9658536594,0.22599763,158,0
16,44,000101100,3,0.9384146333,0.1604029066,84,0
16,332,101001100,4,0.9624999929,0.1707430179,15,0
16,359,101100111,6,0.9612804819,0.1891228305,121,0
16,9,000001001,2,0.9167682994,0.1331997535,123,0
16,407,110010111,6,0.9516768251,0.3759041177,152,0
16,68,001000100,2,0.947560966,0.2287352863,5,0
16,51,000110011,4,0.926524397,0.1556108566,156,0
16,216,011011000,4,0.9560975544,0.2577285054,46,0
16,23,000010111,4,0.9347560983,0.1537364139,135,0
16,448,111000000,3,0.9498475511,0.1094583822,27,0
16,267,100001011,4,0.9620426763,0.1646921253,23,0
16,6,000000110,2,0.9178353697,0.1008892676,119,0
16,269,100001101,4,0.963262191,0.1545369336,13,0
16,104,001101000,3,0.9568597451,0.1185564424,10,0
16,427,110101011,6,0.9629573077,0.1781795989,114,0
16,19,000010011,3,0.9097560961,0.1301706852,160,0
16,123,001111011,6,0.9626524355,0.2404932803,116,0
16,179,010110011,5,0.9410060942,0.2424715101,150,0
16,399,110001111,6,0.9626524355,0.2035451112,117,0
16,120,001111000,4,0.9544207193,0.2454422717,59,0
16,60,000111100,4,0.9525914546,0.1621299409,65,0
16,451,111000011,5,0.9550304729,0.1685197698,103,0
16,178,010110010,4,0.9370426852,0.3352389857,127,0
16,308,100110100,4,0.957926821,0.1752202315,40,0
16,142,010001110,4,0.9562499933,0.2010135157,44,0
16,133,010000101,3,0.9432926811,0.1673714092,60,0
16,162,010100010,3,0.9460365772,0.1228090909,42,0
16,299,100101011,5,0.9684451278,0.1646855306,41,0
16,316,100111100,5,0.9669207297,0.1835955237,49,0
16,475,111011011,7,0.964176828,0.2418077742,145,0
16,210,011010010,4,0.9449695069,0.2644167612,101,0
16,237,011101101,6,0.9591463376,0.2640092028,128,0
16,157,010011101,5,0.9608231653,0.2573634591,76,0
16,167,010100111,5,0.9480182845,0.1973982276,129,0
16,356,101100100,4,0.9591463339,0.1657813322,31,0
16,397,110001101,5,0.9626524374,0.1984722707,68,0
16,387,110000011,4,0.9507621918,0.175960077,72,0
16,29,000011101,4,0.951067064,0.1539091161,70,0
16,157,010011101,5,0.9608231653,0.2573634591,77,0
16,214,011010110,5,0.9489329215,0.2694390733,126,0
16,289,100100001,3,0.9368902445,0.1236085924,88,0
16,431,110101111,7,0.9658536613,0.2059036302,141,0
16,381,101111101,7,0.9650914595,0.2315300149,142,0
16,181,010110101,5,0.9463414587,0.2437225715,132,0
16,412,110011100,5,0.9612804819,0.2286357516,75,0
16,99,001100011,4,0.9495426733,0.1583316922,82,0
16,479,111011111,8,0.9653963409,0.297615774,159,0
16,152,010011000,3,0.9513719399,0.2329935927,18,0
16,470,111010110,6,0.9586890098,0.2075651209,131,0
16,85,001010101,4,0.949542677,0.1903469744,81,0
16,228,011100100,4,0.9510670714,0.1718315468,69,0
16,39,000100111,4,0.9327743929,0.170628381,140,0
16,136,010001000,2,0.9556402415,0.08872172865,0,0
16,381,101111101,7,0.9650914595,0.2315300149,143,0
16,487,111100111,7,0.9623475522,0.2054754389,153,0
16,368,101110000,4,0.9560975526,0.1694042669,47,0
16,466,111010010,5,0.9501524325,0.2081504837,122,0
16,272,100010000,2,0.9314024411,0.09646097757,63,0
16,127,001111111,7,0.9617378041,0.3252968704,154,0
16,213,011010101,5,0.954268286,0.2557268739,105,0
16,364,101101100,5,0.9696646333,0.1734690042,35,0
16,80,001010000,2,0.9368902445,0.1682704333,34,0
16,14,000001110,3,0.9452743828,0.2012516796,43,0
16,34,000100010,2,0.9111280553,0.1001502015,138,0
16,85,001010101,4,0.949542677,0.1903469744,80,0
16,427,110101011,6,0.9629573077,0.1781795989,113,0
16,505,111111001,7,0.9647865836,0.259944424,144,0
16,461,111001101,6,0.9624999948,0.2131315088,118,0
16,158,010011110,5,0.9586890191,0.2851446816,90,0
16,80,001010000,2,0.9368902445,0.1682704333,32,0
16,417,110100001,4,0.9451219458,0.1674812513,100,0
16,85,001010101,4,0.949542677,0.1903469744,79,0
16,58,000111010,4,0.9541158453,0.1998991431,61,0
16,80,001010000,2,0.9368902445,0.1682704333,33,0
16,172,010101100,4,0.9548780415,0.1772159359,57,0
16,153,010011001,4,0.955487797,0.2314127795,50,0
16,153,010011001,4,0.955487797,0.2314127795,51,0
16,164,010100100,3,0.9356707316,0.1803958965,94,0
16,156,010011100,4,0.9596036505,0.2749188193,29,0
16,247,011110111,7,0.9538109675,0.2866593562,161,0
16,289,100100001,3,0.9368902445,0.1236085924,87,0
16,496,111110000,5,0.9541158415,0.2100702799,106,0
16,494,111101110,7,0.963262191,0.2477963772,149,0
16,318,100111110,6,0.9657012206,0.1994900974,104,0
16,386,110000010,3,0.9515243825,0.1274834615,14,0
16,252,011111100,6,0.964176828,0.316163627,108,0
16,132,010000100,2,0.9396341462,0.1636577162,24,0
16,73,001001001,3,0.953048775,0.1462754204,12,0
16,93,001011101,5,0.9603658449,0.2507782625,85,0
16,113,001110001,4,0.9504573084,0.1746187271,74,0
16,131,010000011,3,0.9347560965,0.1501262328,96,0
16,387,110000011,4,0.9507621918,0.175960077,71,0
16,118,001110110,5,0.9516768213,0.2225226476,115,0
16,502,111110110,7,0.9586890154,0.2245801887,157,0
16,59,000111011,5,0.9528963305,0.1926716072,110,0
16,296,100101000,3,0.9603658449,0.1424966599,4,0
16,393,110001001,4,0.9617377985,0.1536827425,26,0
16,323,101000011,4,0.9560975581,0.1510076611,45,0
16,415,110011111,7,0.9681402519,0.2540232334,134,0
16,169,010101001,4,0.9554877914,0.1521936124,53,0
16,113,001110001,4,0.9504573084,0.1746187271,73,0
16,265,100001001,3,0.9512195047,0.1273183418,21,0
16,21,000010101,3,0.9280487876,0.1438165735,120,0
16,452,111000100,4,0.9608231634,0.1636474896,28,0
16,449,111000001,4,0.9550304785,0.2016363414,55,0
16,313,100111001,5,0.963109754,0.167221989,66,0
16,110,001101110,5,0.9606707301,0.2040525535,78,0
16,285,100011101,5,0.9692073204,0.1706519304,39,0
16,11,000001011,3,0.9513719436,0.1420441959,16,0
16,219,011011011,6,0.9600609709,0.3007806377,125,0
16,450,111000010,4,0.9554877952,0.1262044164,52,0
16,211,011010011,5,0.9449695051,0.2340317885,137,0
16,304,100110000,3,0.9338414669,0.1354449289,102,0
16,301,100101101,5,0.9657012131,0.1904032845,58,0
16,470,111010110,6,0.9586890098,0.2075651209,130,0
16,341,101010101,5,0.9649390262,0.1703384123,62,0
16,292,100100100,3,0.9576219451,0.1772560109,8,0
16,138,010001010,3,0.9580792598,0.1175190397,6,0
16,81,001010001,3,0.9440548755,0.1765820705,54,0
16,179,010110011,5,0.9410060942,0.2424715101,151,0
16,498,111110010,6,0.956097547,0.2142396532,136,0
16,331,101001011,5,0.9695122056,0.1774945036,38,0
16,364,101101100,5,0.9696646333,0.1734690042,36,0
16,324,101000100,3,0.9624999966,0.1362094213,2,0
16,459,111001011,6,0.9693597592,0.1673336257,92,0
16,260,100000100,2,0.9440548718,0.2004308952,11,0
16,315,100111011,6,0.9631097522,0.1866992847,112,0
16,473,111011001,6,0.9602134135,0.2257233416,124,0
16,52,000110100,3,0.9237804934,0.1129184102,133,0
17,232,011101000,4,0.9621951152,0.2219230887,18,0
17,428,110101100,5,0.9626524337,0.1925693848,64,0
17,31,000011111,5,0.9507621899,0.2732690205,108,0
17,363,101101011,6,0.9637195095,0.1817409033,99,0
17,393,110001001,4,0.9617377985,0.1536827425,22,0
17,211,011010011,5,0.9449695051,0.2340317885,136,0
17,434,110110010,5,0.9512195047,0.2008119989,106,0
17,283,100011011,5,0.9660060965,0.1543926708,51,0
17,228,011100100,4,0.9510670714,0.1718315468,68,0
17,467,111010011,6,0.9539634027,0.2327699261,140,0
17,25,000011001,3,0.9463414568,0.1495797473,38,0
17,264,100001000,2,0.9495426789,0.1157485445,3,0
17,350,101011110,6,0.9681402408,0.2603807449,87,0
17,97,001100001,3,0.9439024366,0.1496965196,50,0
17,423,110100111,6,0.9544207193,0.1782295462,139,0
17,322,101000010,3,0.9539634027,0.1114213858,7,0
17,343,101010111,6,0.9589938968,0.1846750332,126,0
17,506,111111010,7,0.9606707208,0.2898382405,151,0
17,132,010000100,2,0.9396341462,0.1636577162,20,0
17,500,111110100,6,0.9571646266,0.210213976,131,0
17,2,000000010,1,0.8757621963,0.0863469597,158,0
17,48,000110000,2,0.9140243977,0.09490588191,127,0
17,9,000001001,2,0.9167682994,0.1331997535,113,0
17,433,110110001,5,0.953048775,0.1948711216,97,0
17,119,001110111,6,0.9516768157,0.2266518502,146,0
17,352,101100000,3,0.9518292565,0.1353251534,13,0
17,179,010110011,5,0.9410060942,0.2424715101,144,0
17,98,001100010,3,0.9480182808,0.1166399249,29,0
17,441,110111001,6,0.9644817077,0.2243005,96,0
17,195,011000011,4,0.9493902363,0.1929078563,71,0
17,228,011100100,4,0.9510670714,0.1718315468,69,0
17,185,010111001,5,0.957012184,0.2482354445,89,0
17,16,000010000,1,0.8800304849,0.0962131978,153,0
17,451,111000011,5,0.9550304729,0.1685197698,94,0
17,307,100110011,5,0.9420731664,0.1512810998,142,0
17,24,000011000,2,0.9400914628,0.1224767463,17,0
17,374,101110110,6,0.9637195077,0.1878173118,100,0
17,238,011101110,6,0.9606707245,0.2395493905,115,0
17,185,010111001,5,0.957012184,0.2482354445,90,0
17,10,000001010,2,0.9445121922,0.1083079919,6,0
17,295,100100111,5,0.9528963305,0.1877222597,98,0
17,392,110001000,3,0.9653963372,0.1357308119,0,0
17,55,000110111,5,0.9394817054,0.1547308483,149,0
17,244,011110100,5,0.9503048733,0.2641298291,111,0
17,505,111111001,7,0.9647865836,0.259944424,141,0
17,242,011110010,5,0.9455792625,0.2814117442,135,0
17,471,111010111,7,0.9618902374,0.2460674956,148,0
17,404,110010100,4,0.9553353563,0.1947822548,48,0
17,492,111101100,6,0.9681402501,0.1861764477,86,0
17,332,101001100,4,0.9624999929,0.1707430179,16,0
17,332,101001100,4,0.9624999929,0.1707430179,15,0
17,80,001010000,2,0.9368902445,0.1682704333,31,0
17,390,110000110,4,0.9560975488,0.160214691,45,0
17,483,111100011,6,0.9574695099,0.1675422555,129,0
17,52,000110100,3,0.9237804934,0.1129184102,132,0
17,333,101001101,5,0.9678353649,0.1775467619,40,0
17,90,001011010,4,0.9618902393,0.2218290572,19,0
17,273,100010001,3,0.936280489,0.1366260718,80,0
17,478,111011110,7,0.9678353649,0.271671345,134,0
17,349,101011101,6,0.9696646389,0.3093579304,76,0
17,222,011011110,6,0.9573170654,0.3343018061,130,0
17,193,011000001,3,0.9471036512,0.1576919009,35,0
17,96,001100000,2,0.9330792725,0.09982250445,49,0
17,301,100101101,5,0.9657012131,0.1904032845,53,0
17,16,000010000,1,0.8800304849,0.0962131978,154,0
17,356,101100100,4,0.9591463339,0.1657813322,28,0
17,80,001010000,2,0.9368902445,0.1682704333,30,0
17,187,010111011,6,0.9594512116,0.279120577,122,0
17,114,001110010,4,0.9474085346,0.1818423038,77,0
17,61,000111101,5,0.9515243843,0.1722416603,103,0
17,226,011100010,4,0.9487804808,0.1625480801,73,0
17,178,010110010,4,0.9370426852,0.3352389857,123,0
17,297,100101001,4,0.9582317006,0.1647070954,34,0
17,394,110001010,4,0.9682926834,0.1485241046,5,0
17,144,010010000,2,0.9355182927,0.1628878268,37,0
17,2,000000010,1,0.8757621963,0.0863469597,159,0
17,474,111011010,6,0.9687500075,0.2528586062,81,0
17,331,101001011,5,0.9695122056,0.1774945036,32,0
17,464,111010000,4,0.9522865787,0.1902281402,60,0
17,32,000100000,1,0.8641768359,0.1044695501,160,0
17,263,100000111,4,0.9487804864,0.1450051651,72,0
17,1,000000001,1,0.7878048848,0.08813527925,161,0
17,488,111101000,5,0.966463415,0.1571392328,47,0
17,283,100011011,5,0.9660060965,0.1543926708,52,0
17,473,111011001,6,0.9602134135,0.2257233416,119,0
17,511,111111111,9,0.9672256112,0.3458421361,157,0
17,386,110000010,3,0.9515243825,0.1274834615,14,0
17,218,011011010,5,0.958841458,0.2987742741,74,0
17,143,010001111,5,0.9640243854,0.2269113725,58,0
17,45,000101101,4,0.9461890161,0.1590515091,85,0
17,362,101101010,5,0.9624999966,0.1689127102,65,0
17,384,110000000,2,0.942378046,0.1023272595,8,0
17,162,010100010,3,0.9460365772,0.1228090909,39,0
17,179,010110011,5,0.9410060942,0.2424715101,145,0
17,431,110101111,7,0.9658536613,0.2059036302,137,0
17,507,111111011,8,0.9617377967,0.2683291459,152,0
17,221,011011101,6,0.9602134116,0.300388671,121,0
17,443,110111011,7,0.9624999985,0.2361019221,147,0
17,84,001010100,3,0.9432926793,0.1912370785,55,0
17,129,010000001,2,0.9335365873,0.1010586498,46,0
17,50,000110010,3,0.9269817118,0.1555463769,118,0
17,352,101100000,3,0.9518292565,0.1353251534,12,0
17,167,010100111,5,0.9480182845,0.1973982276,125,0
17,212,011010100,4,0.952439012,0.2385208402,59,0
17,170,010101010,4,0.9583841376,0.1237906108,33,0
17,197,011000101,4,0.9516768213,0.1970114671,63,0
17,444,110111100,6,0.964786578,0.2217209716,95,0
17,393,110001001,4,0.9617377985,0.1536827425,23,0
17,486,111100110,6,0.9629573114,0.1877477956,101,0
17,366,101101110,6,0.9675304852,0.2001497867,91,0
17,345,101011001,5,0.9628048781,0.1997483987,62,0
17,323,101000011,4,0.9560975581,0.1510076611,44,0
17,264,100001000,2,0.9495426789,0.1157485445,2,0
17,158,010011110,5,0.9586890191,0.2851446816,75,0
17,367,101101111,7,0.9689024445,0.2136532324,128,0
17,177,010110001,4,0.9394817054,0.2004012102,109,0
17,221,011011101,6,0.9602134116,0.300388671,120,0
17,95,001011111,6,0.9603658505,0.4629407227,116,0
17,387,110000011,4,0.9507621918,0.175960077,70,0
17,281,100011001,4,0.9638719484,0.1484918948,10,0
17,438,110110110,6,0.9568597469,0.2188521465,133,0
17,306,100110010,4,0.9446646273,0.140418421,92,0
17,270,100001110,4,0.9641768225,0.171474142,9,0
17,124,001111100,5,0.9573170636,0.2322485391,84,0
17,124,001111100,5,0.9573170636,0.2322485391,83,0
17,409,110011001,5,0.9621951114,0.2163874777,67,0
17,273,100010001,3,0.936280489,0.1366260718,79,0
17,452,111000100,4,0.9608231634,0.1636474896,26,0
17,215,011010111,6,0.9525914565,0.2840391258,143,0
17,87,001010111,5,0.9501524288,0.2489087577,112,0
17,188,010111100,5,0.9551829174,0.2635214692,93,0
17,480,111100000,4,0.9522865769,0.1520633074,61,0
17,114,001110010,4,0.9474085346,0.1818423038,78,0
17,12,000001100,2,0.9342987817,0.1145905149,42,0
17,118,001110110,5,0.9516768213,0.2225226476,102,0
17,426,110101010,5,0.965548778,0.1652380908,54,0
17,63,000111111,6,0.9544207286,0.2803421966,138,0
17,58,000111010,4,0.9541158453,0.1998991431,56,0
17,262,100000110,3,0.9503048733,0.1506545902,25,0
17,393,110001001,4,0.9617377985,0.1536827425,24,0
17,362,101101010,5,0.9624999966,0.1689127102,66,0
17,503,111110111,8,0.9562499896,0.2269489216,155,0
17,298,100101010,4,0.9635670781,0.1536765499,11,0
17,237,011101101,6,0.9591463376,0.2640092028,124,0
17,56,000111000,3,0.9454268273,0.1453281161,41,0
17,142,010001110,4,0.9562499933,0.2010135157,43,0
17,474,111011010,6,0.9687500075,0.2528586062,82,0
17,137,010001001,3,0.9589938968,0.1376599907,4,0
17,50,000110010,3,0.9269817118,0.1555463769,117,0
17,89,001011001,4,0.958079258,0.2149465061,36,0
17,369,101110001,5,0.9570121858,0.1660167179,88,0
17,356,101100100,4,0.9591463339,0.1657813322,27,0
17,268,100001100,3,0.9647865798,0.1379161642,1,0
17,9,000001001,2,0.9167682994,0.1331997535,114,0
17,180,010110100,4,0.9402438998,0.2270922111,105,0
17,155,010011011,5,0.9644817039,0.2534072064,57,0
17,503,111110111,8,0.9562499896,0.2269489216,156,0
17,244,011110100,5,0.9503048733,0.2641298291,110,0
17,251,011111011,7,0.9612804838,0.3173386743,150,0
17,132,010000100,2,0.9396341462,0.1636577162,21,0
17,6,000000110,2,0.9178353697,0.1008892676,107,0
17,461,111001101,6,0.9624999948,0.2131315088,104,0
18,279,100010111,5,0.9499999974,0.1593395183,125,0
18,80,001010000,2,0.9368902445,0.1682704333,26,0
18,449,111000001,4,0.9550304785,0.2016363414,45,0
18,150,010010110,4,0.9428353608,0.4122778447,101,0
18,246,011110110,6,0.9506097473,0.2641389403,140,0
18,44,000101100,3,0.9384146333,0.1604029066,75,0
18,333,101001101,5,0.9678353649,0.1775467619,32,0
18,480,111100000,4,0.9522865769,0.1520633074,61,0
18,79,001001111,5,0.962957317,0.2229459747,64,0
18,141,010001101,4,0.9608231671,0.193762437,22,0
18,486,111100110,6,0.9629573114,0.1877477956,110,0
18,199,011000111,5,0.9521341417,0.2270386657,108,0
18,32,000100000,1,0.8641768359,0.1044695501,161,0
18,472,111011000,5,0.9638719503,0.2441837927,59,0
18,208,011010000,3,0.9487804789,0.2195109283,23,0
18,184,010111000,4,0.9567073099,0.2421766864,34,0
18,168,010101000,3,0.9556402303,0.1283902619,8,0
18,15,000001111,4,0.9467987716,0.2596095148,87,0
18,347,101011011,6,0.9690548796,0.1985359336,85,0
18,67,001000011,3,0.9541158434,0.1536063617,13,0
18,377,101111001,6,0.9640243854,0.320313164,105,0
18,463,111001111,7,0.9701219536,0.2215583678,128,0
18,358,101100110,5,0.9629573151,0.1768365032,65,0
18,334,101001110,5,0.9672256075,0.1807405879,38,0
18,2,000000010,1,0.8757621963,0.0863469597,159,0
18,143,010001111,5,0.9640243854,0.2269113725,56,0
18,460,111001100,5,0.9623475634,0.1988814175,72,0
18,399,110001111,6,0.9626524355,0.2035451112,114,0
18,70,001000110,3,0.9445121922,0.1709114732,42,0
18,431,110101111,7,0.9658536613,0.2059036302,133,0
18,435,110110011,6,0.9568597432,0.2100424496,130,0
18,118,001110110,5,0.9516768213,0.2225226476,112,0
18,363,101101011,6,0.9637195095,0.1817409033,107,0
18,172,010101100,4,0.9548780415,0.1772159359,46,0
18,204,011001100,4,0.9535060935,0.2112389025,54,0
18,487,111100111,7,0.9623475522,0.2054754389,139,0
18,139,010001011,4,0.9586890135,0.1512846262,27,0
18,273,100010001,3,0.936280489,0.1366260718,81,0
18,198,011000110,4,0.9498475567,0.191795771,74,0
18,217,011011001,5,0.9579268228,0.2819200605,86,0
18,216,011011000,4,0.9560975544,0.2577285054,41,0
18,55,000110111,5,0.9394817054,0.1547308483,143,0
18,362,101101010,5,0.9624999966,0.1689127102,71,0
18,427,110101011,6,0.9629573077,0.1781795989,111,0
18,263,100000111,4,0.9487804864,0.1450051651,76,0
18,317,100111101,6,0.9661585316,0.1998526342,95,0
18,296,100101000,3,0.9603658449,0.1424966599,4,0
18,42,000101010,3,0.955487797,0.1481546445,9,0
18,19,000010011,3,0.9097560961,0.1301706852,153,0
18,19,000010011,3,0.9097560961,0.1301706852,154,0
18,225,011100001,4,0.9452743847,0.1662776889,90,0
18,447,110111111,8,0.9663109742,0.2420711997,149,0
18,381,101111101,7,0.9650914595,0.2315300149,136,0
18,31,000011111,5,0.9507621899,0.2732690205,119,0
18,459,111001011,6,0.9693597592,0.1673336257,84,0
18,59,000111011,5,0.9528963305,0.1926716072,106,0
18,293,100100101,4,0.9577743821,0.1677137092,29,0
18,422,110100110,5,0.9547256045,0.1711755372,98,0
18,197,011000101,4,0.9516768213,0.1970114671,67,0
18,178,010110010,4,0.9370426852,0.3352389857,127,0
18,359,101100111,6,0.9612804819,0.1891228305,121,0
18,410,110011010,5,0.9644817039,0.2193003995,55,0
18,479,111011111,8,0.9653963409,0.297615774,152,0
18,248,011111000,5,0.9550304767,0.2725362466,96,0
18,495,111101111,8,0.9658536594,0.22599763,150,0
18,91,001011011,5,0.9626524337,0.2549881525,70,0
18,143,010001111,5,0.9640243854,0.2269113725,57,0
18,334,101001110,5,0.9672256075,0.1807405879,37,0
18,397,110001101,5,0.9626524374,0.1984722707,69,0
18,323,101000011,4,0.9560975581,0.1510076611,40,0
18,285,100011101,5,0.9692073204,0.1706519304,28,0
18,12,000001100,2,0.9342987817,0.1145905149,36,0
18,84,001010100,3,0.9432926793,0.1912370785,50,0
18,289,100100001,3,0.9368902445,0.1236085924,78,0
18,422,110100110,5,0.9547256045,0.1711755372,99,0
18,151,010010111,5,0.9432926774,0.2769849757,134,0
18,165,010100101,4,0.9425304867,0.182659965,103,0
18,432,110110000,4,0.9525914509,0.190835604,60,0
18,102,001100110,4,0.9516768195,0.1653954163,68,0
18,479,111011111,8,0.9653963409,0.297615774,151,0
18,120,001111000,4,0.9544207193,0.2454422717,49,0
18,478,111011110,7,0.9678353649,0.271671345,132,0
18,277,100010101,4,0.9528963342,0.1554693631,58,0
18,228,011100100,4,0.9510670714,0.1718315468,73,0
18,38,000100110,3,0.9329268336,0.1262098874,94,0
18,136,010001000,2,0.9556402415,0.08872172865,0,0
18,61,000111101,5,0.9515243843,0.1722416603,116,0
18,357,101100101,5,0.9574694987,0.1785467933,88,0
18,120,001111000,4,0.9544207193,0.2454422717,48,0
18,466,111010010,5,0.9501524325,0.2081504837,122,0
18,9,000001001,2,0.9167682994,0.1331997535,124,0
18,255,011111111,8,0.9632621948,0.4130405989,157,0
18,349,101011101,6,0.9696646389,0.3093579304,79,0
18,332,101001100,4,0.9624999929,0.1707430179,18,0
18,88,001011000,3,0.9570121896,0.1966020344,7,0
18,260,100000100,2,0.9440548718,0.2004308952,10,0
18,32,000100000,1,0.8641768359,0.1044695501,160,0
18,196,011000100,3,0.9515243825,0.1577226631,17,0
18,442,110111010,6,0.9629573133,0.2662793156,109,0
18,506,111111010,7,0.9606707208,0.2898382405,147,0
18,321,101000001,3,0.953048775,0.1407439543,15,0
18,255,011111111,8,0.9632621948,0.4130405989,156,0
18,344,101011000,4,0.964634141,0.194875374,14,0
18,299,100101011,5,0.9684451278,0.1646855306,30,0
18,341,101010101,5,0.9649390262,0.1703384123,53,0
18,58,000111010,4,0.9541158453,0.1998991431,51,0
18,67,001000011,3,0.9541158434,0.1536063617,12,0
18,462,111001110,6,0.9695121981,0.2274610037,82,0
18,153,010011001,4,0.955487797,0.2314127795,43,0
18,145,010010001,3,0.943597557,0.1669537378,47,0
18,38,000100110,3,0.9329268336,0.1262098874,93,0
18,396,110001100,4,0.9617377967,0.18006679,21,0
18,246,011110110,6,0.9506097473,0.2641389403,142,0
18,224,011100000,3,0.9408536591,0.1201759358,63,0
18,48,000110000,2,0.9140243977,0.09490588191,129,0
18,462,111001110,6,0.9695121981,0.2274610037,83,0
18,292,100100100,3,0.9576219451,0.1772560109,6,0
18,436,110110100,5,0.9548780341,0.3190835472,97,0
18,112,001110000,3,0.9481707234,0.1940589957,24,0
18,246,011110110,6,0.9506097473,0.2641389403,141,0
18,8,000001000,1,0.9012195114,0.0953759877,131,0
18,201,011001001,4,0.9567073155,0.1810487332,33,0
18,465,111010001,5,0.9565548692,0.3861234859,89,0
18,19,000010011,3,0.9097560961,0.1301706852,155,0
18,399,110001111,6,0.9626524355,0.2035451112,115,0
18,294,100100110,4,0.9550304823,0.1726385914,44,0
18,182,010110110,5,0.9414634127,0.2396552637,138,0
18,251,011111011,7,0.9612804838,0.3173386743,144,0
18,296,100101000,3,0.9603658449,0.1424966599,5,0
18,424,110101000,4,0.9621951189,0.151591171,19,0
18,259,100000011,3,0.9335365873,0.1357063192,92,0
18,31,000011111,5,0.9507621899,0.2732690205,120,0
18,413,110011101,6,0.9644817039,0.2295870977,104,0
18,240,011110000,4,0.9474085271,0.2333530094,80,0
18,269,100001101,4,0.963262191,0.1545369336,16,0
18,87,001010111,5,0.9501524288,0.2489087577,123,0
18,192,011000000,2,0.9504573103,0.1211086311,3,0
18,461,111001101,6,0.9624999948,0.2131315088,117,0
18,56,000111000,3,0.9454268273,0.1453281161,35,0
18,118,001110110,5,0.9516768213,0.2225226476,113,0
18,151,010010111,5,0.9432926774,0.2769849757,135,0
18,136,010001000,2,0.9556402415,0.08872172865,0,0
18,251,011111011,7,0.9612804838,0.3173386743,145,0
18,402,110010010,4,0.9487804808,0.1966901873,77,0
18,243,011110011,6,0.9530487731,0.2716712286,137,0
18,121,001111001,5,0.9562499933,0.3466811553,91,0
18,429,110101101,6,0.9609756004,0.1956794159,126,0
18,134,010000110,3,0.9411585312,0.1737534327,62,0
18,461,111001101,6,0.9624999948,0.2131315088,118,0
18,422,110100110,5,0.9547256045,0.1711755372,100,0
18,392,110001000,3,0.9653963372,0.1357308119,2,0
18,3,000000011,2,0.893902434,0.1188580212,158,0
18,58,000111010,4,0.9541158453,0.1998991431,52,0
18,358,101100110,5,0.9629573151,0.1768365032,66,0
18,323,101000011,4,0.9560975581,0.1510076611,39,0
18,356,101100100,4,0.9591463339,0.1657813322,25,0
18,4,000000100,1,0.9094512276,0.06868225115,102,0
18,385,110000001,3,0.9457317069,0.1523044817,31,0
18,260,100000100,2,0.9440548718,0.2004308952,11,0
18,379,101111011,7,0.9603658468,0.2280426561,148,0
18,251,011111011,7,0.9612804838,0.3173386743,146,0
18,160,010100000,2,0.9399390239,0.09322097432,20,0
19,360,101101000,4,0.9634146318,0.168340771,10,0
19,431,110101111,7,0.9658536613,0.2059036302,141,0
19,30,000011110,4,0.9535060879,0.1916021421,50,0
19,57,000111001,4,0.9443597514,0.1744129988,101,0
19,137,010001001,3,0.9589938968,0.1376599907,2,0
19,347,101011011,6,0.9690548796,0.1985359336,85,0
19,178,010110010,4,0.9370426852,0.3352389857,125,0
19,155,010011011,5,0.9644817039,0.2534072064,52,0
19,444,110111100,6,0.964786578,0.2217209716,108,0
19,370,101110010,5,0.9585365802,0.1784977219,79,0
19,28,000011100,3,0.9434451163,0.1445199884,47,0
19,408,110011000,4,0.958231695,0.2197342259,34,0
19,479,111011111,8,0.9653963409,0.297615774,156,0
19,167,010100111,5,0.9480182845,0.1973982276,127,0
19,419,110100011,5,0.9568597469,0.1682509559,93,0
19,335,101001111,6,0.9673780575,0.2185122878,99,0
19,343,101010111,6,0.9589938968,0.1846750332,128,0
19,304,100110000,3,0.9338414669,0.1354449289,100,0
19,132,010000100,2,0.9396341462,0.1636577162,18,0
19,436,110110100,5,0.9548780341,0.3190835472,104,0
19,130,010000010,2,0.9394817092,0.1096591135,20,0
19,280,100011000,3,0.9574695043,0.1384578615,3,0
19,393,110001001,4,0.9617377985,0.1536827425,19,0
19,176,010110000,3,0.9341463428,0.2078121302,98,0
19,508,111111100,7,0.9685975611,0.267471821,135,0
19,352,101100000,3,0.9518292565,0.1353251534,14,0
19,51,000110011,4,0.926524397,0.1556108566,153,0
19,114,001110010,4,0.9474085346,0.1818423038,81,0
19,425,110101001,5,0.9621951208,0.1687642131,62,0
19,209,011010001,4,0.9481707271,0.2154377233,74,0
19,206,011001110,5,0.9589938931,0.2441969891,77,0
19,129,010000001,2,0.9335365873,0.1010586498,43,0
19,148,010010100,3,0.9419207256,0.2030755011,55,0
19,321,101000001,3,0.953048775,0.1407439543,9,0
19,307,100110011,5,0.9420731664,0.1512810998,147,0
19,152,010011000,3,0.9513719399,0.2329935927,17,0
19,372,101110100,5,0.9644817002,0.1726493784,53,0
19,236,011101100,5,0.9617378004,0.2343629976,66,0
19,313,100111001,5,0.963109754,0.167221989,59,0
19,120,001111000,4,0.9544207193,0.2454422717,48,0
19,421,110100101,5,0.9567073006,0.1923621674,95,0
19,128,010000000,1,0.9323170781,0.08404751134,5,0
19,157,010011101,5,0.9608231653,0.2573634591,68,0
19,148,010010100,3,0.9419207256,0.2030755011,54,0
19,122,001111010,5,0.9635670725,0.3054453623,57,0
19,194,011000010,3,0.9448170681,0.1295389787,42,0
19,215,011010111,6,0.9525914565,0.2840391258,148,0
19,503,111110111,8,0.9562499896,0.2269489216,158,0
19,495,111101111,8,0.9658536594,0.22599763,155,0
19,492,111101100,6,0.9681402501,0.1861764477,91,0
19,158,010011110,5,0.9586890191,0.2851446816,78,0
19,64,001000000,1,0.9262195174,0.09079117677,28,0
19,162,010100010,3,0.9460365772,0.1228090909,39,0
19,224,011100000,3,0.9408536591,0.1201759358,60,0
19,53,000110101,4,0.9317073226,0.1503448677,146,0
19,196,011000100,3,0.9515243825,0.1577226631,15,0
19,94,001011110,5,0.9580792617,0.2609661664,82,0
19,473,111011001,6,0.9602134135,0.2257233416,123,0
19,26,000011010,3,0.9474085309,0.166096261,32,0
19,328,101001000,3,0.9661585353,0.1314932012,0,0
19,152,010011000,3,0.9513719399,0.2329935927,16,0
19,71,001000111,4,0.9454268254,0.1695544343,97,0
19,96,001100000,2,0.9330792725,0.09982250445,45,0
19,263,100000111,4,0.9487804864,0.1450051651,72,0
19,144,010010000,2,0.9355182927,0.1628878268,37,0
19,420,110100100,4,0.9579268228,0.1566663263,36,0
19,112,001110000,3,0.9481707234,0.1940589957,29,0
19,177,010110001,4,0.9394817054,0.2004012102,118,0
19,114,001110010,4,0.9474085346,0.1818423038,80,0
19,188,010111100,5,0.9551829174,0.2635214692,103,0
19,354,101100010,4,0.9609756079,0.1522667618,24,0
19,291,100100011,4,0.9493902382,0.206504555,71,0
19,425,110101001,5,0.9621951208,0.1687642131,63,0
19,452,111000100,4,0.9608231634,0.1636474896,26,0
19,33,000100001,2,0.8849085364,0.1405141028,159,0
19,355,101100011,5,0.9577743858,0.1480007793,89,0
19,203,011001011,5,0.959146332,0.1784309237,75,0
19,494,111101110,7,0.963262191,0.2477963772,149,0
19,409,110011001,5,0.9621951114,0.2163874777,64,0
19,161,010100001,3,0.926981708,0.1333965359,122,0
19,134,010000110,3,0.9411585312,0.1737534327,58,0
19,9,000001001,2,0.9167682994,0.1331997535,121,0
19,110,001101110,5,0.9606707301,0.2040525535,69,0
19,347,101011011,6,0.9690548796,0.1985359336,84,0
19,221,011011101,6,0.9602134116,0.300388671,124,0
19,383,101111111,8,0.9637195133,0.2397632855,157,0
19,453,111000101,5,0.9580792617,0.16819228,83,0
19,155,010011011,5,0.9644817039,0.2534072064,51,0
19,423,110100111,6,0.9544207193,0.1782295462,142,0
19,45,000101101,4,0.9461890161,0.1590515091,90,0
19,499,111110011,7,0.9548780415,0.2065643724,154,0
19,256,100000000,1,0.8653963432,0.05144251033,161,0
19,290,100100010,3,0.9499999899,0.1336969913,22,0
19,435,110110011,6,0.9568597432,0.2100424496,138,0
19,487,111100111,7,0.9623475522,0.2054754389,150,0
19,467,111010011,6,0.9539634027,0.2327699261,145,0
19,31,000011111,5,0.9507621899,0.2732690205,116,0
19,427,110101011,6,0.9629573077,0.1781795989,114,0
19,69,001000101,3,0.949695114,0.1974406161,27,0
19,131,010000011,3,0.9347560965,0.1501262328,92,0
19,58,000111010,4,0.9541158453,0.1998991431,49,0
19,258,100000010,2,0.9272865914,0.1128509992,70,0
19,173,010101101,5,0.9568597469,0.2084413404,94,0
19,254,011111110,7,0.9605182894,0.3400172121,151,0
19,34,000100010,2,0.9111280553,0.1001502015,140,0
19,65,001000001,2,0.9350609761,0.1252497334,38,0
19,188,010111100,5,0.9551829174,0.2635214692,102,0
19,177,010110001,4,0.9394817054,0.2004012102,117,0
19,354,101100010,4,0.9609756079,0.1522667618,25,0
19,358,101100110,5,0.9629573151,0.1768365032,61,0
19,217,011011001,5,0.9579268228,0.2819200605,87,0
19,115,001110011,5,0.9527438954,0.1939238748,111,0
19,269,100001101,4,0.963262191,0.1545369336,12,0
19,414,110011110,6,0.9637195077,0.2462959136,113,0
19,430,110101110,6,0.9653963409,0.2012857567,106,0
19,433,110110001,5,0.953048775,0.1948711216,109,0
19,467,111010011,6,0.9539634027,0.2327699261,144,0
19,73,001001001,3,0.953048775,0.1462754204,8,0
19,139,010001011,4,0.9586890135,0.1512846262,30,0
19,9,000001001,2,0.9167682994,0.1331997535,120,0
19,374,101110110,6,0.9637195077,0.1878173118,112,0
19,438,110110110,6,0.9568597469,0.2188521465,137,0
19,172,010101100,4,0.9548780415,0.1772159359,46,0
19,508,111111100,7,0.9685975611,0.267471821,136,0
19,216,011011000,4,0.9560975544,0.2577285054,41,0
19,249,011111001,6,0.958993895,0.3032088177,130,0
19,105,001101001,4,0.9583841395,0.1598443775,33,0
19,164,010100100,3,0.9356707316,0.1803958965,88,0
19,277,100010101,4,0.9528963342,0.1554693631,56,0
19,87,001010111,5,0.9501524288,0.2489087577,119,0
19,190,010111110,6,0.9559451174,0.3044974832,139,0
19,73,001001001,3,0.953048775,0.1462754204,7,0
19,354,101100010,4,0.9609756079,0.1522667618,23,0
19,269,100001101,4,0.963262191,0.1545369336,11,0
19,226,011100010,4,0.9487804808,0.1625480801,73,0
19,296,100101000,3,0.9603658449,0.1424966599,1,0
19,318,100111110,6,0.9657012206,0.1994900974,105,0
19,62,000111110,5,0.9538109656,0.2270585177,107,0
19,455,111000111,6,0.9588414561,0.178122621,131,0
19,329,101001001,4,0.9663109742,0.1626024148,4,0
19,352,101100000,3,0.9518292565,0.1353251534,13,0
19,373,101110101,6,0.9577743821,0.181031581,134,0
19,140,010001100,3,0.9544207212,0.1939722262,6,0
19,381,101111101,7,0.9650914595,0.2315300149,143,0
19,256,100000000,1,0.8653963432,0.05144251033,160,0
19,454,111000110,5,0.960975606,0.1631978797,67,0
19,186,010111010,5,0.9589938968,0.2682068814,76,0
19,465,111010001,5,0.9565548692,0.3861234859,96,0
19,48,000110000,2,0.9140243977,0.09490588191,132,0
19,249,011111001,6,0.958993895,0.3032088177,129,0
19,117,001110101,5,0.9518292584,0.210091874,115,0
19,382,101111110,7,0.9690548796,0.2183860508,133,0
19,389,110000101,4,0.9562499914,0.1904697402,40,0
19,29,000011101,4,0.951067064,0.1539091161,65,0
19,178,010110010,4,0.9370426852,0.3352389857,126,0
19,139,010001011,4,0.9586890135,0.1512846262,31,0
19,115,001110011,5,0.9527438954,0.1939238748,110,0
19,254,011111110,7,0.9605182894,0.3400172121,152,0
19,217,011011001,5,0.9579268228,0.2819200605,86,0
19,129,010000001,2,0.9335365873,0.1010586498,44,0
19,262,100000110,3,0.9503048733,0.1506545902,21,0
19,285,100011101,5,0.9692073204,0.1706519304,35,0
20,19,000010011,3,0.9097560961,0.1301706852,158,0
20,81,001010001,3,0.9440548755,0.1765820705,57,0
20,449,111000001,4,0.9550304785,0.2016363414,59,0
20,470,111010110,6,0.9586890098,0.2075651209,132,0
20,244,011110100,5,0.9503048733,0.2641298291,123,0
20,292,100100100,3,0.9576219451,0.1772560109,2,0
20,335,101001111,6,0.9673780575,0.2185122878,100,0
20,356,101100100,4,0.9591463339,0.1657813322,32,0
20,259,100000011,3,0.9335365873,0.1357063192,103,0
20,15,000001111,4,0.9467987716,0.2596095148,95,0
20,355,101100011,5,0.9577743858,0.1480007793,97,0
20,71,001000111,4,0.9454268254,0.1695544343,99,0
20,32,000100000,1,0.8641768359,0.1044695501,161,0
20,344,101011000,4,0.964634141,0.194875374,12,0
20,159,010011111,6,0.9618902393,0.2912165942,122,0
20,240,011110000,4,0.9474085271,0.2333530094,91,0
20,170,010101010,4,0.9583841376,0.1237906108,38,0
20,79,001001111,5,0.962957317,0.2229459747,72,0
20,91,001011011,5,0.9626524337,0.2549881525,75,0
20,139,010001011,4,0.9586890135,0.1512846262,37,0
20,373,101110101,6,0.9577743821,0.181031581,133,0
20,103,001100111,5,0.9515243843,0.1856543748,119,0
20,358,101100110,5,0.9629573151,0.1768365032,73,0
20,204,011001100,4,0.9535060935,0.2112389025,66,0
20,258,100000010,2,0.9272865914,0.1128509992,82,0
20,135,010000111,4,0.9429878015,0.1987346318,112,0
20,332,101001100,4,0.9624999929,0.1707430179,16,0
20,397,110001101,5,0.9626524374,0.1984722707,74,0
20,119,001110111,6,0.9516768157,0.2266518502,150,0
20,302,100101110,5,0.9657012187,0.1828945968,61,0
20,313,100111001,5,0.963109754,0.167221989,69,0
20,63,000111111,6,0.9544207286,0.2803421966,143,0
20,41,000101001,3,0.9443597533,0.2578364955,56,0
20,158,010011110,5,0.9586890191,0.2851446816,89,0
20,232,011101000,4,0.9621951152,0.2219230887,23,0
20,263,100000111,4,0.9487804864,0.1450051651,84,0
20,139,010001011,4,0.9586890135,0.1512846262,35,0
20,273,100010001,3,0.936280489,0.1366260718,92,0
20,78,001001110,4,0.9573170636,0.2032758179,43,0
20,139,010001011,4,0.9586890135,0.1512846262,36,0
20,106,001101010,4,0.9589938987,0.1349909608,33,0
20,60,000111100,4,0.9525914546,0.1621299409,68,0
20,354,101100010,4,0.9609756079,0.1522667618,29,0
20,299,100101011,5,0.9684451278,0.1646855306,42,0
20,385,110000001,3,0.9457317069,0.1523044817,45,0
20,380,101111100,6,0.9635670688,0.2217264464,117,0
20,40,000101000,2,0.9376524407,0.09235404083,31,0
20,12,000001100,2,0.9342987817,0.1145905149,50,0
20,18,000010010,2,0.9048780557,0.1242320742,155,0
20,147,010010011,4,0.9367378037,0.1958240762,131,0
20,353,101100001,4,0.9532012139,0.1389175798,67,0
20,445,110111101,7,0.9670731686,0.2392563811,138,0
20,477,111011101,7,0.9663109761,0.245831884,140,0
20,287,100011111,6,0.9652439002,0.1928226636,111,0
20,200,011001000,3,0.955487797,0.1316828153,7,0
20,59,000111011,5,0.9528963305,0.1926716072,114,0
20,288,100100000,2,0.9224085417,0.09756062739,104,0
20,268,100001100,3,0.9647865798,0.1379161642,0,0
20,65,001000001,2,0.9350609761,0.1252497334,44,0
20,183,010110111,6,0.9443597514,0.2673205337,157,0
20,293,100100101,4,0.9577743821,0.1677137092,41,0
20,442,110111010,6,0.9629573133,0.2662793156,118,0
20,351,101011111,7,0.9638719484,0.2198956287,147,0
20,250,011111010,6,0.9603658486,0.2909253226,126,0
20,303,100101111,6,0.9673780538,0.2067371374,101,0
20,475,111011011,7,0.964176828,0.2418077742,145,0
20,395,110001011,5,0.9670731667,0.1769618806,52,0
20,398,110001110,5,0.9652439002,0.184927925,62,0
20,141,010001101,4,0.9608231671,0.193762437,30,0
20,67,001000011,3,0.9541158434,0.1536063617,11,0
20,285,100011101,5,0.9692073204,0.1706519304,39,0
20,300,100101100,4,0.9623475503,0.1672059349,17,0
20,87,001010111,5,0.9501524288,0.2489087577,124,0
20,41,000101001,3,0.9443597533,0.2578364955,55,0
20,478,111011110,7,0.9678353649,0.271671345,136,0
20,189,010111101,6,0.9599085283,0.3050948284,128,0
20,308,100110100,4,0.957926821,0.1752202315,40,0
20,53,000110101,4,0.9317073226,0.1503448677,144,0
20,294,100100110,4,0.9550304823,0.1726385914,58,0
20,351,101011111,7,0.9638719484,0.2198956287,146,0
20,312,100111000,4,0.9676829297,0.1558179194,6,0
20,468,111010100,5,0.96204268,0.1961445869,79,0
20,411,110011011,6,0.9638719447,0.23684128,115,0
20,230,011100110,5,0.9544207174,0.2009842331,109,0
20,354,101100010,4,0.9609756079,0.1522667618,28,0
20,232,011101000,4,0.9621951152,0.2219230887,22,0
20,58,000111010,4,0.9541158453,0.1998991431,64,0
20,484,111100100,5,0.9605182838,0.1770865889,83,0
20,88,001011000,3,0.9570121896,0.1966020344,5,0
20,406,110010110,5,0.9480182827,0.218691871,130,0
20,8,000001000,1,0.9012195114,0.0953759877,135,0
20,127,001111111,7,0.9617378041,0.3252968704,152,0
20,13,000001101,3,0.9356707335,0.3014179626,96,0
20,238,011101110,6,0.9606707245,0.2395493905,125,0
20,24,000011000,2,0.9400914628,0.1224767463,19,0
20,300,100101100,4,0.9623475503,0.1672059349,18,0
20,232,011101000,4,0.9621951152,0.2219230887,21,0
20,221,011011101,6,0.9602134116,0.300388671,127,0
20,186,010111010,5,0.9589938968,0.2682068814,88,0
20,248,011111000,5,0.9550304767,0.2725362466,105,0
20,333,101001101,5,0.9678353649,0.1775467619,46,0
20,157,010011101,5,0.9608231653,0.2573634591,80,0
20,274,100010010,3,0.9408536572,0.1183711295,71,0
20,257,100000001,2,0.8830792718,0.09909134312,160,0
20,477,111011101,7,0.9663109761,0.245831884,141,0
20,190,010111110,6,0.9559451174,0.3044974832,139,0
20,323,101000011,4,0.9560975581,0.1510076611,51,0
20,460,111001100,5,0.9623475634,0.1988814175,77,0
20,29,000011101,4,0.951067064,0.1539091161,78,0
20,185,010111001,5,0.957012184,0.2482354445,98,0
20,292,100100100,3,0.9576219451,0.1772560109,3,0
20,396,110001100,4,0.9617377967,0.18006679,26,0
20,178,010110010,4,0.9370426852,0.3352389857,129,0
20,373,101110101,6,0.9577743821,0.181031581,134,0
20,192,011000000,2,0.9504573103,0.1211086311,1,0
20,223,011011111,7,0.959298769,0.3238683129,156,0
20,46,000101110,4,0.9539634064,0.1775657085,65,0
20,422,110100110,5,0.9547256045,0.1711755372,107,0
20,376,101111000,5,0.9667682927,0.1849404364,54,0
20,230,011100110,5,0.9544207174,0.2009842331,108,0
20,201,011001001,4,0.9567073155,0.1810487332,48,0
20,203,011001011,5,0.959146332,0.1784309237,85,0
20,503,111110111,8,0.9562499896,0.2269489216,159,0
20,6,000000110,2,0.9178353697,0.1008892676,121,0
20,289,100100001,3,0.9368902445,0.1236085924,86,0
20,262,100000110,3,0.9503048733,0.1506545902,27,0
20,398,110001110,5,0.9652439002,0.184927925,63,0
20,347,101011011,6,0.9690548796,0.1985359336,93,0
20,456,111001000,4,0.9663109723,0.1493365318,9,0
20,424,110101000,4,0.9621951189,0.151591171,20,0
20,313,100111001,5,0.963109754,0.167221989,70,0
20,246,011110110,6,0.9506097473,0.2641389403,154,0
20,157,010011101,5,0.9608231653,0.2573634591,81,0
20,240,011110000,4,0.9474085271,0.2333530094,90,0
20,281,100011001,4,0.9638719484,0.1484918948,15,0
20,213,011010101,5,0.954268286,0.2557268739,110,0
20,201,011001001,4,0.9567073155,0.1810487332,47,0
20,449,111000001,4,0.9550304785,0.2016363414,60,0
20,56,000111000,3,0.9454268273,0.1453281161,49,0
20,182,010110110,5,0.9414634127,0.2396552637,148,0
20,217,011011001,5,0.9579268228,0.2819200605,94,0
20,456,111001000,4,0.9663109723,0.1493365318,8,0
20,115,001110011,5,0.9527438954,0.1939238748,116,0
20,394,110001010,4,0.9682926834,0.1485241046,4,0
20,127,001111111,7,0.9617378041,0.3252968704,153,0
20,121,001111001,5,0.9562499933,0.3466811553,102,0
20,109,001101101,5,0.9626524318,0.2083265451,76,0
20,431,110101111,7,0.9658536613,0.2059036302,142,0
20,461,111001101,6,0.9624999948,0.2131315088,120,0
20,422,110100110,5,0.9547256045,0.1711755372,106,0
20,139,010001011,4,0.9586890135,0.1512846262,34,0
20,73,001001001,3,0.953048775,0.1462754204,14,0
20,186,010111010,5,0.9589938968,0.2682068814,87,0
20,487,111100111,7,0.9623475522,0.2054754389,151,0
20,73,001001001,3,0.953048775,0.1462754204,13,0
20,340,101010100,4,0.961737806,0.1694561779,24,0
20,396,110001100,4,0.9617377967,0.18006679,25,0
20,129,010000001,2,0.9335365873,0.1010586498,53,0
20,260,100000100,2,0.9440548718,0.2004308952,10,0
20,494,111101110,7,0.963262191,0.2477963772,149,0
20,441,110111001,6,0.9644817077,0.2243005,113,0
20,498,111110010,6,0.956097547,0.2142396532,137,0
21,188,010111100,5,0.9551829174,0.2635214692,86,0
21,430,110101110,6,0.9653963409,0.2012857567,91,0
21,286,100011110,5,0.9696646333,0.1719646058,28,0
21,97,001100001,3,0.9439024366,0.1496965196,50,0
21,329,101001001,4,0.9663109742,0.1626024148,9,0
21,475,111011011,7,0.964176828,0.2418077742,146,0
21,112,001110000,3,0.9481707234,0.1940589957,25,0
21,155,010011011,5,0.9644817039,0.2534072064,58,0
21,296,100101000,3,0.9603658449,0.1424966599,3,0
21,496,111110000,5,0.9541158415,0.2100702799,92,0
21,212,011010100,4,0.952439012,0.2385208402,61,0
21,280,100011000,3,0.9574695043,0.1384578615,5,0
21,479,111011111,8,0.9653963409,0.297615774,156,0
21,167,010100111,5,0.9480182845,0.1973982276,126,0
21,352,101100000,3,0.9518292565,0.1353251534,15,0
21,271,100001111,5,0.9682926834,0.1738470579,35,0
21,340,101010100,4,0.961737806,0.1694561779,19,0
21,352,101100000,3,0.9518292565,0.1353251534,16,0
21,391,110000111,5,0.9551829174,0.1890920834,87,0
21,500,111110100,6,0.9571646266,0.210213976,132,0
21,14,000001110,3,0.9452743828,0.2012516796,40,0
21,472,111011000,5,0.9638719503,0.2441837927,60,0
21,9,000001001,2,0.9167682994,0.1331997535,119,0
21,154,010011010,4,0.9570121877,0.2396545438,36,0
21,189,010111101,6,0.9599085283,0.3050948284,124,0
21,362,101101010,5,0.9624999966,0.1689127102,65,0
21,145,010010001,3,0.943597557,0.1669537378,52,0
21,506,111111010,7,0.9606707208,0.2898382405,152,0
21,394,110001010,4,0.9682926834,0.1485241046,6,0
21,216,011011000,4,0.9560975544,0.2577285054,42,0
21,207,011001111,6,0.9615853634,0.2859955677,116,0
21,128,010000000,1,0.9323170781,0.08404751134,11,0
21,214,011010110,5,0.9489329215,0.2694390733,122,0
21,505,111111001,7,0.9647865836,0.259944424,144,0
21,495,111101111,8,0.9658536594,0.22599763,155,0
21,248,011111000,5,0.9550304767,0.2725362466,89,0
21,368,101110000,4,0.9560975526,0.1694042669,43,0
21,175,010101111,6,0.9585365672,0.2318464871,129,0
21,417,110100001,4,0.9451219458,0.1674812513,81,0
21,242,011110010,5,0.9455792625,0.2814117442,137,0
21,405,110010101,5,0.953201212,0.2160813212,96,0
21,256,100000000,1,0.8653963432,0.05144251033,160,0
21,21,000010101,3,0.9280487876,0.1438165735,118,0
21,84,001010100,3,0.9432926793,0.1912370785,54,0
21,114,001110010,4,0.9474085346,0.1818423038,72,0
21,131,010000011,3,0.9347560965,0.1501262328,77,0
21,342,101010110,5,0.9528963305,0.1802943386,98,0
21,503,111110111,8,0.9562499896,0.2269489216,158,0
21,461,111001101,6,0.9624999948,0.2131315088,113,0
21,316,100111100,5,0.9669207297,0.1835955237,46,0
21,84,001010100,3,0.9432926793,0.1912370785,53,0
21,66,001000010,2,0.9518292602,0.09929567995,1,0
21,34,000100010,2,0.9111280553,0.1001502015,139,0
21,225,011100001,4,0.9452743847,0.1662776889,79,0
21,295,100100111,5,0.9528963305,0.1877222597,99,0
21,452,111000100,4,0.9608231634,0.1636474896,22,0
21,221,011011101,6,0.9602134116,0.300388671,120,0
21,51,000110011,4,0.926524397,0.1556108566,154,0
21,446,110111110,7,0.9637195077,0.2505255626,148,0
21,336,101010000,3,0.9498475567,0.1365595176,21,0
21,210,011010010,4,0.9449695069,0.2644167612,83,0
21,229,011100101,5,0.9513719473,0.2044244306,115,0
21,290,100100010,3,0.9499999899,0.1336969913,20,0
21,263,100000111,4,0.9487804864,0.1450051651,69,0
21,144,010010000,2,0.9355182927,0.1628878268,32,0
21,384,110000000,2,0.942378046,0.1023272595,12,0
21,436,110110100,5,0.9548780341,0.3190835472,90,0
21,115,001110011,5,0.9527438954,0.1939238748,102,0
21,370,101110010,5,0.9585365802,0.1784977219,71,0
21,444,110111100,6,0.964786578,0.2217209716,95,0
21,486,111100110,6,0.9629573114,0.1877477956,108,0
21,147,010010011,4,0.9367378037,0.1958240762,127,0
21,420,110100100,4,0.9579268228,0.1566663263,31,0
21,69,001000101,3,0.949695114,0.1974406161,23,0
21,129,010000001,2,0.9335365873,0.1010586498,47,0
21,72,001001000,2,0.9495426752,0.1139507112,2,0
21,3,000000011,2,0.893902434,0.1188580212,157,0
21,74,001001010,3,0.9570121821,0.1378696063,7,0
21,219,011011011,6,0.9600609709,0.3007806377,121,0
21,160,010100000,2,0.9399390239,0.09322097432,17,0
21,134,010000110,3,0.9411585312,0.1737534327,63,0
21,243,011110011,6,0.9530487731,0.2716712286,147,0
21,100,001100100,3,0.9481707253,0.1504776806,24,0
21,25,000011001,3,0.9463414568,0.1495797473,33,0
21,217,011011001,5,0.9579268228,0.2819200605,74,0
21,283,100011011,5,0.9660060965,0.1543926708,51,0
21,325,101000101,4,0.9565548692,0.1581497551,39,0
21,59,000111011,5,0.9528963305,0.1926716072,97,0
21,423,110100111,6,0.9544207193,0.1782295462,143,0
21,193,011000001,3,0.9471036512,0.1576919009,29,0
21,498,111110010,6,0.956097547,0.2142396532,138,0
21,256,100000000,1,0.8653963432,0.05144251033,161,0
21,114,001110010,4,0.9474085346,0.1818423038,73,0
21,321,101000001,3,0.953048775,0.1407439543,14,0
21,231,011100111,6,0.9519817065,0.2285920731,150,0
21,465,111010001,5,0.9565548692,0.3861234859,78,0
21,23,000010111,4,0.9347560983,0.1537364139,134,0
21,294,100100110,4,0.9550304823,0.1726385914,49,0
21,333,101001101,5,0.9678353649,0.1775467619,38,0
21,427,110101011,6,0.9629573077,0.1781795989,109,0
21,314,100111010,5,0.9621951208,0.1824102593,67,0
21,362,101101010,5,0.9624999966,0.1689127102,66,0
21,231,011100111,6,0.9519817065,0.2285920731,149,0
21,116,001110100,4,0.9464938957,0.2140967343,76,0
21,34,000100010,2,0.9111280553,0.1001502015,140,0
21,65,001000001,2,0.9350609761,0.1252497334,34,0
21,440,110111000,5,0.9647865817,0.2230814546,56,0
21,147,010010011,4,0.9367378037,0.1958240762,128,0
21,390,110000110,4,0.9560975488,0.160214691,44,0
21,326,101000110,4,0.9586890172,0.1529696728,27,0
21,89,001011001,4,0.958079258,0.2149465061,30,0
21,115,001110011,5,0.9527438954,0.1939238748,100,0
21,329,101001001,4,0.9663109742,0.1626024148,10,0
21,142,010001110,4,0.9562499933,0.2010135157,41,0
21,475,111011011,7,0.964176828,0.2418077742,145,0
21,384,110000000,2,0.942378046,0.1023272595,13,0
21,81,001010001,3,0.9440548755,0.1765820705,48,0
21,27,000011011,4,0.9495426714,0.1951567573,68,0
21,135,010000111,4,0.9429878015,0.1987346318,93,0
21,417,110100001,4,0.9451219458,0.1674812513,82,0
21,423,110100111,6,0.9544207193,0.1782295462,142,0
21,304,100110000,3,0.9338414669,0.1354449289,84,0
21,4,000000100,1,0.9094512276,0.06868225115,94,0
21,189,010111101,6,0.9599085283,0.3050948284,123,0
21,254,011111110,7,0.9605182894,0.3400172121,153,0
21,248,011111000,5,0.9550304767,0.2725362466,88,0
21,115,001110011,5,0.9527438954,0.1939238748,101,0
21,52,000110100,3,0.9237804934,0.1129184102,133,0
21,103,001100111,5,0.9515243843,0.1856543748,112,0
21,103,001100111,5,0.9515243843,0.1856543748,111,0
21,218,011011010,5,0.958841458,0.2987742741,70,0
21,385,110000001,3,0.9457317069,0.1523044817,37,0
21,103,001100111,5,0.9515243843,0.1856543748,110,0
21,267,100001011,4,0.9620426763,0.1646921253,18,0
21,486,111100110,6,0.9629573114,0.1877477956,107,0
21,442,110111010,6,0.9629573133,0.2662793156,106,0
21,310,100110110,5,0.952591449,0.1832640478,103,0
21,30,000011110,4,0.9535060879,0.1916021421,57,0
21,391,110000111,5,0.9551829174,0.1890920834,85,0
21,472,111011000,5,0.9638719503,0.2441837927,59,0
21,310,100110110,5,0.952591449,0.1832640478,105,0
21,21,000010101,3,0.9280487876,0.1438165735,117,0
21,136,010001000,2,0.9556402415,0.08872172865,0,0
21,229,011100101,5,0.9513719473,0.2044244306,114,0
21,8,000001000,1,0.9012195114,0.0953759877,136,0
21,390,110000110,4,0.9560975488,0.160214691,45,0
21,10,000001010,2,0.9445121922,0.1083079919,8,0
21,212,011010100,4,0.952439012,0.2385208402,62,0
21,48,000110000,2,0.9140243977,0.09490588191,130,0
21,121,001111001,5,0.9562499933,0.3466811553,80,0
21,80,001010000,2,0.9368902445,0.1682704333,26,0
21,310,100110110,5,0.952591449,0.1832640478,104,0
21,397,110001101,5,0.9626524374,0.1984722707,64,0
21,440,110111000,5,0.9647865817,0.2230814546,55,0
21,63,000111111,6,0.9544207286,0.2803421966,141,0
21,187,010111011,6,0.9594512116,0.279120577,125,0
21,435,110110011,6,0.9568597432,0.2100424496,135,0
21,508,111111100,7,0.9685975611,0.267471821,131,0
21,251,011111011,7,0.9612804838,0.3173386743,151,0
21,17,000010001,2,0.8894816972,0.1499703776,159,0
21,68,001000100,2,0.947560966,0.2287352863,4,0
21,13,000001101,3,0.9356707335,0.3014179626,75,0
22,387,110000011,4,0.9507621918,0.175960077,71,0
22,83,001010011,4,0.9489329197,0.2551624496,81,0
22,193,011000001,3,0.9471036512,0.1576919009,38,0
22,94,001011110,5,0.9580792617,0.2609661664,89,0
22,54,000110110,4,0.9384146333,0.1622000067,124,0
22,164,010100100,3,0.9356707316,0.1803958965,90,0
22,143,010001111,5,0.9640243854,0.2269113725,63,0
22,356,101100100,4,0.9591463339,0.1657813322,33,0
22,466,111010010,5,0.9501524325,0.2081504837,121,0
22,263,100000111,4,0.9487804864,0.1450051651,83,0
22,299,100101011,5,0.9684451278,0.1646855306,42,0
22,71,001000111,4,0.9454268254,0.1695544343,95,0
22,272,100010000,2,0.9314024411,0.09646097757,59,0
22,472,111011000,5,0.9638719503,0.2441837927,64,0
22,94,001011110,5,0.9580792617,0.2609661664,88,0
22,176,010110000,3,0.9341463428,0.2078121302,97,0
22,171,010101011,5,0.961890243,0.1561283367,70,0
22,223,011011111,7,0.959298769,0.3238683129,155,0
22,72,001001000,2,0.9495426752,0.1139507112,6,0
22,219,011011011,6,0.9600609709,0.3007806377,130,0
22,113,001110001,4,0.9504573084,0.1746187271,72,0
22,101,001100101,4,0.9471036494,0.1847556052,86,0
22,246,011110110,6,0.9506097473,0.2641389403,150,0
22,373,101110101,6,0.9577743821,0.181031581,137,0
22,66,001000010,2,0.9518292602,0.09929567995,4,0
22,165,010100101,4,0.9425304867,0.182659965,110,0
22,292,100100100,3,0.9576219451,0.1772560109,8,0
22,5,000000101,2,0.9044207372,0.07468588371,154,0
22,101,001100101,4,0.9471036494,0.1847556052,87,0
22,293,100100101,4,0.9577743821,0.1677137092,41,0
22,304,100110000,3,0.9338414669,0.1354449289,103,0
22,126,001111110,6,0.9554878008,0.2875207094,143,0
22,457,111001001,5,0.960213406,0.1580275986,80,0
22,262,100000110,3,0.9503048733,0.1506545902,28,0
22,148,010010100,3,0.9419207256,0.2030755011,62,0
22,271,100001111,5,0.9682926834,0.1738470579,43,0
22,207,011001111,6,0.9615853634,0.2859955677,118,0
22,466,111010010,5,0.9501524325,0.2081504837,120,0
22,31,000011111,5,0.9507621899,0.2732690205,117,0
22,41,000101001,3,0.9443597533,0.2578364955,52,0
22,234,011101010,5,0.9644817039,0.206266609,60,0
22,191,010111111,7,0.963719504,0.2866767156,146,0
22,242,011110010,5,0.9455792625,0.2814117442,140,0
22,367,101101111,7,0.9689024445,0.2136532324,135,0
22,429,110101101,6,0.9609756004,0.1956794159,123,0
22,496,111110000,5,0.9541158415,0.2100702799,107,0
22,425,110101001,5,0.9621951208,0.1687642131,67,0
22,11,000001011,3,0.9513719436,0.1420441959,17,0
22,291,100100011,4,0.9493902382,0.206504555,77,0
22,82,001010010,3,0.9452743866,0.1904831256,48,0
22,426,110101010,5,0.965548778,0.1652380908,55,0
22,495,111101111,8,0.9658536594,0.22599763,157,0
22,157,010011101,5,0.9608231653,0.2573634591,73,0
22,280,100011000,3,0.9574695043,0.1384578615,9,0
22,248,011111000,5,0.9550304767,0.2725362466,104,0
22,123,001111011,6,0.9626524355,0.2404932803,115,0
22,434,110110010,5,0.9512195047,0.2008119989,116,0
22,328,101001000,3,0.9661585353,0.1314932012,1,0
22,485,111100101,6,0.9573170673,0.1772199203,138,0
22,171,010101011,5,0.961890243,0.1561283367,69,0
22,303,100101111,6,0.9673780538,0.2067371374,99,0
22,314,100111010,5,0.9621951208,0.1824102593,68,0
22,473,111011001,6,0.9602134135,0.2257233416,128,0
22,249,011111001,6,0.958993895,0.3032088177,133,0
22,379,101111011,7,0.9603658468,0.2280426561,153,0
22,287,100011111,6,0.9652439002,0.1928226636,105,0
22,67,001000011,3,0.9541158434,0.1536063617,14,0
22,265,100001001,3,0.9512195047,0.1273183418,20,0
22,141,010001101,4,0.9608231671,0.193762437,29,0
22,74,001001010,3,0.9570121821,0.1378696063,10,0
22,216,011011000,4,0.9560975544,0.2577285054,49,0
22,296,100101000,3,0.9603658449,0.1424966599,7,0
22,89,001011001,4,0.958079258,0.2149465061,39,0
22,166,010100110,4,0.9381097537,0.1851869859,127,0
22,350,101011110,6,0.9681402408,0.2603807449,93,0
22,433,110110001,5,0.953048775,0.1948711216,112,0
22,438,110110110,6,0.9568597469,0.2188521465,139,0
22,305,100110001,4,0.9381097574,0.1583164767,126,0
22,32,000100000,1,0.8641768359,0.1044695501,160,0
22,375,101110111,7,0.9571646266,0.217339966,156,0
22,121,001111001,5,0.9562499933,0.3466811553,100,0
22,268,100001100,3,0.9647865798,0.1379161642,3,0
22,153,010011001,4,0.955487797,0.2314127795,51,0
22,484,111100100,5,0.9605182838,0.1770865889,75,0
22,295,100100111,5,0.9528963305,0.1877222597,113,0
22,232,011101000,4,0.9621951152,0.2219230887,25,0
22,152,010011000,3,0.9513719399,0.2329935927,18,0
22,396,110001100,4,0.9617377967,0.18006679,26,0
22,24,000011000,2,0.9400914628,0.1224767463,22,0
22,503,111110111,8,0.9562499896,0.2269489216,159,0
22,12,000001100,2,0.9342987817,0.1145905149,47,0
22,127,001111111,7,0.9617378041,0.3252968704,149,0
22,429,110101101,6,0.9609756004,0.1956794159,122,0
22,62,000111110,5,0.9538109656,0.2270585177,109,0
22,312,100111000,4,0.9676829297,0.1558179194,11,0
22,39,000100111,4,0.9327743929,0.170628381,144,0
22,120,001111000,4,0.9544207193,0.2454422717,56,0
22,89,001011001,4,0.958079258,0.2149465061,40,0
22,178,010110010,4,0.9370426852,0.3352389857,131,0
22,208,011010000,3,0.9487804789,0.2195109283,32,0
22,452,111000100,4,0.9608231634,0.1636474896,31,0
22,133,010000101,3,0.9432926811,0.1673714092,57,0
22,338,101010010,4,0.9530487694,0.1827030429,61,0
22,392,110001000,3,0.9653963372,0.1357308119,2,0
22,157,010011101,5,0.9608231653,0.2573634591,74,0
22,190,010111110,6,0.9559451174,0.3044974832,141,0
22,71,001000111,4,0.9454268254,0.1695544343,96,0
22,452,111000100,4,0.9608231634,0.1636474896,30,0
22,121,001111001,5,0.9562499933,0.3466811553,102,0
22,313,100111001,5,0.963109754,0.167221989,65,0
22,492,111101100,6,0.9681402501,0.1861764477,92,0
22,396,110001100,4,0.9617377967,0.18006679,27,0
22,150,010010110,4,0.9428353608,0.4122778447,108,0
22,369,101110001,5,0.9570121858,0.1660167179,94,0
22,164,010100100,3,0.9356707316,0.1803958965,91,0
22,79,001001111,5,0.962957317,0.2229459747,66,0
22,170,010101010,4,0.9583841376,0.1237906108,35,0
22,352,101100000,3,0.9518292565,0.1353251534,15,0
22,305,100110001,4,0.9381097574,0.1583164767,125,0
22,382,101111110,7,0.9690548796,0.2183860508,134,0
22,56,000111000,3,0.9454268273,0.1453281161,46,0
22,207,011001111,6,0.9615853634,0.2859955677,119,0
22,475,111011011,7,0.964176828,0.2418077742,145,0
22,386,110000010,3,0.9515243825,0.1274834615,16,0
22,385,110000001,3,0.9457317069,0.1523044817,44,0
22,263,100000111,4,0.9487804864,0.1450051651,82,0
22,172,010101100,4,0.9548780415,0.1772159359,54,0
22,331,101001011,5,0.9695122056,0.1774945036,34,0
22,408,110011000,4,0.958231695,0.2197342259,36,0
22,272,100010000,2,0.9314024411,0.09646097757,58,0
22,373,101110101,6,0.9577743821,0.181031581,136,0
22,406,110010110,5,0.9480182827,0.218691871,132,0
22,24,000011000,2,0.9400914628,0.1224767463,21,0
22,240,011110000,4,0.9474085271,0.2333530094,85,0
22,93,001011101,5,0.9603658449,0.2507782625,78,0
22,325,101000101,4,0.9565548692,0.1581497551,45,0
22,193,011000001,3,0.9471036512,0.1576919009,37,0
22,481,111100001,5,0.9490853604,0.1667485817,129,0
22,424,110101000,4,0.9621951189,0.151591171,24,0
22,35,000100011,3,0.9163109809,0.1255413797,151,0
22,136,010001000,2,0.9556402415,0.08872172865,0,0
22,484,111100100,5,0.9605182838,0.1770865889,76,0
22,371,101110011,6,0.9557926711,0.1782466671,142,0
22,287,100011111,6,0.9652439002,0.1928226636,106,0
22,507,111111011,8,0.9617377967,0.2683291459,158,0
22,121,001111001,5,0.9562499933,0.3466811553,101,0
22,497,111110001,6,0.9516768176,0.2153714146,148,0
22,424,110101000,4,0.9621951189,0.151591171,23,0
22,457,111001001,5,0.960213406,0.1580275986,79,0
22,294,100100110,4,0.9550304823,0.1726385914,53,0
22,303,100101111,6,0.9673780538,0.2067371374,98,0
22,129,010000001,2,0.9335365873,0.1010586498,50,0
22,18,000010010,2,0.9048780557,0.1242320742,152,0
22,342,101010110,5,0.9528963305,0.1802943386,114,0
22,200,011001000,3,0.955487797,0.1316828153,12,0
22,324,101000100,3,0.9624999966,0.1362094213,5,0
22,300,100101100,4,0.9623475503,0.1672059349,19,0
22,1,000000001,1,0.7878048848,0.08813527925,161,0
22,260,100000100,2,0.9440548718,0.2004308952,13,0
22,494,111101110,7,0.963262191,0.2477963772,147,0
22,441,110111001,6,0.9644817077,0.2243005,111,0
22,370,101110010,5,0.9585365802,0.1784977219,84,0
23,124,001111100,5,0.9573170636,0.2322485391,95,0
23,396,110001100,4,0.9617377967,0.18006679,20,0
23,270,100001110,4,0.9641768225,0.171474142,11,0
23,97,001100001,3,0.9439024366,0.1496965196,52,0
23,203,011001011,5,0.959146332,0.1784309237,87,0
23,346,101011010,5,0.9643292632,0.210029603,61,0
23,56,000111000,3,0.9454268273,0.1453281161,34,0
23,155,010011011,5,0.9644817039,0.2534072064,59,0
23,233,011101001,5,0.9603658449,0.268123046,81,0
23,234,011101010,5,0.9644817039,0.206266609,60,0
23,212,011010100,4,0.952439012,0.2385208402,66,0
23,152,010011000,3,0.9513719399,0.2329935927,14,0
23,206,011001110,5,0.9589938931,0.2441969891,90,0
23,174,010101110,5,0.9596036505,0.2229905166,85,0
23,481,111100001,5,0.9490853604,0.1667485817,127,0
23,331,101001011,5,0.9695122056,0.1774945036,24,0
23,500,111110100,6,0.9571646266,0.210213976,138,0
23,288,100100000,2,0.9224085417,0.09756062739,99,0
23,404,110010100,4,0.9553353563,0.1947822548,47,0
23,420,110100100,4,0.9579268228,0.1566663263,27,0
23,398,110001110,5,0.9652439002,0.184927925,55,0
23,414,110011110,6,0.9637195077,0.2462959136,113,0
23,25,000011001,3,0.9463414568,0.1495797473,29,0
23,387,110000011,4,0.9507621918,0.175960077,72,0
23,61,000111101,5,0.9515243843,0.1722416603,117,0
23,458,111001010,5,0.9644817039,0.1614640043,58,0
23,475,111011011,7,0.964176828,0.2418077742,144,0
23,490,111101010,6,0.9657012131,0.1730029145,103,0
23,146,010010010,3,0.9370426815,0.1859965373,86,0
23,218,011011010,5,0.958841458,0.2987742741,91,0
23,12,000001100,2,0.9342987817,0.1145905149,35,0
23,145,010010001,3,0.943597557,0.1669537378,53,0
23,48,000110000,2,0.9140243977,0.09490588191,135,0
23,96,001100000,2,0.9330792725,0.09982250445,48,0
23,363,101101011,6,0.9637195095,0.1817409033,112,0
23,240,011110000,4,0.9474085271,0.2333530094,92,0
23,305,100110001,4,0.9381097574,0.1583164767,124,0
23,41,000101001,3,0.9443597533,0.2578364955,46,0
23,424,110101000,4,0.9621951189,0.151591171,17,0
23,82,001010010,3,0.9452743866,0.1904831256,36,0
23,277,100010101,4,0.9528963342,0.1554693631,65,0
23,256,100000000,1,0.8653963432,0.05144251033,161,0
23,393,110001001,4,0.9617377985,0.1536827425,19,0
23,148,010010100,3,0.9419207256,0.2030755011,64,0
23,74,001001010,3,0.9570121821,0.1378696063,4,0
23,11,000001011,3,0.9513719436,0.1420441959,12,0
23,342,101010110,5,0.9528963305,0.1802943386,110,0
23,484,111100100,5,0.9605182838,0.1770865889,79,0
23,477,111011101,7,0.9663109761,0.245831884,141,0
23,427,110101011,6,0.9629573077,0.1781795989,115,0
23,221,011011101,6,0.9602134116,0.300388671,126,0
23,10,000001010,2,0.9445121922,0.1083079919,7,0
23,354,101100010,4,0.9609756079,0.1522667618,21,0
23,99,001100011,4,0.9495426733,0.1583316922,75,0
23,263,100000111,4,0.9487804864,0.1450051651,82,0
23,390,110000110,4,0.9560975488,0.160214691,41,0
23,45,000101101,4,0.9461890161,0.1590515091,96,0
23,247,011110111,7,0.9538109675,0.2866593562,158,0
23,402,110010010,4,0.9487804808,0.1966901873,83,0
23,80,001010000,2,0.9368902445,0.1682704333,22,0
23,152,010011000,3,0.9513719399,0.2329935927,13,0
23,101,001100101,4,0.9471036494,0.1847556052,93,0
23,38,000100110,3,0.9329268336,0.1262098874,101,0
23,70,001000110,3,0.9445121922,0.1709114732,44,0
23,388,110000100,3,0.9559451118,0.1492509923,5,0
23,96,001100000,2,0.9330792725,0.09982250445,49,0
23,188,010111100,5,0.9551829174,0.2635214692,100,0
23,245,011110101,6,0.9474085309,0.2499909932,152,0
23,118,001110110,5,0.9516768213,0.2225226476,116,0
23,444,110111100,6,0.964786578,0.2217209716,109,0
23,420,110100100,4,0.9579268228,0.1566663263,28,0
23,23,000010111,4,0.9347560983,0.1537364139,139,0
23,174,010101110,5,0.9596036505,0.2229905166,84,0
23,463,111001111,7,0.9701219536,0.2215583678,131,0
23,33,000100001,2,0.8849085364,0.1405141028,160,0
23,204,011001100,4,0.9535060935,0.2112389025,56,0
23,75,001001011,4,0.9623475578,0.1703412908,15,0
23,70,001000110,3,0.9445121922,0.1709114732,43,0
23,479,111011111,8,0.9653963409,0.297615774,157,0
23,168,010101000,3,0.9556402303,0.1283902619,6,0
23,162,010100010,3,0.9460365772,0.1228090909,31,0
23,147,010010011,4,0.9367378037,0.1958240762,133,0
23,294,100100110,4,0.9550304823,0.1726385914,51,0
23,27,000011011,4,0.9495426714,0.1951567573,76,0
23,216,011011000,4,0.9560975544,0.2577285054,37,0
23,287,100011111,6,0.9652439002,0.1928226636,104,0
23,383,101111111,8,0.9637195133,0.2397632855,159,0
23,113,001110001,4,0.9504573084,0.1746187271,73,0
23,455,111000111,6,0.9588414561,0.178122621,134,0
23,9,000001001,2,0.9167682994,0.1331997535,121,0
23,499,111110011,7,0.9548780415,0.2065643724,154,0
23,384,110000000,2,0.942378046,0.1023272595,9,0
23,338,101010010,4,0.9530487694,0.1827030429,63,0
23,384,110000000,2,0.942378046,0.1023272595,10,0
23,199,011000111,5,0.9521341417,0.2270386657,114,0
23,473,111011001,6,0.9602134135,0.2257233416,125,0
23,135,010000111,4,0.9429878015,0.1987346318,106,0
23,292,100100100,3,0.9576219451,0.1772560109,3,0
23,333,101001101,5,0.9678353649,0.1775467619,32,0
23,171,010101011,5,0.961890243,0.1561283367,71,0
23,443,110111011,7,0.9624999985,0.2361019221,146,0
23,378,101111010,6,0.964786578,0.2308151182,108,0
23,429,110101101,6,0.9609756004,0.1956794159,122,0
23,241,011110001,5,0.9440548718,0.2607987896,142,0
23,358,101100110,5,0.9629573151,0.1768365032,69,0
23,93,001011101,5,0.9603658449,0.2507782625,80,0
23,176,010110000,3,0.9341463428,0.2078121302,97,0
23,187,010111011,6,0.9594512116,0.279120577,129,0
23,326,101000110,4,0.9586890172,0.1529696728,23,0
23,198,011000110,4,0.9498475567,0.191795771,74,0
23,274,100010010,3,0.9408536572,0.1183711295,68,0
23,115,001110011,5,0.9527438954,0.1939238748,111,0
23,313,100111001,5,0.963109754,0.167221989,67,0
23,238,011101110,6,0.9606707245,0.2395493905,123,0
23,343,101010111,6,0.9589938968,0.1846750332,132,0
23,424,110101000,4,0.9621951189,0.151591171,16,0
23,87,001010111,5,0.9501524288,0.2489087577,120,0
23,285,100011101,5,0.9692073204,0.1706519304,26,0
23,206,011001110,5,0.9589938931,0.2441969891,89,0
23,401,110010001,4,0.9516768232,0.1931645344,70,0
23,325,101000101,4,0.9565548692,0.1581497551,33,0
23,368,101110000,4,0.9560975526,0.1694042669,38,0
23,164,010100100,3,0.9356707316,0.1803958965,94,0
23,121,001111001,5,0.9562499933,0.3466811553,98,0
23,78,001001110,4,0.9573170636,0.2032758179,30,0
23,248,011111000,5,0.9550304767,0.2725362466,102,0
23,211,011010011,5,0.9449695051,0.2340317885,140,0
23,160,010100000,2,0.9399390239,0.09322097432,18,0
23,231,011100111,6,0.9519817065,0.2285920731,145,0
23,239,011101111,7,0.9621951133,0.2638499523,147,0
23,194,011000010,3,0.9448170681,0.1295389787,42,0
23,353,101100001,4,0.9532012139,0.1389175798,62,0
23,495,111101111,8,0.9658536594,0.22599763,156,0
23,135,010000111,4,0.9429878015,0.1987346318,105,0
23,170,010101010,4,0.9583841376,0.1237906108,25,0
23,186,010111010,5,0.9589938968,0.2682068814,88,0
23,382,101111110,7,0.9690548796,0.2183860508,136,0
23,30,000011110,4,0.9535060879,0.1916021421,57,0
23,324,101000100,3,0.9624999966,0.1362094213,0,0
23,348,101011100,5,0.9661585353,0.1913031316,50,0
23,373,101110101,6,0.9577743821,0.181031581,137,0
23,21,000010101,3,0.9280487876,0.1438165735,118,0
23,200,011001000,3,0.955487797,0.1316828153,8,0
23,368,101110000,4,0.9560975526,0.1694042669,39,0
23,192,011000000,2,0.9504573103,0.1211086311,1,0
23,390,110000110,4,0.9560975488,0.160214691,40,0
23,302,100101110,5,0.9657012187,0.1828945968,54,0
23,214,011010110,5,0.9489329215,0.2694390733,128,0
23,18,000010010,2,0.9048780557,0.1242320742,149,0
23,241,011110001,5,0.9440548718,0.2607987896,143,0
23,466,111010010,5,0.9501524325,0.2081504837,119,0
23,502,111110110,7,0.9586890154,0.2245801887,151,0
23,44,000101100,3,0.9384146333,0.1604029066,77,0
23,169,010101001,4,0.9554877914,0.1521936124,45,0
23,51,000110011,4,0.926524397,0.1556108566,150,0
23,187,010111011,6,0.9594512116,0.279120577,130,0
23,499,111110011,7,0.9548780415,0.2065643724,155,0
23,510,111111110,8,0.9663109742,0.2578454181,153,0
23,251,011111011,7,0.9612804838,0.3173386743,148,0
23,135,010000111,4,0.9429878015,0.1987346318,107,0
23,68,001000100,2,0.947560966,0.2287352863,2,0
23,205,011001101,5,0.9605182856,0.3885932574,78,0
24,199,011000111,5,0.9521341417,0.2270386657,117,0
24,114,001110010,4,0.9474085346,0.1818423038,82,0
24,465,111010001,5,0.9565548692,0.3861234859,94,0
24,12,000001100,2,0.9342987817,0.1145905149,38,0
24,308,100110100,4,0.957926821,0.1752202315,30,0
24,421,110100101,5,0.9567073006,0.1923621674,93,0
24,331,101001011,5,0.9695122056,0.1774945036,24,0
24,343,101010111,6,0.9589938968,0.1846750332,137,0
24,8,000001000,1,0.9012195114,0.0953759877,143,0
24,277,100010101,4,0.9528963342,0.1554693631,60,0
24,431,110101111,7,0.9658536613,0.2059036302,146,0
24,103,001100111,5,0.9515243843,0.1856543748,122,0
24,289,100100001,3,0.9368902445,0.1236085924,78,0
24,275,100010011,4,0.9417682886,0.1271214618,113,0
24,204,011001100,4,0.9535060935,0.2112389025,54,0
24,188,010111100,5,0.9551829174,0.2635214692,102,0
24,9,000001001,2,0.9167682994,0.1331997535,129,0
24,511,111111111,9,0.9672256112,0.3458421361,160,0
24,75,001001011,4,0.9623475578,0.1703412908,15,0
24,27,000011011,4,0.9495426714,0.1951567573,70,0
24,177,010110001,4,0.9394817054,0.2004012102,124,0
24,361,101101001,5,0.9644817058,0.176816938,56,0
24,374,101110110,6,0.9637195077,0.1878173118,115,0
24,124,001111100,5,0.9573170636,0.2322485391,90,0
24,194,011000010,3,0.9448170681,0.1295389787,40,0
24,293,100100101,4,0.9577743821,0.1677137092,31,0
24,233,011101001,5,0.9603658449,0.268123046,73,0
24,21,000010101,3,0.9280487876,0.1438165735,126,0
24,357,101100101,5,0.9574694987,0.1785467933,89,0
24,293,100100101,4,0.9577743821,0.1677137092,32,0
24,243,011110011,6,0.9530487731,0.2716712286,149,0
24,111,001101111,6,0.958993895,0.2237674175,138,0
24,11,000001011,3,0.9513719436,0.1420441959,13,0
24,405,110010101,5,0.953201212,0.2160813212,112,0
24,4,000000100,1,0.9094512276,0.06868225115,107,0
24,399,110001111,6,0.9626524355,0.2035451112,120,0
24,206,011001110,5,0.9589938931,0.2441969891,79,0
24,221,011011101,6,0.9602134116,0.300388671,133,0
24,87,001010111,5,0.9501524288,0.2489087577,128,0
24,355,101100011,5,0.9577743858,0.1480007793,88,0
24,234,011101010,5,0.9644817039,0.206266609,57,0
24,46,000101110,4,0.9539634064,0.1775657085,51,0
24,370,101110010,5,0.9585365802,0.1784977219,81,0
24,363,101101011,6,0.9637195095,0.1817409033,114,0
24,437,110110101,6,0.9524390157,0.2554515093,154,0
24,496,111110000,5,0.9541158415,0.2100702799,106,0
24,153,010011001,4,0.955487797,0.2314127795,42,0
24,31,000011111,5,0.9507621899,0.2732690205,123,0
24,34,000100010,2,0.9111280553,0.1001502015,145,0
24,324,101000100,3,0.9624999966,0.1362094213,1,0
24,162,010100010,3,0.9460365772,0.1228090909,34,0
24,93,001011101,5,0.9603658449,0.2507782625,72,0
24,29,000011101,4,0.951067064,0.1539091161,67,0
24,408,110011000,4,0.958231695,0.2197342259,27,0
24,170,010101010,4,0.9583841376,0.1237906108,25,0
24,121,001111001,5,0.9562499933,0.3466811553,98,0
24,450,111000010,4,0.9554877952,0.1262044164,44,0
24,392,110001000,3,0.9653963372,0.1357308119,0,0
24,237,011101101,6,0.9591463376,0.2640092028,136,0
24,175,010101111,6,0.9585365672,0.2318464871,139,0
24,294,100100110,4,0.9550304823,0.1726385914,48,0
24,410,110011010,5,0.9644817039,0.2193003995,58,0
24,153,010011001,4,0.955487797,0.2314127795,43,0
24,441,110111001,6,0.9644817077,0.2243005,109,0
24,123,001111011,6,0.9626524355,0.2404932803,121,0
24,29,000011101,4,0.951067064,0.1539091161,68,0
24,451,111000011,5,0.9550304729,0.1685197698,105,0
24,394,110001010,4,0.9682926834,0.1485241046,6,0
24,393,110001001,4,0.9617377985,0.1536827425,16,0
24,67,001000011,3,0.9541158434,0.1536063617,10,0
24,95,001011111,6,0.9603658505,0.4629407227,130,0
24,168,010101000,3,0.9556402303,0.1283902619,7,0
24,347,101011011,6,0.9690548796,0.1985359336,84,0
24,352,101100000,3,0.9518292565,0.1353251534,12,0
24,92,001011100,4,0.9571646284,0.2256155275,33,0
24,121,001111001,5,0.9562499933,0.3466811553,97,0
24,244,011110100,5,0.9503048733,0.2641298291,125,0
24,413,110011101,6,0.9644817039,0.2295870977,111,0
24,296,100101000,3,0.9603658449,0.1424966599,3,0
24,351,101011111,7,0.9638719484,0.2198956287,151,0
24,349,101011101,6,0.9696646389,0.3093579304,80,0
24,204,011001100,4,0.9535060935,0.2112389025,53,0
24,219,011011011,6,0.9600609709,0.3007806377,135,0
24,508,111111100,7,0.9685975611,0.267471821,140,0
24,310,100110110,5,0.952591449,0.1832640478,116,0
24,97,001100001,3,0.9439024366,0.1496965196,49,0
24,162,010100010,3,0.9460365772,0.1228090909,35,0
24,346,101011010,5,0.9643292632,0.210029603,59,0
24,188,010111100,5,0.9551829174,0.2635214692,103,0
24,503,111110111,8,0.9562499896,0.2269489216,159,0
24,13,000001101,3,0.9356707335,0.3014179626,87,0
24,255,011111111,8,0.9632621948,0.4130405989,158,0
24,181,010110101,5,0.9463414587,0.2437225715,141,0
24,191,010111111,7,0.963719504,0.2866767156,152,0
24,304,100110000,3,0.9338414669,0.1354449289,99,0
24,44,000101100,3,0.9384146333,0.1604029066,71,0
24,108,001101100,4,0.9585365746,0.1886128322,23,0
24,409,110011001,5,0.9621951114,0.2163874777,66,0
24,242,011110010,5,0.9455792625,0.2814117442,144,0
24,466,111010010,5,0.9501524325,0.2081504837,127,0
24,68,001000100,2,0.947560966,0.2287352863,4,0
24,129,010000001,2,0.9335365873,0.1010586498,41,0
24,208,011010000,3,0.9487804789,0.2195109283,21,0
24,396,110001100,4,0.9617377967,0.18006679,18,0
24,185,010111001,5,0.957012184,0.2482354445,91,0
24,134,010000110,3,0.9411585312,0.1737534327,62,0
24,335,101001111,6,0.9673780575,0.2185122878,96,0
24,452,111000100,4,0.9608231634,0.1636474896,20,0
24,441,110111001,6,0.9644817077,0.2243005,110,0
24,443,110111011,7,0.9624999985,0.2361019221,155,0
24,247,011110111,7,0.9538109675,0.2866593562,157,0
24,396,110001100,4,0.9617377967,0.18006679,17,0
24,198,011000110,4,0.9498475567,0.191795771,69,0
24,465,111010001,5,0.9565548692,0.3861234859,95,0
24,297,100101001,4,0.9582317006,0.1647070954,26,0
24,199,011000111,5,0.9521341417,0.2270386657,118,0
24,202,011001010,4,0.9612804782,0.149196442,19,0
24,226,011100010,4,0.9487804808,0.1625480801,76,0
24,317,100111101,6,0.9661585316,0.1998526342,104,0
24,222,011011110,6,0.9573170654,0.3343018061,142,0
24,154,010011010,4,0.9570121877,0.2396545438,36,0
24,15,000001111,4,0.9467987716,0.2596095148,86,0
24,347,101011011,6,0.9690548796,0.1985359336,85,0
24,390,110000110,4,0.9560975488,0.160214691,39,0
24,145,010010001,3,0.943597557,0.1669537378,50,0
24,263,100000111,4,0.9487804864,0.1450051651,75,0
24,292,100100100,3,0.9576219451,0.1772560109,5,0
24,475,111011011,7,0.964176828,0.2418077742,148,0
24,314,100111010,5,0.9621951208,0.1824102593,65,0
24,400,110010000,3,0.9547256026,0.1810064591,8,0
24,313,100111001,5,0.963109754,0.167221989,63,0
24,95,001011111,6,0.9603658505,0.4629407227,131,0
24,272,100010000,2,0.9314024411,0.09646097757,52,0
24,360,101101000,4,0.9634146318,0.168340771,11,0
24,473,111011001,6,0.9602134135,0.2257233416,132,0
24,197,011000101,4,0.9516768213,0.1970114671,64,0
24,193,011000001,3,0.9471036512,0.1576919009,28,0
24,481,111100001,5,0.9490853604,0.1667485817,134,0
24,122,001111010,5,0.9635670725,0.3054453623,61,0
24,163,010100011,4,0.9469512142,0.1452375506,83,0
24,139,010001011,4,0.9586890135,0.1512846262,22,0
24,488,111101000,5,0.966463415,0.1571392328,46,0
24,311,100110111,6,0.9535060879,0.1921334574,147,0
24,399,110001111,6,0.9626524355,0.2035451112,119,0
24,306,100110010,4,0.9446646273,0.140418421,100,0
24,57,000111001,4,0.9443597514,0.1744129988,101,0
24,81,001010001,3,0.9440548755,0.1765820705,47,0
24,457,111001001,5,0.960213406,0.1580275986,74,0
24,493,111101101,7,0.9640243854,0.3398395209,150,0
24,11,000001011,3,0.9513719436,0.1420441959,14,0
24,173,010101101,5,0.9568597469,0.2084413404,92,0
24,128,010000000,1,0.9323170781,0.08404751134,9,0
24,19,000010011,3,0.9097560961,0.1301706852,156,0
24,215,011010111,6,0.9525914565,0.2840391258,153,0
24,204,011001100,4,0.9535060935,0.2112389025,55,0
24,72,001001000,2,0.9495426752,0.1139507112,2,0
24,12,000001100,2,0.9342987817,0.1145905149,37,0
24,1,000000001,1,0.7878048848,0.08813527925,161,0
24,420,110100100,4,0.9579268228,0.1566663263,29,0
24,378,101111010,6,0.964786578,0.2308151182,108,0
24,169,010101001,4,0.9554877914,0.1521936124,45,0
24,146,010010010,3,0.9370426815,0.1859965373,77,0
25,248,011111000,5,0.9550304767,0.2725362466,103,0
25,397,110001101,5,0.9626524374,0.1984722707,65,0
25,266,100001010,3,0.9663109817,0.1359270001,0,0
25,371,101110011,6,0.9557926711,0.1782466671,132,0
25,72,001001000,2,0.9495426752,0.1139507112,3,0
25,222,011011110,6,0.9573170654,0.3343018061,127,0
25,372,101110100,5,0.9644817002,0.1726493784,56,0
25,168,010101000,3,0.9556402303,0.1283902619,8,0
25,67,001000011,3,0.9541158434,0.1536063617,13,0
25,234,011101010,5,0.9644817039,0.206266609,55,0
25,80,001010000,2,0.9368902445,0.1682704333,32,0
25,400,110010000,3,0.9547256026,0.1810064591,11,0
25,214,011010110,5,0.9489329215,0.2694390733,120,0
25,238,011101110,6,0.9606707245,0.2395493905,118,0
25,499,111110011,7,0.9548780415,0.2065643724,151,0
25,451,111000011,5,0.9550304729,0.1685197698,104,0
25,498,111110010,6,0.956097547,0.2142396532,130,0
25,330,101001010,4,0.9649390206,0.1500430945,14,0
25,404,110010100,4,0.9553353563,0.1947822548,48,0
25,364,101101100,5,0.9696646333,0.1734690042,33,0
25,206,011001110,5,0.9589938931,0.2441969891,84,0
25,2,000000010,1,0.8757621963,0.0863469597,158,0
25,217,011011001,5,0.9579268228,0.2819200605,88,0
25,258,100000010,2,0.9272865914,0.1128509992,73,0
25,173,010101101,5,0.9568597469,0.2084413404,94,0
25,194,011000010,3,0.9448170681,0.1295389787,45,0
25,390,110000110,4,0.9560975488,0.160214691,43,0
25,490,111101010,6,0.9657012131,0.1730029145,106,0
25,394,110001010,4,0.9682926834,0.1485241046,6,0
25,218,011011010,5,0.958841458,0.2987742741,85,0
25,398,110001110,5,0.9652439002,0.184927925,51,0
25,156,010011100,4,0.9596036505,0.2749188193,28,0
25,436,110110100,5,0.9548780341,0.3190835472,105,0
25,122,001111010,5,0.9635670725,0.3054453623,58,0
25,235,011101011,6,0.9592987709,0.1924978569,121,0
25,112,001110000,3,0.9481707234,0.1940589957,30,0
25,49,000110001,3,0.9184451289,0.1473816759,140,0
25,298,100101010,4,0.9635670781,0.1536765499,16,0
25,360,101101000,4,0.9634146318,0.168340771,17,0
25,144,010010000,2,0.9355182927,0.1628878268,38,0
25,308,100110100,4,0.957926821,0.1752202315,37,0
25,145,010010001,3,0.943597557,0.1669537378,49,0
25,185,010111001,5,0.957012184,0.2482354445,92,0
25,148,010010100,3,0.9419207256,0.2030755011,57,0
25,10,000001010,2,0.9445121922,0.1083079919,9,0
25,14,000001110,3,0.9452743828,0.2012516796,39,0
25,102,001100110,4,0.9516768195,0.1653954163,64,0
25,448,111000000,3,0.9498475511,0.1094583822,26,0
25,511,111111111,9,0.9672256112,0.3458421361,156,0
25,75,001001011,4,0.9623475578,0.1703412908,21,0
25,217,011011001,5,0.9579268228,0.2819200605,87,0
25,426,110101010,5,0.965548778,0.1652380908,50,0
25,226,011100010,4,0.9487804808,0.1625480801,76,0
25,355,101100011,5,0.9577743858,0.1480007793,90,0
25,273,100010001,3,0.936280489,0.1366260718,86,0
25,14,000001110,3,0.9452743828,0.2012516796,40,0
25,127,001111111,7,0.9617378041,0.3252968704,144,0
25,503,111110111,8,0.9562499896,0.2269489216,155,0
25,18,000010010,2,0.9048780557,0.1242320742,147,0
25,16,000010000,1,0.8800304849,0.0962131978,153,0
25,203,011001011,5,0.959146332,0.1784309237,80,0
25,69,001000101,3,0.949695114,0.1974406161,27,0
25,226,011100010,4,0.9487804808,0.1625480801,75,0
25,86,001010110,4,0.9498475529,0.2009678534,71,0
25,388,110000100,3,0.9559451118,0.1492509923,7,0
25,226,011100010,4,0.9487804808,0.1625480801,77,0
25,108,001101100,4,0.9585365746,0.1886128322,34,0
25,231,011100111,6,0.9519817065,0.2285920731,139,0
25,118,001110110,5,0.9516768213,0.2225226476,116,0
25,285,100011101,5,0.9692073204,0.1706519304,35,0
25,100,001100100,3,0.9481707253,0.1504776806,29,0
25,439,110110111,7,0.9557926748,0.2348899278,149,0
25,166,010100110,4,0.9381097537,0.1851869859,119,0
25,391,110000111,5,0.9551829174,0.1890920834,101,0
25,418,110100010,4,0.9541158434,0.1336211525,52,0
25,262,100000110,3,0.9503048733,0.1506545902,25,0
25,321,101000001,3,0.953048775,0.1407439543,15,0
25,427,110101011,6,0.9629573077,0.1781795989,115,0
25,479,111011111,8,0.9653963409,0.297615774,152,0
25,128,010000000,1,0.9323170781,0.08404751134,12,0
25,386,110000010,3,0.9515243825,0.1274834615,18,0
25,435,110110011,6,0.9568597432,0.2100424496,128,0
25,300,100101100,4,0.9623475503,0.1672059349,22,0
25,130,010000010,2,0.9394817092,0.1096591135,24,0
25,216,011011000,4,0.9560975544,0.2577285054,41,0
25,446,110111110,7,0.9637195077,0.2505255626,137,0
25,351,101011111,7,0.9638719484,0.2198956287,136,0
25,33,000100001,2,0.8849085364,0.1405141028,159,0
25,259,100000011,3,0.9335365873,0.1357063192,99,0
25,8,000001000,1,0.9012195114,0.0953759877,129,0
25,498,111110010,6,0.956097547,0.2142396532,131,0
25,256,100000000,1,0.8653963432,0.05144251033,160,0
25,194,011000010,3,0.9448170681,0.1295389787,44,0
25,288,100100000,2,0.9224085417,0.09756062739,100,0
25,239,011101111,7,0.9621951133,0.2638499523,142,0
25,511,111111111,9,0.9672256112,0.3458421361,157,0
25,147,010010011,4,0.9367378037,0.1958240762,125,0
25,230,011100110,5,0.9544207174,0.2009842331,107,0
25,264,100001000,2,0.9495426789,0.1157485445,2,0
25,425,110101001,5,0.9621951208,0.1687642131,68,0
25,443,110111011,7,0.9624999985,0.2361019221,141,0
25,471,111010111,7,0.9618902374,0.2460674956,143,0
25,493,111101101,7,0.9640243854,0.3398395209,135,0
25,241,011110001,5,0.9440548718,0.2607987896,133,0
25,366,101101110,6,0.9675304852,0.2001497867,96,0
25,121,001111001,5,0.9562499933,0.3466811553,97,0
25,433,110110001,5,0.953048775,0.1948711216,112,0
25,185,010111001,5,0.957012184,0.2482354445,93,0
25,206,011001110,5,0.9589938931,0.2441969891,82,0
25,4,000000100,1,0.9094512276,0.06868225115,108,0
25,72,001001000,2,0.9495426752,0.1139507112,4,0
25,369,101110001,5,0.9570121858,0.1660167179,91,0
25,313,100111001,5,0.963109754,0.167221989,61,0
25,110,001101110,5,0.9606707301,0.2040525535,72,0
25,246,011110110,6,0.9506097473,0.2641389403,145,0
25,392,110001000,3,0.9653963372,0.1357308119,1,0
25,404,110010100,4,0.9553353563,0.1947822548,47,0
25,345,101011001,5,0.9628048781,0.1997483987,62,0
25,206,011001110,5,0.9589938931,0.2441969891,83,0
25,1,000000001,1,0.7878048848,0.08813527925,161,0
25,356,101100100,4,0.9591463339,0.1657813322,31,0
25,304,100110000,3,0.9338414669,0.1354449289,98,0
25,164,010100100,3,0.9356707316,0.1803958965,89,0
25,237,011101101,6,0.9591463376,0.2640092028,123,0
25,332,101001100,4,0.9624999929,0.1707430179,19,0
25,216,011011000,4,0.9560975544,0.2577285054,42,0
25,465,111010001,5,0.9565548692,0.3861234859,95,0
25,292,100100100,3,0.9576219451,0.1772560109,5,0
25,197,011000101,4,0.9516768213,0.1970114671,63,0
25,111,001101111,6,0.958993895,0.2237674175,124,0
25,134,010000110,3,0.9411585312,0.1737534327,60,0
25,289,100100001,3,0.9368902445,0.1236085924,81,0
25,367,101101111,7,0.9689024445,0.2136532324,126,0
25,151,010010111,5,0.9432926774,0.2769849757,134,0
25,38,000100110,3,0.9329268336,0.1262098874,102,0
25,378,101111010,6,0.964786578,0.2308151182,109,0
25,446,110111110,7,0.9637195077,0.2505255626,138,0
25,30,000011110,4,0.9535060879,0.1916021421,54,0
25,397,110001101,5,0.9626524374,0.1984722707,66,0
25,341,101010101,5,0.9649390262,0.1703384123,53,0
25,308,100110100,4,0.957926821,0.1752202315,36,0
25,21,000010101,3,0.9280487876,0.1438165735,117,0
25,200,011001000,3,0.955487797,0.1316828153,10,0
25,480,111100000,4,0.9522865769,0.1520633074,59,0
25,209,011010001,4,0.9481707271,0.2154377233,79,0
25,454,111000110,5,0.960975606,0.1631978797,70,0
25,174,010101110,5,0.9596036505,0.2229905166,78,0
25,160,010100000,2,0.9399390239,0.09322097432,23,0
25,178,010110010,4,0.9370426852,0.3352389857,122,0
25,504,111111000,6,0.9646341465,0.2548272442,110,0
25,83,001010011,4,0.9489329197,0.2551624496,74,0
25,309,100110101,5,0.9530487731,0.1871497701,113,0
25,425,110101001,5,0.9621951208,0.1687642131,69,0
25,41,000101001,3,0.9443597533,0.2578364955,46,0
25,51,000110011,4,0.926524397,0.1556108566,148,0
25,427,110101011,6,0.9629573077,0.1781795989,114,0
25,183,010110111,6,0.9443597514,0.2673205337,150,0
25,506,111111010,7,0.9606707208,0.2898382405,146,0
25,91,001011011,5,0.9626524337,0.2549881525,67,0
25,16,000010000,1,0.8800304849,0.0962131978,154,0
25,276,100010100,3,0.9513719417,0.1391151226,20,0
25,365,101101101,6,0.9644817039,0.2133307862,111,0
26,325,101000101,4,0.9565548692,0.1581497551,38,0
26,115,001110011,5,0.9527438954,0.1939238748,95,0
26,212,011010100,4,0.952439012,0.2385208402,60,0
26,220,011011100,5,0.9589938931,0.2710625273,78,0
26,439,110110111,7,0.9557926748,0.2348899278,150,0
26,33,000100001,2,0.8849085364,0.1405141028,158,0
26,418,110100010,4,0.9541158434,0.1336211525,49,0
26,279,100010111,5,0.9499999974,0.1593395183,102,0
26,264,100001000,2,0.9495426789,0.1157485445,2,0
26,277,100010101,4,0.9528963342,0.1554693631,59,0
26,239,011101111,7,0.9621951133,0.2638499523,145,0
26,383,101111111,8,0.9637195133,0.2397632855,155,0
26,288,100100000,2,0.9224085417,0.09756062739,88,0
26,273,100010001,3,0.936280489,0.1366260718,80,0
26,140,010001100,3,0.9544207212,0.1939722262,14,0
26,48,000110000,2,0.9140243977,0.09490588191,118,0
26,269,100001101,4,0.963262191,0.1545369336,17,0
26,181,010110101,5,0.9463414587,0.2437225715,120,0
26,67,001000011,3,0.9541158434,0.1536063617,15,0
26,209,011010001,4,0.9481707271,0.2154377233,75,0
26,305,100110001,4,0.9381097574,0.1583164767,107,0
26,381,101111101,7,0.9650914595,0.2315300149,127,0
26,310,100110110,5,0.952591449,0.1832640478,96,0
26,253,011111101,7,0.9640243892,0.2906484376,134,0
26,466,111010010,5,0.9501524325,0.2081504837,101,0
26,301,100101101,5,0.9657012131,0.1904032845,47,0
26,251,011111011,7,0.9612804838,0.3173386743,147,0
26,20,000010100,2,0.916006105,0.1150037684,105,0
26,117,001110101,5,0.9518292584,0.210091874,98,0
26,292,100100100,3,0.9576219451,0.1772560109,6,0
26,305,100110001,4,0.9381097574,0.1583164767,108,0
26,34,000100010,2,0.9111280553,0.1001502015,125,0
26,204,011001100,4,0.9535060935,0.2112389025,53,0
26,17,000010001,2,0.8894816972,0.1499703776,157,0
26,188,010111100,5,0.9551829174,0.2635214692,90,0
26,267,100001011,4,0.9620426763,0.1646921253,21,0
26,458,111001010,5,0.9644817039,0.1614640043,55,0
26,215,011010111,6,0.9525914565,0.2840391258,136,0
26,23,000010111,4,0.9347560983,0.1537364139,123,0
26,353,101100001,4,0.9532012139,0.1389175798,58,0
26,203,011001011,5,0.959146332,0.1784309237,77,0
26,294,100100110,4,0.9550304823,0.1726385914,45,0
26,326,101000110,4,0.9586890172,0.1529696728,26,0
26,495,111101111,8,0.9658536594,0.22599763,153,0
26,469,111010101,6,0.9583841395,0.2142438563,119,0
26,497,111110001,6,0.9516768176,0.2153714146,138,0
26,313,100111001,5,0.963109754,0.167221989,62,0
26,119,001110111,6,0.9516768157,0.2266518502,139,0
26,32,000100000,1,0.8641768359,0.1044695501,160,0
26,300,100101100,4,0.9623475503,0.1672059349,19,0
26,294,100100110,4,0.9550304823,0.1726385914,46,0
26,85,001010101,4,0.949542677,0.1903469744,71,0
26,285,100011101,5,0.9692073204,0.1706519304,30,0
26,152,010011000,3,0.9513719399,0.2329935927,18,0
26,238,011101110,6,0.9606707245,0.2395493905,103,0
26,499,111110011,7,0.9548780415,0.2065643724,152,0
26,256,100000000,1,0.8653963432,0.05144251033,159,0
26,8,000001000,1,0.9012195114,0.0953759877,124,0
26,381,101111101,7,0.9650914595,0.2315300149,130,0
26,239,011101111,7,0.9621951133,0.2638499523,144,0
26,421,110100101,5,0.9567073006,0.1923621674,83,0
26,312,100111000,4,0.9676829297,0.1558179194,8,0
26,89,001011001,4,0.958079258,0.2149465061,31,0
26,187,010111011,6,0.9594512116,0.279120577,113,0
26,251,011111011,7,0.9612804838,0.3173386743,148,0
26,189,010111101,6,0.9599085283,0.3050948284,112,0
26,18,000010010,2,0.9048780557,0.1242320742,149,0
26,408,110011000,4,0.958231695,0.2197342259,29,0
26,137,010001001,3,0.9589938968,0.1376599907,5,0
26,98,001100010,3,0.9480182808,0.1166399249,25,0
26,154,010011010,4,0.9570121877,0.2396545438,36,0
26,264,100001000,2,0.9495426789,0.1157485445,1,0
26,209,011010001,4,0.9481707271,0.2154377233,74,0
26,428,110101100,5,0.9626524337,0.1925693848,66,0
26,249,011111001,6,0.958993895,0.3032088177,116,0
26,249,011111001,6,0.958993895,0.3032088177,115,0
26,182,010110110,5,0.9414634127,0.2396552637,137,0
26,308,100110100,4,0.957926821,0.1752202315,32,0
26,104,001101000,3,0.9568597451,0.1185564424,7,0
26,351,101011111,7,0.9638719484,0.2198956287,135,0
26,253,011111101,7,0.9640243892,0.2906484376,133,0
26,268,100001100,3,0.9647865798,0.1379161642,0,0
26,209,011010001,4,0.9481707271,0.2154377233,73,0
26,380,101111100,6,0.9635670688,0.2217264464,97,0
26,262,100000110,3,0.9503048733,0.1506545902,23,0
26,65,001000001,2,0.9350609761,0.1252497334,35,0
26,417,110100001,4,0.9451219458,0.1674812513,85,0
26,475,111011011,7,0.964176828,0.2418077742,132,0
26,108,001101100,4,0.9585365746,0.1886128322,27,0
26,471,111010111,7,0.9618902374,0.2460674956,146,0
26,4,000000100,1,0.9094512276,0.06868225115,92,0
26,255,011111111,8,0.9632621948,0.4130405989,156,0
26,317,100111101,6,0.9661585316,0.1998526342,91,0
26,95,001011111,6,0.9603658505,0.4629407227,106,0
26,272,100010000,2,0.9314024411,0.09646097757,51,0
26,416,110100000,3,0.9510670714,0.1087195657,20,0
26,110,001101110,5,0.9606707301,0.2040525535,70,0
26,409,110011001,5,0.9621951114,0.2163874777,68,0
26,487,111100111,7,0.9623475522,0.2054754389,140,0
26,210,011010010,4,0.9449695069,0.2644167612,86,0
26,132,010000100,2,0.9396341462,0.1636577162,22,0
26,32,000100000,1,0.8641768359,0.1044695501,161,0
26,146,010010010,3,0.9370426815,0.1859965373,76,0
26,12,000001100,2,0.9342987817,0.1145905149,40,0
26,177,010110001,4,0.9394817054,0.2004012102,100,0
26,134,010000110,3,0.9411585312,0.1737534327,61,0
26,78,001001110,4,0.9573170636,0.2032758179,34,0
26,510,111111110,8,0.9663109742,0.2578454181,151,0
26,381,101111101,7,0.9650914595,0.2315300149,128,0
26,239,011101111,7,0.9621951133,0.2638499523,143,0
26,181,010110101,5,0.9463414587,0.2437225715,121,0
26,142,010001110,4,0.9562499933,0.2010135157,41,0
26,194,011000010,3,0.9448170681,0.1295389787,43,0
26,400,110010000,3,0.9547256026,0.1810064591,12,0
26,296,100101000,3,0.9603658449,0.1424966599,4,0
26,103,001100111,5,0.9515243843,0.1856543748,99,0
26,491,111101011,7,0.9621951226,0.1842359612,142,0
26,166,010100110,4,0.9381097537,0.1851869859,109,0
26,309,100110101,5,0.9530487731,0.1871497701,93,0
26,46,000101110,4,0.9539634064,0.1775657085,50,0
26,155,010011011,5,0.9644817039,0.2534072064,56,0
26,221,011011101,6,0.9602134116,0.300388671,110,0
26,345,101011001,5,0.9628048781,0.1997483987,64,0
26,26,000011010,3,0.9474085309,0.166096261,28,0
26,147,010010011,4,0.9367378037,0.1958240762,117,0
26,295,100100111,5,0.9528963305,0.1877222597,94,0
26,56,000111000,3,0.9454268273,0.1453281161,39,0
26,415,110011111,7,0.9681402519,0.2540232334,122,0
26,400,110010000,3,0.9547256026,0.1810064591,13,0
26,404,110010100,4,0.9553353563,0.1947822548,44,0
26,381,101111101,7,0.9650914595,0.2315300149,129,0
26,206,011001110,5,0.9589938931,0.2441969891,79,0
26,144,010010000,2,0.9355182927,0.1628878268,33,0
26,360,101101000,4,0.9634146318,0.168340771,16,0
26,409,110011001,5,0.9621951114,0.2163874777,69,0
26,385,110000001,3,0.9457317069,0.1523044817,37,0
26,77,001001101,4,0.9611280505,0.2220115,24,0
26,481,111100001,5,0.9490853604,0.1667485817,111,0
26,54,000110110,4,0.9384146333,0.1622000067,104,0
26,10,000001010,2,0.9445121922,0.1083079919,11,0
26,155,010011011,5,0.9644817039,0.2534072064,57,0
26,492,111101100,6,0.9681402501,0.1861764477,81,0
26,311,100110111,6,0.9535060879,0.1921334574,131,0
26,30,000011110,4,0.9535060879,0.1916021421,54,0
26,362,101101010,5,0.9624999966,0.1689127102,67,0
26,57,000111001,4,0.9443597514,0.1744129988,89,0
26,465,111010001,5,0.9565548692,0.3861234859,84,0
26,479,111011111,8,0.9653963409,0.297615774,154,0
26,79,001001111,5,0.962957317,0.2229459747,63,0
26,395,110001011,5,0.9670731667,0.1769618806,42,0
26,428,110101100,5,0.9626524337,0.1925693848,65,0
26,10,000001010,2,0.9445121922,0.1083079919,10,0
26,272,100010000,2,0.9314024411,0.09646097757,52,0
26,210,011010010,4,0.9449695069,0.2644167612,87,0
26,174,010101110,5,0.9596036505,0.2229905166,72,0
26,84,001010100,3,0.9432926793,0.1912370785,48,0
26,72,001001000,2,0.9495426752,0.1139507112,3,0
26,7,000000111,3,0.9213414732,0.1769612008,126,0
26,388,110000100,3,0.9559451118,0.1492509923,9,0
26,487,111100111,7,0.9623475522,0.2054754389,141,0
26,173,010101101,5,0.9568597469,0.2084413404,82,0
26,178,010110010,4,0.9370426852,0.3352389857,114,0
27,187,010111011,6,0.9594512116,0.279120577,117,0
27,428,110101100,5,0.9626524337,0.1925693848,67,0
27,291,100100011,4,0.9493902382,0.206504555,76,0
27,291,100100011,4,0.9493902382,0.206504555,77,0
27,200,011001000,3,0.955487797,0.1316828153,9,0
27,222,011011110,6,0.9573170654,0.3343018061,132,0
27,213,011010101,5,0.954268286,0.2557268739,98,0
27,248,011111000,5,0.9550304767,0.2725362466,96,0
27,467,111010011,6,0.9539634027,0.2327699261,143,0
27,174,010101110,5,0.9596036505,0.2229905166,81,0
27,273,100010001,3,0.936280489,0.1366260718,85,0
27,129,010000001,2,0.9335365873,0.1010586498,55,0
27,222,011011110,6,0.9573170654,0.3343018061,130,0
27,14,000001110,3,0.9452743828,0.2012516796,49,0
27,311,100110111,6,0.9535060879,0.1921334574,146,0
27,75,001001011,4,0.9623475578,0.1703412908,21,0
27,330,101001010,4,0.9649390206,0.1500430945,13,0
27,346,101011010,5,0.9643292632,0.210029603,61,0
27,412,110011100,5,0.9612804819,0.2286357516,70,0
27,508,111111100,7,0.9685975611,0.267471821,128,0
27,130,010000010,2,0.9394817092,0.1096591135,26,0
27,390,110000110,4,0.9560975488,0.160214691,51,0
27,201,011001001,4,0.9567073155,0.1810487332,45,0
27,258,100000010,2,0.9272865914,0.1128509992,75,0
27,301,100101101,5,0.9657012131,0.1904032845,58,0
27,194,011000010,3,0.9448170681,0.1295389787,53,0
27,261,100000101,3,0.9481707271,0.1661854191,32,0
27,235,011101011,6,0.9592987709,0.1924978569,119,0
27,394,110001010,4,0.9682926834,0.1485241046,7,0
27,219,011011011,6,0.9600609709,0.3007806377,116,0
27,70,001000110,3,0.9445121922,0.1709114732,56,0
27,221,011011101,6,0.9602134116,0.300388671,114,0
27,375,101110111,7,0.9571646266,0.217339966,153,0
27,366,101101110,6,0.9675304852,0.2001497867,94,0
27,322,101000010,3,0.9539634027,0.1114213858,12,0
27,52,000110100,3,0.9237804934,0.1129184102,133,0
27,53,000110101,4,0.9317073226,0.1503448677,144,0
27,298,100101010,4,0.9635670781,0.1536765499,17,0
27,416,110100000,3,0.9510670714,0.1087195657,23,0
27,408,110011000,4,0.958231695,0.2197342259,38,0
27,340,101010100,4,0.961737806,0.1694561779,24,0
27,473,111011001,6,0.9602134135,0.2257233416,113,0
27,17,000010001,2,0.8894816972,0.1499703776,160,0
27,152,010011000,3,0.9513719399,0.2329935927,20,0
27,170,010101010,4,0.9583841376,0.1237906108,37,0
27,14,000001110,3,0.9452743828,0.2012516796,48,0
27,70,001000110,3,0.9445121922,0.1709114732,57,0
27,328,101001000,3,0.9661585353,0.1314932012,0,0
27,223,011011111,7,0.959298769,0.3238683129,151,0
27,195,011000011,4,0.9493902363,0.1929078563,78,0
27,221,011011101,6,0.9602134116,0.300388671,115,0
27,448,111000000,3,0.9498475511,0.1094583822,31,0
27,112,001110000,3,0.9481707234,0.1940589957,34,0
27,467,111010011,6,0.9539634027,0.2327699261,142,0
27,281,100011001,4,0.9638719484,0.1484918948,16,0
27,396,110001100,4,0.9617377967,0.18006679,25,0
27,222,011011110,6,0.9573170654,0.3343018061,131,0
27,247,011110111,7,0.9538109675,0.2866593562,156,0
27,258,100000010,2,0.9272865914,0.1128509992,73,0
27,401,110010001,4,0.9516768232,0.1931645344,64,0
27,92,001011100,4,0.9571646284,0.2256155275,43,0
27,37,000100101,3,0.9213414732,0.1178390123,139,0
27,270,100001110,4,0.9641768225,0.171474142,15,0
27,324,101000100,3,0.9624999966,0.1362094213,2,0
27,4,000000100,1,0.9094512276,0.06868225115,99,0
27,322,101000010,3,0.9539634027,0.1114213858,11,0
27,232,011101000,4,0.9621951152,0.2219230887,22,0
27,100,001100100,3,0.9481707253,0.1504776806,33,0
27,116,001110100,4,0.9464938957,0.2140967343,88,0
27,397,110001101,5,0.9626524374,0.1984722707,66,0
27,485,111100101,6,0.9573170673,0.1772199203,129,0
27,55,000110111,5,0.9394817054,0.1547308483,148,0
27,292,100100100,3,0.9576219451,0.1772560109,5,0
27,193,011000001,3,0.9471036512,0.1576919009,39,0
27,258,100000010,2,0.9272865914,0.1128509992,74,0
27,263,100000111,4,0.9487804864,0.1450051651,80,0
27,459,111001011,6,0.9693597592,0.1673336257,86,0
27,455,111000111,6,0.9588414561,0.178122621,124,0
27,151,010010111,5,0.9432926774,0.2769849757,141,0
27,8,000001000,1,0.9012195114,0.0953759877,135,0
27,290,100100010,3,0.9499999899,0.1336969913,30,0
27,115,001110011,5,0.9527438954,0.1939238748,103,0
27,298,100101010,4,0.9635670781,0.1536765499,18,0
27,130,010000010,2,0.9394817092,0.1096591135,28,0
27,249,011111001,6,0.958993895,0.3032088177,122,0
27,442,110111010,6,0.9629573133,0.2662793156,105,0
27,53,000110101,4,0.9317073226,0.1503448677,145,0
27,36,000100100,2,0.9050304871,0.1029281626,149,0
27,435,110110011,6,0.9568597432,0.2100424496,134,0
27,104,001101000,3,0.9568597451,0.1185564424,8,0
27,507,111111011,8,0.9617377967,0.2683291459,159,0
27,256,100000000,1,0.8653963432,0.05144251033,161,0
27,326,101000110,4,0.9586890172,0.1529696728,35,0
27,68,001000100,2,0.947560966,0.2287352863,3,0
27,237,011101101,6,0.9591463376,0.2640092028,120,0
27,83,001010011,4,0.9489329197,0.2551624496,79,0
27,131,010000011,3,0.9347560965,0.1501262328,92,0
27,110,001101110,5,0.9606707301,0.2040525535,72,0
27,25,000011001,3,0.9463414568,0.1495797473,41,0
27,289,100100001,3,0.9368902445,0.1236085924,83,0
27,371,101110011,6,0.9557926711,0.1782466671,137,0
27,479,111011111,8,0.9653963409,0.297615774,155,0
27,367,101101111,7,0.9689024445,0.2136532324,125,0
27,369,101110001,5,0.9570121858,0.1660167179,90,0
27,334,101001110,5,0.9672256075,0.1807405879,50,0
27,123,001111011,6,0.9626524355,0.2404932803,107,0
27,501,111110101,7,0.9533536471,0.2283734311,158,0
27,161,010100001,3,0.926981708,0.1333965359,112,0
27,138,010001010,3,0.9580792598,0.1175190397,4,0
27,8,000001000,1,0.9012195114,0.0953759877,136,0
27,328,101001000,3,0.9661585353,0.1314932012,0,0
27,369,101110001,5,0.9570121858,0.1660167179,91,0
27,309,100110101,5,0.9530487731,0.1871497701,101,0
27,110,001101110,5,0.9606707301,0.2040525535,71,0
27,223,011011111,7,0.959298769,0.3238683129,152,0
27,384,110000000,2,0.942378046,0.1023272595,14,0
27,20,000010100,2,0.916006105,0.1150037684,111,0
27,345,101011001,5,0.9628048781,0.1997483987,63,0
27,202,011001010,4,0.9612804782,0.149196442,29,0
27,465,111010001,5,0.9565548692,0.3861234859,93,0
27,357,101100101,5,0.9574694987,0.1785467933,89,0
27,422,110100110,5,0.9547256045,0.1711755372,97,0
27,38,000100110,3,0.9329268336,0.1262098874,95,0
27,373,101110101,6,0.9577743821,0.181031581,126,0
27,332,101001100,4,0.9624999929,0.1707430179,19,0
27,209,011010001,4,0.9481707271,0.2154377233,82,0
27,220,011011100,5,0.9589938931,0.2710625273,84,0
27,364,101101100,5,0.9696646333,0.1734690042,36,0
27,111,001101111,6,0.958993895,0.2237674175,121,0
27,235,011101011,6,0.9592987709,0.1924978569,118,0
27,130,010000010,2,0.9394817092,0.1096591135,27,0
27,180,010110100,4,0.9402438998,0.2270922111,108,0
27,495,111101111,8,0.9658536594,0.22599763,154,0
27,151,010010111,5,0.9432926774,0.2769849757,140,0
27,486,111100110,6,0.9629573114,0.1877477956,106,0
27,46,000101110,4,0.9539634064,0.1775657085,59,0
27,434,110110010,5,0.9512195047,0.2008119989,109,0
27,14,000001110,3,0.9452743828,0.2012516796,47,0
27,401,110010001,4,0.9516768232,0.1931645344,65,0
27,405,110010101,5,0.953201212,0.2160813212,100,0
27,260,100000100,2,0.9440548718,0.2004308952,10,0
27,5,000000101,2,0.9044207372,0.07468588371,150,0
27,204,011001100,4,0.9535060935,0.2112389025,60,0
27,101,001100101,4,0.9471036494,0.1847556052,87,0
27,147,010010011,4,0.9367378037,0.1958240762,123,0
27,390,110000110,4,0.9560975488,0.160214691,52,0
27,14,000001110,3,0.9452743828,0.2012516796,46,0
27,129,010000001,2,0.9335365873,0.1010586498,54,0
27,432,110110000,4,0.9525914509,0.190835604,62,0
27,508,111111100,7,0.9685975611,0.267471821,127,0
27,339,101010011,5,0.9528963324,0.1730788327,102,0
27,501,111110101,7,0.9533536471,0.2283734311,157,0
27,431,110101111,7,0.9658536613,0.2059036302,138,0
27,420,110100100,4,0.9579268228,0.1566663263,40,0
27,115,001110011,5,0.9527438954,0.1939238748,104,0
27,299,100101011,5,0.9684451278,0.1646855306,42,0
27,307,100110011,5,0.9420731664,0.1512810998,147,0
27,280,100011000,3,0.9574695043,0.1384578615,6,0
27,91,001011011,5,0.9626524337,0.2549881525,68,0
27,92,001011100,4,0.9571646284,0.2256155275,44,0
27,468,111010100,5,0.96204268,0.1961445869,69,0
27,207,011001111,6,0.9615853634,0.2859955677,110,0
28,324,101000100,3,0.9624999966,0.1362094213,4,0
28,82,001010010,3,0.9452743866,0.1904831256,34,0
28,508,111111100,7,0.9685975611,0.267471821,126,0
28,460,111001100,5,0.9623475634,0.1988814175,64,0
28,55,000110111,5,0.9394817054,0.1547308483,148,0
28,288,100100000,2,0.9224085417,0.09756062739,91,0
28,234,011101010,5,0.9644817039,0.206266609,55,0
28,325,101000101,4,0.9565548692,0.1581497551,33,0
28,136,010001000,2,0.9556402415,0.08872172865,0,0
28,337,101010001,4,0.9527438916,0.1580627062,58,0
28,236,011101100,5,0.9617378004,0.2343629976,67,0
28,126,001111110,6,0.9554878008,0.2875207094,132,0
28,297,100101001,4,0.9582317006,0.1647070954,26,0
28,97,001100001,3,0.9439024366,0.1496965196,47,0
28,74,001001010,3,0.9570121821,0.1378696063,6,0
28,124,001111100,5,0.9573170636,0.2322485391,85,0
28,183,010110111,6,0.9443597514,0.2673205337,153,0
28,169,010101001,4,0.9554877914,0.1521936124,45,0
28,195,011000011,4,0.9493902363,0.1929078563,72,0
28,10,000001010,2,0.9445121922,0.1083079919,8,0
28,377,101111001,6,0.9640243854,0.320313164,107,0
28,249,011111001,6,0.958993895,0.3032088177,121,0
28,36,000100100,2,0.9050304871,0.1029281626,151,0
28,117,001110101,5,0.9518292584,0.210091874,113,0
28,339,101010011,5,0.9528963324,0.1730788327,109,0
28,301,100101101,5,0.9657012131,0.1904032845,50,0
28,178,010110010,4,0.9370426852,0.3352389857,120,0
28,308,100110100,4,0.957926821,0.1752202315,29,0
28,113,001110001,4,0.9504573084,0.1746187271,68,0
28,293,100100101,4,0.9577743821,0.1677137092,30,0
28,59,000111011,5,0.9528963305,0.1926716072,110,0
28,35,000100011,3,0.9163109809,0.1255413797,150,0
28,392,110001000,3,0.9653963372,0.1357308119,3,0
28,129,010000001,2,0.9335365873,0.1010586498,41,0
28,29,000011101,4,0.951067064,0.1539091161,65,0
28,491,111101011,7,0.9621951226,0.1842359612,146,0
28,462,111001110,6,0.9695121981,0.2274610037,80,0
28,469,111010101,6,0.9583841395,0.2142438563,125,0
28,149,010010101,4,0.9435975533,0.2027544379,96,0
28,171,010101011,5,0.961890243,0.1561283367,66,0
28,169,010101001,4,0.9554877914,0.1521936124,44,0
28,38,000100110,3,0.9329268336,0.1262098874,93,0
28,110,001101110,5,0.9606707301,0.2040525535,70,0
28,295,100100111,5,0.9528963305,0.1877222597,111,0
28,309,100110101,5,0.9530487731,0.1871497701,106,0
28,497,111110001,6,0.9516768176,0.2153714146,144,0
28,441,110111001,6,0.9644817077,0.2243005,101,0
28,177,010110001,4,0.9394817054,0.2004012102,115,0
28,32,000100000,1,0.8641768359,0.1044695501,160,0
28,420,110100100,4,0.9579268228,0.1566663263,28,0
28,38,000100110,3,0.9329268336,0.1262098874,94,0
28,191,010111111,7,0.963719504,0.2866767156,142,0
28,13,000001101,3,0.9356707335,0.3014179626,82,0
28,424,110101000,4,0.9621951189,0.151591171,20,0
28,230,011100110,5,0.9544207174,0.2009842331,99,0
28,243,011110011,6,0.9530487731,0.2716712286,137,0
28,309,100110101,5,0.9530487731,0.1871497701,104,0
28,328,101001000,3,0.9661585353,0.1314932012,1,0
28,253,011111101,7,0.9640243892,0.2906484376,139,0
28,366,101101110,6,0.9675304852,0.2001497867,87,0
28,352,101100000,3,0.9518292565,0.1353251534,16,0
28,456,111001000,4,0.9663109723,0.1493365318,9,0
28,249,011111001,6,0.958993895,0.3032088177,123,0
28,507,111111011,8,0.9617377967,0.2683291459,156,0
28,507,111111011,8,0.9617377967,0.2683291459,157,0
28,441,110111001,6,0.9644817077,0.2243005,102,0
28,410,110011010,5,0.9644817039,0.2193003995,56,0
28,411,110011011,6,0.9638719447,0.23684128,112,0
28,395,110001011,5,0.9670731667,0.1769618806,39,0
28,126,001111110,6,0.9554878008,0.2875207094,131,0
28,415,110011111,7,0.9681402519,0.2540232334,128,0
28,265,100001001,3,0.9512195047,0.1273183418,18,0
28,473,111011001,6,0.9602134135,0.2257233416,118,0
28,46,000101110,4,0.9539634064,0.1775657085,52,0
28,253,011111101,7,0.9640243892,0.2906484376,138,0
28,248,011111000,5,0.9550304767,0.2725362466,95,0
28,188,010111100,5,0.9551829174,0.2635214692,92,0
28,24,000011000,2,0.9400914628,0.1224767463,19,0
28,368,101110000,4,0.9560975526,0.1694042669,38,0
28,351,101011111,7,0.9638719484,0.2198956287,140,0
28,461,111001101,6,0.9624999948,0.2131315088,114,0
28,392,110001000,3,0.9653963372,0.1357308119,2,0
28,503,111110111,8,0.9562499896,0.2269489216,158,0
28,445,110111101,7,0.9670731686,0.2392563811,130,0
28,263,100000111,4,0.9487804864,0.1450051651,75,0
28,69,001000101,3,0.949695114,0.1974406161,24,0
28,488,111101000,5,0.966463415,0.1571392328,46,0
28,474,111011010,6,0.9687500075,0.2528586062,84,0
28,76,001001100,3,0.9522865731,0.1880639463,15,0
28,407,110010111,6,0.9516768251,0.3759041177,143,0
28,261,100000101,3,0.9481707271,0.1661854191,25,0
28,255,011111111,8,0.9632621948,0.4130405989,154,0
28,186,010111010,5,0.9589938968,0.2682068814,78,0
28,283,100011011,5,0.9660060965,0.1543926708,48,0
28,274,100010010,3,0.9408536572,0.1183711295,62,0
28,184,010111000,4,0.9567073099,0.2421766864,32,0
28,60,000111100,4,0.9525914546,0.1621299409,59,0
28,405,110010101,5,0.953201212,0.2160813212,103,0
28,230,011100110,5,0.9544207174,0.2009842331,98,0
28,216,011011000,4,0.9560975544,0.2577285054,37,0
28,428,110101100,5,0.9626524337,0.1925693848,63,0
28,32,000100000,1,0.8641768359,0.1044695501,161,0
28,128,010000000,1,0.9323170781,0.08404751134,11,0
28,140,010001100,3,0.9544207212,0.1939722262,12,0
28,185,010111001,5,0.957012184,0.2482354445,86,0
28,132,010000100,2,0.9396341462,0.1636577162,21,0
28,322,101000010,3,0.9539634027,0.1114213858,13,0
28,398,110001110,5,0.9652439002,0.184927925,51,0
28,377,101111001,6,0.9640243854,0.320313164,108,0
28,127,001111111,7,0.9617378041,0.3252968704,147,0
28,183,010110111,6,0.9443597514,0.2673205337,152,0
28,142,010001110,4,0.9562499933,0.2010135157,35,0
28,456,111001000,4,0.9663109723,0.1493365318,10,0
28,274,100010010,3,0.9408536572,0.1183711295,61,0
28,288,100100000,2,0.9224085417,0.09756062739,90,0
28,111,001101111,6,0.958993895,0.2237674175,122,0
28,505,111111001,7,0.9647865836,0.259944424,134,0
28,166,010100110,4,0.9381097537,0.1851869859,117,0
28,309,100110101,5,0.9530487731,0.1871497701,105,0
28,446,110111110,7,0.9637195077,0.2505255626,141,0
28,155,010011011,5,0.9644817039,0.2534072064,54,0
28,157,010011101,5,0.9608231653,0.2573634591,69,0
28,473,111011001,6,0.9602134135,0.2257233416,119,0
28,138,010001010,3,0.9580792598,0.1175190397,5,0
28,211,011010011,5,0.9449695051,0.2340317885,129,0
28,302,100101110,5,0.9657012187,0.1828945968,49,0
28,143,010001111,5,0.9640243854,0.2269113725,57,0
28,151,010010111,5,0.9432926774,0.2769849757,133,0
28,153,010011001,4,0.955487797,0.2314127795,43,0
28,276,100010100,3,0.9513719417,0.1391151226,17,0
28,121,001111001,5,0.9562499933,0.3466811553,89,0
28,323,101000011,4,0.9560975581,0.1510076611,36,0
28,4,000000100,1,0.9094512276,0.06868225115,100,0
28,376,101111000,5,0.9667682927,0.1849404364,42,0
28,93,001011101,5,0.9603658449,0.2507782625,73,0
28,195,011000011,4,0.9493902363,0.1929078563,71,0
28,13,000001101,3,0.9356707335,0.3014179626,81,0
28,497,111110001,6,0.9516768176,0.2153714146,145,0
28,174,010101110,5,0.9596036505,0.2229905166,76,0
28,490,111101010,6,0.9657012131,0.1730029145,97,0
28,251,011111011,7,0.9612804838,0.3173386743,149,0
28,505,111111001,7,0.9647865836,0.259944424,135,0
28,307,100110011,5,0.9420731664,0.1512810998,136,0
28,154,010011010,4,0.9570121877,0.2396545438,31,0
28,32,000100000,1,0.8641768359,0.1044695501,159,0
28,121,001111001,5,0.9562499933,0.3466811553,88,0
28,193,011000001,3,0.9471036512,0.1576919009,27,0
28,509,111111101,8,0.963262191,0.2523085512,155,0
28,77,001001101,4,0.9611280505,0.2220115,23,0
28,10,000001010,2,0.9445121922,0.1083079919,7,0
28,174,010101110,5,0.9596036505,0.2229905166,77,0
28,202,011001010,4,0.9612804782,0.149196442,22,0
28,273,100010001,3,0.936280489,0.1366260718,79,0
28,93,001011101,5,0.9603658449,0.2507782625,74,0
28,204,011001100,4,0.9535060935,0.2112389025,53,0
28,212,011010100,4,0.952439012,0.2385208402,60,0
28,76,001001100,3,0.9522865731,0.1880639463,14,0
28,164,010100100,3,0.9356707316,0.1803958965,83,0
28,194,011000010,3,0.9448170681,0.1295389787,40,0
28,483,111100011,6,0.9574695099,0.1675422555,127,0
28,429,110101101,6,0.9609756004,0.1956794159,116,0
28,48,000110000,2,0.9140243977,0.09490588191,124,0
29,185,010111001,5,0.957012184,0.2482354445,94,0
29,445,110111101,7,0.9670731686,0.2392563811,133,0
29,9,000001001,2,0.9167682994,0.1331997535,121,0
29,307,100110011,5,0.9420731664,0.1512810998,140,0
29,488,111101000,5,0.966463415,0.1571392328,55,0
29,255,011111111,8,0.9632621948,0.4130405989,157,0
29,469,111010101,6,0.9583841395,0.2142438563,129,0
29,186,010111010,5,0.9589938968,0.2682068814,82,0
29,163,010100011,4,0.9469512142,0.1452375506,91,0
29,430,110101110,6,0.9653963409,0.2012857567,101,0
29,322,101000010,3,0.9539634027,0.1114213858,12,0
29,273,100010001,3,0.936280489,0.1366260718,86,0
29,82,001010010,3,0.9452743866,0.1904831256,48,0
29,462,111001110,6,0.9695121981,0.2274610037,88,0
29,373,101110101,6,0.9577743821,0.181031581,130,0
29,391,110000111,5,0.9551829174,0.1890920834,97,0
29,328,101001000,3,0.9661585353,0.1314932012,2,0
29,342,101010110,5,0.9528963305,0.1802943386,107,0
29,284,100011100,4,0.9644817002,0.1660791668,15,0
29,191,010111111,7,0.963719504,0.2866767156,143,0
29,142,010001110,4,0.9562499933,0.2010135157,50,0
29,386,110000010,3,0.9515243825,0.1274834615,20,0
29,459,111001011,6,0.9693597592,0.1673336257,89,0
29,330,101001010,4,0.9649390206,0.1500430945,13,0
29,172,010101100,4,0.9548780415,0.1772159359,58,0
29,202,011001010,4,0.9612804782,0.149196442,31,0
29,333,101001101,5,0.9678353649,0.1775467619,45,0
29,203,011001011,5,0.959146332,0.1784309237,81,0
29,136,010001000,2,0.9556402415,0.08872172865,0,0
29,250,011111010,6,0.9603658486,0.2909253226,123,0
29,452,111000100,4,0.9608231634,0.1636474896,34,0
29,252,011111100,6,0.964176828,0.316163627,104,0
29,181,010110101,5,0.9463414587,0.2437225715,131,0
29,108,001101100,4,0.9585365746,0.1886128322,39,0
29,482,111100010,5,0.9591463339,0.139335844,79,0
29,132,010000100,2,0.9396341462,0.1636577162,27,0
29,49,000110001,3,0.9184451289,0.1473816759,146,0
29,32,000100000,1,0.8641768359,0.1044695501,161,0
29,362,101101010,5,0.9624999966,0.1689127102,69,0
29,274,100010010,3,0.9408536572,0.1183711295,67,0
29,502,111110110,7,0.9586890154,0.2245801887,155,0
29,409,110011001,5,0.9621951114,0.2163874777,70,0
29,155,010011011,5,0.9644817039,0.2534072064,63,0
29,184,010111000,4,0.9567073099,0.2421766864,46,0
29,202,011001010,4,0.9612804782,0.149196442,30,0
29,14,000001110,3,0.9452743828,0.2012516796,49,0
29,7,000000111,3,0.9213414732,0.1769612008,137,0
29,396,110001100,4,0.9617377967,0.18006679,28,0
29,223,011011111,7,0.959298769,0.3238683129,153,0
29,67,001000011,3,0.9541158434,0.1536063617,11,0
29,477,111011101,7,0.9663109761,0.245831884,134,0
29,456,111001000,4,0.9663109723,0.1493365318,8,0
29,246,011110110,6,0.9506097473,0.2641389403,147,0
29,83,001010011,4,0.9489329197,0.2551624496,77,0
29,265,100001001,3,0.9512195047,0.1273183418,24,0
29,28,000011100,3,0.9434451163,0.1445199884,60,0
29,154,010011010,4,0.9570121877,0.2396545438,44,0
29,439,110110111,7,0.9557926748,0.2348899278,156,0
29,390,110000110,4,0.9560975488,0.160214691,53,0
29,17,000010001,2,0.8894816972,0.1499703776,158,0
29,94,001011110,5,0.9580792617,0.2609661664,90,0
29,37,000100101,3,0.9213414732,0.1178390123,136,0
29,302,100101110,5,0.9657012187,0.1828945968,59,0
29,4,000000100,1,0.9094512276,0.06868225115,103,0
29,260,100000100,2,0.9440548718,0.2004308952,9,0
29,454,111000110,5,0.960975606,0.1631978797,74,0
29,173,010101101,5,0.9568597469,0.2084413404,95,0
29,356,101100100,4,0.9591463339,0.1657813322,36,0
29,372,101110100,5,0.9644817002,0.1726493784,64,0
29,128,010000000,1,0.9323170781,0.08404751134,10,0
29,96,001100000,2,0.9330792725,0.09982250445,56,0
29,182,010110110,5,0.9414634127,0.2396552637,145,0
29,300,100101100,4,0.9623475503,0.1672059349,22,0
29,9,000001001,2,0.9167682994,0.1331997535,122,0
29,258,100000010,2,0.9272865914,0.1128509992,76,0
29,455,111000111,6,0.9588414561,0.178122621,128,0
29,267,100001011,4,0.9620426763,0.1646921253,26,0
29,203,011001011,5,0.959146332,0.1784309237,80,0
29,199,011000111,5,0.9521341417,0.2270386657,111,0
29,224,011100000,3,0.9408536591,0.1201759358,66,0
29,258,100000010,2,0.9272865914,0.1128509992,75,0
29,243,011110011,6,0.9530487731,0.2716712286,141,0
29,264,100001000,2,0.9495426789,0.1157485445,5,0
29,194,011000010,3,0.9448170681,0.1295389787,54,0
29,254,011111110,7,0.9605182894,0.3400172121,151,0
29,434,110110010,5,0.9512195047,0.2008119989,118,0
29,133,010000101,3,0.9432926811,0.1673714092,61,0
29,103,001100111,5,0.9515243843,0.1856543748,114,0
29,354,101100010,4,0.9609756079,0.1522667618,33,0
29,40,000101000,2,0.9376524407,0.09235404083,35,0
29,170,010101010,4,0.9583841376,0.1237906108,40,0
29,256,100000000,1,0.8653963432,0.05144251033,160,0
29,325,101000101,4,0.9565548692,0.1581497551,47,0
29,196,011000100,3,0.9515243825,0.1577226631,19,0
29,237,011101101,6,0.9591463376,0.2640092028,125,0
29,335,101001111,6,0.9673780575,0.2185122878,96,0
29,193,011000001,3,0.9471036512,0.1576919009,41,0
29,202,011001010,4,0.9612804782,0.149196442,29,0
29,285,100011101,5,0.9692073204,0.1706519304,42,0
29,35,000100011,3,0.9163109809,0.1255413797,149,0
29,23,000010111,4,0.9347560983,0.1537364139,132,0
29,511,111111111,9,0.9672256112,0.3458421361,159,0
29,349,101011101,6,0.9696646389,0.3093579304,85,0
29,505,111111001,7,0.9647865836,0.259944424,138,0
29,326,101000110,4,0.9586890172,0.1529696728,37,0
29,115,001110011,5,0.9527438954,0.1939238748,109,0
29,189,010111101,6,0.9599085283,0.3050948284,124,0
29,209,011010001,4,0.9481707271,0.2154377233,78,0
29,199,011000111,5,0.9521341417,0.2270386657,110,0
29,384,110000000,2,0.942378046,0.1023272595,14,0
29,200,011001000,3,0.955487797,0.1316828153,7,0
29,377,101111001,6,0.9640243854,0.320313164,105,0
29,55,000110111,5,0.9394817054,0.1547308483,148,0
29,236,011101100,5,0.9617378004,0.2343629976,72,0
29,223,011011111,7,0.959298769,0.3238683129,154,0
29,192,011000000,2,0.9504573103,0.1211086311,4,0
29,270,100001110,4,0.9641768225,0.171474142,16,0
29,347,101011011,6,0.9690548796,0.1985359336,92,0
29,206,011001110,5,0.9589938931,0.2441969891,83,0
29,117,001110101,5,0.9518292584,0.210091874,113,0
29,300,100101100,4,0.9623475503,0.1672059349,23,0
29,352,101100000,3,0.9518292565,0.1353251534,18,0
29,230,011100110,5,0.9544207174,0.2009842331,100,0
29,357,101100101,5,0.9574694987,0.1785467933,93,0
29,268,100001100,3,0.9647865798,0.1379161642,3,0
29,113,001110001,4,0.9504573084,0.1746187271,73,0
29,368,101110000,4,0.9560975526,0.1694042669,52,0
29,202,011001010,4,0.9612804782,0.149196442,32,0
29,326,101000110,4,0.9586890172,0.1529696728,38,0
29,171,010101011,5,0.961890243,0.1561283367,71,0
29,490,111101010,6,0.9657012131,0.1730029145,99,0
29,61,000111101,5,0.9515243843,0.1722416603,115,0
29,339,101010011,5,0.9528963324,0.1730788327,106,0
29,135,010000111,4,0.9429878015,0.1987346318,102,0
29,160,010100000,2,0.9399390239,0.09322097432,25,0
29,188,010111100,5,0.9551829174,0.2635214692,98,0
29,506,111111010,7,0.9606707208,0.2898382405,150,0
29,266,100001010,3,0.9663109817,0.1359270001,1,0
29,81,001010001,3,0.9440548755,0.1765820705,57,0
29,117,001110101,5,0.9518292584,0.210091874,112,0
29,269,100001101,4,0.963262191,0.1545369336,17,0
29,37,000100101,3,0.9213414732,0.1178390123,135,0
29,204,011001100,4,0.9535060935,0.2112389025,62,0
29,229,011100101,5,0.9513719473,0.2044244306,117,0
29,159,010011111,6,0.9618902393,0.2912165942,119,0
29,134,010000110,3,0.9411585312,0.1737534327,65,0
29,278,100010110,4,0.9477134068,0.1614845553,84,0
29,147,010010011,4,0.9367378037,0.1958240762,127,0
29,446,110111110,7,0.9637195077,0.2505255626,142,0
29,273,100010001,3,0.936280489,0.1366260718,87,0
29,275,100010011,4,0.9417682886,0.1271214618,108,0
29,311,100110111,6,0.9535060879,0.1921334574,139,0
29,42,000101010,3,0.955487797,0.1481546445,6,0
29,359,101100111,6,0.9612804819,0.1891228305,120,0
29,51,000110011,4,0.926524397,0.1556108566,152,0
29,47,000101111,5,0.9513719473,0.1973781134,116,0
29,215,011010111,6,0.9525914565,0.2840391258,144,0
29,345,101011001,5,0.9628048781,0.1997483987,68,0
29,25,000011001,3,0.9463414568,0.1495797473,43,0
29,152,010011000,3,0.9513719399,0.2329935927,21,0
29,216,011011000,4,0.9560975544,0.2577285054,51,0
29,463,111001111,7,0.9701219536,0.2215583678,126,0
30,326,101000110,4,0.9586890172,0.1529696728,37,0
30,67,001000011,3,0.9541158434,0.1536063617,14,0
30,502,111110110,7,0.9586890154,0.2245801887,147,0
30,220,011011100,5,0.9589938931,0.2710625273,84,0
30,261,100000101,3,0.9481707271,0.1661854191,36,0
30,256,100000000,1,0.8653963432,0.05144251033,160,0
30,34,000100010,2,0.9111280553,0.1001502015,126,0
30,320,101000000,2,0.9503048677,0.1123269997,3,0
30,136,010001000,2,0.9556402415,0.08872172865,0,0
30,81,001010001,3,0.9440548755,0.1765820705,62,0
30,189,010111101,6,0.9599085283,0.3050948284,114,0
30,230,011100110,5,0.9544207174,0.2009842331,96,0
30,428,110101100,5,0.9626524337,0.1925693848,73,0
30,433,110110001,5,0.953048775,0.1948711216,102,0
30,74,001001010,3,0.9570121821,0.1378696063,6,0
30,244,011110100,5,0.9503048733,0.2641298291,111,0
30,215,011010111,6,0.9525914565,0.2840391258,137,0
30,169,010101001,4,0.9554877914,0.1521936124,60,0
30,67,001000011,3,0.9541158434,0.1536063617,15,0
30,352,101100000,3,0.9518292565,0.1353251534,21,0
30,501,111110101,7,0.9533536471,0.2283734311,150,0
30,125,001111101,6,0.9565548748,0.2541114357,121,0
30,308,100110100,4,0.957926821,0.1752202315,46,0
30,445,110111101,7,0.9670731686,0.2392563811,123,0
30,263,100000111,4,0.9487804864,0.1450051651,81,0
30,293,100100101,4,0.9577743821,0.1677137092,48,0
30,250,011111010,6,0.9603658486,0.2909253226,113,0
30,308,100110100,4,0.957926821,0.1752202315,45,0
30,371,101110011,6,0.9557926711,0.1782466671,124,0
30,261,100000101,3,0.9481707271,0.1661854191,35,0
30,235,011101011,6,0.9592987709,0.1924978569,115,0
30,3,000000011,2,0.893902434,0.1188580212,156,0
30,270,100001110,4,0.9641768225,0.171474142,16,0
30,403,110010011,5,0.9471036531,0.1901693111,119,0
30,29,000011101,4,0.951067064,0.1539091161,75,0
30,371,101110011,6,0.9557926711,0.1782466671,125,0
30,396,110001100,4,0.9617377967,0.18006679,29,0
30,479,111011111,8,0.9653963409,0.297615774,148,0
30,17,000010001,2,0.8894816972,0.1499703776,158,0
30,33,000100001,2,0.8849085364,0.1405141028,159,0
30,9,000001001,2,0.9167682994,0.1331997535,112,0
30,358,101100110,5,0.9629573151,0.1768365032,71,0
30,76,001001100,3,0.9522865731,0.1880639463,20,0
30,455,111000111,6,0.9588414561,0.178122621,117,0
30,53,000110101,4,0.9317073226,0.1503448677,131,0
30,497,111110001,6,0.9516768176,0.2153714146,140,0
30,506,111111010,7,0.9606707208,0.2898382405,145,0
30,123,001111011,6,0.9626524355,0.2404932803,108,0
30,288,100100000,2,0.9224085417,0.09756062739,94,0
30,37,000100101,3,0.9213414732,0.1178390123,129,0
30,258,100000010,2,0.9272865914,0.1128509992,78,0
30,53,000110101,4,0.9317073226,0.1503448677,132,0
30,265,100001001,3,0.9512195047,0.1273183418,24,0
30,168,010101000,3,0.9556402303,0.1283902619,9,0
30,246,011110110,6,0.9506097473,0.2641389403,143,0
30,355,101100011,5,0.9577743858,0.1480007793,87,0
30,501,111110101,7,0.9533536471,0.2283734311,149,0
30,72,001001000,2,0.9495426752,0.1139507112,4,0
30,507,111111011,8,0.9617377967,0.2683291459,154,0
30,431,110101111,7,0.9658536613,0.2059036302,128,0
30,489,111101001,6,0.9646341447,0.1878299923,100,0
30,216,011011000,4,0.9560975544,0.2577285054,56,0
30,17,000010001,2,0.8894816972,0.1499703776,157,0
30,255,011111111,8,0.9632621948,0.4130405989,152,0
30,507,111111011,8,0.9617377967,0.2683291459,155,0
30,59,000111011,5,0.9528963305,0.1926716072,104,0
30,338,101010010,4,0.9530487694,0.1827030429,67,0
30,153,010011001,4,0.955487797,0.2314127795,59,0
30,11,000001011,3,0.9513719436,0.1420441959,22,0
30,383,101111111,8,0.9637195133,0.2397632855,151,0
30,154,010011010,4,0.9570121877,0.2396545438,52,0
30,393,110001001,4,0.9617377985,0.1536827425,28,0
30,113,001110001,4,0.9504573084,0.1746187271,77,0
30,426,110101010,5,0.965548778,0.1652380908,63,0
30,61,000111101,5,0.9515243843,0.1722416603,109,0
30,184,010111000,4,0.9567073099,0.2421766864,53,0
30,244,011110100,5,0.9503048733,0.2641298291,110,0
30,304,100110000,3,0.9338414669,0.1354449289,92,0
30,432,110110000,4,0.9525914509,0.190835604,69,0
30,285,100011101,5,0.9692073204,0.1706519304,43,0
30,141,010001101,4,0.9608231671,0.193762437,34,0
30,202,011001010,4,0.9612804782,0.149196442,30,0
30,455,111000111,6,0.9588414561,0.178122621,118,0
30,317,100111101,6,0.9661585316,0.1998526342,95,0
30,256,100000000,1,0.8653963432,0.05144251033,161,0
30,77,001001101,4,0.9611280505,0.2220115,32,0
30,506,111111010,7,0.9606707208,0.2898382405,146,0
30,345,101011001,5,0.9628048781,0.1997483987,72,0
30,29,000011101,4,0.951067064,0.1539091161,76,0
30,471,111010111,7,0.9618902374,0.2460674956,142,0
30,340,101010100,4,0.961737806,0.1694561779,27,0
30,252,011111100,6,0.964176828,0.316163627,101,0
30,154,010011010,4,0.9570121877,0.2396545438,51,0
30,475,111011011,7,0.964176828,0.2418077742,134,0
30,306,100110010,4,0.9446646273,0.140418421,93,0
30,416,110100000,3,0.9510670714,0.1087195657,25,0
30,62,000111110,5,0.9538109656,0.2270585177,99,0
30,308,100110100,4,0.957926821,0.1752202315,44,0
30,226,011100010,4,0.9487804808,0.1625480801,82,0
30,474,111011010,6,0.9687500075,0.2528586062,88,0
30,488,111101000,5,0.966463415,0.1571392328,61,0
30,66,001000010,2,0.9518292602,0.09929567995,2,0
30,162,010100010,3,0.9460365772,0.1228090909,50,0
30,132,010000100,2,0.9396341462,0.1636577162,26,0
30,153,010011001,4,0.955487797,0.2314127795,58,0
30,140,010001100,3,0.9544207212,0.1939722262,13,0
30,66,001000010,2,0.9518292602,0.09929567995,1,0
30,398,110001110,5,0.9652439002,0.184927925,64,0
30,312,100111000,4,0.9676829297,0.1558179194,7,0
30,255,011111111,8,0.9632621948,0.4130405989,153,0
30,55,000110111,5,0.9394817054,0.1547308483,144,0
30,134,010000110,3,0.9411585312,0.1737534327,70,0
30,456,111001000,4,0.9663109723,0.1493365318,10,0
30,282,100011010,4,0.9623475503,0.1541509838,23,0
30,296,100101000,3,0.9603658449,0.1424966599,5,0
30,367,101101111,7,0.9689024445,0.2136532324,120,0
30,241,011110001,5,0.9440548718,0.2607987896,127,0
30,4,000000100,1,0.9094512276,0.06868225115,98,0
30,445,110111101,7,0.9670731686,0.2392563811,122,0
30,170,010101010,4,0.9583841376,0.1237906108,41,0
30,146,010010010,3,0.9370426815,0.1859965373,83,0
30,351,101011111,7,0.9638719484,0.2198956287,135,0
30,281,100011001,4,0.9638719484,0.1484918948,18,0
30,184,010111000,4,0.9567073099,0.2421766864,54,0
30,83,001010011,4,0.9489329197,0.2551624496,80,0
30,398,110001110,5,0.9652439002,0.184927925,65,0
30,275,100010011,4,0.9417682886,0.1271214618,105,0
30,437,110110101,6,0.9524390157,0.2554515093,138,0
30,25,000011001,3,0.9463414568,0.1495797473,49,0
30,374,101110110,6,0.9637195077,0.1878173118,106,0
30,93,001011101,5,0.9603658449,0.2507782625,79,0
30,139,010001011,4,0.9586890135,0.1512846262,39,0
30,164,010100100,3,0.9356707316,0.1803958965,85,0
30,376,101111000,5,0.9667682927,0.1849404364,57,0
30,351,101011111,7,0.9638719484,0.2198956287,136,0
30,321,101000001,3,0.953048775,0.1407439543,17,0
30,77,001001101,4,0.9611280505,0.2220115,33,0
30,213,011010101,5,0.954268286,0.2557268739,97,0
30,494,111101110,7,0.963262191,0.2477963772,139,0
30,362,101101010,5,0.9624999966,0.1689127102,74,0
30,178,010110010,4,0.9370426852,0.3352389857,116,0
30,476,111011100,6,0.9672256112,0.2396430206,90,0
30,307,100110011,5,0.9420731664,0.1512810998,133,0
30,139,010001011,4,0.9586890135,0.1512846262,38,0
30,360,101101000,4,0.9634146318,0.168340771,19,0
30,377,101111001,6,0.9640243854,0.320313164,103,0
30,105,001101001,4,0.9583841395,0.1598443775,40,0
30,492,111101100,6,0.9681402501,0.1861764477,89,0
30,193,011000001,3,0.9471036512,0.1576919009,42,0
30,202,011001010,4,0.9612804782,0.149196442,31,0
30,239,011101111,7,0.9621951133,0.2638499523,141,0
30,128,010000000,1,0.9323170781,0.08404751134,12,0
30,277,100010101,4,0.9528963342,0.1554693631,68,0
30,216,011011000,4,0.9560975544,0.2577285054,55,0
30,204,011001100,4,0.9535060935,0.2112389025,66,0
30,400,110010000,3,0.9547256026,0.1810064591,11,0
30,168,010101000,3,0.9556402303,0.1283902619,8,0
30,164,010100100,3,0.9356707316,0.1803958965,86,0
30,467,111010011,6,0.9539634027,0.2327699261,130,0
30,486,111100110,6,0.9629573114,0.1877477956,107,0
30,293,100100101,4,0.9577743821,0.1677137092,47,0
30,304,100110000,3,0.9338414669,0.1354449289,91,0
31,425,110101001,5,0.9621951208,0.1687642131,56,0
31,444,110111100,6,0.964786578,0.2217209716,101,0
31,395,110001011,5,0.9670731667,0.1769618806,35,0
31,243,011110011,6,0.9530487731,0.2716712286,137,0
31,442,110111010,6,0.9629573133,0.2662793156,109,0
31,511,111111111,9,0.9672256112,0.3458421361,157,0
31,473,111011001,6,0.9602134135,0.2257233416,118,0
31,58,000111010,4,0.9541158453,0.1998991431,40,0
31,227,011100011,5,0.9506097492,0.1793539175,115,0
31,428,110101100,5,0.9626524337,0.1925693848,54,0
31,322,101000010,3,0.9539634027,0.1114213858,13,0
31,25,000011001,3,0.9463414568,0.1495797473,32,0
31,18,000010010,2,0.9048780557,0.1242320742,144,0
31,222,011011110,6,0.9573170654,0.3343018061,129,0
31,405,110010101,5,0.953201212,0.2160813212,102,0
31,275,100010011,4,0.9417682886,0.1271214618,107,0
31,264,100001000,2,0.9495426789,0.1157485445,2,0
31,342,101010110,5,0.9528963305,0.1802943386,106,0
31,412,110011100,5,0.9612804819,0.2286357516,62,0
31,31,000011111,5,0.9507621899,0.2732690205,114,0
31,270,100001110,4,0.9641768225,0.171474142,15,0
31,258,100000010,2,0.9272865914,0.1128509992,66,0
31,219,011011011,6,0.9600609709,0.3007806377,120,0
31,70,001000110,3,0.9445121922,0.1709114732,37,0
31,248,011111000,5,0.9550304767,0.2725362466,89,0
31,202,011001010,4,0.9612804782,0.149196442,19,0
31,261,100000101,3,0.9481707271,0.1661854191,25,0
31,203,011001011,5,0.959146332,0.1784309237,71,0
31,204,011001100,4,0.9535060935,0.2112389025,43,0
31,250,011111010,6,0.9603658486,0.2909253226,117,0
31,404,110010100,4,0.9553353563,0.1947822548,39,0
31,252,011111100,6,0.964176828,0.316163627,103,0
31,48,000110000,2,0.9140243977,0.09490588191,126,0
31,492,111101100,6,0.9681402501,0.1861764477,80,0
31,226,011100010,4,0.9487804808,0.1625480801,67,0
31,188,010111100,5,0.9551829174,0.2635214692,87,0
31,115,001110011,5,0.9527438954,0.1939238748,108,0
31,32,000100000,1,0.8641768359,0.1044695501,160,0
31,494,111101110,7,0.963262191,0.2477963772,140,0
31,346,101011010,5,0.9643292632,0.210029603,46,0
31,502,111110110,7,0.9586890154,0.2245801887,150,0
31,409,110011001,5,0.9621951114,0.2163874777,57,0
31,435,110110011,6,0.9568597432,0.2100424496,131,0
31,248,011111000,5,0.9550304767,0.2725362466,90,0
31,330,101001010,4,0.9649390206,0.1500430945,14,0
31,78,001001110,4,0.9573170636,0.2032758179,33,0
31,5,000000101,2,0.9044207372,0.07468588371,145,0
31,4,000000100,1,0.9094512276,0.06868225115,99,0
31,477,111011101,7,0.9663109761,0.245831884,134,0
31,2,000000010,1,0.8757621963,0.0863469597,158,0
31,377,101111001,6,0.9640243854,0.320313164,105,0
31,458,111001010,5,0.9644817039,0.1614640043,44,0
31,502,111110110,7,0.9586890154,0.2245801887,149,0
31,337,101010001,4,0.9527438916,0.1580627062,49,0
31,297,100101001,4,0.9582317006,0.1647070954,28,0
31,412,110011100,5,0.9612804819,0.2286357516,61,0
31,10,000001010,2,0.9445121922,0.1083079919,7,0
31,55,000110111,5,0.9394817054,0.1547308483,143,0
31,4,000000100,1,0.9094512276,0.06868225115,100,0
31,336,101010000,3,0.9498475567,0.1365595176,21,0
31,23,000010111,4,0.9347560983,0.1537364139,130,0
31,261,100000101,3,0.9481707271,0.1661854191,24,0
31,7,000000111,3,0.9213414732,0.1769612008,136,0
31,128,010000000,1,0.9323170781,0.08404751134,10,0
31,260,100000100,2,0.9440548718,0.2004308952,9,0
31,452,111000100,4,0.9608231634,0.1636474896,23,0
31,421,110100101,5,0.9567073006,0.1923621674,81,0
31,230,011100110,5,0.9544207174,0.2009842331,94,0
31,116,001110100,4,0.9464938957,0.2140967343,78,0
31,128,010000000,1,0.9323170781,0.08404751134,12,0
31,353,101100001,4,0.9532012139,0.1389175798,47,0
31,406,110010110,5,0.9480182827,0.218691871,123,0
31,388,110000100,3,0.9559451118,0.1492509923,6,0
31,193,011000001,3,0.9471036512,0.1576919009,29,0
31,318,100111110,6,0.9657012206,0.1994900974,93,0
31,327,101000111,5,0.9611280449,0.1737721614,63,0
31,459,111001011,6,0.9693597592,0.1673336257,75,0
31,463,111001111,7,0.9701219536,0.2215583678,124,0
31,335,101001111,6,0.9673780575,0.2185122878,83,0
31,226,011100010,4,0.9487804808,0.1625480801,68,0
31,451,111000011,5,0.9550304729,0.1685197698,91,0
31,33,000100001,2,0.8849085364,0.1405141028,159,0
31,312,100111000,4,0.9676829297,0.1558179194,5,0
31,194,011000010,3,0.9448170681,0.1295389787,36,0
31,255,011111111,8,0.9632621948,0.4130405989,154,0
31,434,110110010,5,0.9512195047,0.2008119989,111,0
31,135,010000111,4,0.9429878015,0.1987346318,97,0
31,164,010100100,3,0.9356707316,0.1803958965,77,0
31,418,110100010,4,0.9541158434,0.1336211525,41,0
31,72,001001000,2,0.9495426752,0.1139507112,3,0
31,170,010101010,4,0.9583841376,0.1237906108,27,0
31,391,110000111,5,0.9551829174,0.1890920834,88,0
31,101,001100101,4,0.9471036494,0.1847556052,76,0
31,196,011000100,3,0.9515243825,0.1577226631,17,0
31,141,010001101,4,0.9608231671,0.193762437,22,0
31,219,011011011,6,0.9600609709,0.3007806377,119,0
31,193,011000001,3,0.9471036512,0.1576919009,30,0
31,3,000000011,2,0.893902434,0.1188580212,155,0
31,285,100011101,5,0.9692073204,0.1706519304,31,0
31,99,001100011,4,0.9495426733,0.1583316922,65,0
31,198,011000110,4,0.9498475567,0.191795771,64,0
31,445,110111101,7,0.9670731686,0.2392563811,133,0
31,383,101111111,8,0.9637195133,0.2397632855,153,0
31,121,001111001,5,0.9562499933,0.3466811553,84,0
31,354,101100010,4,0.9609756079,0.1522667618,20,0
31,119,001110111,6,0.9516768157,0.2266518502,142,0
31,421,110100101,5,0.9567073006,0.1923621674,82,0
31,209,011010001,4,0.9481707271,0.2154377233,70,0
31,135,010000111,4,0.9429878015,0.1987346318,98,0
31,289,100100001,3,0.9368902445,0.1236085924,72,0
31,456,111001000,4,0.9663109723,0.1493365318,8,0
31,345,101011001,5,0.9628048781,0.1997483987,51,0
31,119,001110111,6,0.9516768157,0.2266518502,141,0
31,228,011100100,4,0.9510670714,0.1718315468,58,0
31,215,011010111,6,0.9525914565,0.2840391258,138,0
31,128,010000000,1,0.9323170781,0.08404751134,11,0
31,6,000000110,2,0.9178353697,0.1008892676,113,0
31,345,101011001,5,0.9628048781,0.1997483987,52,0
31,66,001000010,2,0.9518292602,0.09929567995,1,0
31,245,011110101,6,0.9474085309,0.2499909932,151,0
31,492,111101100,6,0.9681402501,0.1861764477,79,0
31,160,010100000,2,0.9399390239,0.09322097432,18,0
31,228,011100100,4,0.9510670714,0.1718315468,59,0
31,7,000000111,3,0.9213414732,0.1769612008,135,0
31,328,101001000,3,0.9661585353,0.1314932012,0,0
31,113,001110001,4,0.9504573084,0.1746187271,60,0
31,104,001101000,3,0.9568597451,0.1185564424,4,0
31,362,101101010,5,0.9624999966,0.1689127102,55,0
31,230,011100110,5,0.9544207174,0.2009842331,95,0
31,153,010011001,4,0.955487797,0.2314127795,38,0
31,434,110110010,5,0.9512195047,0.2008119989,112,0
31,373,101110101,6,0.9577743821,0.181031581,127,0
31,91,001011011,5,0.9626524337,0.2549881525,53,0
31,183,010110111,6,0.9443597514,0.2673205337,152,0
31,288,100100000,2,0.9224085417,0.09756062739,85,0
31,174,010101110,5,0.9596036505,0.2229905166,69,0
31,498,111110010,6,0.956097547,0.2142396532,132,0
31,298,100101010,4,0.9635670781,0.1536765499,16,0
31,273,100010001,3,0.936280489,0.1366260718,74,0
31,149,010010101,4,0.9435975533,0.2027544379,92,0
31,333,101001101,5,0.9678353649,0.1775467619,34,0
31,1,000000001,1,0.7878048848,0.08813527925,161,0
31,220,011011100,5,0.9589938931,0.2710625273,73,0
31,372,101110100,5,0.9644817002,0.1726493784,45,0
31,223,011011111,7,0.959298769,0.3238683129,148,0
31,214,011010110,5,0.9489329215,0.2694390733,121,0
31,22,000010110,3,0.9240853731,0.1162337693,128,0
31,51,000110011,4,0.926524397,0.1556108566,147,0
31,429,110101101,6,0.9609756004,0.1956794159,116,0
31,309,100110101,5,0.9530487731,0.1871497701,104,0
31,16,000010000,1,0.8800304849,0.0962131978,156,0
31,237,011101101,6,0.9591463376,0.2640092028,122,0
31,46,000101110,4,0.9539634064,0.1775657085,42,0
31,182,010110110,5,0.9414634127,0.2396552637,139,0
31,51,000110011,4,0.926524397,0.1556108566,146,0
31,391,110000111,5,0.9551829174,0.1890920834,86,0
31,343,101010111,6,0.9589938968,0.1846750332,125,0
31,331,101001011,5,0.9695122056,0.1774945036,26,0
31,60,000111100,4,0.9525914546,0.1621299409,50,0
31,213,011010101,5,0.954268286,0.2557268739,96,0
31,472,111011000,5,0.9638719503,0.2441837927,48,0
31,47,000101111,5,0.9513719473,0.1973781134,110,0
32,278,100010110,4,0.9477134068,0.1614845553,75,0
32,75,001001011,4,0.9623475578,0.1703412908,26,0
32,246,011110110,6,0.9506097473,0.2641389403,145,0
32,12,000001100,2,0.9342987817,0.1145905149,47,0
32,359,101100111,6,0.9612804819,0.1891228305,117,0
32,144,010010000,2,0.9355182927,0.1628878268,41,0
32,38,000100110,3,0.9329268336,0.1262098874,91,0
32,13,000001101,3,0.9356707335,0.3014179626,79,0
32,424,110101000,4,0.9621951189,0.151591171,28,0
32,82,001010010,3,0.9452743866,0.1904831256,49,0
32,189,010111101,6,0.9599085283,0.3050948284,121,0
32,326,101000110,4,0.9586890172,0.1529696728,35,0
32,493,111101101,7,0.9640243854,0.3398395209,138,0
32,357,101100101,5,0.9574694987,0.1785467933,82,0
32,394,110001010,4,0.9682926834,0.1485241046,11,0
32,45,000101101,4,0.9461890161,0.1590515091,85,0
32,151,010010111,5,0.9432926774,0.2769849757,137,0
32,169,010101001,4,0.9554877914,0.1521936124,51,0
32,75,001001011,4,0.9623475578,0.1703412908,25,0
32,352,101100000,3,0.9518292565,0.1353251534,24,0
32,241,011110001,5,0.9440548718,0.2607987896,134,0
32,509,111111101,8,0.963262191,0.2523085512,156,0
32,36,000100100,2,0.9050304871,0.1029281626,146,0
32,185,010111001,5,0.957012184,0.2482354445,86,0
32,207,011001111,6,0.9615853634,0.2859955677,115,0
32,293,100100101,4,0.9577743821,0.1677137092,40,0
32,240,011110000,4,0.9474085271,0.2333530094,76,0
32,308,100110100,4,0.957926821,0.1752202315,39,0
32,319,100111111,7,0.9637195077,0.3759361217,141,0
32,260,100000100,2,0.9440548718,0.2004308952,17,0
32,33,000100001,2,0.8849085364,0.1405141028,161,0
32,7,000000111,3,0.9213414732,0.1769612008,136,0
32,205,011001101,5,0.9605182856,0.3885932574,70,0
32,179,010110011,5,0.9410060942,0.2424715101,142,0
32,281,100011001,4,0.9638719484,0.1484918948,20,0
32,331,101001011,5,0.9695122056,0.1774945036,37,0
32,428,110101100,5,0.9626524337,0.1925693848,63,0
32,463,111001111,7,0.9701219536,0.2215583678,124,0
32,157,010011101,5,0.9608231653,0.2573634591,66,0
32,49,000110001,3,0.9184451289,0.1473816759,143,0
32,57,000111001,4,0.9443597514,0.1744129988,90,0
32,230,011100110,5,0.9544207174,0.2009842331,96,0
32,68,001000100,2,0.947560966,0.2287352863,8,0
32,3,000000011,2,0.893902434,0.1188580212,160,0
32,21,000010101,3,0.9280487876,0.1438165735,116,0
32,421,110100101,5,0.9567073006,0.1923621674,87,0
32,474,111011010,6,0.9687500075,0.2528586062,81,0
32,379,101111011,7,0.9603658468,0.2280426561,149,0
32,48,000110000,2,0.9140243977,0.09490588191,126,0
32,489,111101001,6,0.9646341447,0.1878299923,100,0
32,18,000010010,2,0.9048780557,0.1242320742,148,0
32,309,100110101,5,0.9530487731,0.1871497701,106,0
32,385,110000001,3,0.9457317069,0.1523044817,45,0
32,298,100101010,4,0.9635670781,0.1536765499,22,0
32,212,011010100,4,0.952439012,0.2385208402,58,0
32,99,001100011,4,0.9495426733,0.1583316922,68,0
32,357,101100101,5,0.9574694987,0.1785467933,83,0
32,456,111001000,4,0.9663109723,0.1493365318,14,0
32,371,101110011,6,0.9557926711,0.1782466671,131,0
32,175,010101111,6,0.9585365672,0.2318464871,125,0
32,424,110101000,4,0.9621951189,0.151591171,29,0
32,216,011011000,4,0.9560975544,0.2577285054,50,0
32,501,111110101,7,0.9533536471,0.2283734311,154,0
32,433,110110001,5,0.953048775,0.1948711216,105,0
32,219,011011011,6,0.9600609709,0.3007806377,120,0
32,59,000111011,5,0.9528963305,0.1926716072,108,0
32,82,001010010,3,0.9452743866,0.1904831256,48,0
32,281,100011001,4,0.9638719484,0.1484918948,19,0
32,399,110001111,6,0.9626524355,0.2035451112,113,0
32,383,101111111,8,0.9637195133,0.2397632855,155,0
32,287,100011111,6,0.9652439002,0.1928226636,97,0
32,168,010101000,3,0.9556402303,0.1283902619,13,0
32,245,011110101,6,0.9474085309,0.2499909932,151,0
32,38,000100110,3,0.9329268336,0.1262098874,92,0
32,457,111001001,5,0.960213406,0.1580275986,71,0
32,57,000111001,4,0.9443597514,0.1744129988,89,0
32,52,000110100,3,0.9237804934,0.1129184102,128,0
32,20,000010100,2,0.916006105,0.1150037684,118,0
32,248,011111000,5,0.9550304767,0.2725362466,95,0
32,189,010111101,6,0.9599085283,0.3050948284,122,0
32,509,111111101,8,0.963262191,0.2523085512,158,0
32,474,111011010,6,0.9687500075,0.2528586062,80,0
32,199,011000111,5,0.9521341417,0.2270386657,111,0
32,317,100111101,6,0.9661585316,0.1998526342,93,0
32,272,100010000,2,0.9314024411,0.09646097757,55,0
32,77,001001101,4,0.9611280505,0.2220115,31,0
32,456,111001000,4,0.9663109723,0.1493365318,15,0
32,281,100011001,4,0.9638719484,0.1484918948,18,0
32,141,010001101,4,0.9608231671,0.193762437,32,0
32,247,011110111,7,0.9538109675,0.2866593562,153,0
32,85,001010101,4,0.949542677,0.1903469744,67,0
32,120,001111000,4,0.9544207193,0.2454422717,53,0
32,442,110111010,6,0.9629573133,0.2662793156,112,0
32,351,101011111,7,0.9638719484,0.2198956287,140,0
32,371,101110011,6,0.9557926711,0.1782466671,132,0
32,44,000101100,3,0.9384146333,0.1604029066,69,0
32,298,100101010,4,0.9635670781,0.1536765499,21,0
32,124,001111100,5,0.9573170636,0.2322485391,84,0
32,226,011100010,4,0.9487804808,0.1625480801,73,0
32,264,100001000,2,0.9495426789,0.1157485445,6,0
32,317,100111101,6,0.9661585316,0.1998526342,94,0
32,66,001000010,2,0.9518292602,0.09929567995,5,0
32,72,001001000,2,0.9495426752,0.1139507112,7,0
32,260,100000100,2,0.9440548718,0.2004308952,16,0
32,189,010111101,6,0.9599085283,0.3050948284,123,0
32,136,010001000,2,0.9556402415,0.08872172865,0,0
32,90,001011010,4,0.9618902393,0.2218290572,30,0
32,252,011111100,6,0.964176828,0.316163627,104,0
32,380,101111100,6,0.9635670688,0.2217264464,110,0
32,94,001011110,5,0.9580792617,0.2609661664,78,0
32,439,110110111,7,0.9557926748,0.2348899278,152,0
32,166,010100110,4,0.9381097537,0.1851869859,119,0
32,392,110001000,3,0.9653963372,0.1357308119,4,0
32,24,000011000,2,0.9400914628,0.1224767463,27,0
32,299,100101011,5,0.9684451278,0.1646855306,42,0
32,79,001001111,5,0.962957317,0.2229459747,59,0
32,507,111111011,8,0.9617377967,0.2683291459,159,0
32,162,010100010,3,0.9460365772,0.1228090909,43,0
32,509,111111101,8,0.963262191,0.2523085512,157,0
32,8,000001000,1,0.9012195114,0.0953759877,130,0
32,83,001010011,4,0.9489329197,0.2551624496,72,0
32,283,100011011,5,0.9660060965,0.1543926708,52,0
32,275,100010011,4,0.9417682886,0.1271214618,109,0
32,504,111111000,6,0.9646341465,0.2548272442,99,0
32,435,110110011,6,0.9568597432,0.2100424496,129,0
32,398,110001110,5,0.9652439002,0.184927925,54,0
32,431,110101111,7,0.9658536613,0.2059036302,135,0
32,401,110010001,4,0.9516768232,0.1931645344,62,0
32,280,100011000,3,0.9574695043,0.1384578615,10,0
32,358,101100110,5,0.9629573151,0.1768365032,61,0
32,69,001000101,3,0.949695114,0.1974406161,33,0
32,266,100001010,3,0.9663109817,0.1359270001,2,0
32,292,100100100,3,0.9576219451,0.1772560109,9,0
32,328,101001000,3,0.9661585353,0.1314932012,3,0
32,351,101011111,7,0.9638719484,0.2198956287,139,0
32,339,101010011,5,0.9528963324,0.1730788327,107,0
32,5,000000101,2,0.9044207372,0.07468588371,150,0
32,405,110010101,5,0.953201212,0.2160813212,103,0
32,62,000111110,5,0.9538109656,0.2270585177,98,0
32,234,011101010,5,0.9644817039,0.206266609,57,0
32,186,010111010,5,0.9589938968,0.2682068814,74,0
32,500,111110100,6,0.9571646266,0.210213976,127,0
32,371,101110011,6,0.9557926711,0.1782466671,133,0
32,139,010001011,4,0.9586890135,0.1512846262,36,0
32,360,101101000,4,0.9634146318,0.168340771,23,0
32,297,100101001,4,0.9582317006,0.1647070954,38,0
32,361,101101001,5,0.9644817058,0.176816938,56,0
32,365,101101101,6,0.9644817039,0.2133307862,102,0
32,18,000010010,2,0.9048780557,0.1242320742,147,0
32,198,011000110,4,0.9498475567,0.191795771,65,0
32,239,011101111,7,0.9621951133,0.2638499523,144,0
32,88,001011000,3,0.9570121896,0.1966020344,12,0
32,385,110000001,3,0.9457317069,0.1523044817,44,0
32,489,111101001,6,0.9646341447,0.1878299923,101,0
32,136,010001000,2,0.9556402415,0.08872172865,0,0
32,56,000111000,3,0.9454268273,0.1453281161,46,0
32,366,101101110,6,0.9675304852,0.2001497867,88,0
32,180,010110100,4,0.9402438998,0.2270922111,114,0
32,454,111000110,5,0.960975606,0.1631978797,64,0
32,358,101100110,5,0.9629573151,0.1768365032,60,0
32,101,001100101,4,0.9471036494,0.1847556052,77,0
32,208,011010000,3,0.9487804789,0.2195109283,34,0
33,73,001001001,3,0.953048775,0.1462754204,16,0
33,437,110110101,6,0.9524390157,0.2554515093,142,0
33,393,110001001,4,0.9617377985,0.1536827425,27,0
33,483,111100011,6,0.9574695099,0.1675422555,130,0
33,24,000011000,2,0.9400914628,0.1224767463,24,0
33,495,111101111,8,0.9658536594,0.22599763,156,0
33,473,111011001,6,0.9602134135,0.2257233416,123,0
33,370,101110010,5,0.9585365802,0.1784977219,89,0
33,203,011001011,5,0.959146332,0.1784309237,83,0
33,173,010101101,5,0.9568597469,0.2084413404,95,0
33,322,101000010,3,0.9539634027,0.1114213858,13,0
33,25,000011001,3,0.9463414568,0.1495797473,41,0
33,18,000010010,2,0.9048780557,0.1242320742,153,0
33,10,000001010,2,0.9445121922,0.1083079919,6,0
33,311,100110111,6,0.9535060879,0.1921334574,139,0
33,478,111011110,7,0.9678353649,0.271671345,133,0
33,264,100001000,2,0.9495426789,0.1157485445,2,0
33,278,100010110,4,0.9477134068,0.1614845553,87,0
33,148,010010100,3,0.9419207256,0.2030755011,61,0
33,157,010011101,5,0.9608231653,0.2573634591,77,0
33,266,100001010,3,0.9663109817,0.1359270001,0,0
33,130,010000010,2,0.9394817092,0.1096591135,29,0
33,267,100001011,4,0.9620426763,0.1646921253,26,0
33,452,111000100,4,0.9608231634,0.1636474896,34,0
33,306,100110010,4,0.9446646273,0.140418421,101,0
33,202,011001010,4,0.9612804782,0.149196442,31,0
33,271,100001111,5,0.9682926834,0.1738470579,42,0
33,207,011001111,6,0.9615853634,0.2859955677,119,0
33,68,001000100,2,0.947560966,0.2287352863,3,0
33,250,011111010,6,0.9603658486,0.2909253226,122,0
33,28,000011100,3,0.9434451163,0.1445199884,53,0
33,120,001111000,4,0.9544207193,0.2454422717,55,0
33,314,100111010,5,0.9621951208,0.1824102593,71,0
33,76,001001100,3,0.9522865731,0.1880639463,20,0
33,352,101100000,3,0.9518292565,0.1353251534,21,0
33,188,010111100,5,0.9551829174,0.2635214692,102,0
33,83,001010011,4,0.9489329197,0.2551624496,80,0
33,38,000100110,3,0.9329268336,0.1262098874,103,0
33,506,111111010,7,0.9606707208,0.2898382405,152,0
33,474,111011010,6,0.9687500075,0.2528586062,91,0
33,454,111000110,5,0.960975606,0.1631978797,74,0
33,281,100011001,4,0.9638719484,0.1484918948,18,0
33,311,100110111,6,0.9535060879,0.1921334574,138,0
33,444,110111100,6,0.964786578,0.2217209716,108,0
33,206,011001110,5,0.9589938931,0.2441969891,85,0
33,91,001011011,5,0.9626524337,0.2549881525,68,0
33,237,011101101,6,0.9591463376,0.2640092028,125,0
33,140,010001100,3,0.9544207212,0.1939722262,11,0
33,207,011001111,6,0.9615853634,0.2859955677,120,0
33,458,111001010,5,0.9644817039,0.1614640043,59,0
33,237,011101101,6,0.9591463376,0.2640092028,126,0
33,74,001001010,3,0.9570121821,0.1378696063,4,0
33,126,001111110,6,0.9554878008,0.2875207094,135,0
33,337,101010001,4,0.9527438916,0.1580627062,63,0
33,360,101101000,4,0.9634146318,0.168340771,19,0
33,284,100011100,4,0.9644817002,0.1660791668,14,0
33,202,011001010,4,0.9612804782,0.149196442,32,0
33,295,100100111,5,0.9528963305,0.1877222597,111,0
33,12,000001100,2,0.9342987817,0.1145905149,46,0
33,402,110010010,4,0.9487804808,0.1966901873,81,0
33,84,001010100,3,0.9432926793,0.1912370785,57,0
33,165,010100101,4,0.9425304867,0.182659965,109,0
33,270,100001110,4,0.9641768225,0.171474142,15,0
33,392,110001000,3,0.9653963372,0.1357308119,1,0
33,12,000001100,2,0.9342987817,0.1145905149,47,0
33,84,001010100,3,0.9432926793,0.1912370785,56,0
33,109,001101101,5,0.9626524318,0.2083265451,69,0
33,486,111100110,6,0.9629573114,0.1877477956,115,0
33,112,001110000,3,0.9481707234,0.1940589957,36,0
33,129,010000001,2,0.9335365873,0.1010586498,50,0
33,480,111100000,4,0.9522865769,0.1520633074,65,0
33,23,000010111,4,0.9347560983,0.1537364139,131,0
33,16,000010000,1,0.8800304849,0.0962131978,158,0
33,329,101001001,4,0.9663109742,0.1626024148,8,0
33,16,000010000,1,0.8800304849,0.0962131978,159,0
33,454,111000110,5,0.960975606,0.1631978797,75,0
33,265,100001001,3,0.9512195047,0.1273183418,23,0
33,459,111001011,6,0.9693597592,0.1673336257,90,0
33,71,001000111,4,0.9454268254,0.1695544343,96,0
33,290,100100010,3,0.9499999899,0.1336969913,33,0
33,32,000100000,1,0.8641768359,0.1044695501,160,0
33,321,101000001,3,0.953048775,0.1407439543,17,0
33,56,000111000,3,0.9454268273,0.1453281161,45,0
33,210,011010010,4,0.9449695069,0.2644167612,100,0
33,251,011111011,7,0.9612804838,0.3173386743,151,0
33,438,110110110,6,0.9568597469,0.2188521465,132,0
33,55,000110111,5,0.9394817054,0.1547308483,149,0
33,231,011100111,6,0.9519817065,0.2285920731,147,0
33,370,101110010,5,0.9585365802,0.1784977219,88,0
33,396,110001100,4,0.9617377967,0.18006679,28,0
33,427,110101011,6,0.9629573077,0.1781795989,116,0
33,399,110001111,6,0.9626524355,0.2035451112,117,0
33,468,111010100,5,0.96204268,0.1961445869,72,0
33,64,001000000,1,0.9262195174,0.09079117677,35,0
33,460,111001100,5,0.9623475634,0.1988814175,70,0
33,475,111011011,7,0.964176828,0.2418077742,140,0
33,245,011110101,6,0.9474085309,0.2499909932,154,0
33,139,010001011,4,0.9586890135,0.1512846262,37,0
33,272,100010000,2,0.9314024411,0.09646097757,58,0
33,242,011110010,5,0.9455792625,0.2814117442,134,0
33,74,001001010,3,0.9570121821,0.1378696063,5,0
33,157,010011101,5,0.9608231653,0.2573634591,76,0
33,501,111110101,7,0.9533536471,0.2283734311,157,0
33,249,011111001,6,0.958993895,0.3032088177,127,0
33,368,101110000,4,0.9560975526,0.1694042669,48,0
33,375,101110111,7,0.9571646266,0.217339966,155,0
33,437,110110101,6,0.9524390157,0.2554515093,143,0
33,417,110100001,4,0.9451219458,0.1674812513,99,0
33,199,011000111,5,0.9521341417,0.2270386657,114,0
33,419,110100011,5,0.9568597469,0.1682509559,94,0
33,456,111001000,4,0.9663109723,0.1493365318,9,0
33,345,101011001,5,0.9628048781,0.1997483987,66,0
33,119,001110111,6,0.9516768157,0.2266518502,148,0
33,494,111101110,7,0.963262191,0.2477963772,146,0
33,150,010010110,4,0.9428353608,0.4122778447,107,0
33,416,110100000,3,0.9510670714,0.1087195657,25,0
33,332,101001100,4,0.9624999929,0.1707430179,22,0
33,351,101011111,7,0.9638719484,0.2198956287,141,0
33,130,010000010,2,0.9394817092,0.1096591135,30,0
33,342,101010110,5,0.9528963305,0.1802943386,112,0
33,316,100111100,5,0.9669207297,0.1835955237,49,0
33,230,011100110,5,0.9544207174,0.2009842331,104,0
33,238,011101110,6,0.9606707245,0.2395493905,121,0
33,7,000000111,3,0.9213414732,0.1769612008,136,0
33,456,111001000,4,0.9663109723,0.1493365318,10,0
33,369,101110001,5,0.9570121858,0.1660167179,92,0
33,212,011010100,4,0.952439012,0.2385208402,64,0
33,102,001100110,4,0.9516768195,0.1653954163,67,0
33,367,101101111,7,0.9689024445,0.2136532324,129,0
33,177,010110001,4,0.9394817054,0.2004012102,118,0
33,184,010111000,4,0.9567073099,0.2421766864,43,0
33,381,101111101,7,0.9650914595,0.2315300149,137,0
33,339,101010011,5,0.9528963324,0.1730788327,110,0
33,437,110110101,6,0.9524390157,0.2554515093,145,0
33,32,000100000,1,0.8641768359,0.1044695501,161,0
33,236,011101100,5,0.9617378004,0.2343629976,73,0
33,426,110101010,5,0.965548778,0.1652380908,54,0
33,107,001101011,5,0.9643292632,0.1645711297,60,0
33,193,011000001,3,0.9471036512,0.1576919009,39,0
33,277,100010101,4,0.9528963342,0.1554693631,62,0
33,325,101000101,4,0.9565548692,0.1581497551,44,0
33,41,000101001,3,0.9443597533,0.2578364955,52,0
33,140,010001100,3,0.9544207212,0.1939722262,12,0
33,484,111100100,5,0.9605182838,0.1770865889,79,0
33,135,010000111,4,0.9429878015,0.1987346318,106,0
33,214,011010110,5,0.9489329215,0.2694390733,124,0
33,310,100110110,5,0.952591449,0.1832640478,113,0
33,146,010010010,3,0.9370426815,0.1859965373,82,0
33,367,101101111,7,0.9689024445,0.2136532324,128,0
33,157,010011101,5,0.9608231653,0.2573634591,78,0
33,496,111110000,5,0.9541158415,0.2100702799,105,0
33,303,100101111,6,0.9673780538,0.2067371374,98,0
33,186,010111010,5,0.9589938968,0.2682068814,84,0
33,278,100010110,4,0.9477134068,0.1614845553,86,0
33,55,000110111,5,0.9394817054,0.1547308483,150,0
33,131,010000011,3,0.9347560965,0.1501262328,93,0
33,153,010011001,4,0.955487797,0.2314127795,51,0
33,329,101001001,4,0.9663109742,0.1626024148,7,0
33,105,001101001,4,0.9583841395,0.1598443775,38,0
33,285,100011101,5,0.9692073204,0.1706519304,40,0
33,437,110110101,6,0.9524390157,0.2554515093,144,0
33,303,100101111,6,0.9673780538,0.2067371374,97,0
34,246,011110110,6,0.9506097473,0.2641389403,145,0
34,330,101001010,4,0.9649390206,0.1500430945,16,0
34,374,101110110,6,0.9637195077,0.1878173118,105,0
34,268,100001100,3,0.9647865798,0.1379161642,3,0
34,230,011100110,5,0.9544207174,0.2009842331,98,0
34,1,000000001,1,0.7878048848,0.08813527925,161,0
34,426,110101010,5,0.965548778,0.1652380908,56,0
34,455,111000111,6,0.9588414561,0.178122621,127,0
34,432,110110000,4,0.9525914509,0.190835604,62,0
34,322,101000010,3,0.9539634027,0.1114213858,15,0
34,189,010111101,6,0.9599085283,0.3050948284,120,0
34,326,101000110,4,0.9586890172,0.1529696728,31,0
34,501,111110101,7,0.9533536471,0.2283734311,153,0
34,247,011110111,7,0.9538109675,0.2866593562,152,0
34,137,010001001,3,0.9589938968,0.1376599907,7,0
34,104,001101000,3,0.9568597451,0.1185564424,8,0
34,87,001010111,5,0.9501524288,0.2489087577,112,0
34,225,011100001,4,0.9452743847,0.1662776889,90,0
34,66,001000010,2,0.9518292602,0.09929567995,4,0
34,488,111101000,5,0.966463415,0.1571392328,53,0
34,241,011110001,5,0.9440548718,0.2607987896,134,0
34,237,011101101,6,0.9591463376,0.2640092028,123,0
34,116,001110100,4,0.9464938957,0.2140967343,84,0
34,315,100111011,6,0.9631097522,0.1866992847,107,0
34,204,011001100,4,0.9535060935,0.2112389025,59,0
34,293,100100101,4,0.9577743821,0.1677137092,41,0
34,210,011010010,4,0.9449695069,0.2644167612,93,0
34,304,100110000,3,0.9338414669,0.1354449289,94,0
34,443,110111011,7,0.9624999985,0.2361019221,142,0
34,261,100000101,3,0.9481707271,0.1661854191,30,0
34,482,111100010,5,0.9591463339,0.139335844,80,0
34,135,010000111,4,0.9429878015,0.1987346318,99,0
34,389,110000101,4,0.9562499914,0.1904697402,48,0
34,259,100000011,3,0.9335365873,0.1357063192,96,0
34,282,100011010,4,0.9623475503,0.1541509838,21,0
34,323,101000011,4,0.9560975581,0.1510076611,49,0
34,428,110101100,5,0.9626524337,0.1925693848,65,0
34,473,111011001,6,0.9602134135,0.2257233416,117,0
34,1,000000001,1,0.7878048848,0.08813527925,160,0
34,33,000100001,2,0.8849085364,0.1405141028,157,0
34,9,000001001,2,0.9167682994,0.1331997535,113,0
34,358,101100110,5,0.9629573151,0.1768365032,63,0
34,194,011000010,3,0.9448170681,0.1295389787,51,0
34,71,001000111,4,0.9454268254,0.1695544343,88,0
34,305,100110001,4,0.9381097574,0.1583164767,115,0
34,420,110100100,4,0.9579268228,0.1566663263,39,0
34,179,010110011,5,0.9410060942,0.2424715101,140,0
34,315,100111011,6,0.9631097522,0.1866992847,108,0
34,304,100110000,3,0.9338414669,0.1354449289,95,0
34,33,000100001,2,0.8849085364,0.1405141028,158,0
34,18,000010010,2,0.9048780557,0.1242320742,147,0
34,511,111111111,9,0.9672256112,0.3458421361,156,0
34,393,110001001,4,0.9617377985,0.1536827425,25,0
34,446,110111110,7,0.9637195077,0.2505255626,136,0
34,150,010010110,4,0.9428353608,0.4122778447,100,0
34,163,010100011,4,0.9469512142,0.1452375506,82,0
34,309,100110101,5,0.9530487731,0.1871497701,103,0
34,24,000011000,2,0.9400914628,0.1224767463,22,0
34,243,011110011,6,0.9530487731,0.2716712286,135,0
34,237,011101101,6,0.9591463376,0.2640092028,122,0
34,491,111101011,7,0.9621951226,0.1842359612,143,0
34,344,101011000,4,0.964634141,0.194875374,17,0
34,481,111100001,5,0.9490853604,0.1667485817,119,0
34,439,110110111,7,0.9557926748,0.2348899278,150,0
34,499,111110011,7,0.9548780415,0.2065643724,151,0
34,427,110101011,6,0.9629573077,0.1781795989,109,0
34,18,000010010,2,0.9048780557,0.1242320742,148,0
34,283,100011011,5,0.9660060965,0.1543926708,54,0
34,207,011001111,6,0.9615853634,0.2859955677,111,0
34,507,111111011,8,0.9617377967,0.2683291459,154,0
34,286,100011110,5,0.9696646333,0.1719646058,34,0
34,232,011101000,4,0.9621951152,0.2219230887,23,0
34,329,101001001,4,0.9663109742,0.1626024148,12,0
34,418,110100010,4,0.9541158434,0.1336211525,57,0
34,491,111101011,7,0.9621951226,0.1842359612,144,0
34,185,010111001,5,0.957012184,0.2482354445,86,0
34,246,011110110,6,0.9506097473,0.2641389403,146,0
34,308,100110100,4,0.957926821,0.1752202315,40,0
34,314,100111010,5,0.9621951208,0.1824102593,67,0
34,217,011011001,5,0.9579268228,0.2819200605,83,0
34,343,101010111,6,0.9589938968,0.1846750332,126,0
34,178,010110010,4,0.9370426852,0.3352389857,121,0
34,463,111001111,7,0.9701219536,0.2215583678,125,0
34,301,100101101,5,0.9657012131,0.1904032845,55,0
34,260,100000100,2,0.9440548718,0.2004308952,14,0
34,73,001001001,3,0.953048775,0.1462754204,18,0
34,456,111001000,4,0.9663109723,0.1493365318,13,0
34,412,110011100,5,0.9612804819,0.2286357516,69,0
34,93,001011101,5,0.9603658449,0.2507782625,75,0
34,179,010110011,5,0.9410060942,0.2424715101,138,0
34,85,001010101,4,0.949542677,0.1903469744,71,0
34,368,101110000,4,0.9560975526,0.1694042669,50,0
34,43,000101011,4,0.9513719436,0.1703410912,66,0
34,408,110011000,4,0.958231695,0.2197342259,37,0
34,179,010110011,5,0.9410060942,0.2424715101,139,0
34,52,000110100,3,0.9237804934,0.1129184102,131,0
34,264,100001000,2,0.9495426789,0.1157485445,5,0
34,500,111110100,6,0.9571646266,0.210213976,130,0
34,238,011101110,6,0.9606707245,0.2395493905,114,0
34,8,000001000,1,0.9012195114,0.0953759877,132,0
34,417,110100001,4,0.9451219458,0.1674812513,92,0
34,354,101100010,4,0.9609756079,0.1522667618,28,0
34,139,010001011,4,0.9586890135,0.1512846262,32,0
34,4,000000100,1,0.9094512276,0.06868225115,101,0
34,143,010001111,5,0.9640243854,0.2269113725,61,0
34,392,110001000,3,0.9653963372,0.1357308119,2,0
34,78,001001110,4,0.9573170636,0.2032758179,44,0
34,118,001110110,5,0.9516768213,0.2225226476,110,0
34,440,110111000,5,0.9647865817,0.2230814546,58,0
34,380,101111100,6,0.9635670688,0.2217264464,106,0
34,181,010110101,5,0.9463414587,0.2437225715,129,0
34,166,010100110,4,0.9381097537,0.1851869859,116,0
34,392,110001000,3,0.9653963372,0.1357308119,1,0
34,408,110011000,4,0.958231695,0.2197342259,36,0
34,353,101100001,4,0.9532012139,0.1389175798,60,0
34,269,100001101,4,0.963262191,0.1545369336,20,0
34,17,000010001,2,0.8894816972,0.1499703776,155,0
34,160,010100000,2,0.9399390239,0.09322097432,24,0
34,173,010101101,5,0.9568597469,0.2084413404,87,0
34,297,100101001,4,0.9582317006,0.1647070954,35,0
34,195,011000011,4,0.9493902363,0.1929078563,74,0
34,473,111011001,6,0.9602134135,0.2257233416,118,0
34,275,100010011,4,0.9417682886,0.1271214618,104,0
34,376,101111000,5,0.9667682927,0.1849404364,52,0
34,179,010110011,5,0.9410060942,0.2424715101,141,0
34,174,010101110,5,0.9596036505,0.2229905166,79,0
34,291,100100011,4,0.9493902382,0.206504555,73,0
34,285,100011101,5,0.9692073204,0.1706519304,38,0
34,176,010110000,3,0.9341463428,0.2078121302,91,0
34,366,101101110,6,0.9675304852,0.2001497867,89,0
34,262,100000110,3,0.9503048733,0.1506545902,26,0
34,139,010001011,4,0.9586890135,0.1512846262,33,0
34,428,110101100,5,0.9626524337,0.1925693848,64,0
34,202,011001010,4,0.9612804782,0.149196442,27,0
34,223,011011111,7,0.959298769,0.3238683129,149,0
34,403,110010011,5,0.9471036531,0.1901693111,128,0
34,93,001011101,5,0.9603658449,0.2507782625,76,0
34,388,110000100,3,0.9559451118,0.1492509923,10,0
34,318,100111110,6,0.9657012206,0.1994900974,97,0
34,226,011100010,4,0.9487804808,0.1625480801,77,0
34,186,010111010,5,0.9589938968,0.2682068814,81,0
34,468,111010100,5,0.96204268,0.1961445869,68,0
34,371,101110011,6,0.9557926711,0.1782466671,133,0
34,27,000011011,4,0.9495426714,0.1951567573,72,0
34,312,100111000,4,0.9676829297,0.1558179194,9,0
34,360,101101000,4,0.9634146318,0.168340771,19,0
34,201,011001001,4,0.9567073155,0.1810487332,46,0
34,365,101101101,6,0.9644817039,0.2133307862,102,0
34,144,010010000,2,0.9355182927,0.1628878268,43,0
34,42,000101010,3,0.955487797,0.1481546445,11,0
34,142,010001110,4,0.9562499933,0.2010135157,47,0
34,144,010010000,2,0.9355182927,0.1628878268,42,0
34,257,100000001,2,0.8830792718,0.09909134312,159,0
34,110,001101110,5,0.9606707301,0.2040525535,70,0
34,136,010001000,2,0.9556402415,0.08872172865,0,0
34,124,001111100,5,0.9573170636,0.2322485391,85,0
34,162,010100010,3,0.9460365772,0.1228090909,45,0
34,182,010110110,5,0.9414634127,0.2396552637,137,0
34,406,110010110,5,0.9480182827,0.218691871,124,0
34,226,011100010,4,0.9487804808,0.1625480801,78,0
34,72,001001000,2,0.9495426752,0.1139507112,6,0
34,336,101010000,3,0.9498475567,0.1365595176,29,0
35,9,000001001,2,0.9167682994,0.1331997535,130,0
35,183,010110111,6,0.9443597514,0.2673205337,159,0
35,203,011001011,5,0.959146332,0.1784309237,81,0
35,369,101110001,5,0.9570121858,0.1660167179,91,0
35,412,110011100,5,0.9612804819,0.2286357516,71,0
35,125,001111101,6,0.9565548748,0.2541114357,140,0
35,16,000010000,1,0.8800304849,0.0962131978,161,0
35,188,010111100,5,0.9551829174,0.2635214692,102,0
35,155,010011011,5,0.9644817039,0.2534072064,53,0
35,185,010111001,5,0.957012184,0.2482354445,92,0
35,70,001000110,3,0.9445121922,0.1709114732,42,0
35,153,010011001,4,0.955487797,0.2314127795,44,0
35,11,000001011,3,0.9513719436,0.1420441959,17,0
35,138,010001010,3,0.9580792598,0.1175190397,4,0
35,502,111110110,7,0.9586890154,0.2245801887,156,0
35,391,110000111,5,0.9551829174,0.1890920834,103,0
35,200,011001000,3,0.955487797,0.1316828153,10,0
35,342,101010110,5,0.9528963305,0.1802943386,112,0
35,445,110111101,7,0.9670731686,0.2392563811,141,0
35,279,100010111,5,0.9499999974,0.1593395183,131,0
35,10,000001010,2,0.9445121922,0.1083079919,8,0
35,274,100010010,3,0.9408536572,0.1183711295,62,0
35,155,010011011,5,0.9644817039,0.2534072064,54,0
35,70,001000110,3,0.9445121922,0.1709114732,40,0
35,176,010110000,3,0.9341463428,0.2078121302,98,0
35,232,011101000,4,0.9621951152,0.2219230887,19,0
35,428,110101100,5,0.9626524337,0.1925693848,67,0
35,207,011001111,6,0.9615853634,0.2859955677,128,0
35,68,001000100,2,0.947560966,0.2287352863,3,0
35,249,011111001,6,0.958993895,0.3032088177,136,0
35,285,100011101,5,0.9692073204,0.1706519304,28,0
35,252,011111100,6,0.964176828,0.316163627,109,0
35,123,001111011,6,0.9626524355,0.2404932803,120,0
35,476,111011100,6,0.9672256112,0.2396430206,100,0
35,237,011101101,6,0.9591463376,0.2640092028,132,0
35,158,010011110,5,0.9586890191,0.2851446816,84,0
35,83,001010011,4,0.9489329197,0.2551624496,78,0
35,38,000100110,3,0.9329268336,0.1262098874,104,0
35,486,111100110,6,0.9629573114,0.1877477956,116,0
35,216,011011000,4,0.9560975544,0.2577285054,37,0
35,502,111110110,7,0.9586890154,0.2245801887,155,0
35,153,010011001,4,0.955487797,0.2314127795,43,0
35,433,110110001,5,0.953048775,0.1948711216,110,0
35,376,101111000,5,0.9667682927,0.1849404364,39,0
35,462,111001110,6,0.9695121981,0.2274610037,87,0
35,91,001011011,5,0.9626524337,0.2549881525,66,0
35,332,101001100,4,0.9624999929,0.1707430179,16,0
35,197,011000101,4,0.9516768213,0.1970114671,65,0
35,461,111001101,6,0.9624999948,0.2131315088,122,0
35,142,010001110,4,0.9562499933,0.2010135157,36,0
35,493,111101101,7,0.9640243854,0.3398395209,150,0
35,64,001000000,1,0.9262195174,0.09079117677,22,0
35,118,001110110,5,0.9516768213,0.2225226476,118,0
35,197,011000101,4,0.9516768213,0.1970114671,64,0
35,361,101101001,5,0.9644817058,0.176816938,52,0
35,84,001010100,3,0.9432926793,0.1912370785,49,0
35,90,001011010,4,0.9618902393,0.2218290572,21,0
35,167,010100111,5,0.9480182845,0.1973982276,133,0
35,12,000001100,2,0.9342987817,0.1145905149,35,0
35,98,001100010,3,0.9480182808,0.1166399249,24,0
35,148,010010100,3,0.9419207256,0.2030755011,56,0
35,183,010110111,6,0.9443597514,0.2673205337,158,0
35,158,010011110,5,0.9586890191,0.2851446816,83,0
35,88,001011000,3,0.9570121896,0.1966020344,5,0
35,268,100001100,3,0.9647865798,0.1379161642,2,0
35,84,001010100,3,0.9432926793,0.1912370785,48,0
35,293,100100101,4,0.9577743821,0.1677137092,29,0
35,228,011100100,4,0.9510670714,0.1718315468,69,0
35,18,000010010,2,0.9048780557,0.1242320742,154,0
35,4,000000100,1,0.9094512276,0.06868225115,106,0
35,225,011100001,4,0.9452743847,0.1662776889,96,0
35,277,100010101,4,0.9528963342,0.1554693631,57,0
35,56,000111000,3,0.9454268273,0.1453281161,34,0
35,385,110000001,3,0.9457317069,0.1523044817,32,0
35,180,010110100,4,0.9402438998,0.2270922111,124,0
35,406,110010110,5,0.9480182827,0.218691871,134,0
35,329,101001001,4,0.9663109742,0.1626024148,11,0
35,205,011001101,5,0.9605182856,0.3885932574,74,0
35,229,011100101,5,0.9513719473,0.2044244306,123,0
35,294,100100110,4,0.9550304823,0.1726385914,46,0
35,8,000001000,1,0.9012195114,0.0953759877,139,0
35,457,111001001,5,0.960213406,0.1580275986,76,0
35,176,010110000,3,0.9341463428,0.2078121302,97,0
35,210,011010010,4,0.9449695069,0.2644167612,101,0
35,251,011111011,7,0.9612804838,0.3173386743,153,0
35,438,110110110,6,0.9568597469,0.2188521465,138,0
35,21,000010101,3,0.9280487876,0.1438165735,129,0
35,227,011100011,5,0.9506097492,0.1793539175,125,0
35,418,110100010,4,0.9541158434,0.1336211525,50,0
35,268,100001100,3,0.9647865798,0.1379161642,1,0
35,168,010101000,3,0.9556402303,0.1283902619,7,0
35,139,010001011,4,0.9586890135,0.1512846262,25,0
35,284,100011100,4,0.9644817002,0.1660791668,14,0
35,67,001000011,3,0.9541158434,0.1536063617,12,0
35,460,111001100,5,0.9623475634,0.1988814175,68,0
35,199,011000111,5,0.9521341417,0.2270386657,115,0
35,245,011110101,6,0.9474085309,0.2499909932,157,0
35,403,110010011,5,0.9471036531,0.1901693111,137,0
35,273,100010001,3,0.936280489,0.1366260718,86,0
35,497,111110001,6,0.9516768176,0.2153714146,151,0
35,94,001011110,5,0.9580792617,0.2609661664,89,0
35,157,010011101,5,0.9608231653,0.2573634591,72,0
35,310,100110110,5,0.952591449,0.1832640478,114,0
35,377,101111001,6,0.9640243854,0.320313164,111,0
35,337,101010001,4,0.9527438916,0.1580627062,59,0
35,343,101010111,6,0.9589938968,0.1846750332,135,0
35,441,110111001,6,0.9644817077,0.2243005,107,0
35,271,100001111,5,0.9682926834,0.1738470579,31,0
35,7,000000111,3,0.9213414732,0.1769612008,146,0
35,131,010000011,3,0.9347560965,0.1501262328,93,0
35,74,001001010,3,0.9570121821,0.1378696063,6,0
35,344,101011000,4,0.964634141,0.194875374,13,0
35,119,001110111,6,0.9516768157,0.2266518502,152,0
35,126,001111110,6,0.9554878008,0.2875207094,144,0
35,158,010011110,5,0.9586890191,0.2851446816,82,0
35,224,011100000,3,0.9408536591,0.1201759358,61,0
35,110,001101110,5,0.9606707301,0.2040525535,73,0
35,477,111011101,7,0.9663109761,0.245831884,145,0
35,472,111011000,5,0.9638719503,0.2441837927,58,0
35,486,111100110,6,0.9629573114,0.1877477956,117,0
35,316,100111100,5,0.9669207297,0.1835955237,38,0
35,100,001100100,3,0.9481707253,0.1504776806,23,0
35,108,001101100,4,0.9585365746,0.1886128322,26,0
35,135,010000111,4,0.9429878015,0.1987346318,105,0
35,200,011001000,3,0.955487797,0.1316828153,9,0
35,337,101010001,4,0.9527438916,0.1580627062,60,0
35,94,001011110,5,0.9580792617,0.2609661664,88,0
35,227,011100011,5,0.9506097492,0.1793539175,126,0
35,335,101001111,6,0.9673780575,0.2185122878,99,0
35,177,010110001,4,0.9394817054,0.2004012102,127,0
35,440,110111000,5,0.9647865817,0.2230814546,51,0
35,510,111111110,8,0.9663109742,0.2578454181,160,0
35,83,001010011,4,0.9489329197,0.2551624496,77,0
35,53,000110101,4,0.9317073226,0.1503448677,149,0
35,416,110100000,3,0.9510670714,0.1087195657,20,0
35,236,011101100,5,0.9617378004,0.2343629976,70,0
35,482,111100010,5,0.9591463339,0.139335844,80,0
35,123,001111011,6,0.9626524355,0.2404932803,121,0
35,65,001000001,2,0.9350609761,0.1252497334,30,0
35,349,101011101,6,0.9696646389,0.3093579304,85,0
35,325,101000101,4,0.9565548692,0.1581497551,33,0
35,41,000101001,3,0.9443597533,0.2578364955,45,0
35,136,010001000,2,0.9556402415,0.08872172865,0,0
35,484,111100100,5,0.9605182838,0.1770865889,75,0
35,70,001000110,3,0.9445121922,0.1709114732,41,0
35,151,010010111,5,0.9432926774,0.2769849757,147,0
35,148,010010100,3,0.9419207256,0.2030755011,55,0
35,146,010010010,3,0.9370426815,0.1859965373,79,0
35,365,101101101,6,0.9644817039,0.2133307862,108,0
35,465,111010001,5,0.9565548692,0.3861234859,94,0
35,371,101110011,6,0.9557926711,0.1782466671,143,0
35,332,101001100,4,0.9624999929,0.1707430179,15,0
35,190,010111110,6,0.9559451174,0.3044974832,142,0
35,145,010010001,3,0.943597557,0.1669537378,47,0
35,118,001110110,5,0.9516768213,0.2225226476,119,0
35,11,000001011,3,0.9513719436,0.1420441959,18,0
35,217,011011001,5,0.9579268228,0.2819200605,90,0
35,331,101001011,5,0.9695122056,0.1774945036,27,0
35,366,101101110,6,0.9675304852,0.2001497867,95,0
35,345,101011001,5,0.9628048781,0.1997483987,63,0
35,381,101111101,7,0.9650914595,0.2315300149,148,0
35,363,101101011,6,0.9637195095,0.1817409033,113,0
36,502,111110110,7,0.9586890154,0.2245801887,151,0
36,360,101101000,4,0.9634146318,0.168340771,14,0
36,436,110110100,5,0.9548780341,0.3190835472,111,0
36,142,010001110,4,0.9562499933,0.2010135157,44,0
36,110,001101110,5,0.9606707301,0.2040525535,76,0
36,386,110000010,3,0.9515243825,0.1274834615,16,0
36,239,011101111,7,0.9621951133,0.2638499523,147,0
36,3,000000011,2,0.893902434,0.1188580212,155,0
36,428,110101100,5,0.9626524337,0.1925693848,69,0
36,355,101100011,5,0.9577743858,0.1480007793,95,0
36,441,110111001,6,0.9644817077,0.2243005,116,0
36,78,001001110,4,0.9573170636,0.2032758179,39,0
36,500,111110100,6,0.9571646266,0.210213976,135,0
36,445,110111101,7,0.9670731686,0.2392563811,137,0
36,65,001000001,2,0.9350609761,0.1252497334,41,0
36,176,010110000,3,0.9341463428,0.2078121302,101,0
36,343,101010111,6,0.9589938968,0.1846750332,130,0
36,225,011100001,4,0.9452743847,0.1662776889,100,0
36,322,101000010,3,0.9539634027,0.1114213858,10,0
36,104,001101000,3,0.9568597451,0.1185564424,5,0
36,227,011100011,5,0.9506097492,0.1793539175,124,0
36,125,001111101,6,0.9565548748,0.2541114357,136,0
36,356,101100100,4,0.9591463339,0.1657813322,30,0
36,249,011111001,6,0.958993895,0.3032088177,131,0
36,15,000001111,4,0.9467987716,0.2596095148,94,0
36,391,110000111,5,0.9551829174,0.1890920834,109,0
36,65,001000001,2,0.9350609761,0.1252497334,40,0
36,304,100110000,3,0.9338414669,0.1354449289,105,0
36,443,110111011,7,0.9624999985,0.2361019221,144,0
36,390,110000110,4,0.9560975488,0.160214691,48,0
36,416,110100000,3,0.9510670714,0.1087195657,20,0
36,2,000000010,1,0.8757621963,0.0863469597,160,0
36,396,110001100,4,0.9617377967,0.18006679,26,0
36,179,010110011,5,0.9410060942,0.2424715101,142,0
36,18,000010010,2,0.9048780557,0.1242320742,150,0
36,353,101100001,4,0.9532012139,0.1389175798,63,0
36,428,110101100,5,0.9626524337,0.1925693848,70,0
36,473,111011001,6,0.9602134135,0.2257233416,125,0
36,93,001011101,5,0.9603658449,0.2507782625,79,0
36,419,110100011,5,0.9568597469,0.1682509559,99,0
36,40,000101000,2,0.9376524407,0.09235404083,29,0
36,102,001100110,4,0.9516768195,0.1653954163,68,0
36,75,001001011,4,0.9623475578,0.1703412908,19,0
36,130,010000010,2,0.9394817092,0.1096591135,27,0
36,49,000110001,3,0.9184451289,0.1473816759,143,0
36,416,110100000,3,0.9510670714,0.1087195657,21,0
36,147,010010011,4,0.9367378037,0.1958240762,132,0
36,113,001110001,4,0.9504573084,0.1746187271,73,0
36,304,100110000,3,0.9338414669,0.1354449289,106,0
36,289,100100001,3,0.9368902445,0.1236085924,85,0
36,146,010010010,3,0.9370426815,0.1859965373,83,0
36,441,110111001,6,0.9644817077,0.2243005,118,0
36,393,110001001,4,0.9617377985,0.1536827425,25,0
36,58,000111010,4,0.9541158453,0.1998991431,58,0
36,198,011000110,4,0.9498475567,0.191795771,74,0
36,299,100101011,5,0.9684451278,0.1646855306,37,0
36,293,100100101,4,0.9577743821,0.1677137092,35,0
36,88,001011000,3,0.9570121896,0.1966020344,4,0
36,441,110111001,6,0.9644817077,0.2243005,115,0
36,85,001010101,4,0.949542677,0.1903469744,77,0
36,290,100100010,3,0.9499999899,0.1336969913,28,0
36,472,111011000,5,0.9638719503,0.2441837927,66,0
36,101,001100101,4,0.9471036494,0.1847556052,89,0
36,163,010100011,4,0.9469512142,0.1452375506,92,0
36,499,111110011,7,0.9548780415,0.2065643724,153,0
36,299,100101011,5,0.9684451278,0.1646855306,36,0
36,506,111111010,7,0.9606707208,0.2898382405,148,0
36,17,000010001,2,0.8894816972,0.1499703776,158,0
36,493,111101101,7,0.9640243854,0.3398395209,141,0
36,507,111111011,8,0.9617377967,0.2683291459,154,0
36,158,010011110,5,0.9586890191,0.2851446816,87,0
36,172,010101100,4,0.9548780415,0.1772159359,55,0
36,461,111001101,6,0.9624999948,0.2131315088,123,0
36,107,001101011,5,0.9643292632,0.1645711297,61,0
36,367,101101111,7,0.9689024445,0.2136532324,133,0
36,105,001101001,4,0.9583841395,0.1598443775,32,0
36,254,011111110,7,0.9605182894,0.3400172121,149,0
36,432,110110000,4,0.9525914509,0.190835604,67,0
36,90,001011010,4,0.9618902393,0.2218290572,22,0
36,217,011011001,5,0.9579268228,0.2819200605,93,0
36,503,111110111,8,0.9562499896,0.2269489216,157,0
36,178,010110010,4,0.9370426852,0.3352389857,127,0
36,335,101001111,6,0.9673780575,0.2185122878,102,0
36,317,100111101,6,0.9661585316,0.1998526342,110,0
36,260,100000100,2,0.9440548718,0.2004308952,7,0
36,73,001001001,3,0.953048775,0.1462754204,13,0
36,492,111101100,6,0.9681402501,0.1861764477,96,0
36,408,110011000,4,0.958231695,0.2197342259,33,0
36,189,010111101,6,0.9599085283,0.3050948284,126,0
36,59,000111011,5,0.9528963305,0.1926716072,121,0
36,86,001010110,4,0.9498475529,0.2009678534,75,0
36,500,111110100,6,0.9571646266,0.210213976,134,0
36,491,111101011,7,0.9621951226,0.1842359612,146,0
36,492,111101100,6,0.9681402501,0.1861764477,97,0
36,163,010100011,4,0.9469512142,0.1452375506,90,0
36,316,100111100,5,0.9669207297,0.1835955237,49,0
36,384,110000000,2,0.942378046,0.1023272595,12,0
36,332,101001100,4,0.9624999929,0.1707430179,17,0
36,174,010101110,5,0.9596036505,0.2229905166,82,0
36,394,110001010,4,0.9682926834,0.1485241046,3,0
36,417,110100001,4,0.9451219458,0.1674812513,103,0
36,418,110100010,4,0.9541158434,0.1336211525,59,0
36,193,011000001,3,0.9471036512,0.1576919009,34,0
36,132,010000100,2,0.9396341462,0.1636577162,24,0
36,132,010000100,2,0.9396341462,0.1636577162,23,0
36,140,010001100,3,0.9544207212,0.1939722262,9,0
36,78,001001110,4,0.9573170636,0.2032758179,38,0
36,240,011110000,4,0.9474085271,0.2333530094,88,0
36,312,100111000,4,0.9676829297,0.1558179194,6,0
36,484,111100100,5,0.9605182838,0.1770865889,78,0
36,311,100110111,6,0.9535060879,0.1921334574,139,0
36,167,010100111,5,0.9480182845,0.1973982276,129,0
36,488,111101000,5,0.966463415,0.1571392328,52,0
36,128,010000000,1,0.9323170781,0.08404751134,8,0
36,353,101100001,4,0.9532012139,0.1389175798,62,0
36,269,100001101,4,0.963262191,0.1545369336,15,0
36,275,100010011,4,0.9417682886,0.1271214618,122,0
36,163,010100011,4,0.9469512142,0.1452375506,91,0
36,167,010100111,5,0.9480182845,0.1973982276,128,0
36,153,010011001,4,0.955487797,0.2314127795,50,0
36,2,000000010,1,0.8757621963,0.0863469597,161,0
36,409,110011001,5,0.9621951114,0.2163874777,72,0
36,433,110110001,5,0.953048775,0.1948711216,120,0
36,504,111111000,6,0.9646341465,0.2548272442,114,0
36,304,100110000,3,0.9338414669,0.1354449289,107,0
36,174,010101110,5,0.9596036505,0.2229905166,81,0
36,169,010101001,4,0.9554877914,0.1521936124,51,0
36,148,010010100,3,0.9419207256,0.2030755011,64,0
36,17,000010001,2,0.8894816972,0.1499703776,159,0
36,334,101001110,5,0.9672256075,0.1807405879,46,0
36,323,101000011,4,0.9560975581,0.1510076611,47,0
36,137,010001001,3,0.9589938968,0.1376599907,1,0
36,428,110101100,5,0.9626524337,0.1925693848,71,0
36,330,101001010,4,0.9649390206,0.1500430945,11,0
36,350,101011110,6,0.9681402408,0.2603807449,98,0
36,145,010010001,3,0.943597557,0.1669537378,56,0
36,93,001011101,5,0.9603658449,0.2507782625,80,0
36,389,110000101,4,0.9562499914,0.1904697402,45,0
36,502,111110110,7,0.9586890154,0.2245801887,152,0
36,98,001100010,3,0.9480182808,0.1166399249,31,0
36,186,010111010,5,0.9589938968,0.2682068814,86,0
36,476,111011100,6,0.9672256112,0.2396430206,104,0
36,503,111110111,8,0.9562499896,0.2269489216,156,0
36,283,100011011,5,0.9660060965,0.1543926708,54,0
36,441,110111001,6,0.9644817077,0.2243005,117,0
36,288,100100000,2,0.9224085417,0.09756062739,108,0
36,491,111101011,7,0.9621951226,0.1842359612,145,0
36,365,101101101,6,0.9644817039,0.2133307862,119,0
36,146,010010010,3,0.9370426815,0.1859965373,84,0
36,294,100100110,4,0.9550304823,0.1726385914,53,0
36,12,000001100,2,0.9342987817,0.1145905149,43,0
36,307,100110011,5,0.9420731664,0.1512810998,140,0
36,276,100010100,3,0.9513719417,0.1391151226,18,0
36,490,111101010,6,0.9657012131,0.1730029145,112,0
36,137,010001001,3,0.9589938968,0.1376599907,2,0
36,53,000110101,4,0.9317073226,0.1503448677,138,0
36,496,111110000,5,0.9541158415,0.2100702799,113,0
36,148,010010100,3,0.9419207256,0.2030755011,65,0
36,145,010010001,3,0.943597557,0.1669537378,57,0
36,162,010100010,3,0.9460365772,0.1228090909,42,0
36,72,001001000,2,0.9495426752,0.1139507112,0,0
36,272,100010000,2,0.9314024411,0.09646097757,60,0
37,193,011000001,3,0.9471036512,0.1576919009,31,0
37,150,010010110,4,0.9428353608,0.4122778447,96,0
37,75,001001011,4,0.9623475578,0.1703412908,18,0
37,113,001110001,4,0.9504573084,0.1746187271,66,0
37,280,100011000,3,0.9574695043,0.1384578615,1,0
37,373,101110101,6,0.9577743821,0.181031581,125,0
37,24,000011000,2,0.9400914628,0.1224767463,19,0
37,492,111101100,6,0.9681402501,0.1861764477,83,0
37,215,011010111,6,0.9525914565,0.2840391258,144,0
37,152,010011000,3,0.9513719399,0.2329935927,16,0
37,326,101000110,4,0.9586890172,0.1529696728,27,0
37,433,110110001,5,0.953048775,0.1948711216,103,0
37,2,000000010,1,0.8757621963,0.0863469597,159,0
37,450,111000010,4,0.9554877952,0.1262044164,41,0
37,446,110111110,7,0.9637195077,0.2505255626,141,0
37,411,110011011,6,0.9638719447,0.23684128,107,0
37,128,010000000,1,0.9323170781,0.08404751134,5,0
37,286,100011110,5,0.9696646333,0.1719646058,29,0
37,157,010011101,5,0.9608231653,0.2573634591,70,0
37,405,110010101,5,0.953201212,0.2160813212,102,0
37,280,100011000,3,0.9574695043,0.1384578615,2,0
37,160,010100000,2,0.9399390239,0.09322097432,22,0
37,139,010001011,4,0.9586890135,0.1512846262,28,0
37,4,000000100,1,0.9094512276,0.06868225115,98,0
37,368,101110000,4,0.9560975526,0.1694042669,39,0
37,104,001101000,3,0.9568597451,0.1185564424,3,0
37,374,101110110,6,0.9637195077,0.1878173118,110,0
37,463,111001111,7,0.9701219536,0.2215583678,124,0
37,196,011000100,3,0.9515243825,0.1577226631,12,0
37,105,001101001,4,0.9583841395,0.1598443775,30,0
37,215,011010111,6,0.9525914565,0.2840391258,143,0
37,253,011111101,7,0.9640243892,0.2906484376,140,0
37,51,000110011,4,0.926524397,0.1556108566,153,0
37,60,000111100,4,0.9525914546,0.1621299409,56,0
37,481,111100001,5,0.9490853604,0.1667485817,123,0
37,158,010011110,5,0.9586890191,0.2851446816,80,0
37,91,001011011,5,0.9626524337,0.2549881525,62,0
37,36,000100100,2,0.9050304871,0.1029281626,150,0
37,426,110101010,5,0.965548778,0.1652380908,51,0
37,16,000010000,1,0.8800304849,0.0962131978,158,0
37,487,111100111,7,0.9623475522,0.2054754389,146,0
37,25,000011001,3,0.9463414568,0.1495797473,34,0
37,308,100110100,4,0.957926821,0.1752202315,32,0
37,310,100110110,5,0.952591449,0.1832640478,111,0
37,334,101001110,5,0.9672256075,0.1807405879,37,0
37,95,001011111,6,0.9603658505,0.4629407227,119,0
37,76,001001100,3,0.9522865731,0.1880639463,8,0
37,334,101001110,5,0.9672256075,0.1807405879,38,0
37,205,011001101,5,0.9605182856,0.3885932574,71,0
37,70,001000110,3,0.9445121922,0.1709114732,40,0
37,109,001101101,5,0.9626524318,0.2083265451,63,0
37,198,011000110,4,0.9498475567,0.191795771,68,0
37,502,111110110,7,0.9586890154,0.2245801887,154,0
37,485,111100101,6,0.9573170673,0.1772199203,129,0
37,313,100111001,5,0.963109754,0.167221989,60,0
37,212,011010100,4,0.952439012,0.2385208402,58,0
37,218,011011010,5,0.958841458,0.2987742741,77,0
37,295,100100111,5,0.9528963305,0.1877222597,105,0
37,450,111000010,4,0.9554877952,0.1262044164,42,0
37,490,111101010,6,0.9657012131,0.1730029145,93,0
37,95,001011111,6,0.9603658505,0.4629407227,120,0
37,5,000000101,2,0.9044207372,0.07468588371,152,0
37,346,101011010,5,0.9643292632,0.210029603,54,0
37,332,101001100,4,0.9624999929,0.1707430179,13,0
37,9,000001001,2,0.9167682994,0.1331997535,116,0
37,212,011010100,4,0.952439012,0.2385208402,59,0
37,485,111100101,6,0.9573170673,0.1772199203,130,0
37,234,011101010,5,0.9644817039,0.206266609,53,0
37,274,100010010,3,0.9408536572,0.1183711295,61,0
37,4,000000100,1,0.9094512276,0.06868225115,97,0
37,100,001100100,3,0.9481707253,0.1504776806,26,0
37,263,100000111,4,0.9487804864,0.1450051651,75,0
37,176,010110000,3,0.9341463428,0.2078121302,86,0
37,284,100011100,4,0.9644817002,0.1660791668,6,0
37,442,110111010,6,0.9629573133,0.2662793156,114,0
37,276,100010100,3,0.9513719417,0.1391151226,15,0
37,387,110000011,4,0.9507621918,0.175960077,65,0
37,329,101001001,4,0.9663109742,0.1626024148,4,0
37,293,100100101,4,0.9577743821,0.1677137092,33,0
37,278,100010110,4,0.9477134068,0.1614845553,78,0
37,24,000011000,2,0.9400914628,0.1224767463,20,0
37,72,001001000,2,0.9495426752,0.1139507112,0,0
37,50,000110010,3,0.9269817118,0.1555463769,122,0
37,195,011000011,4,0.9493902363,0.1929078563,73,0
37,251,011111011,7,0.9612804838,0.3173386743,148,0
37,438,110110110,6,0.9568597469,0.2188521465,133,0
37,259,100000011,3,0.9335365873,0.1357063192,89,0
37,36,000100100,2,0.9050304871,0.1029281626,149,0
37,198,011000110,4,0.9498475567,0.191795771,67,0
37,13,000001101,3,0.9356707335,0.3014179626,82,0
37,424,110101000,4,0.9621951189,0.151591171,21,0
37,75,001001011,4,0.9623475578,0.1703412908,17,0
37,156,010011100,4,0.9596036505,0.2749188193,24,0
37,411,110011011,6,0.9638719447,0.23684128,108,0
37,348,101011100,5,0.9661585353,0.1913031316,44,0
37,451,111000011,5,0.9550304729,0.1685197698,90,0
37,253,011111101,7,0.9640243892,0.2906484376,139,0
37,181,010110101,5,0.9463414587,0.2437225715,127,0
37,339,101010011,5,0.9528963324,0.1730788327,104,0
37,497,111110001,6,0.9516768176,0.2153714146,145,0
37,22,000010110,3,0.9240853731,0.1162337693,128,0
37,93,001011101,5,0.9603658449,0.2507782625,74,0
37,318,100111110,6,0.9657012206,0.1994900974,91,0
37,449,111000001,4,0.9550304785,0.2016363414,46,0
37,383,101111111,8,0.9637195133,0.2397632855,157,0
37,371,101110011,6,0.9557926711,0.1782466671,134,0
37,185,010111001,5,0.957012184,0.2482354445,84,0
37,271,100001111,5,0.9682926834,0.1738470579,35,0
37,199,011000111,5,0.9521341417,0.2270386657,113,0
37,283,100011011,5,0.9660060965,0.1543926708,48,0
37,490,111101010,6,0.9657012131,0.1730029145,92,0
37,281,100011001,4,0.9638719484,0.1484918948,7,0
37,23,000010111,4,0.9347560983,0.1537364139,132,0
37,342,101010110,5,0.9528963305,0.1802943386,106,0
37,158,010011110,5,0.9586890191,0.2851446816,79,0
37,226,011100010,4,0.9487804808,0.1625480801,76,0
37,380,101111100,6,0.9635670688,0.2217264464,112,0
37,348,101011100,5,0.9661585353,0.1913031316,43,0
37,352,101100000,3,0.9518292565,0.1353251534,10,0
37,86,001010110,4,0.9498475529,0.2009678534,69,0
37,381,101111101,7,0.9650914595,0.2315300149,137,0
37,294,100100110,4,0.9550304823,0.1726385914,45,0
37,166,010100110,4,0.9381097537,0.1851869859,121,0
37,7,000000111,3,0.9213414732,0.1769612008,136,0
37,11,000001011,3,0.9513719436,0.1420441959,14,0
37,337,101010001,4,0.9527438916,0.1580627062,55,0
37,502,111110110,7,0.9586890154,0.2245801887,155,0
37,254,011111110,7,0.9605182894,0.3400172121,151,0
37,238,011101110,6,0.9606707245,0.2395493905,117,0
37,145,010010001,3,0.943597557,0.1669537378,50,0
37,228,011100100,4,0.9510670714,0.1718315468,64,0
37,126,001111110,6,0.9554878008,0.2875207094,135,0
37,215,011010111,6,0.9525914565,0.2840391258,142,0
37,501,111110101,7,0.9533536471,0.2283734311,156,0
37,97,001100001,3,0.9439024366,0.1496965196,47,0
37,366,101101110,6,0.9675304852,0.2001497867,85,0
37,418,110100010,4,0.9541158434,0.1336211525,52,0
37,122,001111010,5,0.9635670725,0.3054453623,57,0
37,269,100001101,4,0.963262191,0.1545369336,9,0
37,287,100011111,6,0.9652439002,0.1928226636,94,0
37,325,101000101,4,0.9565548692,0.1581497551,36,0
37,1,000000001,1,0.7878048848,0.08813527925,161,0
37,32,000100000,1,0.8641768359,0.1044695501,160,0
37,484,111100100,5,0.9605182838,0.1770865889,72,0
37,4,000000100,1,0.9094512276,0.06868225115,99,0
37,95,001011111,6,0.9603658505,0.4629407227,118,0
37,52,000110100,3,0.9237804934,0.1129184102,131,0
37,145,010010001,3,0.943597557,0.1669537378,49,0
37,489,111101001,6,0.9646341447,0.1878299923,100,0
37,373,101110101,6,0.9577743821,0.181031581,126,0
37,307,100110011,5,0.9420731664,0.1512810998,138,0
37,210,011010010,4,0.9449695069,0.2644167612,88,0
37,303,100101111,6,0.9673780538,0.2067371374,87,0
37,261,100000101,3,0.9481707271,0.1661854191,25,0
37,246,011110110,6,0.9506097473,0.2641389403,147,0
37,386,110000010,3,0.9515243825,0.1274834615,11,0
37,135,010000111,4,0.9429878015,0.1987346318,95,0
37,363,101101011,6,0.9637195095,0.1817409033,109,0
37,354,101100010,4,0.9609756079,0.1522667618,23,0
37,349,101011101,6,0.9696646389,0.3093579304,81,0
37,413,110011101,6,0.9644817039,0.2295870977,101,0
37,207,011001111,6,0.9615853634,0.2859955677,115,0
38,446,110111110,7,0.9637195077,0.2505255626,147,0
38,72,001001000,2,0.9495426752,0.1139507112,2,0
38,180,010110100,4,0.9402438998,0.2270922111,113,0
38,10,000001010,2,0.9445121922,0.1083079919,10,0
38,228,011100100,4,0.9510670714,0.1718315468,69,0
38,138,010001010,3,0.9580792598,0.1175190397,4,0
38,495,111101111,8,0.9658536594,0.22599763,156,0
38,337,101010001,4,0.9527438916,0.1580627062,61,0
38,424,110101000,4,0.9621951189,0.151591171,24,0
38,99,001100011,4,0.9495426733,0.1583316922,73,0
38,153,010011001,4,0.955487797,0.2314127795,45,0
38,270,100001110,4,0.9641768225,0.171474142,18,0
38,445,110111101,7,0.9670731686,0.2392563811,142,0
38,189,010111101,6,0.9599085283,0.3050948284,126,0
38,1,000000001,1,0.7878048848,0.08813527925,161,0
38,96,001100000,2,0.9330792725,0.09982250445,47,0
38,30,000011110,4,0.9535060879,0.1916021421,54,0
38,167,010100111,5,0.9480182845,0.1973982276,128,0
38,354,101100010,4,0.9609756079,0.1522667618,30,0
38,160,010100000,2,0.9399390239,0.09322097432,26,0
38,227,011100011,5,0.9506097492,0.1793539175,115,0
38,351,101011111,7,0.9638719484,0.2198956287,146,0
38,508,111111100,7,0.9685975611,0.267471821,134,0
38,281,100011001,4,0.9638719484,0.1484918948,20,0
38,335,101001111,6,0.9673780575,0.2185122878,91,0
38,455,111000111,6,0.9588414561,0.178122621,132,0
38,67,001000011,3,0.9541158434,0.1536063617,14,0
38,176,010110000,3,0.9341463428,0.2078121302,88,0
38,315,100111011,6,0.9631097522,0.1866992847,108,0
38,404,110010100,4,0.9553353563,0.1947822548,46,0
38,226,011100010,4,0.9487804808,0.1625480801,79,0
38,2,000000010,1,0.8757621963,0.0863469597,159,0
38,204,011001100,4,0.9535060935,0.2112389025,53,0
38,211,011010011,5,0.9449695051,0.2340317885,141,0
38,286,100011110,5,0.9696646333,0.1719646058,34,0
38,353,101100001,4,0.9532012139,0.1389175798,57,0
38,390,110000110,4,0.9560975488,0.160214691,42,0
38,457,111001001,5,0.960213406,0.1580275986,76,0
38,149,010010101,4,0.9435975533,0.2027544379,97,0
38,425,110101001,5,0.9621951208,0.1687642131,68,0
38,178,010110010,4,0.9370426852,0.3352389857,127,0
38,486,111100110,6,0.9629573114,0.1877477956,110,0
38,143,010001111,5,0.9640243854,0.2269113725,59,0
38,15,000001111,4,0.9467987716,0.2596095148,83,0
38,400,110010000,3,0.9547256026,0.1810064591,12,0
38,416,110100000,3,0.9510670714,0.1087195657,25,0
38,275,100010011,4,0.9417682886,0.1271214618,104,0
38,49,000110001,3,0.9184451289,0.1473816759,149,0
38,310,100110110,5,0.952591449,0.1832640478,106,0
38,249,011111001,6,0.958993895,0.3032088177,129,0
38,18,000010010,2,0.9048780557,0.1242320742,151,0
38,313,100111001,5,0.963109754,0.167221989,63,0
38,393,110001001,4,0.9617377985,0.1536827425,29,0
38,394,110001010,4,0.9682926834,0.1485241046,7,0
38,197,011000101,4,0.9516768213,0.1970114671,65,0
38,171,010101011,5,0.961890243,0.1561283367,70,0
38,205,011001101,5,0.9605182856,0.3885932574,74,0
38,184,010111000,4,0.9567073099,0.2421766864,38,0
38,59,000111011,5,0.9528963305,0.1926716072,103,0
38,21,000010101,3,0.9280487876,0.1438165735,118,0
38,355,101100011,5,0.9577743858,0.1480007793,85,0
38,106,001101010,4,0.9589938987,0.1349909608,33,0
38,437,110110101,6,0.9524390157,0.2554515093,148,0
38,435,110110011,6,0.9568597432,0.2100424496,139,0
38,502,111110110,7,0.9586890154,0.2245801887,153,0
38,395,110001011,5,0.9670731667,0.1769618806,43,0
38,282,100011010,4,0.9623475503,0.1541509838,21,0
38,279,100010111,5,0.9499999974,0.1593395183,123,0
38,253,011111101,7,0.9640243892,0.2906484376,145,0
38,506,111111010,7,0.9606707208,0.2898382405,150,0
38,155,010011011,5,0.9644817039,0.2534072064,55,0
38,440,110111000,5,0.9647865817,0.2230814546,52,0
38,461,111001101,6,0.9624999948,0.2131315088,112,0
38,423,110100111,6,0.9544207193,0.1782295462,144,0
38,449,111000001,4,0.9550304785,0.2016363414,50,0
38,43,000101011,4,0.9513719436,0.1703410912,67,0
38,52,000110100,3,0.9237804934,0.1129184102,138,0
38,188,010111100,5,0.9551829174,0.2635214692,94,0
38,338,101010010,4,0.9530487694,0.1827030429,58,0
38,249,011111001,6,0.958993895,0.3032088177,130,0
38,359,101100111,6,0.9612804819,0.1891228305,119,0
38,51,000110011,4,0.926524397,0.1556108566,152,0
38,461,111001101,6,0.9624999948,0.2131315088,111,0
38,318,100111110,6,0.9657012206,0.1994900974,98,0
38,261,100000101,3,0.9481707271,0.1661854191,32,0
38,73,001001001,3,0.953048775,0.1462754204,19,0
38,108,001101100,4,0.9585365746,0.1886128322,35,0
38,264,100001000,2,0.9495426789,0.1157485445,1,0
38,121,001111001,5,0.9562499933,0.3466811553,92,0
38,176,010110000,3,0.9341463428,0.2078121302,89,0
38,87,001010111,5,0.9501524288,0.2489087577,120,0
38,444,110111100,6,0.964786578,0.2217209716,100,0
38,227,011100011,5,0.9506097492,0.1793539175,114,0
38,292,100100100,3,0.9576219451,0.1772560109,6,0
38,419,110100011,5,0.9568597469,0.1682509559,86,0
38,312,100111000,4,0.9676829297,0.1558179194,9,0
38,256,100000000,1,0.8653963432,0.05144251033,160,0
38,330,101001010,4,0.9649390206,0.1500430945,15,0
38,188,010111100,5,0.9551829174,0.2635214692,95,0
38,42,000101010,3,0.955487797,0.1481546445,11,0
38,353,101100001,4,0.9532012139,0.1389175798,56,0
38,449,111000001,4,0.9550304785,0.2016363414,49,0
38,9,000001001,2,0.9167682994,0.1331997535,121,0
38,284,100011100,4,0.9644817002,0.1660791668,16,0
38,160,010100000,2,0.9399390239,0.09322097432,27,0
38,140,010001100,3,0.9544207212,0.1939722262,13,0
38,270,100001110,4,0.9641768225,0.171474142,17,0
38,210,011010010,4,0.9449695069,0.2644167612,93,0
38,48,000110000,2,0.9140243977,0.09490588191,133,0
38,68,001000100,2,0.947560966,0.2287352863,3,0
38,277,100010101,4,0.9528963342,0.1554693631,60,0
38,230,011100110,5,0.9544207174,0.2009842331,99,0
38,104,001101000,3,0.9568597451,0.1185564424,8,0
38,160,010100000,2,0.9399390239,0.09322097432,28,0
38,289,100100001,3,0.9368902445,0.1236085924,80,0
38,13,000001101,3,0.9356707335,0.3014179626,84,0
38,387,110000011,4,0.9507621918,0.175960077,71,0
38,161,010100001,3,0.926981708,0.1333965359,124,0
38,21,000010101,3,0.9280487876,0.1438165735,117,0
38,441,110111001,6,0.9644817077,0.2243005,102,0
38,195,011000011,4,0.9493902363,0.1929078563,75,0
38,122,001111010,5,0.9635670725,0.3054453623,62,0
38,345,101011001,5,0.9628048781,0.1997483987,64,0
38,442,110111010,6,0.9629573133,0.2662793156,109,0
38,368,101110000,4,0.9560975526,0.1694042669,41,0
38,190,010111110,6,0.9559451174,0.3044974832,143,0
38,173,010101101,5,0.9568597469,0.2084413404,87,0
38,293,100100101,4,0.9577743821,0.1677137092,36,0
38,17,000010001,2,0.8894816972,0.1499703776,158,0
38,334,101001110,5,0.9672256075,0.1807405879,40,0
38,83,001010011,4,0.9489329197,0.2551624496,77,0
38,265,100001001,3,0.9512195047,0.1273183418,22,0
38,40,000101000,2,0.9376524407,0.09235404083,31,0
38,266,100001010,3,0.9663109817,0.1359270001,0,0
38,414,110011110,6,0.9637195077,0.2462959136,105,0
38,22,000010110,3,0.9240853731,0.1162337693,135,0
38,85,001010101,4,0.949542677,0.1903469744,72,0
38,165,010100101,4,0.9425304867,0.182659965,101,0
38,502,111110110,7,0.9586890154,0.2245801887,154,0
38,161,010100001,3,0.926981708,0.1333965359,125,0
38,186,010111010,5,0.9589938968,0.2682068814,81,0
38,248,011111000,5,0.9550304767,0.2725362466,96,0
38,479,111011111,8,0.9653963409,0.297615774,157,0
38,283,100011011,5,0.9660060965,0.1543926708,51,0
38,499,111110011,7,0.9548780415,0.2065643724,155,0
38,385,110000001,3,0.9457317069,0.1523044817,37,0
38,227,011100011,5,0.9506097492,0.1793539175,116,0
38,380,101111100,6,0.9635670688,0.2217264464,107,0
38,22,000010110,3,0.9240853731,0.1162337693,136,0
38,138,010001010,3,0.9580792598,0.1175190397,5,0
38,142,010001110,4,0.9562499933,0.2010135157,39,0
38,485,111100101,6,0.9573170673,0.1772199203,137,0
38,24,000011000,2,0.9400914628,0.1224767463,23,0
38,435,110110011,6,0.9568597432,0.2100424496,140,0
38,9,000001001,2,0.9167682994,0.1331997535,122,0
38,249,011111001,6,0.958993895,0.3032088177,131,0
38,316,100111100,5,0.9669207297,0.1835955237,44,0
38,158,010011110,5,0.9586890191,0.2851446816,82,0
38,397,110001101,5,0.9626524374,0.1984722707,66,0
38,226,011100010,4,0.9487804808,0.1625480801,78,0
38,96,001100000,2,0.9330792725,0.09982250445,48,0
38,176,010110000,3,0.9341463428,0.2078121302,90,0
39,257,100000001,2,0.8830792718,0.09909134312,161,0
39,439,110110111,7,0.9557926748,0.2348899278,152,0
39,75,001001011,4,0.9623475578,0.1703412908,16,0
39,373,101110101,6,0.9577743821,0.181031581,127,0
39,27,000011011,4,0.9495426714,0.1951567573,68,0
39,245,011110101,6,0.9474085309,0.2499909932,151,0
39,144,010010000,2,0.9355182927,0.1628878268,31,0
39,174,010101110,5,0.9596036505,0.2229905166,75,0
39,197,011000101,4,0.9516768213,0.1970114671,62,0
39,476,111011100,6,0.9672256112,0.2396430206,91,0
39,326,101000110,4,0.9586890172,0.1529696728,26,0
39,241,011110001,5,0.9440548718,0.2607987896,135,0
39,226,011100010,4,0.9487804808,0.1625480801,74,0
39,192,011000000,2,0.9504573103,0.1211086311,1,0
39,383,101111111,8,0.9637195133,0.2397632855,158,0
39,407,110010111,6,0.9516768251,0.3759041177,141,0
39,393,110001001,4,0.9617377985,0.1536827425,20,0
39,272,100010000,2,0.9314024411,0.09646097757,53,0
39,157,010011101,5,0.9608231653,0.2573634591,67,0
39,477,111011101,7,0.9663109761,0.245831884,133,0
39,313,100111001,5,0.963109754,0.167221989,61,0
39,420,110100100,4,0.9579268228,0.1566663263,29,0
39,146,010010010,3,0.9370426815,0.1859965373,76,0
39,422,110100110,5,0.9547256045,0.1711755372,95,0
39,176,010110000,3,0.9341463428,0.2078121302,88,0
39,40,000101000,2,0.9376524407,0.09235404083,22,0
39,438,110110110,6,0.9568597469,0.2188521465,130,0
39,335,101001111,6,0.9673780575,0.2185122878,89,0
39,212,011010100,4,0.952439012,0.2385208402,60,0
39,107,001101011,5,0.9643292632,0.1645711297,58,0
39,87,001010111,5,0.9501524288,0.2489087577,115,0
39,253,011111101,7,0.9640243892,0.2906484376,137,0
39,311,100110111,6,0.9535060879,0.1921334574,136,0
39,430,110101110,6,0.9653963409,0.2012857567,98,0
39,229,011100101,5,0.9513719473,0.2044244306,111,0
39,154,010011010,4,0.9570121877,0.2396545438,35,0
39,241,011110001,5,0.9440548718,0.2607987896,134,0
39,4,000000100,1,0.9094512276,0.06868225115,103,0
39,298,100101010,4,0.9635670781,0.1536765499,12,0
39,82,001010010,3,0.9452743866,0.1904831256,38,0
39,205,011001101,5,0.9605182856,0.3885932574,70,0
39,153,010011001,4,0.955487797,0.2314127795,45,0
39,476,111011100,6,0.9672256112,0.2396430206,90,0
39,368,101110000,4,0.9560975526,0.1694042669,42,0
39,491,111101011,7,0.9621951226,0.1842359612,143,0
39,127,001111111,7,0.9617378041,0.3252968704,144,0
39,360,101101000,4,0.9634146318,0.168340771,13,0
39,14,000001110,3,0.9452743828,0.2012516796,39,0
39,233,011101001,5,0.9603658449,0.268123046,71,0
39,70,001000110,3,0.9445121922,0.1709114732,44,0
39,493,111101101,7,0.9640243854,0.3398395209,138,0
39,164,010100100,3,0.9356707316,0.1803958965,82,0
39,116,001110100,4,0.9464938957,0.2140967343,83,0
39,117,001110101,5,0.9518292584,0.210091874,109,0
39,312,100111000,4,0.9676829297,0.1558179194,5,0
39,340,101010100,4,0.961737806,0.1694561779,19,0
39,306,100110010,4,0.9446646273,0.140418421,93,0
39,343,101010111,6,0.9589938968,0.1846750332,123,0
39,68,001000100,2,0.947560966,0.2287352863,3,0
39,426,110101010,5,0.965548778,0.1652380908,52,0
39,213,011010101,5,0.954268286,0.2557268739,100,0
39,421,110100101,5,0.9567073006,0.1923621674,85,0
39,210,011010010,4,0.9449695069,0.2644167612,92,0
39,72,001001000,2,0.9495426752,0.1139507112,2,0
39,9,000001001,2,0.9167682994,0.1331997535,116,0
39,244,011110100,5,0.9503048733,0.2641298291,113,0
39,301,100101101,5,0.9657012131,0.1904032845,51,0
39,362,101101010,5,0.9624999966,0.1689127102,64,0
39,258,100000010,2,0.9272865914,0.1128509992,69,0
39,5,000000101,2,0.9044207372,0.07468588371,149,0
39,359,101100111,6,0.9612804819,0.1891228305,114,0
39,71,001000111,4,0.9454268254,0.1695544343,86,0
39,308,100110100,4,0.957926821,0.1752202315,30,0
39,80,001010000,2,0.9368902445,0.1682704333,25,0
39,182,010110110,5,0.9414634127,0.2396552637,139,0
39,404,110010100,4,0.9553353563,0.1947822548,46,0
39,321,101000001,3,0.953048775,0.1407439543,9,0
39,201,011001001,4,0.9567073155,0.1810487332,37,0
39,181,010110101,5,0.9463414587,0.2437225715,128,0
39,294,100100110,4,0.9550304823,0.1726385914,48,0
39,136,010001000,2,0.9556402415,0.08872172865,0,0
39,458,111001010,5,0.9644817039,0.1614640043,54,0
39,499,111110011,7,0.9548780415,0.2065643724,155,0
39,128,010000000,1,0.9323170781,0.08404751134,6,0
39,250,011111010,6,0.9603658486,0.2909253226,120,0
39,372,101110100,5,0.9644817002,0.1726493784,57,0
39,443,110111011,7,0.9624999985,0.2361019221,142,0
39,98,001100010,3,0.9480182808,0.1166399249,24,0
39,198,011000110,4,0.9498475567,0.191795771,66,0
39,267,100001011,4,0.9620426763,0.1646921253,18,0
39,429,110101101,6,0.9609756004,0.1956794159,118,0
39,323,101000011,4,0.9560975581,0.1510076611,40,0
39,284,100011100,4,0.9644817002,0.1660791668,7,0
39,75,001001011,4,0.9623475578,0.1703412908,15,0
39,92,001011100,4,0.9571646284,0.2256155275,34,0
39,455,111000111,6,0.9588414561,0.178122621,124,0
39,511,111111111,9,0.9672256112,0.3458421361,159,0
39,145,010010001,3,0.943597557,0.1669537378,50,0
39,323,101000011,4,0.9560975581,0.1510076611,41,0
39,83,001010011,4,0.9489329197,0.2551624496,73,0
39,74,001001010,3,0.9570121821,0.1378696063,4,0
39,52,000110100,3,0.9237804934,0.1129184102,129,0
39,430,110101110,6,0.9653963409,0.2012857567,99,0
39,225,011100001,4,0.9452743847,0.1662776889,87,0
39,479,111011111,8,0.9653963409,0.297615774,156,0
39,379,101111011,7,0.9603658468,0.2280426561,148,0
39,251,011111011,7,0.9612804838,0.3173386743,145,0
39,297,100101001,4,0.9582317006,0.1647070954,28,0
39,459,111001011,6,0.9693597592,0.1673336257,81,0
39,305,100110001,4,0.9381097574,0.1583164767,121,0
39,234,011101010,5,0.9644817039,0.206266609,56,0
39,281,100011001,4,0.9638719484,0.1484918948,11,0
39,279,100010111,5,0.9499999974,0.1593395183,117,0
39,278,100010110,4,0.9477134068,0.1614845553,80,0
39,150,010010110,4,0.9428353608,0.4122778447,102,0
39,482,111100010,5,0.9591463339,0.139335844,77,0
39,348,101011100,5,0.9661585353,0.1913031316,47,0
39,326,101000110,4,0.9586890172,0.1529696728,27,0
39,482,111100010,5,0.9591463339,0.139335844,78,0
39,486,111100110,6,0.9629573114,0.1877477956,108,0
39,444,110111100,6,0.964786578,0.2217209716,104,0
39,403,110010011,5,0.9471036531,0.1901693111,126,0
39,36,000100100,2,0.9050304871,0.1029281626,146,0
39,327,101000111,5,0.9611280449,0.1737721614,65,0
39,203,011001011,5,0.959146332,0.1784309237,79,0
39,321,101000001,3,0.953048775,0.1407439543,10,0
39,342,101010110,5,0.9528963305,0.1802943386,107,0
39,410,110011010,5,0.9644817039,0.2193003995,55,0
39,494,111101110,7,0.963262191,0.2477963772,140,0
39,177,010110001,4,0.9394817054,0.2004012102,112,0
39,444,110111100,6,0.964786578,0.2217209716,105,0
39,510,111111110,8,0.9663109742,0.2578454181,154,0
39,455,111000111,6,0.9588414561,0.178122621,125,0
39,125,001111101,6,0.9565548748,0.2541114357,131,0
39,97,001100001,3,0.9439024366,0.1496965196,49,0
39,233,011101001,5,0.9603658449,0.268123046,72,0
39,490,111101010,6,0.9657012131,0.1730029145,96,0
39,346,101011010,5,0.9643292632,0.210029603,59,0
39,393,110001001,4,0.9617377985,0.1536827425,21,0
39,510,111111110,8,0.9663109742,0.2578454181,153,0
39,135,010000111,4,0.9429878015,0.1987346318,101,0
39,5,000000101,2,0.9044207372,0.07468588371,150,0
39,33,000100001,2,0.8849085364,0.1405141028,160,0
39,116,001110100,4,0.9464938957,0.2140967343,84,0
39,20,000010100,2,0.916006105,0.1150037684,119,0
39,126,001111110,6,0.9554878008,0.2875207094,132,0
39,156,010011100,4,0.9596036505,0.2749188193,23,0
39,129,010000001,2,0.9335365873,0.1010586498,43,0
39,490,111101010,6,0.9657012131,0.1730029145,97,0
39,405,110010101,5,0.953201212,0.2160813212,106,0
39,501,111110101,7,0.9533536471,0.2283734311,157,0
39,152,010011000,3,0.9513719399,0.2329935927,14,0
39,167,010100111,5,0.9480182845,0.1973982276,122,0
39,73,001001001,3,0.953048775,0.1462754204,8,0
39,254,011111110,7,0.9605182894,0.3400172121,147,0
39,271,100001111,5,0.9682926834,0.1738470579,33,0
39,271,100001111,5,0.9682926834,0.1738470579,32,0
39,288,100100000,2,0.9224085417,0.09756062739,94,0
39,118,001110110,5,0.9516768213,0.2225226476,110,0
39,265,100001001,3,0.9512195047,0.1273183418,17,0
39,397,110001101,5,0.9626524374,0.1984722707,63,0
39,333,101001101,5,0.9678353649,0.1775467619,36,0
40,124,001111100,5,0.9573170636,0.2322485391,87,0
40,136,010001000,2,0.9556402415,0.08872172865,0,0
40,310,100110110,5,0.952591449,0.1832640478,111,0
40,394,110001010,4,0.9682926834,0.1485241046,7,0
40,486,111100110,6,0.9629573114,0.1877477956,114,0
40,14,000001110,3,0.9452743828,0.2012516796,47,0
40,35,000100011,3,0.9163109809,0.1255413797,154,0
40,153,010011001,4,0.955487797,0.2314127795,52,0
40,440,110111000,5,0.9647865817,0.2230814546,59,0
40,35,000100011,3,0.9163109809,0.1255413797,153,0
40,153,010011001,4,0.955487797,0.2314127795,51,0
40,202,011001010,4,0.9612804782,0.149196442,29,0
40,412,110011100,5,0.9612804819,0.2286357516,71,0
40,445,110111101,7,0.9670731686,0.2392563811,139,0
40,128,010000000,1,0.9323170781,0.08404751134,14,0
40,104,001101000,3,0.9568597451,0.1185564424,9,0
40,22,000010110,3,0.9240853731,0.1162337693,133,0
40,247,011110111,7,0.9538109675,0.2866593562,161,0
40,354,101100010,4,0.9609756079,0.1522667618,31,0
40,128,010000000,1,0.9323170781,0.08404751134,13,0
40,66,001000010,2,0.9518292602,0.09929567995,4,0
40,91,001011011,5,0.9626524337,0.2549881525,67,0
40,367,101101111,7,0.9689024445,0.2136532324,130,0
40,345,101011001,5,0.9628048781,0.1997483987,65,0
40,15,000001111,4,0.9467987716,0.2596095148,85,0
40,455,111000111,6,0.9588414561,0.178122621,127,0
40,65,001000001,2,0.9350609761,0.1252497334,41,0
40,176,010110000,3,0.9341463428,0.2078121302,93,0
40,299,100101011,5,0.9684451278,0.1646855306,40,0
40,404,110010100,4,0.9553353563,0.1947822548,54,0
40,424,110101000,4,0.9621951189,0.151591171,23,0
40,35,000100011,3,0.9163109809,0.1255413797,155,0
40,328,101001000,3,0.9661585353,0.1314932012,2,0
40,114,001110010,4,0.9474085346,0.1818423038,83,0
40,30,000011110,4,0.9535060879,0.1916021421,61,0
40,321,101000001,3,0.953048775,0.1407439543,18,0
40,278,100010110,4,0.9477134068,0.1614845553,81,0
40,239,011101111,7,0.9621951133,0.2638499523,152,0
40,209,011010001,4,0.9481707271,0.2154377233,78,0
40,425,110101001,5,0.9621951208,0.1687642131,70,0
40,310,100110110,5,0.952591449,0.1832640478,112,0
40,358,101100110,5,0.9629573151,0.1768365032,64,0
40,111,001101111,6,0.958993895,0.2237674175,126,0
40,223,011011111,7,0.959298769,0.3238683129,158,0
40,20,000010100,2,0.916006105,0.1150037684,120,0
40,384,110000000,2,0.942378046,0.1023272595,15,0
40,439,110110111,7,0.9557926748,0.2348899278,160,0
40,497,111110001,6,0.9516768176,0.2153714146,149,0
40,278,100010110,4,0.9477134068,0.1614845553,80,0
40,441,110111001,6,0.9644817077,0.2243005,107,0
40,466,111010010,5,0.9501524325,0.2081504837,119,0
40,469,111010101,6,0.9583841395,0.2142438563,129,0
40,139,010001011,4,0.9586890135,0.1512846262,35,0
40,394,110001010,4,0.9682926834,0.1485241046,8,0
40,195,011000011,4,0.9493902363,0.1929078563,76,0
40,47,000101111,5,0.9513719473,0.1973781134,115,0
40,45,000101101,4,0.9461890161,0.1590515091,88,0
40,168,010101000,3,0.9556402303,0.1283902619,10,0
40,443,110111011,7,0.9624999985,0.2361019221,150,0
40,149,010010101,4,0.9435975533,0.2027544379,99,0
40,444,110111100,6,0.964786578,0.2217209716,105,0
40,106,001101010,4,0.9589938987,0.1349909608,33,0
40,175,010101111,6,0.9585365672,0.2318464871,128,0
40,438,110110110,6,0.9568597469,0.2188521465,136,0
40,502,111110110,7,0.9586890154,0.2245801887,159,0
40,43,000101011,4,0.9513719436,0.1703410912,69,0
40,82,001010010,3,0.9452743866,0.1904831256,46,0
40,405,110010101,5,0.953201212,0.2160813212,108,0
40,253,011111101,7,0.9640243892,0.2906484376,145,0
40,506,111111010,7,0.9606707208,0.2898382405,156,0
40,176,010110000,3,0.9341463428,0.2078121302,92,0
40,436,110110100,5,0.9548780341,0.3190835472,98,0
40,89,001011001,4,0.958079258,0.2149465061,39,0
40,431,110101111,7,0.9658536613,0.2059036302,142,0
40,233,011101001,5,0.9603658449,0.268123046,77,0
40,235,011101011,6,0.9592987709,0.1924978569,125,0
40,126,001111110,6,0.9554878008,0.2875207094,141,0
40,28,000011100,3,0.9434451163,0.1445199884,58,0
40,450,111000010,4,0.9554877952,0.1262044164,53,0
40,219,011011011,6,0.9600609709,0.3007806377,123,0
40,325,101000101,4,0.9565548692,0.1581497551,42,0
40,49,000110001,3,0.9184451289,0.1473816759,148,0
40,268,100001100,3,0.9647865798,0.1379161642,3,0
40,363,101101011,6,0.9637195095,0.1817409033,109,0
40,260,100000100,2,0.9440548718,0.2004308952,12,0
40,139,010001011,4,0.9586890135,0.1512846262,34,0
40,198,011000110,4,0.9498475567,0.191795771,73,0
40,408,110011000,4,0.958231695,0.2197342259,38,0
40,168,010101000,3,0.9556402303,0.1283902619,11,0
40,52,000110100,3,0.9237804934,0.1129184102,134,0
40,82,001010010,3,0.9452743866,0.1904831256,45,0
40,190,010111110,6,0.9559451174,0.3044974832,140,0
40,99,001100011,4,0.9495426733,0.1583316922,74,0
40,373,101110101,6,0.9577743821,0.181031581,131,0
40,419,110100011,5,0.9568597469,0.1682509559,90,0
40,253,011111101,7,0.9640243892,0.2906484376,146,0
40,36,000100100,2,0.9050304871,0.1029281626,157,0
40,102,001100110,4,0.9516768195,0.1653954163,66,0
40,188,010111100,5,0.9551829174,0.2635214692,97,0
40,44,000101100,3,0.9384146333,0.1604029066,75,0
40,428,110101100,5,0.9626524337,0.1925693848,68,0
40,267,100001011,4,0.9620426763,0.1646921253,25,0
40,81,001010001,3,0.9440548755,0.1765820705,55,0
40,284,100011100,4,0.9644817002,0.1660791668,17,0
40,64,001000000,1,0.9262195174,0.09079117677,32,0
40,132,010000100,2,0.9396341462,0.1636577162,26,0
40,37,000100101,3,0.9213414732,0.1178390123,143,0
40,198,011000110,4,0.9498475567,0.191795771,72,0
40,240,011110000,4,0.9474085271,0.2333530094,84,0
40,204,011001100,4,0.9535060935,0.2112389025,60,0
40,305,100110001,4,0.9381097574,0.1583164767,121,0
40,230,011100110,5,0.9544207174,0.2009842331,101,0
40,225,011100001,4,0.9452743847,0.1662776889,91,0
40,320,101000000,2,0.9503048677,0.1123269997,5,0
40,353,101100001,4,0.9532012139,0.1389175798,63,0
40,301,100101101,5,0.9657012131,0.1904032845,57,0
40,160,010100000,2,0.9399390239,0.09322097432,24,0
40,187,010111011,6,0.9594512116,0.279120577,124,0
40,30,000011110,4,0.9535060879,0.1916021421,62,0
40,281,100011001,4,0.9638719484,0.1484918948,20,0
40,210,011010010,4,0.9449695069,0.2644167612,95,0
40,108,001101100,4,0.9585365746,0.1886128322,37,0
40,505,111111001,7,0.9647865836,0.259944424,144,0
40,186,010111010,5,0.9589938968,0.2682068814,79,0
40,496,111110000,5,0.9541158415,0.2100702799,102,0
40,158,010011110,5,0.9586890191,0.2851446816,82,0
40,302,100101110,5,0.9657012187,0.1828945968,56,0
40,77,001001101,4,0.9611280505,0.2220115,30,0
40,179,010110011,5,0.9410060942,0.2424715101,147,0
40,334,101001110,5,0.9672256075,0.1807405879,49,0
40,15,000001111,4,0.9467987716,0.2596095148,86,0
40,136,010001000,2,0.9556402415,0.08872172865,0,0
40,56,000111000,3,0.9454268273,0.1453281161,43,0
40,130,010000010,2,0.9394817092,0.1096591135,28,0
40,414,110011110,6,0.9637195077,0.2462959136,110,0
40,150,010010110,4,0.9428353608,0.4122778447,103,0
40,21,000010101,3,0.9280487876,0.1438165735,116,0
40,181,010110101,5,0.9463414587,0.2437225715,132,0
40,62,000111110,5,0.9538109656,0.2270585177,104,0
40,321,101000001,3,0.953048775,0.1407439543,19,0
40,369,101110001,5,0.9570121858,0.1660167179,89,0
40,504,111111000,6,0.9646341465,0.2548272442,106,0
40,466,111010010,5,0.9501524325,0.2081504837,118,0
40,139,010001011,4,0.9586890135,0.1512846262,36,0
40,491,111101011,7,0.9621951226,0.1842359612,151,0
40,389,110000101,4,0.9562499914,0.1904697402,48,0
40,259,100000011,3,0.9335365873,0.1357063192,96,0
40,318,100111110,6,0.9657012206,0.1994900974,100,0
40,23,000010111,4,0.9347560983,0.1537364139,135,0
40,75,001001011,4,0.9623475578,0.1703412908,21,0
40,264,100001000,2,0.9495426789,0.1157485445,6,0
40,359,101100111,6,0.9612804819,0.1891228305,117,0
40,284,100011100,4,0.9644817002,0.1660791668,16,0
40,176,010110000,3,0.9341463428,0.2078121302,94,0
40,24,000011000,2,0.9400914628,0.1224767463,22,0
40,380,101111100,6,0.9635670688,0.2217264464,113,0
40,368,101110000,4,0.9560975526,0.1694042669,50,0
40,125,001111101,6,0.9565548748,0.2541114357,138,0
40,393,110001001,4,0.9617377985,0.1536827425,27,0
40,438,110110110,6,0.9568597469,0.2188521465,137,0
40,56,000111000,3,0.9454268273,0.1453281161,44,0
40,50,000110010,3,0.9269817118,0.1555463769,122,0
41,75,001001011,4,0.9623475578,0.1703412908,22,0
41,183,010110111,6,0.9443597514,0.2673205337,153,0
41,201,011001001,4,0.9567073155,0.1810487332,43,0
41,247,011110111,7,0.9538109675,0.2866593562,158,0
41,25,000011001,3,0.9463414568,0.1495797473,40,0
41,121,001111001,5,0.9562499933,0.3466811553,102,0
41,510,111111110,8,0.9663109742,0.2578454181,155,0
41,358,101100110,5,0.9629573151,0.1768365032,69,0
41,247,011110111,7,0.9538109675,0.2866593562,157,0
41,412,110011100,5,0.9612804819,0.2286357516,74,0
41,326,101000110,4,0.9586890172,0.1529696728,31,0
41,293,100100101,4,0.9577743821,0.1677137092,37,0
41,66,001000010,2,0.9518292602,0.09929567995,0,0
41,192,011000000,2,0.9504573103,0.1211086311,2,0
41,447,110111111,8,0.9663109742,0.2420711997,154,0
41,415,110011111,7,0.9681402519,0.2540232334,140,0
41,457,111001001,5,0.960213406,0.1580275986,83,0
41,338,101010010,4,0.9530487694,0.1827030429,66,0
41,157,010011101,5,0.9608231653,0.2573634591,79,0
41,317,100111101,6,0.9661585316,0.1998526342,106,0
41,441,110111001,6,0.9644817077,0.2243005,114,0
41,418,110100010,4,0.9541158434,0.1336211525,60,0
41,128,010000000,1,0.9323170781,0.08404751134,13,0
41,102,001100110,4,0.9516768195,0.1653954163,71,0
41,368,101110000,4,0.9560975526,0.1694042669,50,0
41,104,001101000,3,0.9568597451,0.1185564424,6,0
41,124,001111100,5,0.9573170636,0.2322485391,97,0
41,334,101001110,5,0.9672256075,0.1807405879,48,0
41,21,000010101,3,0.9280487876,0.1438165735,121,0
41,232,011101000,4,0.9621951152,0.2219230887,25,0
41,479,111011111,8,0.9653963409,0.297615774,156,0
41,221,011011101,6,0.9602134116,0.300388671,129,0
41,439,110110111,7,0.9557926748,0.2348899278,152,0
41,413,110011101,6,0.9644817039,0.2295870977,116,0
41,161,010100001,3,0.926981708,0.1333965359,127,0
41,250,011111010,6,0.9603658486,0.2909253226,126,0
41,233,011101001,5,0.9603658449,0.268123046,82,0
41,304,100110000,3,0.9338414669,0.1354449289,104,0
41,426,110101010,5,0.965548778,0.1652380908,59,0
41,210,011010010,4,0.9449695069,0.2644167612,103,0
41,201,011001001,4,0.9567073155,0.1810487332,44,0
41,153,010011001,4,0.955487797,0.2314127795,55,0
41,400,110010000,3,0.9547256026,0.1810064591,10,0
41,292,100100100,3,0.9576219451,0.1772560109,4,0
41,235,011101011,6,0.9592987709,0.1924978569,133,0
41,93,001011101,5,0.9603658449,0.2507782625,81,0
41,104,001101000,3,0.9568597451,0.1185564424,7,0
41,94,001011110,5,0.9580792617,0.2609661664,91,0
41,235,011101011,6,0.9592987709,0.1924978569,134,0
41,334,101001110,5,0.9672256075,0.1807405879,47,0
41,173,010101101,5,0.9568597469,0.2084413404,101,0
41,238,011101110,6,0.9606707245,0.2395493905,123,0
41,500,111110100,6,0.9571646266,0.210213976,139,0
41,100,001100100,3,0.9481707253,0.1504776806,30,0
41,318,100111110,6,0.9657012206,0.1994900974,109,0
41,272,100010000,2,0.9314024411,0.09646097757,61,0
41,338,101010010,4,0.9530487694,0.1827030429,65,0
41,327,101000111,5,0.9611280449,0.1737721614,76,0
41,4,000000100,1,0.9094512276,0.06868225115,111,0
41,360,101101000,4,0.9634146318,0.168340771,15,0
41,194,011000010,3,0.9448170681,0.1295389787,54,0
41,277,100010101,4,0.9528963342,0.1554693631,67,0
41,144,010010000,2,0.9355182927,0.1628878268,38,0
41,461,111001101,6,0.9624999948,0.2131315088,120,0
41,265,100001001,3,0.9512195047,0.1273183418,24,0
41,276,100010100,3,0.9513719417,0.1391151226,18,0
41,37,000100101,3,0.9213414732,0.1178390123,143,0
41,42,000101010,3,0.955487797,0.1481546445,8,0
41,258,100000010,2,0.9272865914,0.1128509992,80,0
41,5,000000101,2,0.9044207372,0.07468588371,151,0
41,327,101000111,5,0.9611280449,0.1737721614,75,0
41,331,101001011,5,0.9695122056,0.1774945036,36,0
41,40,000101000,2,0.9376524407,0.09235404083,29,0
41,473,111011001,6,0.9602134135,0.2257233416,128,0
41,402,110010010,4,0.9487804808,0.1966901873,84,0
41,340,101010100,4,0.961737806,0.1694561779,26,0
41,395,110001011,5,0.9670731667,0.1769618806,53,0
41,113,001110001,4,0.9504573084,0.1746187271,73,0
41,509,111111101,8,0.963262191,0.2523085512,160,0
41,260,100000100,2,0.9440548718,0.2004308952,9,0
41,186,010111010,5,0.9589938968,0.2682068814,86,0
41,449,111000001,4,0.9550304785,0.2016363414,57,0
41,243,011110011,6,0.9530487731,0.2716712286,146,0
41,149,010010101,4,0.9435975533,0.2027544379,108,0
41,251,011111011,7,0.9612804838,0.3173386743,149,0
41,368,101110000,4,0.9560975526,0.1694042669,51,0
41,425,110101001,5,0.9621951208,0.1687642131,72,0
41,116,001110100,4,0.9464938957,0.2140967343,95,0
41,278,100010110,4,0.9477134068,0.1614845553,87,0
41,135,010000111,4,0.9429878015,0.1987346318,110,0
41,429,110101101,6,0.9609756004,0.1956794159,122,0
41,353,101100001,4,0.9532012139,0.1389175798,64,0
41,152,010011000,3,0.9513719399,0.2329935927,20,0
41,198,011000110,4,0.9498475567,0.191795771,77,0
41,76,001001100,3,0.9522865731,0.1880639463,16,0
41,458,111001010,5,0.9644817039,0.1614640043,62,0
41,347,101011011,6,0.9690548796,0.1985359336,93,0
41,413,110011101,6,0.9644817039,0.2295870977,115,0
41,323,101000011,4,0.9560975581,0.1510076611,49,0
41,467,111010011,6,0.9539634027,0.2327699261,144,0
41,147,010010011,4,0.9367378037,0.1958240762,135,0
41,438,110110110,6,0.9568597469,0.2188521465,141,0
41,300,100101100,4,0.9623475503,0.1672059349,23,0
41,481,111100001,5,0.9490853604,0.1667485817,131,0
41,446,110111110,7,0.9637195077,0.2505255626,147,0
41,367,101101111,7,0.9689024445,0.2136532324,137,0
41,474,111011010,6,0.9687500075,0.2528586062,94,0
41,313,100111001,5,0.963109754,0.167221989,68,0
41,271,100001111,5,0.9682926834,0.1738470579,42,0
41,307,100110011,5,0.9420731664,0.1512810998,145,0
41,142,010001110,4,0.9562499933,0.2010135157,46,0
41,345,101011001,5,0.9628048781,0.1997483987,70,0
41,286,100011110,5,0.9696646333,0.1719646058,32,0
41,188,010111100,5,0.9551829174,0.2635214692,105,0
41,222,011011110,6,0.9573170654,0.3343018061,138,0
41,450,111000010,4,0.9554877952,0.1262044164,56,0
41,477,111011101,7,0.9663109761,0.245831884,142,0
41,324,101000100,3,0.9624999966,0.1362094213,1,0
41,489,111101001,6,0.9646341447,0.1878299923,113,0
41,198,011000110,4,0.9498475567,0.191795771,78,0
41,365,101101101,6,0.9644817039,0.2133307862,117,0
41,403,110010011,5,0.9471036531,0.1901693111,136,0
41,4,000000100,1,0.9094512276,0.06868225115,112,0
41,325,101000101,4,0.9565548692,0.1581497551,45,0
41,395,110001011,5,0.9670731667,0.1769618806,52,0
41,481,111100001,5,0.9490853604,0.1667485817,132,0
41,65,001000001,2,0.9350609761,0.1252497334,41,0
41,26,000011010,3,0.9474085309,0.166096261,34,0
41,108,001101100,4,0.9585365746,0.1886128322,33,0
41,145,010010001,3,0.943597557,0.1669537378,58,0
41,276,100010100,3,0.9513719417,0.1391151226,19,0
41,492,111101100,6,0.9681402501,0.1861764477,99,0
41,422,110100110,5,0.9547256045,0.1711755372,107,0
41,383,101111111,8,0.9637195133,0.2397632855,159,0
41,481,111100001,5,0.9490853604,0.1667485817,130,0
41,331,101001011,5,0.9695122056,0.1774945036,35,0
41,482,111100010,5,0.9591463339,0.139335844,85,0
41,330,101001010,4,0.9649390206,0.1500430945,14,0
41,128,010000000,1,0.9323170781,0.08404751134,12,0
41,95,001011111,6,0.9603658505,0.4629407227,125,0
41,158,010011110,5,0.9586890191,0.2851446816,88,0
41,69,001000101,3,0.949695114,0.1974406161,28,0
41,45,000101101,4,0.9461890161,0.1590515091,98,0
41,372,101110100,5,0.9644817002,0.1726493784,63,0
41,20,000010100,2,0.916006105,0.1150037684,124,0
41,370,101110010,5,0.9585365802,0.1784977219,89,0
41,124,001111100,5,0.9573170636,0.2322485391,96,0
41,128,010000000,1,0.9323170781,0.08404751134,11,0
41,72,001001000,2,0.9495426752,0.1139507112,3,0
41,405,110010101,5,0.953201212,0.2160813212,118,0
41,503,111110111,8,0.9562499896,0.2269489216,161,0
41,144,010010000,2,0.9355182927,0.1628878268,39,0
41,35,000100011,3,0.9163109809,0.1255413797,150,0
41,74,001001010,3,0.9570121821,0.1378696063,5,0
41,231,011100111,6,0.9519817065,0.2285920731,148,0
41,131,010000011,3,0.9347560965,0.1501262328,100,0
41,75,001001011,4,0.9623475578,0.1703412908,21,0
41,386,110000010,3,0.9515243825,0.1274834615,17,0
41,114,001110010,4,0.9474085346,0.1818423038,90,0
41,77,001001101,4,0.9611280505,0.2220115,27,0
41,453,111000101,5,0.9580792617,0.16819228,92,0
41,461,111001101,6,0.9624999948,0.2131315088,119,0
42,436,110110100,5,0.9548780341,0.3190835472,98,0
42,392,110001000,3,0.9653963372,0.1357308119,1,0
42,438,110110110,6,0.9568597469,0.2188521465,133,0
42,24,000011000,2,0.9400914628,0.1224767463,14,0
42,359,101100111,6,0.9612804819,0.1891228305,115,0
42,6,000000110,2,0.9178353697,0.1008892676,112,0
42,77,001001101,4,0.9611280505,0.2220115,17,0
42,281,100011001,4,0.9638719484,0.1484918948,9,0
42,472,111011000,5,0.9638719503,0.2441837927,58,0
42,355,101100011,5,0.9577743858,0.1480007793,85,0
42,153,010011001,4,0.955487797,0.2314127795,42,0
42,338,101010010,4,0.9530487694,0.1827030429,57,0
42,444,110111100,6,0.964786578,0.2217209716,104,0
42,437,110110101,6,0.9524390157,0.2554515093,145,0
42,80,001010000,2,0.9368902445,0.1682704333,23,0
42,224,011100000,3,0.9408536591,0.1201759358,64,0
42,294,100100110,4,0.9550304823,0.1726385914,44,0
42,173,010101101,5,0.9568597469,0.2084413404,91,0
42,354,101100010,4,0.9609756079,0.1522667618,20,0
42,224,011100000,3,0.9408536591,0.1201759358,63,0
42,198,011000110,4,0.9498475567,0.191795771,72,0
42,221,011011101,6,0.9602134116,0.300388671,122,0
42,127,001111111,7,0.9617378041,0.3252968704,150,0
42,153,010011001,4,0.955487797,0.2314127795,41,0
42,271,100001111,5,0.9682926834,0.1738470579,28,0
42,407,110010111,6,0.9516768251,0.3759041177,148,0
42,259,100000011,3,0.9335365873,0.1357063192,97,0
42,144,010010000,2,0.9355182927,0.1628878268,27,0
42,490,111101010,6,0.9657012131,0.1730029145,101,0
42,278,100010110,4,0.9477134068,0.1614845553,80,0
42,232,011101000,4,0.9621951152,0.2219230887,16,0
42,35,000100011,3,0.9163109809,0.1255413797,153,0
42,136,010001000,2,0.9556402415,0.08872172865,0,0
42,54,000110110,4,0.9384146333,0.1622000067,117,0
42,220,011011100,5,0.9589938931,0.2710625273,79,0
42,325,101000101,4,0.9565548692,0.1581497551,34,0
42,278,100010110,4,0.9477134068,0.1614845553,81,0
42,79,001001111,5,0.962957317,0.2229459747,65,0
42,89,001011001,4,0.958079258,0.2149465061,26,0
42,33,000100001,2,0.8849085364,0.1405141028,160,0
42,306,100110010,4,0.9446646273,0.140418421,96,0
42,102,001100110,4,0.9516768195,0.1653954163,66,0
42,47,000101111,5,0.9513719473,0.1973781134,110,0
42,219,011011011,6,0.9600609709,0.3007806377,123,0
42,316,100111100,5,0.9669207297,0.1835955237,39,0
42,418,110100010,4,0.9541158434,0.1336211525,48,0
42,407,110010111,6,0.9516768251,0.3759041177,149,0
42,419,110100011,5,0.9568597469,0.1682509559,90,0
42,276,100010100,3,0.9513719417,0.1391151226,13,0
42,49,000110001,3,0.9184451289,0.1473816759,147,0
42,86,001010110,4,0.9498475529,0.2009678534,73,0
42,347,101011011,6,0.9690548796,0.1985359336,82,0
42,11,000001011,3,0.9513719436,0.1420441959,12,0
42,411,110011011,6,0.9638719447,0.23684128,107,0
42,129,010000001,2,0.9335365873,0.1010586498,40,0
42,207,011001111,6,0.9615853634,0.2859955677,114,0
42,189,010111101,6,0.9599085283,0.3050948284,125,0
42,216,011011000,4,0.9560975544,0.2577285054,38,0
42,511,111111111,9,0.9672256112,0.3458421361,159,0
42,375,101110111,7,0.9571646266,0.217339966,155,0
42,332,101001100,4,0.9624999929,0.1707430179,11,0
42,490,111101010,6,0.9657012131,0.1730029145,102,0
42,357,101100101,5,0.9574694987,0.1785467933,86,0
42,50,000110010,3,0.9269817118,0.1555463769,119,0
42,246,011110110,6,0.9506097473,0.2641389403,151,0
42,43,000101011,4,0.9513719436,0.1703410912,68,0
42,222,011011110,6,0.9573170654,0.3343018061,131,0
42,469,111010101,6,0.9583841395,0.2142438563,128,0
42,509,111111101,8,0.963262191,0.2523085512,157,0
42,499,111110011,7,0.9548780415,0.2065643724,156,0
42,60,000111100,4,0.9525914546,0.1621299409,59,0
42,52,000110100,3,0.9237804934,0.1129184102,132,0
42,241,011110001,5,0.9440548718,0.2607987896,139,0
42,290,100100010,3,0.9499999899,0.1336969913,18,0
42,109,001101101,5,0.9626524318,0.2083265451,67,0
42,107,001101011,5,0.9643292632,0.1645711297,55,0
42,252,011111100,6,0.964176828,0.316163627,106,0
42,296,100101000,3,0.9603658449,0.1424966599,3,0
42,74,001001010,3,0.9570121821,0.1378696063,5,0
42,251,011111011,7,0.9612804838,0.3173386743,152,0
42,325,101000101,4,0.9565548692,0.1581497551,33,0
42,318,100111110,6,0.9657012206,0.1994900974,99,0
42,76,001001100,3,0.9522865731,0.1880639463,10,0
42,42,000101010,3,0.955487797,0.1481546445,6,0
42,261,100000101,3,0.9481707271,0.1661854191,22,0
42,15,000001111,4,0.9467987716,0.2596095148,83,0
42,20,000010100,2,0.916006105,0.1150037684,118,0
42,427,110101011,6,0.9629573077,0.1781795989,108,0
42,253,011111101,7,0.9640243892,0.2906484376,142,0
42,184,010111000,4,0.9567073099,0.2421766864,32,0
42,82,001010010,3,0.9452743866,0.1904831256,36,0
42,286,100011110,5,0.9696646333,0.1719646058,24,0
42,231,011100111,6,0.9519817065,0.2285920731,146,0
42,313,100111001,5,0.963109754,0.167221989,61,0
42,434,110110010,5,0.9512195047,0.2008119989,111,0
42,13,000001101,3,0.9356707335,0.3014179626,84,0
42,294,100100110,4,0.9550304823,0.1726385914,43,0
42,8,000001000,1,0.9012195114,0.0953759877,135,0
42,173,010101101,5,0.9568597469,0.2084413404,92,0
42,173,010101101,5,0.9568597469,0.2084413404,88,0
42,301,100101101,5,0.9657012131,0.1904032845,46,0
42,131,010000011,3,0.9347560965,0.1501262328,87,0
42,209,011010001,4,0.9481707271,0.2154377233,76,0
42,92,001011100,4,0.9571646284,0.2256155275,29,0
42,97,001100001,3,0.9439024366,0.1496965196,45,0
42,156,010011100,4,0.9596036505,0.2749188193,21,0
42,53,000110101,4,0.9317073226,0.1503448677,140,0
42,230,011100110,5,0.9544207174,0.2009842331,103,0
42,252,011111100,6,0.964176828,0.316163627,105,0
42,12,000001100,2,0.9342987817,0.1145905149,35,0
42,371,101110011,6,0.9557926711,0.1782466671,138,0
42,134,010000110,3,0.9411585312,0.1737534327,60,0
42,161,010100001,3,0.926981708,0.1333965359,120,0
42,387,110000011,4,0.9507621918,0.175960077,71,0
42,289,100100001,3,0.9368902445,0.1236085924,77,0
42,173,010101101,5,0.9568597469,0.2084413404,89,0
42,290,100100010,3,0.9499999899,0.1336969913,19,0
42,187,010111011,6,0.9594512116,0.279120577,126,0
42,22,000010110,3,0.9240853731,0.1162337693,130,0
42,313,100111001,5,0.963109754,0.167221989,62,0
42,155,010011011,5,0.9644817039,0.2534072064,54,0
42,108,001101100,4,0.9585365746,0.1886128322,25,0
42,507,111111011,8,0.9617377967,0.2683291459,158,0
42,186,010111010,5,0.9589938968,0.2682068814,78,0
42,304,100110000,3,0.9338414669,0.1354449289,95,0
42,30,000011110,4,0.9535060879,0.1916021421,51,0
42,30,000011110,4,0.9535060879,0.1916021421,50,0
42,225,011100001,4,0.9452743847,0.1662776889,94,0
42,147,010010011,4,0.9367378037,0.1958240762,127,0
42,366,101101110,6,0.9675304852,0.2001497867,93,0
42,227,011100011,5,0.9506097492,0.1793539175,113,0
42,154,010011010,4,0.9570121877,0.2396545438,30,0
42,473,111011001,6,0.9602134135,0.2257233416,121,0
42,384,110000000,2,0.942378046,0.1023272595,7,0
42,142,010001110,4,0.9562499933,0.2010135157,37,0
42,292,100100100,3,0.9576219451,0.1772560109,4,0
42,93,001011101,5,0.9603658449,0.2507782625,75,0
42,189,010111101,6,0.9599085283,0.3050948284,124,0
42,379,101111011,7,0.9603658468,0.2280426561,154,0
42,32,000100000,1,0.8641768359,0.1044695501,161,0
42,353,101100001,4,0.9532012139,0.1389175798,56,0
42,440,110111000,5,0.9647865817,0.2230814546,49,0
42,466,111010010,5,0.9501524325,0.2081504837,116,0
42,155,010011011,5,0.9644817039,0.2534072064,53,0
42,483,111100011,6,0.9574695099,0.1675422555,129,0
42,205,011001101,5,0.9605182856,0.3885932574,74,0
42,387,110000011,4,0.9507621918,0.175960077,70,0
42,318,100111110,6,0.9657012206,0.1994900974,100,0
42,437,110110101,6,0.9524390157,0.2554515093,144,0
42,66,001000010,2,0.9518292602,0.09929567995,2,0
42,30,000011110,4,0.9535060879,0.1916021421,52,0
42,103,001100111,5,0.9515243843,0.1856543748,109,0
42,284,100011100,4,0.9644817002,0.1660791668,8,0
42,53,000110101,4,0.9317073226,0.1503448677,141,0
42,24,000011000,2,0.9400914628,0.1224767463,15,0
42,468,111010100,5,0.96204268,0.1961445869,69,0
42,182,010110110,5,0.9414634127,0.2396552637,143,0
42,125,001111101,6,0.9565548748,0.2541114357,136,0
42,385,110000001,3,0.9457317069,0.1523044817,31,0
42,438,110110110,6,0.9568597469,0.2188521465,134,0
42,120,001111000,4,0.9544207193,0.2454422717,47,0
42,498,111110010,6,0.956097547,0.2142396532,137,0
43,330,101001010,4,0.9649390206,0.1500430945,14,0
43,183,010110111,6,0.9443597514,0.2673205337,158,0
43,75,001001011,4,0.9623475578,0.1703412908,22,0
43,355,101100011,5,0.9577743858,0.1480007793,89,0
43,410,110011010,5,0.9644817039,0.2193003995,58,0
43,505,111111001,7,0.9647865836,0.259944424,148,0
43,378,101111010,6,0.964786578,0.2308151182,114,0
43,174,010101110,5,0.9596036505,0.2229905166,81,0
43,167,010100111,5,0.9480182845,0.1973982276,135,0
43,156,010011100,4,0.9596036505,0.2749188193,31,0
43,358,101100110,5,0.9629573151,0.1768365032,64,0
43,61,000111101,5,0.9515243843,0.1722416603,126,0
43,67,001000011,3,0.9541158434,0.1536063617,11,0
43,64,001000000,1,0.9262195174,0.09079117677,32,0
43,491,111101011,7,0.9621951226,0.1842359612,154,0
43,478,111011110,7,0.9678353649,0.271671345,142,0
43,89,001011001,4,0.958079258,0.2149465061,39,0
43,282,100011010,4,0.9623475503,0.1541509838,23,0
43,157,010011101,5,0.9608231653,0.2573634591,72,0
43,349,101011101,6,0.9696646389,0.3093579304,85,0
43,57,000111001,4,0.9443597514,0.1744129988,104,0
43,115,001110011,5,0.9527438954,0.1939238748,117,0
43,260,100000100,2,0.9440548718,0.2004308952,6,0
43,230,011100110,5,0.9544207174,0.2009842331,111,0
43,498,111110010,6,0.956097547,0.2142396532,143,0
43,360,101101000,4,0.9634146318,0.168340771,20,0
43,190,010111110,6,0.9559451174,0.3044974832,144,0
43,363,101101011,6,0.9637195095,0.1817409033,119,0
43,53,000110101,4,0.9317073226,0.1503448677,147,0
43,233,011101001,5,0.9603658449,0.268123046,79,0
43,287,100011111,6,0.9652439002,0.1928226636,113,0
43,84,001010100,3,0.9432926793,0.1912370785,53,0
43,511,111111111,9,0.9672256112,0.3458421361,161,0
43,201,011001001,4,0.9567073155,0.1810487332,42,0
43,291,100100011,4,0.9493902382,0.206504555,77,0
43,186,010111010,5,0.9589938968,0.2682068814,83,0
43,233,011101001,5,0.9603658449,0.268123046,80,0
43,438,110110110,6,0.9568597469,0.2188521465,141,0
43,486,111100110,6,0.9629573114,0.1877477956,123,0
43,459,111001011,6,0.9693597592,0.1673336257,88,0
43,205,011001101,5,0.9605182856,0.3885932574,75,0
43,409,110011001,5,0.9621951114,0.2163874777,68,0
43,432,110110000,4,0.9525914509,0.190835604,61,0
43,425,110101001,5,0.9621951208,0.1687642131,67,0
43,355,101100011,5,0.9577743858,0.1480007793,90,0
43,121,001111001,5,0.9562499933,0.3466811553,97,0
43,456,111001000,4,0.9663109723,0.1493365318,5,0
43,380,101111100,6,0.9635670688,0.2217264464,121,0
43,491,111101011,7,0.9621951226,0.1842359612,153,0
43,78,001001110,4,0.9573170636,0.2032758179,41,0
43,45,000101101,4,0.9461890161,0.1590515091,91,0
43,36,000100100,2,0.9050304871,0.1029281626,156,0
43,500,111110100,6,0.9571646266,0.210213976,140,0
43,100,001100100,3,0.9481707253,0.1504776806,33,0
43,348,101011100,5,0.9661585353,0.1913031316,49,0
43,144,010010000,2,0.9355182927,0.1628878268,40,0
43,262,100000110,3,0.9503048733,0.1506545902,27,0
43,487,111100111,7,0.9623475522,0.2054754389,152,0
43,132,010000100,2,0.9396341462,0.1636577162,26,0
43,136,010001000,2,0.9556402415,0.08872172865,0,0
43,57,000111001,4,0.9443597514,0.1744129988,105,0
43,149,010010101,4,0.9435975533,0.2027544379,109,0
43,406,110010110,5,0.9480182827,0.218691871,137,0
43,461,111001101,6,0.9624999948,0.2131315088,127,0
43,265,100001001,3,0.9512195047,0.1273183418,25,0
43,484,111100100,5,0.9605182838,0.1770865889,76,0
43,353,101100001,4,0.9532012139,0.1389175798,59,0
43,298,100101010,4,0.9635670781,0.1536765499,19,0
43,259,100000011,3,0.9335365873,0.1357063192,103,0
43,45,000101101,4,0.9461890161,0.1590515091,92,0
43,199,011000111,5,0.9521341417,0.2270386657,122,0
43,459,111001011,6,0.9693597592,0.1673336257,87,0
43,260,100000100,2,0.9440548718,0.2004308952,9,0
43,157,010011101,5,0.9608231653,0.2573634591,73,0
43,274,100010010,3,0.9408536572,0.1183711295,62,0
43,272,100010000,2,0.9314024411,0.09646097757,55,0
43,451,111000011,5,0.9550304729,0.1685197698,108,0
43,476,111011100,6,0.9672256112,0.2396430206,100,0
43,181,010110101,5,0.9463414587,0.2437225715,138,0
43,260,100000100,2,0.9440548718,0.2004308952,7,0
43,186,010111010,5,0.9589938968,0.2682068814,84,0
43,193,011000001,3,0.9471036512,0.1576919009,38,0
43,179,010110011,5,0.9410060942,0.2424715101,149,0
43,412,110011100,5,0.9612804819,0.2286357516,71,0
43,250,011111010,6,0.9603658486,0.2909253226,131,0
43,368,101110000,4,0.9560975526,0.1694042669,45,0
43,495,111101111,8,0.9658536594,0.22599763,160,0
43,348,101011100,5,0.9661585353,0.1913031316,48,0
43,322,101000010,3,0.9539634027,0.1114213858,13,0
43,391,110000111,5,0.9551829174,0.1890920834,106,0
43,428,110101100,5,0.9626524337,0.1925693848,66,0
43,225,011100001,4,0.9452743847,0.1662776889,96,0
43,282,100011010,4,0.9623475503,0.1541509838,24,0
43,70,001000110,3,0.9445121922,0.1709114732,47,0
43,77,001001101,4,0.9611280505,0.2220115,28,0
43,98,001100010,3,0.9480182808,0.1166399249,36,0
43,88,001011000,3,0.9570121896,0.1966020344,3,0
43,502,111110110,7,0.9586890154,0.2245801887,157,0
43,306,100110010,4,0.9446646273,0.140418421,102,0
43,466,111010010,5,0.9501524325,0.2081504837,130,0
43,222,011011110,6,0.9573170654,0.3343018061,139,0
43,368,101110000,4,0.9560975526,0.1694042669,46,0
43,399,110001111,6,0.9626524355,0.2035451112,124,0
43,417,110100001,4,0.9451219458,0.1674812513,98,0
43,430,110101110,6,0.9653963409,0.2012857567,112,0
43,363,101101011,6,0.9637195095,0.1817409033,120,0
43,458,111001010,5,0.9644817039,0.1614640043,57,0
43,281,100011001,4,0.9638719484,0.1484918948,18,0
43,387,110000011,4,0.9507621918,0.175960077,69,0
43,113,001110001,4,0.9504573084,0.1746187271,70,0
43,140,010001100,3,0.9544207212,0.1939722262,10,0
43,233,011101001,5,0.9603658449,0.268123046,78,0
43,350,101011110,6,0.9681402408,0.2603807449,94,0
43,413,110011101,6,0.9644817039,0.2295870977,116,0
43,210,011010010,4,0.9449695069,0.2644167612,101,0
43,338,101010010,4,0.9530487694,0.1827030429,60,0
43,221,011011101,6,0.9602134116,0.300388671,132,0
43,100,001100100,3,0.9481707253,0.1504776806,34,0
43,363,101101011,6,0.9637195095,0.1817409033,118,0
43,102,001100110,4,0.9516768195,0.1653954163,65,0
43,356,101100100,4,0.9591463339,0.1657813322,35,0
43,443,110111011,7,0.9624999985,0.2361019221,151,0
43,6,000000110,2,0.9178353697,0.1008892676,129,0
43,341,101010101,5,0.9649390262,0.1703384123,54,0
43,219,011011011,6,0.9600609709,0.3007806377,134,0
43,481,111100001,5,0.9490853604,0.1667485817,133,0
43,229,011100101,5,0.9513719473,0.2044244306,128,0
43,406,110010110,5,0.9480182827,0.218691871,136,0
43,364,101101100,5,0.9696646333,0.1734690042,37,0
43,145,010010001,3,0.943597557,0.1669537378,51,0
43,284,100011100,4,0.9644817002,0.1660791668,16,0
43,431,110101111,7,0.9658536613,0.2059036302,146,0
43,38,000100110,3,0.9329268336,0.1262098874,107,0
43,127,001111111,7,0.9617378041,0.3252968704,155,0
43,114,001110010,4,0.9474085346,0.1818423038,86,0
43,203,011001011,5,0.959146332,0.1784309237,82,0
43,490,111101010,6,0.9657012131,0.1730029145,110,0
43,322,101000010,3,0.9539634027,0.1114213858,12,0
43,324,101000100,3,0.9624999966,0.1362094213,1,0
43,447,110111111,8,0.9663109742,0.2420711997,159,0
43,30,000011110,4,0.9535060879,0.1916021421,56,0
43,69,001000101,3,0.949695114,0.1974406161,30,0
43,45,000101101,4,0.9461890161,0.1590515091,93,0
43,452,111000100,4,0.9608231634,0.1636474896,29,0
43,28,000011100,3,0.9434451163,0.1445199884,52,0
43,274,100010010,3,0.9408536572,0.1183711295,63,0
43,476,111011100,6,0.9672256112,0.2396430206,99,0
43,192,011000000,2,0.9504573103,0.1211086311,2,0
43,200,011001000,3,0.955487797,0.1316828153,4,0
43,413,110011101,6,0.9644817039,0.2295870977,115,0
43,97,001100001,3,0.9439024366,0.1496965196,50,0
43,344,101011000,4,0.964634141,0.194875374,15,0
43,419,110100011,5,0.9568597469,0.1682509559,95,0
43,142,010001110,4,0.9562499933,0.2010135157,44,0
43,231,011100111,6,0.9519817065,0.2285920731,150,0
43,73,001001001,3,0.953048775,0.1462754204,17,0
43,260,100000100,2,0.9440548718,0.2004308952,8,0
43,386,110000010,3,0.9515243825,0.1274834615,21,0
43,126,001111110,6,0.9554878008,0.2875207094,145,0
43,205,011001101,5,0.9605182856,0.3885932574,74,0
43,325,101000101,4,0.9565548692,0.1581497551,43,0
43,399,110001111,6,0.9626524355,0.2035451112,125,0
44,308,100110100,4,0.957926821,0.1752202315,35,0
44,392,110001000,3,0.9653963372,0.1357308119,1,0
44,436,110110100,5,0.9548780341,0.3190835472,103,0
44,12,000001100,2,0.9342987817,0.1145905149,43,0
44,485,111100101,6,0.9573170673,0.1772199203,133,0
44,258,100000010,2,0.9272865914,0.1128509992,79,0
44,132,010000100,2,0.9396341462,0.1636577162,23,0
44,81,001010001,3,0.9440548755,0.1765820705,50,0
44,376,101111000,5,0.9667682927,0.1849404364,46,0
44,99,001100011,4,0.9495426733,0.1583316922,78,0
44,153,010011001,4,0.955487797,0.2314127795,47,0
44,450,111000010,4,0.9554877952,0.1262044164,48,0
44,444,110111100,6,0.964786578,0.2217209716,110,0
44,447,110111111,8,0.9663109742,0.2420711997,156,0
44,84,001010100,3,0.9432926793,0.1912370785,55,0
44,161,010100001,3,0.926981708,0.1333965359,123,0
44,102,001100110,4,0.9516768195,0.1653954163,69,0
44,421,110100101,5,0.9567073006,0.1923621674,96,0
44,354,101100010,4,0.9609756079,0.1522667618,24,0
44,224,011100000,3,0.9408536591,0.1201759358,67,0
44,454,111000110,5,0.960975606,0.1631978797,74,0
44,76,001001100,3,0.9522865731,0.1880639463,16,0
44,507,111111011,8,0.9617377967,0.2683291459,161,0
44,281,100011001,4,0.9638719484,0.1484918948,15,0
44,79,001001111,5,0.962957317,0.2229459747,68,0
44,133,010000101,3,0.9432926811,0.1673714092,54,0
44,321,101000001,3,0.953048775,0.1407439543,14,0
44,148,010010100,3,0.9419207256,0.2030755011,63,0
44,458,111001010,5,0.9644817039,0.1614640043,60,0
44,279,100010111,5,0.9499999974,0.1593395183,120,0
44,160,010100000,2,0.9399390239,0.09322097432,22,0
44,190,010111110,6,0.9559451174,0.3044974832,139,0
44,128,010000000,1,0.9323170781,0.08404751134,10,0
44,423,110100111,6,0.9544207193,0.1782295462,141,0
44,88,001011000,3,0.9570121896,0.1966020344,5,0
44,397,110001101,5,0.9626524374,0.1984722707,71,0
44,279,100010111,5,0.9499999974,0.1593395183,119,0
44,75,001001011,4,0.9623475578,0.1703412908,19,0
44,253,011111101,7,0.9640243892,0.2906484376,147,0
44,56,000111000,3,0.9454268273,0.1453281161,42,0
44,306,100110010,4,0.9446646273,0.140418421,100,0
44,102,001100110,4,0.9516768195,0.1653954163,70,0
44,135,010000111,4,0.9429878015,0.1987346318,109,0
44,86,001010110,4,0.9498475529,0.2009678534,75,0
44,156,010011100,4,0.9596036505,0.2749188193,26,0
44,390,110000110,4,0.9560975488,0.160214691,44,0
44,55,000110111,5,0.9394817054,0.1547308483,152,0
44,195,011000011,4,0.9493902363,0.1929078563,82,0
44,28,000011100,3,0.9434451163,0.1445199884,51,0
44,53,000110101,4,0.9317073226,0.1503448677,145,0
44,338,101010010,4,0.9530487694,0.1827030429,61,0
44,473,111011001,6,0.9602134135,0.2257233416,125,0
44,11,000001011,3,0.9513719436,0.1420441959,18,0
44,203,011001011,5,0.959146332,0.1784309237,87,0
44,43,000101011,4,0.9513719436,0.1703410912,73,0
44,487,111100111,7,0.9623475522,0.2054754389,149,0
44,249,011111001,6,0.958993895,0.3032088177,130,0
44,408,110011000,4,0.958231695,0.2197342259,33,0
44,123,001111011,6,0.9626524355,0.2404932803,116,0
44,247,011110111,7,0.9538109675,0.2866593562,160,0
44,422,110100110,5,0.9547256045,0.1711755372,104,0
44,330,101001010,4,0.9649390206,0.1500430945,13,0
44,233,011101001,5,0.9603658449,0.268123046,83,0
44,306,100110010,4,0.9446646273,0.140418421,101,0
44,502,111110110,7,0.9586890154,0.2245801887,155,0
44,155,010011011,5,0.9644817039,0.2534072064,59,0
44,151,010010111,5,0.9432926774,0.2769849757,143,0
44,209,011010001,4,0.9481707271,0.2154377233,86,0
44,252,011111100,6,0.964176828,0.316163627,112,0
44,467,111010011,6,0.9539634027,0.2327699261,144,0
44,432,110110000,4,0.9525914509,0.190835604,66,0
44,181,010110101,5,0.9463414587,0.2437225715,132,0
44,477,111011101,7,0.9663109761,0.245831884,140,0
44,356,101100100,4,0.9591463339,0.1657813322,28,0
44,205,011001101,5,0.9605182856,0.3885932574,80,0
44,239,011101111,7,0.9621951133,0.2638499523,150,0
44,116,001110100,4,0.9464938957,0.2140967343,92,0
44,297,100101001,4,0.9582317006,0.1647070954,32,0
44,330,101001010,4,0.9649390206,0.1500430945,12,0
44,219,011011011,6,0.9600609709,0.3007806377,126,0
44,325,101000101,4,0.9565548692,0.1581497551,41,0
44,318,100111110,6,0.9657012206,0.1994900974,105,0
44,196,011000100,3,0.9515243825,0.1577226631,17,0
44,99,001100011,4,0.9495426733,0.1583316922,77,0
44,261,100000101,3,0.9481707271,0.1661854191,27,0
44,143,010001111,5,0.9640243854,0.2269113725,65,0
44,18,000010010,2,0.9048780557,0.1242320742,154,0
44,291,100100011,4,0.9493902382,0.206504555,81,0
44,125,001111101,6,0.9565548748,0.2541114357,135,0
44,312,100111000,4,0.9676829297,0.1558179194,6,0
44,83,001010011,4,0.9489329197,0.2551624496,84,0
44,282,100011010,4,0.9623475503,0.1541509838,20,0
44,357,101100101,5,0.9574694987,0.1785467933,93,0
44,445,110111101,7,0.9670731686,0.2392563811,138,0
44,434,110110010,5,0.9512195047,0.2008119989,117,0
44,445,110111101,7,0.9670731686,0.2392563811,137,0
44,423,110100111,6,0.9544207193,0.1782295462,142,0
44,139,010001011,4,0.9586890135,0.1512846262,30,0
44,237,011101101,6,0.9591463376,0.2640092028,128,0
44,303,100101111,6,0.9673780538,0.2067371374,99,0
44,489,111101001,6,0.9646341447,0.1878299923,111,0
44,139,010001011,4,0.9586890135,0.1512846262,31,0
44,242,011110010,5,0.9455792625,0.2814117442,134,0
44,92,001011100,4,0.9571646284,0.2256155275,39,0
44,65,001000001,2,0.9350609761,0.1252497334,38,0
44,144,010010000,2,0.9355182927,0.1628878268,36,0
44,437,110110101,6,0.9524390157,0.2554515093,148,0
44,230,011100110,5,0.9544207174,0.2009842331,107,0
44,28,000011100,3,0.9434451163,0.1445199884,52,0
44,398,110001110,5,0.9652439002,0.184927925,56,0
44,115,001110011,5,0.9527438954,0.1939238748,114,0
44,278,100010110,4,0.9477134068,0.1614845553,89,0
44,161,010100001,3,0.926981708,0.1333965359,122,0
44,106,001101010,4,0.9589938987,0.1349909608,29,0
44,329,101001001,4,0.9663109742,0.1626024148,9,0
44,397,110001101,5,0.9626524374,0.1984722707,72,0
44,426,110101010,5,0.965548778,0.1652380908,53,0
44,411,110011011,6,0.9638719447,0.23684128,113,0
44,148,010010100,3,0.9419207256,0.2030755011,64,0
44,440,110111000,5,0.9647865817,0.2230814546,57,0
44,211,011010011,5,0.9449695051,0.2340317885,136,0
44,110,001101110,5,0.9606707301,0.2040525535,76,0
44,505,111111001,7,0.9647865836,0.259944424,146,0
44,168,010101000,3,0.9556402303,0.1283902619,7,0
44,296,100101000,3,0.9603658449,0.1424966599,2,0
44,30,000011110,4,0.9535060879,0.1916021421,58,0
44,10,000001010,2,0.9445121922,0.1083079919,8,0
44,359,101100111,6,0.9612804819,0.1891228305,118,0
44,147,010010011,4,0.9367378037,0.1958240762,131,0
44,366,101101110,6,0.9675304852,0.2001497867,97,0
44,239,011101111,7,0.9621951133,0.2638499523,151,0
44,136,010001000,2,0.9556402415,0.08872172865,0,0
44,89,001011001,4,0.958079258,0.2149465061,34,0
44,128,010000000,1,0.9323170781,0.08404751134,11,0
44,13,000001101,3,0.9356707335,0.3014179626,91,0
44,406,110010110,5,0.9480182827,0.218691871,129,0
44,19,000010011,3,0.9097560961,0.1301706852,158,0
44,189,010111101,6,0.9599085283,0.3050948284,127,0
44,247,011110111,7,0.9538109675,0.2866593562,159,0
44,96,001100000,2,0.9330792725,0.09982250445,49,0
44,419,110100011,5,0.9568597469,0.1682509559,95,0
44,248,011111000,5,0.9550304767,0.2725362466,102,0
44,338,101010010,4,0.9530487694,0.1827030429,62,0
44,299,100101011,5,0.9684451278,0.1646855306,37,0
44,35,000100011,3,0.9163109809,0.1255413797,153,0
44,174,010101110,5,0.9596036505,0.2229905166,85,0
44,163,010100011,4,0.9469512142,0.1452375506,90,0
44,318,100111110,6,0.9657012206,0.1994900974,106,0
44,289,100100001,3,0.9368902445,0.1236085924,88,0
44,194,011000010,3,0.9448170681,0.1295389787,45,0
44,280,100011000,3,0.9574695043,0.1384578615,4,0
44,161,010100001,3,0.926981708,0.1333965359,124,0
44,156,010011100,4,0.9596036505,0.2749188193,25,0
44,496,111110000,5,0.9541158415,0.2100702799,108,0
44,24,000011000,2,0.9400914628,0.1224767463,21,0
44,54,000110110,4,0.9384146333,0.1622000067,121,0
44,499,111110011,7,0.9548780415,0.2065643724,157,0
44,357,101100101,5,0.9574694987,0.1785467933,94,0
44,137,010001001,3,0.9589938968,0.1376599907,3,0
44,310,100110110,5,0.952591449,0.1832640478,115,0
44,184,010111000,4,0.9567073099,0.2421766864,40,0
44,176,010110000,3,0.9341463428,0.2078121302,98,0
45,169,010101001,4,0.9554877914,0.1521936124,47,0
45,243,011110011,6,0.9530487731,0.2716712286,141,0
45,459,111001011,6,0.9693597592,0.1673336257,87,0
45,499,111110011,7,0.9548780415,0.2065643724,155,0
45,152,010011000,3,0.9513719399,0.2329935927,19,0
45,253,011111101,7,0.9640243892,0.2906484376,142,0
45,299,100101011,5,0.9684451278,0.1646855306,36,0
45,174,010101110,5,0.9596036505,0.2229905166,82,0
45,135,010000111,4,0.9429878015,0.1987346318,102,0
45,212,011010100,4,0.952439012,0.2385208402,61,0
45,492,111101100,6,0.9681402501,0.1861764477,90,0
45,317,100111101,6,0.9661585316,0.1998526342,98,0
45,155,010011011,5,0.9644817039,0.2534072064,56,0
45,128,010000000,1,0.9323170781,0.08404751134,12,0
45,331,101001011,5,0.9695122056,0.1774945036,32,0
45,278,100010110,4,0.9477134068,0.1614845553,85,0
45,281,100011001,4,0.9638719484,0.1484918948,15,0
45,338,101010010,4,0.9530487694,0.1827030429,57,0
45,157,010011101,5,0.9608231653,0.2573634591,73,0
45,312,100111000,4,0.9676829297,0.1558179194,10,0
45,169,010101001,4,0.9554877914,0.1521936124,46,0
45,499,111110011,7,0.9548780415,0.2065643724,154,0
45,64,001000000,1,0.9262195174,0.09079117677,28,0
45,166,010100110,4,0.9381097537,0.1851869859,118,0
45,272,100010000,2,0.9314024411,0.09646097757,55,0
45,378,101111010,6,0.964786578,0.2308151182,103,0
45,236,011101100,5,0.9617378004,0.2343629976,68,0
45,111,001101111,6,0.958993895,0.2237674175,128,0
45,53,000110101,4,0.9317073226,0.1503448677,140,0
45,233,011101001,5,0.9603658449,0.268123046,81,0
45,93,001011101,5,0.9603658449,0.2507782625,80,0
45,65,001000001,2,0.9350609761,0.1252497334,38,0
45,511,111111111,9,0.9672256112,0.3458421361,160,0
45,250,011111010,6,0.9603658486,0.2909253226,117,0
45,175,010101111,6,0.9585365672,0.2318464871,129,0
45,114,001110010,4,0.9474085346,0.1818423038,86,0
45,96,001100000,2,0.9330792725,0.09982250445,49,0
45,436,110110100,5,0.9548780341,0.3190835472,100,0
45,258,100000010,2,0.9272865914,0.1128509992,76,0
45,473,111011001,6,0.9602134135,0.2257233416,119,0
45,237,011101101,6,0.9591463376,0.2640092028,122,0
45,157,010011101,5,0.9608231653,0.2573634591,74,0
45,368,101110000,4,0.9560975526,0.1694042669,43,0
45,165,010100101,4,0.9425304867,0.182659965,104,0
45,323,101000011,4,0.9560975581,0.1510076611,41,0
45,121,001111001,5,0.9562499933,0.3466811553,92,0
45,232,011101000,4,0.9621951152,0.2219230887,21,0
45,254,011111110,7,0.9605182894,0.3400172121,153,0
45,448,111000000,3,0.9498475511,0.1094583822,26,0
45,130,010000010,2,0.9394817092,0.1096591135,22,0
45,141,010001101,4,0.9608231671,0.193762437,27,0
45,165,010100101,4,0.9425304867,0.182659965,105,0
45,501,111110101,7,0.9533536471,0.2283734311,157,0
45,308,100110100,4,0.957926821,0.1752202315,35,0
45,214,011010110,5,0.9489329215,0.2694390733,121,0
45,8,000001000,1,0.9012195114,0.0953759877,133,0
45,342,101010110,5,0.9528963305,0.1802943386,111,0
45,359,101100111,6,0.9612804819,0.1891228305,116,0
45,384,110000000,2,0.942378046,0.1023272595,13,0
45,328,101001000,3,0.9661585353,0.1314932012,1,0
45,210,011010010,4,0.9449695069,0.2644167612,94,0
45,403,110010011,5,0.9471036531,0.1901693111,131,0
45,94,001011110,5,0.9580792617,0.2609661664,88,0
45,493,111101101,7,0.9640243854,0.3398395209,143,0
45,97,001100001,3,0.9439024366,0.1496965196,51,0
45,484,111100100,5,0.9605182838,0.1770865889,78,0
45,72,001001000,2,0.9495426752,0.1139507112,6,0
45,302,100101110,5,0.9657012187,0.1828945968,52,0
45,259,100000011,3,0.9335365873,0.1357063192,95,0
45,44,000101100,3,0.9384146333,0.1604029066,75,0
45,78,001001110,4,0.9573170636,0.2032758179,37,0
45,202,011001010,4,0.9612804782,0.149196442,23,0
45,392,110001000,3,0.9653963372,0.1357308119,2,0
45,471,111010111,7,0.9618902374,0.2460674956,150,0
45,43,000101011,4,0.9513719436,0.1703410912,67,0
45,368,101110000,4,0.9560975526,0.1694042669,42,0
45,321,101000001,3,0.953048775,0.1407439543,14,0
45,471,111010111,7,0.9618902374,0.2460674956,151,0
45,437,110110101,6,0.9524390157,0.2554515093,146,0
45,268,100001100,3,0.9647865798,0.1379161642,3,0
45,186,010111010,5,0.9589938968,0.2682068814,83,0
45,193,011000001,3,0.9471036512,0.1576919009,33,0
45,443,110111011,7,0.9624999985,0.2361019221,148,0
45,412,110011100,5,0.9612804819,0.2286357516,69,0
45,251,011111011,7,0.9612804838,0.3173386743,152,0
45,336,101010000,3,0.9498475567,0.1365595176,25,0
45,111,001101111,6,0.958993895,0.2237674175,125,0
45,220,011011100,5,0.9589938931,0.2710625273,84,0
45,386,110000010,3,0.9515243825,0.1274834615,18,0
45,391,110000111,5,0.9551829174,0.1890920834,96,0
45,428,110101100,5,0.9626524337,0.1925693848,66,0
45,229,011100101,5,0.9513719473,0.2044244306,114,0
45,282,100011010,4,0.9623475503,0.1541509838,20,0
45,138,010001010,3,0.9580792598,0.1175190397,8,0
45,77,001001101,4,0.9611280505,0.2220115,24,0
45,66,001000010,2,0.9518292602,0.09929567995,4,0
45,472,111011000,5,0.9638719503,0.2441837927,59,0
45,360,101101000,4,0.9634146318,0.168340771,16,0
45,274,100010010,3,0.9408536572,0.1183711295,63,0
45,320,101000000,2,0.9503048677,0.1123269997,5,0
45,86,001010110,4,0.9498475529,0.2009678534,71,0
45,382,101111110,7,0.9690548796,0.2183860508,132,0
45,261,100000101,3,0.9481707271,0.1661854191,29,0
45,433,110110001,5,0.953048775,0.1948711216,109,0
45,446,110111110,7,0.9637195077,0.2505255626,145,0
45,111,001101111,6,0.958993895,0.2237674175,126,0
45,72,001001000,2,0.9495426752,0.1139507112,7,0
45,376,101111000,5,0.9667682927,0.1849404364,45,0
45,487,111100111,7,0.9623475522,0.2054754389,149,0
45,241,011110001,5,0.9440548718,0.2607987896,136,0
45,260,100000100,2,0.9440548718,0.2004308952,11,0
45,241,011110001,5,0.9440548718,0.2607987896,138,0
45,350,101011110,6,0.9681402408,0.2603807449,91,0
45,149,010010101,4,0.9435975533,0.2027544379,101,0
45,406,110010110,5,0.9480182827,0.218691871,123,0
45,242,011110010,5,0.9455792625,0.2814117442,134,0
45,469,111010101,6,0.9583841395,0.2142438563,130,0
45,480,111100000,4,0.9522865769,0.1520633074,62,0
45,449,111000001,4,0.9550304785,0.2016363414,50,0
45,327,101000111,5,0.9611280449,0.1737721614,70,0
45,317,100111101,6,0.9661585316,0.1998526342,97,0
45,451,111000011,5,0.9550304729,0.1685197698,99,0
45,7,000000111,3,0.9213414732,0.1769612008,139,0
45,339,101010011,5,0.9528963324,0.1730788327,110,0
45,275,100010011,4,0.9417682886,0.1271214618,112,0
45,481,111100001,5,0.9490853604,0.1667485817,120,0
45,501,111110101,7,0.9533536471,0.2283734311,158,0
45,440,110111000,5,0.9647865817,0.2230814546,54,0
45,108,001101100,4,0.9585365746,0.1886128322,31,0
45,241,011110001,5,0.9440548718,0.2607987896,137,0
45,280,100011000,3,0.9574695043,0.1384578615,9,0
45,511,111111111,9,0.9672256112,0.3458421361,161,0
45,46,000101110,4,0.9539634064,0.1775657085,53,0
45,111,001101111,6,0.958993895,0.2237674175,127,0
45,498,111110010,6,0.956097547,0.2142396532,135,0
45,489,111101001,6,0.9646341447,0.1878299923,106,0
45,420,110100100,4,0.9579268228,0.1566663263,34,0
45,258,100000010,2,0.9272865914,0.1128509992,77,0
45,413,110011101,6,0.9644817039,0.2295870977,107,0
45,479,111011111,8,0.9653963409,0.297615774,156,0
45,92,001011100,4,0.9571646284,0.2256155275,39,0
45,277,100010101,4,0.9528963342,0.1554693631,58,0
45,169,010101001,4,0.9554877914,0.1521936124,48,0
45,212,011010100,4,0.952439012,0.2385208402,60,0
45,476,111011100,6,0.9672256112,0.2396430206,93,0
45,345,101011001,5,0.9628048781,0.1997483987,65,0
45,509,111111101,8,0.963262191,0.2523085512,159,0
45,129,010000001,2,0.9335365873,0.1010586498,44,0
45,12,000001100,2,0.9342987817,0.1145905149,40,0
45,413,110011101,6,0.9644817039,0.2295870977,108,0
45,229,011100101,5,0.9513719473,0.2044244306,113,0
45,274,100010010,3,0.9408536572,0.1183711295,64,0
45,291,100100011,4,0.9493902382,0.206504555,79,0
45,463,111001111,7,0.9701219536,0.2215583678,124,0
45,231,011100111,6,0.9519817065,0.2285920731,147,0
45,493,111101101,7,0.9640243854,0.3398395209,144,0
45,76,001001100,3,0.9522865731,0.1880639463,17,0
45,136,010001000,2,0.9556402415,0.08872172865,0,0
45,86,001010110,4,0.9498475529,0.2009678534,72,0
45,13,000001101,3,0.9356707335,0.3014179626,89,0
45,261,100000101,3,0.9481707271,0.1661854191,30,0
45,207,011001111,6,0.9615853634,0.2859955677,115,0
46,16,000010000,1,0.8800304849,0.0962131978,158,0
46,396,110001100,4,0.9617377967,0.18006679,28,0
46,52,000110100,3,0.9237804934,0.1129184102,128,0
46,200,011001000,3,0.955487797,0.1316828153,10,0
46,39,000100111,4,0.9327743929,0.170628381,134,0
46,136,010001000,2,0.9556402415,0.08872172865,0,0
46,208,011010000,3,0.9487804789,0.2195109283,31,0
46,21,000010101,3,0.9280487876,0.1438165735,110,0
46,504,111111000,6,0.9646341465,0.2548272442,96,0
46,299,100101011,5,0.9684451278,0.1646855306,41,0
46,147,010010011,4,0.9367378037,0.1958240762,122,0
46,194,011000010,3,0.9448170681,0.1295389787,50,0
46,164,010100100,3,0.9356707316,0.1803958965,78,0
46,375,101110111,7,0.9571646266,0.217339966,150,0
46,180,010110100,4,0.9402438998,0.2270922111,107,0
46,105,001101001,4,0.9583841395,0.1598443775,38,0
46,164,010100100,3,0.9356707316,0.1803958965,77,0
46,45,000101101,4,0.9461890161,0.1590515091,81,0
46,352,101100000,3,0.9518292565,0.1353251534,22,0
46,165,010100101,4,0.9425304867,0.182659965,95,0
46,212,011010100,4,0.952439012,0.2385208402,63,0
46,140,010001100,3,0.9544207212,0.1939722262,17,0
46,143,010001111,5,0.9640243854,0.2269113725,59,0
46,283,100011011,5,0.9660060965,0.1543926708,54,0
46,255,011111111,8,0.9632621948,0.4130405989,156,0
46,129,010000001,2,0.9335365873,0.1010586498,51,0
46,395,110001011,5,0.9670731667,0.1769618806,49,0
46,144,010010000,2,0.9355182927,0.1628878268,40,0
46,202,011001010,4,0.9612804782,0.149196442,29,0
46,214,011010110,5,0.9489329215,0.2694390733,116,0
46,430,110101110,6,0.9653963409,0.2012857567,90,0
46,191,010111111,7,0.963719504,0.2866767156,140,0
46,4,000000100,1,0.9094512276,0.06868225115,91,0
46,277,100010101,4,0.9528963342,0.1554693631,60,0
46,372,101110100,5,0.9644817002,0.1726493784,58,0
46,461,111001101,6,0.9624999948,0.2131315088,106,0
46,415,110011111,7,0.9681402519,0.2540232334,129,0
46,72,001001000,2,0.9495426752,0.1139507112,5,0
46,243,011110011,6,0.9530487731,0.2716712286,139,0
46,168,010101000,3,0.9556402303,0.1283902619,7,0
46,274,100010010,3,0.9408536572,0.1183711295,65,0
46,354,101100010,4,0.9609756079,0.1522667618,30,0
46,7,000000111,3,0.9213414732,0.1769612008,137,0
46,466,111010010,5,0.9501524325,0.2081504837,111,0
46,308,100110100,4,0.957926821,0.1752202315,39,0
46,390,110000110,4,0.9560975488,0.160214691,48,0
46,21,000010101,3,0.9280487876,0.1438165735,108,0
46,257,100000001,2,0.8830792718,0.09909134312,161,0
46,61,000111101,5,0.9515243843,0.1722416603,105,0
46,249,011111001,6,0.958993895,0.3032088177,121,0
46,498,111110010,6,0.956097547,0.2142396532,132,0
46,342,101010110,5,0.9528963305,0.1802943386,98,0
46,10,000001010,2,0.9445121922,0.1083079919,8,0
46,479,111011111,8,0.9653963409,0.297615774,152,0
46,313,100111001,5,0.963109754,0.167221989,64,0
46,487,111100111,7,0.9623475522,0.2054754389,144,0
46,41,000101001,3,0.9443597533,0.2578364955,52,0
46,184,010111000,4,0.9567073099,0.2421766864,44,0
46,127,001111111,7,0.9617378041,0.3252968704,146,0
46,183,010110111,6,0.9443597514,0.2673205337,151,0
46,421,110100101,5,0.9567073006,0.1923621674,86,0
46,124,001111100,5,0.9573170636,0.2322485391,80,0
46,35,000100011,3,0.9163109809,0.1255413797,148,0
46,18,000010010,2,0.9048780557,0.1242320742,149,0
46,406,110010110,5,0.9480182827,0.218691871,119,0
46,411,110011011,6,0.9638719447,0.23684128,102,0
46,191,010111111,7,0.963719504,0.2866767156,141,0
46,147,010010011,4,0.9367378037,0.1958240762,123,0
46,508,111111100,7,0.9685975611,0.267471821,126,0
46,387,110000011,4,0.9507621918,0.175960077,68,0
46,417,110100001,4,0.9451219458,0.1674812513,87,0
46,501,111110101,7,0.9533536471,0.2283734311,154,0
46,505,111111001,7,0.9647865836,0.259944424,138,0
46,192,011000000,2,0.9504573103,0.1211086311,4,0
46,342,101010110,5,0.9528963305,0.1802943386,99,0
46,13,000001101,3,0.9356707335,0.3014179626,76,0
46,62,000111110,5,0.9538109656,0.2270585177,92,0
46,12,000001100,2,0.9342987817,0.1145905149,46,0
46,204,011001100,4,0.9535060935,0.2112389025,57,0
46,219,011011011,6,0.9600609709,0.3007806377,115,0
46,325,101000101,4,0.9565548692,0.1581497551,45,0
46,310,100110110,5,0.952591449,0.1832640478,103,0
46,64,001000000,1,0.9262195174,0.09079117677,32,0
46,34,000100010,2,0.9111280553,0.1001502015,133,0
46,260,100000100,2,0.9440548718,0.2004308952,13,0
46,175,010101111,6,0.9585365672,0.2318464871,124,0
46,402,110010010,4,0.9487804808,0.1966901873,74,0
46,419,110100011,5,0.9568597469,0.1682509559,85,0
46,509,111111101,8,0.963262191,0.2523085512,157,0
46,424,110101000,4,0.9621951189,0.151591171,24,0
46,242,011110010,5,0.9455792625,0.2814117442,130,0
46,266,100001010,3,0.9663109817,0.1359270001,3,0
46,485,111100101,6,0.9573170673,0.1772199203,127,0
46,305,100110001,4,0.9381097574,0.1583164767,113,0
46,418,110100010,4,0.9541158434,0.1336211525,56,0
46,185,010111001,5,0.957012184,0.2482354445,83,0
46,39,000100111,4,0.9327743929,0.170628381,135,0
46,27,000011011,4,0.9495426714,0.1951567573,70,0
46,237,011101101,6,0.9591463376,0.2640092028,117,0
46,431,110101111,7,0.9658536613,0.2059036302,136,0
46,425,110101001,5,0.9621951208,0.1687642131,66,0
46,33,000100001,2,0.8849085364,0.1405141028,160,0
46,160,010100000,2,0.9399390239,0.09322097432,26,0
46,76,001001100,3,0.9522865731,0.1880639463,21,0
46,65,001000001,2,0.9350609761,0.1252497334,42,0
46,400,110010000,3,0.9547256026,0.1810064591,15,0
46,182,010110110,5,0.9414634127,0.2396552637,142,0
46,171,010101011,5,0.961890243,0.1561283367,67,0
46,24,000011000,2,0.9400914628,0.1224767463,23,0
46,38,000100110,3,0.9329268336,0.1262098874,89,0
46,251,011111011,7,0.9612804838,0.3173386743,147,0
46,270,100001110,4,0.9641768225,0.171474142,18,0
46,161,010100001,3,0.926981708,0.1333965359,114,0
46,258,100000010,2,0.9272865914,0.1128509992,71,0
46,73,001001001,3,0.953048775,0.1462754204,19,0
46,393,110001001,4,0.9617377985,0.1536827425,27,0
46,298,100101010,4,0.9635670781,0.1536765499,20,0
46,21,000010101,3,0.9280487876,0.1438165735,109,0
46,60,000111100,4,0.9525914546,0.1621299409,62,0
46,400,110010000,3,0.9547256026,0.1810064591,14,0
46,258,100000010,2,0.9272865914,0.1128509992,72,0
46,62,000111110,5,0.9538109656,0.2270585177,93,0
46,378,101111010,6,0.964786578,0.2308151182,94,0
46,174,010101110,5,0.9596036505,0.2229905166,75,0
46,200,011001000,3,0.955487797,0.1316828153,11,0
46,14,000001110,3,0.9452743828,0.2012516796,47,0
46,42,000101010,3,0.955487797,0.1481546445,12,0
46,331,101001011,5,0.9695122056,0.1774945036,37,0
46,275,100010011,4,0.9417682886,0.1271214618,101,0
46,294,100100110,4,0.9550304823,0.1726385914,53,0
46,239,011101111,7,0.9621951133,0.2638499523,145,0
46,136,010001000,2,0.9556402415,0.08872172865,0,0
46,337,101010001,4,0.9527438916,0.1580627062,61,0
46,400,110010000,3,0.9547256026,0.1810064591,16,0
46,45,000101101,4,0.9461890161,0.1590515091,82,0
46,20,000010100,2,0.916006105,0.1150037684,112,0
46,19,000010011,3,0.9097560961,0.1301706852,153,0
46,249,011111001,6,0.958993895,0.3032088177,120,0
46,106,001101010,4,0.9589938987,0.1349909608,35,0
46,48,000110000,2,0.9140243977,0.09490588191,125,0
46,419,110100011,5,0.9568597469,0.1682509559,84,0
46,232,011101000,4,0.9621951152,0.2219230887,25,0
46,342,101010110,5,0.9528963305,0.1802943386,100,0
46,315,100111011,6,0.9631097522,0.1866992847,104,0
46,99,001100011,4,0.9495426733,0.1583316922,69,0
46,167,010100111,5,0.9480182845,0.1973982276,118,0
46,258,100000010,2,0.9272865914,0.1128509992,73,0
46,383,101111111,8,0.9637195133,0.2397632855,155,0
46,489,111101001,6,0.9646341447,0.1878299923,97,0
46,10,000001010,2,0.9445121922,0.1083079919,9,0
46,26,000011010,3,0.9474085309,0.166096261,36,0
46,231,011100111,6,0.9519817065,0.2285920731,143,0
46,57,000111001,4,0.9443597514,0.1744129988,88,0
46,112,001110000,3,0.9481707234,0.1940589957,34,0
46,136,010001000,2,0.9556402415,0.08872172865,0,0
46,154,010011010,4,0.9570121877,0.2396545438,43,0
46,511,111111111,9,0.9672256112,0.3458421361,159,0
46,357,101100101,5,0.9574694987,0.1785467933,79,0
46,168,010101000,3,0.9556402303,0.1283902619,6,0
46,498,111110010,6,0.956097547,0.2142396532,131,0
46,120,001111000,4,0.9544207193,0.2454422717,55,0
46,112,001110000,3,0.9481707234,0.1940589957,33,0
47,362,101101010,5,0.9624999966,0.1689127102,67,0
47,219,011011011,6,0.9600609709,0.3007806377,119,0
47,201,011001001,4,0.9567073155,0.1810487332,44,0
47,311,100110111,6,0.9535060879,0.1921334574,138,0
47,476,111011100,6,0.9672256112,0.2396430206,99,0
47,247,011110111,7,0.9538109675,0.2866593562,154,0
47,423,110100111,6,0.9544207193,0.1782295462,136,0
47,482,111100010,5,0.9591463339,0.139335844,83,0
47,7,000000111,3,0.9213414732,0.1769612008,135,0
47,468,111010100,5,0.96204268,0.1961445869,70,0
47,364,101101100,5,0.9696646333,0.1734690042,33,0
47,44,000101100,3,0.9384146333,0.1604029066,77,0
47,411,110011011,6,0.9638719447,0.23684128,105,0
47,201,011001001,4,0.9567073155,0.1810487332,46,0
47,267,100001011,4,0.9620426763,0.1646921253,22,0
47,370,101110010,5,0.9585365802,0.1784977219,87,0
47,91,001011011,5,0.9626524337,0.2549881525,65,0
47,466,111010010,5,0.9501524325,0.2081504837,113,0
47,159,010011111,6,0.9618902393,0.2912165942,112,0
47,408,110011000,4,0.958231695,0.2197342259,38,0
47,299,100101011,5,0.9684451278,0.1646855306,39,0
47,435,110110011,6,0.9568597432,0.2100424496,129,0
47,48,000110000,2,0.9140243977,0.09490588191,123,0
47,116,001110100,4,0.9464938957,0.2140967343,92,0
47,456,111001000,4,0.9663109723,0.1493365318,10,0
47,382,101111110,7,0.9690548796,0.2183860508,125,0
47,182,010110110,5,0.9414634127,0.2396552637,142,0
47,367,101101111,7,0.9689024445,0.2136532324,126,0
47,165,010100101,4,0.9425304867,0.182659965,103,0
47,297,100101001,4,0.9582317006,0.1647070954,37,0
47,273,100010001,3,0.936280489,0.1366260718,88,0
47,64,001000000,1,0.9262195174,0.09079117677,28,0
47,507,111111011,8,0.9617377967,0.2683291459,157,0
47,242,011110010,5,0.9455792625,0.2814117442,131,0
47,267,100001011,4,0.9620426763,0.1646921253,21,0
47,50,000110010,3,0.9269817118,0.1555463769,118,0
47,112,001110000,3,0.9481707234,0.1940589957,31,0
47,406,110010110,5,0.9480182827,0.218691871,121,0
47,397,110001101,5,0.9626524374,0.1984722707,63,0
47,283,100011011,5,0.9660060965,0.1543926708,52,0
47,493,111101101,7,0.9640243854,0.3398395209,141,0
47,29,000011101,4,0.951067064,0.1539091161,69,0
47,380,101111100,6,0.9635670688,0.2217264464,107,0
47,9,000001001,2,0.9167682994,0.1331997535,115,0
47,233,011101001,5,0.9603658449,0.268123046,80,0
47,105,001101001,4,0.9583841395,0.1598443775,36,0
47,330,101001010,4,0.9649390206,0.1500430945,13,0
47,382,101111110,7,0.9690548796,0.2183860508,124,0
47,448,111000000,3,0.9498475511,0.1094583822,26,0
47,454,111000110,5,0.960975606,0.1631978797,73,0
47,137,010001001,3,0.9589938968,0.1376599907,4,0
47,201,011001001,4,0.9567073155,0.1810487332,45,0
47,245,011110101,6,0.9474085309,0.2499909932,148,0
47,256,100000000,1,0.8653963432,0.05144251033,161,0
47,194,011000010,3,0.9448170681,0.1295389787,48,0
47,152,010011000,3,0.9513719399,0.2329935927,19,0
47,454,111000110,5,0.960975606,0.1631978797,72,0
47,261,100000101,3,0.9481707271,0.1661854191,29,0
47,260,100000100,2,0.9440548718,0.2004308952,11,0
47,332,101001100,4,0.9624999929,0.1707430179,17,0
47,83,001010011,4,0.9489329197,0.2551624496,81,0
47,387,110000011,4,0.9507621918,0.175960077,71,0
47,276,100010100,3,0.9513719417,0.1391151226,18,0
47,493,111101101,7,0.9640243854,0.3398395209,140,0
47,361,101101001,5,0.9644817058,0.176816938,56,0
47,100,001100100,3,0.9481707253,0.1504776806,30,0
47,136,010001000,2,0.9556402415,0.08872172865,0,0
47,110,001101110,5,0.9606707301,0.2040525535,74,0
47,35,000100011,3,0.9163109809,0.1255413797,146,0
47,60,000111100,4,0.9525914546,0.1621299409,59,0
47,91,001011011,5,0.9626524337,0.2549881525,66,0
47,10,000001010,2,0.9445121922,0.1083079919,9,0
47,8,000001000,1,0.9012195114,0.0953759877,130,0
47,287,100011111,6,0.9652439002,0.1928226636,102,0
47,289,100100001,3,0.9368902445,0.1236085924,84,0
47,434,110110010,5,0.9512195047,0.2008119989,109,0
47,409,110011001,5,0.9621951114,0.2163874777,68,0
47,499,111110011,7,0.9548780415,0.2065643724,151,0
47,305,100110001,4,0.9381097574,0.1583164767,117,0
47,132,010000100,2,0.9396341462,0.1636577162,23,0
47,186,010111010,5,0.9589938968,0.2682068814,85,0
47,217,011011001,5,0.9579268228,0.2819200605,89,0
47,15,000001111,4,0.9467987716,0.2596095148,91,0
47,476,111011100,6,0.9672256112,0.2396430206,98,0
47,251,011111011,7,0.9612804838,0.3173386743,145,0
47,336,101010000,3,0.9498475567,0.1365595176,25,0
47,205,011001101,5,0.9605182856,0.3885932574,78,0
47,349,101011101,6,0.9696646389,0.3093579304,86,0
47,74,001001010,3,0.9570121821,0.1378696063,6,0
47,3,000000011,2,0.893902434,0.1188580212,158,0
47,397,110001101,5,0.9626524374,0.1984722707,64,0
47,97,001100001,3,0.9439024366,0.1496965196,51,0
47,154,010011010,4,0.9570121877,0.2396545438,42,0
47,230,011100110,5,0.9544207174,0.2009842331,101,0
47,93,001011101,5,0.9603658449,0.2507782625,79,0
47,326,101000110,4,0.9586890172,0.1529696728,32,0
47,88,001011000,3,0.9570121896,0.1966020344,5,0
47,452,111000100,4,0.9608231634,0.1636474896,27,0
47,274,100010010,3,0.9408536572,0.1183711295,62,0
47,77,001001101,4,0.9611280505,0.2220115,24,0
47,146,010010010,3,0.9370426815,0.1859965373,82,0
47,388,110000100,3,0.9559451118,0.1492509923,8,0
47,447,110111111,8,0.9663109742,0.2420711997,150,0
47,501,111110101,7,0.9533536471,0.2283734311,155,0
47,282,100011010,4,0.9623475503,0.1541509838,20,0
47,111,001101111,6,0.958993895,0.2237674175,122,0
47,105,001101001,4,0.9583841395,0.1598443775,35,0
47,368,101110000,4,0.9560975526,0.1694042669,47,0
47,423,110100111,6,0.9544207193,0.1782295462,137,0
47,475,111011011,7,0.964176828,0.2418077742,139,0
47,6,000000110,2,0.9178353697,0.1008892676,110,0
47,241,011110001,5,0.9440548718,0.2607987896,133,0
47,350,101011110,6,0.9681402408,0.2603807449,94,0
47,509,111111101,8,0.963262191,0.2523085512,156,0
47,510,111111110,8,0.9663109742,0.2578454181,149,0
47,246,011110110,6,0.9506097473,0.2641389403,144,0
47,85,001010101,4,0.949542677,0.1903469744,76,0
47,238,011101110,6,0.9606707245,0.2395493905,116,0
47,331,101001011,5,0.9695122056,0.1774945036,34,0
47,367,101101111,7,0.9689024445,0.2136532324,127,0
47,60,000111100,4,0.9525914546,0.1621299409,58,0
47,321,101000001,3,0.953048775,0.1407439543,14,0
47,5,000000101,2,0.9044207372,0.07468588371,147,0
47,321,101000001,3,0.953048775,0.1407439543,15,0
47,499,111110011,7,0.9548780415,0.2065643724,152,0
47,480,111100000,4,0.9522865769,0.1520633074,61,0
47,477,111011101,7,0.9663109761,0.245831884,132,0
47,148,010010100,3,0.9419207256,0.2030755011,57,0
47,204,011001100,4,0.9535060935,0.2112389025,55,0
47,217,011011001,5,0.9579268228,0.2819200605,90,0
47,392,110001000,3,0.9653963372,0.1357308119,2,0
47,511,111111111,9,0.9672256112,0.3458421361,159,0
47,110,001101110,5,0.9606707301,0.2040525535,75,0
47,366,101101110,6,0.9675304852,0.2001497867,96,0
47,210,011010010,4,0.9449695069,0.2644167612,100,0
47,363,101101011,6,0.9637195095,0.1817409033,106,0
47,485,111100101,6,0.9573170673,0.1772199203,128,0
47,6,000000110,2,0.9178353697,0.1008892676,111,0
47,269,100001101,4,0.963262191,0.1545369336,16,0
47,271,100001111,5,0.9682926834,0.1738470579,40,0
47,92,001011100,4,0.9571646284,0.2256155275,41,0
47,405,110010101,5,0.953201212,0.2160813212,104,0
47,173,010101101,5,0.9568597469,0.2084413404,95,0
47,324,101000100,3,0.9624999966,0.1362094213,3,0
47,404,110010100,4,0.9553353563,0.1947822548,50,0
47,464,111010000,4,0.9522865787,0.1902281402,60,0
47,189,010111101,6,0.9599085283,0.3050948284,120,0
47,129,010000001,2,0.9335365873,0.1010586498,49,0
47,84,001010100,3,0.9432926793,0.1912370785,54,0
47,479,111011111,8,0.9653963409,0.297615774,153,0
47,229,011100101,5,0.9513719473,0.2044244306,108,0
47,400,110010000,3,0.9547256026,0.1810064591,12,0
47,388,110000100,3,0.9559451118,0.1492509923,7,0
47,431,110101111,7,0.9658536613,0.2059036302,134,0
47,87,001010111,5,0.9501524288,0.2489087577,114,0
47,357,101100101,5,0.9574694987,0.1785467933,93,0
47,256,100000000,1,0.8653963432,0.05144251033,160,0
47,136,010001000,2,0.9556402415,0.08872172865,0,0
47,119,001110111,6,0.9516768157,0.2266518502,143,0
47,172,010101100,4,0.9548780415,0.1772159359,53,0
47,333,101001101,5,0.9678353649,0.1775467619,43,0
47,335,101001111,6,0.9673780575,0.2185122878,97,0
48,148,010010100,3,0.9419207256,0.2030755011,50,0
48,388,110000100,3,0.9559451118,0.1492509923,9,0
48,188,010111100,5,0.9551829174,0.2635214692,88,0
48,76,001001100,3,0.9522865731,0.1880639463,18,0
48,33,000100001,2,0.8849085364,0.1405141028,159,0
48,392,110001000,3,0.9653963372,0.1357308119,2,0
48,24,000011000,2,0.9400914628,0.1224767463,22,0
48,415,110011111,7,0.9681402519,0.2540232334,124,0
48,376,101111000,5,0.9667682927,0.1849404364,44,0
48,43,000101011,4,0.9513719436,0.1703410912,61,0
48,147,010010011,4,0.9367378037,0.1958240762,116,0
48,371,101110011,6,0.9557926711,0.1782466671,131,0
48,38,000100110,3,0.9329268336,0.1262098874,89,0
48,300,100101100,4,0.9623475503,0.1672059349,20,0
48,180,010110100,4,0.9402438998,0.2270922111,101,0
48,333,101001101,5,0.9678353649,0.1775467619,40,0
48,180,010110100,4,0.9402438998,0.2270922111,100,0
48,111,001101111,6,0.958993895,0.2237674175,114,0
48,368,101110000,4,0.9560975526,0.1694042669,42,0
48,37,000100101,3,0.9213414732,0.1178390123,134,0
48,214,011010110,5,0.9489329215,0.2694390733,110,0
48,76,001001100,3,0.9522865731,0.1880639463,17,0
48,143,010001111,5,0.9640243854,0.2269113725,51,0
48,393,110001001,4,0.9617377985,0.1536827425,25,0
48,55,000110111,5,0.9394817054,0.1547308483,150,0
48,388,110000100,3,0.9559451118,0.1492509923,8,0
48,329,101001001,4,0.9663109742,0.1626024148,10,0
48,152,010011000,3,0.9513719399,0.2329935927,19,0
48,322,101000010,3,0.9539634027,0.1114213858,13,0
48,214,011010110,5,0.9489329215,0.2694390733,111,0
48,172,010101100,4,0.9548780415,0.1772159359,47,0
48,191,010111111,7,0.963719504,0.2866767156,140,0
48,4,000000100,1,0.9094512276,0.06868225115,95,0
48,265,100001001,3,0.9512195047,0.1273183418,21,0
48,244,011110100,5,0.9503048733,0.2641298291,105,0
48,461,111001101,6,0.9624999948,0.2131315088,98,0
48,391,110000111,5,0.9551829174,0.1890920834,87,0
48,105,001101001,4,0.9583841395,0.1598443775,34,0
48,54,000110110,4,0.9384146333,0.1622000067,107,0
48,484,111100100,5,0.9605182838,0.1770865889,67,0
48,55,000110111,5,0.9394817054,0.1547308483,151,0
48,195,011000011,4,0.9493902363,0.1929078563,68,0
48,143,010001111,5,0.9640243854,0.2269113725,52,0
48,498,111110010,6,0.956097547,0.2142396532,130,0
48,278,100010110,4,0.9477134068,0.1614845553,71,0
48,278,100010110,4,0.9477134068,0.1614845553,72,0
48,181,010110101,5,0.9463414587,0.2437225715,121,0
48,129,010000001,2,0.9335365873,0.1010586498,43,0
48,319,100111111,7,0.9637195077,0.3759361217,138,0
48,313,100111001,5,0.963109754,0.167221989,55,0
48,375,101110111,7,0.9571646266,0.217339966,154,0
48,308,100110100,4,0.957926821,0.1752202315,35,0
48,264,100001000,2,0.9495426789,0.1157485445,5,0
48,231,011100111,6,0.9519817065,0.2285920731,144,0
48,63,000111111,6,0.9544207286,0.2803421966,136,0
48,375,101110111,7,0.9571646266,0.217339966,155,0
48,185,010111001,5,0.957012184,0.2482354445,78,0
48,314,100111010,5,0.9621951208,0.1824102593,63,0
48,507,111111011,8,0.9617377967,0.2683291459,157,0
48,179,010110011,5,0.9410060942,0.2424715101,143,0
48,358,101100110,5,0.9629573151,0.1768365032,56,0
48,108,001101100,4,0.9585365746,0.1886128322,32,0
48,238,011101110,6,0.9606707245,0.2395493905,106,0
48,18,000010010,2,0.9048780557,0.1242320742,153,0
48,150,010010110,4,0.9428353608,0.4122778447,94,0
48,283,100011011,5,0.9660060965,0.1543926708,46,0
48,447,110111111,8,0.9663109742,0.2420711997,156,0
48,147,010010011,4,0.9367378037,0.1958240762,117,0
48,476,111011100,6,0.9672256112,0.2396430206,85,0
48,387,110000011,4,0.9507621918,0.175960077,65,0
48,100,001100100,3,0.9481707253,0.1504776806,30,0
48,500,111110100,6,0.9571646266,0.210213976,123,0
48,249,011111001,6,0.958993895,0.3032088177,115,0
48,228,011100100,4,0.9510670714,0.1718315468,64,0
48,218,011011010,5,0.958841458,0.2987742741,70,0
48,13,000001101,3,0.9356707335,0.3014179626,75,0
48,102,001100110,4,0.9516768195,0.1653954163,60,0
48,268,100001100,3,0.9647865798,0.1379161642,3,0
48,6,000000110,2,0.9178353697,0.1008892676,104,0
48,347,101011011,6,0.9690548796,0.1985359336,74,0
48,333,101001101,5,0.9678353649,0.1775467619,39,0
48,294,100100110,4,0.9550304823,0.1726385914,45,0
48,500,111110100,6,0.9571646266,0.210213976,122,0
48,2,000000010,1,0.8757621963,0.0863469597,158,0
48,260,100000100,2,0.9440548718,0.2004308952,11,0
48,175,010101111,6,0.9585365672,0.2318464871,119,0
48,176,010110000,3,0.9341463428,0.2078121302,84,0
48,162,010100010,3,0.9460365772,0.1228090909,38,0
48,293,100100101,4,0.9577743821,0.1677137092,37,0
48,438,110110110,6,0.9568597469,0.2188521465,125,0
48,242,011110010,5,0.9455792625,0.2814117442,129,0
48,407,110010111,6,0.9516768251,0.3759041177,145,0
48,225,011100001,4,0.9452743847,0.1662776889,82,0
48,281,100011001,4,0.9638719484,0.1484918948,16,0
48,434,110110010,5,0.9512195047,0.2008119989,103,0
48,185,010111001,5,0.957012184,0.2482354445,79,0
48,435,110110011,6,0.9568597432,0.2100424496,127,0
48,55,000110111,5,0.9394817054,0.1547308483,149,0
48,239,011101111,7,0.9621951133,0.2638499523,147,0
48,435,110110011,6,0.9568597432,0.2100424496,126,0
48,293,100100101,4,0.9577743821,0.1677137092,36,0
48,241,011110001,5,0.9440548718,0.2607987896,133,0
48,1,000000001,1,0.7878048848,0.08813527925,160,0
48,264,100001000,2,0.9495426789,0.1157485445,4,0
48,229,011100101,5,0.9513719473,0.2044244306,99,0
48,400,110010000,3,0.9547256026,0.1810064591,12,0
48,406,110010110,5,0.9480182827,0.218691871,113,0
48,175,010101111,6,0.9585365672,0.2318464871,118,0
48,212,011010100,4,0.952439012,0.2385208402,54,0
48,180,010110100,4,0.9402438998,0.2270922111,102,0
48,122,001111010,5,0.9635670725,0.3054453623,53,0
48,270,100001110,4,0.9641768225,0.171474142,15,0
48,232,011101000,4,0.9621951152,0.2219230887,24,0
48,74,001001010,3,0.9570121821,0.1378696063,7,0
48,1,000000001,1,0.7878048848,0.08813527925,161,0
48,137,010001001,3,0.9589938968,0.1376599907,6,0
48,426,110101010,5,0.965548778,0.1652380908,48,0
48,157,010011101,5,0.9608231653,0.2573634591,66,0
48,254,011111110,7,0.9605182894,0.3400172121,152,0
48,34,000100010,2,0.9111280553,0.1001502015,132,0
48,384,110000000,2,0.942378046,0.1023272595,14,0
48,30,000011110,4,0.9535060879,0.1916021421,49,0
48,496,111110000,5,0.9541158415,0.2100702799,92,0
48,182,010110110,5,0.9414634127,0.2396552637,142,0
48,8,000001000,1,0.9012195114,0.0953759877,128,0
48,95,001011111,6,0.9603658505,0.4629407227,108,0
48,130,010000010,2,0.9394817092,0.1096591135,26,0
48,71,001000111,4,0.9454268254,0.1695544343,81,0
48,401,110010001,4,0.9516768232,0.1931645344,57,0
48,422,110100110,5,0.9547256045,0.1711755372,90,0
48,175,010101111,6,0.9585365672,0.2318464871,120,0
48,136,010001000,2,0.9556402415,0.08872172865,0,0
48,401,110010001,4,0.9516768232,0.1931645344,58,0
48,401,110010001,4,0.9516768232,0.1931645344,59,0
48,421,110100101,5,0.9567073006,0.1923621674,80,0
48,182,010110110,5,0.9414634127,0.2396552637,141,0
48,26,000011010,3,0.9474085309,0.166096261,33,0
48,497,111110001,6,0.9516768176,0.2153714146,146,0
48,446,110111110,7,0.9637195077,0.2505255626,139,0
48,240,011110000,4,0.9474085271,0.2333530094,73,0
48,402,110010010,4,0.9487804808,0.1966901873,69,0
48,232,011101000,4,0.9621951152,0.2219230887,23,0
48,336,101010000,3,0.9498475567,0.1365595176,28,0
48,59,000111011,5,0.9528963305,0.1926716072,96,0
48,43,000101011,4,0.9513719436,0.1703410912,62,0
48,7,000000111,3,0.9213414732,0.1769612008,135,0
48,354,101100010,4,0.9609756079,0.1522667618,27,0
48,374,101110110,6,0.9637195077,0.1878173118,97,0
48,364,101101100,5,0.9696646333,0.1734690042,31,0
48,64,001000000,1,0.9262195174,0.09079117677,29,0
48,474,111011010,6,0.9687500075,0.2528586062,76,0
48,239,011101111,7,0.9621951133,0.2638499523,148,0
48,189,010111101,6,0.9599085283,0.3050948284,112,0
48,210,011010010,4,0.9449695069,0.2644167612,86,0
48,56,000111000,3,0.9454268273,0.1453281161,41,0
48,150,010010110,4,0.9428353608,0.4122778447,93,0
48,305,100110001,4,0.9381097574,0.1583164767,109,0
48,357,101100101,5,0.9574694987,0.1785467933,77,0
48,136,010001000,2,0.9556402415,0.08872172865,0,0
48,307,100110011,5,0.9420731664,0.1512810998,137,0
48,176,010110000,3,0.9341463428,0.2078121302,83,0
48,496,111110000,5,0.9541158415,0.2100702799,91,0
49,56,000111000,3,0.9454268273,0.1453281161,42,0
49,467,111010011,6,0.9539634027,0.2327699261,145,0
49,7,000000111,3,0.9213414732,0.1769612008,142,0
49,187,010111011,6,0.9594512116,0.279120577,117,0
49,348,101011100,5,0.9661585353,0.1913031316,53,0
49,247,011110111,7,0.9538109675,0.2866593562,158,0
49,495,111101111,8,0.9658536594,0.22599763,156,0
49,104,001101000,3,0.9568597451,0.1185564424,6,0
49,167,010100111,5,0.9480182845,0.1973982276,119,0
49,468,111010100,5,0.96204268,0.1961445869,79,0
49,301,100101101,5,0.9657012131,0.1904032845,56,0
49,300,100101100,4,0.9623475503,0.1672059349,18,0
49,77,001001101,4,0.9611280505,0.2220115,25,0
49,211,011010011,5,0.9449695051,0.2340317885,137,0
49,459,111001011,6,0.9693597592,0.1673336257,88,0
49,179,010110011,5,0.9410060942,0.2424715101,151,0
49,267,100001011,4,0.9620426763,0.1646921253,22,0
49,504,111111000,6,0.9646341465,0.2548272442,102,0
49,141,010001101,4,0.9608231671,0.193762437,29,0
49,344,101011000,4,0.964634141,0.194875374,11,0
49,170,010101010,4,0.9583841376,0.1237906108,36,0
49,371,101110011,6,0.9557926711,0.1782466671,138,0
49,368,101110000,4,0.9560975526,0.1694042669,46,0
49,310,100110110,5,0.952591449,0.1832640478,106,0
49,8,000001000,1,0.9012195114,0.0953759877,135,0
49,120,001111000,4,0.9544207193,0.2454422717,59,0
49,244,011110100,5,0.9503048733,0.2641298291,111,0
49,367,101101111,7,0.9689024445,0.2136532324,129,0
49,245,011110101,6,0.9474085309,0.2499909932,154,0
49,300,100101100,4,0.9623475503,0.1672059349,19,0
49,89,001011001,4,0.958079258,0.2149465061,37,0
49,200,011001000,3,0.955487797,0.1316828153,7,0
49,506,111111010,7,0.9606707208,0.2898382405,152,0
49,118,001110110,5,0.9516768213,0.2225226476,110,0
49,395,110001011,5,0.9670731667,0.1769618806,49,0
49,50,000110010,3,0.9269817118,0.1555463769,116,0
49,120,001111000,4,0.9544207193,0.2454422717,60,0
49,438,110110110,6,0.9568597469,0.2188521465,134,0
49,385,110000001,3,0.9457317069,0.1523044817,39,0
49,17,000010001,2,0.8894816972,0.1499703776,160,0
49,392,110001000,3,0.9653963372,0.1357308119,1,0
49,316,100111100,5,0.9669207297,0.1835955237,50,0
49,369,101110001,5,0.9570121858,0.1660167179,93,0
49,429,110101101,6,0.9609756004,0.1956794159,115,0
49,233,011101001,5,0.9603658449,0.268123046,83,0
49,233,011101001,5,0.9603658449,0.268123046,82,0
49,426,110101010,5,0.965548778,0.1652380908,58,0
49,126,001111110,6,0.9554878008,0.2875207094,139,0
49,464,111010000,4,0.9522865787,0.1902281402,69,0
49,14,000001110,3,0.9452743828,0.2012516796,44,0
49,137,010001001,3,0.9589938968,0.1376599907,5,0
49,9,000001001,2,0.9167682994,0.1331997535,113,0
49,247,011110111,7,0.9538109675,0.2866593562,157,0
49,264,100001000,2,0.9495426789,0.1157485445,4,0
49,448,111000000,3,0.9498475511,0.1094583822,28,0
49,390,110000110,4,0.9560975488,0.160214691,47,0
49,22,000010110,3,0.9240853731,0.1162337693,131,0
49,197,011000101,4,0.9516768213,0.1970114671,71,0
49,132,010000100,2,0.9396341462,0.1636577162,24,0
49,348,101011100,5,0.9661585353,0.1913031316,54,0
49,163,010100011,4,0.9469512142,0.1452375506,89,0
49,43,000101011,4,0.9513719436,0.1703410912,75,0
49,465,111010001,5,0.9565548692,0.3861234859,94,0
49,493,111101101,7,0.9640243854,0.3398395209,147,0
49,361,101101001,5,0.9644817058,0.176816938,64,0
49,502,111110110,7,0.9586890154,0.2245801887,153,0
49,384,110000000,2,0.942378046,0.1023272595,12,0
49,356,101100100,4,0.9591463339,0.1657813322,31,0
49,311,100110111,6,0.9535060879,0.1921334574,146,0
49,28,000011100,3,0.9434451163,0.1445199884,57,0
49,414,110011110,6,0.9637195077,0.2462959136,105,0
49,9,000001001,2,0.9167682994,0.1331997535,112,0
49,24,000011000,2,0.9400914628,0.1224767463,20,0
49,147,010010011,4,0.9367378037,0.1958240762,123,0
49,269,100001101,4,0.963262191,0.1545369336,16,0
49,450,111000010,4,0.9554877952,0.1262044164,51,0
49,403,110010011,5,0.9471036531,0.1901693111,127,0
49,98,001100010,3,0.9480182808,0.1166399249,32,0
49,115,001110011,5,0.9527438954,0.1939238748,104,0
49,272,100010000,2,0.9314024411,0.09646097757,62,0
49,182,010110110,5,0.9414634127,0.2396552637,149,0
49,217,011011001,5,0.9579268228,0.2819200605,91,0
49,395,110001011,5,0.9670731667,0.1769618806,48,0
49,508,111111100,7,0.9685975611,0.267471821,130,0
49,155,010011011,5,0.9644817039,0.2534072064,65,0
49,336,101010000,3,0.9498475567,0.1365595176,27,0
49,335,101001111,6,0.9673780575,0.2185122878,97,0
49,349,101011101,6,0.9696646389,0.3093579304,86,0
49,90,001011010,4,0.9618902393,0.2218290572,23,0
49,333,101001101,5,0.9678353649,0.1775467619,40,0
49,268,100001100,3,0.9647865798,0.1379161642,2,0
49,96,001100000,2,0.9330792725,0.09982250445,52,0
49,14,000001110,3,0.9452743828,0.2012516796,43,0
49,236,011101100,5,0.9617378004,0.2343629976,80,0
49,77,001001101,4,0.9611280505,0.2220115,26,0
49,468,111010100,5,0.96204268,0.1961445869,78,0
49,76,001001100,3,0.9522865731,0.1880639463,15,0
49,108,001101100,4,0.9585365746,0.1886128322,33,0
49,337,101010001,4,0.9527438916,0.1580627062,68,0
49,460,111001100,5,0.9623475634,0.1988814175,76,0
49,222,011011110,6,0.9573170654,0.3343018061,132,0
49,270,100001110,4,0.9641768225,0.171474142,13,0
49,510,111111110,8,0.9663109742,0.2578454181,155,0
49,501,111110101,7,0.9533536471,0.2283734311,159,0
49,304,100110000,3,0.9338414669,0.1354449289,99,0
49,111,001101111,6,0.958993895,0.2237674175,122,0
49,105,001101001,4,0.9583841395,0.1598443775,35,0
49,347,101011011,6,0.9690548796,0.1985359336,90,0
49,355,101100011,5,0.9577743858,0.1480007793,92,0
49,235,011101011,6,0.9592987709,0.1924978569,118,0
49,391,110000111,5,0.9551829174,0.1890920834,100,0
49,241,011110001,5,0.9440548718,0.2607987896,141,0
49,279,100010111,5,0.9499999974,0.1593395183,114,0
49,117,001110101,5,0.9518292584,0.210091874,109,0
49,436,110110100,5,0.9548780341,0.3190835472,101,0
49,242,011110010,5,0.9455792625,0.2814117442,136,0
49,117,001110101,5,0.9518292584,0.210091874,108,0
49,362,101101010,5,0.9624999966,0.1689127102,74,0
49,459,111001011,6,0.9693597592,0.1673336257,87,0
49,469,111010101,6,0.9583841395,0.2142438563,126,0
49,63,000111111,6,0.9544207286,0.2803421966,143,0
49,289,100100001,3,0.9368902445,0.1236085924,85,0
49,269,100001101,4,0.963262191,0.1545369336,17,0
49,329,101001001,4,0.9663109742,0.1626024148,8,0
49,343,101010111,6,0.9589938968,0.1846750332,121,0
49,424,110101000,4,0.9621951189,0.151591171,21,0
49,381,101111101,7,0.9650914595,0.2315300149,144,0
49,48,000110000,2,0.9140243977,0.09490588191,125,0
49,366,101101110,6,0.9675304852,0.2001497867,95,0
49,121,001111001,5,0.9562499933,0.3466811553,98,0
49,472,111011000,5,0.9638719503,0.2441837927,67,0
49,477,111011101,7,0.9663109761,0.245831884,140,0
49,494,111101110,7,0.963262191,0.2477963772,150,0
49,100,001100100,3,0.9481707253,0.1504776806,30,0
49,26,000011010,3,0.9474085309,0.166096261,34,0
49,73,001001001,3,0.953048775,0.1462754204,14,0
49,493,111101101,7,0.9640243854,0.3398395209,148,0
49,14,000001110,3,0.9452743828,0.2012516796,45,0
49,257,100000001,2,0.8830792718,0.09909134312,161,0
49,335,101001111,6,0.9673780575,0.2185122878,96,0
49,109,001101101,5,0.9626524318,0.2083265451,73,0
49,403,110010011,5,0.9471036531,0.1901693111,128,0
49,175,010101111,6,0.9585365672,0.2318464871,124,0
49,456,111001000,4,0.9663109723,0.1493365318,9,0
49,222,011011110,6,0.9573170654,0.3343018061,133,0
49,184,010111000,4,0.9567073099,0.2421766864,41,0
49,29,000011101,4,0.951067064,0.1539091161,77,0
49,205,011001101,5,0.9605182856,0.3885932574,81,0
49,209,011010001,4,0.9481707271,0.2154377233,84,0
49,277,100010101,4,0.9528963342,0.1554693631,66,0
49,293,100100101,4,0.9577743821,0.1677137092,38,0
49,344,101011000,4,0.964634141,0.194875374,10,0
49,134,010000110,3,0.9411585312,0.1737534327,70,0
49,365,101101101,6,0.9644817039,0.2133307862,103,0
49,199,011000111,5,0.9521341417,0.2270386657,107,0
49,301,100101101,5,0.9657012131,0.1904032845,55,0
49,66,001000010,2,0.9518292602,0.09929567995,3,0
49,136,010001000,2,0.9556402415,0.08872172865,0,0
49,343,101010111,6,0.9589938968,0.1846750332,120,0
49,204,011001100,4,0.9535060935,0.2112389025,63,0
49,397,110001101,5,0.9626524374,0.1984722707,72,0
49,398,110001110,5,0.9652439002,0.184927925,61,0
50,194,011000010,3,0.9448170681,0.1295389787,48,0
50,172,010101100,4,0.9548780415,0.1772159359,53,0
50,504,111111000,6,0.9646341465,0.2548272442,104,0
50,332,101001100,4,0.9624999929,0.1707430179,17,0
50,35,000100011,3,0.9163109809,0.1255413797,154,0
50,10,000001010,2,0.9445121922,0.1083079919,12,0
50,16,000010000,1,0.8800304849,0.0962131978,160,0
50,327,101000111,5,0.9611280449,0.1737721614,73,0
50,504,111111000,6,0.9646341465,0.2548272442,105,0
50,11,000001011,3,0.9513719436,0.1420441959,21,0
50,210,011010010,4,0.9449695069,0.2644167612,96,0
50,467,111010011,6,0.9539634027,0.2327699261,145,0
50,426,110101010,5,0.965548778,0.1652380908,56,0
50,364,101101100,5,0.9696646333,0.1734690042,32,0
50,116,001110100,4,0.9464938957,0.2140967343,85,0
50,332,101001100,4,0.9624999929,0.1707430179,16,0
50,214,011010110,5,0.9489329215,0.2694390733,127,0
50,207,011001111,6,0.9615853634,0.2859955677,122,0
50,370,101110010,5,0.9585365802,0.1784977219,83,0
50,5,000000101,2,0.9044207372,0.07468588371,157,0
50,341,101010101,5,0.9649390262,0.1703384123,58,0
50,204,011001100,4,0.9535060935,0.2112389025,59,0
50,151,010010111,5,0.9432926774,0.2769849757,144,0
50,233,011101001,5,0.9603658449,0.268123046,77,0
50,247,011110111,7,0.9538109675,0.2866593562,158,0
50,455,111000111,6,0.9588414561,0.178122621,129,0
50,275,100010011,4,0.9417682886,0.1271214618,107,0
50,144,010010000,2,0.9355182927,0.1628878268,39,0
50,426,110101010,5,0.965548778,0.1652380908,57,0
50,210,011010010,4,0.9449695069,0.2644167612,94,0
50,230,011100110,5,0.9544207174,0.2009842331,98,0
50,191,010111111,7,0.963719504,0.2866767156,148,0
50,197,011000101,4,0.9516768213,0.1970114671,67,0
50,411,110011011,6,0.9638719447,0.23684128,108,0
50,368,101110000,4,0.9560975526,0.1694042669,46,0
50,461,111001101,6,0.9624999948,0.2131315088,115,0
50,135,010000111,4,0.9429878015,0.1987346318,101,0
50,141,010001101,4,0.9608231671,0.193762437,30,0
50,122,001111010,5,0.9635670725,0.3054453623,64,0
50,358,101100110,5,0.9629573151,0.1768365032,66,0
50,119,001110111,6,0.9516768157,0.2266518502,151,0
50,387,110000011,4,0.9507621918,0.175960077,71,0
50,130,010000010,2,0.9394817092,0.1096591135,28,0
50,350,101011110,6,0.9681402408,0.2603807449,89,0
50,438,110110110,6,0.9568597469,0.2188521465,136,0
50,310,100110110,5,0.952591449,0.1832640478,111,0
50,469,111010101,6,0.9583841395,0.2142438563,131,0
50,385,110000001,3,0.9457317069,0.1523044817,42,0
50,47,000101111,5,0.9513719473,0.1973781134,116,0
50,93,001011101,5,0.9603658449,0.2507782625,78,0
50,374,101110110,6,0.9637195077,0.1878173118,109,0
50,382,101111110,7,0.9690548796,0.2183860508,132,0
50,297,100101001,4,0.9582317006,0.1647070954,35,0
50,487,111100111,7,0.9623475522,0.2054754389,152,0
50,31,000011111,5,0.9507621899,0.2732690205,120,0
50,125,001111101,6,0.9565548748,0.2541114357,139,0
50,361,101101001,5,0.9644817058,0.176816938,60,0
50,280,100011000,3,0.9574695043,0.1384578615,8,0
50,303,100101111,6,0.9673780538,0.2067371374,93,0
50,162,010100010,3,0.9460365772,0.1228090909,41,0
50,284,100011100,4,0.9644817002,0.1660791668,15,0
50,276,100010100,3,0.9513719417,0.1391151226,23,0
50,170,010101010,4,0.9583841376,0.1237906108,34,0
50,18,000010010,2,0.9048780557,0.1242320742,155,0
50,150,010010110,4,0.9428353608,0.4122778447,102,0
50,137,010001001,3,0.9589938968,0.1376599907,4,0
50,31,000011111,5,0.9507621899,0.2732690205,121,0
50,25,000011001,3,0.9463414568,0.1495797473,40,0
50,457,111001001,5,0.960213406,0.1580275986,79,0
50,427,110101011,6,0.9629573077,0.1781795989,112,0
50,485,111100101,6,0.9573170673,0.1772199203,133,0
50,86,001010110,4,0.9498475529,0.2009678534,75,0
50,488,111101000,5,0.966463415,0.1571392328,49,0
50,296,100101000,3,0.9603658449,0.1424966599,3,0
50,374,101110110,6,0.9637195077,0.1878173118,110,0
50,61,000111101,5,0.9515243843,0.1722416603,114,0
50,238,011101110,6,0.9606707245,0.2395493905,123,0
50,412,110011100,5,0.9612804819,0.2286357516,72,0
50,292,100100100,3,0.9576219451,0.1772560109,7,0
50,463,111001111,7,0.9701219536,0.2215583678,128,0
50,393,110001001,4,0.9617377985,0.1536827425,27,0
50,422,110100110,5,0.9547256045,0.1711755372,97,0
50,368,101110000,4,0.9560975526,0.1694042669,45,0
50,11,000001011,3,0.9513719436,0.1420441959,19,0
50,357,101100101,5,0.9574694987,0.1785467933,86,0
50,173,010101101,5,0.9568597469,0.2084413404,91,0
50,48,000110000,2,0.9140243977,0.09490588191,130,0
50,290,100100010,3,0.9499999899,0.1336969913,29,0
50,421,110100101,5,0.9567073006,0.1923621674,92,0
50,103,001100111,5,0.9515243843,0.1856543748,113,0
50,435,110110011,6,0.9568597432,0.2100424496,138,0
50,415,110011111,7,0.9681402519,0.2540232334,134,0
50,368,101110000,4,0.9560975526,0.1694042669,44,0
50,471,111010111,7,0.9618902374,0.2460674956,153,0
50,434,110110010,5,0.9512195047,0.2008119989,119,0
50,43,000101011,4,0.9513719436,0.1703410912,69,0
50,435,110110011,6,0.9568597432,0.2100424496,137,0
50,27,000011011,4,0.9495426714,0.1951567573,76,0
50,172,010101100,4,0.9548780415,0.1772159359,52,0
50,243,011110011,6,0.9530487731,0.2716712286,147,0
50,293,100100101,4,0.9577743821,0.1677137092,36,0
50,243,011110011,6,0.9530487731,0.2716712286,146,0
50,257,100000001,2,0.8830792718,0.09909134312,161,0
50,332,101001100,4,0.9624999929,0.1707430179,18,0
50,198,011000110,4,0.9498475567,0.191795771,74,0
50,144,010010000,2,0.9355182927,0.1628878268,38,0
50,404,110010100,4,0.9553353563,0.1947822548,50,0
50,165,010100101,4,0.9425304867,0.182659965,103,0
50,152,010011000,3,0.9513719399,0.2329935927,24,0
50,276,100010100,3,0.9513719417,0.1391151226,22,0
50,498,111110010,6,0.956097547,0.2142396532,140,0
50,263,100000111,4,0.9487804864,0.1450051651,80,0
50,168,010101000,3,0.9556402303,0.1283902619,11,0
50,138,010001010,3,0.9580792598,0.1175190397,6,0
50,11,000001011,3,0.9513719436,0.1420441959,20,0
50,397,110001101,5,0.9626524374,0.1984722707,68,0
50,138,010001010,3,0.9580792598,0.1175190397,5,0
50,213,011010101,5,0.954268286,0.2557268739,100,0
50,54,000110110,4,0.9384146333,0.1622000067,124,0
50,250,011111010,6,0.9603658486,0.2909253226,125,0
50,192,011000000,2,0.9504573103,0.1211086311,0,0
50,156,010011100,4,0.9596036505,0.2749188193,31,0
50,210,011010010,4,0.9449695069,0.2644167612,95,0
50,180,010110100,4,0.9402438998,0.2270922111,117,0
50,200,011001000,3,0.955487797,0.1316828153,13,0
50,23,000010111,4,0.9347560983,0.1537364139,135,0
50,131,010000011,3,0.9347560965,0.1501262328,90,0
50,459,111001011,6,0.9693597592,0.1673336257,84,0
50,145,010010001,3,0.943597557,0.1669537378,54,0
50,390,110000110,4,0.9560975488,0.160214691,47,0
50,430,110101110,6,0.9653963409,0.2012857567,99,0
50,168,010101000,3,0.9556402303,0.1283902619,9,0
50,145,010010001,3,0.943597557,0.1669537378,55,0
50,155,010011011,5,0.9644817039,0.2534072064,62,0
50,357,101100101,5,0.9574694987,0.1785467933,87,0
50,182,010110110,5,0.9414634127,0.2396552637,149,0
50,18,000010010,2,0.9048780557,0.1242320742,156,0
50,497,111110001,6,0.9516768176,0.2153714146,150,0
50,434,110110010,5,0.9512195047,0.2008119989,118,0
50,144,010010000,2,0.9355182927,0.1628878268,37,0
50,402,110010010,4,0.9487804808,0.1966901873,82,0
50,108,001101100,4,0.9585365746,0.1886128322,33,0
50,320,101000000,2,0.9503048677,0.1123269997,2,0
50,63,000111111,6,0.9544207286,0.2803421966,143,0
50,361,101101001,5,0.9644817058,0.176816938,61,0
50,263,100000111,4,0.9487804864,0.1450051651,81,0
50,322,101000010,3,0.9539634027,0.1114213858,14,0
50,314,100111010,5,0.9621951208,0.1824102593,70,0
50,300,100101100,4,0.9623475503,0.1672059349,25,0
50,192,011000000,2,0.9504573103,0.1211086311,0,0
50,250,011111010,6,0.9603658486,0.2909253226,126,0
50,255,011111111,8,0.9632621948,0.4130405989,159,0
50,313,100111001,5,0.963109754,0.167221989,65,0
50,338,101010010,4,0.9530487694,0.1827030429,63,0
50,24,000011000,2,0.9400914628,0.1224767463,26,0
50,82,001010010,3,0.9452743866,0.1904831256,43,0
50,433,110110001,5,0.953048775,0.1948711216,106,0
50,357,101100101,5,0.9574694987,0.1785467933,88,0
50,168,010101000,3,0.9556402303,0.1283902619,10,0
50,371,101110011,6,0.9557926711,0.1782466671,141,0
50,96,001100000,2,0.9330792725,0.09982250445,51,0
50,241,011110001,5,0.9440548718,0.2607987896,142,0
51,318,100111110,6,0.9657012206,0.1994900974,106,0
51,467,111010011,6,0.9539634027,0.2327699261,142,0
51,391,110000111,5,0.9551829174,0.1890920834,103,0
51,434,110110010,5,0.9512195047,0.2008119989,114,0
51,60,000111100,4,0.9525914546,0.1621299409,69,0
51,501,111110101,7,0.9533536471,0.2283734311,154,0
51,363,101101011,6,0.9637195095,0.1817409033,109,0
51,289,100100001,3,0.9368902445,0.1236085924,92,0
51,7,000000111,3,0.9213414732,0.1769612008,140,0
51,508,111111100,7,0.9685975611,0.267471821,130,0
51,297,100101001,4,0.9582317006,0.1647070954,34,0
51,44,000101100,3,0.9384146333,0.1604029066,84,0
51,141,010001101,4,0.9608231671,0.193762437,25,0
51,147,010010011,4,0.9367378037,0.1958240762,125,0
51,271,100001111,5,0.9682926834,0.1738470579,38,0
51,63,000111111,6,0.9544207286,0.2803421966,141,0
51,489,111101001,6,0.9646341447,0.1878299923,107,0
51,312,100111000,4,0.9676829297,0.1558179194,11,0
51,133,010000101,3,0.9432926811,0.1673714092,60,0
51,440,110111000,5,0.9647865817,0.2230814546,63,0
51,32,000100000,1,0.8641768359,0.1044695501,160,0
51,435,110110011,6,0.9568597432,0.2100424496,133,0
51,380,101111100,6,0.9635670688,0.2217264464,110,0
51,22,000010110,3,0.9240853731,0.1162337693,132,0
51,408,110011000,4,0.958231695,0.2197342259,35,0
51,56,000111000,3,0.9454268273,0.1453281161,43,0
51,46,000101110,4,0.9539634064,0.1775657085,62,0
51,303,100101111,6,0.9673780538,0.2067371374,100,0
51,85,001010101,4,0.949542677,0.1903469744,83,0
51,301,100101101,5,0.9657012131,0.1904032845,59,0
51,410,110011010,5,0.9644817039,0.2193003995,64,0
51,72,001001000,2,0.9495426752,0.1139507112,6,0
51,42,000101010,3,0.955487797,0.1481546445,14,0
51,244,011110100,5,0.9503048733,0.2641298291,117,0
51,171,010101011,5,0.961890243,0.1561283367,79,0
51,51,000110011,4,0.926524397,0.1556108566,148,0
51,376,101111000,5,0.9667682927,0.1849404364,52,0
51,499,111110011,7,0.9548780415,0.2065643724,152,0
51,389,110000101,4,0.9562499914,0.1904697402,47,0
51,89,001011001,4,0.958079258,0.2149465061,36,0
51,392,110001000,3,0.9653963372,0.1357308119,2,0
51,188,010111100,5,0.9551829174,0.2635214692,102,0
51,373,101110101,6,0.9577743821,0.181031581,129,0
51,41,000101001,3,0.9443597533,0.2578364955,54,0
51,232,011101000,4,0.9621951152,0.2219230887,21,0
51,201,011001001,4,0.9567073155,0.1810487332,42,0
51,8,000001000,1,0.9012195114,0.0953759877,135,0
51,126,001111110,6,0.9554878008,0.2875207094,137,0
51,212,011010100,4,0.952439012,0.2385208402,71,0
51,482,111100010,5,0.9591463339,0.139335844,91,0
51,265,100001001,3,0.9512195047,0.1273183418,20,0
51,225,011100001,4,0.9452743847,0.1662776889,98,0
51,84,001010100,3,0.9432926793,0.1912370785,61,0
51,8,000001000,1,0.9012195114,0.0953759877,134,0
51,480,111100000,4,0.9522865769,0.1520633074,72,0
51,82,001010010,3,0.9452743866,0.1904831256,45,0
51,86,001010110,4,0.9498475529,0.2009678534,81,0
51,215,011010111,6,0.9525914565,0.2840391258,145,0
51,64,001000000,1,0.9262195174,0.09079117677,30,0
51,345,101011001,5,0.9628048781,0.1997483987,76,0
51,168,010101000,3,0.9556402303,0.1283902619,12,0
51,25,000011001,3,0.9463414568,0.1495797473,37,0
51,17,000010001,2,0.8894816972,0.1499703776,158,0
51,493,111101101,7,0.9640243854,0.3398395209,144,0
51,97,001100001,3,0.9439024366,0.1496965196,58,0
51,502,111110110,7,0.9586890154,0.2245801887,149,0
51,384,110000000,2,0.942378046,0.1023272595,15,0
51,486,111100110,6,0.9629573114,0.1877477956,111,0
51,22,000010110,3,0.9240853731,0.1162337693,131,0
51,21,000010101,3,0.9280487876,0.1438165735,118,0
51,395,110001011,5,0.9670731667,0.1769618806,49,0
51,425,110101001,5,0.9621951208,0.1687642131,78,0
51,312,100111000,4,0.9676829297,0.1558179194,9,0
51,95,001011111,6,0.9603658505,0.4629407227,120,0
51,1,000000001,1,0.7878048848,0.08813527925,161,0
51,194,011000010,3,0.9448170681,0.1295389787,51,0
51,345,101011001,5,0.9628048781,0.1997483987,75,0
51,194,011000010,3,0.9448170681,0.1295389787,50,0
51,402,110010010,4,0.9487804808,0.1966901873,89,0
51,16,000010000,1,0.8800304849,0.0962131978,157,0
51,118,001110110,5,0.9516768213,0.2225226476,112,0
51,345,101011001,5,0.9628048781,0.1997483987,74,0
51,139,010001011,4,0.9586890135,0.1512846262,33,0
51,509,111111101,8,0.963262191,0.2523085512,156,0
51,138,010001010,3,0.9580792598,0.1175190397,7,0
51,338,101010010,4,0.9530487694,0.1827030429,65,0
51,495,111101111,8,0.9658536594,0.22599763,153,0
51,205,011001101,5,0.9605182856,0.3885932574,87,0
51,154,010011010,4,0.9570121877,0.2396545438,39,0
51,312,100111000,4,0.9676829297,0.1558179194,10,0
51,76,001001100,3,0.9522865731,0.1880639463,17,0
51,96,001100000,2,0.9330792725,0.09982250445,56,0
51,143,010001111,5,0.9640243854,0.2269113725,66,0
51,44,000101100,3,0.9384146333,0.1604029066,85,0
51,141,010001101,4,0.9608231671,0.193762437,26,0
51,368,101110000,4,0.9560975526,0.1694042669,48,0
51,76,001001100,3,0.9522865731,0.1880639463,18,0
51,452,111000100,4,0.9608231634,0.1636474896,27,0
51,337,101010001,4,0.9527438916,0.1580627062,67,0
51,12,000001100,2,0.9342987817,0.1145905149,44,0
51,70,001000110,3,0.9445121922,0.1709114732,53,0
51,262,100000110,3,0.9503048733,0.1506545902,23,0
51,60,000111100,4,0.9525914546,0.1621299409,70,0
51,177,010110001,4,0.9394817054,0.2004012102,116,0
51,281,100011001,4,0.9638719484,0.1484918948,16,0
51,367,101101111,7,0.9689024445,0.2136532324,128,0
51,366,101101110,6,0.9675304852,0.2001497867,97,0
51,382,101111110,7,0.9690548796,0.2183860508,127,0
51,431,110101111,7,0.9658536613,0.2059036302,139,0
51,459,111001011,6,0.9693597592,0.1673336257,95,0
51,261,100000101,3,0.9481707271,0.1661854191,31,0
51,248,011111000,5,0.9550304767,0.2725362466,105,0
51,343,101010111,6,0.9589938968,0.1846750332,123,0
51,309,100110101,5,0.9530487731,0.1871497701,108,0
51,236,011101100,5,0.9617378004,0.2343629976,80,0
51,240,011110000,4,0.9474085271,0.2333530094,94,0
51,253,011111101,7,0.9640243892,0.2906484376,143,0
51,294,100100110,4,0.9550304823,0.1726385914,57,0
51,337,101010001,4,0.9527438916,0.1580627062,68,0
51,292,100100100,3,0.9576219451,0.1772560109,8,0
51,383,101111111,8,0.9637195133,0.2397632855,155,0
51,33,000100001,2,0.8849085364,0.1405141028,159,0
51,303,100101111,6,0.9673780538,0.2067371374,101,0
51,335,101001111,6,0.9673780575,0.2185122878,99,0
51,183,010110111,6,0.9443597514,0.2673205337,150,0
51,488,111101000,5,0.966463415,0.1571392328,55,0
51,208,011010000,3,0.9487804789,0.2195109283,29,0
51,152,010011000,3,0.9513719399,0.2329935927,19,0
51,366,101101110,6,0.9675304852,0.2001497867,96,0
51,91,001011011,5,0.9626524337,0.2549881525,77,0
51,201,011001001,4,0.9567073155,0.1810487332,41,0
51,343,101010111,6,0.9589938968,0.1846750332,124,0
51,110,001101110,5,0.9606707301,0.2040525535,82,0
51,480,111100000,4,0.9522865769,0.1520633074,73,0
51,154,010011010,4,0.9570121877,0.2396545438,40,0
51,457,111001001,5,0.960213406,0.1580275986,88,0
51,452,111000100,4,0.9608231634,0.1636474896,28,0
51,14,000001110,3,0.9452743828,0.2012516796,46,0
51,77,001001101,4,0.9611280505,0.2220115,24,0
51,429,110101101,6,0.9609756004,0.1956794159,119,0
51,47,000101111,5,0.9513719473,0.1973781134,113,0
51,403,110010011,5,0.9471036531,0.1901693111,126,0
51,159,010011111,6,0.9618902393,0.2912165942,115,0
51,328,101001000,3,0.9661585353,0.1314932012,1,0
51,406,110010110,5,0.9480182827,0.218691871,122,0
51,248,011111000,5,0.9550304767,0.2725362466,104,0
51,445,110111101,7,0.9670731686,0.2392563811,136,0
51,205,011001101,5,0.9605182856,0.3885932574,86,0
51,209,011010001,4,0.9481707271,0.2154377233,90,0
51,471,111010111,7,0.9618902374,0.2460674956,147,0
51,261,100000101,3,0.9481707271,0.1661854191,32,0
51,268,100001100,3,0.9647865798,0.1379161642,3,0
51,262,100000110,3,0.9503048733,0.1506545902,22,0
51,183,010110111,6,0.9443597514,0.2673205337,151,0
51,231,011100111,6,0.9519817065,0.2285920731,146,0
51,481,111100001,5,0.9490853604,0.1667485817,121,0
51,192,011000000,2,0.9504573103,0.1211086311,4,0
51,136,010001000,2,0.9556402415,0.08872172865,0,0
51,278,100010110,4,0.9477134068,0.1614845553,93,0
51,320,101000000,2,0.9503048677,0.1123269997,5,0
51,477,111011101,7,0.9663109761,0.245831884,138,0
51,10,000001010,2,0.9445121922,0.1083079919,13,0
52,66,001000010,2,0.9518292602,0.09929567995,4,0
52,172,010101100,4,0.9548780415,0.1772159359,51,0
52,216,011011000,4,0.9560975544,0.2577285054,44,0
52,457,111001001,5,0.960213406,0.1580275986,76,0
52,451,111000011,5,0.9550304729,0.1685197698,95,0
52,298,100101010,4,0.9635670781,0.1536765499,15,0
52,156,010011100,4,0.9596036505,0.2749188193,31,0
52,398,110001110,5,0.9652439002,0.184927925,54,0
52,504,111111000,6,0.9646341465,0.2548272442,103,0
52,67,001000011,3,0.9541158434,0.1536063617,11,0
52,211,011010011,5,0.9449695051,0.2340317885,132,0
52,211,011010011,5,0.9449695051,0.2340317885,133,0
52,242,011110010,5,0.9455792625,0.2814117442,130,0
52,364,101101100,5,0.9696646333,0.1734690042,35,0
52,176,010110000,3,0.9341463428,0.2078121302,91,0
52,448,111000000,3,0.9498475511,0.1094583822,27,0
52,310,100110110,5,0.952591449,0.1832640478,107,0
52,455,111000111,6,0.9588414561,0.178122621,122,0
52,378,101111010,6,0.964786578,0.2308151182,102,0
52,101,001100101,4,0.9471036494,0.1847556052,84,0
52,351,101011111,7,0.9638719484,0.2198956287,145,0
52,44,000101100,3,0.9384146333,0.1604029066,72,0
52,3,000000011,2,0.893902434,0.1188580212,156,0
52,361,101101001,5,0.9644817058,0.176816938,56,0
52,245,011110101,6,0.9474085309,0.2499909932,153,0
52,455,111000111,6,0.9588414561,0.178122621,121,0
52,401,110010001,4,0.9516768232,0.1931645344,65,0
52,208,011010000,3,0.9487804789,0.2195109283,29,0
52,298,100101010,4,0.9635670781,0.1536765499,16,0
52,210,011010010,4,0.9449695069,0.2644167612,93,0
52,500,111110100,6,0.9571646266,0.210213976,126,0
52,191,010111111,7,0.963719504,0.2866767156,146,0
52,213,011010101,5,0.954268286,0.2557268739,99,0
52,393,110001001,4,0.9617377985,0.1536827425,24,0
52,84,001010100,3,0.9432926793,0.1912370785,53,0
52,476,111011100,6,0.9672256112,0.2396430206,92,0
52,135,010000111,4,0.9429878015,0.1987346318,101,0
52,76,001001100,3,0.9522865731,0.1880639463,17,0
52,122,001111010,5,0.9635670725,0.3054453623,59,0
52,422,110100110,5,0.9547256045,0.1711755372,97,0
52,359,101100111,6,0.9612804819,0.1891228305,113,0
52,258,100000010,2,0.9272865914,0.1128509992,74,0
52,131,010000011,3,0.9347560965,0.1501262328,89,0
52,66,001000010,2,0.9518292602,0.09929567995,2,0
52,151,010010111,5,0.9432926774,0.2769849757,141,0
52,310,100110110,5,0.952591449,0.1832640478,106,0
52,119,001110111,6,0.9516768157,0.2266518502,149,0
52,257,100000001,2,0.8830792718,0.09909134312,159,0
52,187,010111011,6,0.9594512116,0.279120577,117,0
52,344,101011000,4,0.964634141,0.194875374,12,0
52,116,001110100,4,0.9464938957,0.2140967343,86,0
52,402,110010010,4,0.9487804808,0.1966901873,79,0
52,427,110101011,6,0.9629573077,0.1781795989,110,0
52,55,000110111,5,0.9394817054,0.1547308483,150,0
52,29,000011101,4,0.951067064,0.1539091161,68,0
52,445,110111101,7,0.9670731686,0.2392563811,134,0
52,425,110101001,5,0.9621951208,0.1687642131,66,0
52,104,001101000,3,0.9568597451,0.1185564424,6,0
52,63,000111111,6,0.9544207286,0.2803421966,139,0
52,166,010100110,4,0.9381097537,0.1851869859,116,0
52,398,110001110,5,0.9652439002,0.184927925,55,0
52,326,101000110,4,0.9586890172,0.1529696728,33,0
52,358,101100110,5,0.9629573151,0.1768365032,64,0
52,19,000010011,3,0.9097560961,0.1301706852,155,0
52,414,110011110,6,0.9637195077,0.2462959136,105,0
52,9,000001001,2,0.9167682994,0.1331997535,114,0
52,63,000111111,6,0.9544207286,0.2803421966,138,0
52,27,000011011,4,0.9495426714,0.1951567573,71,0
52,425,110101001,5,0.9621951208,0.1687642131,67,0
52,396,110001100,4,0.9617377967,0.18006679,25,0
52,496,111110000,5,0.9541158415,0.2100702799,100,0
52,502,111110110,7,0.9586890154,0.2245801887,152,0
52,225,011100001,4,0.9452743847,0.1662776889,90,0
52,352,101100000,3,0.9518292565,0.1353251534,18,0
52,126,001111110,6,0.9554878008,0.2875207094,137,0
52,381,101111101,7,0.9650914595,0.2315300149,142,0
52,44,000101100,3,0.9384146333,0.1604029066,73,0
52,313,100111001,5,0.963109754,0.167221989,61,0
52,365,101101101,6,0.9644817039,0.2133307862,104,0
52,331,101001011,5,0.9695122056,0.1774945036,37,0
52,136,010001000,2,0.9556402415,0.08872172865,0,0
52,174,010101110,5,0.9596036505,0.2229905166,81,0
52,148,010010100,3,0.9419207256,0.2030755011,58,0
52,2,000000010,1,0.8757621963,0.0863469597,158,0
52,380,101111100,6,0.9635670688,0.2217264464,108,0
52,141,010001101,4,0.9608231671,0.193762437,28,0
52,16,000010000,1,0.8800304849,0.0962131978,157,0
52,162,010100010,3,0.9460365772,0.1228090909,41,0
52,357,101100101,5,0.9574694987,0.1785467933,87,0
52,195,011000011,4,0.9493902363,0.1929078563,75,0
52,179,010110011,5,0.9410060942,0.2424715101,147,0
52,415,110011111,7,0.9681402519,0.2540232334,127,0
52,240,011110000,4,0.9474085271,0.2333530094,83,0
52,283,100011011,5,0.9660060965,0.1543926708,50,0
52,370,101110010,5,0.9585365802,0.1784977219,82,0
52,139,010001011,4,0.9586890135,0.1512846262,34,0
52,435,110110011,6,0.9568597432,0.2100424496,128,0
52,403,110010011,5,0.9471036531,0.1901693111,123,0
52,174,010101110,5,0.9596036505,0.2229905166,80,0
52,499,111110011,7,0.9548780415,0.2065643724,154,0
52,505,111111001,7,0.9647865836,0.259944424,143,0
52,185,010111001,5,0.957012184,0.2482354445,88,0
52,321,101000001,3,0.953048775,0.1407439543,13,0
52,78,001001110,4,0.9573170636,0.2032758179,40,0
52,486,111100110,6,0.9629573114,0.1877477956,109,0
52,144,010010000,2,0.9355182927,0.1628878268,39,0
52,1,000000001,1,0.7878048848,0.08813527925,161,0
52,129,010000001,2,0.9335365873,0.1010586498,47,0
52,212,011010100,4,0.952439012,0.2385208402,60,0
52,436,110110100,5,0.9548780341,0.3190835472,96,0
52,254,011111110,7,0.9605182894,0.3400172121,151,0
52,263,100000111,4,0.9487804864,0.1450051651,77,0
52,168,010101000,3,0.9556402303,0.1283902619,8,0
52,202,011001010,4,0.9612804782,0.149196442,26,0
52,274,100010010,3,0.9408536572,0.1183711295,63,0
52,399,110001111,6,0.9626524355,0.2035451112,111,0
52,267,100001011,4,0.9620426763,0.1646921253,23,0
52,217,011011001,5,0.9579268228,0.2819200605,85,0
52,224,011100000,3,0.9408536591,0.1201759358,62,0
52,155,010011011,5,0.9644817039,0.2534072064,57,0
52,136,010001000,2,0.9556402415,0.08872172865,0,0
52,348,101011100,5,0.9661585353,0.1913031316,49,0
52,208,011010000,3,0.9487804789,0.2195109283,30,0
52,178,010110010,4,0.9370426852,0.3352389857,120,0
52,200,011001000,3,0.955487797,0.1316828153,9,0
52,279,100010111,5,0.9499999974,0.1593395183,115,0
52,47,000101111,5,0.9513719473,0.1973781134,112,0
52,423,110100111,6,0.9544207193,0.1782295462,140,0
52,145,010010001,3,0.943597557,0.1669537378,52,0
52,416,110100000,3,0.9510670714,0.1087195657,22,0
52,430,110101110,6,0.9653963409,0.2012857567,98,0
52,168,010101000,3,0.9556402303,0.1283902619,7,0
52,385,110000001,3,0.9457317069,0.1523044817,42,0
52,285,100011101,5,0.9692073204,0.1706519304,38,0
52,485,111100101,6,0.9573170673,0.1772199203,125,0
52,316,100111100,5,0.9669207297,0.1835955237,46,0
52,27,000011011,4,0.9495426714,0.1951567573,70,0
52,498,111110010,6,0.956097547,0.2142396532,131,0
52,126,001111110,6,0.9554878008,0.2875207094,136,0
52,242,011110010,5,0.9455792625,0.2814117442,129,0
52,400,110010000,3,0.9547256026,0.1810064591,10,0
52,108,001101100,4,0.9585365746,0.1886128322,36,0
52,352,101100000,3,0.9518292565,0.1353251534,19,0
52,235,011101011,6,0.9592987709,0.1924978569,119,0
52,41,000101001,3,0.9443597533,0.2578364955,48,0
52,323,101000011,4,0.9560975581,0.1510076611,43,0
52,226,011100010,4,0.9487804808,0.1625480801,78,0
52,306,100110010,4,0.9446646273,0.140418421,94,0
52,292,100100100,3,0.9576219451,0.1772560109,5,0
52,66,001000010,2,0.9518292602,0.09929567995,3,0
52,126,001111110,6,0.9554878008,0.2875207094,135,0
52,243,011110011,6,0.9530487731,0.2716712286,144,0
52,316,100111100,5,0.9669207297,0.1835955237,45,0
52,356,101100100,4,0.9591463339,0.1657813322,32,0
52,24,000011000,2,0.9400914628,0.1224767463,20,0
52,86,001010110,4,0.9498475529,0.2009678534,69,0
52,281,100011001,4,0.9638719484,0.1484918948,14,0
52,373,101110101,6,0.9577743821,0.181031581,124,0
52,232,011101000,4,0.9621951152,0.2219230887,21,0
52,187,010111011,6,0.9594512116,0.279120577,118,0
52,32,000100000,1,0.8641768359,0.1044695501,160,0
52,49,000110001,3,0.9184451289,0.1473816759,148,0
53,204,011001100,4,0.9535060935,0.2112389025,52,0
53,467,111010011,6,0.9539634027,0.2327699261,139,0
53,37,000100101,3,0.9213414732,0.1178390123,136,0
53,52,000110100,3,0.9237804934,0.1129184102,128,0
53,313,100111001,5,0.963109754,0.167221989,60,0
53,209,011010001,4,0.9481707271,0.2154377233,79,0
53,411,110011011,6,0.9638719447,0.23684128,113,0
53,233,011101001,5,0.9603658449,0.268123046,75,0
53,6,000000110,2,0.9178353697,0.1008892676,115,0
53,444,110111100,6,0.964786578,0.2217209716,108,0
53,168,010101000,3,0.9556402303,0.1283902619,6,0
53,302,100101110,5,0.9657012187,0.1828945968,46,0
53,261,100000101,3,0.9481707271,0.1661854191,29,0
53,223,011011111,7,0.959298769,0.3238683129,150,0
53,335,101001111,6,0.9673780575,0.2185122878,92,0
53,255,011111111,8,0.9632621948,0.4130405989,155,0
53,233,011101001,5,0.9603658449,0.268123046,76,0
53,120,001111000,4,0.9544207193,0.2454422717,49,0
53,133,010000101,3,0.9432926811,0.1673714092,50,0
53,328,101001000,3,0.9661585353,0.1314932012,0,0
53,288,100100000,2,0.9224085417,0.09756062739,99,0
53,465,111010001,5,0.9565548692,0.3861234859,89,0
53,236,011101100,5,0.9617378004,0.2343629976,70,0
53,84,001010100,3,0.9432926793,0.1912370785,51,0
53,330,101001010,4,0.9649390206,0.1500430945,12,0
53,24,000011000,2,0.9400914628,0.1224767463,20,0
53,108,001101100,4,0.9585365746,0.1886128322,32,0
53,303,100101111,6,0.9673780538,0.2067371374,94,0
53,149,010010101,4,0.9435975533,0.2027544379,103,0
53,301,100101101,5,0.9657012131,0.1904032845,47,0
53,3,000000011,2,0.893902434,0.1188580212,157,0
53,72,001001000,2,0.9495426752,0.1139507112,3,0
53,426,110101010,5,0.965548778,0.1652380908,48,0
53,358,101100110,5,0.9629573151,0.1768365032,63,0
53,303,100101111,6,0.9673780538,0.2067371374,93,0
53,34,000100010,2,0.9111280553,0.1001502015,134,0
53,376,101111000,5,0.9667682927,0.1849404364,39,0
53,439,110110111,7,0.9557926748,0.2348899278,153,0
53,361,101101001,5,0.9644817058,0.176816938,53,0
53,91,001011011,5,0.9626524337,0.2549881525,65,0
53,128,010000000,1,0.9323170781,0.08404751134,8,0
53,445,110111101,7,0.9670731686,0.2392563811,132,0
53,444,110111100,6,0.964786578,0.2217209716,109,0
53,433,110110001,5,0.953048775,0.1948711216,110,0
53,256,100000000,1,0.8653963432,0.05144251033,158,0
53,205,011001101,5,0.9605182856,0.3885932574,71,0
53,40,000101000,2,0.9376524407,0.09235404083,28,0
53,446,110111110,7,0.9637195077,0.2505255626,143,0
53,322,101000010,3,0.9539634027,0.1114213858,11,0
53,169,010101001,4,0.9554877914,0.1521936124,41,0
53,387,110000011,4,0.9507621918,0.175960077,69,0
53,107,001101011,5,0.9643292632,0.1645711297,55,0
53,448,111000000,3,0.9498475511,0.1094583822,25,0
53,329,101001001,4,0.9663109742,0.1626024148,7,0
53,480,111100000,4,0.9522865769,0.1520633074,58,0
53,66,001000010,2,0.9518292602,0.09929567995,1,0
53,132,010000100,2,0.9396341462,0.1636577162,22,0
53,479,111011111,8,0.9653963409,0.297615774,154,0
53,484,111100100,5,0.9605182838,0.1770865889,73,0
53,281,100011001,4,0.9638719484,0.1484918948,15,0
53,241,011110001,5,0.9440548718,0.2607987896,135,0
53,185,010111001,5,0.957012184,0.2482354445,86,0
53,349,101011101,6,0.9696646389,0.3093579304,80,0
53,238,011101110,6,0.9606707245,0.2395493905,119,0
53,353,101100001,4,0.9532012139,0.1389175798,56,0
53,502,111110110,7,0.9586890154,0.2245801887,152,0
53,384,110000000,2,0.942378046,0.1023272595,13,0
53,484,111100100,5,0.9605182838,0.1770865889,72,0
53,342,101010110,5,0.9528963305,0.1802943386,112,0
53,50,000110010,3,0.9269817118,0.1555463769,120,0
53,78,001001110,4,0.9573170636,0.2032758179,36,0
53,256,100000000,1,0.8653963432,0.05144251033,159,0
53,24,000011000,2,0.9400914628,0.1224767463,19,0
53,135,010000111,4,0.9429878015,0.1987346318,106,0
53,433,110110001,5,0.953048775,0.1948711216,111,0
53,67,001000011,3,0.9541158434,0.1536063617,9,0
53,147,010010011,4,0.9367378037,0.1958240762,123,0
53,226,011100010,4,0.9487804808,0.1625480801,77,0
53,478,111011110,7,0.9678353649,0.271671345,131,0
53,404,110010100,4,0.9553353563,0.1947822548,42,0
53,370,101110010,5,0.9585365802,0.1784977219,82,0
53,73,001001001,3,0.953048775,0.1462754204,14,0
53,491,111101011,7,0.9621951226,0.1842359612,147,0
53,509,111111101,8,0.963262191,0.2523085512,156,0
53,131,010000011,3,0.9347560965,0.1501262328,87,0
53,306,100110010,4,0.9446646273,0.140418421,97,0
53,367,101101111,7,0.9689024445,0.2136532324,125,0
53,333,101001101,5,0.9678353649,0.1775467619,37,0
53,26,000011010,3,0.9474085309,0.166096261,33,0
53,188,010111100,5,0.9551829174,0.2635214692,100,0
53,76,001001100,3,0.9522865731,0.1880639463,16,0
53,96,001100000,2,0.9330792725,0.09982250445,44,0
53,15,000001111,4,0.9467987716,0.2596095148,83,0
53,224,011100000,3,0.9408536591,0.1201759358,61,0
53,141,010001101,4,0.9608231671,0.193762437,26,0
53,438,110110110,6,0.9568597469,0.2188521465,129,0
53,332,101001100,4,0.9624999929,0.1707430179,17,0
53,70,001000110,3,0.9445121922,0.1709114732,40,0
53,337,101010001,4,0.9527438916,0.1580627062,57,0
53,4,000000100,1,0.9094512276,0.06868225115,107,0
53,134,010000110,3,0.9411585312,0.1737534327,59,0
53,324,101000100,3,0.9624999966,0.1362094213,2,0
53,182,010110110,5,0.9414634127,0.2396552637,145,0
53,177,010110001,4,0.9394817054,0.2004012102,117,0
53,61,000111101,5,0.9515243843,0.1722416603,114,0
53,367,101101111,7,0.9689024445,0.2136532324,126,0
53,430,110101110,6,0.9653963409,0.2012857567,104,0
53,350,101011110,6,0.9681402408,0.2603807449,85,0
53,259,100000011,3,0.9335365873,0.1357063192,98,0
53,202,011001010,4,0.9612804782,0.149196442,23,0
53,387,110000011,4,0.9507621918,0.175960077,68,0
53,248,011111000,5,0.9550304767,0.2725362466,102,0
53,343,101010111,6,0.9589938968,0.1846750332,122,0
53,253,011111101,7,0.9640243892,0.2906484376,142,0
53,173,010101101,5,0.9568597469,0.2084413404,88,0
53,496,111110000,5,0.9541158415,0.2100702799,105,0
53,500,111110100,6,0.9571646266,0.210213976,127,0
53,354,101100010,4,0.9609756079,0.1522667618,24,0
53,465,111010001,5,0.9565548692,0.3861234859,91,0
53,224,011100000,3,0.9408536591,0.1201759358,62,0
53,381,101111101,7,0.9650914595,0.2315300149,138,0
53,227,011100011,5,0.9506097492,0.1793539175,116,0
53,303,100101111,6,0.9673780538,0.2067371374,95,0
53,349,101011101,6,0.9696646389,0.3093579304,81,0
53,319,100111111,7,0.9637195077,0.3759361217,144,0
53,232,011101000,4,0.9621951152,0.2219230887,21,0
53,476,111011100,6,0.9672256112,0.2396430206,96,0
53,356,101100100,4,0.9591463339,0.1657813322,30,0
53,458,111001010,5,0.9644817039,0.1614640043,54,0
53,223,011011111,7,0.959298769,0.3238683129,151,0
53,201,011001001,4,0.9567073155,0.1810487332,38,0
53,343,101010111,6,0.9589938968,0.1846750332,121,0
53,506,111111010,7,0.9606707208,0.2898382405,149,0
53,96,001100000,2,0.9330792725,0.09982250445,43,0
53,26,000011010,3,0.9474085309,0.166096261,34,0
53,67,001000011,3,0.9541158434,0.1536063617,10,0
53,484,111100100,5,0.9605182838,0.1770865889,74,0
53,13,000001101,3,0.9356707335,0.3014179626,84,0
53,1,000000001,1,0.7878048848,0.08813527925,161,0
53,397,110001101,5,0.9626524374,0.1984722707,64,0
53,239,011101111,7,0.9621951133,0.2638499523,148,0
53,465,111010001,5,0.9565548692,0.3861234859,90,0
53,151,010010111,5,0.9432926774,0.2769849757,137,0
53,152,010011000,3,0.9513719399,0.2329935927,18,0
53,466,111010010,5,0.9501524325,0.2081504837,118,0
53,188,010111100,5,0.9551829174,0.2635214692,101,0
53,53,000110101,4,0.9317073226,0.1503448677,140,0
53,141,010001101,4,0.9608231671,0.193762437,27,0
53,137,010001001,3,0.9589938968,0.1376599907,4,0
53,29,000011101,4,0.951067064,0.1539091161,66,0
53,402,110010010,4,0.9487804808,0.1966901873,78,0
53,32,000100000,1,0.8641768359,0.1044695501,160,0
53,387,110000011,4,0.9507621918,0.175960077,67,0
53,25,000011001,3,0.9463414568,0.1495797473,35,0
53,231,011100111,6,0.9519817065,0.2285920731,146,0
53,175,010101111,6,0.9585365672,0.2318464871,124,0
53,34,000100010,2,0.9111280553,0.1001502015,133,0
53,168,010101000,3,0.9556402303,0.1283902619,5,0
53,53,000110101,4,0.9317073226,0.1503448677,141,0
53,8,000001000,1,0.9012195114,0.0953759877,130,0
53,348,101011100,5,0.9661585353,0.1913031316,45,0
53,326,101000110,4,0.9586890172,0.1529696728,31,0
54,178,010110010,4,0.9370426852,0.3352389857,125,0
54,172,010101100,4,0.9548780415,0.1772159359,50,0
54,219,011011011,6,0.9600609709,0.3007806377,123,0
54,450,111000010,4,0.9554877952,0.1262044164,43,0
54,326,101000110,4,0.9586890172,0.1529696728,25,0
54,270,100001110,4,0.9641768225,0.171474142,12,0
54,96,001100000,2,0.9330792725,0.09982250445,46,0
54,326,101000110,4,0.9586890172,0.1529696728,24,0
54,504,111111000,6,0.9646341465,0.2548272442,102,0
54,67,001000011,3,0.9541158434,0.1536063617,9,0
54,343,101010111,6,0.9589938968,0.1846750332,127,0
54,465,111010001,5,0.9565548692,0.3861234859,92,0
54,48,000110000,2,0.9140243977,0.09490588191,131,0
54,354,101100010,4,0.9609756079,0.1522667618,20,0
54,248,011111000,5,0.9550304767,0.2725362466,96,0
54,270,100001110,4,0.9641768225,0.171474142,11,0
54,342,101010110,5,0.9528963305,0.1802943386,105,0
54,399,110001111,6,0.9626524355,0.2035451112,111,0
54,378,101111010,6,0.964786578,0.2308151182,100,0
54,181,010110101,5,0.9463414587,0.2437225715,135,0
54,223,011011111,7,0.959298769,0.3238683129,157,0
54,142,010001110,4,0.9562499933,0.2010135157,38,0
54,258,100000010,2,0.9272865914,0.1128509992,72,0
54,233,011101001,5,0.9603658449,0.268123046,73,0
54,177,010110001,4,0.9394817054,0.2004012102,117,0
54,455,111000111,6,0.9588414561,0.178122621,129,0
54,403,110010011,5,0.9471036531,0.1901693111,134,0
54,80,001010000,2,0.9368902445,0.1682704333,23,0
54,459,111001011,6,0.9693597592,0.1673336257,86,0
54,210,011010010,4,0.9449695069,0.2644167612,94,0
54,252,011111100,6,0.964176828,0.316163627,104,0
54,191,010111111,7,0.963719504,0.2866767156,151,0
54,199,011000111,5,0.9521341417,0.2270386657,108,0
54,409,110011001,5,0.9621951114,0.2163874777,69,0
54,336,101010000,3,0.9498475567,0.1365595176,21,0
54,477,111011101,7,0.9663109761,0.245831884,144,0
54,135,010000111,4,0.9429878015,0.1987346318,98,0
54,392,110001000,3,0.9653963372,0.1357308119,0,0
54,146,010010010,3,0.9370426815,0.1859965373,77,0
54,362,101101010,5,0.9624999966,0.1689127102,67,0
54,127,001111111,7,0.9617378041,0.3252968704,154,0
54,458,111001010,5,0.9644817039,0.1614640043,58,0
54,79,001001111,5,0.962957317,0.2229459747,62,0
54,394,110001010,4,0.9682926834,0.1485241046,5,0
54,127,001111111,7,0.9617378041,0.3252968704,155,0
54,314,100111010,5,0.9621951208,0.1824102593,68,0
54,471,111010111,7,0.9618902374,0.2460674956,153,0
54,129,010000001,2,0.9335365873,0.1010586498,42,0
54,445,110111101,7,0.9670731686,0.2392563811,140,0
54,22,000010110,3,0.9240853731,0.1162337693,137,0
54,104,001101000,3,0.9568597451,0.1185564424,6,0
54,403,110010011,5,0.9471036531,0.1901693111,133,0
54,157,010011101,5,0.9608231653,0.2573634591,71,0
54,502,111110110,7,0.9586890154,0.2245801887,159,0
54,31,000011111,5,0.9507621899,0.2732690205,116,0
54,189,010111101,6,0.9599085283,0.3050948284,124,0
54,362,101101010,5,0.9624999966,0.1689127102,66,0
54,170,010101010,4,0.9583841376,0.1237906108,29,0
54,395,110001011,5,0.9670731667,0.1769618806,40,0
54,226,011100010,4,0.9487804808,0.1625480801,76,0
54,462,111001110,6,0.9695121981,0.2274610037,85,0
54,502,111110110,7,0.9586890154,0.2245801887,158,0
54,175,010101111,6,0.9585365672,0.2318464871,130,0
54,273,100010001,3,0.936280489,0.1366260718,82,0
54,412,110011100,5,0.9612804819,0.2286357516,70,0
54,9,000001001,2,0.9167682994,0.1331997535,119,0
54,63,000111111,6,0.9544207286,0.2803421966,146,0
54,283,100011011,5,0.9660060965,0.1543926708,49,0
54,169,010101001,4,0.9554877914,0.1521936124,45,0
54,396,110001100,4,0.9617377967,0.18006679,19,0
54,48,000110000,2,0.9140243977,0.09490588191,132,0
54,111,001101111,6,0.958993895,0.2237674175,128,0
54,225,011100001,4,0.9452743847,0.1662776889,93,0
54,184,010111000,4,0.9567073099,0.2421766864,37,0
54,206,011001110,5,0.9589938931,0.2441969891,78,0
54,444,110111100,6,0.964786578,0.2217209716,99,0
54,426,110101010,5,0.965548778,0.1652380908,51,0
54,285,100011101,5,0.9692073204,0.1706519304,33,0
54,97,001100001,3,0.9439024366,0.1496965196,47,0
54,143,010001111,5,0.9640243854,0.2269113725,60,0
54,393,110001001,4,0.9617377985,0.1536827425,18,0
54,406,110010110,5,0.9480182827,0.218691871,126,0
54,280,100011000,3,0.9574695043,0.1384578615,4,0
54,34,000100010,2,0.9111280553,0.1001502015,143,0
54,380,101111100,6,0.9635670688,0.2217264464,107,0
54,217,011011001,5,0.9579268228,0.2819200605,89,0
54,144,010010000,2,0.9355182927,0.1628878268,35,0
54,288,100100000,2,0.9224085417,0.09756062739,95,0
54,101,001100101,4,0.9471036494,0.1847556052,87,0
54,323,101000011,4,0.9560975581,0.1510076611,39,0
54,179,010110011,5,0.9410060942,0.2424715101,152,0
54,415,110011111,7,0.9681402519,0.2540232334,138,0
54,496,111110000,5,0.9541158415,0.2100702799,97,0
54,283,100011011,5,0.9660060965,0.1543926708,48,0
54,322,101000010,3,0.9539634027,0.1114213858,10,0
54,193,011000001,3,0.9471036512,0.1576919009,32,0
54,115,001110011,5,0.9527438954,0.1939238748,106,0
54,385,110000001,3,0.9457317069,0.1523044817,36,0
54,431,110101111,7,0.9658536613,0.2059036302,145,0
54,435,110110011,6,0.9568597432,0.2100424496,139,0
54,504,111111000,6,0.9646341465,0.2548272442,101,0
54,58,000111010,4,0.9541158453,0.1998991431,53,0
54,457,111001001,5,0.960213406,0.1580275986,74,0
54,462,111001110,6,0.9695121981,0.2274610037,84,0
54,452,111000100,4,0.9608231634,0.1636474896,22,0
54,144,010010000,2,0.9355182927,0.1628878268,34,0
54,341,101010101,5,0.9649390262,0.1703384123,55,0
54,169,010101001,4,0.9554877914,0.1521936124,44,0
54,244,011110100,5,0.9503048733,0.2641298291,118,0
54,53,000110101,4,0.9317073226,0.1503448677,148,0
54,124,001111100,5,0.9573170636,0.2322485391,90,0
54,263,100000111,4,0.9487804864,0.1450051651,75,0
54,168,010101000,3,0.9556402303,0.1283902619,7,0
54,386,110000010,3,0.9515243825,0.1274834615,14,0
54,274,100010010,3,0.9408536572,0.1183711295,61,0
54,399,110001111,6,0.9626524355,0.2035451112,112,0
54,139,010001011,4,0.9586890135,0.1512846262,26,0
54,413,110011101,6,0.9644817039,0.2295870977,103,0
54,190,010111110,6,0.9559451174,0.3044974832,142,0
54,91,001011011,5,0.9626524337,0.2549881525,64,0
54,138,010001010,3,0.9580792598,0.1175190397,3,0
54,398,110001110,5,0.9652439002,0.184927925,52,0
54,408,110011000,4,0.958231695,0.2197342259,31,0
54,166,010100110,4,0.9381097537,0.1851869859,121,0
54,68,001000100,2,0.947560966,0.2287352863,2,0
54,279,100010111,5,0.9499999974,0.1593395183,120,0
54,315,100111011,6,0.9631097522,0.1866992847,109,0
54,155,010011011,5,0.9644817039,0.2534072064,57,0
54,181,010110101,5,0.9463414587,0.2437225715,136,0
54,297,100101001,4,0.9582317006,0.1647070954,30,0
54,190,010111110,6,0.9559451174,0.3044974832,141,0
54,168,010101000,3,0.9556402303,0.1283902619,8,0
54,33,000100001,2,0.8849085364,0.1405141028,161,0
54,159,010011111,6,0.9618902393,0.2912165942,115,0
54,481,111100001,5,0.9490853604,0.1667485817,122,0
54,316,100111100,5,0.9669207297,0.1835955237,41,0
54,91,001011011,5,0.9626524337,0.2549881525,63,0
54,506,111111010,7,0.9606707208,0.2898382405,156,0
54,434,110110010,5,0.9512195047,0.2008119989,114,0
54,114,001110010,4,0.9474085346,0.1818423038,81,0
54,273,100010001,3,0.936280489,0.1366260718,83,0
54,46,000101110,4,0.9539634064,0.1775657085,54,0
54,360,101101000,4,0.9634146318,0.168340771,13,0
54,107,001101011,5,0.9643292632,0.1645711297,59,0
54,47,000101111,5,0.9513719473,0.1973781134,113,0
54,331,101001011,5,0.9695122056,0.1774945036,28,0
54,362,101101010,5,0.9624999966,0.1689127102,65,0
54,370,101110010,5,0.9585365802,0.1784977219,80,0
54,381,101111101,7,0.9650914595,0.2315300149,147,0
54,264,100001000,2,0.9495426789,0.1157485445,1,0
54,492,111101100,6,0.9681402501,0.1861764477,91,0
54,349,101011101,6,0.9696646389,0.3093579304,79,0
54,232,011101000,4,0.9621951152,0.2219230887,16,0
54,486,111100110,6,0.9629573114,0.1877477956,110,0
54,24,000011000,2,0.9400914628,0.1224767463,15,0
54,94,001011110,5,0.9580792617,0.2609661664,88,0
54,351,101011111,7,0.9638719484,0.2198956287,150,0
54,340,101010100,4,0.961737806,0.1694561779,17,0
54,458,111001010,5,0.9644817039,0.1614640043,56,0
54,331,101001011,5,0.9695122056,0.1774945036,27,0
54,33,000100001,2,0.8849085364,0.1405141028,160,0
54,505,111111001,7,0.9647865836,0.259944424,149,0
55,364,101101100,5,0.9696646333,0.1734690042,33,0
55,467,111010011,6,0.9539634027,0.2327699261,140,0
55,262,100000110,3,0.9503048733,0.1506545902,22,0
55,308,100110100,4,0.957926821,0.1752202315,37,0
55,59,000111011,5,0.9528963305,0.1926716072,107,0
55,241,011110001,5,0.9440548718,0.2607987896,137,0
55,279,100010111,5,0.9499999974,0.1593395183,118,0
55,229,011100101,5,0.9513719473,0.2044244306,111,0
55,5,000000101,2,0.9044207372,0.07468588371,152,0
55,444,110111100,6,0.964786578,0.2217209716,102,0
55,42,000101010,3,0.955487797,0.1481546445,8,0
55,46,000101110,4,0.9539634064,0.1775657085,53,0
55,395,110001011,5,0.9670731667,0.1769618806,43,0
55,157,010011101,5,0.9608231653,0.2573634591,67,0
55,487,111100111,7,0.9623475522,0.2054754389,148,0
55,497,111110001,6,0.9516768176,0.2153714146,147,0
55,425,110101001,5,0.9621951208,0.1687642131,63,0
55,8,000001000,1,0.9012195114,0.0953759877,134,0
55,141,010001101,4,0.9608231671,0.193762437,25,0
55,265,100001001,3,0.9512195047,0.1273183418,17,0
55,34,000100010,2,0.9111280553,0.1001502015,136,0
55,498,111110010,6,0.956097547,0.2142396532,135,0
55,381,101111101,7,0.9650914595,0.2315300149,139,0
55,410,110011010,5,0.9644817039,0.2193003995,54,0
55,14,000001110,3,0.9452743828,0.2012516796,42,0
55,56,000111000,3,0.9454268273,0.1453281161,41,0
55,230,011100110,5,0.9544207174,0.2009842331,99,0
55,143,010001111,5,0.9640243854,0.2269113725,56,0
55,182,010110110,5,0.9414634127,0.2396552637,144,0
55,317,100111101,6,0.9661585316,0.1998526342,90,0
55,136,010001000,2,0.9556402415,0.08872172865,0,0
55,192,011000000,2,0.9504573103,0.1211086311,2,0
55,408,110011000,4,0.958231695,0.2197342259,36,0
55,510,111111110,8,0.9663109742,0.2578454181,157,0
55,43,000101011,4,0.9513719436,0.1703410912,61,0
55,98,001100010,3,0.9480182808,0.1166399249,30,0
55,376,101111000,5,0.9667682927,0.1849404364,44,0
55,439,110110111,7,0.9557926748,0.2348899278,156,0
55,417,110100001,4,0.9451219458,0.1674812513,89,0
55,145,010010001,3,0.943597557,0.1669537378,49,0
55,388,110000100,3,0.9559451118,0.1492509923,7,0
55,53,000110101,4,0.9317073226,0.1503448677,141,0
55,500,111110100,6,0.9571646266,0.210213976,133,0
55,51,000110011,4,0.926524397,0.1556108566,153,0
55,128,010000000,1,0.9323170781,0.08404751134,11,0
55,453,111000101,5,0.9580792617,0.16819228,80,0
55,136,010001000,2,0.9556402415,0.08872172865,0,0
55,318,100111110,6,0.9657012206,0.1994900974,95,0
55,68,001000100,2,0.947560966,0.2287352863,4,0
55,425,110101001,5,0.9621951208,0.1687642131,62,0
55,145,010010001,3,0.943597557,0.1669537378,50,0
55,36,000100100,2,0.9050304871,0.1029281626,150,0
55,354,101100010,4,0.9609756079,0.1522667618,23,0
55,9,000001001,2,0.9167682994,0.1331997535,117,0
55,482,111100010,5,0.9591463339,0.139335844,72,0
55,394,110001010,4,0.9682926834,0.1485241046,6,0
55,212,011010100,4,0.952439012,0.2385208402,58,0
55,469,111010101,6,0.9583841395,0.2142438563,130,0
55,112,001110000,3,0.9481707234,0.1940589957,27,0
55,31,000011111,5,0.9507621899,0.2732690205,112,0
55,177,010110001,4,0.9394817054,0.2004012102,114,0
55,41,000101001,3,0.9443597533,0.2578364955,46,0
55,472,111011000,5,0.9638719503,0.2441837927,57,0
55,490,111101010,6,0.9657012131,0.1730029145,96,0
55,355,101100011,5,0.9577743858,0.1480007793,82,0
55,118,001110110,5,0.9516768213,0.2225226476,109,0
55,416,110100000,3,0.9510670714,0.1087195657,19,0
55,230,011100110,5,0.9544207174,0.2009842331,97,0
55,150,010010110,4,0.9428353608,0.4122778447,100,0
55,51,000110011,4,0.926524397,0.1556108566,154,0
55,203,011001011,5,0.959146332,0.1784309237,73,0
55,384,110000000,2,0.942378046,0.1023272595,13,0
55,280,100011000,3,0.9574695043,0.1384578615,5,0
55,461,111001101,6,0.9624999948,0.2131315088,110,0
55,273,100010001,3,0.936280489,0.1366260718,79,0
55,139,010001011,4,0.9586890135,0.1512846262,32,0
55,93,001011101,5,0.9603658449,0.2507782625,68,0
55,98,001100010,3,0.9480182808,0.1166399249,29,0
55,222,011011110,6,0.9573170654,0.3343018061,132,0
55,340,101010100,4,0.961737806,0.1694561779,20,0
55,114,001110010,4,0.9474085346,0.1818423038,76,0
55,329,101001001,4,0.9663109742,0.1626024148,9,0
55,167,010100111,5,0.9480182845,0.1973982276,126,0
55,349,101011101,6,0.9696646389,0.3093579304,75,0
55,131,010000011,3,0.9347560965,0.1501262328,85,0
55,294,100100110,4,0.9550304823,0.1726385914,48,0
55,333,101001101,5,0.9678353649,0.1775467619,40,0
55,207,011001111,6,0.9615853634,0.2859955677,115,0
55,410,110011010,5,0.9644817039,0.2193003995,55,0
55,412,110011100,5,0.9612804819,0.2286357516,66,0
55,228,011100100,4,0.9510670714,0.1718315468,65,0
55,96,001100000,2,0.9330792725,0.09982250445,47,0
55,263,100000111,4,0.9487804864,0.1450051651,70,0
55,228,011100100,4,0.9510670714,0.1718315468,64,0
55,189,010111101,6,0.9599085283,0.3050948284,125,0
55,318,100111110,6,0.9657012206,0.1994900974,94,0
55,398,110001110,5,0.9652439002,0.184927925,52,0
55,508,111111100,7,0.9685975611,0.267471821,131,0
55,112,001110000,3,0.9481707234,0.1940589957,28,0
55,343,101010111,6,0.9589938968,0.1846750332,128,0
55,31,000011111,5,0.9507621899,0.2732690205,113,0
55,463,111001111,7,0.9701219536,0.2215583678,127,0
55,116,001110100,4,0.9464938957,0.2140967343,83,0
55,305,100110001,4,0.9381097574,0.1583164767,122,0
55,25,000011001,3,0.9463414568,0.1495797473,38,0
55,363,101101011,6,0.9637195095,0.1817409033,108,0
55,170,010101010,4,0.9583841376,0.1237906108,35,0
55,366,101101110,6,0.9675304852,0.2001497867,88,0
55,495,111101111,8,0.9658536594,0.22599763,159,0
55,330,101001010,4,0.9649390206,0.1500430945,12,0
55,419,110100011,5,0.9568597469,0.1682509559,86,0
55,248,011111000,5,0.9550304767,0.2725362466,91,0
55,311,100110111,6,0.9535060879,0.1921334574,143,0
55,501,111110101,7,0.9533536471,0.2283734311,160,0
55,165,010100101,4,0.9425304867,0.182659965,103,0
55,240,011110000,4,0.9474085271,0.2333530094,78,0
55,246,011110110,6,0.9506097473,0.2641389403,149,0
55,238,011101110,6,0.9606707245,0.2395493905,120,0
55,72,001001000,2,0.9495426752,0.1139507112,3,0
55,365,101101101,6,0.9644817039,0.2133307862,104,0
55,381,101111101,7,0.9650914595,0.2315300149,138,0
55,114,001110010,4,0.9474085346,0.1818423038,77,0
55,109,001101101,5,0.9626524318,0.2083265451,59,0
55,379,101111011,7,0.9603658468,0.2280426561,151,0
55,507,111111011,8,0.9617377967,0.2683291459,161,0
55,232,011101000,4,0.9621951152,0.2219230887,18,0
55,352,101100000,3,0.9518292565,0.1353251534,16,0
55,106,001101010,4,0.9589938987,0.1349909608,31,0
55,362,101101010,5,0.9624999966,0.1689127102,60,0
55,502,111110110,7,0.9586890154,0.2245801887,155,0
55,457,111001001,5,0.960213406,0.1580275986,69,0
55,279,100010111,5,0.9499999974,0.1593395183,119,0
55,95,001011111,6,0.9603658505,0.4629407227,121,0
55,298,100101010,4,0.9635670781,0.1536765499,14,0
55,26,000011010,3,0.9474085309,0.166096261,34,0
55,451,111000011,5,0.9550304729,0.1685197698,92,0
55,396,110001100,4,0.9617377967,0.18006679,21,0
55,15,000001111,4,0.9467987716,0.2596095148,81,0
55,421,110100101,5,0.9567073006,0.1923621674,87,0
55,333,101001101,5,0.9678353649,0.1775467619,39,0
55,174,010101110,5,0.9596036505,0.2229905166,71,0
55,499,111110011,7,0.9548780415,0.2065643724,158,0
55,150,010010110,4,0.9428353608,0.4122778447,101,0
55,400,110010000,3,0.9547256026,0.1810064591,10,0
55,448,111000000,3,0.9498475511,0.1094583822,24,0
55,252,011111100,6,0.964176828,0.316163627,106,0
55,405,110010101,5,0.953201212,0.2160813212,105,0
55,133,010000101,3,0.9432926811,0.1673714092,51,0
55,64,001000000,1,0.9262195174,0.09079117677,26,0
55,214,011010110,5,0.9489329215,0.2694390733,124,0
55,179,010110011,5,0.9410060942,0.2424715101,145,0
55,422,110100110,5,0.9547256045,0.1711755372,93,0
55,21,000010101,3,0.9280487876,0.1438165735,116,0
55,219,011011011,6,0.9600609709,0.3007806377,123,0
55,231,011100111,6,0.9519817065,0.2285920731,146,0
55,289,100100001,3,0.9368902445,0.1236085924,74,0
55,230,011100110,5,0.9544207174,0.2009842331,98,0
55,169,010101001,4,0.9554877914,0.1521936124,45,0
55,53,000110101,4,0.9317073226,0.1503448677,142,0
55,352,101100000,3,0.9518292565,0.1353251534,15,0
55,350,101011110,6,0.9681402408,0.2603807449,84,0
55,470,111010110,6,0.9586890098,0.2075651209,129,0
56,342,101010110,5,0.9528963305,0.1802943386,113,0
56,174,010101110,5,0.9596036505,0.2229905166,79,0
56,249,011111001,6,0.958993895,0.3032088177,134,0
56,94,001011110,5,0.9580792617,0.2609661664,89,0
56,196,011000100,3,0.9515243825,0.1577226631,16,0
56,26,000011010,3,0.9474085309,0.166096261,32,0
56,236,011101100,5,0.9617378004,0.2343629976,72,0
56,218,011011010,5,0.958841458,0.2987742741,81,0
56,250,011111010,6,0.9603658486,0.2909253226,126,0
56,75,001001011,4,0.9623475578,0.1703412908,19,0
56,469,111010101,6,0.9583841395,0.2142438563,137,0
56,469,111010101,6,0.9583841395,0.2142438563,138,0
56,254,011111110,7,0.9605182894,0.3400172121,152,0
56,354,101100010,4,0.9609756079,0.1522667618,28,0
56,153,010011001,4,0.955487797,0.2314127795,48,0
56,11,000001011,3,0.9513719436,0.1420441959,17,0
56,278,100010110,4,0.9477134068,0.1614845553,82,0
56,439,110110111,7,0.9557926748,0.2348899278,154,0
56,370,101110010,5,0.9585365802,0.1784977219,83,0
56,164,010100100,3,0.9356707316,0.1803958965,94,0
56,31,000011111,5,0.9507621899,0.2732690205,118,0
56,13,000001101,3,0.9356707335,0.3014179626,93,0
56,258,100000010,2,0.9272865914,0.1128509992,75,0
56,293,100100101,4,0.9577743821,0.1677137092,39,0
56,441,110111001,6,0.9644817077,0.2243005,110,0
56,451,111000011,5,0.9550304729,0.1685197698,102,0
56,341,101010101,5,0.9649390262,0.1703384123,53,0
56,372,101110100,5,0.9644817002,0.1726493784,57,0
56,393,110001001,4,0.9617377985,0.1536827425,26,0
56,194,011000010,3,0.9448170681,0.1295389787,46,0
56,184,010111000,4,0.9567073099,0.2421766864,44,0
56,255,011111111,8,0.9632621948,0.4130405989,156,0
56,39,000100111,4,0.9327743929,0.170628381,144,0
56,139,010001011,4,0.9586890135,0.1512846262,31,0
56,92,001011100,4,0.9571646284,0.2256155275,41,0
56,285,100011101,5,0.9692073204,0.1706519304,35,0
56,135,010000111,4,0.9429878015,0.1987346318,107,0
56,136,010001000,2,0.9556402415,0.08872172865,0,0
56,94,001011110,5,0.9580792617,0.2609661664,88,0
56,424,110101000,4,0.9621951189,0.151591171,22,0
56,360,101101000,4,0.9634146318,0.168340771,14,0
56,202,011001010,4,0.9612804782,0.149196442,27,0
56,131,010000011,3,0.9347560965,0.1501262328,97,0
56,385,110000001,3,0.9457317069,0.1523044817,43,0
56,155,010011011,5,0.9644817039,0.2534072064,55,0
56,58,000111010,4,0.9541158453,0.1998991431,52,0
56,503,111110111,8,0.9562499896,0.2269489216,159,0
56,67,001000011,3,0.9541158434,0.1536063617,12,0
56,433,110110001,5,0.953048775,0.1948711216,112,0
56,466,111010010,5,0.9501524325,0.2081504837,122,0
56,111,001101111,6,0.958993895,0.2237674175,135,0
56,473,111011001,6,0.9602134135,0.2257233416,128,0
56,285,100011101,5,0.9692073204,0.1706519304,34,0
56,470,111010110,6,0.9586890098,0.2075651209,136,0
56,273,100010001,3,0.936280489,0.1366260718,86,0
56,125,001111101,6,0.9565548748,0.2541114357,143,0
56,443,110111011,7,0.9624999985,0.2361019221,151,0
56,170,010101010,4,0.9583841376,0.1237906108,33,0
56,143,010001111,5,0.9640243854,0.2269113725,59,0
56,480,111100000,4,0.9522865769,0.1520633074,65,0
56,495,111101111,8,0.9658536594,0.22599763,155,0
56,466,111010010,5,0.9501524325,0.2081504837,121,0
56,167,010100111,5,0.9480182845,0.1973982276,132,0
56,277,100010101,4,0.9528963342,0.1554693631,61,0
56,156,010011100,4,0.9596036505,0.2749188193,30,0
56,8,000001000,1,0.9012195114,0.0953759877,141,0
56,59,000111011,5,0.9528963305,0.1926716072,114,0
56,9,000001001,2,0.9167682994,0.1331997535,123,0
56,329,101001001,4,0.9663109742,0.1626024148,11,0
56,397,110001101,5,0.9626524374,0.1984722707,69,0
56,437,110110101,6,0.9524390157,0.2554515093,148,0
56,237,011101101,6,0.9591463376,0.2640092028,131,0
56,163,010100011,4,0.9469512142,0.1452375506,91,0
56,240,011110000,4,0.9474085271,0.2333530094,84,0
56,490,111101010,6,0.9657012131,0.1730029145,104,0
56,308,100110100,4,0.957926821,0.1752202315,38,0
56,448,111000000,3,0.9498475511,0.1094583822,29,0
56,401,110010001,4,0.9516768232,0.1931645344,67,0
56,161,010100001,3,0.926981708,0.1333965359,127,0
56,266,100001010,3,0.9663109817,0.1359270001,1,0
56,397,110001101,5,0.9626524374,0.1984722707,68,0
56,182,010110110,5,0.9414634127,0.2396552637,147,0
56,212,011010100,4,0.952439012,0.2385208402,63,0
56,51,000110011,4,0.926524397,0.1556108566,153,0
56,381,101111101,7,0.9650914595,0.2315300149,146,0
56,217,011011001,5,0.9579268228,0.2819200605,92,0
56,2,000000010,1,0.8757621963,0.0863469597,160,0
56,160,010100000,2,0.9399390239,0.09322097432,24,0
56,230,011100110,5,0.9544207174,0.2009842331,105,0
56,101,001100101,4,0.9471036494,0.1847556052,87,0
56,411,110011011,6,0.9638719447,0.23684128,115,0
56,159,010011111,6,0.9618902393,0.2912165942,117,0
56,248,011111000,5,0.9550304767,0.2725362466,101,0
56,287,100011111,6,0.9652439002,0.1928226636,106,0
56,322,101000010,3,0.9539634027,0.1114213858,13,0
56,9,000001001,2,0.9167682994,0.1331997535,124,0
56,252,011111100,6,0.964176828,0.316163627,111,0
56,271,100001111,5,0.9682926834,0.1738470579,40,0
56,398,110001110,5,0.9652439002,0.184927925,51,0
56,168,010101000,3,0.9556402303,0.1283902619,10,0
56,492,111101100,6,0.9681402501,0.1861764477,96,0
56,176,010110000,3,0.9341463428,0.2078121302,100,0
56,267,100001011,4,0.9620426763,0.1646921253,25,0
56,460,111001100,5,0.9623475634,0.1988814175,70,0
56,454,111000110,5,0.960975606,0.1631978797,73,0
56,146,010010010,3,0.9370426815,0.1859965373,80,0
56,85,001010101,4,0.949542677,0.1903469744,74,0
56,169,010101001,4,0.9554877914,0.1521936124,49,0
56,212,011010100,4,0.952439012,0.2385208402,62,0
56,436,110110100,5,0.9548780341,0.3190835472,103,0
56,94,001011110,5,0.9580792617,0.2609661664,90,0
56,263,100000111,4,0.9487804864,0.1450051651,77,0
56,204,011001100,4,0.9535060935,0.2112389025,54,0
56,138,010001010,3,0.9580792598,0.1175190397,6,0
56,338,101010010,4,0.9530487694,0.1827030429,58,0
56,143,010001111,5,0.9640243854,0.2269113725,60,0
56,265,100001001,3,0.9512195047,0.1273183418,20,0
56,16,000010000,1,0.8800304849,0.0962131978,158,0
56,179,010110011,5,0.9410060942,0.2424715101,149,0
56,154,010011010,4,0.9570121877,0.2396545438,42,0
56,152,010011000,3,0.9513719399,0.2329935927,18,0
56,463,111001111,7,0.9701219536,0.2215583678,133,0
56,392,110001000,3,0.9653963372,0.1357308119,2,0
56,135,010000111,4,0.9429878015,0.1987346318,108,0
56,68,001000100,2,0.947560966,0.2287352863,5,0
56,279,100010111,5,0.9499999974,0.1593395183,125,0
56,151,010010111,5,0.9432926774,0.2769849757,145,0
56,181,010110101,5,0.9463414587,0.2437225715,140,0
56,21,000010101,3,0.9280487876,0.1438165735,119,0
56,137,010001001,3,0.9589938968,0.1376599907,4,0
56,444,110111100,6,0.964786578,0.2217209716,109,0
56,232,011101000,4,0.9621951152,0.2219230887,23,0
56,420,110100100,4,0.9579268228,0.1566663263,37,0
56,219,011011011,6,0.9600609709,0.3007806377,130,0
56,481,111100001,5,0.9490853604,0.1667485817,129,0
56,292,100100100,3,0.9576219451,0.1772560109,8,0
56,83,001010011,4,0.9489329197,0.2551624496,76,0
56,480,111100000,4,0.9522865769,0.1520633074,64,0
56,466,111010010,5,0.9501524325,0.2081504837,120,0
56,402,110010010,4,0.9487804808,0.1966901873,78,0
56,273,100010001,3,0.936280489,0.1366260718,85,0
56,12,000001100,2,0.9342987817,0.1145905149,45,0
56,492,111101100,6,0.9681402501,0.1861764477,95,0
56,363,101101011,6,0.9637195095,0.1817409033,116,0
56,119,001110111,6,0.9516768157,0.2266518502,150,0
56,257,100000001,2,0.8830792718,0.09909134312,161,0
56,74,001001010,3,0.9570121821,0.1378696063,9,0
56,283,100011011,5,0.9660060965,0.1543926708,50,0
56,509,111111101,8,0.963262191,0.2523085512,157,0
56,367,101101111,7,0.9689024445,0.2136532324,139,0
56,76,001001100,3,0.9522865731,0.1880639463,15,0
56,89,001011001,4,0.958079258,0.2149465061,36,0
56,366,101101110,6,0.9675304852,0.2001497867,99,0
56,292,100100100,3,0.9576219451,0.1772560109,7,0
56,24,000011000,2,0.9400914628,0.1224767463,21,0
56,478,111011110,7,0.9678353649,0.271671345,142,0
56,465,111010001,5,0.9565548692,0.3861234859,98,0
56,468,111010100,5,0.96204268,0.1961445869,71,0
56,458,111001010,5,0.9644817039,0.1614640043,56,0
56,137,010001001,3,0.9589938968,0.1376599907,3,0
56,129,010000001,2,0.9335365873,0.1010586498,47,0
56,313,100111001,5,0.963109754,0.167221989,66,0
57,104,001101000,3,0.9568597451,0.1185564424,4,0
57,465,111010001,5,0.9565548692,0.3861234859,93,0
57,278,100010110,4,0.9477134068,0.1614845553,81,0
57,161,010100001,3,0.926981708,0.1333965359,126,0
57,169,010101001,4,0.9554877914,0.1521936124,43,0
57,480,111100000,4,0.9522865769,0.1520633074,59,0
57,343,101010111,6,0.9589938968,0.1846750332,132,0
57,429,110101101,6,0.9609756004,0.1956794159,121,0
57,261,100000101,3,0.9481707271,0.1661854191,28,0
57,444,110111100,6,0.964786578,0.2217209716,106,0
57,42,000101010,3,0.955487797,0.1481546445,8,0
57,298,100101010,4,0.9635670781,0.1536765499,15,0
57,461,111001101,6,0.9624999948,0.2131315088,117,0
57,413,110011101,6,0.9644817039,0.2295870977,110,0
57,366,101101110,6,0.9675304852,0.2001497867,94,0
57,432,110110000,4,0.9525914509,0.190835604,56,0
57,427,110101011,6,0.9629573077,0.1781795989,114,0
57,200,011001000,3,0.955487797,0.1316828153,9,0
57,397,110001101,5,0.9626524374,0.1984722707,62,0
57,209,011010001,4,0.9481707271,0.2154377233,77,0
57,416,110100000,3,0.9510670714,0.1087195657,23,0
57,338,101010010,4,0.9530487694,0.1827030429,55,0
57,237,011101101,6,0.9591463376,0.2640092028,131,0
57,10,000001010,2,0.9445121922,0.1083079919,7,0
57,46,000101110,4,0.9539634064,0.1775657085,51,0
57,28,000011100,3,0.9434451163,0.1445199884,46,0
57,136,010001000,2,0.9556402415,0.08872172865,0,0
57,171,010101011,5,0.961890243,0.1561283367,67,0
57,230,011100110,5,0.9544207174,0.2009842331,103,0
57,61,000111101,5,0.9515243843,0.1722416603,116,0
57,140,010001100,3,0.9544207212,0.1939722262,11,0
57,448,111000000,3,0.9498475511,0.1094583822,26,0
57,476,111011100,6,0.9672256112,0.2396430206,98,0
57,378,101111010,6,0.964786578,0.2308151182,107,0
57,165,010100101,4,0.9425304867,0.182659965,108,0
57,224,011100000,3,0.9408536591,0.1201759358,60,0
57,120,001111000,4,0.9544207193,0.2454422717,47,0
57,439,110110111,7,0.9557926748,0.2348899278,157,0
57,485,111100101,6,0.9573170673,0.1772199203,137,0
57,209,011010001,4,0.9481707271,0.2154377233,78,0
57,23,000010111,4,0.9347560983,0.1537364139,138,0
57,55,000110111,5,0.9394817054,0.1547308483,149,0
57,308,100110100,4,0.957926821,0.1752202315,34,0
57,58,000111010,4,0.9541158453,0.1998991431,49,0
57,36,000100100,2,0.9050304871,0.1029281626,150,0
57,453,111000101,5,0.9580792617,0.16819228,86,0
57,8,000001000,1,0.9012195114,0.0953759877,139,0
57,252,011111100,6,0.964176828,0.316163627,112,0
57,140,010001100,3,0.9544207212,0.1939722262,12,0
57,353,101100001,4,0.9532012139,0.1389175798,54,0
57,420,110100100,4,0.9579268228,0.1566663263,33,0
57,142,010001110,4,0.9562499933,0.2010135157,41,0
57,482,111100010,5,0.9591463339,0.139335844,79,0
57,301,100101101,5,0.9657012131,0.1904032845,45,0
57,188,010111100,5,0.9551829174,0.2635214692,101,0
57,264,100001000,2,0.9495426789,0.1157485445,2,0
57,4,000000100,1,0.9094512276,0.06868225115,105,0
57,325,101000101,4,0.9565548692,0.1581497551,40,0
57,370,101110010,5,0.9585365802,0.1784977219,82,0
57,63,000111111,6,0.9544207286,0.2803421966,143,0
57,16,000010000,1,0.8800304849,0.0962131978,159,0
57,429,110101101,6,0.9609756004,0.1956794159,122,0
57,124,001111100,5,0.9573170636,0.2322485391,89,0
57,234,011101010,5,0.9644817039,0.206266609,53,0
57,99,001100011,4,0.9495426733,0.1583316922,74,0
57,375,101110111,7,0.9571646266,0.217339966,156,0
57,388,110000100,3,0.9559451118,0.1492509923,5,0
57,244,011110100,5,0.9503048733,0.2641298291,119,0
57,182,010110110,5,0.9414634127,0.2396552637,147,0
57,58,000111010,4,0.9541158453,0.1998991431,50,0
57,78,001001110,4,0.9573170636,0.2032758179,37,0
57,18,000010010,2,0.9048780557,0.1242320742,152,0
57,88,001011000,3,0.9570121896,0.1966020344,3,0
57,13,000001101,3,0.9356707335,0.3014179626,88,0
57,21,000010101,3,0.9280487876,0.1438165735,120,0
57,331,101001011,5,0.9695122056,0.1774945036,30,0
57,45,000101101,4,0.9461890161,0.1590515091,90,0
57,462,111001110,6,0.9695121981,0.2274610037,85,0
57,454,111000110,5,0.960975606,0.1631978797,71,0
57,213,011010101,5,0.954268286,0.2557268739,104,0
57,114,001110010,4,0.9474085346,0.1818423038,83,0
57,321,101000001,3,0.953048775,0.1407439543,14,0
57,299,100101011,5,0.9684451278,0.1646855306,36,0
57,460,111001100,5,0.9623475634,0.1988814175,64,0
57,130,010000010,2,0.9394817092,0.1096591135,24,0
57,294,100100110,4,0.9550304823,0.1726385914,44,0
57,509,111111101,8,0.963262191,0.2523085512,158,0
57,95,001011111,6,0.9603658505,0.4629407227,124,0
57,321,101000001,3,0.953048775,0.1407439543,13,0
57,154,010011010,4,0.9570121877,0.2396545438,38,0
57,228,011100100,4,0.9510670714,0.1718315468,66,0
57,352,101100000,3,0.9518292565,0.1353251534,17,0
57,133,010000101,3,0.9432926811,0.1673714092,48,0
57,304,100110000,3,0.9338414669,0.1354449289,99,0
57,189,010111101,6,0.9599085283,0.3050948284,128,0
57,428,110101100,5,0.9626524337,0.1925693848,63,0
57,11,000001011,3,0.9513719436,0.1420441959,18,0
57,240,011110000,4,0.9474085271,0.2333530094,84,0
57,113,001110001,4,0.9504573084,0.1746187271,69,0
57,471,111010111,7,0.9618902374,0.2460674956,148,0
57,86,001010110,4,0.9498475529,0.2009678534,73,0
57,333,101001101,5,0.9678353649,0.1775467619,39,0
57,252,011111100,6,0.964176828,0.316163627,111,0
57,401,110010001,4,0.9516768232,0.1931645344,61,0
57,25,000011001,3,0.9463414568,0.1495797473,35,0
57,367,101101111,7,0.9689024445,0.2136532324,133,0
57,424,110101000,4,0.9621951189,0.151591171,21,0
57,350,101011110,6,0.9681402408,0.2603807449,91,0
57,291,100100011,4,0.9493902382,0.206504555,76,0
57,75,001001011,4,0.9623475578,0.1703412908,19,0
57,163,010100011,4,0.9469512142,0.1452375506,87,0
57,176,010110000,3,0.9341463428,0.2078121302,95,0
57,307,100110011,5,0.9420731664,0.1512810998,144,0
57,121,001111001,5,0.9562499933,0.3466811553,97,0
57,245,011110101,6,0.9474085309,0.2499909932,155,0
57,464,111010000,4,0.9522865787,0.1902281402,58,0
57,508,111111100,7,0.9685975611,0.267471821,134,0
57,103,001100111,5,0.9515243843,0.1856543748,115,0
57,478,111011110,7,0.9678353649,0.271671345,140,0
57,485,111100101,6,0.9573170673,0.1772199203,136,0
57,335,101001111,6,0.9673780575,0.2185122878,96,0
57,186,010111010,5,0.9589938968,0.2682068814,80,0
57,189,010111101,6,0.9599085283,0.3050948284,129,0
57,376,101111000,5,0.9667682927,0.1849404364,42,0
57,227,011100011,5,0.9506097492,0.1793539175,118,0
57,232,011101000,4,0.9621951152,0.2219230887,22,0
57,76,001001100,3,0.9522865731,0.1880639463,16,0
57,490,111101010,6,0.9657012131,0.1730029145,102,0
57,202,011001010,4,0.9612804782,0.149196442,25,0
57,502,111110110,7,0.9586890154,0.2245801887,154,0
57,475,111011011,7,0.964176828,0.2418077742,146,0
57,261,100000101,3,0.9481707271,0.1661854191,27,0
57,475,111011011,7,0.964176828,0.2418077742,145,0
57,424,110101000,4,0.9621951189,0.151591171,20,0
57,412,110011100,5,0.9612804819,0.2286357516,70,0
57,219,011011011,6,0.9600609709,0.3007806377,127,0
57,388,110000100,3,0.9559451118,0.1492509923,6,0
57,27,000011011,4,0.9495426714,0.1951567573,75,0
57,356,101100100,4,0.9591463339,0.1657813322,29,0
57,173,010101101,5,0.9568597469,0.2084413404,92,0
57,238,011101110,6,0.9606707245,0.2395493905,123,0
57,371,101110011,6,0.9557926711,0.1782466671,141,0
57,2,000000010,1,0.8757621963,0.0863469597,161,0
57,89,001011001,4,0.958079258,0.2149465061,32,0
57,392,110001000,3,0.9653963372,0.1357308119,1,0
57,188,010111100,5,0.9551829174,0.2635214692,100,0
57,305,100110001,4,0.9381097574,0.1583164767,125,0
57,236,011101100,5,0.9617378004,0.2343629976,68,0
57,128,010000000,1,0.9323170781,0.08404751134,10,0
57,18,000010010,2,0.9048780557,0.1242320742,153,0
57,17,000010001,2,0.8894816972,0.1499703776,160,0
57,34,000100010,2,0.9111280553,0.1001502015,142,0
57,409,110011001,5,0.9621951114,0.2163874777,65,0
57,187,010111011,6,0.9594512116,0.279120577,130,0
57,199,011000111,5,0.9521341417,0.2270386657,113,0
57,165,010100101,4,0.9425304867,0.182659965,109,0
57,46,000101110,4,0.9539634064,0.1775657085,52,0
57,105,001101001,4,0.9583841395,0.1598443775,31,0
57,181,010110101,5,0.9463414587,0.2437225715,135,0
57,122,001111010,5,0.9635670725,0.3054453623,57,0
57,254,011111110,7,0.9605182894,0.3400172121,151,0
57,198,011000110,4,0.9498475567,0.191795771,72,0
58,406,110010110,5,0.9480182827,0.218691871,127,0
58,175,010101111,6,0.9585365672,0.2318464871,131,0
58,105,001101001,4,0.9583841395,0.1598443775,43,0
58,350,101011110,6,0.9681402408,0.2603807449,93,0
58,342,101010110,5,0.9528963305,0.1802943386,108,0
58,90,001011010,4,0.9618902393,0.2218290572,28,0
58,104,001101000,3,0.9568597451,0.1185564424,8,0
58,258,100000010,2,0.9272865914,0.1128509992,79,0
58,250,011111010,6,0.9603658486,0.2909253226,122,0
58,75,001001011,4,0.9623475578,0.1703412908,24,0
58,473,111011001,6,0.9602134135,0.2257233416,124,0
58,471,111010111,7,0.9618902374,0.2460674956,144,0
58,56,000111000,3,0.9454268273,0.1453281161,52,0
58,164,010100100,3,0.9356707316,0.1803958965,90,0
58,19,000010011,3,0.9097560961,0.1301706852,156,0
58,207,011001111,6,0.9615853634,0.2859955677,116,0
58,276,100010100,3,0.9513719417,0.1391151226,23,0
58,319,100111111,7,0.9637195077,0.3759361217,138,0
58,98,001100010,3,0.9480182808,0.1166399249,40,0
58,364,101101100,5,0.9696646333,0.1734690042,41,0
58,415,110011111,7,0.9681402519,0.2540232334,133,0
58,45,000101101,4,0.9461890161,0.1590515091,91,0
58,19,000010011,3,0.9097560961,0.1301706852,155,0
58,245,011110101,6,0.9474085309,0.2499909932,150,0
58,475,111011011,7,0.964176828,0.2418077742,137,0
58,199,011000111,5,0.9521341417,0.2270386657,111,0
58,245,011110101,6,0.9474085309,0.2499909932,151,0
58,340,101010100,4,0.961737806,0.1694561779,32,0
58,413,110011101,6,0.9644817039,0.2295870977,106,0
58,451,111000011,5,0.9550304729,0.1685197698,99,0
58,250,011111010,6,0.9603658486,0.2909253226,121,0
58,175,010101111,6,0.9585365672,0.2318464871,130,0
58,35,000100011,3,0.9163109809,0.1255413797,147,0
58,21,000010101,3,0.9280487876,0.1438165735,120,0
58,90,001011010,4,0.9618902393,0.2218290572,27,0
58,285,100011101,5,0.9692073204,0.1706519304,47,0
58,135,010000111,4,0.9429878015,0.1987346318,104,0
58,136,010001000,2,0.9556402415,0.08872172865,0,0
58,88,001011000,3,0.9570121896,0.1966020344,5,0
58,458,111001010,5,0.9644817039,0.1614640043,66,0
58,232,011101000,4,0.9621951152,0.2219230887,26,0
58,456,111001000,4,0.9663109723,0.1493365318,11,0
58,207,011001111,6,0.9615853634,0.2859955677,118,0
58,457,111001001,5,0.960213406,0.1580275986,81,0
58,443,110111011,7,0.9624999985,0.2361019221,143,0
58,58,000111010,4,0.9541158453,0.1998991431,64,0
58,503,111110111,8,0.9562499896,0.2269489216,159,0
58,387,110000011,4,0.9507621918,0.175960077,75,0
58,312,100111000,4,0.9676829297,0.1558179194,9,0
58,214,011010110,5,0.9489329215,0.2694390733,125,0
58,479,111011111,8,0.9653963409,0.297615774,154,0
58,240,011110000,4,0.9474085271,0.2333530094,85,0
58,189,010111101,6,0.9599085283,0.3050948284,126,0
58,90,001011010,4,0.9618902393,0.2218290572,29,0
58,259,100000011,3,0.9335365873,0.1357063192,97,0
58,229,011100101,5,0.9513719473,0.2044244306,114,0
58,507,111111011,8,0.9617377967,0.2683291459,158,0
58,298,100101010,4,0.9635670781,0.1536765499,17,0
58,269,100001101,4,0.963262191,0.1545369336,22,0
58,456,111001000,4,0.9663109723,0.1493365318,12,0
58,495,111101111,8,0.9658536594,0.22599763,153,0
58,226,011100010,4,0.9487804808,0.1625480801,82,0
58,67,001000011,3,0.9541158434,0.1536063617,14,0
58,277,100010101,4,0.9528963342,0.1554693631,70,0
58,412,110011100,5,0.9612804819,0.2286357516,76,0
58,392,110001000,3,0.9653963372,0.1357308119,3,0
58,19,000010011,3,0.9097560961,0.1301706852,157,0
58,395,110001011,5,0.9670731667,0.1769618806,56,0
58,269,100001101,4,0.963262191,0.1545369336,21,0
58,269,100001101,4,0.963262191,0.1545369336,20,0
58,304,100110000,3,0.9338414669,0.1354449289,96,0
58,109,001101101,5,0.9626524318,0.2083265451,72,0
58,417,110100001,4,0.9451219458,0.1674812513,95,0
58,374,101110110,6,0.9637195077,0.1878173118,110,0
58,246,011110110,6,0.9506097473,0.2641389403,145,0
58,244,011110100,5,0.9503048733,0.2641298291,119,0
58,146,010010010,3,0.9370426815,0.1859965373,83,0
58,305,100110001,4,0.9381097574,0.1583164767,123,0
58,441,110111001,6,0.9644817077,0.2243005,105,0
58,384,110000000,2,0.942378046,0.1023272595,15,0
58,396,110001100,4,0.9617377967,0.18006679,34,0
58,190,010111110,6,0.9559451174,0.3044974832,135,0
58,336,101010000,3,0.9498475567,0.1365595176,35,0
58,51,000110011,4,0.926524397,0.1556108566,149,0
58,364,101101100,5,0.9696646333,0.1734690042,42,0
58,89,001011001,4,0.958079258,0.2149465061,48,0
58,256,100000000,1,0.8653963432,0.05144251033,161,0
58,288,100100000,2,0.9224085417,0.09756062739,98,0
58,42,000101010,3,0.955487797,0.1481546445,10,0
58,145,010010001,3,0.943597557,0.1669537378,63,0
58,283,100011011,5,0.9660060965,0.1543926708,62,0
58,155,010011011,5,0.9644817039,0.2534072064,68,0
58,506,111111010,7,0.9606707208,0.2898382405,148,0
58,207,011001111,6,0.9615853634,0.2859955677,117,0
58,193,011000001,3,0.9471036512,0.1576919009,46,0
58,213,011010101,5,0.954268286,0.2557268739,102,0
58,500,111110100,6,0.9571646266,0.210213976,132,0
58,257,100000001,2,0.8830792718,0.09909134312,160,0
58,396,110001100,4,0.9617377967,0.18006679,33,0
58,105,001101001,4,0.9583841395,0.1598443775,45,0
58,298,100101010,4,0.9635670781,0.1536765499,18,0
58,112,001110000,3,0.9481707234,0.1940589957,39,0
58,323,101000011,4,0.9560975581,0.1510076611,55,0
58,76,001001100,3,0.9522865731,0.1880639463,19,0
58,422,110100110,5,0.9547256045,0.1711755372,101,0
58,208,011010000,3,0.9487804789,0.2195109283,37,0
58,350,101011110,6,0.9681402408,0.2603807449,94,0
58,169,010101001,4,0.9554877914,0.1521936124,58,0
58,88,001011000,3,0.9570121896,0.1966020344,6,0
58,180,010110100,4,0.9402438998,0.2270922111,115,0
58,220,011011100,5,0.9589938931,0.2710625273,84,0
58,271,100001111,5,0.9682926834,0.1738470579,49,0
58,204,011001100,4,0.9535060935,0.2112389025,65,0
58,454,111000110,5,0.960975606,0.1631978797,78,0
58,362,101101010,5,0.9624999966,0.1689127102,73,0
58,399,110001111,6,0.9626524355,0.2035451112,112,0
58,23,000010111,4,0.9347560983,0.1537364139,134,0
58,156,010011100,4,0.9596036505,0.2749188193,38,0
58,233,011101001,5,0.9603658449,0.268123046,80,0
58,182,010110110,5,0.9414634127,0.2396552637,139,0
58,136,010001000,2,0.9556402415,0.08872172865,0,0
58,325,101000101,4,0.9565548692,0.1581497551,51,0
58,280,100011000,3,0.9574695043,0.1384578615,4,0
58,132,010000100,2,0.9396341462,0.1636577162,30,0
58,412,110011100,5,0.9612804819,0.2286357516,77,0
58,287,100011111,6,0.9652439002,0.1928226636,103,0
58,443,110111011,7,0.9624999985,0.2361019221,142,0
58,153,010011001,4,0.955487797,0.2314127795,57,0
58,309,100110101,5,0.9530487731,0.1871497701,107,0
58,136,010001000,2,0.9556402415,0.08872172865,0,0
58,132,010000100,2,0.9396341462,0.1636577162,31,0
58,251,011111011,7,0.9612804838,0.3173386743,146,0
58,164,010100100,3,0.9356707316,0.1803958965,89,0
58,81,001010001,3,0.9440548755,0.1765820705,60,0
58,163,010100011,4,0.9469512142,0.1452375506,87,0
58,422,110100110,5,0.9547256045,0.1711755372,100,0
58,43,000101011,4,0.9513719436,0.1703410912,74,0
58,492,111101100,6,0.9681402501,0.1861764477,92,0
58,155,010011011,5,0.9644817039,0.2534072064,67,0
58,338,101010010,4,0.9530487694,0.1827030429,69,0
58,273,100010001,3,0.936280489,0.1366260718,86,0
58,140,010001100,3,0.9544207212,0.1939722262,13,0
58,510,111111110,8,0.9663109742,0.2578454181,152,0
58,162,010100010,3,0.9460365772,0.1228090909,50,0
58,119,001110111,6,0.9516768157,0.2266518502,141,0
58,323,101000011,4,0.9560975581,0.1510076611,54,0
58,74,001001010,3,0.9570121821,0.1378696063,7,0
58,307,100110011,5,0.9420731664,0.1512810998,136,0
58,277,100010101,4,0.9528963342,0.1554693631,71,0
58,399,110001111,6,0.9626524355,0.2035451112,113,0
58,494,111101110,7,0.963262191,0.2477963772,140,0
58,217,011011001,5,0.9579268228,0.2819200605,88,0
58,111,001101111,6,0.958993895,0.2237674175,128,0
58,452,111000100,4,0.9608231634,0.1636474896,36,0
58,24,000011000,2,0.9400914628,0.1224767463,25,0
58,414,110011110,6,0.9637195077,0.2462959136,109,0
58,147,010010011,4,0.9367378037,0.1958240762,129,0
58,404,110010100,4,0.9553353563,0.1947822548,59,0
58,334,101001110,5,0.9672256075,0.1807405879,53,0
58,449,111000001,4,0.9550304785,0.2016363414,61,0
58,321,101000001,3,0.953048775,0.1407439543,16,0
58,105,001101001,4,0.9583841395,0.1598443775,44,0
59,424,110101000,4,0.9621951189,0.151591171,18,0
59,464,111010000,4,0.9522865787,0.1902281402,65,0
59,403,110010011,5,0.9471036531,0.1901693111,129,0
59,33,000100001,2,0.8849085364,0.1405141028,160,0
59,39,000100111,4,0.9327743929,0.170628381,135,0
59,484,111100100,5,0.9605182838,0.1770865889,78,0
59,410,110011010,5,0.9644817039,0.2193003995,59,0
59,247,011110111,7,0.9538109675,0.2866593562,158,0
59,261,100000101,3,0.9481707271,0.1661854191,25,0
59,184,010111000,4,0.9567073099,0.2421766864,39,0
59,6,000000110,2,0.9178353697,0.1008892676,118,0
59,168,010101000,3,0.9556402303,0.1283902619,5,0
59,333,101001101,5,0.9678353649,0.1775467619,37,0
59,209,011010001,4,0.9481707271,0.2154377233,83,0
59,412,110011100,5,0.9612804819,0.2286357516,75,0
59,494,111101110,7,0.963262191,0.2477963772,146,0
59,107,001101011,5,0.9643292632,0.1645711297,61,0
59,128,010000000,1,0.9323170781,0.08404751134,8,0
59,157,010011101,5,0.9608231653,0.2573634591,76,0
59,337,101010001,4,0.9527438916,0.1580627062,63,0
59,100,001100100,3,0.9481707253,0.1504776806,27,0
59,82,001010010,3,0.9452743866,0.1904831256,41,0
59,492,111101100,6,0.9681402501,0.1861764477,96,0
59,394,110001010,4,0.9682926834,0.1485241046,3,0
59,164,010100100,3,0.9356707316,0.1803958965,92,0
59,280,100011000,3,0.9574695043,0.1384578615,2,0
59,424,110101000,4,0.9621951189,0.151591171,17,0
59,168,010101000,3,0.9556402303,0.1283902619,4,0
59,226,011100010,4,0.9487804808,0.1625480801,82,0
59,62,000111110,5,0.9538109656,0.2270585177,107,0
59,140,010001100,3,0.9544207212,0.1939722262,9,0
59,448,111000000,3,0.9498475511,0.1094583822,21,0
59,462,111001110,6,0.9695121981,0.2274610037,87,0
59,234,011101010,5,0.9644817039,0.206266609,58,0
59,417,110100001,4,0.9451219458,0.1674812513,104,0
59,224,011100000,3,0.9408536591,0.1201759358,70,0
59,376,101111000,5,0.9667682927,0.1849404364,45,0
59,439,110110111,7,0.9557926748,0.2348899278,153,0
59,175,010101111,6,0.9585365672,0.2318464871,128,0
59,51,000110011,4,0.926524397,0.1556108566,152,0
59,23,000010111,4,0.9347560983,0.1537364139,132,0
59,311,100110111,6,0.9535060879,0.1921334574,142,0
59,432,110110000,4,0.9525914509,0.190835604,64,0
59,108,001101100,4,0.9585365746,0.1886128322,32,0
59,292,100100100,3,0.9576219451,0.1772560109,1,0
59,453,111000101,5,0.9580792617,0.16819228,89,0
59,8,000001000,1,0.9012195114,0.0953759877,134,0
59,348,101011100,5,0.9661585353,0.1913031316,49,0
59,100,001100100,3,0.9481707253,0.1504776806,28,0
59,12,000001100,2,0.9342987817,0.1145905149,40,0
59,33,000100001,2,0.8849085364,0.1405141028,161,0
59,15,000001111,4,0.9467987716,0.2596095148,91,0
59,322,101000010,3,0.9539634027,0.1114213858,11,0
59,492,111101100,6,0.9681402501,0.1861764477,97,0
59,254,011111110,7,0.9605182894,0.3400172121,151,0
59,346,101011010,5,0.9643292632,0.210029603,62,0
59,452,111000100,4,0.9608231634,0.1636474896,22,0
59,216,011011000,4,0.9560975544,0.2577285054,44,0
59,54,000110110,4,0.9384146333,0.1622000067,121,0
59,63,000111111,6,0.9544207286,0.2803421966,139,0
59,128,010000000,1,0.9323170781,0.08404751134,7,0
59,269,100001101,4,0.963262191,0.1545369336,14,0
59,444,110111100,6,0.964786578,0.2217209716,108,0
59,234,011101010,5,0.9644817039,0.206266609,60,0
59,355,101100011,5,0.9577743858,0.1480007793,93,0
59,183,010110111,6,0.9443597514,0.2673205337,154,0
59,397,110001101,5,0.9626524374,0.1984722707,72,0
59,184,010111000,4,0.9567073099,0.2421766864,38,0
59,434,110110010,5,0.9512195047,0.2008119989,117,0
59,226,011100010,4,0.9487804808,0.1625480801,81,0
59,463,111001111,7,0.9701219536,0.2215583678,125,0
59,176,010110000,3,0.9341463428,0.2078121302,101,0
59,344,101011000,4,0.964634141,0.194875374,12,0
59,136,010001000,2,0.9556402415,0.08872172865,0,0
59,185,010111001,5,0.957012184,0.2482354445,99,0
59,11,000001011,3,0.9513719436,0.1420441959,16,0
59,417,110100001,4,0.9451219458,0.1674812513,103,0
59,14,000001110,3,0.9452743828,0.2012516796,42,0
59,334,101001110,5,0.9672256075,0.1807405879,43,0
59,93,001011101,5,0.9603658449,0.2507782625,79,0
59,243,011110011,6,0.9530487731,0.2716712286,144,0
59,67,001000011,3,0.9541158434,0.1536063617,10,0
59,431,110101111,7,0.9658536613,0.2059036302,138,0
59,461,111001101,6,0.9624999948,0.2131315088,116,0
59,147,010010011,4,0.9367378037,0.1958240762,127,0
59,420,110100100,4,0.9579268228,0.1566663263,36,0
59,251,011111011,7,0.9612804838,0.3173386743,150,0
59,367,101101111,7,0.9689024445,0.2136532324,130,0
59,405,110010101,5,0.953201212,0.2160813212,110,0
59,492,111101100,6,0.9681402501,0.1861764477,95,0
59,224,011100000,3,0.9408536591,0.1201759358,67,0
59,364,101101100,5,0.9696646333,0.1734690042,31,0
59,261,100000101,3,0.9481707271,0.1661854191,26,0
59,309,100110101,5,0.9530487731,0.1871497701,111,0
59,318,100111110,6,0.9657012206,0.1994900974,106,0
59,314,100111010,5,0.9621951208,0.1824102593,74,0
59,139,010001011,4,0.9586890135,0.1512846262,30,0
59,94,001011110,5,0.9580792617,0.2609661664,90,0
59,83,001010011,4,0.9489329197,0.2551624496,80,0
59,30,000011110,4,0.9535060879,0.1916021421,56,0
59,20,000010100,2,0.916006105,0.1150037684,122,0
59,431,110101111,7,0.9658536613,0.2059036302,137,0
59,55,000110111,5,0.9394817054,0.1547308483,148,0
59,147,010010011,4,0.9367378037,0.1958240762,126,0
59,120,001111000,4,0.9544207193,0.2454422717,52,0
59,303,100101111,6,0.9673780538,0.2067371374,102,0
59,160,010100000,2,0.9399390239,0.09322097432,20,0
59,91,001011011,5,0.9626524337,0.2549881525,73,0
59,431,110101111,7,0.9658536613,0.2059036302,136,0
59,459,111001011,6,0.9693597592,0.1673336257,88,0
59,419,110100011,5,0.9568597469,0.1682509559,100,0
59,178,010110010,4,0.9370426852,0.3352389857,124,0
59,307,100110011,5,0.9420731664,0.1512810998,143,0
59,304,100110000,3,0.9338414669,0.1354449289,105,0
59,151,010010111,5,0.9432926774,0.2769849757,140,0
59,464,111010000,4,0.9522865787,0.1902281402,66,0
59,120,001111000,4,0.9544207193,0.2454422717,51,0
59,355,101100011,5,0.9577743858,0.1480007793,94,0
59,374,101110110,6,0.9637195077,0.1878173118,114,0
59,105,001101001,4,0.9583841395,0.1598443775,34,0
59,349,101011101,6,0.9696646389,0.3093579304,86,0
59,58,000111010,4,0.9541158453,0.1998991431,54,0
59,169,010101001,4,0.9554877914,0.1521936124,46,0
59,59,000111011,5,0.9528963305,0.1926716072,113,0
59,99,001100011,4,0.9495426733,0.1583316922,77,0
59,224,011100000,3,0.9408536591,0.1201759358,69,0
59,224,011100000,3,0.9408536591,0.1201759358,68,0
59,398,110001110,5,0.9652439002,0.184927925,53,0
59,458,111001010,5,0.9644817039,0.1614640043,57,0
59,378,101111010,6,0.964786578,0.2308151182,109,0
59,251,011111011,7,0.9612804838,0.3173386743,149,0
59,284,100011100,4,0.9644817002,0.1660791668,13,0
59,339,101010011,5,0.9528963324,0.1730788327,112,0
59,42,000101010,3,0.955487797,0.1481546445,6,0
59,220,011011100,5,0.9589938931,0.2710625273,85,0
59,219,011011011,6,0.9600609709,0.3007806377,123,0
59,500,111110100,6,0.9571646266,0.210213976,131,0
59,19,000010011,3,0.9097560961,0.1301706852,156,0
59,488,111101000,5,0.966463415,0.1571392328,47,0
59,253,011111101,7,0.9640243892,0.2906484376,145,0
59,239,011101111,7,0.9621951133,0.2638499523,147,0
59,499,111110011,7,0.9548780415,0.2065643724,155,0
59,16,000010000,1,0.8800304849,0.0962131978,159,0
59,285,100011101,5,0.9692073204,0.1706519304,35,0
59,156,010011100,4,0.9596036505,0.2749188193,24,0
59,244,011110100,5,0.9503048733,0.2641298291,120,0
59,53,000110101,4,0.9317073226,0.1503448677,141,0
59,196,011000100,3,0.9515243825,0.1577226631,15,0
59,232,011101000,4,0.9621951152,0.2219230887,19,0
59,185,010111001,5,0.957012184,0.2482354445,98,0
59,247,011110111,7,0.9538109675,0.2866593562,157,0
59,438,110110110,6,0.9568597469,0.2188521465,133,0
59,28,000011100,3,0.9434451163,0.1445199884,50,0
59,31,000011111,5,0.9507621899,0.2732690205,119,0
59,103,001100111,5,0.9515243843,0.1856543748,115,0
59,40,000101000,2,0.9376524407,0.09235404083,23,0
59,100,001100100,3,0.9481707253,0.1504776806,29,0
59,105,001101001,4,0.9583841395,0.1598443775,33,0
59,401,110010001,4,0.9516768232,0.1931645344,71,0
59,186,010111010,5,0.9589938968,0.2682068814,84,0
59,58,000111010,4,0.9541158453,0.1998991431,55,0
59,404,110010100,4,0.9553353563,0.1947822548,48,0
60,86,001010110,4,0.9498475529,0.2009678534,74,0
60,191,010111111,7,0.963719504,0.2866767156,148,0
60,366,101101110,6,0.9675304852,0.2001497867,100,0
60,210,011010010,4,0.9449695069,0.2644167612,102,0
60,344,101011000,4,0.964634141,0.194875374,12,0
60,27,000011011,4,0.9495426714,0.1951567573,75,0
60,203,011001011,5,0.959146332,0.1784309237,83,0
60,312,100111000,4,0.9676829297,0.1558179194,5,0
60,250,011111010,6,0.9603658486,0.2909253226,132,0
60,329,101001001,4,0.9663109742,0.1626024148,9,0
60,473,111011001,6,0.9602134135,0.2257233416,137,0
60,87,001010111,5,0.9501524288,0.2489087577,129,0
60,146,010010010,3,0.9370426815,0.1859965373,82,0
60,490,111101010,6,0.9657012131,0.1730029145,110,0
60,131,010000011,3,0.9347560965,0.1501262328,97,0
60,13,000001101,3,0.9356707335,0.3014179626,92,0
60,428,110101100,5,0.9626524337,0.1925693848,69,0
60,287,100011111,6,0.9652439002,0.1928226636,114,0
60,354,101100010,4,0.9609756079,0.1522667618,25,0
60,428,110101100,5,0.9626524337,0.1925693848,68,0
60,217,011011001,5,0.9579268228,0.2819200605,90,0
60,239,011101111,7,0.9621951133,0.2638499523,151,0
60,275,100010011,4,0.9417682886,0.1271214618,123,0
60,215,011010111,6,0.9525914565,0.2840391258,149,0
60,27,000011011,4,0.9495426714,0.1951567573,76,0
60,135,010000111,4,0.9429878015,0.1987346318,116,0
60,213,011010101,5,0.954268286,0.2557268739,112,0
60,343,101010111,6,0.9589938968,0.1846750332,139,0
60,413,110011101,6,0.9644817039,0.2295870977,118,0
60,448,111000000,3,0.9498475511,0.1094583822,27,0
60,250,011111010,6,0.9603658486,0.2909253226,131,0
60,191,010111111,7,0.963719504,0.2866767156,147,0
60,33,000100001,2,0.8849085364,0.1405141028,159,0
60,133,010000101,3,0.9432926811,0.1673714092,51,0
60,342,101010110,5,0.9528963305,0.1802943386,120,0
60,271,100001111,5,0.9682926834,0.1738470579,38,0
60,135,010000111,4,0.9429878015,0.1987346318,115,0
60,136,010001000,2,0.9556402415,0.08872172865,0,0
60,500,111110100,6,0.9571646266,0.210213976,142,0
60,448,111000000,3,0.9498475511,0.1094583822,28,0
60,248,011111000,5,0.9550304767,0.2725362466,108,0
60,200,011001000,3,0.955487797,0.1316828153,7,0
60,199,011000111,5,0.9521341417,0.2270386657,125,0
60,337,101010001,4,0.9527438916,0.1580627062,62,0
60,155,010011011,5,0.9644817039,0.2534072064,57,0
60,58,000111010,4,0.9541158453,0.1998991431,52,0
60,247,011110111,7,0.9538109675,0.2866593562,154,0
60,195,011000011,4,0.9493902363,0.1929078563,80,0
60,285,100011101,5,0.9692073204,0.1706519304,35,0
60,305,100110001,4,0.9381097574,0.1583164767,134,0
60,218,011011010,5,0.958841458,0.2987742741,86,0
60,434,110110010,5,0.9512195047,0.2008119989,127,0
60,317,100111101,6,0.9661585316,0.1998526342,107,0
60,411,110011011,6,0.9638719447,0.23684128,124,0
60,257,100000001,2,0.8830792718,0.09909134312,160,0
60,109,001101101,5,0.9626524318,0.2083265451,70,0
60,43,000101011,4,0.9513719436,0.1703410912,71,0
60,290,100100010,3,0.9499999899,0.1336969913,24,0
60,9,000001001,2,0.9167682994,0.1331997535,130,0
60,456,111001000,4,0.9663109723,0.1493365318,10,0
60,351,101011111,7,0.9638719484,0.2198956287,146,0
60,464,111010000,4,0.9522865787,0.1902281402,63,0
60,463,111001111,7,0.9701219536,0.2215583678,138,0
60,277,100010101,4,0.9528963342,0.1554693631,61,0
60,28,000011100,3,0.9434451163,0.1445199884,50,0
60,395,110001011,5,0.9670731667,0.1769618806,44,0
60,2,000000010,1,0.8757621963,0.0863469597,158,0
60,196,011000100,3,0.9515243825,0.1577226631,16,0
60,44,000101100,3,0.9384146333,0.1604029066,77,0
60,308,100110100,4,0.957926821,0.1752202315,36,0
60,176,010110000,3,0.9341463428,0.2078121302,101,0
60,205,011001101,5,0.9605182856,0.3885932574,79,0
60,421,110100101,5,0.9567073006,0.1923621674,98,0
60,439,110110111,7,0.9557926748,0.2348899278,153,0
60,358,101100110,5,0.9629573151,0.1768365032,66,0
60,368,101110000,4,0.9560975526,0.1694042669,42,0
60,222,011011110,6,0.9573170654,0.3343018061,141,0
60,185,010111001,5,0.957012184,0.2482354445,96,0
60,41,000101001,3,0.9443597533,0.2578364955,45,0
60,130,010000010,2,0.9394817092,0.1096591135,22,0
60,8,000001000,1,0.9012195114,0.0953759877,143,0
60,440,110111000,5,0.9647865817,0.2230814546,54,0
60,86,001010110,4,0.9498475529,0.2009678534,73,0
60,50,000110010,3,0.9269817118,0.1555463769,136,0
60,383,101111111,8,0.9637195133,0.2397632855,155,0
60,59,000111011,5,0.9528963305,0.1926716072,122,0
60,44,000101100,3,0.9384146333,0.1604029066,78,0
60,384,110000000,2,0.942378046,0.1023272595,13,0
60,234,011101010,5,0.9644817039,0.206266609,58,0
60,259,100000011,3,0.9335365873,0.1357063192,105,0
60,283,100011011,5,0.9660060965,0.1543926708,46,0
60,211,011010011,5,0.9449695051,0.2340317885,144,0
60,186,010111010,5,0.9589938968,0.2682068814,85,0
60,250,011111010,6,0.9603658486,0.2909253226,133,0
60,193,011000001,3,0.9471036512,0.1576919009,34,0
60,141,010001101,4,0.9608231671,0.193762437,30,0
60,372,101110100,5,0.9644817002,0.1726493784,59,0
60,13,000001101,3,0.9356707335,0.3014179626,91,0
60,428,110101100,5,0.9626524337,0.1925693848,67,0
60,489,111101001,6,0.9646341447,0.1878299923,117,0
60,35,000100011,3,0.9163109809,0.1255413797,152,0
60,210,011010010,4,0.9449695069,0.2644167612,103,0
60,448,111000000,3,0.9498475511,0.1094583822,26,0
60,462,111001110,6,0.9695121981,0.2274610037,88,0
60,295,100100111,5,0.9528963305,0.1877222597,121,0
60,144,010010000,2,0.9355182927,0.1628878268,37,0
60,342,101010110,5,0.9528963305,0.1802943386,119,0
60,396,110001100,4,0.9617377967,0.18006679,21,0
60,88,001011000,3,0.9570121896,0.1966020344,4,0
60,436,110110100,5,0.9548780341,0.3190835472,109,0
60,350,101011110,6,0.9681402408,0.2603807449,95,0
60,260,100000100,2,0.9440548718,0.2004308952,11,0
60,204,011001100,4,0.9535060935,0.2112389025,55,0
60,142,010001110,4,0.9562499933,0.2010135157,39,0
60,296,100101000,3,0.9603658449,0.1424966599,1,0
60,143,010001111,5,0.9640243854,0.2269113725,60,0
60,389,110000101,4,0.9562499914,0.1904697402,40,0
60,24,000011000,2,0.9400914628,0.1224767463,19,0
60,139,010001011,4,0.9586890135,0.1512846262,33,0
60,390,110000110,4,0.9560975488,0.160214691,43,0
60,138,010001010,3,0.9580792598,0.1175190397,2,0
60,1,000000001,1,0.7878048848,0.08813527925,161,0
60,28,000011100,3,0.9434451163,0.1445199884,48,0
60,196,011000100,3,0.9515243825,0.1577226631,17,0
60,30,000011110,4,0.9535060879,0.1916021421,56,0
60,287,100011111,6,0.9652439002,0.1928226636,113,0
60,17,000010001,2,0.8894816972,0.1499703776,157,0
60,373,101110101,6,0.9577743821,0.181031581,140,0
60,305,100110001,4,0.9381097574,0.1583164767,135,0
60,141,010001101,4,0.9608231671,0.193762437,29,0
60,388,110000100,3,0.9559451118,0.1492509923,6,0
60,227,011100011,5,0.9506097492,0.1793539175,128,0
60,172,010101100,4,0.9548780415,0.1772159359,47,0
60,465,111010001,5,0.9565548692,0.3861234859,99,0
60,3,000000011,2,0.893902434,0.1188580212,156,0
60,292,100100100,3,0.9576219451,0.1772560109,3,0
60,79,001001111,5,0.962957317,0.2229459747,65,0
60,492,111101100,6,0.9681402501,0.1861764477,94,0
60,90,001011010,4,0.9618902393,0.2218290572,20,0
60,326,101000110,4,0.9586890172,0.1529696728,32,0
60,273,100010001,3,0.936280489,0.1366260718,87,0
60,28,000011100,3,0.9434451163,0.1445199884,49,0
60,174,010101110,5,0.9596036505,0.2229905166,81,0
60,230,011100110,5,0.9544207174,0.2009842331,111,0
60,355,101100011,5,0.9577743858,0.1480007793,93,0
60,259,100000011,3,0.9335365873,0.1357063192,106,0
60,202,011001010,4,0.9612804782,0.149196442,23,0
60,307,100110011,5,0.9420731664,0.1512810998,145,0
60,341,101010101,5,0.9649390262,0.1703384123,53,0
60,454,111000110,5,0.960975606,0.1631978797,72,0
60,384,110000000,2,0.942378046,0.1023272595,14,0
60,329,101001001,4,0.9663109742,0.1626024148,8,0
60,491,111101011,7,0.9621951226,0.1842359612,150,0
60,40,000101000,2,0.9376524407,0.09235404083,31,0
60,152,010011000,3,0.9513719399,0.2329935927,18,0
60,210,011010010,4,0.9449695069,0.2644167612,104,0
60,217,011011001,5,0.9579268228,0.2819200605,89,0
60,389,110000101,4,0.9562499914,0.1904697402,41,0
60,76,001001100,3,0.9522865731,0.1880639463,15,0
60,464,111010000,4,0.9522865787,0.1902281402,64,0
60,289,100100001,3,0.9368902445,0.1236085924,84,0
60,427,110101011,6,0.9629573077,0.1781795989,126,0
61,40,000101000,2,0.9376524407,0.09235404083,29,0
61,128,010000000,1,0.9323170781,0.08404751134,9,0
61,145,010010001,3,0.943597557,0.1669537378,47,0
61,173,010101101,5,0.9568597469,0.2084413404,95,0
61,103,001100111,5,0.9515243843,0.1856543748,118,0
61,486,111100110,6,0.9629573114,0.1877477956,114,0
61,116,001110100,4,0.9464938957,0.2140967343,89,0
61,79,001001111,5,0.962957317,0.2229459747,61,0
61,261,100000101,3,0.9481707271,0.1661854191,33,0
61,440,110111000,5,0.9647865817,0.2230814546,52,0
61,6,000000110,2,0.9178353697,0.1008892676,121,0
61,168,010101000,3,0.9556402303,0.1283902619,5,0
61,335,101001111,6,0.9673780575,0.2185122878,98,0
61,29,000011101,4,0.951067064,0.1539091161,68,0
61,380,101111100,6,0.9635670688,0.2217264464,112,0
61,482,111100010,5,0.9591463339,0.139335844,81,0
61,465,111010001,5,0.9565548692,0.3861234859,96,0
61,224,011100000,3,0.9408536591,0.1201759358,60,0
61,149,010010101,4,0.9435975533,0.2027544379,106,0
61,209,011010001,4,0.9481707271,0.2154377233,80,0
61,358,101100110,5,0.9629573151,0.1768365032,62,0
61,400,110010000,3,0.9547256026,0.1810064591,7,0
61,188,010111100,5,0.9551829174,0.2635214692,102,0
61,172,010101100,4,0.9548780415,0.1772159359,46,0
61,164,010100100,3,0.9356707316,0.1803958965,87,0
61,280,100011000,3,0.9574695043,0.1384578615,2,0
61,424,110101000,4,0.9621951189,0.151591171,21,0
61,234,011101010,5,0.9644817039,0.206266609,54,0
61,238,011101110,6,0.9606707245,0.2395493905,124,0
61,63,000111111,6,0.9544207286,0.2803421966,147,0
61,38,000100110,3,0.9329268336,0.1262098874,104,0
61,384,110000000,2,0.942378046,0.1023272595,13,0
61,414,110011110,6,0.9637195077,0.2462959136,111,0
61,376,101111000,5,0.9667682927,0.1849404364,42,0
61,40,000101000,2,0.9376524407,0.09235404083,31,0
61,498,111110010,6,0.956097547,0.2142396532,142,0
61,376,101111000,5,0.9667682927,0.1849404364,41,0
61,447,110111111,8,0.9663109742,0.2420711997,160,0
61,139,010001011,4,0.9586890135,0.1512846262,34,0
61,27,000011011,4,0.9495426714,0.1951567573,74,0
61,7,000000111,3,0.9213414732,0.1769612008,146,0
61,55,000110111,5,0.9394817054,0.1547308483,155,0
61,504,111111000,6,0.9646341465,0.2548272442,107,0
61,118,001110110,5,0.9516768213,0.2225226476,115,0
61,332,101001100,4,0.9624999929,0.1707430179,15,0
61,453,111000101,5,0.9580792617,0.16819228,86,0
61,8,000001000,1,0.9012195114,0.0953759877,140,0
61,508,111111100,7,0.9685975611,0.267471821,137,0
61,168,010101000,3,0.9556402303,0.1283902619,4,0
61,205,011001101,5,0.9605182856,0.3885932574,76,0
61,37,000100101,3,0.9213414732,0.1178390123,144,0
61,221,011011101,6,0.9602134116,0.300388671,126,0
61,75,001001011,4,0.9623475578,0.1703412908,18,0
61,110,001101110,5,0.9606707301,0.2040525535,71,0
61,254,011111110,7,0.9605182894,0.3400172121,158,0
61,275,100010011,4,0.9417682886,0.1271214618,109,0
61,197,011000101,4,0.9516768213,0.1970114671,63,0
61,412,110011100,5,0.9612804819,0.2286357516,70,0
61,178,010110010,4,0.9370426852,0.3352389857,129,0
61,311,100110111,6,0.9535060879,0.1921334574,149,0
61,160,010100000,2,0.9399390239,0.09322097432,23,0
61,187,010111011,6,0.9594512116,0.279120577,128,0
61,240,011110000,4,0.9474085271,0.2333530094,85,0
61,234,011101010,5,0.9644817039,0.206266609,55,0
61,483,111100011,6,0.9574695099,0.1675422555,138,0
61,240,011110000,4,0.9474085271,0.2333530094,84,0
61,205,011001101,5,0.9605182856,0.3885932574,75,0
61,440,110111000,5,0.9647865817,0.2230814546,53,0
61,147,010010011,4,0.9367378037,0.1958240762,132,0
61,138,010001010,3,0.9580792598,0.1175190397,1,0
61,331,101001011,5,0.9695122056,0.1774945036,35,0
61,48,000110000,2,0.9140243977,0.09490588191,134,0
61,344,101011000,4,0.964634141,0.194875374,12,0
61,200,011001000,3,0.955487797,0.1316828153,6,0
61,24,000011000,2,0.9400914628,0.1224767463,19,0
61,143,010001111,5,0.9640243854,0.2269113725,56,0
61,481,111100001,5,0.9490853604,0.1667485817,127,0
61,70,001000110,3,0.9445121922,0.1709114732,43,0
61,6,000000110,2,0.9178353697,0.1008892676,122,0
61,349,101011101,6,0.9696646389,0.3093579304,83,0
61,434,110110010,5,0.9512195047,0.2008119989,119,0
61,67,001000011,3,0.9541158434,0.1536063617,10,0
61,169,010101001,4,0.9554877914,0.1521936124,44,0
61,460,111001100,5,0.9623475634,0.1988814175,65,0
61,128,010000000,1,0.9323170781,0.08404751134,8,0
61,396,110001100,4,0.9617377967,0.18006679,24,0
61,83,001010011,4,0.9489329197,0.2551624496,78,0
61,175,010101111,6,0.9585365672,0.2318464871,133,0
61,277,100010101,4,0.9528963342,0.1554693631,57,0
61,124,001111100,5,0.9573170636,0.2322485391,90,0
61,492,111101100,6,0.9681402501,0.1861764477,92,0
61,302,100101110,5,0.9657012187,0.1828945968,48,0
61,69,001000101,3,0.949695114,0.1974406161,28,0
61,257,100000001,2,0.8830792718,0.09909134312,161,0
61,314,100111010,5,0.9621951208,0.1824102593,66,0
61,498,111110010,6,0.956097547,0.2142396532,141,0
61,11,000001011,3,0.9513719436,0.1420441959,16,0
61,434,110110010,5,0.9512195047,0.2008119989,120,0
61,83,001010011,4,0.9489329197,0.2551624496,77,0
61,350,101011110,6,0.9681402408,0.2603807449,93,0
61,477,111011101,7,0.9663109761,0.245831884,143,0
61,493,111101101,7,0.9640243854,0.3398395209,151,0
61,119,001110111,6,0.9516768157,0.2266518502,154,0
61,433,110110001,5,0.953048775,0.1948711216,108,0
61,248,011111000,5,0.9550304767,0.2725362466,105,0
61,367,101101111,7,0.9689024445,0.2136532324,136,0
61,424,110101000,4,0.9621951189,0.151591171,20,0
61,123,001111011,6,0.9626524355,0.2404932803,116,0
61,355,101100011,5,0.9577743858,0.1480007793,88,0
61,74,001001010,3,0.9570121821,0.1378696063,3,0
61,35,000100011,3,0.9163109809,0.1255413797,157,0
61,184,010111000,4,0.9567073099,0.2421766864,38,0
61,51,000110011,4,0.926524397,0.1556108566,159,0
61,49,000110001,3,0.9184451289,0.1473816759,153,0
61,215,011010111,6,0.9525914565,0.2840391258,152,0
61,130,010000010,2,0.9394817092,0.1096591135,25,0
61,122,001111010,5,0.9635670725,0.3054453623,59,0
61,359,101100111,6,0.9612804819,0.1891228305,123,0
61,382,101111110,7,0.9690548796,0.2183860508,135,0
61,85,001010101,4,0.949542677,0.1903469744,72,0
61,381,101111101,7,0.9650914595,0.2315300149,148,0
61,476,111011100,6,0.9672256112,0.2396430206,100,0
61,237,011101101,6,0.9591463376,0.2640092028,130,0
61,57,000111001,4,0.9443597514,0.1744129988,101,0
61,417,110100001,4,0.9451219458,0.1674812513,99,0
61,232,011101000,4,0.9621951152,0.2219230887,22,0
61,366,101101110,6,0.9675304852,0.2001497867,97,0
61,14,000001110,3,0.9452743828,0.2012516796,40,0
61,238,011101110,6,0.9606707245,0.2395493905,125,0
61,369,101110001,5,0.9570121858,0.1660167179,94,0
61,475,111011011,7,0.964176828,0.2418077742,150,0
61,268,100001100,3,0.9647865798,0.1379161642,0,0
61,83,001010011,4,0.9489329197,0.2551624496,79,0
61,426,110101010,5,0.965548778,0.1652380908,49,0
61,344,101011000,4,0.964634141,0.194875374,11,0
61,91,001011011,5,0.9626524337,0.2549881525,64,0
61,432,110110000,4,0.9525914509,0.190835604,58,0
61,27,000011011,4,0.9495426714,0.1951567573,73,0
61,276,100010100,3,0.9513719417,0.1391151226,17,0
61,249,011111001,6,0.958993895,0.3032088177,131,0
61,236,011101100,5,0.9617378004,0.2343629976,69,0
61,482,111100010,5,0.9591463339,0.139335844,82,0
61,336,101010000,3,0.9498475567,0.1365595176,27,0
61,81,001010001,3,0.9440548755,0.1765820705,45,0
61,156,010011100,4,0.9596036505,0.2749188193,32,0
61,188,010111100,5,0.9551829174,0.2635214692,103,0
61,37,000100101,3,0.9213414732,0.1178390123,145,0
61,76,001001100,3,0.9522865731,0.1880639463,14,0
61,40,000101000,2,0.9376524407,0.09235404083,30,0
61,115,001110011,5,0.9527438954,0.1939238748,110,0
61,124,001111100,5,0.9573170636,0.2322485391,91,0
61,442,110111010,6,0.9629573133,0.2662793156,113,0
61,184,010111000,4,0.9567073099,0.2421766864,37,0
61,251,011111011,7,0.9612804838,0.3173386743,156,0
61,103,001100111,5,0.9515243843,0.1856543748,117,0
61,314,100111010,5,0.9621951208,0.1824102593,67,0
61,46,000101110,4,0.9539634064,0.1775657085,51,0
61,56,000111000,3,0.9454268273,0.1453281161,39,0
61,435,110110011,6,0.9568597432,0.2100424496,139,0
61,299,100101011,5,0.9684451278,0.1646855306,36,0
61,202,011001010,4,0.9612804782,0.149196442,26,0
61,84,001010100,3,0.9432926793,0.1912370785,50,0
62,470,111010110,6,0.9586890098,0.2075651209,131,0
62,477,111011101,7,0.9663109761,0.245831884,140,0
62,494,111101110,7,0.963262191,0.2477963772,151,0
62,466,111010010,5,0.9501524325,0.2081504837,118,0
62,24,000011000,2,0.9400914628,0.1224767463,20,0
62,25,000011001,3,0.9463414568,0.1495797473,39,0
62,139,010001011,4,0.9586890135,0.1512846262,34,0
62,176,010110000,3,0.9341463428,0.2078121302,94,0
62,250,011111010,6,0.9603658486,0.2909253226,122,0
62,65,001000001,2,0.9350609761,0.1252497334,41,0
62,217,011011001,5,0.9579268228,0.2819200605,86,0
62,343,101010111,6,0.9589938968,0.1846750332,130,0
62,248,011111000,5,0.9550304767,0.2725362466,99,0
62,482,111100010,5,0.9591463339,0.139335844,83,0
62,3,000000011,2,0.893902434,0.1188580212,157,0
62,69,001000101,3,0.949695114,0.1974406161,26,0
62,54,000110110,4,0.9384146333,0.1622000067,121,0
62,319,100111111,7,0.9637195077,0.3759361217,148,0
62,42,000101010,3,0.955487797,0.1481546445,6,0
62,172,010101100,4,0.9548780415,0.1772159359,50,0
62,25,000011001,3,0.9463414568,0.1495797473,40,0
62,135,010000111,4,0.9429878015,0.1987346318,101,0
62,67,001000011,3,0.9541158434,0.1536063617,9,0
62,219,011011011,6,0.9600609709,0.3007806377,127,0
62,345,101011001,5,0.9628048781,0.1997483987,65,0
62,7,000000111,3,0.9213414732,0.1769612008,141,0
62,221,011011101,6,0.9602134116,0.300388671,126,0
62,277,100010101,4,0.9528963342,0.1554693631,59,0
62,408,110011000,4,0.958231695,0.2197342259,37,0
62,480,111100000,4,0.9522865769,0.1520633074,63,0
62,216,011011000,4,0.9560975544,0.2577285054,47,0
62,251,011111011,7,0.9612804838,0.3173386743,152,0
62,33,000100001,2,0.8849085364,0.1405141028,161,0
62,389,110000101,4,0.9562499914,0.1904697402,44,0
62,466,111010010,5,0.9501524325,0.2081504837,117,0
62,11,000001011,3,0.9513719436,0.1420441959,17,0
62,263,100000111,4,0.9487804864,0.1450051651,81,0
62,136,010001000,2,0.9556402415,0.08872172865,0,0
62,352,101100000,3,0.9518292565,0.1353251534,15,0
62,448,111000000,3,0.9498475511,0.1094583822,25,0
62,504,111111000,6,0.9646341465,0.2548272442,103,0
62,472,111011000,5,0.9638719503,0.2441837927,60,0
62,143,010001111,5,0.9640243854,0.2269113725,56,0
62,411,110011011,6,0.9638719447,0.23684128,108,0
62,123,001111011,6,0.9626524355,0.2404932803,111,0
62,56,000111000,3,0.9454268273,0.1453281161,43,0
62,279,100010111,5,0.9499999974,0.1593395183,119,0
62,321,101000001,3,0.953048775,0.1407439543,11,0
62,341,101010101,5,0.9649390262,0.1703384123,53,0
62,484,111100100,5,0.9605182838,0.1770865889,78,0
62,478,111011110,7,0.9678353649,0.271671345,136,0
62,266,100001010,3,0.9663109817,0.1359270001,1,0
62,244,011110100,5,0.9503048733,0.2641298291,116,0
62,145,010010001,3,0.943597557,0.1669537378,51,0
62,258,100000010,2,0.9272865914,0.1128509992,76,0
62,36,000100100,2,0.9050304871,0.1029281626,153,0
62,378,101111010,6,0.964786578,0.2308151182,102,0
62,98,001100010,3,0.9480182808,0.1166399249,31,0
62,285,100011101,5,0.9692073204,0.1706519304,38,0
62,168,010101000,3,0.9556402303,0.1283902619,5,0
62,319,100111111,7,0.9637195077,0.3759361217,149,0
62,64,001000000,1,0.9262195174,0.09079117677,30,0
62,2,000000010,1,0.8757621963,0.0863469597,160,0
62,405,110010101,5,0.953201212,0.2160813212,106,0
62,29,000011101,4,0.951067064,0.1539091161,69,0
62,399,110001111,6,0.9626524355,0.2035451112,110,0
62,259,100000011,3,0.9335365873,0.1357063192,98,0
62,71,001000111,4,0.9454268254,0.1695544343,92,0
62,44,000101100,3,0.9384146333,0.1604029066,74,0
62,277,100010101,4,0.9528963342,0.1554693631,58,0
62,52,000110100,3,0.9237804934,0.1129184102,133,0
62,457,111001001,5,0.960213406,0.1580275986,79,0
62,164,010100100,3,0.9356707316,0.1803958965,87,0
62,445,110111101,7,0.9670731686,0.2392563811,138,0
62,103,001100111,5,0.9515243843,0.1856543748,112,0
62,498,111110010,6,0.956097547,0.2142396532,137,0
62,210,011010010,4,0.9449695069,0.2644167612,97,0
62,441,110111001,6,0.9644817077,0.2243005,104,0
62,509,111111101,8,0.963262191,0.2523085512,156,0
62,130,010000010,2,0.9394817092,0.1096591135,24,0
62,73,001001001,3,0.953048775,0.1462754204,12,0
62,60,000111100,4,0.9525914546,0.1621299409,61,0
62,326,101000110,4,0.9586890172,0.1529696728,33,0
62,307,100110011,5,0.9420731664,0.1512810998,146,0
62,383,101111111,8,0.9637195133,0.2397632855,155,0
62,307,100110011,5,0.9420731664,0.1512810998,147,0
62,44,000101100,3,0.9384146333,0.1604029066,75,0
62,64,001000000,1,0.9262195174,0.09079117677,28,0
62,122,001111010,5,0.9635670725,0.3054453623,62,0
62,135,010000111,4,0.9429878015,0.1987346318,100,0
62,405,110010101,5,0.953201212,0.2160813212,105,0
62,216,011011000,4,0.9560975544,0.2577285054,46,0
62,154,010011010,4,0.9570121877,0.2396545438,42,0
62,190,010111110,6,0.9559451174,0.3044974832,139,0
62,205,011001101,5,0.9605182856,0.3885932574,77,0
62,67,001000011,3,0.9541158434,0.1536063617,8,0
62,244,011110100,5,0.9503048733,0.2641298291,115,0
62,505,111111001,7,0.9647865836,0.259944424,144,0
62,172,010101100,4,0.9548780415,0.1772159359,48,0
62,225,011100001,4,0.9452743847,0.1662776889,93,0
62,42,000101010,3,0.955487797,0.1481546445,7,0
62,80,001010000,2,0.9368902445,0.1682704333,32,0
62,394,110001010,4,0.9682926834,0.1485241046,4,0
62,76,001001100,3,0.9522865731,0.1880639463,13,0
62,263,100000111,4,0.9487804864,0.1450051651,80,0
62,148,010010100,3,0.9419207256,0.2030755011,54,0
62,64,001000000,1,0.9262195174,0.09079117677,29,0
62,428,110101100,5,0.9626524337,0.1925693848,66,0
62,148,010010100,3,0.9419207256,0.2030755011,55,0
62,53,000110101,4,0.9317073226,0.1503448677,143,0
62,222,011011110,6,0.9573170654,0.3343018061,132,0
62,277,100010101,4,0.9528963342,0.1554693631,57,0
62,460,111001100,5,0.9623475634,0.1988814175,68,0
62,206,011001110,5,0.9589938931,0.2441969891,84,0
62,384,110000000,2,0.942378046,0.1023272595,10,0
62,237,011101101,6,0.9591463376,0.2640092028,129,0
62,45,000101101,4,0.9461890161,0.1590515091,90,0
62,220,011011100,5,0.9589938931,0.2710625273,85,0
62,11,000001011,3,0.9513719436,0.1420441959,18,0
62,166,010100110,4,0.9381097537,0.1851869859,124,0
62,138,010001010,3,0.9580792598,0.1175190397,3,0
62,227,011100011,5,0.9506097492,0.1793539175,114,0
62,8,000001000,1,0.9012195114,0.0953759877,135,0
62,134,010000110,3,0.9411585312,0.1737534327,64,0
62,286,100011110,5,0.9696646333,0.1719646058,35,0
62,63,000111111,6,0.9544207286,0.2803421966,142,0
62,437,110110101,6,0.9524390157,0.2554515093,150,0
62,501,111110101,7,0.9533536471,0.2283734311,154,0
62,17,000010001,2,0.8894816972,0.1499703776,159,0
62,132,010000100,2,0.9396341462,0.1636577162,21,0
62,166,010100110,4,0.9381097537,0.1851869859,123,0
62,235,011101011,6,0.9592987709,0.1924978569,128,0
62,172,010101100,4,0.9548780415,0.1772159359,49,0
62,85,001010101,4,0.949542677,0.1903469744,73,0
62,295,100100111,5,0.9528963305,0.1877222597,107,0
62,429,110101101,6,0.9609756004,0.1956794159,120,0
62,31,000011111,5,0.9507621899,0.2732690205,113,0
62,492,111101100,6,0.9681402501,0.1861764477,91,0
62,166,010100110,4,0.9381097537,0.1851869859,125,0
62,454,111000110,5,0.960975606,0.1631978797,72,0
62,16,000010000,1,0.8800304849,0.0962131978,158,0
62,29,000011101,4,0.951067064,0.1539091161,70,0
62,174,010101110,5,0.9596036505,0.2229905166,82,0
62,426,110101010,5,0.965548778,0.1652380908,52,0
62,355,101100011,5,0.9577743858,0.1480007793,88,0
62,331,101001011,5,0.9695122056,0.1774945036,36,0
62,362,101101010,5,0.9624999966,0.1689127102,67,0
62,435,110110011,6,0.9568597432,0.2100424496,134,0
62,505,111111001,7,0.9647865836,0.259944424,145,0
62,396,110001100,4,0.9617377967,0.18006679,22,0
62,130,010000010,2,0.9394817092,0.1096591135,23,0
62,357,101100101,5,0.9574694987,0.1785467933,89,0
62,335,101001111,6,0.9673780575,0.2185122878,95,0
62,387,110000011,4,0.9507621918,0.175960077,71,0
62,152,010011000,3,0.9513719399,0.2329935927,19,0
62,196,011000100,3,0.9515243825,0.1577226631,16,0
62,137,010001001,3,0.9589938968,0.1376599907,2,0
62,389,110000101,4,0.9562499914,0.1904697402,45,0
62,76,001001100,3,0.9522865731,0.1880639463,14,0
62,208,011010000,3,0.9487804789,0.2195109283,27,0
62,417,110100001,4,0.9451219458,0.1674812513,96,0
62,363,101101011,6,0.9637195095,0.1817409033,109,0
63,424,110101000,4,0.9621951189,0.151591171,17,0
63,160,010100000,2,0.9399390239,0.09322097432,21,0
63,145,010010001,3,0.943597557,0.1669537378,55,0
63,29,000011101,4,0.951067064,0.1539091161,75,0
63,485,111100101,6,0.9573170673,0.1772199203,144,0
63,484,111100100,5,0.9605182838,0.1770865889,79,0
63,402,110010010,4,0.9487804808,0.1966901873,84,0
63,87,001010111,5,0.9501524288,0.2489087577,132,0
63,261,100000101,3,0.9481707271,0.1661854191,32,0
63,60,000111100,4,0.9525914546,0.1621299409,68,0
63,262,100000110,3,0.9503048733,0.1506545902,24,0
63,296,100101000,3,0.9603658449,0.1424966599,2,0
63,389,110000101,4,0.9562499914,0.1904697402,43,0
63,149,010010101,4,0.9435975533,0.2027544379,109,0
63,284,100011100,4,0.9644817002,0.1660791668,13,0
63,418,110100010,4,0.9541158434,0.1336211525,61,0
63,393,110001001,4,0.9617377985,0.1536827425,22,0
63,160,010100000,2,0.9399390239,0.09322097432,19,0
63,469,111010101,6,0.9583841395,0.2142438563,143,0
63,465,111010001,5,0.9565548692,0.3861234859,95,0
63,486,111100110,6,0.9629573114,0.1877477956,126,0
63,504,111111000,6,0.9646341465,0.2548272442,116,0
63,316,100111100,5,0.9669207297,0.1835955237,48,0
63,420,110100100,4,0.9579268228,0.1566663263,37,0
63,484,111100100,5,0.9605182838,0.1770865889,78,0
63,504,111111000,6,0.9646341465,0.2548272442,117,0
63,160,010100000,2,0.9399390239,0.09322097432,20,0
63,234,011101010,5,0.9644817039,0.206266609,64,0
63,238,011101110,6,0.9606707245,0.2395493905,133,0
63,30,000011110,4,0.9535060879,0.1916021421,63,0
63,38,000100110,3,0.9329268336,0.1262098874,103,0
63,460,111001100,5,0.9623475634,0.1988814175,74,0
63,411,110011011,6,0.9638719447,0.23684128,123,0
63,490,111101010,6,0.9657012131,0.1730029145,111,0
63,40,000101000,2,0.9376524407,0.09235404083,28,0
63,484,111100100,5,0.9605182838,0.1770865889,80,0
63,248,011111000,5,0.9550304767,0.2725362466,105,0
63,407,110010111,6,0.9516768251,0.3759041177,153,0
63,219,011011011,6,0.9600609709,0.3007806377,136,0
63,185,010111001,5,0.957012184,0.2482354445,93,0
63,167,010100111,5,0.9480182845,0.1973982276,139,0
63,299,100101011,5,0.9684451278,0.1646855306,38,0
63,368,101110000,4,0.9560975526,0.1694042669,45,0
63,165,010100101,4,0.9425304867,0.182659965,115,0
63,388,110000100,3,0.9559451118,0.1492509923,5,0
63,455,111000111,6,0.9588414561,0.178122621,142,0
63,233,011101001,5,0.9603658449,0.268123046,82,0
63,190,010111110,6,0.9559451174,0.3044974832,148,0
63,162,010100010,3,0.9460365772,0.1228090909,39,0
63,463,111001111,7,0.9701219536,0.2215583678,141,0
63,32,000100000,1,0.8641768359,0.1044695501,161,0
63,23,000010111,4,0.9347560983,0.1537364139,146,0
63,131,010000011,3,0.9347560965,0.1501262328,94,0
63,494,111101110,7,0.963262191,0.2477963772,151,0
63,253,011111101,7,0.9640243892,0.2906484376,150,0
63,467,111010011,6,0.9539634027,0.2327699261,149,0
63,149,010010101,4,0.9435975533,0.2027544379,110,0
63,156,010011100,4,0.9596036505,0.2749188193,29,0
63,162,010100010,3,0.9460365772,0.1228090909,40,0
63,287,100011111,6,0.9652439002,0.1928226636,112,0
63,200,011001000,3,0.955487797,0.1316828153,7,0
63,463,111001111,7,0.9701219536,0.2215583678,140,0
63,61,000111101,5,0.9515243843,0.1722416603,128,0
63,105,001101001,4,0.9583841395,0.1598443775,34,0
63,224,011100000,3,0.9408536591,0.1201759358,69,0
63,240,011110000,4,0.9474085271,0.2333530094,90,0
63,140,010001100,3,0.9544207212,0.1939722262,10,0
63,424,110101000,4,0.9621951189,0.151591171,18,0
63,411,110011011,6,0.9638719447,0.23684128,122,0
63,169,010101001,4,0.9554877914,0.1521936124,50,0
63,462,111001110,6,0.9695121981,0.2274610037,91,0
63,20,000010100,2,0.916006105,0.1150037684,134,0
63,220,011011100,5,0.9589938931,0.2710625273,88,0
63,96,001100000,2,0.9330792725,0.09982250445,53,0
63,400,110010000,3,0.9547256026,0.1810064591,9,0
63,13,000001101,3,0.9356707335,0.3014179626,92,0
63,303,100101111,6,0.9673780538,0.2067371374,97,0
63,454,111000110,5,0.960975606,0.1631978797,76,0
63,330,101001010,4,0.9649390206,0.1500430945,11,0
63,79,001001111,5,0.962957317,0.2229459747,71,0
63,418,110100010,4,0.9541158434,0.1336211525,59,0
63,195,011000011,4,0.9493902363,0.1929078563,81,0
63,169,010101001,4,0.9554877914,0.1521936124,51,0
63,204,011001100,4,0.9535060935,0.2112389025,62,0
63,136,010001000,2,0.9556402415,0.08872172865,0,0
63,206,011001110,5,0.9589938931,0.2441969891,87,0
63,193,011000001,3,0.9471036512,0.1576919009,35,0
63,47,000101111,5,0.9513719473,0.1973781134,130,0
63,325,101000101,4,0.9565548692,0.1581497551,42,0
63,120,001111000,4,0.9544207193,0.2454422717,58,0
63,234,011101010,5,0.9644817039,0.206266609,65,0
63,47,000101111,5,0.9513719473,0.1973781134,129,0
63,485,111100101,6,0.9573170673,0.1772199203,145,0
63,323,101000011,4,0.9560975581,0.1510076611,44,0
63,50,000110010,3,0.9269817118,0.1555463769,135,0
63,444,110111100,6,0.964786578,0.2217209716,114,0
63,395,110001011,5,0.9670731667,0.1769618806,46,0
63,2,000000010,1,0.8757621963,0.0863469597,160,0
63,83,001010011,4,0.9489329197,0.2551624496,83,0
63,274,100010010,3,0.9408536572,0.1183711295,70,0
63,405,110010101,5,0.953201212,0.2160813212,120,0
63,301,100101101,5,0.9657012131,0.1904032845,56,0
63,189,010111101,6,0.9599085283,0.3050948284,137,0
63,433,110110001,5,0.953048775,0.1948711216,121,0
63,248,011111000,5,0.9550304767,0.2725362466,104,0
63,379,101111011,7,0.9603658468,0.2280426561,156,0
63,436,110110100,5,0.9548780341,0.3190835472,107,0
63,89,001011001,4,0.958079258,0.2149465061,36,0
63,395,110001011,5,0.9670731667,0.1769618806,47,0
63,202,011001010,4,0.9612804782,0.149196442,25,0
63,169,010101001,4,0.9554877914,0.1521936124,52,0
63,186,010111010,5,0.9589938968,0.2682068814,86,0
63,51,000110011,4,0.926524397,0.1556108566,157,0
63,441,110111001,6,0.9644817077,0.2243005,118,0
63,251,011111011,7,0.9612804838,0.3173386743,155,0
63,386,110000010,3,0.9515243825,0.1274834615,14,0
63,208,011010000,3,0.9487804789,0.2195109283,27,0
63,43,000101011,4,0.9513719436,0.1703410912,72,0
63,436,110110100,5,0.9548780341,0.3190835472,108,0
63,337,101010001,4,0.9527438916,0.1580627062,67,0
63,365,101101101,6,0.9644817039,0.2133307862,119,0
63,280,100011000,3,0.9574695043,0.1384578615,4,0
63,511,111111111,9,0.9672256112,0.3458421361,159,0
63,49,000110001,3,0.9184451289,0.1473816759,152,0
63,225,011100001,4,0.9452743847,0.1662776889,96,0
63,392,110001000,3,0.9653963372,0.1357308119,1,0
63,486,111100110,6,0.9629573114,0.1877477956,125,0
63,138,010001010,3,0.9580792598,0.1175190397,3,0
63,460,111001100,5,0.9623475634,0.1988814175,73,0
63,121,001111001,5,0.9562499933,0.3466811553,98,0
63,393,110001001,4,0.9617377985,0.1536827425,23,0
63,260,100000100,2,0.9440548718,0.2004308952,8,0
63,338,101010010,4,0.9530487694,0.1827030429,66,0
63,168,010101000,3,0.9556402303,0.1283902619,6,0
63,476,111011100,6,0.9672256112,0.2396430206,99,0
63,210,011010010,4,0.9449695069,0.2644167612,100,0
63,496,111110000,5,0.9541158415,0.2100702799,113,0
63,283,100011011,5,0.9660060965,0.1543926708,54,0
63,24,000011000,2,0.9400914628,0.1224767463,16,0
63,57,000111001,4,0.9443597514,0.1744129988,101,0
63,237,011101101,6,0.9591463376,0.2640092028,138,0
63,418,110100010,4,0.9541158434,0.1336211525,60,0
63,336,101010000,3,0.9498475567,0.1365595176,26,0
63,261,100000101,3,0.9481707271,0.1661854191,33,0
63,156,010011100,4,0.9596036505,0.2749188193,31,0
63,436,110110100,5,0.9548780341,0.3190835472,106,0
63,391,110000111,5,0.9551829174,0.1890920834,102,0
63,196,011000100,3,0.9515243825,0.1577226631,15,0
63,156,010011100,4,0.9596036505,0.2749188193,30,0
63,240,011110000,4,0.9474085271,0.2333530094,89,0
63,127,001111111,7,0.9617378041,0.3252968704,154,0
63,159,010011111,6,0.9618902393,0.2912165942,131,0
63,316,100111100,5,0.9669207297,0.1835955237,49,0
63,344,101011000,4,0.964634141,0.194875374,12,0
63,103,001100111,5,0.9515243843,0.1856543748,127,0
63,442,110111010,6,0.9629573133,0.2662793156,124,0
63,174,010101110,5,0.9596036505,0.2229905166,85,0
63,120,001111000,4,0.9544207193,0.2454422717,57,0
63,435,110110011,6,0.9568597432,0.2100424496,147,0
63,19,000010011,3,0.9097560961,0.1301706852,158,0
63,154,010011010,4,0.9570121877,0.2396545438,41,0
63,198,011000110,4,0.9498475567,0.191795771,77,0
64,212,011010100,4,0.952439012,0.2385208402,62,0
64,511,111111111,9,0.9672256112,0.3458421361,157,0
64,108,001101100,4,0.9585365746,0.1886128322,37,0
64,358,101100110,5,0.9629573151,0.1768365032,71,0
64,154,010011010,4,0.9570121877,0.2396545438,43,0
64,19,000010011,3,0.9097560961,0.1301706852,153,0
64,325,101000101,4,0.9565548692,0.1581497551,44,0
64,168,010101000,3,0.9556402303,0.1283902619,12,0
64,506,111111010,7,0.9606707208,0.2898382405,150,0
64,457,111001001,5,0.960213406,0.1580275986,87,0
64,89,001011001,4,0.958079258,0.2149465061,39,0
64,503,111110111,8,0.9562499896,0.2269489216,155,0
64,112,001110000,3,0.9481707234,0.1940589957,33,0
64,362,101101010,5,0.9624999966,0.1689127102,75,0
64,227,011100011,5,0.9506097492,0.1793539175,122,0
64,77,001001101,4,0.9611280505,0.2220115,30,0
64,246,011110110,6,0.9506097473,0.2641389403,147,0
64,351,101011111,7,0.9638719484,0.2198956287,141,0
64,42,000101010,3,0.955487797,0.1481546445,13,0
64,300,100101100,4,0.9623475503,0.1672059349,25,0
64,25,000011001,3,0.9463414568,0.1495797473,41,0
64,327,101000111,5,0.9611280449,0.1737721614,82,0
64,475,111011011,7,0.964176828,0.2418077742,140,0
64,91,001011011,5,0.9626524337,0.2549881525,74,0
64,153,010011001,4,0.955487797,0.2314127795,49,0
64,135,010000111,4,0.9429878015,0.1987346318,112,0
64,221,011011101,6,0.9602134116,0.300388671,128,0
64,277,100010101,4,0.9528963342,0.1554693631,61,0
64,408,110011000,4,0.958231695,0.2197342259,38,0
64,424,110101000,4,0.9621951189,0.151591171,27,0
64,216,011011000,4,0.9560975544,0.2577285054,48,0
64,371,101110011,6,0.9557926711,0.1782466671,138,0
64,32,000100000,1,0.8641768359,0.1044695501,160,0
64,13,000001101,3,0.9356707335,0.3014179626,98,0
64,342,101010110,5,0.9528963305,0.1802943386,116,0
64,27,000011011,4,0.9495426714,0.1951567573,84,0
64,303,100101111,6,0.9673780538,0.2067371374,103,0
64,160,010100000,2,0.9399390239,0.09322097432,28,0
64,288,100100000,2,0.9224085417,0.09756062739,105,0
64,264,100001000,2,0.9495426789,0.1157485445,3,0
64,344,101011000,4,0.964634141,0.194875374,17,0
64,464,111010000,4,0.9522865787,0.1902281402,64,0
64,203,011001011,5,0.959146332,0.1784309237,89,0
64,280,100011000,3,0.9574695043,0.1384578615,6,0
64,251,011111011,7,0.9612804838,0.3173386743,148,0
64,56,000111000,3,0.9454268273,0.1453281161,45,0
64,262,100000110,3,0.9503048733,0.1506545902,29,0
64,321,101000001,3,0.953048775,0.1407439543,19,0
64,471,111010111,7,0.9618902374,0.2460674956,144,0
64,104,001101000,3,0.9568597451,0.1185564424,8,0
64,89,001011001,4,0.958079258,0.2149465061,40,0
64,264,100001000,2,0.9495426789,0.1157485445,4,0
64,312,100111000,4,0.9676829297,0.1558179194,9,0
64,9,000001001,2,0.9167682994,0.1331997535,125,0
64,32,000100000,1,0.8641768359,0.1044695501,161,0
64,204,011001100,4,0.9535060935,0.2112389025,58,0
64,506,111111010,7,0.9606707208,0.2898382405,149,0
64,290,100100010,3,0.9499999899,0.1336969913,31,0
64,409,110011001,5,0.9621951114,0.2163874777,78,0
64,224,011100000,3,0.9408536591,0.1201759358,68,0
64,443,110111011,7,0.9624999985,0.2361019221,142,0
64,128,010000000,1,0.9323170781,0.08404751134,15,0
64,398,110001110,5,0.9652439002,0.184927925,56,0
64,148,010010100,3,0.9419207256,0.2030755011,60,0
64,271,100001111,5,0.9682926834,0.1738470579,42,0
64,15,000001111,4,0.9467987716,0.2596095148,97,0
64,483,111100011,6,0.9574695099,0.1675422555,135,0
64,327,101000111,5,0.9611280449,0.1737721614,83,0
64,300,100101100,4,0.9623475503,0.1672059349,26,0
64,278,100010110,4,0.9477134068,0.1614845553,92,0
64,48,000110000,2,0.9140243977,0.09490588191,134,0
64,9,000001001,2,0.9167682994,0.1331997535,124,0
64,288,100100000,2,0.9224085417,0.09756062739,106,0
64,413,110011101,6,0.9644817039,0.2295870977,113,0
64,79,001001111,5,0.962957317,0.2229459747,70,0
64,370,101110010,5,0.9585365802,0.1784977219,94,0
64,136,010001000,2,0.9556402415,0.08872172865,0,0
64,29,000011101,4,0.951067064,0.1539091161,79,0
64,44,000101100,3,0.9384146333,0.1604029066,85,0
64,304,100110000,3,0.9338414669,0.1354449289,104,0
64,88,001011000,3,0.9570121896,0.1966020344,7,0
64,317,100111101,6,0.9661585316,0.1998526342,108,0
64,214,011010110,5,0.9489329215,0.2694390733,130,0
64,305,100110001,4,0.9381097574,0.1583164767,127,0
64,375,101110111,7,0.9571646266,0.217339966,151,0
64,313,100111001,5,0.963109754,0.167221989,67,0
64,31,000011111,5,0.9507621899,0.2732690205,121,0
64,450,111000010,4,0.9554877952,0.1262044164,50,0
64,106,001101010,4,0.9589938987,0.1349909608,34,0
64,387,110000011,4,0.9507621918,0.175960077,80,0
64,405,110010101,5,0.953201212,0.2160813212,114,0
64,464,111010000,4,0.9522865787,0.1902281402,65,0
64,274,100010010,3,0.9408536572,0.1183711295,69,0
64,246,011110110,6,0.9506097473,0.2641389403,146,0
64,463,111001111,7,0.9701219536,0.2215583678,132,0
64,139,010001011,4,0.9586890135,0.1512846262,36,0
64,500,111110100,6,0.9571646266,0.210213976,136,0
64,341,101010101,5,0.9649390262,0.1703384123,57,0
64,188,010111100,5,0.9551829174,0.2635214692,107,0
64,45,000101101,4,0.9461890161,0.1590515091,99,0
64,34,000100010,2,0.9111280553,0.1001502015,139,0
64,152,010011000,3,0.9513719399,0.2329935927,23,0
64,320,101000000,2,0.9503048677,0.1123269997,2,0
64,14,000001110,3,0.9452743828,0.2012516796,47,0
64,263,100000111,4,0.9487804864,0.1450051651,88,0
64,140,010001100,3,0.9544207212,0.1939722262,16,0
64,328,101001000,3,0.9661585353,0.1314932012,1,0
64,398,110001110,5,0.9652439002,0.184927925,55,0
64,248,011111000,5,0.9550304767,0.2725362466,109,0
64,180,010110100,4,0.9402438998,0.2270922111,120,0
64,342,101010110,5,0.9528963305,0.1802943386,115,0
64,260,100000100,2,0.9440548718,0.2004308952,14,0
64,460,111001100,5,0.9623475634,0.1988814175,77,0
64,438,110110110,6,0.9568597469,0.2188521465,137,0
64,460,111001100,5,0.9623475634,0.1988814175,76,0
64,509,111111101,8,0.963262191,0.2523085512,154,0
64,313,100111001,5,0.963109754,0.167221989,66,0
64,464,111010000,4,0.9522865787,0.1902281402,63,0
64,203,011001011,5,0.959146332,0.1784309237,90,0
64,430,110101110,6,0.9653963409,0.2012857567,111,0
64,158,010011110,5,0.9586890191,0.2851446816,93,0
64,97,001100001,3,0.9439024366,0.1496965196,52,0
64,168,010101000,3,0.9556402303,0.1283902619,11,0
64,398,110001110,5,0.9652439002,0.184927925,54,0
64,350,101011110,6,0.9681402408,0.2603807449,100,0
64,54,000110110,4,0.9384146333,0.1622000067,126,0
64,137,010001001,3,0.9589938968,0.1376599907,5,0
64,347,101011011,6,0.9690548796,0.1985359336,95,0
64,33,000100001,2,0.8849085364,0.1405141028,158,0
64,388,110000100,3,0.9559451118,0.1492509923,10,0
64,246,011110110,6,0.9506097473,0.2641389403,145,0
64,219,011011011,6,0.9600609709,0.3007806377,129,0
64,397,110001101,5,0.9626524374,0.1984722707,72,0
64,342,101010110,5,0.9528963305,0.1802943386,117,0
64,427,110101011,6,0.9629573077,0.1781795989,119,0
64,175,010101111,6,0.9585365672,0.2318464871,133,0
64,15,000001111,4,0.9467987716,0.2596095148,96,0
64,236,011101100,5,0.9617378004,0.2343629976,81,0
64,366,101101110,6,0.9675304852,0.2001497867,102,0
64,422,110100110,5,0.9547256045,0.1711755372,110,0
64,17,000010001,2,0.8894816972,0.1499703776,156,0
64,93,001011101,5,0.9603658449,0.2507782625,86,0
64,239,011101111,7,0.9621951133,0.2638499523,143,0
64,106,001101010,4,0.9589938987,0.1349909608,35,0
64,315,100111011,6,0.9631097522,0.1866992847,118,0
64,11,000001011,3,0.9513719436,0.1420441959,22,0
64,488,111101000,5,0.966463415,0.1571392328,51,0
64,439,110110111,7,0.9557926748,0.2348899278,152,0
64,289,100100001,3,0.9368902445,0.1236085924,91,0
64,270,100001110,4,0.9641768225,0.171474142,18,0
64,256,100000000,1,0.8653963432,0.05144251033,159,0
64,100,001100100,3,0.9481707253,0.1504776806,32,0
64,207,011001111,6,0.9615853634,0.2859955677,123,0
64,167,010100111,5,0.9480182845,0.1973982276,131,0
64,152,010011000,3,0.9513719399,0.2329935927,24,0
64,76,001001100,3,0.9522865731,0.1880639463,20,0
64,145,010010001,3,0.943597557,0.1669537378,53,0
64,397,110001101,5,0.9626524374,0.1984722707,73,0
64,12,000001100,2,0.9342987817,0.1145905149,46,0
64,352,101100000,3,0.9518292565,0.1353251534,21,0
64,353,101100001,4,0.9532012139,0.1389175798,59,0
64,185,010111001,5,0.957012184,0.2482354445,101,0
65,360,101101000,4,0.9634146318,0.168340771,11,0
65,152,010011000,3,0.9513719399,0.2329935927,15,0
65,287,100011111,6,0.9652439002,0.1928226636,106,0
65,24,000011000,2,0.9400914628,0.1224767463,18,0
65,101,001100101,4,0.9471036494,0.1847556052,87,0
65,492,111101100,6,0.9681402501,0.1861764477,90,0
65,222,011011110,6,0.9573170654,0.3343018061,133,0
65,471,111010111,7,0.9618902374,0.2460674956,150,0
65,5,000000101,2,0.9044207372,0.07468588371,153,0
65,16,000010000,1,0.8800304849,0.0962131978,160,0
65,38,000100110,3,0.9329268336,0.1262098874,100,0
65,136,010001000,2,0.9556402415,0.08872172865,0,0
65,455,111000111,6,0.9588414561,0.178122621,128,0
65,145,010010001,3,0.943597557,0.1669537378,49,0
65,350,101011110,6,0.9681402408,0.2603807449,91,0
65,406,110010110,5,0.9480182827,0.218691871,124,0
65,73,001001001,3,0.953048775,0.1462754204,9,0
65,128,010000000,1,0.9323170781,0.08404751134,7,0
65,469,111010101,6,0.9583841395,0.2142438563,130,0
65,83,001010011,4,0.9489329197,0.2551624496,78,0
65,230,011100110,5,0.9544207174,0.2009842331,105,0
65,136,010001000,2,0.9556402415,0.08872172865,0,0
65,172,010101100,4,0.9548780415,0.1772159359,48,0
65,420,110100100,4,0.9579268228,0.1566663263,40,0
65,484,111100100,5,0.9605182838,0.1770865889,76,0
65,314,100111010,5,0.9621951208,0.1824102593,69,0
65,160,010100000,2,0.9399390239,0.09322097432,21,0
65,234,011101010,5,0.9644817039,0.206266609,58,0
65,174,010101110,5,0.9596036505,0.2229905166,81,0
65,87,001010111,5,0.9501524288,0.2489087577,121,0
65,167,010100111,5,0.9480182845,0.1973982276,123,0
65,140,010001100,3,0.9544207212,0.1939722262,8,0
65,409,110011001,5,0.9621951114,0.2163874777,70,0
65,242,011110010,5,0.9455792625,0.2814117442,135,0
65,137,010001001,3,0.9589938968,0.1376599907,3,0
65,416,110100000,3,0.9510670714,0.1087195657,20,0
65,152,010011000,3,0.9513719399,0.2329935927,17,0
65,445,110111101,7,0.9670731686,0.2392563811,137,0
65,155,010011011,5,0.9644817039,0.2534072064,60,0
65,19,000010011,3,0.9097560961,0.1301706852,156,0
65,431,110101111,7,0.9658536613,0.2059036302,142,0
65,303,100101111,6,0.9673780538,0.2067371374,97,0
65,332,101001100,4,0.9624999929,0.1707430179,14,0
65,229,011100101,5,0.9513719473,0.2044244306,115,0
65,388,110000100,3,0.9559451118,0.1492509923,5,0
65,199,011000111,5,0.9521341417,0.2270386657,112,0
65,233,011101001,5,0.9603658449,0.268123046,77,0
65,190,010111110,6,0.9559451174,0.3044974832,138,0
65,164,010100100,3,0.9356707316,0.1803958965,89,0
65,293,100100101,4,0.9577743821,0.1677137092,41,0
65,256,100000000,1,0.8653963432,0.05144251033,161,0
65,149,010010101,4,0.9435975533,0.2027544379,104,0
65,463,111001111,7,0.9701219536,0.2215583678,126,0
65,382,101111110,7,0.9690548796,0.2183860508,131,0
65,477,111011101,7,0.9663109761,0.245831884,139,0
65,307,100110011,5,0.9420731664,0.1512810998,144,0
65,193,011000001,3,0.9471036512,0.1576919009,37,0
65,156,010011100,4,0.9596036505,0.2749188193,28,0
65,422,110100110,5,0.9547256045,0.1711755372,103,0
65,287,100011111,6,0.9652439002,0.1928226636,107,0
65,236,011101100,5,0.9617378004,0.2343629976,72,0
65,347,101011011,6,0.9690548796,0.1985359336,88,0
65,316,100111100,5,0.9669207297,0.1835955237,45,0
65,493,111101101,7,0.9640243854,0.3398395209,147,0
65,436,110110100,5,0.9548780341,0.3190835472,102,0
65,496,111110000,5,0.9541158415,0.2100702799,109,0
65,28,000011100,3,0.9434451163,0.1445199884,51,0
65,440,110111000,5,0.9647865817,0.2230814546,54,0
65,147,010010011,4,0.9367378037,0.1958240762,127,0
65,41,000101001,3,0.9443597533,0.2578364955,46,0
65,463,111001111,7,0.9701219536,0.2215583678,125,0
65,465,111010001,5,0.9565548692,0.3861234859,95,0
65,493,111101101,7,0.9640243854,0.3398395209,146,0
65,232,011101000,4,0.9621951152,0.2219230887,19,0
65,180,010110100,4,0.9402438998,0.2270922111,117,0
65,141,010001101,4,0.9608231671,0.193762437,26,0
65,477,111011101,7,0.9663109761,0.245831884,140,0
65,226,011100010,4,0.9487804808,0.1625480801,80,0
65,242,011110010,5,0.9455792625,0.2814117442,136,0
65,207,011001111,6,0.9615853634,0.2859955677,119,0
65,387,110000011,4,0.9507621918,0.175960077,71,0
65,454,111000110,5,0.960975606,0.1631978797,74,0
65,297,100101001,4,0.9582317006,0.1647070954,36,0
65,203,011001011,5,0.959146332,0.1784309237,83,0
65,137,010001001,3,0.9589938968,0.1376599907,4,0
65,198,011000110,4,0.9498475567,0.191795771,75,0
65,226,011100010,4,0.9487804808,0.1625480801,79,0
65,301,100101101,5,0.9657012131,0.1904032845,50,0
65,273,100010001,3,0.936280489,0.1366260718,85,0
65,508,111111100,7,0.9685975611,0.267471821,132,0
65,360,101101000,4,0.9634146318,0.168340771,12,0
65,47,000101111,5,0.9513719473,0.1973781134,116,0
65,109,001101101,5,0.9626524318,0.2083265451,68,0
65,396,110001100,4,0.9617377967,0.18006679,23,0
65,48,000110000,2,0.9140243977,0.09490588191,129,0
65,502,111110110,7,0.9586890154,0.2245801887,155,0
65,139,010001011,4,0.9586890135,0.1512846262,33,0
65,398,110001110,5,0.9652439002,0.184927925,53,0
65,131,010000011,3,0.9347560965,0.1501262328,93,0
65,466,111010010,5,0.9501524325,0.2081504837,120,0
65,472,111011000,5,0.9638719503,0.2441837927,64,0
65,303,100101111,6,0.9673780538,0.2067371374,99,0
65,255,011111111,8,0.9632621948,0.4130405989,158,0
65,241,011110001,5,0.9440548718,0.2607987896,141,0
65,248,011111000,5,0.9550304767,0.2725362466,101,0
65,379,101111011,7,0.9603658468,0.2280426561,152,0
65,180,010110100,4,0.9402438998,0.2270922111,118,0
65,123,001111011,6,0.9626524355,0.2404932803,114,0
65,358,101100110,5,0.9629573151,0.1768365032,67,0
65,335,101001111,6,0.9673780575,0.2185122878,96,0
65,313,100111001,5,0.963109754,0.167221989,66,0
65,185,010111001,5,0.957012184,0.2482354445,92,0
65,19,000010011,3,0.9097560961,0.1301706852,157,0
65,65,001000001,2,0.9350609761,0.1252497334,42,0
65,179,010110011,5,0.9410060942,0.2424715101,149,0
65,130,010000010,2,0.9394817092,0.1096591135,24,0
65,326,101000110,4,0.9586890172,0.1529696728,32,0
65,165,010100101,4,0.9425304867,0.182659965,111,0
65,372,101110100,5,0.9644817002,0.1726493784,61,0
65,337,101010001,4,0.9527438916,0.1580627062,65,0
65,361,101101001,5,0.9644817058,0.176816938,57,0
65,148,010010100,3,0.9419207256,0.2030755011,63,0
65,351,101011111,7,0.9638719484,0.2198956287,148,0
65,51,000110011,4,0.926524397,0.1556108566,154,0
65,161,010100001,3,0.926981708,0.1333965359,122,0
65,393,110001001,4,0.9617377985,0.1536827425,22,0
65,462,111001110,6,0.9695121981,0.2274610037,86,0
65,200,011001000,3,0.955487797,0.1316828153,6,0
65,364,101101100,5,0.9696646333,0.1734690042,34,0
65,89,001011001,4,0.958079258,0.2149465061,38,0
65,136,010001000,2,0.9556402415,0.08872172865,0,0
65,4,000000100,1,0.9094512276,0.06868225115,110,0
65,112,001110000,3,0.9481707234,0.1940589957,29,0
65,297,100101001,4,0.9582317006,0.1647070954,35,0
65,148,010010100,3,0.9419207256,0.2030755011,62,0
65,336,101010000,3,0.9498475567,0.1365595176,25,0
65,496,111110000,5,0.9541158415,0.2100702799,108,0
65,281,100011001,4,0.9638719484,0.1484918948,10,0
65,272,100010000,2,0.9314024411,0.09646097757,55,0
65,89,001011001,4,0.958079258,0.2149465061,39,0
65,236,011101100,5,0.9617378004,0.2343629976,73,0
65,419,110100011,5,0.9568597469,0.1682509559,94,0
65,272,100010000,2,0.9314024411,0.09646097757,56,0
65,209,011010001,4,0.9481707271,0.2154377233,82,0
65,196,011000100,3,0.9515243825,0.1577226631,13,0
65,500,111110100,6,0.9571646266,0.210213976,134,0
65,303,100101111,6,0.9673780538,0.2067371374,98,0
65,201,011001001,4,0.9567073155,0.1810487332,43,0
65,84,001010100,3,0.9432926793,0.1912370785,52,0
65,112,001110000,3,0.9481707234,0.1940589957,30,0
65,509,111111101,8,0.963262191,0.2523085512,159,0
65,155,010011011,5,0.9644817039,0.2534072064,59,0
65,40,000101000,2,0.9376524407,0.09235404083,27,0
65,220,011011100,5,0.9589938931,0.2710625273,84,0
65,7,000000111,3,0.9213414732,0.1769612008,143,0
65,506,111111010,7,0.9606707208,0.2898382405,151,0
65,486,111100110,6,0.9629573114,0.1877477956,113,0
65,112,001110000,3,0.9481707234,0.1940589957,31,0
65,243,011110011,6,0.9530487731,0.2716712286,145,0
65,283,100011011,5,0.9660060965,0.1543926708,47,0
65,152,010011000,3,0.9513719399,0.2329935927,16,0
65,334,101001110,5,0.9672256075,0.1807405879,44,0
66,28,000011100,3,0.9434451163,0.1445199884,61,0
66,367,101101111,7,0.9689024445,0.2136532324,137,0
66,226,011100010,4,0.9487804808,0.1625480801,89,0
66,294,100100110,4,0.9550304823,0.1726385914,57,0
66,282,100011010,4,0.9623475503,0.1541509838,24,0
66,19,000010011,3,0.9097560961,0.1301706852,156,0
66,13,000001101,3,0.9356707335,0.3014179626,97,0
66,232,011101000,4,0.9621951152,0.2219230887,28,0
66,506,111111010,7,0.9606707208,0.2898382405,152,0
66,493,111101101,7,0.9640243854,0.3398395209,146,0
66,473,111011001,6,0.9602134135,0.2257233416,128,0
66,119,001110111,6,0.9516768157,0.2266518502,148,0
66,50,000110010,3,0.9269817118,0.1555463769,127,0
66,366,101101110,6,0.9675304852,0.2001497867,103,0
66,97,001100001,3,0.9439024366,0.1496965196,58,0
66,233,011101001,5,0.9603658449,0.268123046,86,0
66,6,000000110,2,0.9178353697,0.1008892676,123,0
66,311,100110111,6,0.9535060879,0.1921334574,145,0
66,42,000101010,3,0.955487797,0.1481546445,15,0
66,174,010101110,5,0.9596036505,0.2229905166,92,0
66,27,000011011,4,0.9495426714,0.1951567573,84,0
66,279,100010111,5,0.9499999974,0.1593395183,124,0
66,83,001010011,4,0.9489329197,0.2551624496,87,0
66,345,101011001,5,0.9628048781,0.1997483987,73,0
66,281,100011001,4,0.9638719484,0.1484918948,21,0
66,133,010000101,3,0.9432926811,0.1673714092,63,0
66,221,011011101,6,0.9602134116,0.300388671,129,0
66,277,100010101,4,0.9528963342,0.1554693631,70,0
66,472,111011000,5,0.9638719503,0.2441837927,71,0
66,424,110101000,4,0.9621951189,0.151591171,27,0
66,88,001011000,3,0.9570121896,0.1966020344,11,0
66,371,101110011,6,0.9557926711,0.1782466671,140,0
66,48,000110000,2,0.9140243977,0.09490588191,135,0
66,413,110011101,6,0.9644817039,0.2295870977,115,0
66,356,101100100,4,0.9591463339,0.1657813322,38,0
66,95,001011111,6,0.9603658505,0.4629407227,126,0
66,39,000100111,4,0.9327743929,0.170628381,142,0
66,128,010000000,1,0.9323170781,0.08404751134,18,0
66,484,111100100,5,0.9605182838,0.1770865889,85,0
66,354,101100010,4,0.9609756079,0.1522667618,34,0
66,384,110000000,2,0.942378046,0.1023272595,19,0
66,208,011010000,3,0.9487804789,0.2195109283,36,0
66,163,010100011,4,0.9469512142,0.1452375506,95,0
66,410,110011010,5,0.9644817039,0.2193003995,67,0
66,219,011011011,6,0.9600609709,0.3007806377,130,0
66,56,000111000,3,0.9454268273,0.1453281161,50,0
66,18,000010010,2,0.9048780557,0.1242320742,153,0
66,385,110000001,3,0.9457317069,0.1523044817,48,0
66,347,101011011,6,0.9690548796,0.1985359336,96,0
66,4,000000100,1,0.9094512276,0.06868225115,111,0
66,509,111111101,8,0.963262191,0.2523085512,157,0
66,138,010001010,3,0.9580792598,0.1175190397,9,0
66,144,010010000,2,0.9355182927,0.1628878268,43,0
66,141,010001101,4,0.9608231671,0.193762437,35,0
66,34,000100010,2,0.9111280553,0.1001502015,141,0
66,4,000000100,1,0.9094512276,0.06868225115,112,0
66,314,100111010,5,0.9621951208,0.1824102593,76,0
66,354,101100010,4,0.9609756079,0.1522667618,33,0
66,157,010011101,5,0.9608231653,0.2573634591,83,0
66,176,010110000,3,0.9341463428,0.2078121302,104,0
66,283,100011011,5,0.9660060965,0.1543926708,59,0
66,112,001110000,3,0.9481707234,0.1940589957,37,0
66,3,000000011,2,0.893902434,0.1188580212,159,0
66,26,000011010,3,0.9474085309,0.166096261,41,0
66,203,011001011,5,0.959146332,0.1784309237,93,0
66,463,111001111,7,0.9701219536,0.2215583678,132,0
66,491,111101011,7,0.9621951226,0.1842359612,150,0
66,65,001000001,2,0.9350609761,0.1252497334,46,0
66,300,100101100,4,0.9623475503,0.1672059349,25,0
66,406,110010110,5,0.9480182827,0.218691871,131,0
66,148,010010100,3,0.9419207256,0.2030755011,68,0
66,392,110001000,3,0.9653963372,0.1357308119,0,0
66,272,100010000,2,0.9314024411,0.09646097757,65,0
66,405,110010101,5,0.953201212,0.2160813212,116,0
66,495,111101111,8,0.9658536594,0.22599763,155,0
66,502,111110110,7,0.9586890154,0.2245801887,154,0
66,74,001001010,3,0.9570121821,0.1378696063,12,0
66,29,000011101,4,0.951067064,0.1539091161,77,0
66,260,100000100,2,0.9440548718,0.2004308952,17,0
66,304,100110000,3,0.9338414669,0.1354449289,106,0
66,312,100111000,4,0.9676829297,0.1558179194,14,0
66,57,000111001,4,0.9443597514,0.1744129988,108,0
66,82,001010010,3,0.9452743866,0.1904831256,51,0
66,316,100111100,5,0.9669207297,0.1835955237,55,0
66,436,110110100,5,0.9548780341,0.3190835472,109,0
66,297,100101001,4,0.9582317006,0.1647070954,42,0
66,173,010101101,5,0.9568597469,0.2084413404,101,0
66,66,001000010,2,0.9518292602,0.09929567995,2,0
66,174,010101110,5,0.9596036505,0.2229905166,90,0
66,7,000000111,3,0.9213414732,0.1769612008,143,0
66,16,000010000,1,0.8800304849,0.0962131978,160,0
66,464,111010000,4,0.9522865787,0.1902281402,72,0
66,144,010010000,2,0.9355182927,0.1628878268,44,0
66,127,001111111,7,0.9617378041,0.3252968704,151,0
66,461,111001101,6,0.9624999948,0.2131315088,121,0
66,3,000000011,2,0.893902434,0.1188580212,158,0
66,113,001110001,4,0.9504573084,0.1746187271,80,0
66,213,011010101,5,0.954268286,0.2557268739,110,0
66,252,011111100,6,0.964176828,0.316163627,117,0
66,365,101101101,6,0.9644817039,0.2133307862,114,0
66,143,010001111,5,0.9640243854,0.2269113725,69,0
66,194,011000010,3,0.9448170681,0.1295389787,54,0
66,2,000000010,1,0.8757621963,0.0863469597,161,0
66,68,001000100,2,0.947560966,0.2287352863,6,0
66,7,000000111,3,0.9213414732,0.1769612008,144,0
66,204,011001100,4,0.9535060935,0.2112389025,66,0
66,200,011001000,3,0.955487797,0.1316828153,16,0
66,393,110001001,4,0.9617377985,0.1536827425,32,0
66,61,000111101,5,0.9515243843,0.1722416603,120,0
66,272,100010000,2,0.9314024411,0.09646097757,64,0
66,454,111000110,5,0.960975606,0.1631978797,81,0
66,14,000001110,3,0.9452743828,0.2012516796,52,0
66,492,111101100,6,0.9681402501,0.1861764477,99,0
66,382,101111110,7,0.9690548796,0.2183860508,136,0
66,320,101000000,2,0.9503048677,0.1123269997,4,0
66,236,011101100,5,0.9617378004,0.2343629976,79,0
66,185,010111001,5,0.957012184,0.2482354445,100,0
66,402,110010010,4,0.9487804808,0.1966901873,88,0
66,139,010001011,4,0.9586890135,0.1512846262,40,0
66,394,110001010,4,0.9682926834,0.1485241046,10,0
66,190,010111110,6,0.9559451174,0.3044974832,139,0
66,249,011111001,6,0.958993895,0.3032088177,133,0
66,424,110101000,4,0.9621951189,0.151591171,26,0
66,142,010001110,4,0.9562499933,0.2010135157,53,0
66,415,110011111,7,0.9681402519,0.2540232334,138,0
66,182,010110110,5,0.9414634127,0.2396552637,147,0
66,152,010011000,3,0.9513719399,0.2329935927,23,0
66,25,000011001,3,0.9463414568,0.1495797473,45,0
66,129,010000001,2,0.9335365873,0.1010586498,56,0
66,132,010000100,2,0.9396341462,0.1636577162,30,0
66,487,111100111,7,0.9623475522,0.2054754389,149,0
66,377,101111001,6,0.9640243854,0.320313164,118,0
66,397,110001101,5,0.9626524374,0.1984722707,74,0
66,86,001010110,4,0.9498475529,0.2009678534,82,0
66,363,101101011,6,0.9637195095,0.1817409033,119,0
66,137,010001001,3,0.9589938968,0.1376599907,5,0
66,71,001000111,4,0.9454268254,0.1695544343,102,0
66,232,011101000,4,0.9621951152,0.2219230887,29,0
66,192,011000000,2,0.9504573103,0.1211086311,3,0
66,386,110000010,3,0.9515243825,0.1274834615,22,0
66,145,010010001,3,0.943597557,0.1669537378,60,0
66,92,001011100,4,0.9571646284,0.2256155275,47,0
66,174,010101110,5,0.9596036505,0.2229905166,91,0
66,106,001101010,4,0.9589938987,0.1349909608,39,0
66,57,000111001,4,0.9443597514,0.1744129988,107,0
66,171,010101011,5,0.961890243,0.1561283367,78,0
66,201,011001001,4,0.9567073155,0.1810487332,49,0
66,238,011101110,6,0.9606707245,0.2395493905,125,0
66,489,111101001,6,0.9646341447,0.1878299923,113,0
66,460,111001100,5,0.9623475634,0.1988814175,75,0
66,138,010001010,3,0.9580792598,0.1175190397,8,0
66,492,111101100,6,0.9681402501,0.1861764477,98,0
66,459,111001011,6,0.9693597592,0.1673336257,94,0
66,47,000101111,5,0.9513719473,0.1973781134,122,0
66,120,001111000,4,0.9544207193,0.2454422717,62,0
66,68,001000100,2,0.947560966,0.2287352863,7,0
66,281,100011001,4,0.9638719484,0.1484918948,20,0
66,393,110001001,4,0.9617377985,0.1536827425,31,0
66,268,100001100,3,0.9647865798,0.1379161642,1,0
66,104,001101000,3,0.9568597451,0.1185564424,13,0
66,455,111000111,6,0.9588414561,0.178122621,134,0
66,417,110100001,4,0.9451219458,0.1674812513,105,0
67,481,111100001,5,0.9490853604,0.1667485817,132,0
67,144,010010000,2,0.9355182927,0.1628878268,37,0
67,413,110011101,6,0.9644817039,0.2295870977,108,0
67,233,011101001,5,0.9603658449,0.268123046,83,0
67,102,001100110,4,0.9516768195,0.1653954163,71,0
67,492,111101100,6,0.9681402501,0.1861764477,95,0
67,342,101010110,5,0.9528963305,0.1802943386,111,0
67,351,101011111,7,0.9638719484,0.2198956287,153,0
67,13,000001101,3,0.9356707335,0.3014179626,92,0
67,272,100010000,2,0.9314024411,0.09646097757,57,0
67,38,000100110,3,0.9329268336,0.1262098874,102,0
67,136,010001000,2,0.9556402415,0.08872172865,0,0
67,397,110001101,5,0.9626524374,0.1984722707,72,0
67,17,000010001,2,0.8894816972,0.1499703776,159,0
67,414,110011110,6,0.9637195077,0.2462959136,113,0
67,410,110011010,5,0.9644817039,0.2193003995,59,0
67,441,110111001,6,0.9644817077,0.2243005,107,0
67,72,001001000,2,0.9495426752,0.1139507112,4,0
67,468,111010100,5,0.96204268,0.1961445869,78,0
67,273,100010001,3,0.936280489,0.1366260718,89,0
67,486,111100110,6,0.9629573114,0.1877477956,115,0
67,72,001001000,2,0.9495426752,0.1139507112,3,0
67,365,101101101,6,0.9644817039,0.2133307862,109,0
67,428,110101100,5,0.9626524337,0.1925693848,74,0
67,364,101101100,5,0.9696646333,0.1734690042,32,0
67,314,100111010,5,0.9621951208,0.1824102593,76,0
67,416,110100000,3,0.9510670714,0.1087195657,19,0
67,234,011101010,5,0.9644817039,0.206266609,58,0
67,170,010101010,4,0.9583841376,0.1237906108,33,0
67,31,000011111,5,0.9507621899,0.2732690205,123,0
67,47,000101111,5,0.9513719473,0.1973781134,120,0
67,196,011000100,3,0.9515243825,0.1577226631,14,0
67,393,110001001,4,0.9617377985,0.1536827425,22,0
67,362,101101010,5,0.9624999966,0.1689127102,75,0
67,287,100011111,6,0.9652439002,0.1928226636,103,0
67,416,110100000,3,0.9510670714,0.1087195657,18,0
67,136,010001000,2,0.9556402415,0.08872172865,0,0
67,408,110011000,4,0.958231695,0.2197342259,34,0
67,211,011010011,5,0.9449695051,0.2340317885,151,0
67,217,011011001,5,0.9579268228,0.2819200605,91,0
67,103,001100111,5,0.9515243843,0.1856543748,118,0
67,47,000101111,5,0.9513719473,0.1973781134,119,0
67,28,000011100,3,0.9434451163,0.1445199884,51,0
67,333,101001101,5,0.9678353649,0.1775467619,40,0
67,38,000100110,3,0.9329268336,0.1262098874,101,0
67,455,111000111,6,0.9588414561,0.178122621,139,0
67,489,111101001,6,0.9646341447,0.1878299923,106,0
67,382,101111110,7,0.9690548796,0.2183860508,144,0
67,172,010101100,4,0.9548780415,0.1772159359,48,0
67,167,010100111,5,0.9480182845,0.1973982276,136,0
67,256,100000000,1,0.8653963432,0.05144251033,161,0
67,23,000010111,4,0.9347560983,0.1537364139,148,0
67,103,001100111,5,0.9515243843,0.1856543748,117,0
67,122,001111010,5,0.9635670725,0.3054453623,63,0
67,479,111011111,8,0.9653963409,0.297615774,158,0
67,345,101011001,5,0.9628048781,0.1997483987,69,0
67,9,000001001,2,0.9167682994,0.1331997535,126,0
67,476,111011100,6,0.9672256112,0.2396430206,100,0
67,290,100100010,3,0.9499999899,0.1336969913,25,0
67,335,101001111,6,0.9673780575,0.2185122878,99,0
67,172,010101100,4,0.9548780415,0.1772159359,49,0
67,299,100101011,5,0.9684451278,0.1646855306,38,0
67,376,101111000,5,0.9667682927,0.1849404364,46,0
67,165,010100101,4,0.9425304867,0.182659965,105,0
67,180,010110100,4,0.9402438998,0.2270922111,122,0
67,160,010100000,2,0.9399390239,0.09322097432,20,0
67,52,000110100,3,0.9237804934,0.1129184102,147,0
67,168,010101000,3,0.9556402303,0.1283902619,7,0
67,211,011010011,5,0.9449695051,0.2340317885,152,0
67,40,000101000,2,0.9376524407,0.09235404083,28,0
67,106,001101010,4,0.9589938987,0.1349909608,30,0
67,400,110010000,3,0.9547256026,0.1810064591,9,0
67,237,011101101,6,0.9591463376,0.2640092028,135,0
67,40,000101000,2,0.9376524407,0.09235404083,29,0
67,48,000110000,2,0.9140243977,0.09490588191,143,0
67,137,010001001,3,0.9589938968,0.1376599907,5,0
67,397,110001101,5,0.9626524374,0.1984722707,73,0
67,358,101100110,5,0.9629573151,0.1768365032,68,0
67,218,011011010,5,0.958841458,0.2987742741,85,0
67,367,101101111,7,0.9689024445,0.2136532324,145,0
67,194,011000010,3,0.9448170681,0.1295389787,44,0
67,198,011000110,4,0.9498475567,0.191795771,80,0
67,429,110101101,6,0.9609756004,0.1956794159,127,0
67,139,010001011,4,0.9586890135,0.1512846262,31,0
67,203,011001011,5,0.959146332,0.1784309237,84,0
67,196,011000100,3,0.9515243825,0.1577226631,13,0
67,82,001010010,3,0.9452743866,0.1904831256,42,0
67,429,110101101,6,0.9609756004,0.1956794159,128,0
67,337,101010001,4,0.9527438916,0.1580627062,62,0
67,120,001111000,4,0.9544207193,0.2454422717,53,0
67,175,010101111,6,0.9585365672,0.2318464871,140,0
67,47,000101111,5,0.9513719473,0.1973781134,121,0
67,79,001001111,5,0.962957317,0.2229459747,67,0
67,448,111000000,3,0.9498475511,0.1094583822,27,0
67,48,000110000,2,0.9140243977,0.09490588191,142,0
67,372,101110100,5,0.9644817002,0.1726493784,60,0
67,396,110001100,4,0.9617377967,0.18006679,23,0
67,266,100001010,3,0.9663109817,0.1359270001,2,0
67,131,010000011,3,0.9347560965,0.1501262328,97,0
67,408,110011000,4,0.958231695,0.2197342259,35,0
67,228,011100100,4,0.9510670714,0.1718315468,77,0
67,316,100111100,5,0.9669207297,0.1835955237,45,0
67,373,101110101,6,0.9577743821,0.181031581,146,0
67,442,110111010,6,0.9629573133,0.2662793156,114,0
67,474,111011010,6,0.9687500075,0.2528586062,93,0
67,58,000111010,4,0.9541158453,0.1998991431,55,0
67,48,000110000,2,0.9140243977,0.09490588191,141,0
67,122,001111010,5,0.9635670725,0.3054453623,64,0
67,298,100101010,4,0.9635670781,0.1536765499,11,0
67,75,001001011,4,0.9623475578,0.1703412908,15,0
67,187,010111011,6,0.9594512116,0.279120577,134,0
67,177,010110001,4,0.9394817054,0.2004012102,125,0
67,147,010010011,4,0.9367378037,0.1958240762,138,0
67,393,110001001,4,0.9617377985,0.1536827425,21,0
67,127,001111111,7,0.9617378041,0.3252968704,156,0
67,154,010011010,4,0.9570121877,0.2396545438,39,0
67,214,011010110,5,0.9489329215,0.2694390733,133,0
67,111,001101111,6,0.958993895,0.2237674175,137,0
67,438,110110110,6,0.9568597469,0.2188521465,149,0
67,125,001111101,6,0.9565548748,0.2541114357,150,0
67,329,101001001,4,0.9663109742,0.1626024148,8,0
67,5,000000101,2,0.9044207372,0.07468588371,157,0
67,95,001011111,6,0.9603658505,0.4629407227,131,0
67,49,000110001,3,0.9184451289,0.1473816759,154,0
67,257,100000001,2,0.8830792718,0.09909134312,160,0
67,265,100001001,3,0.9512195047,0.1273183418,17,0
67,462,111001110,6,0.9695121981,0.2274610037,90,0
67,202,011001010,4,0.9612804782,0.149196442,24,0
67,252,011111100,6,0.964176828,0.316163627,110,0
67,345,101011001,5,0.9628048781,0.1997483987,70,0
67,128,010000000,1,0.9323170781,0.08404751134,10,0
67,134,010000110,3,0.9411585312,0.1737534327,66,0
67,114,001110010,4,0.9474085346,0.1818423038,88,0
67,426,110101010,5,0.965548778,0.1652380908,52,0
67,216,011011000,4,0.9560975544,0.2577285054,43,0
67,370,101110010,5,0.9585365802,0.1784977219,87,0
67,497,111110001,6,0.9516768176,0.2153714146,155,0
67,285,100011101,5,0.9692073204,0.1706519304,36,0
67,282,100011010,4,0.9623475503,0.1541509838,16,0
67,61,000111101,5,0.9515243843,0.1722416603,116,0
67,236,011101100,5,0.9617378004,0.2343629976,79,0
67,419,110100011,5,0.9568597469,0.1682509559,98,0
67,336,101010000,3,0.9498475567,0.1365595176,26,0
67,12,000001100,2,0.9342987817,0.1145905149,41,0
67,450,111000010,4,0.9554877952,0.1262044164,47,0
67,20,000010100,2,0.916006105,0.1150037684,129,0
67,386,110000010,3,0.9515243825,0.1274834615,12,0
67,145,010010001,3,0.943597557,0.1669537378,50,0
67,20,000010100,2,0.916006105,0.1150037684,130,0
67,58,000111010,4,0.9541158453,0.1998991431,54,0
67,341,101010101,5,0.9649390262,0.1703384123,56,0
67,93,001011101,5,0.9603658449,0.2507782625,82,0
67,44,000101100,3,0.9384146333,0.1604029066,81,0
67,480,111100000,4,0.9522865769,0.1520633074,65,0
67,131,010000011,3,0.9347560965,0.1501262328,96,0
67,370,101110010,5,0.9585365802,0.1784977219,86,0
67,165,010100101,4,0.9425304867,0.182659965,104,0
67,116,001110100,4,0.9464938957,0.2140967343,94,0
67,227,011100011,5,0.9506097492,0.1793539175,124,0
67,275,100010011,4,0.9417682886,0.1271214618,112,0
67,104,001101000,3,0.9568597451,0.1185564424,6,0
67,346,101011010,5,0.9643292632,0.210029603,61,0
68,412,110011100,5,0.9612804819,0.2286357516,82,0
68,367,101101111,7,0.9689024445,0.2136532324,131,0
68,106,001101010,4,0.9589938987,0.1349909608,36,0
68,307,100110011,5,0.9420731664,0.1512810998,141,0
68,344,101011000,4,0.964634141,0.194875374,16,0
68,19,000010011,3,0.9097560961,0.1301706852,157,0
68,257,100000001,2,0.8830792718,0.09909134312,160,0
68,40,000101000,2,0.9376524407,0.09235404083,34,0
68,498,111110010,6,0.956097547,0.2142396532,136,0
68,237,011101101,6,0.9591463376,0.2640092028,126,0
68,221,011011101,6,0.9602134116,0.300388671,122,0
68,179,010110011,5,0.9410060942,0.2424715101,148,0
68,114,001110010,4,0.9474085346,0.1818423038,90,0
68,494,111101110,7,0.963262191,0.2477963772,145,0
68,97,001100001,3,0.9439024366,0.1496965196,56,0
68,237,011101101,6,0.9591463376,0.2640092028,124,0
68,450,111000010,4,0.9554877952,0.1262044164,53,0
68,502,111110110,7,0.9586890154,0.2245801887,155,0
68,41,000101001,3,0.9443597533,0.2578364955,54,0
68,494,111101110,7,0.963262191,0.2477963772,147,0
68,25,000011001,3,0.9463414568,0.1495797473,44,0
68,407,110010111,6,0.9516768251,0.3759041177,151,0
68,128,010000000,1,0.9323170781,0.08404751134,15,0
68,211,011010011,5,0.9449695051,0.2340317885,137,0
68,145,010010001,3,0.943597557,0.1669537378,60,0
68,245,011110101,6,0.9474085309,0.2499909932,156,0
68,221,011011101,6,0.9602134116,0.300388671,121,0
68,21,000010101,3,0.9280487876,0.1438165735,115,0
68,412,110011100,5,0.9612804819,0.2286357516,81,0
68,417,110100001,4,0.9451219458,0.1674812513,99,0
68,209,011010001,4,0.9481707271,0.2154377233,89,0
68,170,010101010,4,0.9583841376,0.1237906108,39,0
68,48,000110000,2,0.9140243977,0.09490588191,130,0
68,157,010011101,5,0.9608231653,0.2573634591,84,0
68,108,001101100,4,0.9585365746,0.1886128322,37,0
68,91,001011011,5,0.9626524337,0.2549881525,76,0
68,231,011100111,6,0.9519817065,0.2285920731,150,0
68,165,010100101,4,0.9425304867,0.182659965,107,0
68,172,010101100,4,0.9548780415,0.1772159359,59,0
68,426,110101010,5,0.965548778,0.1652380908,63,0
68,392,110001000,3,0.9653963372,0.1357308119,0,0
68,208,011010000,3,0.9487804789,0.2195109283,33,0
68,371,101110011,6,0.9557926711,0.1782466671,138,0
68,104,001101000,3,0.9568597451,0.1185564424,5,0
68,377,101111001,6,0.9640243854,0.320313164,110,0
68,56,000111000,3,0.9454268273,0.1453281161,50,0
68,4,000000100,1,0.9094512276,0.06868225115,106,0
68,1,000000001,1,0.7878048848,0.08813527925,161,0
68,83,001010011,4,0.9489329197,0.2551624496,87,0
68,232,011101000,4,0.9621951152,0.2219230887,25,0
68,509,111111101,8,0.963262191,0.2523085512,158,0
68,8,000001000,1,0.9012195114,0.0953759877,134,0
68,280,100011000,3,0.9574695043,0.1384578615,4,0
68,269,100001101,4,0.963262191,0.1545369336,20,0
68,96,001100000,2,0.9330792725,0.09982250445,55,0
68,204,011001100,4,0.9535060935,0.2112389025,66,0
68,496,111110000,5,0.9541158415,0.2100702799,105,0
68,98,001100010,3,0.9480182808,0.1166399249,35,0
68,28,000011100,3,0.9434451163,0.1445199884,62,0
68,240,011110000,4,0.9474085271,0.2333530094,92,0
68,283,100011011,5,0.9660060965,0.1543926708,58,0
68,496,111110000,5,0.9541158415,0.2100702799,104,0
68,133,010000101,3,0.9432926811,0.1673714092,64,0
68,282,100011010,4,0.9623475503,0.1541509838,22,0
68,321,101000001,3,0.953048775,0.1407439543,17,0
68,79,001001111,5,0.962957317,0.2229459747,73,0
68,451,111000011,5,0.9550304729,0.1685197698,102,0
68,347,101011011,6,0.9690548796,0.1985359336,93,0
68,268,100001100,3,0.9647865798,0.1379161642,2,0
68,406,110010110,5,0.9480182827,0.218691871,128,0
68,20,000010100,2,0.916006105,0.1150037684,119,0
68,393,110001001,4,0.9617377985,0.1536827425,26,0
68,400,110010000,3,0.9547256026,0.1810064591,11,0
68,388,110000100,3,0.9559451118,0.1492509923,7,0
68,491,111101011,7,0.9621951226,0.1842359612,152,0
68,438,110110110,6,0.9568597469,0.2188521465,133,0
68,171,010101011,5,0.961890243,0.1561283367,79,0
68,280,100011000,3,0.9574695043,0.1384578615,3,0
68,228,011100100,4,0.9510670714,0.1718315468,78,0
68,130,010000010,2,0.9394817092,0.1096591135,30,0
68,312,100111000,4,0.9676829297,0.1558179194,6,0
68,301,100101101,5,0.9657012131,0.1904032845,61,0
68,30,000011110,4,0.9535060879,0.1916021421,67,0
68,372,101110100,5,0.9644817002,0.1726493784,68,0
68,436,110110100,5,0.9548780341,0.3190835472,103,0
68,299,100101011,5,0.9684451278,0.1646855306,45,0
68,167,010100111,5,0.9480182845,0.1973982276,127,0
68,8,000001000,1,0.9012195114,0.0953759877,135,0
68,254,011111110,7,0.9605182894,0.3400172121,154,0
68,391,110000111,5,0.9551829174,0.1890920834,101,0
68,144,010010000,2,0.9355182927,0.1628878268,42,0
68,472,111011000,5,0.9638719503,0.2441837927,70,0
68,400,110010000,3,0.9547256026,0.1810064591,12,0
68,114,001110010,4,0.9474085346,0.1818423038,91,0
68,413,110011101,6,0.9644817039,0.2295870977,109,0
68,195,011000011,4,0.9493902363,0.1929078563,86,0
68,65,001000001,2,0.9350609761,0.1252497334,46,0
68,253,011111101,7,0.9640243892,0.2906484376,142,0
68,508,111111100,7,0.9685975611,0.267471821,132,0
68,171,010101011,5,0.961890243,0.1561283367,80,0
68,263,100000111,4,0.9487804864,0.1450051651,88,0
68,9,000001001,2,0.9167682994,0.1331997535,117,0
68,7,000000111,3,0.9213414732,0.1769612008,140,0
68,269,100001101,4,0.963262191,0.1545369336,21,0
68,288,100100000,2,0.9224085417,0.09756062739,100,0
68,460,111001100,5,0.9623475634,0.1988814175,77,0
68,456,111001000,4,0.9663109723,0.1493365318,10,0
68,393,110001001,4,0.9617377985,0.1536827425,28,0
68,144,010010000,2,0.9355182927,0.1628878268,43,0
68,148,010010100,3,0.9419207256,0.2030755011,69,0
68,262,100000110,3,0.9503048733,0.1506545902,31,0
68,396,110001100,4,0.9617377967,0.18006679,29,0
68,492,111101100,6,0.9681402501,0.1861764477,96,0
68,54,000110110,4,0.9384146333,0.1622000067,118,0
68,128,010000000,1,0.9323170781,0.08404751134,13,0
68,229,011100101,5,0.9513719473,0.2044244306,113,0
68,47,000101111,5,0.9513719473,0.1973781134,114,0
68,216,011011000,4,0.9560975544,0.2577285054,51,0
68,201,011001001,4,0.9567073155,0.1810487332,49,0
68,170,010101010,4,0.9583841376,0.1237906108,38,0
68,191,010111111,7,0.963719504,0.2866767156,143,0
68,424,110101000,4,0.9621951189,0.151591171,23,0
68,168,010101000,3,0.9556402303,0.1283902619,8,0
68,200,011001000,3,0.955487797,0.1316828153,9,0
68,347,101011011,6,0.9690548796,0.1985359336,94,0
68,182,010110110,5,0.9414634127,0.2396552637,144,0
68,408,110011000,4,0.958231695,0.2197342259,41,0
68,281,100011001,4,0.9638719484,0.1484918948,18,0
68,297,100101001,4,0.9582317006,0.1647070954,40,0
68,128,010000000,1,0.9323170781,0.08404751134,14,0
68,511,111111111,9,0.9672256112,0.3458421361,159,0
68,377,101111001,6,0.9640243854,0.320313164,112,0
68,397,110001101,5,0.9626524374,0.1984722707,75,0
68,86,001010110,4,0.9498475529,0.2009678534,83,0
68,39,000100111,4,0.9327743929,0.170628381,139,0
68,271,100001111,5,0.9682926834,0.1738470579,47,0
68,79,001001111,5,0.962957317,0.2229459747,74,0
68,232,011101000,4,0.9621951152,0.2219230887,24,0
68,224,011100000,3,0.9408536591,0.1201759358,72,0
68,291,100100011,4,0.9493902382,0.206504555,85,0
68,21,000010101,3,0.9280487876,0.1438165735,116,0
68,92,001011100,4,0.9571646284,0.2256155275,48,0
68,175,010101111,6,0.9585365672,0.2318464871,129,0
68,179,010110011,5,0.9410060942,0.2424715101,149,0
68,173,010101101,5,0.9568597469,0.2084413404,97,0
68,491,111101011,7,0.9621951226,0.1842359612,153,0
68,237,011101101,6,0.9591463376,0.2640092028,125,0
68,166,010100110,4,0.9381097537,0.1851869859,120,0
68,489,111101001,6,0.9646341447,0.1878299923,108,0
68,494,111101110,7,0.963262191,0.2477963772,146,0
68,46,000101110,4,0.9539634064,0.1775657085,65,0
68,298,100101010,4,0.9635670781,0.1536765499,19,0
68,235,011101011,6,0.9592987709,0.1924978569,123,0
68,377,101111001,6,0.9640243854,0.320313164,111,0
68,124,001111100,5,0.9573170636,0.2322485391,95,0
68,216,011011000,4,0.9560975544,0.2577285054,52,0
68,336,101010000,3,0.9498475567,0.1365595176,32,0
68,393,110001001,4,0.9617377985,0.1536827425,27,0
68,268,100001100,3,0.9647865798,0.1379161642,1,0
68,224,011100000,3,0.9408536591,0.1201759358,71,0
68,465,111010001,5,0.9565548692,0.3861234859,98,0
68,97,001100001,3,0.9439024366,0.1496965196,57,0
69,33,000100001,2,0.8849085364,0.1405141028,160,0
69,144,010010000,2,0.9355182927,0.1628878268,41,0
69,277,100010101,4,0.9528963342,0.1554693631,74,0
69,200,011001000,3,0.955487797,0.1316828153,16,0
69,164,010100100,3,0.9356707316,0.1803958965,101,0
69,428,110101100,5,0.9626524337,0.1925693848,83,0
69,222,011011110,6,0.9573170654,0.3343018061,139,0
69,263,100000111,4,0.9487804864,0.1450051651,90,0
69,265,100001001,3,0.9512195047,0.1273183418,26,0
69,272,100010000,2,0.9314024411,0.09646097757,67,0
69,34,000100010,2,0.9111280553,0.1001502015,142,0
69,76,001001100,3,0.9522865731,0.1880639463,23,0
69,271,100001111,5,0.9682926834,0.1738470579,43,0
69,89,001011001,4,0.958079258,0.2149465061,38,0
69,350,101011110,6,0.9681402408,0.2603807449,103,0
69,274,100010010,3,0.9408536572,0.1183711295,81,0
69,296,100101000,3,0.9603658449,0.1424966599,6,0
69,193,011000001,3,0.9471036512,0.1576919009,36,0
69,454,111000110,5,0.960975606,0.1631978797,85,0
69,73,001001001,3,0.953048775,0.1462754204,21,0
69,294,100100110,4,0.9550304823,0.1726385914,54,0
69,76,001001100,3,0.9522865731,0.1880639463,24,0
69,127,001111111,7,0.9617378041,0.3252968704,154,0
69,46,000101110,4,0.9539634064,0.1775657085,64,0
69,308,100110100,4,0.957926821,0.1752202315,39,0
69,458,111001010,5,0.9644817039,0.1614640043,70,0
69,432,110110000,4,0.9525914509,0.190835604,76,0
69,234,011101010,5,0.9644817039,0.206266609,72,0
69,202,011001010,4,0.9612804782,0.149196442,29,0
69,30,000011110,4,0.9535060879,0.1916021421,68,0
69,46,000101110,4,0.9539634064,0.1775657085,63,0
69,348,101011100,5,0.9661585353,0.1913031316,53,0
69,153,010011001,4,0.955487797,0.2314127795,48,0
69,50,000110010,3,0.9269817118,0.1555463769,135,0
69,407,110010111,6,0.9516768251,0.3759041177,151,0
69,416,110100000,3,0.9510670714,0.1087195657,27,0
69,28,000011100,3,0.9434451163,0.1445199884,60,0
69,440,110111000,5,0.9647865817,0.2230814546,66,0
69,279,100010111,5,0.9499999974,0.1593395183,129,0
69,91,001011011,5,0.9626524337,0.2549881525,82,0
69,247,011110111,7,0.9538109675,0.2866593562,157,0
69,431,110101111,7,0.9658536613,0.2059036302,145,0
69,140,010001100,3,0.9544207212,0.1939722262,19,0
69,391,110000111,5,0.9551829174,0.1890920834,113,0
69,134,010000110,3,0.9411585312,0.1737534327,80,0
69,453,111000101,5,0.9580792617,0.16819228,98,0
69,473,111011001,6,0.9602134135,0.2257233416,136,0
69,254,011111110,7,0.9605182894,0.3400172121,156,0
69,492,111101100,6,0.9681402501,0.1861764477,102,0
69,451,111000011,5,0.9550304729,0.1685197698,117,0
69,64,001000000,1,0.9262195174,0.09079117677,34,0
69,407,110010111,6,0.9516768251,0.3759041177,150,0
69,231,011100111,6,0.9519817065,0.2285920731,148,0
69,378,101111010,6,0.964786578,0.2308151182,119,0
69,411,110011011,6,0.9638719447,0.23684128,122,0
69,275,100010011,4,0.9417682886,0.1271214618,121,0
69,25,000011001,3,0.9463414568,0.1495797473,42,0
69,28,000011100,3,0.9434451163,0.1445199884,61,0
69,35,000100011,3,0.9163109809,0.1255413797,155,0
69,302,100101110,5,0.9657012187,0.1828945968,58,0
69,156,010011100,4,0.9596036505,0.2749188193,33,0
69,47,000101111,5,0.9513719473,0.1973781134,127,0
69,294,100100110,4,0.9550304823,0.1726385914,55,0
69,225,011100001,4,0.9452743847,0.1662776889,108,0
69,186,010111010,5,0.9589938968,0.2682068814,94,0
69,417,110100001,4,0.9451219458,0.1674812513,111,0
69,60,000111100,4,0.9525914546,0.1621299409,75,0
69,418,110100010,4,0.9541158434,0.1336211525,62,0
69,210,011010010,4,0.9449695069,0.2644167612,112,0
69,40,000101000,2,0.9376524407,0.09235404083,32,0
69,234,011101010,5,0.9644817039,0.206266609,71,0
69,208,011010000,3,0.9487804789,0.2195109283,31,0
69,233,011101001,5,0.9603658449,0.268123046,87,0
69,121,001111001,5,0.9562499933,0.3466811553,109,0
69,20,000010100,2,0.916006105,0.1150037684,131,0
69,73,001001001,3,0.953048775,0.1462754204,22,0
69,334,101001110,5,0.9672256075,0.1807405879,46,0
69,71,001000111,4,0.9454268254,0.1695544343,107,0
69,282,100011010,4,0.9623475503,0.1541509838,25,0
69,190,010111110,6,0.9559451174,0.3044974832,141,0
69,192,011000000,2,0.9504573103,0.1211086311,4,0
69,450,111000010,4,0.9554877952,0.1262044164,49,0
69,237,011101101,6,0.9591463376,0.2640092028,137,0
69,138,010001010,3,0.9580792598,0.1175190397,8,0
69,459,111001011,6,0.9693597592,0.1673336257,97,0
69,212,011010100,4,0.952439012,0.2385208402,78,0
69,248,011111000,5,0.9550304767,0.2725362466,116,0
69,453,111000101,5,0.9580792617,0.16819228,99,0
69,330,101001010,4,0.9649390206,0.1500430945,20,0
69,188,010111100,5,0.9551829174,0.2635214692,114,0
69,319,100111111,7,0.9637195077,0.3759361217,147,0
69,38,000100110,3,0.9329268336,0.1262098874,115,0
69,203,011001011,5,0.959146332,0.1784309237,92,0
69,449,111000001,4,0.9550304785,0.2016363414,56,0
69,32,000100000,1,0.8641768359,0.1044695501,161,0
69,440,110111000,5,0.9647865817,0.2230814546,65,0
69,430,110101110,6,0.9653963409,0.2012857567,118,0
69,268,100001100,3,0.9647865798,0.1379161642,1,0
69,131,010000011,3,0.9347560965,0.1501262328,104,0
69,88,001011000,3,0.9570121896,0.1966020344,11,0
69,96,001100000,2,0.9330792725,0.09982250445,52,0
69,503,111110111,8,0.9562499896,0.2269489216,158,0
69,312,100111000,4,0.9676829297,0.1558179194,12,0
69,434,110110010,5,0.9512195047,0.2008119989,128,0
69,250,011111010,6,0.9603658486,0.2909253226,133,0
69,50,000110010,3,0.9269817118,0.1555463769,134,0
69,308,100110100,4,0.957926821,0.1752202315,40,0
69,94,001011110,5,0.9580792617,0.2609661664,100,0
69,302,100101110,5,0.9657012187,0.1828945968,57,0
69,491,111101011,7,0.9621951226,0.1842359612,153,0
69,121,001111001,5,0.9562499933,0.3466811553,110,0
69,49,000110001,3,0.9184451289,0.1473816759,149,0
69,138,010001010,3,0.9580792598,0.1175190397,7,0
69,193,011000001,3,0.9471036512,0.1576919009,37,0
69,363,101101011,6,0.9637195095,0.1817409033,124,0
69,410,110011010,5,0.9644817039,0.2193003995,69,0
69,467,111010011,6,0.9539634027,0.2327699261,146,0
69,487,111100111,7,0.9623475522,0.2054754389,152,0
69,380,101111100,6,0.9635670688,0.2217264464,126,0
69,448,111000000,3,0.9498475511,0.1094583822,30,0
69,328,101001000,3,0.9661585353,0.1314932012,0,0
69,340,101010100,4,0.961737806,0.1694561779,28,0
69,95,001011111,6,0.9603658505,0.4629407227,132,0
69,115,001110011,5,0.9527438954,0.1939238748,123,0
69,168,010101000,3,0.9556402303,0.1283902619,13,0
69,385,110000001,3,0.9457317069,0.1523044817,44,0
69,205,011001101,5,0.9605182856,0.3885932574,86,0
69,200,011001000,3,0.955487797,0.1316828153,15,0
69,212,011010100,4,0.952439012,0.2385208402,77,0
69,329,101001001,4,0.9663109742,0.1626024148,17,0
69,128,010000000,1,0.9323170781,0.08404751134,18,0
69,134,010000110,3,0.9411585312,0.1737534327,79,0
69,114,001110010,4,0.9474085346,0.1818423038,96,0
69,280,100011000,3,0.9574695043,0.1384578615,9,0
69,216,011011000,4,0.9560975544,0.2577285054,47,0
69,404,110010100,4,0.9553353563,0.1947822548,51,0
69,186,010111010,5,0.9589938968,0.2682068814,93,0
69,413,110011101,6,0.9644817039,0.2295870977,120,0
69,414,110011110,6,0.9637195077,0.2462959136,125,0
69,88,001011000,3,0.9570121896,0.1966020344,10,0
69,236,011101100,5,0.9617378004,0.2343629976,84,0
69,419,110100011,5,0.9568597469,0.1682509559,106,0
69,320,101000000,2,0.9503048677,0.1123269997,5,0
69,268,100001100,3,0.9647865798,0.1379161642,2,0
69,66,001000010,2,0.9518292602,0.09929567995,3,0
69,28,000011100,3,0.9434451163,0.1445199884,59,0
69,2,000000010,1,0.8757621963,0.0863469597,159,0
69,209,011010001,4,0.9481707271,0.2154377233,91,0
69,148,010010100,3,0.9419207256,0.2030755011,73,0
69,83,001010011,4,0.9489329197,0.2551624496,88,0
69,83,001010011,4,0.9489329197,0.2551624496,89,0
69,477,111011101,7,0.9663109761,0.245831884,143,0
69,12,000001100,2,0.9342987817,0.1145905149,45,0
69,10,000001010,2,0.9445121922,0.1083079919,14,0
69,131,010000011,3,0.9347560965,0.1501262328,105,0
69,238,011101110,6,0.9606707245,0.2395493905,130,0
69,175,010101111,6,0.9585365672,0.2318464871,138,0
69,112,001110000,3,0.9481707234,0.1940589957,35,0
69,241,011110001,5,0.9440548718,0.2607987896,144,0
69,211,011010011,5,0.9449695051,0.2340317885,140,0
69,41,000101001,3,0.9443597533,0.2578364955,50,0
69,218,011011010,5,0.958841458,0.2987742741,95,0
70,398,110001110,5,0.9652439002,0.184927925,63,0
70,366,101101110,6,0.9675304852,0.2001497867,101,0
70,106,001101010,4,0.9589938987,0.1349909608,41,0
70,319,100111111,7,0.9637195077,0.3759361217,150,0
70,90,001011010,4,0.9618902393,0.2218290572,29,0
70,83,001010011,4,0.9489329197,0.2551624496,86,0
70,385,110000001,3,0.9457317069,0.1523044817,52,0
70,432,110110000,4,0.9525914509,0.190835604,71,0
70,246,011110110,6,0.9506097473,0.2641389403,154,0
70,365,101101101,6,0.9644817039,0.2133307862,116,0
70,221,011011101,6,0.9602134116,0.300388671,132,0
70,131,010000011,3,0.9347560965,0.1501262328,99,0
70,244,011110100,5,0.9503048733,0.2641298291,127,0
70,422,110100110,5,0.9547256045,0.1711755372,107,0
70,160,010100000,2,0.9399390239,0.09322097432,28,0
70,229,011100101,5,0.9513719473,0.2044244306,124,0
70,259,100000011,3,0.9335365873,0.1357063192,104,0
70,506,111111010,7,0.9606707208,0.2898382405,155,0
70,40,000101000,2,0.9376524407,0.09235404083,36,0
70,302,100101110,5,0.9657012187,0.1828945968,61,0
70,411,110011011,6,0.9638719447,0.23684128,120,0
70,131,010000011,3,0.9347560965,0.1501262328,98,0
70,384,110000000,2,0.942378046,0.1023272595,16,0
70,209,011010001,4,0.9481707271,0.2154377233,88,0
70,89,001011001,4,0.958079258,0.2149465061,48,0
70,53,000110101,4,0.9317073226,0.1503448677,146,0
70,141,010001101,4,0.9608231671,0.193762437,35,0
70,413,110011101,6,0.9644817039,0.2295870977,115,0
70,444,110111100,6,0.964786578,0.2217209716,112,0
70,416,110100000,3,0.9510670714,0.1087195657,27,0
70,153,010011001,4,0.955487797,0.2314127795,57,0
70,225,011100001,4,0.9452743847,0.1662776889,102,0
70,290,100100010,3,0.9499999899,0.1336969913,32,0
70,288,100100000,2,0.9224085417,0.09756062739,106,0
70,480,111100000,4,0.9522865769,0.1520633074,73,0
70,91,001011011,5,0.9626524337,0.2549881525,79,0
70,165,010100101,4,0.9425304867,0.182659965,113,0
70,129,010000001,2,0.9335365873,0.1010586498,56,0
70,96,001100000,2,0.9330792725,0.09982250445,59,0
70,392,110001000,3,0.9653963372,0.1357308119,2,0
70,280,100011000,3,0.9574695043,0.1384578615,8,0
70,336,101010000,3,0.9498475567,0.1365595176,33,0
70,435,110110011,6,0.9568597432,0.2100424496,139,0
70,234,011101010,5,0.9644817039,0.206266609,70,0
70,345,101011001,5,0.9628048781,0.1997483987,75,0
70,58,000111010,4,0.9541158453,0.1998991431,64,0
70,321,101000001,3,0.953048775,0.1407439543,18,0
70,265,100001001,3,0.9512195047,0.1273183418,24,0
70,93,001011101,5,0.9603658449,0.2507782625,85,0
70,100,001100100,3,0.9481707253,0.1504776806,37,0
70,49,000110001,3,0.9184451289,0.1473816759,152,0
70,280,100011000,3,0.9574695043,0.1384578615,7,0
70,8,000001000,1,0.9012195114,0.0953759877,140,0
70,13,000001101,3,0.9356707335,0.3014179626,95,0
70,102,001100110,4,0.9516768195,0.1653954163,76,0
70,20,000010100,2,0.916006105,0.1150037684,131,0
70,482,111100010,5,0.9591463339,0.139335844,90,0
70,482,111100010,5,0.9591463339,0.139335844,89,0
70,408,110011000,4,0.958231695,0.2197342259,47,0
70,145,010010001,3,0.943597557,0.1669537378,60,0
70,379,101111011,7,0.9603658468,0.2280426561,156,0
70,336,101010000,3,0.9498475567,0.1365595176,34,0
70,461,111001101,6,0.9624999948,0.2131315088,123,0
70,274,100010010,3,0.9408536572,0.1183711295,74,0
70,65,001000001,2,0.9350609761,0.1252497334,51,0
70,334,101001110,5,0.9672256075,0.1807405879,55,0
70,459,111001011,6,0.9693597592,0.1673336257,92,0
70,347,101011011,6,0.9690548796,0.1985359336,94,0
70,269,100001101,4,0.963262191,0.1545369336,20,0
70,407,110010111,6,0.9516768251,0.3759041177,153,0
70,152,010011000,3,0.9513719399,0.2329935927,22,0
70,137,010001001,3,0.9589938968,0.1376599907,6,0
70,400,110010000,3,0.9547256026,0.1810064591,13,0
70,388,110000100,3,0.9559451118,0.1492509923,10,0
70,67,001000011,3,0.9541158434,0.1536063617,15,0
70,310,100110110,5,0.952591449,0.1832640478,121,0
70,9,000001001,2,0.9167682994,0.1331997535,129,0
70,440,110111000,5,0.9647865817,0.2230814546,65,0
70,12,000001100,2,0.9342987817,0.1145905149,53,0
70,321,101000001,3,0.953048775,0.1407439543,17,0
70,378,101111010,6,0.964786578,0.2308151182,111,0
70,43,000101011,4,0.9513719436,0.1703410912,80,0
70,26,000011010,3,0.9474085309,0.166096261,44,0
70,308,100110100,4,0.957926821,0.1752202315,49,0
70,180,010110100,4,0.9402438998,0.2270922111,125,0
70,42,000101010,3,0.955487797,0.1481546445,11,0
70,1,000000001,1,0.7878048848,0.08813527925,160,0
70,98,001100010,3,0.9480182808,0.1166399249,39,0
70,252,011111100,6,0.964176828,0.316163627,118,0
70,459,111001011,6,0.9693597592,0.1673336257,91,0
70,72,001001000,2,0.9495426752,0.1139507112,4,0
70,505,111111001,7,0.9647865836,0.259944424,148,0
70,276,100010100,3,0.9513719417,0.1391151226,21,0
70,190,010111110,6,0.9559451174,0.3044974832,141,0
70,477,111011101,7,0.9663109761,0.245831884,142,0
70,1,000000001,1,0.7878048848,0.08813527925,161,0
70,80,001010000,2,0.9368902445,0.1682704333,40,0
70,59,000111011,5,0.9528963305,0.1926716072,119,0
70,508,111111100,7,0.9685975611,0.267471821,136,0
70,297,100101001,4,0.9582317006,0.1647070954,46,0
70,331,101001011,5,0.9695122056,0.1774945036,45,0
70,136,010001000,2,0.9556402415,0.08872172865,0,0
70,205,011001101,5,0.9605182856,0.3885932574,84,0
70,204,011001100,4,0.9535060935,0.2112389025,68,0
70,257,100000001,2,0.8830792718,0.09909134312,159,0
70,508,111111100,7,0.9685975611,0.267471821,137,0
70,392,110001000,3,0.9653963372,0.1357308119,1,0
70,424,110101000,4,0.9621951189,0.151591171,26,0
70,212,011010100,4,0.952439012,0.2385208402,72,0
70,272,100010000,2,0.9314024411,0.09646097757,67,0
70,262,100000110,3,0.9503048733,0.1506545902,31,0
70,394,110001010,4,0.9682926834,0.1485241046,9,0
70,509,111111101,8,0.963262191,0.2523085512,158,0
70,510,111111110,8,0.9663109742,0.2578454181,157,0
70,132,010000100,2,0.9396341462,0.1636577162,30,0
70,365,101101101,6,0.9644817039,0.2133307862,117,0
70,268,100001100,3,0.9647865798,0.1379161642,3,0
70,28,000011100,3,0.9434451163,0.1445199884,62,0
70,75,001001011,4,0.9623475578,0.1703412908,23,0
70,258,100000010,2,0.9272865914,0.1128509992,83,0
70,175,010101111,6,0.9585365672,0.2318464871,135,0
70,441,110111001,6,0.9644817077,0.2243005,114,0
70,434,110110010,5,0.9512195047,0.2008119989,126,0
70,142,010001110,4,0.9562499933,0.2010135157,54,0
70,151,010010111,5,0.9432926774,0.2769849757,145,0
70,174,010101110,5,0.9596036505,0.2229905166,87,0
70,415,110011111,7,0.9681402519,0.2540232334,138,0
70,24,000011000,2,0.9400914628,0.1224767463,25,0
70,137,010001001,3,0.9589938968,0.1376599907,5,0
70,213,011010101,5,0.954268286,0.2557268739,110,0
70,237,011101101,6,0.9591463376,0.2640092028,133,0
70,505,111111001,7,0.9647865836,0.259944424,147,0
70,397,110001101,5,0.9626524374,0.1984722707,78,0
70,228,011100100,4,0.9510670714,0.1718315468,81,0
70,39,000100111,4,0.9327743929,0.170628381,143,0
70,459,111001011,6,0.9693597592,0.1673336257,93,0
70,37,000100101,3,0.9213414732,0.1178390123,144,0
70,488,111101000,5,0.966463415,0.1571392328,58,0
70,288,100100000,2,0.9224085417,0.09756062739,105,0
70,359,101100111,6,0.9612804819,0.1891228305,128,0
70,25,000011001,3,0.9463414568,0.1495797473,50,0
70,116,001110100,4,0.9464938957,0.2140967343,96,0
70,191,010111111,7,0.963719504,0.2866767156,151,0
70,98,001100010,3,0.9480182808,0.1166399249,38,0
70,173,010101101,5,0.9568597469,0.2084413404,100,0
70,99,001100011,4,0.9495426733,0.1583316922,82,0
70,237,011101101,6,0.9591463376,0.2640092028,134,0
70,238,011101110,6,0.9606707245,0.2395493905,130,0
70,361,101101001,5,0.9644817058,0.176816938,69,0
70,364,101101100,5,0.9696646333,0.1734690042,43,0
70,430,110101110,6,0.9653963409,0.2012857567,108,0
70,430,110101110,6,0.9653963409,0.2012857567,109,0
70,123,001111011,6,0.9626524355,0.2404932803,122,0
70,505,111111001,7,0.9647865836,0.259944424,149,0
70,124,001111100,5,0.9573170636,0.2322485391,97,0
70,272,100010000,2,0.9314024411,0.09646097757,66,0
70,400,110010000,3,0.9547256026,0.1810064591,14,0
70,397,110001101,5,0.9626524374,0.1984722707,77,0
70,286,100011110,5,0.9696646333,0.1719646058,42,0
70,360,101101000,4,0.9634146318,0.168340771,19,0
70,400,110010000,3,0.9547256026,0.1810064591,12,0
70,417,110100001,4,0.9451219458,0.1674812513,103,0
71,113,001110001,4,0.9504573084,0.1746187271,86,0
71,145,010010001,3,0.943597557,0.1669537378,63,0
71,272,100010000,2,0.9314024411,0.09646097757,68,0
71,458,111001010,5,0.9644817039,0.1614640043,71,0
71,422,110100110,5,0.9547256045,0.1711755372,115,0
71,424,110101000,4,0.9621951189,0.151591171,24,0
71,26,000011010,3,0.9474085309,0.166096261,40,0
71,15,000001111,4,0.9467987716,0.2596095148,105,0
71,265,100001001,3,0.9512195047,0.1273183418,22,0
71,400,110010000,3,0.9547256026,0.1810064591,10,0
71,290,100100010,3,0.9499999899,0.1336969913,30,0
71,60,000111100,4,0.9525914546,0.1621299409,75,0
71,457,111001001,5,0.960213406,0.1580275986,91,0
71,25,000011001,3,0.9463414568,0.1495797473,44,0
71,478,111011110,7,0.9678353649,0.271671345,143,0
71,330,101001010,4,0.9649390206,0.1500430945,11,0
71,88,001011000,3,0.9570121896,0.1966020344,4,0
71,13,000001101,3,0.9356707335,0.3014179626,106,0
71,325,101000101,4,0.9565548692,0.1581497551,50,0
71,401,110010001,4,0.9516768232,0.1931645344,80,0
71,36,000100100,2,0.9050304871,0.1029281626,157,0
71,332,101001100,4,0.9624999929,0.1707430179,18,0
71,383,101111111,8,0.9637195133,0.2397632855,159,0
71,302,100101110,5,0.9657012187,0.1828945968,64,0
71,228,011100100,4,0.9510670714,0.1718315468,83,0
71,458,111001010,5,0.9644817039,0.1614640043,70,0
71,241,011110001,5,0.9440548718,0.2607987896,147,0
71,42,000101010,3,0.955487797,0.1481546445,8,0
71,138,010001010,3,0.9580792598,0.1175190397,3,0
71,29,000011101,4,0.951067064,0.1539091161,84,0
71,14,000001110,3,0.9452743828,0.2012516796,55,0
71,14,000001110,3,0.9452743828,0.2012516796,54,0
71,411,110011011,6,0.9638719447,0.23684128,125,0
71,270,100001110,4,0.9641768225,0.171474142,14,0
71,159,010011111,6,0.9618902393,0.2912165942,132,0
71,424,110101000,4,0.9621951189,0.151591171,25,0
71,90,001011010,4,0.9618902393,0.2218290572,28,0
71,444,110111100,6,0.964786578,0.2217209716,121,0
71,478,111011110,7,0.9678353649,0.271671345,142,0
71,163,010100011,4,0.9469512142,0.1452375506,102,0
71,231,011100111,6,0.9519817065,0.2285920731,152,0
71,47,000101111,5,0.9513719473,0.1973781134,129,0
71,12,000001100,2,0.9342987817,0.1145905149,52,0
71,15,000001111,4,0.9467987716,0.2596095148,104,0
71,162,010100010,3,0.9460365772,0.1228090909,46,0
71,453,111000101,5,0.9580792617,0.16819228,101,0
71,152,010011000,3,0.9513719399,0.2329935927,21,0
71,214,011010110,5,0.9489329215,0.2694390733,137,0
71,302,100101110,5,0.9657012187,0.1828945968,65,0
71,295,100100111,5,0.9528963305,0.1877222597,124,0
71,460,111001100,5,0.9623475634,0.1988814175,82,0
71,12,000001100,2,0.9342987817,0.1145905149,53,0
71,487,111100111,7,0.9623475522,0.2054754389,153,0
71,442,110111010,6,0.9629573133,0.2662793156,127,0
71,410,110011010,5,0.9644817039,0.2193003995,69,0
71,331,101001011,5,0.9695122056,0.1774945036,42,0
71,81,001010001,3,0.9440548755,0.1765820705,59,0
71,156,010011100,4,0.9596036505,0.2749188193,34,0
71,35,000100011,3,0.9163109809,0.1255413797,156,0
71,362,101101010,5,0.9624999966,0.1689127102,81,0
71,172,010101100,4,0.9548780415,0.1772159359,61,0
71,399,110001111,6,0.9626524355,0.2035451112,128,0
71,186,010111010,5,0.9589938968,0.2682068814,97,0
71,249,011111001,6,0.958993895,0.3032088177,139,0
71,62,000111110,5,0.9538109656,0.2270585177,119,0
71,161,010100001,3,0.926981708,0.1333965359,135,0
71,52,000110100,3,0.9237804934,0.1129184102,141,0
71,34,000100010,2,0.9111280553,0.1001502015,145,0
71,242,011110010,5,0.9455792625,0.2814117442,144,0
71,41,000101001,3,0.9443597533,0.2578364955,58,0
71,359,101100111,6,0.9612804819,0.1891228305,133,0
71,401,110010001,4,0.9516768232,0.1931645344,78,0
71,89,001011001,4,0.958079258,0.2149465061,43,0
71,25,000011001,3,0.9463414568,0.1495797473,45,0
71,444,110111100,6,0.964786578,0.2217209716,120,0
71,239,011101111,7,0.9621951133,0.2638499523,154,0
71,490,111101010,6,0.9657012131,0.1730029145,116,0
71,258,100000010,2,0.9272865914,0.1128509992,89,0
71,434,110110010,5,0.9512195047,0.2008119989,130,0
71,252,011111100,6,0.964176828,0.316163627,123,0
71,168,010101000,3,0.9556402303,0.1283902619,6,0
71,452,111000100,4,0.9608231634,0.1636474896,32,0
71,269,100001101,4,0.963262191,0.1545369336,16,0
71,83,001010011,4,0.9489329197,0.2551624496,92,0
71,459,111001011,6,0.9693597592,0.1673336257,100,0
71,477,111011101,7,0.9663109761,0.245831884,146,0
71,146,010010010,3,0.9370426815,0.1859965373,93,0
71,269,100001101,4,0.963262191,0.1545369336,15,0
71,331,101001011,5,0.9695122056,0.1774945036,41,0
71,304,100110000,3,0.9338414669,0.1354449289,113,0
71,186,010111010,5,0.9589938968,0.2682068814,96,0
71,2,000000010,1,0.8757621963,0.0863469597,160,0
71,11,000001011,3,0.9513719436,0.1420441959,19,0
71,325,101000101,4,0.9565548692,0.1581497551,51,0
71,160,010100000,2,0.9399390239,0.09322097432,26,0
71,480,111100000,4,0.9522865769,0.1520633074,76,0
71,430,110101110,6,0.9653963409,0.2012857567,117,0
71,206,011001110,5,0.9589938931,0.2441969891,99,0
71,139,010001011,4,0.9586890135,0.1512846262,38,0
71,338,101010010,4,0.9530487694,0.1827030429,73,0
71,160,010100000,2,0.9399390239,0.09322097432,27,0
71,439,110110111,7,0.9557926748,0.2348899278,158,0
71,496,111110000,5,0.9541158415,0.2100702799,118,0
71,306,100110010,4,0.9446646273,0.140418421,114,0
71,222,011011110,6,0.9573170654,0.3343018061,140,0
71,2,000000010,1,0.8757621963,0.0863469597,161,0
71,208,011010000,3,0.9487804789,0.2195109283,33,0
71,127,001111111,7,0.9617378041,0.3252968704,155,0
71,426,110101010,5,0.965548778,0.1652380908,66,0
71,237,011101101,6,0.9591463376,0.2640092028,138,0
71,185,010111001,5,0.957012184,0.2482354445,107,0
71,53,000110101,4,0.9317073226,0.1503448677,148,0
71,10,000001010,2,0.9445121922,0.1083079919,7,0
71,265,100001001,3,0.9512195047,0.1273183418,23,0
71,419,110100011,5,0.9568597469,0.1682509559,108,0
71,154,010011010,4,0.9570121877,0.2396545438,47,0
71,210,011010010,4,0.9449695069,0.2644167612,112,0
71,303,100101111,6,0.9673780538,0.2067371374,111,0
71,442,110111010,6,0.9629573133,0.2662793156,126,0
71,493,111101101,7,0.9640243854,0.3398395209,150,0
71,344,101011000,4,0.964634141,0.194875374,12,0
71,100,001100100,3,0.9481707253,0.1504776806,36,0
71,269,100001101,4,0.963262191,0.1545369336,17,0
71,113,001110001,4,0.9504573084,0.1746187271,87,0
71,104,001101000,3,0.9568597451,0.1185564424,5,0
71,401,110010001,4,0.9516768232,0.1931645344,79,0
71,201,011001001,4,0.9567073155,0.1810487332,49,0
71,203,011001011,5,0.959146332,0.1784309237,95,0
71,368,101110000,4,0.9560975526,0.1694042669,56,0
71,264,100001000,2,0.9495426789,0.1157485445,1,0
71,384,110000000,2,0.942378046,0.1023272595,13,0
71,6,000000110,2,0.9178353697,0.1008892676,131,0
71,482,111100010,5,0.9591463339,0.139335844,94,0
71,58,000111010,4,0.9541158453,0.1998991431,67,0
71,472,111011000,5,0.9638719503,0.2441837927,74,0
71,276,100010100,3,0.9513719417,0.1391151226,20,0
71,458,111001010,5,0.9644817039,0.1614640043,72,0
71,156,010011100,4,0.9596036505,0.2749188193,35,0
71,220,011011100,5,0.9589938931,0.2710625273,98,0
71,217,011011001,5,0.9579268228,0.2819200605,103,0
71,236,011101100,5,0.9617378004,0.2343629976,85,0
71,393,110001001,4,0.9617377985,0.1536827425,29,0
71,320,101000000,2,0.9503048677,0.1123269997,0,0
71,456,111001000,4,0.9663109723,0.1493365318,9,0
71,448,111000000,3,0.9498475511,0.1094583822,31,0
71,413,110011101,6,0.9644817039,0.2295870977,122,0
71,258,100000010,2,0.9272865914,0.1128509992,90,0
71,145,010010001,3,0.943597557,0.1669537378,62,0
71,20,000010100,2,0.916006105,0.1150037684,134,0
71,243,011110011,6,0.9530487731,0.2716712286,149,0
71,219,011011011,6,0.9600609709,0.3007806377,136,0
71,97,001100001,3,0.9439024366,0.1496965196,60,0
71,296,100101000,3,0.9603658449,0.1424966599,2,0
71,134,010000110,3,0.9411585312,0.1737534327,77,0
71,139,010001011,4,0.9586890135,0.1512846262,39,0
71,494,111101110,7,0.963262191,0.2477963772,151,0
71,225,011100001,4,0.9452743847,0.1662776889,109,0
71,112,001110000,3,0.9481707234,0.1940589957,37,0
71,225,011100001,4,0.9452743847,0.1662776889,110,0
71,27,000011011,4,0.9495426714,0.1951567573,88,0
71,41,000101001,3,0.9443597533,0.2578364955,57,0
71,154,010011010,4,0.9570121877,0.2396545438,48,0
72,270,100001110,4,0.9641768225,0.171474142,14,0
72,110,001101110,5,0.9606707301,0.2040525535,85,0
72,494,111101110,7,0.963262191,0.2477963772,150,0
72,61,000111101,5,0.9515243843,0.1722416603,129,0
72,90,001011010,4,0.9618902393,0.2218290572,26,0
72,83,001010011,4,0.9489329197,0.2551624496,89,0
72,77,001001101,4,0.9611280505,0.2220115,29,0
72,112,001110000,3,0.9481707234,0.1940589957,35,0
72,62,000111110,5,0.9538109656,0.2270585177,114,0
72,105,001101001,4,0.9583841395,0.1598443775,39,0
72,252,011111100,6,0.964176828,0.316163627,121,0
72,193,011000001,3,0.9471036512,0.1576919009,40,0
72,46,000101110,4,0.9539634064,0.1775657085,64,0
72,422,110100110,5,0.9547256045,0.1711755372,111,0
72,128,010000000,1,0.9323170781,0.08404751134,10,0
72,179,010110011,5,0.9410060942,0.2424715101,151,0
72,163,010100011,4,0.9469512142,0.1452375506,103,0
72,432,110110000,4,0.9525914509,0.190835604,71,0
72,440,110111000,5,0.9647865817,0.2230814546,65,0
72,238,011101110,6,0.9606707245,0.2395493905,137,0
72,203,011001011,5,0.959146332,0.1784309237,94,0
72,146,010010010,3,0.9370426815,0.1859965373,93,0
72,64,001000000,1,0.9262195174,0.09079117677,32,0
72,211,011010011,5,0.9449695051,0.2340317885,146,0
72,281,100011001,4,0.9638719484,0.1484918948,16,0
72,53,000110101,4,0.9317073226,0.1503448677,147,0
72,392,110001000,3,0.9653963372,0.1357308119,6,0
72,153,010011001,4,0.955487797,0.2314127795,52,0
72,504,111111000,6,0.9646341465,0.2548272442,117,0
72,397,110001101,5,0.9626524374,0.1984722707,77,0
72,153,010011001,4,0.955487797,0.2314127795,53,0
72,433,110110001,5,0.953048775,0.1948711216,122,0
72,36,000100100,2,0.9050304871,0.1029281626,153,0
72,32,000100000,1,0.8641768359,0.1044695501,160,0
72,356,101100100,4,0.9591463339,0.1657813322,36,0
72,83,001010011,4,0.9489329197,0.2551624496,90,0
72,165,010100101,4,0.9425304867,0.182659965,115,0
72,139,010001011,4,0.9586890135,0.1512846262,38,0
72,165,010100101,4,0.9425304867,0.182659965,116,0
72,392,110001000,3,0.9653963372,0.1357308119,5,0
72,24,000011000,2,0.9400914628,0.1224767463,24,0
72,144,010010000,2,0.9355182927,0.1628878268,43,0
72,499,111110011,7,0.9548780415,0.2065643724,154,0
72,360,101101000,4,0.9634146318,0.168340771,17,0
72,345,101011001,5,0.9628048781,0.1997483987,76,0
72,186,010111010,5,0.9589938968,0.2682068814,96,0
72,353,101100001,4,0.9532012139,0.1389175798,67,0
72,41,000101001,3,0.9443597533,0.2578364955,54,0
72,145,010010001,3,0.943597557,0.1669537378,59,0
72,136,010001000,2,0.9556402415,0.08872172865,0,0
72,129,010000001,2,0.9335365873,0.1010586498,51,0
72,402,110010010,4,0.9487804808,0.1966901873,91,0
72,392,110001000,3,0.9653963372,0.1357308119,4,0
72,205,011001101,5,0.9605182856,0.3885932574,87,0
72,96,001100000,2,0.9330792725,0.09982250445,55,0
72,222,011011110,6,0.9573170654,0.3343018061,145,0
72,362,101101010,5,0.9624999966,0.1689127102,80,0
72,162,010100010,3,0.9460365772,0.1228090909,48,0
72,284,100011100,4,0.9644817002,0.1660791668,13,0
72,148,010010100,3,0.9419207256,0.2030755011,68,0
72,377,101111001,6,0.9640243854,0.320313164,124,0
72,112,001110000,3,0.9481707234,0.1940589957,34,0
72,345,101011001,5,0.9628048781,0.1997483987,75,0
72,258,100000010,2,0.9272865914,0.1128509992,86,0
72,449,111000001,4,0.9550304785,0.2016363414,57,0
72,78,001001110,4,0.9573170636,0.2032758179,47,0
72,203,011001011,5,0.959146332,0.1784309237,95,0
72,89,001011001,4,0.958079258,0.2149465061,41,0
72,269,100001101,4,0.963262191,0.1545369336,18,0
72,278,100010110,4,0.9477134068,0.1614845553,97,0
72,460,111001100,5,0.9623475634,0.1988814175,82,0
72,472,111011000,5,0.9638719503,0.2441837927,69,0
72,448,111000000,3,0.9498475511,0.1094583822,30,0
72,486,111100110,6,0.9629573114,0.1877477956,127,0
72,367,101101111,7,0.9689024445,0.2136532324,144,0
72,472,111011000,5,0.9638719503,0.2441837927,70,0
72,141,010001101,4,0.9608231671,0.193762437,31,0
72,152,010011000,3,0.9513719399,0.2329935927,22,0
72,205,011001101,5,0.9605182856,0.3885932574,88,0
72,259,100000011,3,0.9335365873,0.1357063192,108,0
72,466,111010010,5,0.9501524325,0.2081504837,134,0
72,299,100101011,5,0.9684451278,0.1646855306,46,0
72,95,001011111,6,0.9603658505,0.4629407227,139,0
72,429,110101101,6,0.9609756004,0.1956794159,135,0
72,164,010100100,3,0.9356707316,0.1803958965,105,0
72,32,000100000,1,0.8641768359,0.1044695501,161,0
72,43,000101011,4,0.9513719436,0.1703410912,81,0
72,96,001100000,2,0.9330792725,0.09982250445,56,0
72,232,011101000,4,0.9621951152,0.2219230887,25,0
72,207,011001111,6,0.9615853634,0.2859955677,133,0
72,321,101000001,3,0.953048775,0.1407439543,15,0
72,505,111111001,7,0.9647865836,0.259944424,148,0
72,196,011000100,3,0.9515243825,0.1577226631,19,0
72,94,001011110,5,0.9580792617,0.2609661664,101,0
72,461,111001101,6,0.9624999948,0.2131315088,131,0
72,3,000000011,2,0.893902434,0.1188580212,157,0
72,64,001000000,1,0.9262195174,0.09079117677,33,0
72,145,010010001,3,0.943597557,0.1669537378,60,0
72,240,011110000,4,0.9474085271,0.2333530094,99,0
72,161,010100001,3,0.926981708,0.1333965359,140,0
72,111,001101111,6,0.958993895,0.2237674175,143,0
72,136,010001000,2,0.9556402415,0.08872172865,0,0
72,79,001001111,5,0.962957317,0.2229459747,74,0
72,216,011011000,4,0.9560975544,0.2577285054,49,0
72,256,100000000,1,0.8653963432,0.05144251033,159,0
72,236,011101100,5,0.9617378004,0.2343629976,84,0
72,104,001101000,3,0.9568597451,0.1185564424,7,0
72,136,010001000,2,0.9556402415,0.08872172865,0,0
72,149,010010101,4,0.9435975533,0.2027544379,112,0
72,274,100010010,3,0.9408536572,0.1183711295,73,0
72,164,010100100,3,0.9356707316,0.1803958965,104,0
72,386,110000010,3,0.9515243825,0.1274834615,20,0
72,509,111111101,8,0.963262191,0.2523085512,156,0
72,94,001011110,5,0.9580792617,0.2609661664,100,0
72,332,101001100,4,0.9624999929,0.1707430179,21,0
72,109,001101101,5,0.9626524318,0.2083265451,78,0
72,163,010100011,4,0.9469512142,0.1452375506,102,0
72,84,001010100,3,0.9432926793,0.1912370785,63,0
72,133,010000101,3,0.9432926811,0.1673714092,62,0
72,2,000000010,1,0.8757621963,0.0863469597,158,0
72,171,010101011,5,0.961890243,0.1561283367,83,0
72,25,000011001,3,0.9463414568,0.1495797473,44,0
72,178,010110010,4,0.9370426852,0.3352389857,141,0
72,140,010001100,3,0.9544207212,0.1939722262,11,0
72,405,110010101,5,0.953201212,0.2160813212,120,0
72,174,010101110,5,0.9596036505,0.2229905166,92,0
72,414,110011110,6,0.9637195077,0.2462959136,126,0
72,24,000011000,2,0.9400914628,0.1224767463,23,0
72,109,001101101,5,0.9626524318,0.2083265451,79,0
72,471,111010111,7,0.9618902374,0.2460674956,152,0
72,237,011101101,6,0.9591463376,0.2640092028,142,0
72,505,111111001,7,0.9647865836,0.259944424,149,0
72,317,100111101,6,0.9661585316,0.1998526342,110,0
72,388,110000100,3,0.9559451118,0.1492509923,8,0
72,295,100100111,5,0.9528963305,0.1877222597,125,0
72,461,111001101,6,0.9624999948,0.2131315088,130,0
72,45,000101101,4,0.9461890161,0.1590515091,107,0
72,361,101101001,5,0.9644817058,0.176816938,66,0
72,328,101001000,3,0.9661585353,0.1314932012,3,0
72,308,100110100,4,0.957926821,0.1752202315,42,0
72,25,000011001,3,0.9463414568,0.1495797473,45,0
72,114,001110010,4,0.9474085346,0.1818423038,98,0
72,159,010011111,6,0.9618902393,0.2912165942,132,0
72,426,110101010,5,0.965548778,0.1652380908,61,0
72,429,110101101,6,0.9609756004,0.1956794159,136,0
72,98,001100010,3,0.9480182808,0.1166399249,37,0
72,365,101101101,6,0.9644817039,0.2133307862,119,0
72,430,110101110,6,0.9653963409,0.2012857567,113,0
72,489,111101001,6,0.9646341447,0.1878299923,118,0
72,390,110000110,4,0.9560975488,0.160214691,50,0
72,288,100100000,2,0.9224085417,0.09756062739,109,0
72,262,100000110,3,0.9503048733,0.1506545902,28,0
72,479,111011111,8,0.9653963409,0.297615774,155,0
72,309,100110101,5,0.9530487731,0.1871497701,123,0
72,124,001111100,5,0.9573170636,0.2322485391,106,0
72,20,000010100,2,0.916006105,0.1150037684,138,0
72,260,100000100,2,0.9440548718,0.2004308952,9,0
72,396,110001100,4,0.9617377967,0.18006679,27,0
72,330,101001010,4,0.9649390206,0.1500430945,12,0
72,97,001100001,3,0.9439024366,0.1496965196,58,0
72,464,111010000,4,0.9522865787,0.1902281402,72,0
72,117,001110101,5,0.9518292584,0.210091874,128,0
73,48,000110000,2,0.9140243977,0.09490588191,139,0
73,145,010010001,3,0.943597557,0.1669537378,63,0
73,128,010000000,1,0.9323170781,0.08404751134,9,0
73,462,111001110,6,0.9695121981,0.2274610037,96,0
73,288,100100000,2,0.9224085417,0.09756062739,111,0
73,398,110001110,5,0.9652439002,0.184927925,64,0
73,384,110000000,2,0.942378046,0.1023272595,16,0
73,267,100001011,4,0.9620426763,0.1646921253,30,0
73,449,111000001,4,0.9550304785,0.2016363414,60,0
73,384,110000000,2,0.942378046,0.1023272595,17,0
73,259,100000011,3,0.9335365873,0.1357063192,110,0
73,62,000111110,5,0.9538109656,0.2270585177,122,0
73,321,101000001,3,0.953048775,0.1407439543,20,0
73,25,000011001,3,0.9463414568,0.1495797473,52,0
73,351,101011111,7,0.9638719484,0.2198956287,148,0
73,448,111000000,3,0.9498475511,0.1094583822,37,0
73,153,010011001,4,0.955487797,0.2314127795,57,0
73,77,001001101,4,0.9611280505,0.2220115,34,0
73,77,001001101,4,0.9611280505,0.2220115,33,0
73,401,110010001,4,0.9516768232,0.1931645344,76,0
73,420,110100100,4,0.9579268228,0.1566663263,50,0
73,332,101001100,4,0.9624999929,0.1707430179,23,0
73,174,010101110,5,0.9596036505,0.2229905166,91,0
73,44,000101100,3,0.9384146333,0.1604029066,85,0
73,356,101100100,4,0.9591463339,0.1657813322,41,0
73,458,111001010,5,0.9644817039,0.1614640043,67,0
73,213,011010101,5,0.954268286,0.2557268739,119,0
73,70,001000110,3,0.9445121922,0.1709114732,55,0
73,138,010001010,3,0.9580792598,0.1175190397,4,0
73,176,010110000,3,0.9341463428,0.2078121302,105,0
73,15,000001111,4,0.9467987716,0.2596095148,97,0
73,70,001000110,3,0.9445121922,0.1709114732,56,0
73,411,110011011,6,0.9638719447,0.23684128,126,0
73,398,110001110,5,0.9652439002,0.184927925,65,0
73,143,010001111,5,0.9640243854,0.2269113725,71,0
73,424,110101000,4,0.9621951189,0.151591171,29,0
73,90,001011010,4,0.9618902393,0.2218290572,31,0
73,182,010110110,5,0.9414634127,0.2396552637,149,0
73,350,101011110,6,0.9681402408,0.2603807449,102,0
73,417,110100001,4,0.9451219458,0.1674812513,109,0
73,487,111100111,7,0.9623475522,0.2054754389,151,0
73,303,100101111,6,0.9673780538,0.2067371374,107,0
73,140,010001100,3,0.9544207212,0.1939722262,13,0
73,131,010000011,3,0.9347560965,0.1501262328,103,0
73,34,000100010,2,0.9111280553,0.1001502015,144,0
73,357,101100101,5,0.9574694987,0.1785467933,99,0
73,24,000011000,2,0.9400914628,0.1224767463,28,0
73,338,101010010,4,0.9530487694,0.1827030429,70,0
73,322,101000010,3,0.9539634027,0.1114213858,14,0
73,170,010101010,4,0.9583841376,0.1237906108,46,0
73,360,101101000,4,0.9634146318,0.168340771,22,0
73,142,010001110,4,0.9562499933,0.2010135157,53,0
73,230,011100110,5,0.9544207174,0.2009842331,118,0
73,314,100111010,5,0.9621951208,0.1824102593,79,0
73,408,110011000,4,0.958231695,0.2197342259,48,0
73,457,111001001,5,0.960213406,0.1580275986,88,0
73,17,000010001,2,0.8894816972,0.1499703776,160,0
73,344,101011000,4,0.964634141,0.194875374,15,0
73,421,110100101,5,0.9567073006,0.1923621674,104,0
73,106,001101010,4,0.9589938987,0.1349909608,44,0
73,174,010101110,5,0.9596036505,0.2229905166,92,0
73,287,100011111,6,0.9652439002,0.1928226636,120,0
73,106,001101010,4,0.9589938987,0.1349909608,43,0
73,505,111111001,7,0.9647865836,0.259944424,146,0
73,62,000111110,5,0.9538109656,0.2270585177,123,0
73,417,110100001,4,0.9451219458,0.1674812513,108,0
73,36,000100100,2,0.9050304871,0.1029281626,154,0
73,128,010000000,1,0.9323170781,0.08404751134,11,0
73,432,110110000,4,0.9525914509,0.190835604,73,0
73,169,010101001,4,0.9554877914,0.1521936124,58,0
73,51,000110011,4,0.926524397,0.1556108566,156,0
73,129,010000001,2,0.9335365873,0.1010586498,54,0
73,281,100011001,4,0.9638719484,0.1484918948,21,0
73,57,000111001,4,0.9443597514,0.1744129988,112,0
73,48,000110000,2,0.9140243977,0.09490588191,140,0
73,167,010100111,5,0.9480182845,0.1973982276,137,0
73,490,111101010,6,0.9657012131,0.1730029145,116,0
73,262,100000110,3,0.9503048733,0.1506545902,32,0
73,506,111111010,7,0.9606707208,0.2898382405,153,0
73,110,001101110,5,0.9606707301,0.2040525535,84,0
73,172,010101100,4,0.9548780415,0.1772159359,62,0
73,212,011010100,4,0.952439012,0.2385208402,75,0
73,128,010000000,1,0.9323170781,0.08404751134,10,0
73,87,001010111,5,0.9501524288,0.2489087577,134,0
73,507,111111011,8,0.9617377967,0.2683291459,159,0
73,207,011001111,6,0.9615853634,0.2859955677,133,0
73,18,000010010,2,0.9048780557,0.1242320742,155,0
73,135,010000111,4,0.9429878015,0.1987346318,121,0
73,275,100010011,4,0.9417682886,0.1271214618,125,0
73,432,110110000,4,0.9525914509,0.190835604,74,0
73,443,110111011,7,0.9624999985,0.2361019221,150,0
73,258,100000010,2,0.9272865914,0.1128509992,86,0
73,282,100011010,4,0.9623475503,0.1541509838,25,0
73,457,111001001,5,0.960213406,0.1580275986,89,0
73,180,010110100,4,0.9402438998,0.2270922111,130,0
73,378,101111010,6,0.964786578,0.2308151182,124,0
73,174,010101110,5,0.9596036505,0.2229905166,93,0
73,492,111101100,6,0.9681402501,0.1861764477,101,0
73,399,110001111,6,0.9626524355,0.2035451112,129,0
73,346,101011010,5,0.9643292632,0.210029603,69,0
73,140,010001100,3,0.9544207212,0.1939722262,12,0
73,447,110111111,8,0.9663109742,0.2420711997,158,0
73,257,100000001,2,0.8830792718,0.09909134312,161,0
73,290,100100010,3,0.9499999899,0.1336969913,35,0
73,223,011011111,7,0.959298769,0.3238683129,157,0
73,282,100011010,4,0.9623475503,0.1541509838,27,0
73,468,111010100,5,0.96204268,0.1961445869,80,0
73,251,011111011,7,0.9612804838,0.3173386743,152,0
73,490,111101010,6,0.9657012131,0.1730029145,115,0
73,493,111101101,7,0.9640243854,0.3398395209,147,0
73,280,100011000,3,0.9574695043,0.1384578615,5,0
73,188,010111100,5,0.9551829174,0.2635214692,113,0
73,74,001001010,3,0.9570121821,0.1378696063,7,0
73,73,001001001,3,0.953048775,0.1462754204,19,0
73,227,011100011,5,0.9506097492,0.1793539175,132,0
73,410,110011010,5,0.9644817039,0.2193003995,68,0
73,124,001111100,5,0.9573170636,0.2322485391,100,0
73,195,011000011,4,0.9493902363,0.1929078563,87,0
73,498,111110010,6,0.956097547,0.2142396532,143,0
73,141,010001101,4,0.9608231671,0.193762437,39,0
73,336,101010000,3,0.9498475567,0.1365595176,36,0
73,436,110110100,5,0.9548780341,0.3190835472,114,0
73,13,000001101,3,0.9356707335,0.3014179626,98,0
73,115,001110011,5,0.9527438954,0.1939238748,127,0
73,490,111101010,6,0.9657012131,0.1730029145,117,0
73,401,110010001,4,0.9516768232,0.1931645344,77,0
73,152,010011000,3,0.9513719399,0.2329935927,24,0
73,199,011000111,5,0.9521341417,0.2270386657,128,0
73,176,010110000,3,0.9341463428,0.2078121302,106,0
73,8,000001000,1,0.9012195114,0.0953759877,142,0
73,384,110000000,2,0.942378046,0.1023272595,18,0
73,6,000000110,2,0.9178353697,0.1008892676,131,0
73,326,101000110,4,0.9586890172,0.1529696728,45,0
73,186,010111010,5,0.9589938968,0.2682068814,95,0
73,472,111011000,5,0.9638719503,0.2441837927,72,0
73,408,110011000,4,0.958231695,0.2197342259,47,0
73,456,111001000,4,0.9663109723,0.1493365318,8,0
73,156,010011100,4,0.9596036505,0.2749188193,40,0
73,412,110011100,5,0.9612804819,0.2286357516,82,0
73,203,011001011,5,0.959146332,0.1784309237,94,0
73,236,011101100,5,0.9617378004,0.2343629976,81,0
73,141,010001101,4,0.9608231671,0.193762437,38,0
73,320,101000000,2,0.9503048677,0.1123269997,2,0
73,392,110001000,3,0.9653963372,0.1357308119,0,0
73,192,011000000,2,0.9504573103,0.1211086311,1,0
73,157,010011101,5,0.9608231653,0.2573634591,83,0
73,34,000100010,2,0.9111280553,0.1001502015,145,0
73,193,011000001,3,0.9471036512,0.1576919009,49,0
73,144,010010000,2,0.9355182927,0.1628878268,51,0
73,187,010111011,6,0.9594512116,0.279120577,136,0
73,449,111000001,4,0.9550304785,0.2016363414,59,0
73,249,011111001,6,0.958993895,0.3032088177,138,0
73,300,100101100,4,0.9623475503,0.1672059349,26,0
73,74,001001010,3,0.9570121821,0.1378696063,6,0
73,161,010100001,3,0.926981708,0.1333965359,135,0
73,174,010101110,5,0.9596036505,0.2229905166,90,0
73,43,000101011,4,0.9513719436,0.1703410912,78,0
73,80,001010000,2,0.9368902445,0.1682704333,42,0
73,181,010110101,5,0.9463414587,0.2437225715,141,0
73,410,110011010,5,0.9644817039,0.2193003995,66,0
73,97,001100001,3,0.9439024366,0.1496965196,61,0
73,72,001001000,2,0.9495426752,0.1139507112,3,0
74,79,001001111,5,0.962957317,0.2229459747,74,0
74,230,011100110,5,0.9544207174,0.2009842331,112,0
74,110,001101110,5,0.9606707301,0.2040525535,86,0
74,61,000111101,5,0.9515243843,0.1722416603,124,0
74,510,111111110,8,0.9663109742,0.2578454181,157,0
74,211,011010011,5,0.9449695051,0.2340317885,145,0
74,339,101010011,5,0.9528963324,0.1730788327,119,0
74,144,010010000,2,0.9355182927,0.1628878268,42,0
74,30,000011110,4,0.9535060879,0.1916021421,61,0
74,380,101111100,6,0.9635670688,0.2217264464,121,0
74,236,011101100,5,0.9617378004,0.2343629976,84,0
74,201,011001001,4,0.9567073155,0.1810487332,50,0
74,226,011100010,4,0.9487804808,0.1625480801,91,0
74,492,111101100,6,0.9681402501,0.1861764477,102,0
74,192,011000000,2,0.9504573103,0.1211086311,2,0
74,63,000111111,6,0.9544207286,0.2803421966,147,0
74,233,011101001,5,0.9603658449,0.268123046,87,0
74,506,111111010,7,0.9606707208,0.2898382405,154,0
74,146,010010010,3,0.9370426815,0.1859965373,93,0
74,299,100101011,5,0.9684451278,0.1646855306,45,0
74,265,100001001,3,0.9512195047,0.1273183418,22,0
74,144,010010000,2,0.9355182927,0.1628878268,41,0
74,337,101010001,4,0.9527438916,0.1580627062,66,0
74,401,110010001,4,0.9516768232,0.1931645344,75,0
74,409,110011001,5,0.9621951114,0.2163874777,83,0
74,60,000111100,4,0.9525914546,0.1621299409,68,0
74,424,110101000,4,0.9621951189,0.151591171,24,0
74,184,010111000,4,0.9567073099,0.2421766864,51,0
74,508,111111100,7,0.9685975611,0.267471821,142,0
74,396,110001100,4,0.9617377967,0.18006679,29,0
74,152,010011000,3,0.9513719399,0.2329935927,20,0
74,432,110110000,4,0.9525914509,0.190835604,69,0
74,4,000000100,1,0.9094512276,0.06868225115,114,0
74,480,111100000,4,0.9522865769,0.1520633074,70,0
74,224,011100000,3,0.9408536591,0.1201759358,73,0
74,82,001010010,3,0.9452743866,0.1904831256,52,0
74,164,010100100,3,0.9356707316,0.1803958965,100,0
74,393,110001001,4,0.9617377985,0.1536827425,27,0
74,161,010100001,3,0.926981708,0.1333965359,133,0
74,136,010001000,2,0.9556402415,0.08872172865,0,0
74,24,000011000,2,0.9400914628,0.1224767463,23,0
74,144,010010000,2,0.9355182927,0.1628878268,40,0
74,299,100101011,5,0.9684451278,0.1646855306,44,0
74,430,110101110,6,0.9653963409,0.2012857567,113,0
74,253,011111101,7,0.9640243892,0.2906484376,151,0
74,170,010101010,4,0.9583841376,0.1237906108,38,0
74,481,111100001,5,0.9490853604,0.1667485817,135,0
74,301,100101101,5,0.9657012131,0.1904032845,58,0
74,63,000111111,6,0.9544207286,0.2803421966,148,0
74,9,000001001,2,0.9167682994,0.1331997535,127,0
74,164,010100100,3,0.9356707316,0.1803958965,101,0
74,411,110011011,6,0.9638719447,0.23684128,120,0
74,137,010001001,3,0.9589938968,0.1376599907,7,0
74,333,101001101,5,0.9678353649,0.1775467619,48,0
74,102,001100110,4,0.9516768195,0.1653954163,76,0
74,20,000010100,2,0.916006105,0.1150037684,132,0
74,442,110111010,6,0.9629573133,0.2662793156,122,0
74,396,110001100,4,0.9617377967,0.18006679,28,0
74,30,000011110,4,0.9535060879,0.1916021421,62,0
74,148,010010100,3,0.9419207256,0.2030755011,65,0
74,473,111011001,6,0.9602134135,0.2257233416,134,0
74,72,001001000,2,0.9495426752,0.1139507112,5,0
74,149,010010101,4,0.9435975533,0.2027544379,111,0
74,2,000000010,1,0.8757621963,0.0863469597,159,0
74,192,011000000,2,0.9504573103,0.1211086311,4,0
74,335,101001111,6,0.9673780575,0.2185122878,106,0
74,219,011011011,6,0.9600609709,0.3007806377,136,0
74,121,001111001,5,0.9562499933,0.3466811553,107,0
74,359,101100111,6,0.9612804819,0.1891228305,126,0
74,278,100010110,4,0.9477134068,0.1614845553,98,0
74,201,011001001,4,0.9567073155,0.1810487332,49,0
74,200,011001000,3,0.955487797,0.1316828153,14,0
74,208,011010000,3,0.9487804789,0.2195109283,36,0
74,452,111000100,4,0.9608231634,0.1636474896,35,0
74,203,011001011,5,0.959146332,0.1784309237,96,0
74,280,100011000,3,0.9574695043,0.1384578615,11,0
74,137,010001001,3,0.9589938968,0.1376599907,9,0
74,60,000111100,4,0.9525914546,0.1621299409,67,0
74,5,000000101,2,0.9044207372,0.07468588371,155,0
74,129,010000001,2,0.9335365873,0.1010586498,55,0
74,338,101010010,4,0.9530487694,0.1827030429,64,0
74,43,000101011,4,0.9513719436,0.1703410912,79,0
74,223,011011111,7,0.959298769,0.3238683129,156,0
74,425,110101001,5,0.9621951208,0.1687642131,81,0
74,132,010000100,2,0.9396341462,0.1636577162,26,0
74,48,000110000,2,0.9140243977,0.09490588191,141,0
74,137,010001001,3,0.9589938968,0.1376599907,8,0
74,168,010101000,3,0.9556402303,0.1283902619,12,0
74,96,001100000,2,0.9330792725,0.09982250445,56,0
74,11,000001011,3,0.9513719436,0.1420441959,19,0
74,192,011000000,2,0.9504573103,0.1211086311,3,0
74,253,011111101,7,0.9640243892,0.2906484376,152,0
74,92,001011100,4,0.9571646284,0.2256155275,46,0
74,146,010010010,3,0.9370426815,0.1859965373,95,0
74,457,111001001,5,0.960213406,0.1580275986,90,0
74,137,010001001,3,0.9589938968,0.1376599907,6,0
74,354,101100010,4,0.9609756079,0.1522667618,32,0
74,8,000001000,1,0.9012195114,0.0953759877,143,0
74,224,011100000,3,0.9408536591,0.1201759358,72,0
74,233,011101001,5,0.9603658449,0.268123046,88,0
74,107,001101011,5,0.9643292632,0.1645711297,63,0
74,136,010001000,2,0.9556402415,0.08872172865,0,0
74,238,011101110,6,0.9606707245,0.2395493905,131,0
74,476,111011100,6,0.9672256112,0.2396430206,108,0
74,288,100100000,2,0.9224085417,0.09756062739,110,0
74,132,010000100,2,0.9396341462,0.1636577162,25,0
74,168,010101000,3,0.9556402303,0.1283902619,13,0
74,396,110001100,4,0.9617377967,0.18006679,30,0
74,157,010011101,5,0.9608231653,0.2573634591,85,0
74,16,000010000,1,0.8800304849,0.0962131978,158,0
74,423,110100111,6,0.9544207193,0.1782295462,149,0
74,259,100000011,3,0.9335365873,0.1357063192,109,0
74,173,010101101,5,0.9568597469,0.2084413404,104,0
74,182,010110110,5,0.9414634127,0.2396552637,153,0
74,390,110000110,4,0.9560975488,0.160214691,53,0
74,109,001101101,5,0.9626524318,0.2083265451,78,0
74,257,100000001,2,0.8830792718,0.09909134312,160,0
74,252,011111100,6,0.964176828,0.316163627,116,0
74,77,001001101,4,0.9611280505,0.2220115,31,0
74,426,110101010,5,0.965548778,0.1652380908,60,0
74,175,010101111,6,0.9585365672,0.2318464871,139,0
74,129,010000001,2,0.9335365873,0.1010586498,54,0
74,146,010010010,3,0.9370426815,0.1859965373,94,0
74,156,010011100,4,0.9596036505,0.2749188193,37,0
74,67,001000011,3,0.9541158434,0.1536063617,16,0
74,174,010101110,5,0.9596036505,0.2229905166,92,0
74,141,010001101,4,0.9608231671,0.193762437,34,0
74,152,010011000,3,0.9513719399,0.2329935927,21,0
74,457,111001001,5,0.960213406,0.1580275986,89,0
74,498,111110010,6,0.956097547,0.2142396532,144,0
74,237,011101101,6,0.9591463376,0.2640092028,137,0
74,505,111111001,7,0.9647865836,0.259944424,150,0
74,425,110101001,5,0.9621951208,0.1687642131,82,0
74,134,010000110,3,0.9411585312,0.1737534327,71,0
74,37,000100101,3,0.9213414732,0.1178390123,146,0
74,71,001000111,4,0.9454268254,0.1695544343,105,0
74,167,010100111,5,0.9480182845,0.1973982276,138,0
74,489,111101001,6,0.9646341447,0.1878299923,115,0
74,297,100101001,4,0.9582317006,0.1647070954,39,0
74,292,100100100,3,0.9576219451,0.1772560109,10,0
74,25,000011001,3,0.9463414568,0.1495797473,43,0
74,370,101110010,5,0.9585365802,0.1784977219,99,0
74,175,010101111,6,0.9585365672,0.2318464871,140,0
74,32,000100000,1,0.8641768359,0.1044695501,161,0
74,173,010101101,5,0.9568597469,0.2084413404,103,0
74,42,000101010,3,0.955487797,0.1481546445,15,0
74,97,001100001,3,0.9439024366,0.1496965196,57,0
74,426,110101010,5,0.965548778,0.1652380908,59,0
74,429,110101101,6,0.9609756004,0.1956794159,128,0
74,460,111001100,5,0.9623475634,0.1988814175,80,0
74,298,100101010,4,0.9635670781,0.1536765499,18,0
74,6,000000110,2,0.9178353697,0.1008892676,125,0
74,91,001011011,5,0.9626524337,0.2549881525,77,0
74,309,100110101,5,0.9530487731,0.1871497701,117,0
74,92,001011100,4,0.9571646284,0.2256155275,47,0
74,336,101010000,3,0.9498475567,0.1365595176,33,0
74,238,011101110,6,0.9606707245,0.2395493905,130,0
74,429,110101101,6,0.9609756004,0.1956794159,129,0
74,330,101001010,4,0.9649390206,0.1500430945,17,0
74,289,100100001,3,0.9368902445,0.1236085924,97,0
74,442,110111010,6,0.9629573133,0.2662793156,123,0
74,309,100110101,5,0.9530487731,0.1871497701,118,0
75,504,111111000,6,0.9646341465,0.2548272442,121,0
75,25,000011001,3,0.9463414568,0.1495797473,50,0
75,386,110000010,3,0.9515243825,0.1274834615,23,0
75,322,101000010,3,0.9539634027,0.1114213858,19,0
75,128,010000000,1,0.9323170781,0.08404751134,17,0
75,268,100001100,3,0.9647865798,0.1379161642,5,0
75,142,010001110,4,0.9562499933,0.2010135157,58,0
75,490,111101010,6,0.9657012131,0.1730029145,116,0
75,481,111100001,5,0.9490853604,0.1667485817,141,0
75,393,110001001,4,0.9617377985,0.1536827425,34,0
75,387,110000011,4,0.9507621918,0.175960077,88,0
75,54,000110110,4,0.9384146333,0.1622000067,138,0
75,461,111001101,6,0.9624999948,0.2131315088,132,0
75,1,000000001,1,0.7878048848,0.08813527925,160,0
75,57,000111001,4,0.9443597514,0.1744129988,113,0
75,384,110000000,2,0.942378046,0.1023272595,21,0
75,346,101011010,5,0.9643292632,0.210029603,74,0
75,11,000001011,3,0.9513719436,0.1420441959,25,0
75,365,101101101,6,0.9644817039,0.2133307862,122,0
75,340,101010100,4,0.961737806,0.1694561779,33,0
75,374,101110110,6,0.9637195077,0.1878173118,127,0
75,332,101001100,4,0.9624999929,0.1707430179,24,0
75,430,110101110,6,0.9653963409,0.2012857567,118,0
75,110,001101110,5,0.9606707301,0.2040525535,91,0
75,100,001100100,3,0.9481707253,0.1504776806,43,0
75,459,111001011,6,0.9693597592,0.1673336257,96,0
75,213,011010101,5,0.954268286,0.2557268739,119,0
75,70,001000110,3,0.9445121922,0.1709114732,62,0
75,26,000011010,3,0.9474085309,0.166096261,45,0
75,57,000111001,4,0.9443597514,0.1744129988,114,0
75,15,000001111,4,0.9467987716,0.2596095148,101,0
75,10,000001010,2,0.9445121922,0.1083079919,15,0
75,435,110110011,6,0.9568597432,0.2100424496,146,0
75,30,000011110,4,0.9535060879,0.1916021421,71,0
75,345,101011001,5,0.9628048781,0.1997483987,83,0
75,425,110101001,5,0.9621951208,0.1687642131,86,0
75,79,001001111,5,0.962957317,0.2229459747,82,0
75,172,010101100,4,0.9548780415,0.1772159359,65,0
75,342,101010110,5,0.9528963305,0.1802943386,125,0
75,419,110100011,5,0.9568597469,0.1682509559,106,0
75,455,111000111,6,0.9588414561,0.178122621,143,0
75,300,100101100,4,0.9623475503,0.1672059349,27,0
75,176,010110000,3,0.9341463428,0.2078121302,109,0
75,1,000000001,1,0.7878048848,0.08813527925,161,0
75,418,110100010,4,0.9541158434,0.1336211525,68,0
75,453,111000101,5,0.9580792617,0.16819228,98,0
75,40,000101000,2,0.9376524407,0.09235404083,40,0
75,210,011010010,4,0.9449695069,0.2644167612,112,0
75,432,110110000,4,0.9525914509,0.190835604,78,0
75,170,010101010,4,0.9583841376,0.1237906108,48,0
75,328,101001000,3,0.9661585353,0.1314932012,2,0
75,268,100001100,3,0.9647865798,0.1379161642,6,0
75,454,111000110,5,0.960975606,0.1631978797,90,0
75,154,010011010,4,0.9570121877,0.2396545438,52,0
75,392,110001000,3,0.9653963372,0.1357308119,4,0
75,459,111001011,6,0.9693597592,0.1673336257,97,0
75,9,000001001,2,0.9167682994,0.1331997535,135,0
75,312,100111000,4,0.9676829297,0.1558179194,11,0
75,33,000100001,2,0.8849085364,0.1405141028,156,0
75,363,101101011,6,0.9637195095,0.1817409033,126,0
75,15,000001111,4,0.9467987716,0.2596095148,100,0
75,401,110010001,4,0.9516768232,0.1931645344,84,0
75,502,111110110,7,0.9586890154,0.2245801887,155,0
75,241,011110001,5,0.9440548718,0.2607987896,149,0
75,303,100101111,6,0.9673780538,0.2067371374,110,0
75,160,010100000,2,0.9399390239,0.09322097432,31,0
75,228,011100100,4,0.9510670714,0.1718315468,87,0
75,136,010001000,2,0.9556402415,0.08872172865,0,0
75,152,010011000,3,0.9513719399,0.2329935927,26,0
75,168,010101000,3,0.9556402303,0.1283902619,13,0
75,54,000110110,4,0.9384146333,0.1622000067,137,0
75,145,010010001,3,0.943597557,0.1669537378,66,0
75,256,100000000,1,0.8653963432,0.05144251033,158,0
75,59,000111011,5,0.9528963305,0.1926716072,123,0
75,420,110100100,4,0.9579268228,0.1566663263,49,0
75,229,011100101,5,0.9513719473,0.2044244306,133,0
75,366,101101110,6,0.9675304852,0.2001497867,108,0
75,128,010000000,1,0.9323170781,0.08404751134,16,0
75,122,001111010,5,0.9635670725,0.3054453623,79,0
75,492,111101100,6,0.9681402501,0.1861764477,104,0
75,172,010101100,4,0.9548780415,0.1772159359,64,0
75,476,111011100,6,0.9672256112,0.2396430206,111,0
75,353,101100001,4,0.9532012139,0.1389175798,76,0
75,94,001011110,5,0.9580792617,0.2609661664,99,0
75,491,111101011,7,0.9621951226,0.1842359612,153,0
75,223,011011111,7,0.959298769,0.3238683129,154,0
75,186,010111010,5,0.9589938968,0.2682068814,93,0
75,143,010001111,5,0.9640243854,0.2269113725,77,0
75,334,101001110,5,0.9672256075,0.1807405879,59,0
75,372,101110100,5,0.9644817002,0.1726493784,73,0
75,315,100111011,6,0.9631097522,0.1866992847,128,0
75,274,100010010,3,0.9408536572,0.1183711295,81,0
75,256,100000000,1,0.8653963432,0.05144251033,159,0
75,325,101000101,4,0.9565548692,0.1581497551,55,0
75,164,010100100,3,0.9356707316,0.1803958965,102,0
75,370,101110010,5,0.9585365802,0.1784977219,95,0
75,12,000001100,2,0.9342987817,0.1145905149,56,0
75,110,001101110,5,0.9606707301,0.2040525535,92,0
75,399,110001111,6,0.9626524355,0.2035451112,131,0
75,474,111011010,6,0.9687500075,0.2528586062,103,0
75,142,010001110,4,0.9562499933,0.2010135157,57,0
75,191,010111111,7,0.963719504,0.2866767156,151,0
75,265,100001001,3,0.9512195047,0.1273183418,29,0
75,59,000111011,5,0.9528963305,0.1926716072,124,0
75,158,010011110,5,0.9586890191,0.2851446816,94,0
75,24,000011000,2,0.9400914628,0.1224767463,30,0
75,340,101010100,4,0.961737806,0.1694561779,32,0
75,123,001111011,6,0.9626524355,0.2404932803,130,0
75,354,101100010,4,0.9609756079,0.1522667618,36,0
75,111,001101111,6,0.958993895,0.2237674175,142,0
75,26,000011010,3,0.9474085309,0.166096261,47,0
75,188,010111100,5,0.9551829174,0.2635214692,115,0
75,346,101011010,5,0.9643292632,0.210029603,75,0
75,384,110000000,2,0.942378046,0.1023272595,20,0
75,33,000100001,2,0.8849085364,0.1405141028,157,0
75,222,011011110,6,0.9573170654,0.3343018061,145,0
75,494,111101110,7,0.963262191,0.2477963772,152,0
75,395,110001011,5,0.9670731667,0.1769618806,60,0
75,442,110111010,6,0.9629573133,0.2662793156,129,0
75,9,000001001,2,0.9167682994,0.1331997535,134,0
75,336,101010000,3,0.9498475567,0.1365595176,37,0
75,480,111100000,4,0.9522865769,0.1520633074,80,0
75,397,110001101,5,0.9626524374,0.1984722707,85,0
75,64,001000000,1,0.9262195174,0.09079117677,41,0
75,300,100101100,4,0.9623475503,0.1672059349,28,0
75,129,010000001,2,0.9335365873,0.1010586498,61,0
75,154,010011010,4,0.9570121877,0.2396545438,54,0
75,65,001000001,2,0.9350609761,0.1252497334,51,0
75,112,001110000,3,0.9481707234,0.1940589957,44,0
75,136,010001000,2,0.9556402415,0.08872172865,0,0
75,168,010101000,3,0.9556402303,0.1283902619,12,0
75,4,000000100,1,0.9094512276,0.06868225115,120,0
75,71,001000111,4,0.9454268254,0.1695544343,107,0
75,490,111101010,6,0.9657012131,0.1730029145,117,0
75,392,110001000,3,0.9653963372,0.1357308119,3,0
75,154,010011010,4,0.9570121877,0.2396545438,53,0
75,264,100001000,2,0.9495426789,0.1157485445,7,0
75,284,100011100,4,0.9644817002,0.1660791668,22,0
75,204,011001100,4,0.9535060935,0.2112389025,70,0
75,396,110001100,4,0.9617377967,0.18006679,35,0
75,236,011101100,5,0.9617378004,0.2343629976,89,0
75,141,010001101,4,0.9608231671,0.193762437,39,0
75,272,100010000,2,0.9314024411,0.09646097757,69,0
75,74,001001010,3,0.9570121821,0.1378696063,10,0
75,448,111000000,3,0.9498475511,0.1094583822,38,0
75,221,011011101,6,0.9602134116,0.300388671,140,0
75,140,010001100,3,0.9544207212,0.1939722262,18,0
75,153,010011001,4,0.955487797,0.2314127795,63,0
75,64,001000000,1,0.9262195174,0.09079117677,42,0
75,50,000110010,3,0.9269817118,0.1555463769,139,0
75,9,000001001,2,0.9167682994,0.1331997535,136,0
75,478,111011110,7,0.9678353649,0.271671345,147,0
75,168,010101000,3,0.9556402303,0.1283902619,14,0
75,234,011101010,5,0.9644817039,0.206266609,72,0
75,181,010110101,5,0.9463414587,0.2437225715,144,0
75,34,000100010,2,0.9111280553,0.1001502015,148,0
75,131,010000011,3,0.9347560965,0.1501262328,105,0
75,88,001011000,3,0.9570121896,0.1966020344,9,0
75,151,010010111,5,0.9432926774,0.2769849757,150,0
75,26,000011010,3,0.9474085309,0.166096261,46,0
75,133,010000101,3,0.9432926811,0.1673714092,67,0
75,72,001001000,2,0.9495426752,0.1139507112,8,0
76,7,000000111,3,0.9213414732,0.1769612008,150,0
76,198,011000110,4,0.9498475567,0.191795771,93,0
76,361,101101001,5,0.9644817058,0.176816938,73,0
76,442,110111010,6,0.9629573133,0.2662793156,127,0
76,254,011111110,7,0.9605182894,0.3400172121,157,0
76,211,011010011,5,0.9449695051,0.2340317885,148,0
76,213,011010101,5,0.954268286,0.2557268739,111,0
76,472,111011000,5,0.9638719503,0.2441837927,81,0
76,62,000111110,5,0.9538109656,0.2270585177,114,0
76,112,001110000,3,0.9481707234,0.1940589957,43,0
76,364,101101100,5,0.9696646333,0.1734690042,47,0
76,201,011001001,4,0.9567073155,0.1810487332,58,0
76,44,000101100,3,0.9384146333,0.1604029066,94,0
76,452,111000100,4,0.9608231634,0.1636474896,41,0
76,132,010000100,2,0.9396341462,0.1636577162,36,0
76,127,001111111,7,0.9617378041,0.3252968704,156,0
76,329,101001001,4,0.9663109742,0.1626024148,17,0
76,496,111110000,5,0.9541158415,0.2100702799,112,0
76,152,010011000,3,0.9513719399,0.2329935927,28,0
76,170,010101010,4,0.9583841376,0.1237906108,50,0
76,141,010001101,4,0.9608231671,0.193762437,40,0
76,128,010000000,1,0.9323170781,0.08404751134,19,0
76,337,101010001,4,0.9527438916,0.1580627062,82,0
76,401,110010001,4,0.9516768232,0.1931645344,85,0
76,185,010111001,5,0.957012184,0.2482354445,102,0
76,61,000111101,5,0.9515243843,0.1722416603,129,0
76,424,110101000,4,0.9621951189,0.151591171,33,0
76,185,010111001,5,0.957012184,0.2482354445,103,0
76,492,111101100,6,0.9681402501,0.1861764477,101,0
76,133,010000101,3,0.9432926811,0.1673714092,68,0
76,144,010010000,2,0.9355182927,0.1628878268,54,0
76,184,010111000,4,0.9567073099,0.2421766864,59,0
76,9,000001001,2,0.9167682994,0.1331997535,135,0
76,296,100101000,3,0.9603658449,0.1424966599,11,0
76,166,010100110,4,0.9381097537,0.1851869859,138,0
76,66,001000010,2,0.9518292602,0.09929567995,6,0
76,161,010100001,3,0.926981708,0.1333965359,139,0
76,411,110011011,6,0.9638719447,0.23684128,124,0
76,105,001101001,4,0.9583841395,0.1598443775,49,0
76,136,010001000,2,0.9556402415,0.08872172865,0,0
76,408,110011000,4,0.958231695,0.2197342259,52,0
76,145,010010001,3,0.943597557,0.1669537378,67,0
76,451,111000011,5,0.9550304729,0.1685197698,108,0
76,356,101100100,4,0.9591463339,0.1657813322,44,0
76,221,011011101,6,0.9602134116,0.300388671,141,0
76,58,000111010,4,0.9541158453,0.1998991431,69,0
76,465,111010001,5,0.9565548692,0.3861234859,104,0
76,365,101101101,6,0.9644817039,0.2133307862,122,0
76,194,011000010,3,0.9448170681,0.1295389787,62,0
76,9,000001001,2,0.9167682994,0.1331997535,134,0
76,298,100101010,4,0.9635670781,0.1536765499,22,0
76,24,000011000,2,0.9400914628,0.1224767463,31,0
76,425,110101001,5,0.9621951208,0.1687642131,89,0
76,457,111001001,5,0.960213406,0.1580275986,96,0
76,102,001100110,4,0.9516768195,0.1653954163,86,0
76,20,000010100,2,0.916006105,0.1150037684,137,0
76,504,111111000,6,0.9646341465,0.2548272442,120,0
76,328,101001000,3,0.9661585353,0.1314932012,2,0
76,282,100011010,4,0.9623475503,0.1541509838,30,0
76,148,010010100,3,0.9419207256,0.2030755011,79,0
76,504,111111000,6,0.9646341465,0.2548272442,118,0
76,14,000001110,3,0.9452743828,0.2012516796,60,0
76,333,101001101,5,0.9678353649,0.1775467619,57,0
76,26,000011010,3,0.9474085309,0.166096261,48,0
76,192,011000000,2,0.9504573103,0.1211086311,9,0
76,335,101001111,6,0.9673780575,0.2185122878,105,0
76,155,010011011,5,0.9644817039,0.2534072064,76,0
76,121,001111001,5,0.9562499933,0.3466811553,106,0
76,355,101100011,5,0.9577743858,0.1480007793,100,0
76,279,100010111,5,0.9499999974,0.1593395183,136,0
76,76,001001100,3,0.9522865731,0.1880639463,24,0
76,192,011000000,2,0.9504573103,0.1211086311,8,0
76,472,111011000,5,0.9638719503,0.2441837927,80,0
76,388,110000100,3,0.9559451118,0.1492509923,13,0
76,252,011111100,6,0.964176828,0.316163627,123,0
76,154,010011010,4,0.9570121877,0.2396545438,56,0
76,136,010001000,2,0.9556402415,0.08872172865,0,0
76,31,000011111,5,0.9507621899,0.2732690205,132,0
76,269,100001101,4,0.963262191,0.1545369336,25,0
76,258,100000010,2,0.9272865914,0.1128509992,95,0
76,338,101010010,4,0.9530487694,0.1827030429,78,0
76,299,100101011,5,0.9684451278,0.1646855306,55,0
76,414,110011110,6,0.9637195077,0.2462959136,125,0
76,425,110101001,5,0.9621951208,0.1687642131,90,0
76,140,010001100,3,0.9544207212,0.1939722262,21,0
76,32,000100000,1,0.8641768359,0.1044695501,160,0
76,128,010000000,1,0.9323170781,0.08404751134,18,0
76,98,001100010,3,0.9480182808,0.1166399249,45,0
76,33,000100001,2,0.8849085364,0.1405141028,158,0
76,11,000001011,3,0.9513719436,0.1420441959,27,0
76,204,011001100,4,0.9535060935,0.2112389025,72,0
76,237,011101101,6,0.9591463376,0.2640092028,142,0
76,476,111011100,6,0.9672256112,0.2396430206,107,0
76,87,001010111,5,0.9501524288,0.2489087577,133,0
76,504,111111000,6,0.9646341465,0.2548272442,121,0
76,192,011000000,2,0.9504573103,0.1211086311,7,0
76,482,111100010,5,0.9591463339,0.139335844,97,0
76,392,110001000,3,0.9653963372,0.1357308119,5,0
76,224,011100000,3,0.9408536591,0.1201759358,83,0
76,168,010101000,3,0.9556402303,0.1283902619,16,0
76,161,010100001,3,0.926981708,0.1333965359,140,0
76,392,110001000,3,0.9653963372,0.1357308119,3,0
76,230,011100110,5,0.9544207174,0.2009842331,110,0
76,452,111000100,4,0.9608231634,0.1636474896,42,0
76,353,101100001,4,0.9532012139,0.1389175798,77,0
76,396,110001100,4,0.9617377967,0.18006679,37,0
76,72,001001000,2,0.9495426752,0.1139507112,10,0
76,392,110001000,3,0.9653963372,0.1357308119,4,0
76,237,011101101,6,0.9591463376,0.2640092028,143,0
76,272,100010000,2,0.9314024411,0.09646097757,71,0
76,165,010100101,4,0.9425304867,0.182659965,116,0
76,257,100000001,2,0.8830792718,0.09909134312,159,0
76,172,010101100,4,0.9548780415,0.1772159359,66,0
76,358,101100110,5,0.9629573151,0.1768365032,84,0
76,462,111001110,6,0.9695121981,0.2274610037,99,0
76,297,100101001,4,0.9582317006,0.1647070954,51,0
76,1,000000001,1,0.7878048848,0.08813527925,161,0
76,380,101111100,6,0.9635670688,0.2217264464,126,0
76,159,010011111,6,0.9618902393,0.2912165942,130,0
76,290,100100010,3,0.9499999899,0.1336969913,39,0
76,175,010101111,6,0.9585365672,0.2318464871,144,0
76,89,001011001,4,0.958079258,0.2149465061,53,0
76,128,010000000,1,0.9323170781,0.08404751134,20,0
76,155,010011011,5,0.9644817039,0.2534072064,75,0
76,403,110010011,5,0.9471036531,0.1901693111,145,0
76,446,110111110,7,0.9637195077,0.2505255626,151,0
76,396,110001100,4,0.9617377967,0.18006679,38,0
76,150,010010110,4,0.9428353608,0.4122778447,113,0
76,427,110101011,6,0.9629573077,0.1781795989,128,0
76,435,110110011,6,0.9568597432,0.2100424496,147,0
76,389,110000101,4,0.9562499914,0.1904697402,61,0
76,443,110111011,7,0.9624999985,0.2361019221,154,0
76,424,110101000,4,0.9621951189,0.151591171,32,0
76,388,110000100,3,0.9559451118,0.1492509923,15,0
76,165,010100101,4,0.9425304867,0.182659965,117,0
76,327,101000111,5,0.9611280449,0.1737721614,92,0
76,230,011100110,5,0.9544207174,0.2009842331,109,0
76,169,010101001,4,0.9554877914,0.1521936124,65,0
76,504,111111000,6,0.9646341465,0.2548272442,119,0
76,232,011101000,4,0.9621951152,0.2219230887,34,0
76,153,010011001,4,0.955487797,0.2314127795,64,0
76,370,101110010,5,0.9585365802,0.1784977219,98,0
76,239,011101111,7,0.9621951133,0.2638499523,155,0
76,352,101100000,3,0.9518292565,0.1353251534,26,0
76,397,110001101,5,0.9626524374,0.1984722707,87,0
76,98,001100010,3,0.9480182808,0.1166399249,46,0
76,483,111100011,6,0.9574695099,0.1675422555,146,0
76,494,111101110,7,0.963262191,0.2477963772,153,0
76,361,101101001,5,0.9644817058,0.176816938,74,0
76,70,001000110,3,0.9445121922,0.1709114732,63,0
76,362,101101010,5,0.9624999966,0.1689127102,88,0
76,292,100100100,3,0.9576219451,0.1772560109,12,0
76,477,111011101,7,0.9663109761,0.245831884,149,0
76,159,010011111,6,0.9618902393,0.2912165942,131,0
76,75,001001011,4,0.9623475578,0.1703412908,29,0
76,468,111010100,5,0.96204268,0.1961445869,91,0
76,46,000101110,4,0.9539634064,0.1775657085,70,0
76,388,110000100,3,0.9559451118,0.1492509923,14,0
76,360,101101000,4,0.9634146318,0.168340771,23,0
76,232,011101000,4,0.9621951152,0.2219230887,35,0
76,378,101111010,6,0.964786578,0.2308151182,115,0
76,437,110110101,6,0.9524390157,0.2554515093,152,0
77,312,100111000,4,0.9676829297,0.1558179194,16,0
77,169,010101001,4,0.9554877914,0.1521936124,67,0
77,129,010000001,2,0.9335365873,0.1010586498,65,0
77,4,000000100,1,0.9094512276,0.06868225115,115,0
77,268,100001100,3,0.9647865798,0.1379161642,8,0
77,398,110001110,5,0.9652439002,0.184927925,75,0
77,328,101001000,3,0.9661585353,0.1314932012,6,0
77,295,100100111,5,0.9528963305,0.1877222597,121,0
77,449,111000001,4,0.9550304785,0.2016363414,69,0
77,201,011001001,4,0.9567073155,0.1810487332,61,0
77,147,010010011,4,0.9367378037,0.1958240762,134,0
77,150,010010110,4,0.9428353608,0.4122778447,114,0
77,459,111001011,6,0.9693597592,0.1673336257,95,0
77,9,000001001,2,0.9167682994,0.1331997535,129,0
77,97,001100001,3,0.9439024366,0.1496965196,70,0
77,330,101001010,4,0.9649390206,0.1500430945,27,0
77,186,010111010,5,0.9589938968,0.2682068814,92,0
77,3,000000011,2,0.893902434,0.1188580212,157,0
77,359,101100111,6,0.9612804819,0.1891228305,128,0
77,20,000010100,2,0.916006105,0.1150037684,130,0
77,243,011110011,6,0.9530487731,0.2716712286,147,0
77,476,111011100,6,0.9672256112,0.2396430206,107,0
77,318,100111110,6,0.9657012206,0.1994900974,112,0
77,46,000101110,4,0.9539634064,0.1775657085,76,0
77,260,100000100,2,0.9440548718,0.2004308952,20,0
77,450,111000010,4,0.9554877952,0.1262044164,66,0
77,212,011010100,4,0.952439012,0.2385208402,84,0
77,140,010001100,3,0.9544207212,0.1939722262,24,0
77,154,010011010,4,0.9570121877,0.2396545438,60,0
77,62,000111110,5,0.9538109656,0.2270585177,116,0
77,15,000001111,4,0.9467987716,0.2596095148,99,0
77,322,101000010,3,0.9539634027,0.1114213858,26,0
77,162,010100010,3,0.9460365772,0.1228090909,59,0
77,406,110010110,5,0.9480182827,0.218691871,132,0
77,380,101111100,6,0.9635670688,0.2217264464,124,0
77,441,110111001,6,0.9644817077,0.2243005,118,0
77,78,001001110,4,0.9573170636,0.2032758179,55,0
77,172,010101100,4,0.9548780415,0.1772159359,71,0
77,414,110011110,6,0.9637195077,0.2462959136,123,0
77,417,110100001,4,0.9451219458,0.1674812513,106,0
77,199,011000111,5,0.9521341417,0.2270386657,125,0
77,394,110001010,4,0.9682926834,0.1485241046,15,0
77,108,001101100,4,0.9585365746,0.1886128322,48,0
77,71,001000111,4,0.9454268254,0.1695544343,102,0
77,266,100001010,3,0.9663109817,0.1359270001,5,0
77,453,111000101,5,0.9580792617,0.16819228,96,0
77,40,000101000,2,0.9376524407,0.09235404083,43,0
77,386,110000010,3,0.9515243825,0.1274834615,31,0
77,124,001111100,5,0.9573170636,0.2322485391,101,0
77,170,010101010,4,0.9583841376,0.1237906108,50,0
77,137,010001001,3,0.9589938968,0.1376599907,13,0
77,15,000001111,4,0.9467987716,0.2596095148,98,0
77,198,011000110,4,0.9498475567,0.191795771,89,0
77,318,100111110,6,0.9657012206,0.1994900974,111,0
77,408,110011000,4,0.958231695,0.2197342259,51,0
77,371,101110011,6,0.9557926711,0.1782466671,141,0
77,193,011000001,3,0.9471036512,0.1576919009,53,0
77,408,110011000,4,0.958231695,0.2197342259,52,0
77,132,010000100,2,0.9396341462,0.1636577162,36,0
77,490,111101010,6,0.9657012131,0.1730029145,113,0
77,47,000101111,5,0.9513719473,0.1973781134,126,0
77,449,111000001,4,0.9550304785,0.2016363414,68,0
77,51,000110011,4,0.926524397,0.1556108566,151,0
77,225,011100001,4,0.9452743847,0.1662776889,104,0
77,319,100111111,7,0.9637195077,0.3759361217,148,0
77,416,110100000,3,0.9510670714,0.1087195657,35,0
77,356,101100100,4,0.9591463339,0.1657813322,45,0
77,136,010001000,2,0.9556402415,0.08872172865,0,0
77,136,010001000,2,0.9556402415,0.08872172865,0,0
77,8,000001000,1,0.9012195114,0.0953759877,139,0
77,59,000111011,5,0.9528963305,0.1926716072,120,0
77,393,110001001,4,0.9617377985,0.1536827425,37,0
77,1,000000001,1,0.7878048848,0.08813527925,161,0
77,249,011111001,6,0.958993895,0.3032088177,133,0
77,141,010001101,4,0.9608231671,0.193762437,42,0
77,37,000100101,3,0.9213414732,0.1178390123,142,0
77,495,111101111,8,0.9658536594,0.22599763,153,0
77,284,100011100,4,0.9644817002,0.1660791668,29,0
77,410,110011010,5,0.9644817039,0.2193003995,79,0
77,327,101000111,5,0.9611280449,0.1737721614,88,0
77,140,010001100,3,0.9544207212,0.1939722262,23,0
77,476,111011100,6,0.9672256112,0.2396430206,108,0
77,65,001000001,2,0.9350609761,0.1252497334,58,0
77,78,001001110,4,0.9573170636,0.2032758179,56,0
77,499,111110011,7,0.9548780415,0.2065643724,152,0
77,204,011001100,4,0.9535060935,0.2112389025,78,0
77,181,010110101,5,0.9463414587,0.2437225715,137,0
77,141,010001101,4,0.9608231671,0.193762437,41,0
77,506,111111010,7,0.9606707208,0.2898382405,150,0
77,500,111110100,6,0.9571646266,0.210213976,138,0
77,63,000111111,6,0.9544207286,0.2803421966,143,0
77,400,110010000,3,0.9547256026,0.1810064591,21,0
77,128,010000000,1,0.9323170781,0.08404751134,22,0
77,384,110000000,2,0.942378046,0.1023272595,28,0
77,133,010000101,3,0.9432926811,0.1673714092,74,0
77,25,000011001,3,0.9463414568,0.1495797473,54,0
77,396,110001100,4,0.9617377967,0.18006679,38,0
77,335,101001111,6,0.9673780575,0.2185122878,105,0
77,151,010010111,5,0.9432926774,0.2769849757,145,0
77,82,001010010,3,0.9452743866,0.1904831256,63,0
77,78,001001110,4,0.9573170636,0.2032758179,57,0
77,47,000101111,5,0.9513719473,0.1973781134,127,0
77,3,000000011,2,0.893902434,0.1188580212,156,0
77,63,000111111,6,0.9544207286,0.2803421966,144,0
77,158,010011110,5,0.9586890191,0.2851446816,94,0
77,16,000010000,1,0.8800304849,0.0962131978,159,0
77,16,000010000,1,0.8800304849,0.0962131978,158,0
77,255,011111111,8,0.9632621948,0.4130405989,154,0
77,278,100010110,4,0.9477134068,0.1614845553,93,0
77,367,101101111,7,0.9689024445,0.2136532324,135,0
77,266,100001010,3,0.9663109817,0.1359270001,4,0
77,190,010111110,6,0.9559451174,0.3044974832,140,0
77,332,101001100,4,0.9624999929,0.1707430179,32,0
77,72,001001000,2,0.9495426752,0.1139507112,11,0
77,105,001101001,4,0.9583841395,0.1598443775,49,0
77,456,111001000,4,0.9663109723,0.1493365318,19,0
77,366,101101110,6,0.9675304852,0.2001497867,103,0
77,3,000000011,2,0.893902434,0.1188580212,155,0
77,354,101100010,4,0.9609756079,0.1522667618,39,0
77,133,010000101,3,0.9432926811,0.1673714092,73,0
77,80,001010000,2,0.9368902445,0.1682704333,47,0
77,304,100110000,3,0.9338414669,0.1354449289,109,0
77,413,110011101,6,0.9644817039,0.2295870977,119,0
77,64,001000000,1,0.9262195174,0.09079117677,44,0
77,116,001110100,4,0.9464938957,0.2140967343,100,0
77,129,010000001,2,0.9335365873,0.1010586498,64,0
77,155,010011011,5,0.9644817039,0.2534072064,80,0
77,75,001001011,4,0.9623475578,0.1703412908,33,0
77,80,001010000,2,0.9368902445,0.1682704333,46,0
77,141,010001101,4,0.9608231671,0.193762437,40,0
77,200,011001000,3,0.955487797,0.1316828153,17,0
77,72,001001000,2,0.9495426752,0.1139507112,10,0
77,195,011000011,4,0.9493902363,0.1929078563,91,0
77,56,000111000,3,0.9454268273,0.1453281161,62,0
77,458,111001010,5,0.9644817039,0.1614640043,81,0
77,24,000011000,2,0.9400914628,0.1224767463,34,0
77,329,101001001,4,0.9663109742,0.1626024148,18,0
77,284,100011100,4,0.9644817002,0.1660791668,30,0
77,268,100001100,3,0.9647865798,0.1379161642,9,0
77,256,100000000,1,0.8653963432,0.05144251033,160,0
77,236,011101100,5,0.9617378004,0.2343629976,87,0
77,136,010001000,2,0.9556402415,0.08872172865,0,0
77,272,100010000,2,0.9314024411,0.09646097757,77,0
77,266,100001010,3,0.9663109817,0.1359270001,3,0
77,224,011100000,3,0.9408536591,0.1201759358,85,0
77,165,010100101,4,0.9425304867,0.182659965,117,0
77,44,000101100,3,0.9384146333,0.1604029066,90,0
77,145,010010001,3,0.943597557,0.1669537378,72,0
77,148,010010100,3,0.9419207256,0.2030755011,82,0
77,275,100010011,4,0.9417682886,0.1271214618,122,0
77,171,010101011,5,0.961890243,0.1561283367,86,0
77,95,001011111,6,0.9603658505,0.4629407227,131,0
77,296,100101000,3,0.9603658449,0.1424966599,12,0
77,288,100100000,2,0.9224085417,0.09756062739,110,0
77,181,010110101,5,0.9463414587,0.2437225715,136,0
77,494,111101110,7,0.963262191,0.2477963772,149,0
77,67,001000011,3,0.9541158434,0.1536063617,25,0
77,122,001111010,5,0.9635670725,0.3054453623,83,0
77,151,010010111,5,0.9432926774,0.2769849757,146,0
77,347,101011011,6,0.9690548796,0.1985359336,97,0
77,68,001000100,2,0.947560966,0.2287352863,14,0
77,328,101001000,3,0.9661585353,0.1314932012,7,0
78,451,111000011,5,0.9550304729,0.1685197698,124,0
78,207,011001111,6,0.9615853634,0.2859955677,141,0
78,104,001101000,3,0.9568597451,0.1185564424,12,0
78,510,111111110,8,0.9663109742,0.2578454181,154,0
78,378,101111010,6,0.964786578,0.2308151182,130,0
78,209,011010001,4,0.9481707271,0.2154377233,115,0
78,411,110011011,6,0.9638719447,0.23684128,134,0
78,16,000010000,1,0.8800304849,0.0962131978,157,0
78,62,000111110,5,0.9538109656,0.2270585177,129,0
78,56,000111000,3,0.9454268273,0.1453281161,66,0
78,300,100101100,4,0.9623475503,0.1672059349,27,0
78,105,001101001,4,0.9583841395,0.1598443775,53,0
78,230,011100110,5,0.9544207174,0.2009842331,128,0
78,388,110000100,3,0.9559451118,0.1492509923,13,0
78,204,011001100,4,0.9535060935,0.2112389025,89,0
78,120,001111000,4,0.9544207193,0.2454422717,80,0
78,329,101001001,4,0.9663109742,0.1626024148,14,0
78,432,110110000,4,0.9525914509,0.190835604,99,0
78,136,010001000,2,0.9556402415,0.08872172865,0,0
78,107,001101011,5,0.9643292632,0.1645711297,95,0
78,270,100001110,4,0.9641768225,0.171474142,18,0
78,144,010010000,2,0.9355182927,0.1628878268,59,0
78,193,011000001,3,0.9471036512,0.1576919009,56,0
78,387,110000011,4,0.9507621918,0.175960077,105,0
78,121,001111001,5,0.9562499933,0.3466811553,120,0
78,61,000111101,5,0.9515243843,0.1722416603,139,0
78,425,110101001,5,0.9621951208,0.1687642131,104,0
78,179,010110011,5,0.9410060942,0.2424715101,150,0
78,236,011101100,5,0.9617378004,0.2343629976,106,0
78,129,010000001,2,0.9335365873,0.1010586498,70,0
78,129,010000001,2,0.9335365873,0.1010586498,71,0
78,232,011101000,4,0.9621951152,0.2219230887,32,0
78,281,100011001,4,0.9638719484,0.1484918948,21,0
78,40,000101000,2,0.9376524407,0.09235404083,43,0
78,390,110000110,4,0.9560975488,0.160214691,69,0
78,2,000000010,1,0.8757621963,0.0863469597,159,0
78,177,010110001,4,0.9394817054,0.2004012102,140,0
78,403,110010011,5,0.9471036531,0.1901693111,145,0
78,37,000100101,3,0.9213414732,0.1178390123,147,0
78,138,010001010,3,0.9580792598,0.1175190397,10,0
78,344,101011000,4,0.964634141,0.194875374,17,0
78,281,100011001,4,0.9638719484,0.1484918948,20,0
78,414,110011110,6,0.9637195077,0.2462959136,136,0
78,490,111101010,6,0.9657012131,0.1730029145,126,0
78,341,101010101,5,0.9649390262,0.1703384123,86,0
78,58,000111010,4,0.9541158453,0.1998991431,82,0
78,449,111000001,4,0.9550304785,0.2016363414,77,0
78,61,000111101,5,0.9515243843,0.1722416603,138,0
78,143,010001111,5,0.9640243854,0.2269113725,96,0
78,9,000001001,2,0.9167682994,0.1331997535,143,0
78,426,110101010,5,0.965548778,0.1652380908,79,0
78,152,010011000,3,0.9513719399,0.2329935927,26,0
78,169,010101001,4,0.9554877914,0.1521936124,75,0
78,73,001001001,3,0.953048775,0.1462754204,19,0
78,96,001100000,2,0.9330792725,0.09982250445,76,0
78,70,001000110,3,0.9445121922,0.1709114732,72,0
78,440,110111000,5,0.9647865817,0.2230814546,87,0
78,40,000101000,2,0.9376524407,0.09235404083,44,0
78,30,000011110,4,0.9535060879,0.1916021421,90,0
78,25,000011001,3,0.9463414568,0.1495797473,60,0
78,152,010011000,3,0.9513719399,0.2329935927,25,0
78,204,011001100,4,0.9535060935,0.2112389025,88,0
78,72,001001000,2,0.9495426752,0.1139507112,9,0
78,394,110001010,4,0.9682926834,0.1485241046,11,0
78,192,011000000,2,0.9504573103,0.1211086311,5,0
78,78,001001110,4,0.9573170636,0.2032758179,61,0
78,153,010011001,4,0.955487797,0.2314127795,73,0
78,121,001111001,5,0.9562499933,0.3466811553,121,0
78,291,100100011,4,0.9493902382,0.206504555,112,0
78,391,110000111,5,0.9551829174,0.1890920834,122,0
78,64,001000000,1,0.9262195174,0.09079117677,47,0
78,192,011000000,2,0.9504573103,0.1211086311,4,0
78,472,111011000,5,0.9638719503,0.2441837927,98,0
78,14,000001110,3,0.9452743828,0.2012516796,67,0
78,352,101100000,3,0.9518292565,0.1353251534,23,0
78,24,000011000,2,0.9400914628,0.1224767463,29,0
78,136,010001000,2,0.9556402415,0.08872172865,0,0
78,431,110101111,7,0.9658536613,0.2059036302,146,0
78,141,010001101,4,0.9608231671,0.193762437,42,0
78,132,010000100,2,0.9396341462,0.1636577162,35,0
78,336,101010000,3,0.9498475567,0.1365595176,41,0
78,43,000101011,4,0.9513719436,0.1703410912,102,0
78,510,111111110,8,0.9663109742,0.2578454181,155,0
78,184,010111000,4,0.9567073099,0.2421766864,65,0
78,156,010011100,4,0.9596036505,0.2749188193,45,0
78,106,001101010,4,0.9589938987,0.1349909608,50,0
78,136,010001000,2,0.9556402415,0.08872172865,0,0
78,64,001000000,1,0.9262195174,0.09079117677,46,0
78,65,001000001,2,0.9350609761,0.1252497334,62,0
78,397,110001101,5,0.9626524374,0.1984722707,101,0
78,72,001001000,2,0.9495426752,0.1139507112,8,0
78,110,001101110,5,0.9606707301,0.2040525535,110,0
78,220,011011100,5,0.9589938931,0.2710625273,116,0
78,155,010011011,5,0.9644817039,0.2534072064,93,0
78,504,111111000,6,0.9646341465,0.2548272442,132,0
78,202,011001010,4,0.9612804782,0.149196442,40,0
78,226,011100010,4,0.9487804808,0.1625480801,113,0
78,170,010101010,4,0.9583841376,0.1237906108,54,0
78,232,011101000,4,0.9621951152,0.2219230887,31,0
78,416,110100000,3,0.9510670714,0.1087195657,33,0
78,105,001101001,4,0.9583841395,0.1598443775,52,0
78,408,110011000,4,0.958231695,0.2197342259,55,0
78,232,011101000,4,0.9621951152,0.2219230887,30,0
78,72,001001000,2,0.9495426752,0.1139507112,7,0
78,99,001100011,4,0.9495426733,0.1583316922,111,0
78,456,111001000,4,0.9663109723,0.1493365318,15,0
78,396,110001100,4,0.9617377967,0.18006679,37,0
78,264,100001000,2,0.9495426789,0.1157485445,6,0
78,161,010100001,3,0.926981708,0.1333965359,144,0
78,128,010000000,1,0.9323170781,0.08404751134,16,0
78,45,000101101,4,0.9461890161,0.1590515091,119,0
78,257,100000001,2,0.8830792718,0.09909134312,160,0
78,184,010111000,4,0.9567073099,0.2421766864,64,0
78,422,110100110,5,0.9547256045,0.1711755372,125,0
78,460,111001100,5,0.9623475634,0.1988814175,103,0
78,63,000111111,6,0.9544207286,0.2803421966,148,0
78,257,100000001,2,0.8830792718,0.09909134312,161,0
78,372,101110100,5,0.9644817002,0.1726493784,94,0
78,157,010011101,5,0.9608231653,0.2573634591,109,0
78,142,010001110,4,0.9562499933,0.2010135157,68,0
78,143,010001111,5,0.9640243854,0.2269113725,97,0
78,201,011001001,4,0.9567073155,0.1810487332,63,0
78,418,110100010,4,0.9541158434,0.1336211525,85,0
78,139,010001011,4,0.9586890135,0.1512846262,51,0
78,265,100001001,3,0.9512195047,0.1273183418,28,0
78,414,110011110,6,0.9637195077,0.2462959136,135,0
78,133,010000101,3,0.9432926811,0.1673714092,81,0
78,144,010010000,2,0.9355182927,0.1628878268,58,0
78,427,110101011,6,0.9629573077,0.1781795989,137,0
78,418,110100010,4,0.9541158434,0.1336211525,83,0
78,261,100000101,3,0.9481707271,0.1661854191,48,0
78,179,010110011,5,0.9410060942,0.2424715101,151,0
78,252,011111100,6,0.964176828,0.316163627,133,0
78,262,100000110,3,0.9503048733,0.1506545902,39,0
78,165,010100101,4,0.9425304867,0.182659965,131,0
78,196,011000100,3,0.9515243825,0.1577226631,24,0
78,230,011100110,5,0.9544207174,0.2009842331,127,0
78,169,010101001,4,0.9554877914,0.1521936124,74,0
78,157,010011101,5,0.9608231653,0.2573634591,108,0
78,100,001100100,3,0.9481707253,0.1504776806,49,0
78,144,010010000,2,0.9355182927,0.1628878268,57,0
78,86,001010110,4,0.9498475529,0.2009678534,107,0
78,495,111101111,8,0.9658536594,0.22599763,156,0
78,224,011100000,3,0.9408536591,0.1201759358,100,0
78,393,110001001,4,0.9617377985,0.1536827425,36,0
78,2,000000010,1,0.8757621963,0.0863469597,158,0
78,451,111000011,5,0.9550304729,0.1685197698,123,0
78,418,110100010,4,0.9541158434,0.1336211525,84,0
78,361,101101001,5,0.9644817058,0.176816938,92,0
78,172,010101100,4,0.9548780415,0.1772159359,78,0
78,462,111001110,6,0.9695121981,0.2274610037,117,0
78,416,110100000,3,0.9510670714,0.1087195657,34,0
78,207,011001111,6,0.9615853634,0.2859955677,142,0
78,443,110111011,7,0.9624999985,0.2361019221,152,0
78,66,001000010,2,0.9518292602,0.09929567995,3,0
78,30,000011110,4,0.9535060879,0.1916021421,91,0
78,494,111101110,7,0.963262191,0.2477963772,149,0
78,396,110001100,4,0.9617377967,0.18006679,38,0
78,360,101101000,4,0.9634146318,0.168340771,22,0
78,226,011100010,4,0.9487804808,0.1625480801,114,0
78,506,111111010,7,0.9606707208,0.2898382405,153,0
78,13,000001101,3,0.9356707335,0.3014179626,118,0
79,380,101111100,6,0.9635670688,0.2217264464,126,0
79,160,010100000,2,0.9399390239,0.09322097432,39,0
79,259,100000011,3,0.9335365873,0.1357063192,118,0
79,128,010000000,1,0.9323170781,0.08404751134,22,0
79,388,110000100,3,0.9559451118,0.1492509923,12,0
79,286,100011110,5,0.9696646333,0.1719646058,50,0
79,136,010001000,2,0.9556402415,0.08872172865,0,0
79,503,111110111,8,0.9562499896,0.2269489216,156,0
79,129,010000001,2,0.9335365873,0.1010586498,69,0
79,201,011001001,4,0.9567073155,0.1810487332,62,0
79,211,011010011,5,0.9449695051,0.2340317885,140,0
79,150,010010110,4,0.9428353608,0.4122778447,121,0
79,489,111101001,6,0.9646341447,0.1878299923,124,0
79,65,001000001,2,0.9350609761,0.1252497334,57,0
79,33,000100001,2,0.8849085364,0.1405141028,158,0
79,423,110100111,6,0.9544207193,0.1782295462,142,0
79,344,101011000,4,0.964634141,0.194875374,27,0
79,71,001000111,4,0.9454268254,0.1695544343,111,0
79,263,100000111,4,0.9487804864,0.1450051651,101,0
79,212,011010100,4,0.952439012,0.2385208402,87,0
79,113,001110001,4,0.9504573084,0.1746187271,94,0
79,460,111001100,5,0.9623475634,0.1988814175,90,0
79,170,010101010,4,0.9583841376,0.1237906108,55,0
79,108,001101100,4,0.9585365746,0.1886128322,52,0
79,320,101000000,2,0.9503048677,0.1123269997,6,0
79,394,110001010,4,0.9682926834,0.1485241046,11,0
79,212,011010100,4,0.952439012,0.2385208402,86,0
79,142,010001110,4,0.9562499933,0.2010135157,66,0
79,10,000001010,2,0.9445121922,0.1083079919,16,0
79,62,000111110,5,0.9538109656,0.2270585177,122,0
79,15,000001111,4,0.9467987716,0.2596095148,109,0
79,338,101010010,4,0.9530487694,0.1827030429,82,0
79,166,010100110,4,0.9381097537,0.1851869859,133,0
79,142,010001110,4,0.9562499933,0.2010135157,67,0
79,249,011111001,6,0.958993895,0.3032088177,136,0
79,249,011111001,6,0.958993895,0.3032088177,137,0
79,71,001000111,4,0.9454268254,0.1695544343,112,0
79,172,010101100,4,0.9548780415,0.1772159359,76,0
79,414,110011110,6,0.9637195077,0.2462959136,125,0
79,225,011100001,4,0.9452743847,0.1662776889,113,0
79,143,010001111,5,0.9640243854,0.2269113725,83,0
79,138,010001010,3,0.9580792598,0.1175190397,9,0
79,9,000001001,2,0.9167682994,0.1331997535,131,0
79,133,010000101,3,0.9432926811,0.1673714092,77,0
79,10,000001010,2,0.9445121922,0.1083079919,15,0
79,452,111000100,4,0.9608231634,0.1636474896,47,0
79,40,000101000,2,0.9376524407,0.09235404083,49,0
79,322,101000010,3,0.9539634027,0.1114213858,25,0
79,48,000110000,2,0.9140243977,0.09490588191,138,0
79,170,010101010,4,0.9583841376,0.1237906108,54,0
79,73,001001001,3,0.953048775,0.1462754204,30,0
79,269,100001101,4,0.963262191,0.1545369336,33,0
79,454,111000110,5,0.960975606,0.1631978797,95,0
79,444,110111100,6,0.964786578,0.2217209716,123,0
79,184,010111000,4,0.9567073099,0.2421766864,63,0
79,507,111111011,8,0.9617377967,0.2683291459,153,0
79,1,000000001,1,0.7878048848,0.08813527925,161,0
79,408,110011000,4,0.958231695,0.2197342259,56,0
79,260,100000100,2,0.9440548718,0.2004308952,20,0
79,486,111100110,6,0.9629573114,0.1877477956,128,0
79,303,100101111,6,0.9673780538,0.2067371374,117,0
79,67,001000011,3,0.9541158434,0.1536063617,24,0
79,439,110110111,7,0.9557926748,0.2348899278,148,0
79,385,110000001,3,0.9457317069,0.1523044817,60,0
79,319,100111111,7,0.9637195077,0.3759361217,145,0
79,161,010100001,3,0.926981708,0.1333965359,134,0
79,70,001000110,3,0.9445121922,0.1709114732,70,0
79,152,010011000,3,0.9513719399,0.2329935927,38,0
79,152,010011000,3,0.9513719399,0.2329935927,37,0
79,8,000001000,1,0.9012195114,0.0953759877,139,0
79,159,010011111,6,0.9618902393,0.2912165942,130,0
79,425,110101001,5,0.9621951208,0.1687642131,91,0
79,1,000000001,1,0.7878048848,0.08813527925,160,0
79,505,111111001,7,0.9647865836,0.259944424,143,0
79,137,010001001,3,0.9589938968,0.1376599907,7,0
79,231,011100111,6,0.9519817065,0.2285920731,146,0
79,495,111101111,8,0.9658536594,0.22599763,151,0
79,12,000001100,2,0.9342987817,0.1145905149,64,0
79,86,001010110,4,0.9498475529,0.2009678534,96,0
79,298,100101010,4,0.9635670781,0.1536765499,32,0
79,172,010101100,4,0.9548780415,0.1772159359,75,0
79,220,011011100,5,0.9589938931,0.2710625273,104,0
79,385,110000001,3,0.9457317069,0.1523044817,59,0
79,271,100001111,5,0.9682926834,0.1738470579,58,0
79,499,111110011,7,0.9548780415,0.2065643724,150,0
79,140,010001100,3,0.9544207212,0.1939722262,23,0
79,176,010110000,3,0.9341463428,0.2078121302,116,0
79,105,001101001,4,0.9583841395,0.1598443775,53,0
79,442,110111010,6,0.9629573133,0.2662793156,127,0
79,370,101110010,5,0.9585365802,0.1784977219,107,0
79,431,110101111,7,0.9658536613,0.2059036302,141,0
79,409,110011001,5,0.9621951114,0.2163874777,92,0
79,256,100000000,1,0.8653963432,0.05144251033,159,0
79,456,111001000,4,0.9663109723,0.1493365318,19,0
79,137,010001001,3,0.9589938968,0.1376599907,8,0
79,3,000000011,2,0.893902434,0.1188580212,154,0
79,268,100001100,3,0.9647865798,0.1379161642,5,0
79,333,101001101,5,0.9678353649,0.1775467619,61,0
79,407,110010111,6,0.9516768251,0.3759041177,147,0
79,336,101010000,3,0.9498475567,0.1365595176,43,0
79,2,000000010,1,0.8757621963,0.0863469597,157,0
79,47,000101111,5,0.9513719473,0.1973781134,129,0
79,221,011011101,6,0.9602134116,0.300388671,135,0
79,447,110111111,8,0.9663109742,0.2420711997,149,0
79,428,110101100,5,0.9626524337,0.1925693848,88,0
79,136,010001000,2,0.9556402415,0.08872172865,0,0
79,344,101011000,4,0.964634141,0.194875374,26,0
79,255,011111111,8,0.9632621948,0.4130405989,152,0
79,474,111011010,6,0.9687500075,0.2528586062,110,0
79,364,101101100,5,0.9696646333,0.1734690042,51,0
79,138,010001010,3,0.9580792598,0.1175190397,10,0
79,158,010011110,5,0.9586890191,0.2851446816,106,0
79,332,101001100,4,0.9624999929,0.1707430179,34,0
79,392,110001000,3,0.9653963372,0.1357308119,4,0
79,163,010100011,4,0.9469512142,0.1452375506,108,0
79,448,111000000,3,0.9498475511,0.1094583822,45,0
79,238,011101110,6,0.9606707245,0.2395493905,132,0
79,475,111011011,7,0.964176828,0.2418077742,144,0
79,362,101101010,5,0.9624999966,0.1689127102,89,0
79,225,011100001,4,0.9452743847,0.1662776889,114,0
79,432,110110000,4,0.9525914509,0.190835604,85,0
79,176,010110000,3,0.9341463428,0.2078121302,115,0
79,133,010000101,3,0.9432926811,0.1673714092,78,0
79,83,001010011,4,0.9489329197,0.2551624496,100,0
79,400,110010000,3,0.9547256026,0.1810064591,21,0
79,129,010000001,2,0.9335365873,0.1010586498,68,0
79,410,110011010,5,0.9644817039,0.2193003995,81,0
79,73,001001001,3,0.953048775,0.1462754204,28,0
79,336,101010000,3,0.9498475567,0.1365595176,44,0
79,141,010001101,4,0.9608231671,0.193762437,46,0
79,200,011001000,3,0.955487797,0.1316828153,18,0
79,328,101001000,3,0.9661585353,0.1314932012,3,0
79,267,100001011,4,0.9620426763,0.1646921253,41,0
79,58,000111010,4,0.9541158453,0.1998991431,80,0
79,200,011001000,3,0.955487797,0.1316828153,17,0
79,266,100001010,3,0.9663109817,0.1359270001,2,0
79,449,111000001,4,0.9550304785,0.2016363414,74,0
79,348,101011100,5,0.9661585353,0.1913031316,73,0
79,73,001001001,3,0.953048775,0.1462754204,29,0
79,168,010101000,3,0.9556402303,0.1283902619,14,0
79,236,011101100,5,0.9617378004,0.2343629976,93,0
79,168,010101000,3,0.9556402303,0.1283902619,13,0
79,16,000010000,1,0.8800304849,0.0962131978,155,0
79,398,110001110,5,0.9652439002,0.184927925,79,0
79,160,010100000,2,0.9399390239,0.09322097432,40,0
79,169,010101001,4,0.9554877914,0.1521936124,72,0
79,44,000101100,3,0.9384146333,0.1604029066,98,0
79,209,011010001,4,0.9481707271,0.2154377233,102,0
79,276,100010100,3,0.9513719417,0.1391151226,36,0
79,457,111001001,5,0.960213406,0.1580275986,99,0
79,169,010101001,4,0.9554877914,0.1521936124,71,0
79,218,011011010,5,0.958841458,0.2987742741,105,0
79,40,000101000,2,0.9376524407,0.09235404083,48,0
79,332,101001100,4,0.9624999929,0.1707430179,35,0
79,157,010011101,5,0.9608231653,0.2573634591,97,0
79,288,100100000,2,0.9224085417,0.09756062739,119,0
79,203,011001011,5,0.959146332,0.1784309237,103,0
79,82,001010010,3,0.9452743866,0.1904831256,65,0
79,150,010010110,4,0.9428353608,0.4122778447,120,0
79,281,100011001,4,0.9638719484,0.1484918948,31,0
79,132,010000100,2,0.9396341462,0.1636577162,42,0
79,432,110110000,4,0.9525914509,0.190835604,84,0
80,1,000000001,1,0.7878048848,0.08813527925,161,0
80,191,010111111,7,0.963719504,0.2866767156,152,0
80,490,111101010,6,0.9657012131,0.1730029145,127,0
80,508,111111100,7,0.9685975611,0.267471821,145,0
80,382,101111110,7,0.9690548796,0.2183860508,144,0
80,192,011000000,2,0.9504573103,0.1211086311,5,0
80,155,010011011,5,0.9644817039,0.2534072064,89,0
80,456,111001000,4,0.9663109723,0.1493365318,24,0
80,62,000111110,5,0.9538109656,0.2270585177,128,0
80,304,100110000,3,0.9338414669,0.1354449289,123,0
80,270,100001110,4,0.9641768225,0.171474142,31,0
80,105,001101001,4,0.9583841395,0.1598443775,60,0
80,78,001001110,4,0.9573170636,0.2032758179,66,0
80,388,110000100,3,0.9559451118,0.1492509923,15,0
80,132,010000100,2,0.9396341462,0.1636577162,44,0
80,84,001010100,3,0.9432926793,0.1912370785,86,0
80,427,110101011,6,0.9629573077,0.1781795989,131,0
80,392,110001000,3,0.9653963372,0.1357308119,3,0
80,232,011101000,4,0.9621951152,0.2219230887,40,0
80,425,110101001,5,0.9621951208,0.1687642131,101,0
80,142,010001110,4,0.9562499933,0.2010135157,74,0
80,144,010010000,2,0.9355182927,0.1628878268,64,0
80,321,101000001,3,0.953048775,0.1407439543,32,0
80,129,010000001,2,0.9335365873,0.1010586498,78,0
80,57,000111001,4,0.9443597514,0.1744129988,124,0
80,61,000111101,5,0.9515243843,0.1722416603,132,0
80,393,110001001,4,0.9617377985,0.1536827425,45,0
80,225,011100001,4,0.9452743847,0.1662776889,122,0
80,236,011101100,5,0.9617378004,0.2343629976,106,0
80,133,010000101,3,0.9432926811,0.1673714092,85,0
80,128,010000000,1,0.9323170781,0.08404751134,25,0
80,160,010100000,2,0.9399390239,0.09322097432,41,0
80,409,110011001,5,0.9621951114,0.2163874777,102,0
80,273,100010001,3,0.936280489,0.1366260718,116,0
80,130,010000010,2,0.9394817092,0.1096591135,46,0
80,2,000000010,1,0.8757621963,0.0863469597,159,0
80,168,010101000,3,0.9556402303,0.1283902619,17,0
80,409,110011001,5,0.9621951114,0.2163874777,103,0
80,105,001101001,4,0.9583841395,0.1598443775,61,0
80,138,010001010,3,0.9580792598,0.1175190397,10,0
80,80,001010000,2,0.9368902445,0.1682704333,54,0
80,56,000111000,3,0.9454268273,0.1453281161,70,0
80,80,001010000,2,0.9368902445,0.1682704333,53,0
80,42,000101010,3,0.955487797,0.1481546445,22,0
80,389,110000101,4,0.9562499914,0.1904697402,75,0
80,26,000011010,3,0.9474085309,0.166096261,59,0
80,449,111000001,4,0.9550304785,0.2016363414,83,0
80,429,110101101,6,0.9609756004,0.1956794159,138,0
80,9,000001001,2,0.9167682994,0.1331997535,136,0
80,9,000001001,2,0.9167682994,0.1331997535,137,0
80,168,010101000,3,0.9556402303,0.1283902619,16,0
80,394,110001010,4,0.9682926834,0.1485241046,11,0
80,171,010101011,5,0.961890243,0.1561283367,105,0
80,129,010000001,2,0.9335365873,0.1010586498,79,0
80,321,101000001,3,0.953048775,0.1407439543,33,0
80,140,010001100,3,0.9544207212,0.1939722262,26,0
80,481,111100001,5,0.9490853604,0.1667485817,142,0
80,104,001101000,3,0.9568597451,0.1185564424,13,0
80,10,000001010,2,0.9445121922,0.1083079919,20,0
80,25,000011001,3,0.9463414568,0.1495797473,65,0
80,184,010111000,4,0.9567073099,0.2421766864,69,0
80,12,000001100,2,0.9342987817,0.1145905149,71,0
80,76,001001100,3,0.9522865731,0.1880639463,36,0
80,250,011111010,6,0.9603658486,0.2909253226,140,0
80,200,011001000,3,0.955487797,0.1316828153,21,0
80,462,111001110,6,0.9695121981,0.2274610037,117,0
80,409,110011001,5,0.9621951114,0.2163874777,104,0
80,104,001101000,3,0.9568597451,0.1185564424,14,0
80,291,100100011,4,0.9493902382,0.206504555,111,0
80,390,110000110,4,0.9560975488,0.160214691,77,0
80,100,001100100,3,0.9481707253,0.1504776806,52,0
80,480,111100000,4,0.9522865769,0.1520633074,96,0
80,472,111011000,5,0.9638719503,0.2441837927,91,0
80,14,000001110,3,0.9452743828,0.2012516796,73,0
80,464,111010000,4,0.9522865787,0.1902281402,94,0
80,80,001010000,2,0.9368902445,0.1682704333,56,0
80,8,000001000,1,0.9012195114,0.0953759877,147,0
80,427,110101011,6,0.9629573077,0.1781795989,130,0
80,289,100100001,3,0.9368902445,0.1236085924,115,0
80,326,101000110,4,0.9586890172,0.1529696728,58,0
80,464,111010000,4,0.9522865787,0.1902281402,93,0
80,43,000101011,4,0.9513719436,0.1703410912,99,0
80,124,001111100,5,0.9573170636,0.2322485391,119,0
80,185,010111001,5,0.957012184,0.2482354445,120,0
80,140,010001100,3,0.9544207212,0.1939722262,27,0
80,33,000100001,2,0.8849085364,0.1405141028,160,0
80,136,010001000,2,0.9556402415,0.08872172865,0,0
80,138,010001010,3,0.9580792598,0.1175190397,9,0
80,17,000010001,2,0.8894816972,0.1499703776,158,0
80,137,010001001,3,0.9589938968,0.1376599907,7,0
80,12,000001100,2,0.9342987817,0.1145905149,72,0
80,110,001101110,5,0.9606707301,0.2040525535,107,0
80,136,010001000,2,0.9556402415,0.08872172865,0,0
80,23,000010111,4,0.9347560983,0.1537364139,146,0
80,432,110110000,4,0.9525914509,0.190835604,92,0
80,80,001010000,2,0.9368902445,0.1682704333,55,0
80,106,001101010,4,0.9589938987,0.1349909608,57,0
80,232,011101000,4,0.9621951152,0.2219230887,39,0
80,168,010101000,3,0.9556402303,0.1283902619,18,0
80,10,000001010,2,0.9445121922,0.1083079919,19,0
80,169,010101001,4,0.9554877914,0.1521936124,81,0
80,408,110011000,4,0.958231695,0.2197342259,63,0
80,48,000110000,2,0.9140243977,0.09490588191,143,0
80,8,000001000,1,0.9012195114,0.0953759877,148,0
80,227,011100011,5,0.9506097492,0.1793539175,135,0
80,456,111001000,4,0.9663109723,0.1493365318,23,0
80,68,001000100,2,0.947560966,0.2287352863,8,0
80,392,110001000,3,0.9653963372,0.1357308119,4,0
80,65,001000001,2,0.9350609761,0.1252497334,67,0
80,384,110000000,2,0.942378046,0.1023272595,29,0
80,421,110100101,5,0.9567073006,0.1923621674,121,0
80,261,100000101,3,0.9481707271,0.1661854191,50,0
80,250,011111010,6,0.9603658486,0.2909253226,139,0
80,166,010100110,4,0.9381097537,0.1851869859,141,0
80,398,110001110,5,0.9652439002,0.184927925,87,0
80,63,000111111,6,0.9544207286,0.2803421966,150,0
80,3,000000011,2,0.893902434,0.1188580212,157,0
80,172,010101100,4,0.9548780415,0.1772159359,84,0
80,153,010011001,4,0.955487797,0.2314127795,80,0
80,262,100000110,3,0.9503048733,0.1506545902,47,0
80,143,010001111,5,0.9640243854,0.2269113725,90,0
80,457,111001001,5,0.960213406,0.1580275986,112,0
80,170,010101010,4,0.9583841376,0.1237906108,62,0
80,137,010001001,3,0.9589938968,0.1376599907,6,0
80,460,111001100,5,0.9623475634,0.1988814175,100,0
80,398,110001110,5,0.9652439002,0.184927925,88,0
80,132,010000100,2,0.9396341462,0.1636577162,43,0
80,146,010010010,3,0.9370426815,0.1859965373,114,0
80,394,110001010,4,0.9682926834,0.1485241046,12,0
80,162,010100010,3,0.9460365772,0.1228090909,68,0
80,37,000100101,3,0.9213414732,0.1178390123,149,0
80,163,010100011,4,0.9469512142,0.1452375506,118,0
80,110,001101110,5,0.9606707301,0.2040525535,108,0
80,414,110011110,6,0.9637195077,0.2462959136,129,0
80,423,110100111,6,0.9544207193,0.1782295462,151,0
80,18,000010010,2,0.9048780557,0.1242320742,154,0
80,422,110100110,5,0.9547256045,0.1711755372,126,0
80,169,010101001,4,0.9554877914,0.1521936124,82,0
80,284,100011100,4,0.9644817002,0.1660791668,30,0
80,484,111100100,5,0.9605182838,0.1770865889,110,0
80,392,110001000,3,0.9653963372,0.1357308119,2,0
80,358,101100110,5,0.9629573151,0.1768365032,98,0
80,495,111101111,8,0.9658536594,0.22599763,156,0
80,322,101000010,3,0.9539634027,0.1114213858,28,0
80,205,011001101,5,0.9605182856,0.3885932574,109,0
80,6,000000110,2,0.9178353697,0.1008892676,134,0
80,451,111000011,5,0.9550304729,0.1685197698,125,0
80,480,111100000,4,0.9522865769,0.1520633074,95,0
80,40,000101000,2,0.9376524407,0.09235404083,48,0
80,36,000100100,2,0.9050304871,0.1029281626,153,0
80,334,101001110,5,0.9672256075,0.1807405879,76,0
80,100,001100100,3,0.9481707253,0.1504776806,51,0
80,79,001001111,5,0.962957317,0.2229459747,97,0
80,183,010110111,6,0.9443597514,0.2673205337,155,0
80,64,001000000,1,0.9262195174,0.09079117677,49,0
80,90,001011010,4,0.9618902393,0.2218290572,42,0
80,352,101100000,3,0.9518292565,0.1353251534,37,0
80,300,100101100,4,0.9623475503,0.1672059349,38,0
80,360,101101000,4,0.9634146318,0.168340771,35,0
80,226,011100010,4,0.9487804808,0.1625480801,113,0
80,298,100101010,4,0.9635670781,0.1536765499,34,0
80,461,111001101,6,0.9624999948,0.2131315088,133,0
81,315,100111011,6,0.9631097522,0.1866992847,121,0
81,128,010000000,1,0.9323170781,0.08404751134,18,0
81,259,100000011,3,0.9335365873,0.1357063192,110,0
81,273,100010001,3,0.936280489,0.1366260718,105,0
81,2,000000010,1,0.8757621963,0.0863469597,158,0
81,287,100011111,6,0.9652439002,0.1928226636,114,0
81,136,010001000,2,0.9556402415,0.08872172865,0,0
81,314,100111010,5,0.9621951208,0.1824102593,87,0
81,129,010000001,2,0.9335365873,0.1010586498,69,0
81,457,111001001,5,0.960213406,0.1580275986,96,0
81,241,011110001,5,0.9440548718,0.2607987896,142,0
81,182,010110110,5,0.9414634127,0.2396552637,146,0
81,289,100100001,3,0.9368902445,0.1236085924,99,0
81,73,001001001,3,0.953048775,0.1462754204,25,0
81,32,000100000,1,0.8641768359,0.1044695501,161,0
81,363,101101011,6,0.9637195095,0.1817409033,120,0
81,408,110011000,4,0.958231695,0.2197342259,51,0
81,21,000010101,3,0.9280487876,0.1438165735,124,0
81,263,100000111,4,0.9487804864,0.1450051651,98,0
81,278,100010110,4,0.9477134068,0.1614845553,102,0
81,369,101110001,5,0.9570121858,0.1660167179,108,0
81,460,111001100,5,0.9623475634,0.1988814175,86,0
81,318,100111110,6,0.9657012206,0.1994900974,112,0
81,90,001011010,4,0.9618902393,0.2218290572,35,0
81,128,010000000,1,0.9323170781,0.08404751134,19,0
81,394,110001010,4,0.9682926834,0.1485241046,13,0
81,252,011111100,6,0.964176828,0.316163627,115,0
81,154,010011010,4,0.9570121877,0.2396545438,56,0
81,26,000011010,3,0.9474085309,0.166096261,45,0
81,58,000111010,4,0.9541158453,0.1998991431,74,0
81,3,000000011,2,0.893902434,0.1188580212,156,0
81,331,101001011,5,0.9695122056,0.1774945036,47,0
81,34,000100010,2,0.9111280553,0.1001502015,141,0
81,175,010101111,6,0.9585365672,0.2318464871,135,0
81,376,101111000,5,0.9667682927,0.1849404364,70,0
81,505,111111001,7,0.9647865836,0.259944424,144,0
81,87,001010111,5,0.9501524288,0.2489087577,125,0
81,175,010101111,6,0.9585365672,0.2318464871,136,0
81,470,111010110,6,0.9586890098,0.2075651209,134,0
81,233,011101001,5,0.9603658449,0.268123046,94,0
81,399,110001111,6,0.9626524355,0.2035451112,122,0
81,142,010001110,4,0.9562499933,0.2010135157,64,0
81,181,010110101,5,0.9463414587,0.2437225715,139,0
81,95,001011111,6,0.9603658505,0.4629407227,128,0
81,138,010001010,3,0.9580792598,0.1175190397,12,0
81,224,011100000,3,0.9408536591,0.1201759358,82,0
81,136,010001000,2,0.9556402415,0.08872172865,0,0
81,66,001000010,2,0.9518292602,0.09929567995,6,0
81,245,011110101,6,0.9474085309,0.2499909932,151,0
81,170,010101010,4,0.9583841376,0.1237906108,48,0
81,333,101001101,5,0.9678353649,0.1775467619,59,0
81,157,010011101,5,0.9608231653,0.2573634591,89,0
81,452,111000100,4,0.9608231634,0.1636474896,41,0
81,124,001111100,5,0.9573170636,0.2322485391,106,0
81,184,010111000,4,0.9567073099,0.2421766864,62,0
81,59,000111011,5,0.9528963305,0.1926716072,118,0
81,216,011011000,4,0.9560975544,0.2577285054,66,0
81,408,110011000,4,0.958231695,0.2197342259,50,0
81,400,110010000,3,0.9547256026,0.1810064591,15,0
81,230,011100110,5,0.9544207174,0.2009842331,113,0
81,14,000001110,3,0.9452743828,0.2012516796,63,0
81,3,000000011,2,0.893902434,0.1188580212,155,0
81,443,110111011,7,0.9624999985,0.2361019221,147,0
81,385,110000001,3,0.9457317069,0.1523044817,57,0
81,191,010111111,7,0.963719504,0.2866767156,145,0
81,288,100100000,2,0.9224085417,0.09756062739,111,0
81,110,001101110,5,0.9606707301,0.2040525535,91,0
81,153,010011001,4,0.955487797,0.2314127795,72,0
81,408,110011000,4,0.958231695,0.2197342259,53,0
81,9,000001001,2,0.9167682994,0.1331997535,126,0
81,147,010010011,4,0.9367378037,0.1958240762,133,0
81,393,110001001,4,0.9617377985,0.1536827425,36,0
81,257,100000001,2,0.8830792718,0.09909134312,159,0
81,473,111011001,6,0.9602134135,0.2257233416,131,0
81,8,000001000,1,0.9012195114,0.0953759877,140,0
81,78,001001110,4,0.9573170636,0.2032758179,55,0
81,239,011101111,7,0.9621951133,0.2638499523,148,0
81,410,110011010,5,0.9644817039,0.2193003995,77,0
81,502,111110110,7,0.9586890154,0.2245801887,150,0
81,161,010100001,3,0.926981708,0.1333965359,130,0
81,140,010001100,3,0.9544207212,0.1939722262,21,0
81,472,111011000,5,0.9638719503,0.2441837927,79,0
81,257,100000001,2,0.8830792718,0.09909134312,160,0
81,270,100001110,4,0.9641768225,0.171474142,24,0
81,507,111111011,8,0.9617377967,0.2683291459,154,0
81,204,011001100,4,0.9535060935,0.2112389025,76,0
81,176,010110000,3,0.9341463428,0.2078121302,109,0
81,11,000001011,3,0.9513719436,0.1420441959,29,0
81,362,101101010,5,0.9624999966,0.1689127102,84,0
81,54,000110110,4,0.9384146333,0.1622000067,127,0
81,495,111101111,8,0.9658536594,0.22599763,152,0
81,409,110011001,5,0.9621951114,0.2163874777,88,0
81,192,011000000,2,0.9504573103,0.1211086311,8,0
81,332,101001100,4,0.9624999929,0.1707430179,26,0
81,140,010001100,3,0.9544207212,0.1939722262,22,0
81,43,000101011,4,0.9513719436,0.1703410912,85,0
81,144,010010000,2,0.9355182927,0.1628878268,54,0
81,397,110001101,5,0.9626524374,0.1984722707,83,0
81,469,111010101,6,0.9583841395,0.2142438563,138,0
81,24,000011000,2,0.9400914628,0.1224767463,32,0
81,206,011001110,5,0.9589938931,0.2441969891,100,0
81,46,000101110,4,0.9539634064,0.1775657085,75,0
81,70,001000110,3,0.9445121922,0.1709114732,71,0
81,255,011111111,8,0.9632621948,0.4130405989,153,0
81,396,110001100,4,0.9617377967,0.18006679,38,0
81,128,010000000,1,0.9323170781,0.08404751134,16,0
81,408,110011000,4,0.958231695,0.2197342259,52,0
81,218,011011010,5,0.958841458,0.2987742741,101,0
81,278,100010110,4,0.9477134068,0.1614845553,103,0
81,108,001101100,4,0.9585365746,0.1886128322,44,0
81,268,100001100,3,0.9647865798,0.1379161642,5,0
81,18,000010010,2,0.9048780557,0.1242320742,149,0
81,300,100101100,4,0.9623475503,0.1672059349,31,0
81,138,010001010,3,0.9580792598,0.1175190397,11,0
81,233,011101001,5,0.9603658449,0.268123046,95,0
81,192,011000000,2,0.9504573103,0.1211086311,7,0
81,106,001101010,4,0.9589938987,0.1349909608,43,0
81,467,111010011,6,0.9539634027,0.2327699261,143,0
81,290,100100010,3,0.9499999899,0.1336969913,40,0
81,333,101001101,5,0.9678353649,0.1775467619,58,0
81,480,111100000,4,0.9522865769,0.1520633074,81,0
81,48,000110000,2,0.9140243977,0.09490588191,137,0
81,389,110000101,4,0.9562499914,0.1904697402,65,0
81,26,000011010,3,0.9474085309,0.166096261,46,0
81,129,010000001,2,0.9335365873,0.1010586498,68,0
81,128,010000000,1,0.9323170781,0.08404751134,17,0
81,411,110011011,6,0.9638719447,0.23684128,119,0
81,75,001001011,4,0.9623475578,0.1703412908,30,0
81,112,001110000,3,0.9481707234,0.1940589957,42,0
81,393,110001001,4,0.9617377985,0.1536827425,37,0
81,201,011001001,4,0.9567073155,0.1810487332,60,0
81,328,101001000,3,0.9661585353,0.1314932012,4,0
81,153,010011001,4,0.955487797,0.2314127795,73,0
81,160,010100000,2,0.9399390239,0.09322097432,34,0
81,136,010001000,2,0.9556402415,0.08872172865,0,0
81,332,101001100,4,0.9624999929,0.1707430179,27,0
81,137,010001001,3,0.9589938968,0.1376599907,10,0
81,344,101011000,4,0.964634141,0.194875374,23,0
81,457,111001001,5,0.960213406,0.1580275986,97,0
81,396,110001100,4,0.9617377967,0.18006679,39,0
81,244,011110100,5,0.9503048733,0.2641298291,123,0
81,136,010001000,2,0.9556402415,0.08872172865,0,0
81,17,000010001,2,0.8894816972,0.1499703776,157,0
81,44,000101100,3,0.9384146333,0.1604029066,93,0
81,416,110100000,3,0.9510670714,0.1087195657,33,0
81,201,011001001,4,0.9567073155,0.1810487332,61,0
81,140,010001100,3,0.9544207212,0.1939722262,20,0
81,221,011011101,6,0.9602134116,0.300388671,132,0
81,85,001010101,4,0.949542677,0.1903469744,92,0
81,339,101010011,5,0.9528963324,0.1730788327,117,0
81,297,100101001,4,0.9582317006,0.1647070954,49,0
81,158,010011110,5,0.9586890191,0.2851446816,104,0
81,168,010101000,3,0.9556402303,0.1283902619,14,0
81,296,100101000,3,0.9603658449,0.1424966599,9,0
81,157,010011101,5,0.9608231653,0.2573634591,90,0
81,480,111100000,4,0.9522865769,0.1520633074,80,0
81,11,000001011,3,0.9513719436,0.1420441959,28,0
81,250,011111010,6,0.9603658486,0.2909253226,129,0
81,148,010010100,3,0.9419207256,0.2030755011,78,0
81,377,101111001,6,0.9640243854,0.320313164,116,0
81,124,001111100,5,0.9573170636,0.2322485391,107,0
81,368,101110000,4,0.9560975526,0.1694042669,67,0
82,192,011000000,2,0.9504573103,0.1211086311,7,0
82,169,010101001,4,0.9554877914,0.1521936124,82,0
82,232,011101000,4,0.9621951152,0.2219230887,46,0
82,108,001101100,4,0.9585365746,0.1886128322,60,0
82,494,111101110,7,0.963262191,0.2477963772,155,0
82,192,011000000,2,0.9504573103,0.1211086311,8,0
82,139,010001011,4,0.9586890135,0.1512846262,59,0
82,74,001001010,3,0.9570121821,0.1378696063,18,0
82,46,000101110,4,0.9539634064,0.1775657085,92,0
82,304,100110000,3,0.9338414669,0.1354449289,126,0
82,270,100001110,4,0.9641768225,0.171474142,32,0
82,9,000001001,2,0.9167682994,0.1331997535,139,0
82,134,010000110,3,0.9411585312,0.1737534327,99,0
82,388,110000100,3,0.9559451118,0.1492509923,21,0
82,452,111000100,4,0.9608231634,0.1636474896,53,0
82,216,011011000,4,0.9560975544,0.2577285054,80,0
82,73,001001001,3,0.953048775,0.1462754204,33,0
82,392,110001000,3,0.9653963372,0.1357308119,2,0
82,488,111101000,5,0.966463415,0.1571392328,84,0
82,105,001101001,4,0.9583841395,0.1598443775,62,0
82,398,110001110,5,0.9652439002,0.184927925,90,0
82,144,010010000,2,0.9355182927,0.1628878268,65,0
82,209,011010001,4,0.9481707271,0.2154377233,111,0
82,399,110001111,6,0.9626524355,0.2035451112,132,0
82,312,100111000,4,0.9676829297,0.1558179194,20,0
82,189,010111101,6,0.9599085283,0.3050948284,145,0
82,392,110001000,3,0.9653963372,0.1357308119,3,0
82,225,011100001,4,0.9452743847,0.1662776889,125,0
82,172,010101100,4,0.9548780415,0.1772159359,89,0
82,135,010000111,4,0.9429878015,0.1987346318,131,0
82,8,000001000,1,0.9012195114,0.0953759877,150,0
82,192,011000000,2,0.9504573103,0.1211086311,6,0
82,409,110011001,5,0.9621951114,0.2163874777,108,0
82,256,100000000,1,0.8653963432,0.05144251033,161,0
82,283,100011011,5,0.9660060965,0.1543926708,87,0
82,130,010000010,2,0.9394817092,0.1096591135,50,0
82,40,000101000,2,0.9376524407,0.09235404083,56,0
82,146,010010010,3,0.9370426815,0.1859965373,112,0
82,201,011001001,4,0.9567073155,0.1810487332,70,0
82,138,010001010,3,0.9580792598,0.1175190397,16,0
82,337,101010001,4,0.9527438916,0.1580627062,97,0
82,40,000101000,2,0.9376524407,0.09235404083,55,0
82,140,010001100,3,0.9544207212,0.1939722262,30,0
82,50,000110010,3,0.9269817118,0.1555463769,144,0
82,87,001010111,5,0.9501524288,0.2489087577,136,0
82,26,000011010,3,0.9474085309,0.166096261,61,0
82,320,101000000,2,0.9503048677,0.1123269997,9,0
82,268,100001100,3,0.9647865798,0.1379161642,5,0
82,204,011001100,4,0.9535060935,0.2112389025,95,0
82,9,000001001,2,0.9167682994,0.1331997535,138,0
82,168,010101000,3,0.9556402303,0.1283902619,22,0
82,10,000001010,2,0.9445121922,0.1083079919,25,0
82,175,010101111,6,0.9585365672,0.2318464871,149,0
82,393,110001001,4,0.9617377985,0.1536827425,49,0
82,257,100000001,2,0.8830792718,0.09909134312,160,0
82,196,011000100,3,0.9515243825,0.1577226631,39,0
82,305,100110001,4,0.9381097574,0.1583164767,143,0
82,72,001001000,2,0.9495426752,0.1139507112,11,0
82,12,000001100,2,0.9342987817,0.1145905149,73,0
82,281,100011001,4,0.9638719484,0.1484918948,34,0
82,409,110011001,5,0.9621951114,0.2163874777,106,0
82,348,101011100,5,0.9661585353,0.1913031316,86,0
82,196,011000100,3,0.9515243825,0.1577226631,38,0
82,250,011111010,6,0.9603658486,0.2909253226,141,0
82,72,001001000,2,0.9495426752,0.1139507112,12,0
82,206,011001110,5,0.9589938931,0.2441969891,115,0
82,409,110011001,5,0.9621951114,0.2163874777,107,0
82,232,011101000,4,0.9621951152,0.2219230887,45,0
82,35,000100011,3,0.9163109809,0.1255413797,156,0
82,391,110000111,5,0.9551829174,0.1890920834,128,0
82,200,011001000,3,0.955487797,0.1316828153,26,0
82,224,011100000,3,0.9408536591,0.1201759358,100,0
82,152,010011000,3,0.9513719399,0.2329935927,43,0
82,46,000101110,4,0.9539634064,0.1775657085,93,0
82,465,111010001,5,0.9565548692,0.3861234859,120,0
82,9,000001001,2,0.9167682994,0.1331997535,137,0
82,72,001001000,2,0.9495426752,0.1139507112,13,0
82,45,000101101,4,0.9461890161,0.1590515091,118,0
82,201,011001001,4,0.9567073155,0.1810487332,71,0
82,143,010001111,5,0.9640243854,0.2269113725,96,0
82,496,111110000,5,0.9541158415,0.2100702799,130,0
82,299,100101011,5,0.9684451278,0.1646855306,68,0
82,250,011111010,6,0.9603658486,0.2909253226,140,0
82,186,010111010,5,0.9589938968,0.2682068814,113,0
82,132,010000100,2,0.9396341462,0.1636577162,48,0
82,34,000100010,2,0.9111280553,0.1001502015,151,0
82,128,010000000,1,0.9323170781,0.08404751134,29,0
82,102,001100110,4,0.9516768195,0.1653954163,102,0
82,25,000011001,3,0.9463414568,0.1495797473,67,0
82,332,101001100,4,0.9624999929,0.1707430179,41,0
82,12,000001100,2,0.9342987817,0.1145905149,75,0
82,206,011001110,5,0.9589938931,0.2441969891,114,0
82,392,110001000,3,0.9653963372,0.1357308119,4,0
82,19,000010011,3,0.9097560961,0.1301706852,159,0
82,432,110110000,4,0.9525914509,0.190835604,98,0
82,216,011011000,4,0.9560975544,0.2577285054,79,0
82,46,000101110,4,0.9539634064,0.1775657085,94,0
82,362,101101010,5,0.9624999966,0.1689127102,104,0
82,187,010111011,6,0.9594512116,0.279120577,146,0
82,418,110100010,4,0.9541158434,0.1336211525,91,0
82,225,011100001,4,0.9452743847,0.1662776889,124,0
82,409,110011001,5,0.9621951114,0.2163874777,105,0
82,250,011111010,6,0.9603658486,0.2909253226,142,0
82,12,000001100,2,0.9342987817,0.1145905149,74,0
82,225,011100001,4,0.9452743847,0.1662776889,123,0
82,448,111000000,3,0.9498475511,0.1094583822,52,0
82,196,011000100,3,0.9515243825,0.1577226631,40,0
82,296,100101000,3,0.9603658449,0.1424966599,14,0
82,41,000101001,3,0.9443597533,0.2578364955,83,0
82,18,000010010,2,0.9048780557,0.1242320742,158,0
82,39,000100111,4,0.9327743929,0.170628381,152,0
82,389,110000101,4,0.9562499914,0.1904697402,78,0
82,74,001001010,3,0.9570121821,0.1378696063,19,0
82,132,010000100,2,0.9396341462,0.1636577162,47,0
82,452,111000100,4,0.9608231634,0.1636474896,54,0
82,63,000111111,6,0.9544207286,0.2803421966,154,0
82,391,110000111,5,0.9551829174,0.1890920834,127,0
82,100,001100100,3,0.9481707253,0.1504776806,58,0
82,91,001011011,5,0.9626524337,0.2549881525,103,0
82,168,010101000,3,0.9556402303,0.1283902619,24,0
82,142,010001110,4,0.9562499933,0.2010135157,76,0
82,89,001011001,4,0.958079258,0.2149465061,64,0
82,298,100101010,4,0.9635670781,0.1536765499,35,0
82,137,010001001,3,0.9589938968,0.1376599907,15,0
82,44,000101100,3,0.9384146333,0.1604029066,109,0
82,142,010001110,4,0.9562499933,0.2010135157,77,0
82,128,010000000,1,0.9323170781,0.08404751134,28,0
82,144,010010000,2,0.9355182927,0.1628878268,66,0
82,136,010001000,2,0.9556402415,0.08872172865,0,0
82,162,010100010,3,0.9460365772,0.1228090909,69,0
82,36,000100100,2,0.9050304871,0.1029281626,157,0
82,227,011100011,5,0.9506097492,0.1793539175,134,0
82,366,101101110,6,0.9675304852,0.2001497867,122,0
82,406,110010110,5,0.9480182827,0.218691871,147,0
82,173,010101101,5,0.9568597469,0.2084413404,119,0
82,147,010010011,4,0.9367378037,0.1958240762,148,0
82,358,101100110,5,0.9629573151,0.1768365032,101,0
82,169,010101001,4,0.9554877914,0.1521936124,81,0
82,220,011011100,5,0.9589938931,0.2710625273,116,0
82,72,001001000,2,0.9495426752,0.1139507112,10,0
82,392,110001000,3,0.9653963372,0.1357308119,1,0
82,366,101101110,6,0.9675304852,0.2001497867,121,0
82,490,111101010,6,0.9657012131,0.1730029145,129,0
82,64,001000000,1,0.9262195174,0.09079117677,57,0
82,205,011001101,5,0.9605182856,0.3885932574,110,0
82,12,000001100,2,0.9342987817,0.1145905149,72,0
82,290,100100010,3,0.9499999899,0.1336969913,51,0
82,424,110101000,4,0.9621951189,0.151591171,44,0
82,168,010101000,3,0.9556402303,0.1283902619,23,0
82,170,010101010,4,0.9583841376,0.1237906108,63,0
82,462,111001110,6,0.9695121981,0.2274610037,117,0
82,488,111101000,5,0.966463415,0.1571392328,85,0
82,207,011001111,6,0.9615853634,0.2859955677,135,0
82,283,100011011,5,0.9660060965,0.1543926708,88,0
82,7,000000111,3,0.9213414732,0.1769612008,153,0
82,152,010011000,3,0.9513719399,0.2329935927,42,0
82,360,101101000,4,0.9634146318,0.168340771,37,0
82,260,100000100,2,0.9440548718,0.2004308952,27,0
82,360,101101000,4,0.9634146318,0.168340771,36,0
82,322,101000010,3,0.9539634027,0.1114213858,31,0
82,138,010001010,3,0.9580792598,0.1175190397,17,0
82,31,000011111,5,0.9507621899,0.2732690205,133,0
83,314,100111010,5,0.9621951208,0.1824102593,94,0
83,136,010001000,2,0.9556402415,0.08872172865,0,0
83,131,010000011,3,0.9347560965,0.1501262328,107,0
83,405,110010101,5,0.953201212,0.2160813212,124,0
83,280,100011000,3,0.9574695043,0.1384578615,15,0
83,271,100001111,5,0.9682926834,0.1738470579,61,0
83,136,010001000,2,0.9556402415,0.08872172865,0,0
83,432,110110000,4,0.9525914509,0.190835604,85,0
83,129,010000001,2,0.9335365873,0.1010586498,68,0
83,201,011001001,4,0.9567073155,0.1810487332,64,0
83,241,011110001,5,0.9440548718,0.2607987896,149,0
83,245,011110101,6,0.9474085309,0.2499909932,160,0
83,235,011101011,6,0.9592987709,0.1924978569,133,0
83,104,001101000,3,0.9568597451,0.1185564424,17,0
83,329,101001001,4,0.9663109742,0.1626024148,26,0
83,417,110100001,4,0.9451219458,0.1674812513,110,0
83,202,011001010,4,0.9612804782,0.149196442,46,0
83,285,100011101,5,0.9692073204,0.1706519304,57,0
83,7,000000111,3,0.9213414732,0.1769612008,150,0
83,476,111011100,6,0.9672256112,0.2396430206,111,0
83,83,001010011,4,0.9489329197,0.2551624496,101,0
83,200,011001000,3,0.955487797,0.1316828153,22,0
83,301,100101101,5,0.9657012131,0.1904032845,74,0
83,48,000110000,2,0.9140243977,0.09490588191,138,0
83,192,011000000,2,0.9504573103,0.1211086311,9,0
83,138,010001010,3,0.9580792598,0.1175190397,14,0
83,188,010111100,5,0.9551829174,0.2635214692,112,0
83,158,010011110,5,0.9586890191,0.2851446816,103,0
83,90,001011010,4,0.9618902393,0.2218290572,44,0
83,26,000011010,3,0.9474085309,0.166096261,51,0
83,131,010000011,3,0.9347560965,0.1501262328,106,0
83,290,100100010,3,0.9499999899,0.1336969913,47,0
83,42,000101010,3,0.955487797,0.1481546445,25,0
83,415,110011111,7,0.9681402519,0.2540232334,142,0
83,236,011101100,5,0.9617378004,0.2343629976,96,0
83,505,111111001,7,0.9647865836,0.259944424,154,0
83,215,011010111,6,0.9525914565,0.2840391258,155,0
83,189,010111101,6,0.9599085283,0.3050948284,131,0
83,294,100100110,4,0.9550304823,0.1726385914,71,0
83,233,011101001,5,0.9603658449,0.268123046,100,0
83,142,010001110,4,0.9562499933,0.2010135157,66,0
83,154,010011010,4,0.9570121877,0.2396545438,62,0
83,379,101111011,7,0.9603658468,0.2280426561,159,0
83,205,011001101,5,0.9605182856,0.3885932574,98,0
83,8,000001000,1,0.9012195114,0.0953759877,144,0
83,232,011101000,4,0.9621951152,0.2219230887,42,0
83,136,010001000,2,0.9556402415,0.08872172865,0,0
83,35,000100011,3,0.9163109809,0.1255413797,157,0
83,189,010111101,6,0.9599085283,0.3050948284,132,0
83,170,010101010,4,0.9583841376,0.1237906108,53,0
83,269,100001101,4,0.963262191,0.1545369336,34,0
83,287,100011111,6,0.9652439002,0.1928226636,117,0
83,451,111000011,5,0.9550304729,0.1685197698,114,0
83,508,111111100,7,0.9685975611,0.267471821,140,0
83,504,111111000,6,0.9646341465,0.2548272442,120,0
83,498,111110010,6,0.956097547,0.2142396532,147,0
83,200,011001000,3,0.955487797,0.1316828153,23,0
83,56,000111000,3,0.9454268273,0.1453281161,65,0
83,408,110011000,4,0.958231695,0.2197342259,55,0
83,230,011100110,5,0.9544207174,0.2009842331,115,0
83,42,000101010,3,0.955487797,0.1481546445,21,0
83,67,001000011,3,0.9541158434,0.1536063617,29,0
83,299,100101011,5,0.9684451278,0.1646855306,60,0
83,385,110000001,3,0.9457317069,0.1523044817,63,0
83,409,110011001,5,0.9621951114,0.2163874777,95,0
83,300,100101100,4,0.9623475503,0.1672059349,37,0
83,79,001001111,5,0.962957317,0.2229459747,91,0
83,145,010010001,3,0.943597557,0.1669537378,73,0
83,424,110101000,4,0.9621951189,0.151591171,41,0
83,8,000001000,1,0.9012195114,0.0953759877,143,0
83,151,010010111,5,0.9432926774,0.2769849757,151,0
83,393,110001001,4,0.9617377985,0.1536827425,45,0
83,9,000001001,2,0.9167682994,0.1331997535,129,0
83,477,111011101,7,0.9663109761,0.245831884,148,0
83,9,000001001,2,0.9167682994,0.1331997535,128,0
83,151,010010111,5,0.9432926774,0.2769849757,152,0
83,427,110101011,6,0.9629573077,0.1781795989,126,0
83,30,000011110,4,0.9535060879,0.1916021421,81,0
83,62,000111110,5,0.9538109656,0.2270585177,118,0
83,416,110100000,3,0.9510670714,0.1087195657,43,0
83,136,010001000,2,0.9556402415,0.08872172865,0,0
83,472,111011000,5,0.9638719503,0.2441837927,83,0
83,421,110100101,5,0.9567073006,0.1923621674,108,0
83,15,000001111,4,0.9467987716,0.2596095148,105,0
83,441,110111001,6,0.9644817077,0.2243005,121,0
83,141,010001101,4,0.9608231671,0.193762437,48,0
83,168,010101000,3,0.9556402303,0.1283902619,20,0
83,225,011100001,4,0.9452743847,0.1662776889,109,0
83,498,111110010,6,0.956097547,0.2142396532,146,0
83,406,110010110,5,0.9480182827,0.218691871,135,0
83,367,101101111,7,0.9689024445,0.2136532324,139,0
83,441,110111001,6,0.9644817077,0.2243005,123,0
83,200,011001000,3,0.955487797,0.1316828153,24,0
83,256,100000000,1,0.8653963432,0.05144251033,161,0
83,428,110101100,5,0.9626524337,0.1925693848,93,0
83,169,010101001,4,0.9554877914,0.1521936124,70,0
83,408,110011000,4,0.958231695,0.2197342259,54,0
83,9,000001001,2,0.9167682994,0.1331997535,130,0
83,389,110000101,4,0.9562499914,0.1904697402,67,0
83,464,111010000,4,0.9522865787,0.1902281402,87,0
83,206,011001110,5,0.9589938931,0.2441969891,102,0
83,46,000101110,4,0.9539634064,0.1775657085,77,0
83,193,011000001,3,0.9471036512,0.1576919009,56,0
83,505,111111001,7,0.9647865836,0.259944424,153,0
83,398,110001110,5,0.9652439002,0.184927925,75,0
83,136,010001000,2,0.9556402415,0.08872172865,0,0
83,24,000011000,2,0.9400914628,0.1224767463,38,0
83,222,011011110,6,0.9573170654,0.3343018061,141,0
83,330,101001010,4,0.9649390206,0.1500430945,30,0
83,111,001101111,6,0.958993895,0.2237674175,136,0
83,136,010001000,2,0.9556402415,0.08872172865,0,0
83,58,000111010,4,0.9541158453,0.1998991431,76,0
83,444,110111100,6,0.964786578,0.2217209716,119,0
83,170,010101010,4,0.9583841376,0.1237906108,52,0
83,163,010100011,4,0.9469512142,0.1452375506,104,0
83,392,110001000,3,0.9653963372,0.1357308119,7,0
83,480,111100000,4,0.9522865769,0.1520633074,88,0
83,8,000001000,1,0.9012195114,0.0953759877,145,0
83,480,111100000,4,0.9522865769,0.1520633074,89,0
83,99,001100011,4,0.9495426733,0.1583316922,97,0
83,441,110111001,6,0.9644817077,0.2243005,122,0
83,272,100010000,2,0.9314024411,0.09646097757,79,0
83,261,100000101,3,0.9481707271,0.1661854191,50,0
83,24,000011000,2,0.9400914628,0.1224767463,39,0
83,153,010011001,4,0.955487797,0.2314127795,69,0
83,128,010000000,1,0.9323170781,0.08404751134,28,0
83,414,110011110,6,0.9637195077,0.2462959136,125,0
83,73,001001001,3,0.953048775,0.1462754204,31,0
83,248,011111000,5,0.9550304767,0.2725362466,113,0
83,137,010001001,3,0.9589938968,0.1376599907,12,0
83,137,010001001,3,0.9589938968,0.1376599907,13,0
83,264,100001000,2,0.9495426789,0.1157485445,10,0
83,25,000011001,3,0.9463414568,0.1495797473,59,0
83,298,100101010,4,0.9635670781,0.1536765499,33,0
83,195,011000011,4,0.9493902363,0.1929078563,99,0
83,332,101001100,4,0.9624999929,0.1707430179,36,0
83,141,010001101,4,0.9608231671,0.193762437,49,0
83,280,100011000,3,0.9574695043,0.1384578615,16,0
83,329,101001001,4,0.9663109742,0.1626024148,27,0
83,268,100001100,3,0.9647865798,0.1379161642,8,0
83,212,011010100,4,0.952439012,0.2385208402,86,0
83,136,010001000,2,0.9556402415,0.08872172865,0,0
83,145,010010001,3,0.943597557,0.1669537378,72,0
83,46,000101110,4,0.9539634064,0.1775657085,78,0
83,424,110101000,4,0.9621951189,0.151591171,40,0
83,239,011101111,7,0.9621951133,0.2638499523,156,0
83,397,110001101,5,0.9626524374,0.1984722707,92,0
83,213,011010101,5,0.954268286,0.2557268739,116,0
83,337,101010001,4,0.9527438916,0.1580627062,84,0
83,87,001010111,5,0.9501524288,0.2489087577,127,0
83,168,010101000,3,0.9556402303,0.1283902619,19,0
83,406,110010110,5,0.9480182827,0.218691871,134,0
83,296,100101000,3,0.9603658449,0.1424966599,11,0
83,168,010101000,3,0.9556402303,0.1283902619,18,0
83,204,011001100,4,0.9535060935,0.2112389025,80,0
83,298,100101010,4,0.9635670781,0.1536765499,32,0
83,224,011100000,3,0.9408536591,0.1201759358,90,0
83,254,011111110,7,0.9605182894,0.3400172121,158,0
83,277,100010101,4,0.9528963342,0.1554693631,82,0
83,48,000110000,2,0.9140243977,0.09490588191,137,0
83,308,100110100,4,0.957926821,0.1752202315,58,0
83,352,101100000,3,0.9518292565,0.1353251534,35,0
84,193,011000001,3,0.9471036512,0.1576919009,69,0
84,169,010101001,4,0.9554877914,0.1521936124,85,0
84,362,101101010,5,0.9624999966,0.1689127102,103,0
84,488,111101000,5,0.966463415,0.1571392328,87,0
84,326,101000110,4,0.9586890172,0.1529696728,64,0
84,208,011010000,3,0.9487804789,0.2195109283,60,0
84,139,010001011,4,0.9586890135,0.1512846262,65,0
84,74,001001010,3,0.9570121821,0.1378696063,16,0
84,44,000101100,3,0.9384146333,0.1604029066,116,0
84,56,000111000,3,0.9454268273,0.1453281161,79,0
84,14,000001110,3,0.9452743828,0.2012516796,81,0
84,8,000001000,1,0.9012195114,0.0953759877,149,0
84,396,110001100,4,0.9617377967,0.18006679,53,0
84,413,110011101,6,0.9644817039,0.2295870977,135,0
84,140,010001100,3,0.9544207212,0.1939722262,31,0
84,150,010010110,4,0.9428353608,0.4122778447,134,0
84,153,010011001,4,0.955487797,0.2314127795,84,0
84,136,010001000,2,0.9556402415,0.08872172865,0,0
84,488,111101000,5,0.966463415,0.1571392328,88,0
84,290,100100010,3,0.9499999899,0.1336969913,57,0
84,396,110001100,4,0.9617377967,0.18006679,54,0
84,152,010011000,3,0.9513719399,0.2329935927,41,0
84,200,011001000,3,0.955487797,0.1316828153,24,0
84,463,111001111,7,0.9701219536,0.2215583678,146,0
84,120,001111000,4,0.9544207193,0.2454422717,92,0
84,436,110110100,5,0.9548780341,0.3190835472,129,0
84,392,110001000,3,0.9653963372,0.1357308119,3,0
84,192,011000000,2,0.9504573103,0.1211086311,7,0
84,172,010101100,4,0.9548780415,0.1772159359,90,0
84,132,010000100,2,0.9396341462,0.1636577162,51,0
84,72,001001000,2,0.9495426752,0.1139507112,10,0
84,136,010001000,2,0.9556402415,0.08872172865,0,0
84,409,110011001,5,0.9621951114,0.2163874777,109,0
84,160,010100000,2,0.9399390239,0.09322097432,47,0
84,287,100011111,6,0.9652439002,0.1928226636,132,0
84,130,010000010,2,0.9394817092,0.1096591135,55,0
84,32,000100000,1,0.8641768359,0.1044695501,160,0
84,130,010000010,2,0.9394817092,0.1096591135,56,0
84,413,110011101,6,0.9644817039,0.2295870977,136,0
84,154,010011010,4,0.9570121877,0.2396545438,77,0
84,80,001010000,2,0.9368902445,0.1682704333,62,0
84,424,110101000,4,0.9621951189,0.151591171,43,0
84,192,011000000,2,0.9504573103,0.1211086311,6,0
84,56,000111000,3,0.9454268273,0.1453281161,78,0
84,341,101010101,5,0.9649390262,0.1703384123,94,0
84,274,100010010,3,0.9408536572,0.1183711295,99,0
84,449,111000001,4,0.9550304785,0.2016363414,89,0
84,204,011001100,4,0.9535060935,0.2112389025,96,0
84,32,000100000,1,0.8641768359,0.1044695501,159,0
84,9,000001001,2,0.9167682994,0.1331997535,143,0
84,360,101101000,4,0.9634146318,0.168340771,36,0
84,8,000001000,1,0.9012195114,0.0953759877,151,0
84,396,110001100,4,0.9617377967,0.18006679,52,0
84,9,000001001,2,0.9167682994,0.1331997535,142,0
84,9,000001001,2,0.9167682994,0.1331997535,144,0
84,256,100000000,1,0.8653963432,0.05144251033,157,0
84,89,001011001,4,0.958079258,0.2149465061,71,0
84,456,111001000,4,0.9663109723,0.1493365318,27,0
84,2,000000010,1,0.8757621963,0.0863469597,156,0
84,409,110011001,5,0.9621951114,0.2163874777,110,0
84,425,110101001,5,0.9621951208,0.1687642131,106,0
84,412,110011100,5,0.9612804819,0.2286357516,112,0
84,80,001010000,2,0.9368902445,0.1682704333,61,0
84,248,011111000,5,0.9550304767,0.2725362466,128,0
84,330,101001010,4,0.9649390206,0.1500430945,32,0
84,458,111001010,5,0.9644817039,0.1614640043,97,0
84,145,010010001,3,0.943597557,0.1669537378,91,0
84,200,011001000,3,0.955487797,0.1316828153,25,0
84,19,000010011,3,0.9097560961,0.1301706852,155,0
84,391,110000111,5,0.9551829174,0.1890920834,127,0
84,200,011001000,3,0.955487797,0.1316828153,26,0
84,224,011100000,3,0.9408536591,0.1201759358,98,0
84,144,010010000,2,0.9355182927,0.1628878268,72,0
84,42,000101010,3,0.955487797,0.1481546445,21,0
84,401,110010001,4,0.9516768232,0.1931645344,100,0
84,74,001001010,3,0.9570121821,0.1378696063,17,0
84,76,001001100,3,0.9522865731,0.1880639463,37,0
84,425,110101001,5,0.9621951208,0.1687642131,107,0
84,320,101000000,2,0.9503048677,0.1123269997,8,0
84,335,101001111,6,0.9673780575,0.2185122878,124,0
84,496,111110000,5,0.9541158415,0.2100702799,133,0
84,43,000101011,4,0.9513719436,0.1703410912,104,0
84,90,001011010,4,0.9618902393,0.2218290572,49,0
84,185,010111001,5,0.957012184,0.2482354445,120,0
84,196,011000100,3,0.9515243825,0.1577226631,39,0
84,160,010100000,2,0.9399390239,0.09322097432,48,0
84,144,010010000,2,0.9355182927,0.1628878268,73,0
84,72,001001000,2,0.9495426752,0.1139507112,9,0
84,25,000011001,3,0.9463414568,0.1495797473,74,0
84,232,011101000,4,0.9621951152,0.2219230887,45,0
84,8,000001000,1,0.9012195114,0.0953759877,150,0
84,198,011000110,4,0.9498475567,0.191795771,114,0
84,384,110000000,2,0.942378046,0.1023272595,35,0
84,455,111000111,6,0.9588414561,0.178122621,147,0
84,24,000011000,2,0.9400914628,0.1224767463,42,0
84,210,011010010,4,0.9449695069,0.2644167612,126,0
84,290,100100010,3,0.9499999899,0.1336969913,58,0
84,490,111101010,6,0.9657012131,0.1730029145,131,0
84,186,010111010,5,0.9589938968,0.2682068814,119,0
84,34,000100010,2,0.9111280553,0.1001502015,152,0
84,175,010101111,6,0.9585365672,0.2318464871,148,0
84,409,110011001,5,0.9621951114,0.2163874777,108,0
84,106,001101010,4,0.9589938987,0.1349909608,63,0
84,14,000001110,3,0.9452743828,0.2012516796,80,0
84,205,011001101,5,0.9605182856,0.3885932574,118,0
84,384,110000000,2,0.942378046,0.1023272595,33,0
84,324,101000100,3,0.9624999966,0.1362094213,5,0
84,296,100101000,3,0.9603658449,0.1424966599,11,0
84,92,001011100,4,0.9571646284,0.2256155275,75,0
84,272,100010000,2,0.9314024411,0.09646097757,95,0
84,39,000100111,4,0.9327743929,0.170628381,153,0
84,131,010000011,3,0.9347560965,0.1501262328,122,0
84,74,001001010,3,0.9570121821,0.1378696063,15,0
84,132,010000100,2,0.9396341462,0.1636577162,50,0
84,452,111000100,4,0.9608231634,0.1636474896,59,0
84,380,101111100,6,0.9635670688,0.2217264464,137,0
84,137,010001001,3,0.9589938968,0.1376599907,13,0
84,486,111100110,6,0.9629573114,0.1877477956,138,0
84,89,001011001,4,0.958079258,0.2149465061,70,0
84,260,100000100,2,0.9440548718,0.2004308952,28,0
84,6,000000110,2,0.9178353697,0.1008892676,139,0
84,297,100101001,4,0.9582317006,0.1647070954,68,0
84,171,010101011,5,0.961890243,0.1561283367,111,0
84,137,010001001,3,0.9589938968,0.1376599907,12,0
84,460,111001100,5,0.9623475634,0.1988814175,105,0
84,142,010001110,4,0.9562499933,0.2010135157,82,0
84,129,010000001,2,0.9335365873,0.1010586498,83,0
84,131,010000011,3,0.9347560965,0.1501262328,121,0
84,152,010011000,3,0.9513719399,0.2329935927,40,0
84,170,010101010,4,0.9583841376,0.1237906108,67,0
84,352,101100000,3,0.9518292565,0.1353251534,38,0
84,227,011100011,5,0.9506097492,0.1793539175,141,0
84,238,011101110,6,0.9606707245,0.2395493905,145,0
84,400,110010000,3,0.9547256026,0.1810064591,29,0
84,168,010101000,3,0.9556402303,0.1283902619,20,0
84,407,110010111,6,0.9516768251,0.3759041177,154,0
84,170,010101010,4,0.9583841376,0.1237906108,66,0
84,169,010101001,4,0.9554877914,0.1521936124,86,0
84,92,001011100,4,0.9571646284,0.2256155275,76,0
84,200,011001000,3,0.955487797,0.1316828153,23,0
84,392,110001000,3,0.9653963372,0.1357308119,2,0
84,366,101101110,6,0.9675304852,0.2001497867,123,0
84,42,000101010,3,0.955487797,0.1481546445,22,0
84,198,011000110,4,0.9498475567,0.191795771,113,0
84,197,011000101,4,0.9516768213,0.1970114671,102,0
84,128,010000000,1,0.9323170781,0.08404751134,30,0
84,258,100000010,2,0.9272865914,0.1128509992,117,0
84,384,110000000,2,0.942378046,0.1023272595,34,0
84,232,011101000,4,0.9621951152,0.2219230887,44,0
84,32,000100000,1,0.8641768359,0.1044695501,161,0
84,335,101001111,6,0.9673780575,0.2185122878,125,0
84,104,001101000,3,0.9568597451,0.1185564424,18,0
84,197,011000101,4,0.9516768213,0.1970114671,101,0
84,58,000111010,4,0.9541158453,0.1998991431,93,0
84,27,000011011,4,0.9495426714,0.1951567573,115,0
84,68,001000100,2,0.947560966,0.2287352863,14,0
84,388,110000100,3,0.9559451118,0.1492509923,19,0
84,256,100000000,1,0.8653963432,0.05144251033,158,0
84,232,011101000,4,0.9621951152,0.2219230887,46,0
84,66,001000010,2,0.9518292602,0.09929567995,4,0
84,490,111101010,6,0.9657012131,0.1730029145,130,0
84,159,010011111,6,0.9618902393,0.2912165942,140,0
85,169,010101001,4,0.9554877914,0.1521936124,68,0
85,136,010001000,2,0.9556402415,0.08872172865,0,0
85,129,010000001,2,0.9335365873,0.1010586498,65,0
85,17,000010001,2,0.8894816972,0.1499703776,158,0
85,58,000111010,4,0.9541158453,0.1998991431,81,0
85,45,000101101,4,0.9461890161,0.1590515091,106,0
85,136,010001000,2,0.9556402415,0.08872172865,0,0
85,504,111111000,6,0.9646341465,0.2548272442,118,0
85,128,010000000,1,0.9323170781,0.08404751134,25,0
85,457,111001001,5,0.960213406,0.1580275986,98,0
85,241,011110001,5,0.9440548718,0.2607987896,142,0
85,253,011111101,7,0.9640243892,0.2906484376,148,0
85,233,011101001,5,0.9603658449,0.268123046,97,0
85,88,001011000,3,0.9570121896,0.1966020344,16,0
85,257,100000001,2,0.8830792718,0.09909134312,159,0
85,365,101101101,6,0.9644817039,0.2133307862,120,0
85,256,100000000,1,0.8653963432,0.05144251033,160,0
85,29,000011101,4,0.951067064,0.1539091161,92,0
85,135,010000111,4,0.9429878015,0.1987346318,117,0
85,217,011011001,5,0.9579268228,0.2819200605,104,0
85,453,111000101,5,0.9580792617,0.16819228,103,0
85,200,011001000,3,0.955487797,0.1316828153,22,0
85,57,000111001,4,0.9443597514,0.1744129988,113,0
85,304,100110000,3,0.9338414669,0.1354449289,111,0
85,392,110001000,3,0.9653963372,0.1357308119,9,0
85,138,010001010,3,0.9580792598,0.1175190397,15,0
85,248,011111000,5,0.9550304767,0.2725362466,115,0
85,183,010110111,6,0.9443597514,0.2673205337,154,0
85,218,011011010,5,0.958841458,0.2987742741,100,0
85,10,000001010,2,0.9445121922,0.1083079919,19,0
85,139,010001011,4,0.9586890135,0.1512846262,52,0
85,266,100001010,3,0.9663109817,0.1359270001,8,0
85,8,000001000,1,0.9012195114,0.0953759877,132,0
85,31,000011111,5,0.9507621899,0.2732690205,123,0
85,488,111101000,5,0.966463415,0.1571392328,70,0
85,505,111111001,7,0.9647865836,0.259944424,146,0
85,255,011111111,8,0.9632621948,0.4130405989,157,0
85,173,010101101,5,0.9568597469,0.2084413404,108,0
85,110,001101110,5,0.9606707301,0.2040525535,94,0
85,57,000111001,4,0.9443597514,0.1744129988,112,0
85,140,010001100,3,0.9544207212,0.1939722262,29,0
85,24,000011000,2,0.9400914628,0.1224767463,44,0
85,105,001101001,4,0.9583841395,0.1598443775,54,0
85,205,011001101,5,0.9605182856,0.3885932574,96,0
85,10,000001010,2,0.9445121922,0.1083079919,20,0
85,232,011101000,4,0.9621951152,0.2219230887,46,0
85,8,000001000,1,0.9012195114,0.0953759877,135,0
85,491,111101011,7,0.9621951226,0.1842359612,152,0
85,145,010010001,3,0.943597557,0.1669537378,75,0
85,138,010001010,3,0.9580792598,0.1175190397,14,0
85,205,011001101,5,0.9605182856,0.3885932574,95,0
85,409,110011001,5,0.9621951114,0.2163874777,91,0
85,483,111100011,6,0.9574695099,0.1675422555,130,0
85,190,010111110,6,0.9559451174,0.3044974832,138,0
85,432,110110000,4,0.9525914509,0.190835604,85,0
85,191,010111111,7,0.963719504,0.2866767156,149,0
85,208,011010000,3,0.9487804789,0.2195109283,50,0
85,216,011011000,4,0.9560975544,0.2577285054,62,0
85,284,100011100,4,0.9644817002,0.1660791668,34,0
85,110,001101110,5,0.9606707301,0.2040525535,93,0
85,30,000011110,4,0.9535060879,0.1916021421,84,0
85,211,011010011,5,0.9449695051,0.2340317885,137,0
85,175,010101111,6,0.9585365672,0.2318464871,128,0
85,384,110000000,2,0.942378046,0.1023272595,33,0
85,153,010011001,4,0.955487797,0.2314127795,67,0
85,302,100101110,5,0.9657012187,0.1828945968,76,0
85,14,000001110,3,0.9452743828,0.2012516796,59,0
85,136,010001000,2,0.9556402415,0.08872172865,0,0
85,136,010001000,2,0.9556402415,0.08872172865,0,0
85,8,000001000,1,0.9012195114,0.0953759877,133,0
85,151,010010111,5,0.9432926774,0.2769849757,145,0
85,9,000001001,2,0.9167682994,0.1331997535,124,0
85,265,100001001,3,0.9512195047,0.1273183418,43,0
85,477,111011101,7,0.9663109761,0.245831884,141,0
85,136,010001000,2,0.9556402415,0.08872172865,0,0
85,215,011010111,6,0.9525914565,0.2840391258,150,0
85,427,110101011,6,0.9629573077,0.1781795989,121,0
85,138,010001010,3,0.9580792598,0.1175190397,13,0
85,488,111101000,5,0.966463415,0.1571392328,71,0
85,34,000100010,2,0.9111280553,0.1001502015,139,0
85,136,010001000,2,0.9556402415,0.08872172865,0,0
85,216,011011000,4,0.9560975544,0.2577285054,63,0
85,137,010001001,3,0.9589938968,0.1376599907,12,0
85,13,000001101,3,0.9356707335,0.3014179626,105,0
85,417,110100001,4,0.9451219458,0.1674812513,109,0
85,201,011001001,4,0.9567073155,0.1810487332,58,0
85,168,010101000,3,0.9556402303,0.1283902619,17,0
85,1,000000001,1,0.7878048848,0.08813527925,161,0
85,322,101000010,3,0.9539634027,0.1114213858,31,0
85,286,100011110,5,0.9696646333,0.1719646058,53,0
85,431,110101111,7,0.9658536613,0.2059036302,143,0
85,425,110101001,5,0.9621951208,0.1687642131,90,0
85,200,011001000,3,0.955487797,0.1316828153,24,0
85,200,011001000,3,0.955487797,0.1316828153,23,0
85,428,110101100,5,0.9626524337,0.1925693848,87,0
85,34,000100010,2,0.9111280553,0.1001502015,140,0
85,284,100011100,4,0.9644817002,0.1660791668,35,0
85,11,000001011,3,0.9513719436,0.1420441959,40,0
85,389,110000101,4,0.9562499914,0.1904697402,60,0
85,216,011011000,4,0.9560975544,0.2577285054,61,0
85,128,010000000,1,0.9323170781,0.08404751134,26,0
85,46,000101110,4,0.9539634064,0.1775657085,82,0
85,19,000010011,3,0.9097560961,0.1301706852,156,0
85,505,111111001,7,0.9647865836,0.259944424,147,0
85,424,110101000,4,0.9621951189,0.151591171,45,0
85,200,011001000,3,0.955487797,0.1316828153,21,0
85,152,010011000,3,0.9513719399,0.2329935927,41,0
85,95,001011111,6,0.9603658505,0.4629407227,126,0
85,423,110100111,6,0.9544207193,0.1782295462,144,0
85,494,111101110,7,0.963262191,0.2477963772,151,0
85,136,010001000,2,0.9556402415,0.08872172865,0,0
85,440,110111000,5,0.9647865817,0.2230814546,83,0
85,188,010111100,5,0.9551829174,0.2635214692,114,0
85,170,010101010,4,0.9583841376,0.1237906108,55,0
85,483,111100011,6,0.9574695099,0.1675422555,129,0
85,128,010000000,1,0.9323170781,0.08404751134,27,0
85,362,101101010,5,0.9624999966,0.1689127102,89,0
85,152,010011000,3,0.9513719399,0.2329935927,42,0
85,360,101101000,4,0.9634146318,0.168340771,38,0
85,399,110001111,6,0.9626524355,0.2035451112,122,0
85,441,110111001,6,0.9644817077,0.2243005,119,0
85,392,110001000,3,0.9653963372,0.1357308119,10,0
85,128,010000000,1,0.9323170781,0.08404751134,28,0
85,25,000011001,3,0.9463414568,0.1495797473,57,0
85,249,011111001,6,0.958993895,0.3032088177,127,0
85,144,010010000,2,0.9355182927,0.1628878268,56,0
85,398,110001110,5,0.9652439002,0.184927925,80,0
85,462,111001110,6,0.9695121981,0.2274610037,102,0
85,168,010101000,3,0.9556402303,0.1283902619,18,0
85,129,010000001,2,0.9335365873,0.1010586498,66,0
85,141,010001101,4,0.9608231671,0.193762437,49,0
85,8,000001000,1,0.9012195114,0.0953759877,131,0
85,281,100011001,4,0.9638719484,0.1484918948,36,0
85,40,000101000,2,0.9376524407,0.09235404083,51,0
85,451,111000011,5,0.9550304729,0.1685197698,116,0
85,202,011001010,4,0.9612804782,0.149196442,48,0
85,196,011000100,3,0.9515243825,0.1577226631,39,0
85,344,101011000,4,0.964634141,0.194875374,32,0
85,8,000001000,1,0.9012195114,0.0953759877,134,0
85,140,010001100,3,0.9544207212,0.1939722262,30,0
85,210,011010010,4,0.9449695069,0.2644167612,110,0
85,136,010001000,2,0.9556402415,0.08872172865,0,0
85,145,010010001,3,0.943597557,0.1669537378,74,0
85,298,100101010,4,0.9635670781,0.1536765499,37,0
85,428,110101100,5,0.9626524337,0.1925693848,88,0
85,133,010000101,3,0.9432926811,0.1673714092,79,0
85,172,010101100,4,0.9548780415,0.1772159359,73,0
85,173,010101101,5,0.9568597469,0.2084413404,107,0
85,393,110001001,4,0.9617377985,0.1536827425,47,0
85,133,010000101,3,0.9432926811,0.1673714092,78,0
85,169,010101001,4,0.9554877914,0.1521936124,69,0
85,274,100010010,3,0.9408536572,0.1183711295,86,0
85,426,110101010,5,0.965548778,0.1652380908,77,0
85,395,110001011,5,0.9670731667,0.1769618806,64,0
85,206,011001110,5,0.9589938931,0.2441969891,99,0
85,510,111111110,8,0.9663109742,0.2578454181,155,0
85,8,000001000,1,0.9012195114,0.0953759877,136,0
85,254,011111110,7,0.9605182894,0.3400172121,153,0
85,273,100010001,3,0.936280489,0.1366260718,101,0
85,137,010001001,3,0.9589938968,0.1376599907,11,0
85,20,000010100,2,0.916006105,0.1150037684,125,0
85,96,001100000,2,0.9330792725,0.09982250445,72,0
86,322,101000010,3,0.9539634027,0.1114213858,29,0
86,169,010101001,4,0.9554877914,0.1521936124,93,0
86,330,101001010,4,0.9649390206,0.1500430945,31,0
86,200,011001000,3,0.955487797,0.1316828153,20,0
86,193,011000001,3,0.9471036512,0.1576919009,77,0
86,448,111000000,3,0.9498475511,0.1094583822,64,0
86,138,010001010,3,0.9580792598,0.1175190397,8,0
86,322,101000010,3,0.9539634027,0.1114213858,30,0
86,44,000101100,3,0.9384146333,0.1604029066,118,0
86,144,010010000,2,0.9355182927,0.1628878268,79,0
86,14,000001110,3,0.9452743828,0.2012516796,89,0
86,8,000001000,1,0.9012195114,0.0953759877,150,0
86,394,110001010,4,0.9682926834,0.1485241046,11,0
86,485,111100101,6,0.9573170673,0.1772199203,147,0
86,172,010101100,4,0.9548780415,0.1772159359,99,0
86,26,000011010,3,0.9474085309,0.166096261,73,0
86,339,101010011,5,0.9528963324,0.1730788327,140,0
86,392,110001000,3,0.9653963372,0.1357308119,2,0
86,456,111001000,4,0.9663109723,0.1493365318,24,0
86,102,001100110,4,0.9516768195,0.1653954163,108,0
86,26,000011010,3,0.9474085309,0.166096261,74,0
86,24,000011000,2,0.9400914628,0.1224767463,48,0
86,332,101001100,4,0.9624999929,0.1707430179,43,0
86,203,011001011,5,0.959146332,0.1784309237,123,0
86,8,000001000,1,0.9012195114,0.0953759877,152,0
86,436,110110100,5,0.9548780341,0.3190835472,135,0
86,136,010001000,2,0.9556402415,0.08872172865,0,0
86,200,011001000,3,0.955487797,0.1316828153,16,0
86,8,000001000,1,0.9012195114,0.0953759877,154,0
86,129,010000001,2,0.9335365873,0.1010586498,91,0
86,12,000001100,2,0.9342987817,0.1145905149,88,0
86,32,000100000,1,0.8641768359,0.1044695501,161,0
86,409,110011001,5,0.9621951114,0.2163874777,112,0
86,384,110000000,2,0.942378046,0.1023272595,35,0
86,25,000011001,3,0.9463414568,0.1495797473,82,0
86,130,010000010,2,0.9394817092,0.1096591135,61,0
86,8,000001000,1,0.9012195114,0.0953759877,151,0
86,387,110000011,4,0.9507621918,0.175960077,114,0
86,464,111010000,4,0.9522865787,0.1902281402,103,0
86,202,011001010,4,0.9612804782,0.149196442,63,0
86,81,001010001,3,0.9440548755,0.1765820705,96,0
86,168,010101000,3,0.9556402303,0.1283902619,14,0
86,146,010010010,3,0.9370426815,0.1859965373,121,0
86,80,001010000,2,0.9368902445,0.1682704333,69,0
86,85,001010101,4,0.949542677,0.1903469744,117,0
86,274,100010010,3,0.9408536572,0.1183711295,105,0
86,449,111000001,4,0.9550304785,0.2016363414,98,0
86,392,110001000,3,0.9653963372,0.1357308119,3,0
86,68,001000100,2,0.947560966,0.2287352863,7,0
86,41,000101001,3,0.9443597533,0.2578364955,95,0
86,296,100101000,3,0.9603658449,0.1424966599,5,0
86,40,000101000,2,0.9376524407,0.09235404083,67,0
86,396,110001100,4,0.9617377967,0.18006679,59,0
86,393,110001001,4,0.9617377985,0.1536827425,57,0
86,329,101001001,4,0.9663109742,0.1626024148,23,0
86,326,101000110,4,0.9586890172,0.1529696728,71,0
86,73,001001001,3,0.953048775,0.1462754204,37,0
86,360,101101000,4,0.9634146318,0.168340771,40,0
86,132,010000100,2,0.9396341462,0.1636577162,56,0
86,400,110010000,3,0.9547256026,0.1810064591,25,0
86,429,110101101,6,0.9609756004,0.1956794159,144,0
86,348,101011100,5,0.9661585353,0.1913031316,97,0
86,280,100011000,3,0.9574695043,0.1384578615,10,0
86,184,010111000,4,0.9567073099,0.2421766864,86,0
86,330,101001010,4,0.9649390206,0.1500430945,32,0
86,130,010000010,2,0.9394817092,0.1096591135,62,0
86,145,010010001,3,0.943597557,0.1669537378,100,0
86,192,011000000,2,0.9504573103,0.1211086311,4,0
86,178,010110010,4,0.9370426852,0.3352389857,145,0
86,390,110000110,4,0.9560975488,0.160214691,90,0
86,137,010001001,3,0.9589938968,0.1376599907,6,0
86,200,011001000,3,0.955487797,0.1316828153,22,0
86,400,110010000,3,0.9547256026,0.1810064591,26,0
86,42,000101010,3,0.955487797,0.1481546445,17,0
86,273,100010001,3,0.936280489,0.1366260718,128,0
86,128,010000000,1,0.9323170781,0.08404751134,27,0
86,76,001001100,3,0.9522865731,0.1880639463,41,0
86,445,110111101,7,0.9670731686,0.2392563811,155,0
86,25,000011001,3,0.9463414568,0.1495797473,81,0
86,457,111001001,5,0.960213406,0.1580275986,120,0
86,496,111110000,5,0.9541158415,0.2100702799,136,0
86,298,100101010,4,0.9635670781,0.1536765499,38,0
86,356,101100100,4,0.9591463339,0.1657813322,68,0
86,186,010111010,5,0.9589938968,0.2682068814,125,0
86,220,011011100,5,0.9589938931,0.2710625273,126,0
86,228,011100100,4,0.9510670714,0.1718315468,113,0
86,144,010010000,2,0.9355182927,0.1628878268,78,0
86,138,010001010,3,0.9580792598,0.1175190397,9,0
86,185,010111001,5,0.957012184,0.2482354445,131,0
86,272,100010000,2,0.9314024411,0.09646097757,101,0
86,200,011001000,3,0.955487797,0.1316828153,18,0
86,197,011000101,4,0.9516768213,0.1970114671,107,0
86,384,110000000,2,0.942378046,0.1023272595,36,0
86,397,110001101,5,0.9626524374,0.1984722707,109,0
86,24,000011000,2,0.9400914628,0.1224767463,47,0
86,88,001011000,3,0.9570121896,0.1966020344,12,0
86,386,110000010,3,0.9515243825,0.1274834615,42,0
86,360,101101000,4,0.9634146318,0.168340771,39,0
86,186,010111010,5,0.9589938968,0.2682068814,124,0
86,34,000100010,2,0.9111280553,0.1001502015,156,0
86,103,001100111,5,0.9515243843,0.1856543748,143,0
86,393,110001001,4,0.9617377985,0.1536827425,58,0
86,160,010100000,2,0.9399390239,0.09322097432,54,0
86,10,000001010,2,0.9445121922,0.1083079919,15,0
86,199,011000111,5,0.9521341417,0.2270386657,142,0
86,384,110000000,2,0.942378046,0.1023272595,34,0
86,448,111000000,3,0.9498475511,0.1094583822,65,0
86,424,110101000,4,0.9621951189,0.151591171,50,0
86,4,000000100,1,0.9094512276,0.06868225115,138,0
86,208,011010000,3,0.9487804789,0.2195109283,66,0
86,37,000100101,3,0.9213414732,0.1178390123,157,0
86,135,010000111,4,0.9429878015,0.1987346318,137,0
86,458,111001010,5,0.9644817039,0.1614640043,102,0
86,388,110000100,3,0.9559451118,0.1492509923,13,0
86,136,010001000,2,0.9556402415,0.08872172865,0,0
86,380,101111100,6,0.9635670688,0.2217264464,141,0
86,193,011000001,3,0.9471036512,0.1576919009,76,0
86,110,001101110,5,0.9606707301,0.2040525535,116,0
86,152,010011000,3,0.9513719399,0.2329935927,46,0
86,428,110101100,5,0.9626524337,0.1925693848,110,0
86,134,010000110,3,0.9411585312,0.1737534327,104,0
86,41,000101001,3,0.9443597533,0.2578364955,94,0
86,299,100101011,5,0.9684451278,0.1646855306,83,0
86,200,011001000,3,0.955487797,0.1316828153,19,0
86,8,000001000,1,0.9012195114,0.0953759877,153,0
86,140,010001100,3,0.9544207212,0.1939722262,28,0
86,385,110000001,3,0.9457317069,0.1523044817,84,0
86,258,100000010,2,0.9272865914,0.1128509992,119,0
86,152,010011000,3,0.9513719399,0.2329935927,45,0
86,170,010101010,4,0.9583841376,0.1237906108,75,0
86,288,100100000,2,0.9224085417,0.09756062739,134,0
86,483,111100011,6,0.9574695099,0.1675422555,146,0
86,364,101101100,5,0.9696646333,0.1734690042,72,0
86,2,000000010,1,0.8757621963,0.0863469597,159,0
86,232,011101000,4,0.9621951152,0.2219230887,52,0
86,23,000010111,4,0.9347560983,0.1537364139,149,0
86,131,010000011,3,0.9347560965,0.1501262328,132,0
86,169,010101001,4,0.9554877914,0.1521936124,92,0
86,349,101011101,6,0.9696646389,0.3093579304,127,0
86,365,101101101,6,0.9644817039,0.2133307862,139,0
86,396,110001100,4,0.9617377967,0.18006679,60,0
86,366,101101110,6,0.9675304852,0.2001497867,133,0
86,42,000101010,3,0.955487797,0.1481546445,21,0
86,332,101001100,4,0.9624999929,0.1707430179,44,0
86,201,011001001,4,0.9567073155,0.1810487332,85,0
86,232,011101000,4,0.9621951152,0.2219230887,51,0
86,106,001101010,4,0.9589938987,0.1349909608,70,0
86,160,010100000,2,0.9399390239,0.09322097432,55,0
86,52,000110100,3,0.9237804934,0.1129184102,148,0
86,362,101101010,5,0.9624999966,0.1689127102,111,0
86,79,001001111,5,0.962957317,0.2229459747,106,0
86,236,011101100,5,0.9617378004,0.2343629976,115,0
86,5,000000101,2,0.9044207372,0.07468588371,158,0
86,184,010111000,4,0.9567073099,0.2421766864,87,0
86,25,000011001,3,0.9463414568,0.1495797473,80,0
86,256,100000000,1,0.8653963432,0.05144251033,160,0
86,462,111001110,6,0.9695121981,0.2274610037,129,0
86,424,110101000,4,0.9621951189,0.151591171,49,0
86,232,011101000,4,0.9621951152,0.2219230887,53,0
86,146,010010010,3,0.9370426815,0.1859965373,122,0
86,330,101001010,4,0.9649390206,0.1500430945,33,0
86,474,111011010,6,0.9687500075,0.2528586062,130,0
87,129,010000001,2,0.9335365873,0.1010586498,85,0
87,136,010001000,2,0.9556402415,0.08872172865,0,0
87,289,100100001,3,0.9368902445,0.1236085924,113,0
87,325,101000101,4,0.9565548692,0.1581497551,76,0
87,442,110111010,6,0.9629573133,0.2662793156,133,0
87,12,000001100,2,0.9342987817,0.1145905149,77,0
87,136,010001000,2,0.9556402415,0.08872172865,0,0
87,248,011111000,5,0.9550304767,0.2725362466,125,0
87,144,010010000,2,0.9355182927,0.1628878268,71,0
87,201,011001001,4,0.9567073155,0.1810487332,75,0
87,49,000110001,3,0.9184451289,0.1473816759,154,0
87,228,011100100,4,0.9510670714,0.1718315468,106,0
87,231,011100111,6,0.9519817065,0.2285920731,153,0
87,16,000010000,1,0.8800304849,0.0962131978,159,0
87,321,101000001,3,0.953048775,0.1407439543,43,0
87,483,111100011,6,0.9574695099,0.1675422555,145,0
87,456,111001000,4,0.9663109723,0.1493365318,38,0
87,29,000011101,4,0.951067064,0.1539091161,107,0
87,135,010000111,4,0.9429878015,0.1987346318,126,0
87,89,001011001,4,0.958079258,0.2149465061,68,0
87,463,111001111,7,0.9701219536,0.2215583678,142,0
87,200,011001000,3,0.955487797,0.1316828153,33,0
87,169,010101001,4,0.9554877914,0.1521936124,92,0
87,426,110101010,5,0.965548778,0.1652380908,96,0
87,456,111001000,4,0.9663109723,0.1493365318,36,0
87,137,010001001,3,0.9589938968,0.1376599907,24,0
87,505,111111001,7,0.9647865836,0.259944424,151,0
87,179,010110011,5,0.9410060942,0.2424715101,152,0
87,218,011011010,5,0.958841458,0.2987742741,116,0
87,26,000011010,3,0.9474085309,0.166096261,63,0
87,395,110001011,5,0.9670731667,0.1769618806,83,0
87,138,010001010,3,0.9580792598,0.1175190397,25,0
87,140,010001100,3,0.9544207212,0.1939722262,41,0
87,442,110111010,6,0.9629573133,0.2662793156,132,0
87,42,000101010,3,0.955487797,0.1481546445,35,0
87,489,111101001,6,0.9646341447,0.1878299923,130,0
87,183,010110111,6,0.9443597514,0.2673205337,158,0
87,168,010101000,3,0.9556402303,0.1283902619,29,0
87,167,010100111,5,0.9480182845,0.1973982276,140,0
87,89,001011001,4,0.958079258,0.2149465061,67,0
87,396,110001100,4,0.9617377967,0.18006679,58,0
87,392,110001000,3,0.9653963372,0.1357308119,13,0
87,128,010000000,1,0.9323170781,0.08404751134,39,0
87,132,010000100,2,0.9396341462,0.1636577162,56,0
87,392,110001000,3,0.9653963372,0.1357308119,16,0
87,232,011101000,4,0.9621951152,0.2219230887,53,0
87,264,100001000,2,0.9495426789,0.1157485445,21,0
87,35,000100011,3,0.9163109809,0.1255413797,156,0
87,153,010011001,4,0.955487797,0.2314127795,88,0
87,139,010001011,4,0.9586890135,0.1512846262,62,0
87,269,100001101,4,0.963262191,0.1545369336,44,0
87,31,000011111,5,0.9507621899,0.2732690205,134,0
87,163,010100011,4,0.9469512142,0.1452375506,118,0
87,62,000111110,5,0.9538109656,0.2270585177,128,0
87,464,111010000,4,0.9522865787,0.1902281402,100,0
87,249,011111001,6,0.958993895,0.3032088177,143,0
87,392,110001000,3,0.9653963372,0.1357308119,15,0
87,200,011001000,3,0.955487797,0.1316828153,32,0
87,282,100011010,4,0.9623475503,0.1541509838,48,0
87,110,001101110,5,0.9606707301,0.2040525535,111,0
87,314,100111010,5,0.9621951208,0.1824102593,105,0
87,2,000000010,1,0.8757621963,0.0863469597,160,0
87,111,001101111,6,0.958993895,0.2237674175,144,0
87,450,111000010,4,0.9554877952,0.1262044164,90,0
87,153,010011001,4,0.955487797,0.2314127795,86,0
87,366,101101110,6,0.9675304852,0.2001497867,120,0
87,78,001001110,4,0.9573170636,0.2032758179,72,0
87,136,010001000,2,0.9556402415,0.08872172865,0,0
87,136,010001000,2,0.9556402415,0.08872172865,0,0
87,9,000001001,2,0.9167682994,0.1331997535,136,0
87,150,010010110,4,0.9428353608,0.4122778447,127,0
87,297,100101001,4,0.9582317006,0.1647070954,66,0
87,265,100001001,3,0.9512195047,0.1273183418,49,0
87,477,111011101,7,0.9663109761,0.245831884,149,0
87,256,100000000,1,0.8653963432,0.05144251033,161,0
87,93,001011101,5,0.9603658449,0.2507782625,112,0
87,424,110101000,4,0.9621951189,0.151591171,52,0
87,394,110001010,4,0.9682926834,0.1485241046,27,0
87,169,010101001,4,0.9554877914,0.1521936124,91,0
87,34,000100010,2,0.9111280553,0.1001502015,148,0
87,136,010001000,2,0.9556402415,0.08872172865,0,0
87,136,010001000,2,0.9556402415,0.08872172865,0,0
87,396,110001100,4,0.9617377967,0.18006679,57,0
87,268,100001100,3,0.9647865798,0.1379161642,17,0
87,417,110100001,4,0.9451219458,0.1674812513,122,0
87,9,000001001,2,0.9167682994,0.1331997535,135,0
87,160,010100000,2,0.9399390239,0.09322097432,54,0
87,9,000001001,2,0.9167682994,0.1331997535,137,0
87,66,001000010,2,0.9518292602,0.09929567995,18,0
87,170,010101010,4,0.9583841376,0.1237906108,65,0
87,169,010101001,4,0.9554877914,0.1521936124,93,0
87,424,110101000,4,0.9621951189,0.151591171,51,0
87,136,010001000,2,0.9556402415,0.08872172865,0,0
87,142,010001110,4,0.9562499933,0.2010135157,80,0
87,140,010001100,3,0.9544207212,0.1939722262,40,0
87,170,010101010,4,0.9583841376,0.1237906108,64,0
87,412,110011100,5,0.9612804819,0.2286357516,108,0
87,11,000001011,3,0.9513719436,0.1420441959,46,0
87,389,110000101,4,0.9562499914,0.1904697402,81,0
87,464,111010000,4,0.9522865787,0.1902281402,101,0
87,136,010001000,2,0.9556402415,0.08872172865,0,0
87,14,000001110,3,0.9452743828,0.2012516796,78,0
87,81,001010001,3,0.9440548755,0.1765820705,94,0
87,153,010011001,4,0.955487797,0.2314127795,89,0
87,394,110001010,4,0.9682926834,0.1485241046,26,0
87,204,011001100,4,0.9535060935,0.2112389025,97,0
87,152,010011000,3,0.9513719399,0.2329935927,47,0
87,223,011011111,7,0.959298769,0.3238683129,157,0
87,491,111101011,7,0.9621951226,0.1842359612,155,0
87,366,101101110,6,0.9675304852,0.2001497867,121,0
87,136,010001000,2,0.9556402415,0.08872172865,0,0
87,444,110111100,6,0.964786578,0.2217209716,129,0
87,188,010111100,5,0.9551829174,0.2635214692,124,0
87,458,111001010,5,0.9644817039,0.1614640043,98,0
87,481,111100001,5,0.9490853604,0.1667485817,139,0
87,386,110000010,3,0.9515243825,0.1274834615,45,0
87,424,110101000,4,0.9621951189,0.151591171,50,0
87,336,101010000,3,0.9498475567,0.1365595176,60,0
87,130,010000010,2,0.9394817092,0.1096591135,59,0
87,39,000100111,4,0.9327743929,0.170628381,150,0
87,57,000111001,4,0.9443597514,0.1744129988,123,0
87,8,000001000,1,0.9012195114,0.0953759877,146,0
87,392,110001000,3,0.9653963372,0.1357308119,14,0
87,153,010011001,4,0.955487797,0.2314127795,87,0
87,412,110011100,5,0.9612804819,0.2286357516,109,0
87,144,010010000,2,0.9355182927,0.1628878268,70,0
87,142,010001110,4,0.9562499933,0.2010135157,79,0
87,200,011001000,3,0.955487797,0.1316828153,34,0
87,168,010101000,3,0.9556402303,0.1283902619,30,0
87,129,010000001,2,0.9335365873,0.1010586498,84,0
87,137,010001001,3,0.9589938968,0.1376599907,23,0
87,8,000001000,1,0.9012195114,0.0953759877,147,0
87,411,110011011,6,0.9638719447,0.23684128,131,0
87,296,100101000,3,0.9603658449,0.1424966599,22,0
87,385,110000001,3,0.9457317069,0.1523044817,73,0
87,328,101001000,3,0.9661585353,0.1314932012,12,0
87,136,010001000,2,0.9556402415,0.08872172865,0,0
87,284,100011100,4,0.9644817002,0.1660791668,42,0
87,456,111001000,4,0.9663109723,0.1493365318,37,0
87,264,100001000,2,0.9495426789,0.1157485445,20,0
87,216,011011000,4,0.9560975544,0.2577285054,82,0
87,136,010001000,2,0.9556402415,0.08872172865,0,0
87,145,010010001,3,0.943597557,0.1669537378,95,0
87,168,010101000,3,0.9556402303,0.1283902619,31,0
87,164,010100100,3,0.9356707316,0.1803958965,119,0
87,197,011000101,4,0.9516768213,0.1970114671,103,0
87,420,110100100,4,0.9579268228,0.1566663263,69,0
87,453,111000101,5,0.9580792617,0.16819228,117,0
87,328,101001000,3,0.9661585353,0.1314932012,11,0
87,79,001001111,5,0.962957317,0.2229459747,102,0
87,314,100111010,5,0.9621951208,0.1824102593,104,0
87,406,110010110,5,0.9480182827,0.218691871,141,0
87,110,001101110,5,0.9606707301,0.2040525535,110,0
87,267,100001011,4,0.9620426763,0.1646921253,55,0
87,206,011001110,5,0.9589938931,0.2441969891,115,0
87,50,000110010,3,0.9269817118,0.1555463769,138,0
87,192,011000000,2,0.9504573103,0.1211086311,19,0
87,206,011001110,5,0.9589938931,0.2441969891,114,0
87,277,100010101,4,0.9528963342,0.1554693631,99,0
87,201,011001001,4,0.9567073155,0.1810487332,74,0
87,156,010011100,4,0.9596036505,0.2749188193,61,0
87,168,010101000,3,0.9556402303,0.1283902619,28,0
88,362,101101010,5,0.9624999966,0.1689127102,119,0
88,169,010101001,4,0.9554877914,0.1521936124,101,0
88,138,010001010,3,0.9580792598,0.1175190397,14,0
88,344,101011000,4,0.964634141,0.194875374,42,0
88,331,101001011,5,0.9695122056,0.1774945036,83,0
88,384,110000000,2,0.942378046,0.1023272595,46,0
88,138,010001010,3,0.9580792598,0.1175190397,16,0
88,138,010001010,3,0.9580792598,0.1175190397,17,0
88,40,000101000,2,0.9376524407,0.09235404083,79,0
88,384,110000000,2,0.942378046,0.1023272595,45,0
88,205,011001101,5,0.9605182856,0.3885932574,129,0
88,10,000001010,2,0.9445121922,0.1083079919,24,0
88,328,101001000,3,0.9661585353,0.1314932012,5,0
88,141,010001101,4,0.9608231671,0.193762437,76,0
88,252,011111100,6,0.964176828,0.316163627,150,0
88,76,001001100,3,0.9522865731,0.1880639463,55,0
88,131,010000011,3,0.9347560965,0.1501262328,137,0
88,136,010001000,2,0.9556402415,0.08872172865,0,0
88,456,111001000,4,0.9663109723,0.1493365318,32,0
88,388,110000100,3,0.9559451118,0.1492509923,21,0
88,408,110011000,4,0.958231695,0.2197342259,90,0
88,152,010011000,3,0.9513719399,0.2329935927,62,0
88,476,111011100,6,0.9672256112,0.2396430206,142,0
88,155,010011011,5,0.9644817039,0.2534072064,110,0
88,328,101001000,3,0.9661585353,0.1314932012,4,0
88,436,110110100,5,0.9548780341,0.3190835472,145,0
88,136,010001000,2,0.9556402415,0.08872172865,0,0
88,206,011001110,5,0.9589938931,0.2441969891,133,0
88,28,000011100,3,0.9434451163,0.1445199884,104,0
88,128,010000000,1,0.9323170781,0.08404751134,33,0
88,12,000001100,2,0.9342987817,0.1145905149,95,0
88,32,000100000,1,0.8641768359,0.1044695501,161,0
88,153,010011001,4,0.955487797,0.2314127795,99,0
88,64,001000000,1,0.9262195174,0.09079117677,81,0
88,472,111011000,5,0.9638719503,0.2441837927,115,0
88,130,010000010,2,0.9394817092,0.1096591135,73,0
88,8,000001000,1,0.9012195114,0.0953759877,156,0
88,387,110000011,4,0.9507621918,0.175960077,124,0
88,452,111000100,4,0.9608231634,0.1636474896,77,0
88,170,010101010,4,0.9583841376,0.1237906108,88,0
88,465,111010001,5,0.9565548692,0.3861234859,140,0
88,440,110111000,5,0.9647865817,0.2230814546,107,0
88,203,011001011,5,0.959146332,0.1784309237,131,0
88,81,001010001,3,0.9440548755,0.1765820705,103,0
88,365,101101101,6,0.9644817039,0.2133307862,149,0
88,258,100000010,2,0.9272865914,0.1128509992,128,0
88,200,011001000,3,0.955487797,0.1316828153,25,0
88,136,010001000,2,0.9556402415,0.08872172865,0,0
88,4,000000100,1,0.9094512276,0.06868225115,148,0
88,170,010101010,4,0.9583841376,0.1237906108,86,0
88,232,011101000,4,0.9621951152,0.2219230887,65,0
88,426,110101010,5,0.965548778,0.1652380908,105,0
88,140,010001100,3,0.9544207212,0.1939722262,37,0
88,329,101001001,4,0.9663109742,0.1626024148,30,0
88,9,000001001,2,0.9167682994,0.1331997535,153,0
88,332,101001100,4,0.9624999929,0.1707430179,60,0
88,73,001001001,3,0.953048775,0.1462754204,49,0
88,360,101101000,4,0.9634146318,0.168340771,53,0
88,386,110000010,3,0.9515243825,0.1274834615,59,0
88,128,010000000,1,0.9323170781,0.08404751134,35,0
88,425,110101001,5,0.9621951208,0.1687642131,121,0
88,140,010001100,3,0.9544207212,0.1939722262,39,0
88,148,010010100,3,0.9419207256,0.2030755011,114,0
88,408,110011000,4,0.958231695,0.2197342259,89,0
88,330,101001010,4,0.9649390206,0.1500430945,41,0
88,128,010000000,1,0.9323170781,0.08404751134,34,0
88,155,010011011,5,0.9644817039,0.2534072064,112,0
88,208,011010000,3,0.9487804789,0.2195109283,78,0
88,131,010000011,3,0.9347560965,0.1501262328,138,0
88,142,010001110,4,0.9562499933,0.2010135157,96,0
88,137,010001001,3,0.9589938968,0.1376599907,12,0
88,456,111001000,4,0.9663109723,0.1493365318,31,0
88,144,010010000,2,0.9355182927,0.1628878268,93,0
88,42,000101010,3,0.955487797,0.1481546445,26,0
88,153,010011001,4,0.955487797,0.2314127795,100,0
88,130,010000010,2,0.9394817092,0.1096591135,72,0
88,206,011001110,5,0.9589938931,0.2441969891,134,0
88,29,000011101,4,0.951067064,0.1539091161,123,0
88,320,101000000,2,0.9503048677,0.1123269997,8,0
88,73,001001001,3,0.953048775,0.1462754204,47,0
88,496,111110000,5,0.9541158415,0.2100702799,147,0
88,379,101111011,7,0.9603658468,0.2280426561,160,0
88,321,101000001,3,0.953048775,0.1407439543,48,0
88,186,010111010,5,0.9589938968,0.2682068814,132,0
88,220,011011100,5,0.9589938931,0.2710625273,135,0
88,192,011000000,2,0.9504573103,0.1211086311,7,0
88,152,010011000,3,0.9513719399,0.2329935927,63,0
88,202,011001010,4,0.9612804782,0.149196442,74,0
88,227,011100011,5,0.9506097492,0.1793539175,152,0
88,220,011011100,5,0.9589938931,0.2710625273,136,0
88,460,111001100,5,0.9623475634,0.1988814175,120,0
88,196,011000100,3,0.9515243825,0.1577226631,58,0
88,384,110000000,2,0.942378046,0.1023272595,44,0
88,269,100001101,4,0.963262191,0.1545369336,56,0
88,314,100111010,5,0.9621951208,0.1824102593,122,0
88,200,011001000,3,0.955487797,0.1316828153,27,0
88,130,010000010,2,0.9394817092,0.1096591135,71,0
88,232,011101000,4,0.9621951152,0.2219230887,66,0
88,170,010101010,4,0.9583841376,0.1237906108,85,0
88,242,011110010,5,0.9455792625,0.2814117442,157,0
88,10,000001010,2,0.9445121922,0.1083079919,23,0
88,393,110001001,4,0.9617377985,0.1536827425,70,0
88,104,001101000,3,0.9568597451,0.1185564424,20,0
88,331,101001011,5,0.9695122056,0.1774945036,84,0
88,197,011000101,4,0.9516768213,0.1970114671,117,0
88,384,110000000,2,0.942378046,0.1023272595,43,0
88,320,101000000,2,0.9503048677,0.1123269997,9,0
88,424,110101000,4,0.9621951189,0.151591171,64,0
88,128,010000000,1,0.9323170781,0.08404751134,36,0
88,48,000110000,2,0.9140243977,0.09490588191,154,0
88,39,000100111,4,0.9327743929,0.170628381,158,0
88,131,010000011,3,0.9347560965,0.1501262328,139,0
88,458,111001010,5,0.9644817039,0.1614640043,111,0
88,420,110100100,4,0.9579268228,0.1566663263,92,0
88,138,010001010,3,0.9580792598,0.1175190397,15,0
88,44,000101100,3,0.9384146333,0.1604029066,127,0
88,322,101000010,3,0.9539634027,0.1114213858,40,0
88,38,000100110,3,0.9329268336,0.1262098874,143,0
88,433,110110001,5,0.953048775,0.1948711216,151,0
88,448,111000000,3,0.9498475511,0.1094583822,75,0
88,390,110000110,4,0.9560975488,0.160214691,97,0
88,416,110100000,3,0.9510670714,0.1087195657,68,0
88,35,000100011,3,0.9163109809,0.1255413797,159,0
88,73,001001001,3,0.953048775,0.1462754204,50,0
88,200,011001000,3,0.955487797,0.1316828153,28,0
88,140,010001100,3,0.9544207212,0.1939722262,38,0
88,129,010000001,2,0.9335365873,0.1010586498,98,0
88,264,100001000,2,0.9495426789,0.1157485445,10,0
88,152,010011000,3,0.9513719399,0.2329935927,61,0
88,170,010101010,4,0.9583841376,0.1237906108,87,0
88,292,100100100,3,0.9576219451,0.1772560109,18,0
88,193,011000001,3,0.9471036512,0.1576919009,91,0
88,108,001101100,4,0.9585365746,0.1886128322,82,0
88,386,110000010,3,0.9515243825,0.1274834615,57,0
88,234,011101010,5,0.9644817039,0.206266609,109,0
88,149,010010101,4,0.9435975533,0.2027544379,146,0
88,197,011000101,4,0.9516768213,0.1970114671,116,0
88,41,000101001,3,0.9443597533,0.2578364955,102,0
88,157,010011101,5,0.9608231653,0.2573634591,125,0
88,200,011001000,3,0.955487797,0.1316828153,29,0
88,392,110001000,3,0.9653963372,0.1357308119,6,0
88,366,101101110,6,0.9675304852,0.2001497867,141,0
88,40,000101000,2,0.9376524407,0.09235404083,80,0
88,68,001000100,2,0.947560966,0.2287352863,13,0
88,457,111001001,5,0.960213406,0.1580275986,130,0
88,168,010101000,3,0.9556402303,0.1283902619,22,0
88,360,101101000,4,0.9634146318,0.168340771,52,0
88,136,010001000,2,0.9556402415,0.08872172865,0,0
88,500,111110100,6,0.9571646266,0.210213976,155,0
88,248,011111000,5,0.9550304767,0.2725362466,144,0
88,110,001101110,5,0.9606707301,0.2040525535,126,0
88,397,110001101,5,0.9626524374,0.1984722707,118,0
88,133,010000101,3,0.9432926811,0.1673714092,106,0
88,440,110111000,5,0.9647865817,0.2230814546,108,0
88,25,000011001,3,0.9463414568,0.1495797473,94,0
88,76,001001100,3,0.9522865731,0.1880639463,54,0
88,132,010000100,2,0.9396341462,0.1636577162,69,0
88,296,100101000,3,0.9603658449,0.1424966599,11,0
88,232,011101000,4,0.9621951152,0.2219230887,67,0
88,280,100011000,3,0.9574695043,0.1384578615,19,0
88,298,100101010,4,0.9635670781,0.1536765499,51,0
88,338,101010010,4,0.9530487694,0.1827030429,113,0
89,321,101000001,3,0.953048775,0.1407439543,47,0
89,136,010001000,2,0.9556402415,0.08872172865,0,0
89,106,001101010,4,0.9589938987,0.1349909608,70,0
89,132,010000100,2,0.9396341462,0.1636577162,59,0
89,154,010011010,4,0.9570121877,0.2396545438,76,0
89,44,000101100,3,0.9384146333,0.1604029066,111,0
89,136,010001000,2,0.9556402415,0.08872172865,0,0
89,112,001110000,3,0.9481707234,0.1940589957,69,0
89,144,010010000,2,0.9355182927,0.1628878268,73,0
89,457,111001001,5,0.960213406,0.1580275986,113,0
89,34,000100010,2,0.9111280553,0.1001502015,152,0
89,197,011000101,4,0.9516768213,0.1970114671,106,0
89,109,001101101,5,0.9626524318,0.2083265451,107,0
89,88,001011000,3,0.9570121896,0.1966020344,29,0
89,64,001000000,1,0.9262195174,0.09079117677,67,0
89,263,100000111,4,0.9487804864,0.1450051651,114,0
89,24,000011000,2,0.9400914628,0.1224767463,56,0
89,281,100011001,4,0.9638719484,0.1484918948,48,0
89,135,010000111,4,0.9429878015,0.1987346318,127,0
89,315,100111011,6,0.9631097522,0.1866992847,134,0
89,199,011000111,5,0.9521341417,0.2270386657,133,0
89,200,011001000,3,0.955487797,0.1316828153,38,0
89,313,100111001,5,0.963109754,0.167221989,102,0
89,232,011101000,4,0.9621951152,0.2219230887,57,0
89,328,101001000,3,0.9661585353,0.1314932012,11,0
89,143,010001111,5,0.9640243854,0.2269113725,101,0
89,393,110001001,4,0.9617377985,0.1536827425,60,0
89,145,010010001,3,0.943597557,0.1669537378,92,0
89,204,011001100,4,0.9535060935,0.2112389025,97,0
89,155,010011011,5,0.9644817039,0.2534072064,99,0
89,395,110001011,5,0.9670731667,0.1769618806,83,0
89,138,010001010,3,0.9580792598,0.1175190397,25,0
89,140,010001100,3,0.9544207212,0.1939722262,44,0
89,446,110111110,7,0.9637195077,0.2505255626,154,0
89,40,000101000,2,0.9376524407,0.09235404083,64,0
89,489,111101001,6,0.9646341447,0.1878299923,131,0
89,245,011110101,6,0.9474085309,0.2499909932,158,0
89,168,010101000,3,0.9556402303,0.1283902619,33,0
89,54,000110110,4,0.9384146333,0.1622000067,142,0
89,216,011011000,4,0.9560975544,0.2577285054,82,0
89,8,000001000,1,0.9012195114,0.0953759877,151,0
89,136,010001000,2,0.9556402415,0.08872172865,0,0
89,200,011001000,3,0.955487797,0.1316828153,36,0
89,46,000101110,4,0.9539634064,0.1775657085,96,0
89,18,000010010,2,0.9048780557,0.1242320742,157,0
89,456,111001000,4,0.9663109723,0.1493365318,40,0
89,257,100000001,2,0.8830792718,0.09909134312,159,0
89,226,011100010,4,0.9487804808,0.1625480801,115,0
89,153,010011001,4,0.955487797,0.2314127795,89,0
89,9,000001001,2,0.9167682994,0.1331997535,140,0
89,264,100001000,2,0.9495426789,0.1157485445,17,0
89,415,110011111,7,0.9681402519,0.2540232334,147,0
89,162,010100010,3,0.9460365772,0.1228090909,75,0
89,62,000111110,5,0.9538109656,0.2270585177,129,0
89,216,011011000,4,0.9560975544,0.2577285054,81,0
89,49,000110001,3,0.9184451289,0.1473816759,155,0
89,136,010001000,2,0.9556402415,0.08872172865,0,0
89,264,100001000,2,0.9495426789,0.1157485445,18,0
89,412,110011100,5,0.9612804819,0.2286357516,110,0
89,374,101110110,6,0.9637195077,0.1878173118,132,0
89,24,000011000,2,0.9400914628,0.1224767463,55,0
89,194,011000010,3,0.9448170681,0.1295389787,84,0
89,491,111101011,7,0.9621951226,0.1842359612,156,0
89,226,011100010,4,0.9487804808,0.1625480801,116,0
89,153,010011001,4,0.955487797,0.2314127795,88,0
89,108,001101100,4,0.9585365746,0.1886128322,71,0
89,72,001001000,2,0.9495426752,0.1139507112,20,0
89,136,010001000,2,0.9556402415,0.08872172865,0,0
89,152,010011000,3,0.9513719399,0.2329935927,54,0
89,13,000001101,3,0.9356707335,0.3014179626,122,0
89,150,010010110,4,0.9428353608,0.4122778447,128,0
89,40,000101000,2,0.9376524407,0.09235404083,65,0
89,9,000001001,2,0.9167682994,0.1331997535,139,0
89,153,010011001,4,0.955487797,0.2314127795,85,0
89,256,100000000,1,0.8653963432,0.05144251033,161,0
89,221,011011101,6,0.9602134116,0.300388671,144,0
89,392,110001000,3,0.9653963372,0.1357308119,15,0
89,174,010101110,5,0.9596036505,0.2229905166,117,0
89,256,100000000,1,0.8653963432,0.05144251033,160,0
89,418,110100010,4,0.9541158434,0.1336211525,95,0
89,136,010001000,2,0.9556402415,0.08872172865,0,0
89,200,011001000,3,0.955487797,0.1316828153,35,0
89,140,010001100,3,0.9544207212,0.1939722262,43,0
89,8,000001000,1,0.9012195114,0.0953759877,150,0
89,416,110100000,3,0.9510670714,0.1087195657,58,0
89,9,000001001,2,0.9167682994,0.1331997535,138,0
89,168,010101000,3,0.9556402303,0.1283902619,30,0
89,67,001000011,3,0.9541158434,0.1536063617,45,0
89,8,000001000,1,0.9012195114,0.0953759877,149,0
89,366,101101110,6,0.9675304852,0.2001497867,124,0
89,43,000101011,4,0.9513719436,0.1703410912,108,0
89,168,010101000,3,0.9556402303,0.1283902619,31,0
89,392,110001000,3,0.9653963372,0.1357308119,14,0
89,138,010001010,3,0.9580792598,0.1175190397,26,0
89,398,110001110,5,0.9652439002,0.184927925,93,0
89,50,000110010,3,0.9269817118,0.1555463769,143,0
89,56,000111000,3,0.9454268273,0.1453281161,77,0
89,266,100001010,3,0.9663109817,0.1359270001,9,0
89,128,010000000,1,0.9323170781,0.08404751134,42,0
89,8,000001000,1,0.9012195114,0.0953759877,148,0
89,41,000101001,3,0.9443597533,0.2578364955,90,0
89,10,000001010,2,0.9445121922,0.1083079919,34,0
89,11,000001011,3,0.9513719436,0.1420441959,50,0
89,152,010011000,3,0.9513719399,0.2329935927,53,0
89,394,110001010,4,0.9682926834,0.1485241046,28,0
89,204,011001100,4,0.9535060935,0.2112389025,98,0
89,392,110001000,3,0.9653963372,0.1357308119,13,0
89,159,010011111,6,0.9618902393,0.2912165942,135,0
89,431,110101111,7,0.9658536613,0.2059036302,153,0
89,206,011001110,5,0.9589938931,0.2441969891,119,0
89,136,010001000,2,0.9556402415,0.08872172865,0,0
89,444,110111100,6,0.964786578,0.2217209716,130,0
89,188,010111100,5,0.9551829174,0.2635214692,126,0
89,202,011001010,4,0.9612804782,0.149196442,62,0
89,224,011100000,3,0.9408536591,0.1201759358,103,0
89,384,110000000,2,0.942378046,0.1023272595,46,0
89,9,000001001,2,0.9167682994,0.1331997535,136,0
89,216,011011000,4,0.9560975544,0.2577285054,79,0
89,200,011001000,3,0.955487797,0.1316828153,37,0
89,291,100100011,4,0.9493902382,0.206504555,112,0
89,57,000111001,4,0.9443597514,0.1744129988,125,0
89,9,000001001,2,0.9167682994,0.1331997535,141,0
89,392,110001000,3,0.9653963372,0.1357308119,12,0
89,152,010011000,3,0.9513719399,0.2329935927,52,0
89,350,101011110,6,0.9681402408,0.2603807449,123,0
89,144,010010000,2,0.9355182927,0.1628878268,74,0
89,143,010001111,5,0.9640243854,0.2269113725,100,0
89,456,111001000,4,0.9663109723,0.1493365318,39,0
89,168,010101000,3,0.9556402303,0.1283902619,32,0
89,128,010000000,1,0.9323170781,0.08404751134,41,0
89,136,010001000,2,0.9556402415,0.08872172865,0,0
89,266,100001010,3,0.9663109817,0.1359270001,10,0
89,152,010011000,3,0.9513719399,0.2329935927,51,0
89,138,010001010,3,0.9580792598,0.1175190397,24,0
89,137,010001001,3,0.9589938968,0.1376599907,22,0
89,66,001000010,2,0.9518292602,0.09929567995,16,0
89,216,011011000,4,0.9560975544,0.2577285054,80,0
89,396,110001100,4,0.9617377967,0.18006679,61,0
89,72,001001000,2,0.9495426752,0.1139507112,19,0
89,9,000001001,2,0.9167682994,0.1331997535,137,0
89,156,010011100,4,0.9596036505,0.2749188193,66,0
89,138,010001010,3,0.9580792598,0.1175190397,27,0
89,153,010011001,4,0.955487797,0.2314127795,87,0
89,360,101101000,4,0.9634146318,0.168340771,49,0
89,172,010101100,4,0.9548780415,0.1772159359,91,0
89,141,010001101,4,0.9608231671,0.193762437,63,0
89,174,010101110,5,0.9596036505,0.2229905166,118,0
89,389,110000101,4,0.9562499914,0.1904697402,78,0
89,137,010001001,3,0.9589938968,0.1376599907,23,0
89,197,011000101,4,0.9516768213,0.1970114671,105,0
89,153,010011001,4,0.955487797,0.2314127795,86,0
89,58,000111010,4,0.9541158453,0.1998991431,94,0
89,367,101101111,7,0.9689024445,0.2136532324,146,0
89,171,010101011,5,0.961890243,0.1561283367,109,0
89,206,011001110,5,0.9589938931,0.2441969891,121,0
89,170,010101010,4,0.9583841376,0.1237906108,72,0
89,136,010001000,2,0.9556402415,0.08872172865,0,0
89,206,011001110,5,0.9589938931,0.2441969891,120,0
89,401,110010001,4,0.9516768232,0.1931645344,104,0
89,64,001000000,1,0.9262195174,0.09079117677,68,0
89,214,011010110,5,0.9489329215,0.2694390733,145,0
89,296,100101000,3,0.9603658449,0.1424966599,21,0
90,138,010001010,3,0.9580792598,0.1175190397,25,0
90,137,010001001,3,0.9589938968,0.1376599907,20,0
90,450,111000010,4,0.9554877952,0.1262044164,103,0
90,476,111011100,6,0.9672256112,0.2396430206,137,0
90,77,001001101,4,0.9611280505,0.2220115,66,0
90,128,010000000,1,0.9323170781,0.08404751134,37,0
90,138,010001010,3,0.9580792598,0.1175190397,24,0
90,266,100001010,3,0.9663109817,0.1359270001,10,0
90,172,010101100,4,0.9548780415,0.1772159359,107,0
90,136,010001000,2,0.9556402415,0.08872172865,0,0
90,413,110011101,6,0.9644817039,0.2295870977,144,0
90,174,010101110,5,0.9596036505,0.2229905166,129,0
90,136,010001000,2,0.9556402415,0.08872172865,0,0
90,207,011001111,6,0.9615853634,0.2859955677,147,0
90,437,110110101,6,0.9524390157,0.2554515093,156,0
90,200,011001000,3,0.955487797,0.1316828153,31,0
90,129,010000001,2,0.9335365873,0.1010586498,100,0
90,136,010001000,2,0.9556402415,0.08872172865,0,0
90,392,110001000,3,0.9653963372,0.1357308119,14,0
90,196,011000100,3,0.9515243825,0.1577226631,49,0
90,24,000011000,2,0.9400914628,0.1224767463,56,0
90,184,010111000,4,0.9567073099,0.2421766864,92,0
90,460,111001100,5,0.9623475634,0.1988814175,126,0
90,410,110011010,5,0.9644817039,0.2193003995,119,0
90,136,010001000,2,0.9556402415,0.08872172865,0,0
90,176,010110000,3,0.9341463428,0.2078121302,136,0
90,136,010001000,2,0.9556402415,0.08872172865,0,0
90,238,011101110,6,0.9606707245,0.2395493905,150,0
90,24,000011000,2,0.9400914628,0.1224767463,55,0
90,129,010000001,2,0.9335365873,0.1010586498,99,0
90,12,000001100,2,0.9342987817,0.1145905149,93,0
90,32,000100000,1,0.8641768359,0.1044695501,161,0
90,153,010011001,4,0.955487797,0.2314127795,101,0
90,450,111000010,4,0.9554877952,0.1262044164,104,0
90,476,111011100,6,0.9672256112,0.2396430206,138,0
90,138,010001010,3,0.9580792598,0.1175190397,23,0
90,136,010001000,2,0.9556402415,0.08872172865,0,0
90,386,110000010,3,0.9515243825,0.1274834615,48,0
90,393,110001001,4,0.9617377985,0.1536827425,62,0
90,106,001101010,4,0.9589938987,0.1349909608,71,0
90,209,011010001,4,0.9481707271,0.2154377233,130,0
90,138,010001010,3,0.9580792598,0.1175190397,27,0
90,195,011000011,4,0.9493902363,0.1929078563,127,0
90,211,011010011,5,0.9449695051,0.2340317885,154,0
90,79,001001111,5,0.962957317,0.2229459747,123,0
90,162,010100010,3,0.9460365772,0.1228090909,88,0
90,200,011001000,3,0.955487797,0.1316828153,33,0
90,137,010001001,3,0.9589938968,0.1376599907,19,0
90,204,011001100,4,0.9535060935,0.2112389025,114,0
90,170,010101010,4,0.9583841376,0.1237906108,78,0
90,488,111101000,5,0.966463415,0.1571392328,106,0
90,40,000101000,2,0.9376524407,0.09235404083,69,0
90,460,111001100,5,0.9623475634,0.1988814175,125,0
90,203,011001011,5,0.959146332,0.1784309237,131,0
90,265,100001001,3,0.9512195047,0.1273183418,54,0
90,390,110000110,4,0.9560975488,0.160214691,96,0
90,65,001000001,2,0.9350609761,0.1252497334,85,0
90,344,101011000,4,0.964634141,0.194875374,40,0
90,6,000000110,2,0.9178353697,0.1008892676,146,0
90,152,010011000,3,0.9513719399,0.2329935927,53,0
90,393,110001001,4,0.9617377985,0.1536827425,63,0
90,76,001001100,3,0.9522865731,0.1880639463,46,0
90,336,101010000,3,0.9498475567,0.1365595176,67,0
90,136,010001000,2,0.9556402415,0.08872172865,0,0
90,78,001001110,4,0.9573170636,0.2032758179,84,0
90,392,110001000,3,0.9653963372,0.1357308119,12,0
90,139,010001011,4,0.9586890135,0.1512846262,72,0
90,216,011011000,4,0.9560975544,0.2577285054,95,0
90,131,010000011,3,0.9347560965,0.1501262328,134,0
90,395,110001011,5,0.9670731667,0.1769618806,97,0
90,136,010001000,2,0.9556402415,0.08872172865,0,0
90,393,110001001,4,0.9617377985,0.1536827425,60,0
90,408,110011000,4,0.958231695,0.2197342259,80,0
90,298,100101010,4,0.9635670781,0.1536765499,44,0
90,153,010011001,4,0.955487797,0.2314127795,102,0
90,2,000000010,1,0.8757621963,0.0863469597,160,0
90,74,001001010,3,0.9570121821,0.1378696063,28,0
90,281,100011001,4,0.9638719484,0.1484918948,43,0
90,201,011001001,4,0.9567073155,0.1810487332,90,0
90,393,110001001,4,0.9617377985,0.1536827425,61,0
90,496,111110000,5,0.9541158415,0.2100702799,143,0
90,267,100001011,4,0.9620426763,0.1646921253,59,0
90,197,011000101,4,0.9516768213,0.1970114671,124,0
90,170,010101010,4,0.9583841376,0.1237906108,79,0
90,92,001011100,4,0.9571646284,0.2256155275,86,0
90,192,011000000,2,0.9504573103,0.1211086311,16,0
90,152,010011000,3,0.9513719399,0.2329935927,51,0
90,64,001000000,1,0.9262195174,0.09079117677,70,0
90,35,000100011,3,0.9163109809,0.1255413797,158,0
90,272,100010000,2,0.9314024411,0.09646097757,113,0
90,490,111101010,6,0.9657012131,0.1730029145,142,0
90,148,010010100,3,0.9419207256,0.2030755011,121,0
90,128,010000000,1,0.9323170781,0.08404751134,38,0
90,329,101001001,4,0.9663109742,0.1626024148,34,0
90,168,010101000,3,0.9556402303,0.1283902619,30,0
90,154,010011010,4,0.9570121877,0.2396545438,89,0
90,270,100001110,4,0.9641768225,0.171474142,42,0
90,202,011001010,4,0.9612804782,0.149196442,64,0
90,410,110011010,5,0.9644817039,0.2193003995,117,0
90,410,110011010,5,0.9644817039,0.2193003995,116,0
90,202,011001010,4,0.9612804782,0.149196442,65,0
90,12,000001100,2,0.9342987817,0.1145905149,94,0
90,226,011100010,4,0.9487804808,0.1625480801,128,0
90,331,101001011,5,0.9695122056,0.1774945036,75,0
90,237,011101101,6,0.9591463376,0.2640092028,151,0
90,384,110000000,2,0.942378046,0.1023272595,41,0
90,328,101001000,3,0.9661585353,0.1314932012,11,0
90,461,111001101,6,0.9624999948,0.2131315088,145,0
90,8,000001000,1,0.9012195114,0.0953759877,153,0
90,304,100110000,3,0.9338414669,0.1354449289,139,0
90,41,000101001,3,0.9443597533,0.2578364955,105,0
90,162,010100010,3,0.9460365772,0.1228090909,87,0
90,458,111001010,5,0.9644817039,0.1614640043,115,0
90,172,010101100,4,0.9548780415,0.1772159359,108,0
90,138,010001010,3,0.9580792598,0.1175190397,26,0
90,28,000011100,3,0.9434451163,0.1445199884,110,0
90,194,011000010,3,0.9448170681,0.1295389787,98,0
90,398,110001110,5,0.9652439002,0.184927925,112,0
90,306,100110010,4,0.9446646273,0.140418421,140,0
90,68,001000100,2,0.947560966,0.2287352863,22,0
90,148,010010100,3,0.9419207256,0.2030755011,120,0
90,160,010100000,2,0.9399390239,0.09322097432,58,0
90,35,000100011,3,0.9163109809,0.1255413797,157,0
90,9,000001001,2,0.9167682994,0.1331997535,149,0
90,264,100001000,2,0.9495426789,0.1157485445,17,0
90,140,010001100,3,0.9544207212,0.1939722262,39,0
90,137,010001001,3,0.9589938968,0.1376599907,21,0
90,136,010001000,2,0.9556402415,0.08872172865,0,0
90,152,010011000,3,0.9513719399,0.2329935927,52,0
90,170,010101010,4,0.9583841376,0.1237906108,77,0
90,5,000000101,2,0.9044207372,0.07468588371,159,0
90,483,111100011,6,0.9574695099,0.1675422555,152,0
90,492,111101100,6,0.9681402501,0.1861764477,133,0
90,288,100100000,2,0.9224085417,0.09756062739,141,0
90,170,010101010,4,0.9583841376,0.1237906108,76,0
90,25,000011001,3,0.9463414568,0.1495797473,83,0
90,133,010000101,3,0.9432926811,0.1673714092,111,0
90,9,000001001,2,0.9167682994,0.1331997535,148,0
90,408,110011000,4,0.958231695,0.2197342259,81,0
90,76,001001100,3,0.9522865731,0.1880639463,47,0
90,458,111001010,5,0.9644817039,0.1614640043,118,0
90,364,101101100,5,0.9696646333,0.1734690042,73,0
90,128,010000000,1,0.9323170781,0.08404751134,35,0
90,134,010000110,3,0.9411585312,0.1737534327,122,0
90,201,011001001,4,0.9567073155,0.1810487332,91,0
90,128,010000000,1,0.9323170781,0.08404751134,36,0
90,448,111000000,3,0.9498475511,0.1094583822,68,0
90,200,011001000,3,0.955487797,0.1316828153,32,0
90,241,011110001,5,0.9440548718,0.2607987896,155,0
90,26,000011010,3,0.9474085309,0.166096261,74,0
90,366,101101110,6,0.9675304852,0.2001497867,135,0
90,193,011000001,3,0.9471036512,0.1576919009,82,0
90,392,110001000,3,0.9653963372,0.1357308119,13,0
90,136,010001000,2,0.9556402415,0.08872172865,0,0
90,24,000011000,2,0.9400914628,0.1224767463,57,0
90,324,101000100,3,0.9624999966,0.1362094213,15,0
90,332,101001100,4,0.9624999929,0.1707430179,50,0
90,296,100101000,3,0.9603658449,0.1424966599,18,0
90,104,001101000,3,0.9568597451,0.1185564424,29,0
90,145,010010001,3,0.943597557,0.1669537378,109,0
90,360,101101000,4,0.9634146318,0.168340771,45,0
90,218,011011010,5,0.958841458,0.2987742741,132,0
91,449,111000001,4,0.9550304785,0.2016363414,98,0
91,136,010001000,2,0.9556402415,0.08872172865,0,0
91,424,110101000,4,0.9621951189,0.151591171,63,0
91,4,000000100,1,0.9094512276,0.06868225115,142,0
91,408,110011000,4,0.958231695,0.2197342259,77,0
91,40,000101000,2,0.9376524407,0.09235404083,72,0
91,136,010001000,2,0.9556402415,0.08872172865,0,0
91,442,110111010,6,0.9629573133,0.2662793156,145,0
91,144,010010000,2,0.9355182927,0.1628878268,80,0
91,193,011000001,3,0.9471036512,0.1576919009,79,0
91,2,000000010,1,0.8757621963,0.0863469597,161,0
91,153,010011001,4,0.955487797,0.2314127795,93,0
91,141,010001101,4,0.9608231671,0.193762437,70,0
91,80,001010000,2,0.9368902445,0.1682704333,73,0
91,8,000001000,1,0.9012195114,0.0953759877,157,0
91,455,111000111,6,0.9588414561,0.178122621,151,0
91,344,101011000,4,0.964634141,0.194875374,53,0
91,25,000011001,3,0.9463414568,0.1495797473,82,0
91,131,010000011,3,0.9347560965,0.1501262328,134,0
91,43,000101011,4,0.9513719436,0.1703410912,114,0
91,461,111001101,6,0.9624999948,0.2131315088,147,0
91,200,011001000,3,0.955487797,0.1316828153,44,0
91,169,010101001,4,0.9554877914,0.1521936124,96,0
91,168,010101000,3,0.9556402303,0.1283902619,39,0
91,328,101001000,3,0.9661585353,0.1314932012,10,0
91,143,010001111,5,0.9640243854,0.2269113725,106,0
91,392,110001000,3,0.9653963372,0.1357308119,14,0
91,152,010011000,3,0.9513719399,0.2329935927,57,0
91,204,011001100,4,0.9535060935,0.2112389025,101,0
91,155,010011011,5,0.9644817039,0.2534072064,104,0
91,394,110001010,4,0.9682926834,0.1485241046,36,0
91,138,010001010,3,0.9580792598,0.1175190397,30,0
91,137,010001001,3,0.9589938968,0.1376599907,29,0
91,28,000011100,3,0.9434451163,0.1445199884,99,0
91,300,100101100,4,0.9623475503,0.1672059349,62,0
91,493,111101101,7,0.9640243854,0.3398395209,158,0
91,165,010100101,4,0.9425304867,0.182659965,144,0
91,170,010101010,4,0.9583841376,0.1237906108,76,0
91,234,011101010,5,0.9644817039,0.206266609,102,0
91,184,010111000,4,0.9567073099,0.2421766864,85,0
91,264,100001000,2,0.9495426789,0.1157485445,24,0
91,188,010111100,5,0.9551829174,0.2635214692,138,0
91,137,010001001,3,0.9589938968,0.1376599907,28,0
91,38,000100110,3,0.9329268336,0.1262098874,140,0
91,306,100110010,4,0.9446646273,0.140418421,137,0
91,456,111001000,4,0.9663109723,0.1493365318,45,0
91,264,100001000,2,0.9495426789,0.1157485445,20,0
91,194,011000010,3,0.9448170681,0.1295389787,91,0
91,69,001000101,3,0.949695114,0.1974406161,71,0
91,8,000001000,1,0.9012195114,0.0953759877,155,0
91,72,001001000,2,0.9495426752,0.1139507112,25,0
91,397,110001101,5,0.9626524374,0.1984722707,113,0
91,163,010100011,4,0.9469512142,0.1452375506,128,0
91,60,000111100,4,0.9525914546,0.1621299409,108,0
91,408,110011000,4,0.958231695,0.2197342259,78,0
91,465,111010001,5,0.9565548692,0.3861234859,135,0
91,136,010001000,2,0.9556402415,0.08872172865,0,0
91,136,010001000,2,0.9556402415,0.08872172865,0,0
91,264,100001000,2,0.9495426789,0.1157485445,22,0
91,102,001100110,4,0.9516768195,0.1653954163,111,0
91,56,000111000,3,0.9454268273,0.1453281161,86,0
91,2,000000010,1,0.8757621963,0.0863469597,160,0
91,44,000101100,3,0.9384146333,0.1604029066,118,0
91,234,011101010,5,0.9644817039,0.206266609,105,0
91,217,011011001,5,0.9579268228,0.2819200605,129,0
91,492,111101100,6,0.9681402501,0.1861764477,132,0
91,8,000001000,1,0.9012195114,0.0953759877,153,0
91,136,010001000,2,0.9556402415,0.08872172865,0,0
91,152,010011000,3,0.9513719399,0.2329935927,61,0
91,12,000001100,2,0.9342987817,0.1145905149,87,0
91,158,010011110,5,0.9586890191,0.2851446816,126,0
91,360,101101000,4,0.9634146318,0.168340771,56,0
91,9,000001001,2,0.9167682994,0.1331997535,149,0
91,217,011011001,5,0.9579268228,0.2819200605,131,0
91,264,100001000,2,0.9495426789,0.1157485445,23,0
91,223,011011111,7,0.959298769,0.3238683129,159,0
91,392,110001000,3,0.9653963372,0.1357308119,12,0
91,174,010101110,5,0.9596036505,0.2229905166,122,0
91,392,110001000,3,0.9653963372,0.1357308119,13,0
91,128,010000000,1,0.9323170781,0.08404751134,49,0
91,136,010001000,2,0.9556402415,0.08872172865,0,0
91,200,011001000,3,0.955487797,0.1316828153,42,0
91,264,100001000,2,0.9495426789,0.1157485445,19,0
91,280,100011000,3,0.9574695043,0.1384578615,34,0
91,416,110100000,3,0.9510670714,0.1087195657,64,0
91,8,000001000,1,0.9012195114,0.0953759877,156,0
91,168,010101000,3,0.9556402303,0.1283902619,40,0
91,8,000001000,1,0.9012195114,0.0953759877,154,0
91,192,011000000,2,0.9504573103,0.1211086311,17,0
91,238,011101110,6,0.9606707245,0.2395493905,150,0
91,137,010001001,3,0.9589938968,0.1376599907,27,0
91,136,010001000,2,0.9556402415,0.08872172865,0,0
91,392,110001000,3,0.9653963372,0.1357308119,15,0
91,142,010001110,4,0.9562499933,0.2010135157,89,0
91,286,100011110,5,0.9696646333,0.1719646058,75,0
91,104,001101000,3,0.9568597451,0.1185564424,37,0
91,60,000111100,4,0.9525914546,0.1621299409,109,0
91,10,000001010,2,0.9445121922,0.1083079919,41,0
91,128,010000000,1,0.9323170781,0.08404751134,48,0
91,96,001100000,2,0.9330792725,0.09982250445,97,0
91,171,010101011,5,0.961890243,0.1561283367,116,0
91,138,010001010,3,0.9580792598,0.1175190397,32,0
91,139,010001011,4,0.9586890135,0.1512846262,74,0
91,152,010011000,3,0.9513719399,0.2329935927,58,0
91,384,110000000,2,0.942378046,0.1023272595,54,0
91,200,011001000,3,0.955487797,0.1316828153,43,0
91,128,010000000,1,0.9323170781,0.08404751134,47,0
91,442,110111010,6,0.9629573133,0.2662793156,146,0
91,291,100100011,4,0.9493902382,0.206504555,121,0
91,298,100101010,4,0.9635670781,0.1536765499,55,0
91,128,010000000,1,0.9323170781,0.08404751134,50,0
91,149,010010101,4,0.9435975533,0.2027544379,141,0
91,158,010011110,5,0.9586890191,0.2851446816,125,0
91,450,111000010,4,0.9554877952,0.1262044164,94,0
91,192,011000000,2,0.9504573103,0.1211086311,18,0
91,160,010100000,2,0.9399390239,0.09322097432,65,0
91,425,110101001,5,0.9621951208,0.1687642131,115,0
91,188,010111100,5,0.9551829174,0.2635214692,139,0
91,202,011001010,4,0.9612804782,0.149196442,68,0
91,398,110001110,5,0.9652439002,0.184927925,100,0
91,299,100101011,5,0.9684451278,0.1646855306,83,0
91,393,110001001,4,0.9617377985,0.1536827425,66,0
91,136,010001000,2,0.9556402415,0.08872172865,0,0
91,216,011011000,4,0.9560975544,0.2577285054,90,0
91,158,010011110,5,0.9586890191,0.2851446816,127,0
91,144,010010000,2,0.9355182927,0.1628878268,81,0
91,140,010001100,3,0.9544207212,0.1939722262,52,0
91,456,111001000,4,0.9663109723,0.1493365318,46,0
91,136,010001000,2,0.9556402415,0.08872172865,0,0
91,128,010000000,1,0.9323170781,0.08404751134,51,0
91,168,010101000,3,0.9556402303,0.1283902619,38,0
91,264,100001000,2,0.9495426789,0.1157485445,21,0
91,280,100011000,3,0.9574695043,0.1384578615,33,0
91,394,110001010,4,0.9682926834,0.1485241046,35,0
91,137,010001001,3,0.9589938968,0.1376599907,26,0
91,192,011000000,2,0.9504573103,0.1211086311,16,0
91,217,011011001,5,0.9579268228,0.2819200605,130,0
91,444,110111100,6,0.964786578,0.2217209716,143,0
91,205,011001101,5,0.9605182856,0.3885932574,120,0
91,393,110001001,4,0.9617377985,0.1536827425,67,0
91,152,010011000,3,0.9513719399,0.2329935927,59,0
91,138,010001010,3,0.9580792598,0.1175190397,31,0
91,152,010011000,3,0.9513719399,0.2329935927,60,0
91,290,100100010,3,0.9499999899,0.1336969913,69,0
91,461,111001101,6,0.9624999948,0.2131315088,148,0
91,205,011001101,5,0.9605182856,0.3885932574,119,0
91,12,000001100,2,0.9342987817,0.1145905149,88,0
91,397,110001101,5,0.9626524374,0.1984722707,112,0
91,328,101001000,3,0.9661585353,0.1314932012,11,0
91,450,111000010,4,0.9554877952,0.1262044164,95,0
91,27,000011011,4,0.9495426714,0.1951567573,117,0
91,186,010111010,5,0.9589938968,0.2682068814,123,0
91,143,010001111,5,0.9640243854,0.2269113725,107,0
91,185,010111001,5,0.957012184,0.2482354445,133,0
91,206,011001110,5,0.9589938931,0.2441969891,124,0
91,162,010100010,3,0.9460365772,0.1228090909,84,0
91,136,010001000,2,0.9556402415,0.08872172865,0,0
91,222,011011110,6,0.9573170654,0.3343018061,152,0
91,401,110010001,4,0.9516768232,0.1931645344,110,0
91,458,111001010,5,0.9644817039,0.1614640043,103,0
91,210,011010010,4,0.9449695069,0.2644167612,136,0
91,376,101111000,5,0.9667682927,0.1849404364,92,0
92,10,000001010,2,0.9445121922,0.1083079919,42,0
92,137,010001001,3,0.9589938968,0.1376599907,27,0
92,2,000000010,1,0.8757621963,0.0863469597,159,0
92,220,011011100,5,0.9589938931,0.2710625273,136,0
92,77,001001101,4,0.9611280505,0.2220115,80,0
92,128,010000000,1,0.9323170781,0.08404751134,49,0
92,138,010001010,3,0.9580792598,0.1175190397,31,0
92,136,010001000,2,0.9556402415,0.08872172865,0,0
92,172,010101100,4,0.9548780415,0.1772159359,115,0
92,408,110011000,4,0.958231695,0.2197342259,91,0
92,413,110011101,6,0.9644817039,0.2295870977,140,0
92,94,001011110,5,0.9580792617,0.2609661664,138,0
92,200,011001000,3,0.955487797,0.1316828153,46,0
92,130,010000010,2,0.9394817092,0.1096591135,77,0
92,508,111111100,7,0.9685975611,0.267471821,151,0
92,108,001101100,4,0.9585365746,0.1886128322,87,0
92,393,110001001,4,0.9617377985,0.1536827425,74,0
92,136,010001000,2,0.9556402415,0.08872172865,0,0
92,140,010001100,3,0.9544207212,0.1939722262,51,0
92,324,101000100,3,0.9624999966,0.1362094213,24,0
92,154,010011010,4,0.9570121877,0.2396545438,98,0
92,152,010011000,3,0.9513719399,0.2329935927,64,0
92,92,001011100,4,0.9571646284,0.2256155275,97,0
92,410,110011010,5,0.9644817039,0.2193003995,124,0
92,136,010001000,2,0.9556402415,0.08872172865,0,0
92,180,010110100,4,0.9402438998,0.2270922111,145,0
92,136,010001000,2,0.9556402415,0.08872172865,0,0
92,238,011101110,6,0.9606707245,0.2395493905,148,0
92,8,000001000,1,0.9012195114,0.0953759877,154,0
92,129,010000001,2,0.9335365873,0.1010586498,107,0
92,268,100001100,3,0.9647865798,0.1379161642,23,0
92,32,000100000,1,0.8641768359,0.1044695501,160,0
92,152,010011000,3,0.9513719399,0.2329935927,68,0
92,96,001100000,2,0.9330792725,0.09982250445,112,0
92,92,001011100,4,0.9571646284,0.2256155275,96,0
92,136,010001000,2,0.9556402415,0.08872172865,0,0
92,136,010001000,2,0.9556402415,0.08872172865,0,0
92,384,110000000,2,0.942378046,0.1023272595,58,0
92,5,000000101,2,0.9044207372,0.07468588371,158,0
92,74,001001010,3,0.9570121821,0.1378696063,39,0
92,208,011010000,3,0.9487804789,0.2195109283,81,0
92,136,010001000,2,0.9556402415,0.08872172865,0,0
92,136,010001000,2,0.9556402415,0.08872172865,0,0
92,81,001010001,3,0.9440548755,0.1765820705,113,0
92,461,111001101,6,0.9624999948,0.2131315088,144,0
92,34,000100010,2,0.9111280553,0.1001502015,155,0
92,200,011001000,3,0.955487797,0.1316828153,44,0
92,169,010101001,4,0.9554877914,0.1521936124,110,0
92,128,010000000,1,0.9323170781,0.08404751134,48,0
92,171,010101011,5,0.961890243,0.1561283367,133,0
92,488,111101000,5,0.966463415,0.1571392328,111,0
92,440,110111000,5,0.9647865817,0.2230814546,120,0
92,396,110001100,4,0.9617377967,0.18006679,76,0
92,266,100001010,3,0.9663109817,0.1359270001,17,0
92,137,010001001,3,0.9589938968,0.1376599907,30,0
92,206,011001110,5,0.9589938931,0.2441969891,137,0
92,65,001000001,2,0.9350609761,0.1252497334,95,0
92,216,011011000,4,0.9560975544,0.2577285054,104,0
92,142,010001110,4,0.9562499933,0.2010135157,103,0
92,152,010011000,3,0.9513719399,0.2329935927,65,0
92,425,110101001,5,0.9621951208,0.1687642131,132,0
92,140,010001100,3,0.9544207212,0.1939722262,54,0
92,221,011011101,6,0.9602134116,0.300388671,150,0
92,136,010001000,2,0.9556402415,0.08872172865,0,0
92,394,110001010,4,0.9682926834,0.1485241046,36,0
92,424,110101000,4,0.9621951189,0.151591171,71,0
92,137,010001001,3,0.9589938968,0.1376599907,29,0
92,216,011011000,4,0.9560975544,0.2577285054,105,0
92,130,010000010,2,0.9394817092,0.1096591135,78,0
92,394,110001010,4,0.9682926834,0.1485241046,35,0
92,136,010001000,2,0.9556402415,0.08872172865,0,0
92,393,110001001,4,0.9617377985,0.1536827425,73,0
92,272,100010000,2,0.9314024411,0.09646097757,121,0
92,314,100111010,5,0.9621951208,0.1824102593,131,0
92,152,010011000,3,0.9513719399,0.2329935927,70,0
92,200,011001000,3,0.955487797,0.1316828153,43,0
92,74,001001010,3,0.9570121821,0.1378696063,38,0
92,281,100011001,4,0.9638719484,0.1484918948,60,0
92,137,010001001,3,0.9589938968,0.1376599907,28,0
92,11,000001011,3,0.9513719436,0.1420441959,63,0
92,472,111011000,5,0.9638719503,0.2441837927,126,0
92,299,100101011,5,0.9684451278,0.1646855306,94,0
92,64,001000000,1,0.9262195174,0.09079117677,83,0
92,46,000101110,4,0.9539634064,0.1775657085,119,0
92,60,000111100,4,0.9525914546,0.1621299409,127,0
92,201,011001001,4,0.9567073155,0.1810487332,101,0
92,152,010011000,3,0.9513719399,0.2329935927,67,0
92,130,010000010,2,0.9394817092,0.1096591135,79,0
92,416,110100000,3,0.9510670714,0.1087195657,72,0
92,20,000010100,2,0.916006105,0.1150037684,149,0
92,316,100111100,5,0.9669207297,0.1835955237,106,0
92,148,010010100,3,0.9419207256,0.2030755011,125,0
92,136,010001000,2,0.9556402415,0.08872172865,0,0
92,261,100000101,3,0.9481707271,0.1661854191,85,0
92,8,000001000,1,0.9012195114,0.0953759877,152,0
92,152,010011000,3,0.9513719399,0.2329935927,66,0
92,170,010101010,4,0.9583841376,0.1237906108,90,0
92,328,101001000,3,0.9661585353,0.1314932012,18,0
92,410,110011010,5,0.9644817039,0.2193003995,122,0
92,154,010011010,4,0.9570121877,0.2396545438,99,0
92,136,010001000,2,0.9556402415,0.08872172865,0,0
92,12,000001100,2,0.9342987817,0.1145905149,102,0
92,168,010101000,3,0.9556402303,0.1283902619,40,0
92,201,011001001,4,0.9567073155,0.1810487332,100,0
92,461,111001101,6,0.9624999948,0.2131315088,143,0
92,384,110000000,2,0.942378046,0.1023272595,57,0
92,264,100001000,2,0.9495426789,0.1157485445,25,0
92,140,010001100,3,0.9544207212,0.1939722262,52,0
92,76,001001100,3,0.9522865731,0.1880639463,61,0
92,208,011010000,3,0.9487804789,0.2195109283,82,0
92,42,000101010,3,0.955487797,0.1481546445,45,0
92,426,110101010,5,0.965548778,0.1652380908,116,0
92,328,101001000,3,0.9661585353,0.1314932012,19,0
92,396,110001100,4,0.9617377967,0.18006679,75,0
92,131,010000011,3,0.9347560965,0.1501262328,139,0
92,284,100011100,4,0.9644817002,0.1660791668,59,0
92,450,111000010,4,0.9554877952,0.1262044164,109,0
92,322,101000010,3,0.9539634027,0.1114213858,56,0
92,432,110110000,4,0.9525914509,0.190835604,128,0
92,32,000100000,1,0.8641768359,0.1044695501,161,0
92,144,010010000,2,0.9355182927,0.1628878268,92,0
92,153,010011001,4,0.955487797,0.2314127795,108,0
92,35,000100011,3,0.9163109809,0.1255413797,157,0
92,8,000001000,1,0.9012195114,0.0953759877,153,0
92,458,111001010,5,0.9644817039,0.1614640043,123,0
92,136,010001000,2,0.9556402415,0.08872172865,0,0
92,136,010001000,2,0.9556402415,0.08872172865,0,0
92,136,010001000,2,0.9556402415,0.08872172865,0,0
92,152,010011000,3,0.9513719399,0.2329935927,69,0
92,170,010101010,4,0.9583841376,0.1237906108,88,0
92,133,010000101,3,0.9432926811,0.1673714092,117,0
92,227,011100011,5,0.9506097492,0.1793539175,146,0
92,236,011101100,5,0.9617378004,0.2343629976,134,0
92,418,110100010,4,0.9541158434,0.1336211525,118,0
92,170,010101010,4,0.9583841376,0.1237906108,89,0
92,411,110011011,6,0.9638719447,0.23684128,141,0
92,134,010000110,3,0.9411585312,0.1737534327,129,0
92,9,000001001,2,0.9167682994,0.1331997535,147,0
92,280,100011000,3,0.9574695043,0.1384578615,32,0
92,328,101001000,3,0.9661585353,0.1314932012,20,0
92,394,110001010,4,0.9682926834,0.1485241046,34,0
92,364,101101100,5,0.9696646333,0.1734690042,86,0
92,128,010000000,1,0.9323170781,0.08404751134,50,0
92,76,001001100,3,0.9522865731,0.1880639463,62,0
92,456,111001000,4,0.9663109723,0.1493365318,47,0
92,136,010001000,2,0.9556402415,0.08872172865,0,0
92,224,011100000,3,0.9408536591,0.1201759358,130,0
92,136,010001000,2,0.9556402415,0.08872172865,0,0
92,49,000110001,3,0.9184451289,0.1473816759,156,0
92,67,001000011,3,0.9541158434,0.1536063617,55,0
92,140,010001100,3,0.9544207212,0.1939722262,53,0
92,117,001110101,5,0.9518292584,0.210091874,142,0
92,392,110001000,3,0.9653963372,0.1357308119,22,0
92,394,110001010,4,0.9682926834,0.1485241046,33,0
92,25,000011001,3,0.9463414568,0.1495797473,93,0
92,64,001000000,1,0.9262195174,0.09079117677,84,0
92,206,011001110,5,0.9589938931,0.2441969891,135,0
92,296,100101000,3,0.9603658449,0.1424966599,26,0
92,172,010101100,4,0.9548780415,0.1772159359,114,0
92,74,001001010,3,0.9570121821,0.1378696063,37,0
92,168,010101000,3,0.9556402303,0.1283902619,41,0
92,392,110001000,3,0.9653963372,0.1357308119,21,0
93,137,010001001,3,0.9589938968,0.1376599907,30,0
93,136,010001000,2,0.9556402415,0.08872172865,0,0
93,10,000001010,2,0.9445121922,0.1083079919,38,0
93,320,101000000,2,0.9503048677,0.1123269997,24,0
93,154,010011010,4,0.9570121877,0.2396545438,93,0
93,136,010001000,2,0.9556402415,0.08872172865,0,0
93,136,010001000,2,0.9556402415,0.08872172865,0,0
93,152,010011000,3,0.9513719399,0.2329935927,59,0
93,152,010011000,3,0.9513719399,0.2329935927,58,0
93,129,010000001,2,0.9335365873,0.1010586498,105,0
93,34,000100010,2,0.9111280553,0.1001502015,157,0
93,169,010101001,4,0.9554877914,0.1521936124,110,0
93,129,010000001,2,0.9335365873,0.1010586498,104,0
93,89,001011001,4,0.958079258,0.2149465061,87,0
93,76,001001100,3,0.9522865731,0.1880639463,57,0
93,267,100001011,4,0.9620426763,0.1646921253,70,0
93,344,101011000,4,0.964634141,0.194875374,55,0
93,24,000011000,2,0.9400914628,0.1224767463,65,0
93,267,100001011,4,0.9620426763,0.1646921253,69,0
93,441,110111001,6,0.9644817077,0.2243005,144,0
93,349,101011101,6,0.9696646389,0.3093579304,135,0
93,216,011011000,4,0.9560975544,0.2577285054,100,0
93,169,010101001,4,0.9554877914,0.1521936124,109,0
93,490,111101010,6,0.9657012131,0.1730029145,141,0
93,264,100001000,2,0.9495426789,0.1157485445,27,0
93,139,010001011,4,0.9586890135,0.1512846262,82,0
93,392,110001000,3,0.9653963372,0.1357308119,19,0
93,153,010011001,4,0.955487797,0.2314127795,106,0
93,204,011001100,4,0.9535060935,0.2112389025,118,0
93,154,010011010,4,0.9570121877,0.2396545438,92,0
93,136,010001000,2,0.9556402415,0.08872172865,0,0
93,136,010001000,2,0.9556402415,0.08872172865,0,0
93,141,010001101,4,0.9608231671,0.193762437,76,0
93,184,010111000,4,0.9567073099,0.2421766864,98,0
93,44,000101100,3,0.9384146333,0.1604029066,129,0
93,207,011001111,6,0.9615853634,0.2859955677,147,0
93,133,010000101,3,0.9432926811,0.1673714092,115,0
93,138,010001010,3,0.9580792598,0.1175190397,32,0
93,346,101011010,5,0.9643292632,0.210029603,119,0
93,152,010011000,3,0.9513719399,0.2329935927,61,0
93,9,000001001,2,0.9167682994,0.1331997535,149,0
93,172,010101100,4,0.9548780415,0.1772159359,112,0
93,136,010001000,2,0.9556402415,0.08872172865,0,0
93,172,010101100,4,0.9548780415,0.1772159359,113,0
93,50,000110010,3,0.9269817118,0.1555463769,151,0
93,456,111001000,4,0.9663109723,0.1493365318,44,0
93,264,100001000,2,0.9495426789,0.1157485445,26,0
93,226,011100010,4,0.9487804808,0.1625480801,132,0
93,201,011001001,4,0.9567073155,0.1810487332,97,0
93,8,000001000,1,0.9012195114,0.0953759877,153,0
93,456,111001000,4,0.9663109723,0.1493365318,43,0
93,15,000001111,4,0.9467987716,0.2596095148,137,0
93,227,011100011,5,0.9506097492,0.1793539175,146,0
93,492,111101100,6,0.9681402501,0.1861764477,139,0
93,412,110011100,5,0.9612804819,0.2286357516,127,0
93,299,100101011,5,0.9684451278,0.1646855306,88,0
93,136,010001000,2,0.9556402415,0.08872172865,0,0
93,136,010001000,2,0.9556402415,0.08872172865,0,0
93,394,110001010,4,0.9682926834,0.1485241046,35,0
93,226,011100010,4,0.9487804808,0.1625480801,133,0
93,24,000011000,2,0.9400914628,0.1224767463,64,0
93,72,001001000,2,0.9495426752,0.1139507112,28,0
93,360,101101000,4,0.9634146318,0.168340771,56,0
93,224,011100000,3,0.9408536591,0.1201759358,124,0
93,89,001011001,4,0.958079258,0.2149465061,86,0
93,12,000001100,2,0.9342987817,0.1145905149,99,0
93,16,000010000,1,0.8800304849,0.0962131978,159,0
93,136,010001000,2,0.9556402415,0.08872172865,0,0
93,153,010011001,4,0.955487797,0.2314127795,107,0
93,9,000001001,2,0.9167682994,0.1331997535,148,0
93,140,010001100,3,0.9544207212,0.1939722262,52,0
93,40,000101000,2,0.9376524407,0.09235404083,78,0
93,393,110001001,4,0.9617377985,0.1536827425,72,0
93,136,010001000,2,0.9556402415,0.08872172865,0,0
93,265,100001001,3,0.9512195047,0.1273183418,63,0
93,92,001011100,4,0.9571646284,0.2256155275,90,0
93,136,010001000,2,0.9556402415,0.08872172865,0,0
93,170,010101010,4,0.9583841376,0.1237906108,83,0
93,128,010000000,1,0.9323170781,0.08404751134,47,0
93,256,100000000,1,0.8653963432,0.05144251033,161,0
93,128,010000000,1,0.9323170781,0.08404751134,45,0
93,201,011001001,4,0.9567073155,0.1810487332,96,0
93,268,100001100,3,0.9647865798,0.1379161642,22,0
93,392,110001000,3,0.9653963372,0.1357308119,21,0
93,448,111000000,3,0.9498475511,0.1094583822,75,0
93,8,000001000,1,0.9012195114,0.0953759877,155,0
93,128,010000000,1,0.9323170781,0.08404751134,48,0
93,226,011100010,4,0.9487804808,0.1625480801,131,0
93,64,001000000,1,0.9262195174,0.09079117677,79,0
93,106,001101010,4,0.9589938987,0.1349909608,81,0
93,329,101001001,4,0.9663109742,0.1626024148,40,0
93,168,010101000,3,0.9556402303,0.1283902619,36,0
93,128,010000000,1,0.9323170781,0.08404751134,50,0
93,230,011100110,5,0.9544207174,0.2009842331,142,0
93,444,110111100,6,0.964786578,0.2217209716,143,0
93,96,001100000,2,0.9330792725,0.09982250445,111,0
93,136,010001000,2,0.9556402415,0.08872172865,0,0
93,10,000001010,2,0.9445121922,0.1083079919,39,0
93,128,010000000,1,0.9323170781,0.08404751134,49,0
93,480,111100000,4,0.9522865769,0.1520633074,123,0
93,170,010101010,4,0.9583841376,0.1237906108,84,0
93,138,010001010,3,0.9580792598,0.1175190397,31,0
93,65,001000001,2,0.9350609761,0.1252497334,89,0
93,408,110011000,4,0.958231695,0.2197342259,85,0
93,394,110001010,4,0.9682926834,0.1485241046,34,0
93,140,010001100,3,0.9544207212,0.1939722262,54,0
93,192,011000000,2,0.9504573103,0.1211086311,23,0
93,440,110111000,5,0.9647865817,0.2230814546,117,0
93,480,111100000,4,0.9522865769,0.1520633074,122,0
93,160,010100000,2,0.9399390239,0.09322097432,68,0
93,128,010000000,1,0.9323170781,0.08404751134,51,0
93,157,010011101,5,0.9608231653,0.2573634591,128,0
93,158,010011110,5,0.9586890191,0.2851446816,134,0
93,450,111000010,4,0.9554877952,0.1262044164,108,0
93,233,011101001,5,0.9603658449,0.268123046,130,0
93,416,110100000,3,0.9510670714,0.1087195657,67,0
93,296,100101000,3,0.9603658449,0.1424966599,29,0
93,112,001110000,3,0.9481707234,0.1940589957,80,0
93,2,000000010,1,0.8757621963,0.0863469597,160,0
93,390,110000110,4,0.9560975488,0.160214691,102,0
93,45,000101101,4,0.9461890161,0.1590515091,138,0
93,136,010001000,2,0.9556402415,0.08872172865,0,0
93,136,010001000,2,0.9556402415,0.08872172865,0,0
93,201,011001001,4,0.9567073155,0.1810487332,95,0
93,92,001011100,4,0.9571646284,0.2256155275,91,0
93,148,010010100,3,0.9419207256,0.2030755011,121,0
93,132,010000100,2,0.9396341462,0.1636577162,71,0
93,456,111001000,4,0.9663109723,0.1493365318,41,0
93,136,010001000,2,0.9556402415,0.08872172865,0,0
93,128,010000000,1,0.9323170781,0.08404751134,46,0
93,168,010101000,3,0.9556402303,0.1283902619,37,0
93,264,100001000,2,0.9495426789,0.1157485445,25,0
93,24,000011000,2,0.9400914628,0.1224767463,66,0
93,8,000001000,1,0.9012195114,0.0953759877,154,0
93,393,110001001,4,0.9617377985,0.1536827425,73,0
93,336,101010000,3,0.9498475567,0.1365595176,74,0
93,217,011011001,5,0.9579268228,0.2819200605,136,0
93,445,110111101,7,0.9670731686,0.2392563811,156,0
93,141,010001101,4,0.9608231671,0.193762437,77,0
93,136,010001000,2,0.9556402415,0.08872172865,0,0
93,216,011011000,4,0.9560975544,0.2577285054,101,0
93,138,010001010,3,0.9580792598,0.1175190397,33,0
93,152,010011000,3,0.9513719399,0.2329935927,60,0
93,166,010100110,4,0.9381097537,0.1851869859,150,0
93,385,110000001,3,0.9457317069,0.1523044817,94,0
93,140,010001100,3,0.9544207212,0.1939722262,53,0
93,300,100101100,4,0.9623475503,0.1672059349,62,0
93,460,111001100,5,0.9623475634,0.1988814175,125,0
93,392,110001000,3,0.9653963372,0.1357308119,17,0
93,456,111001000,4,0.9663109723,0.1493365318,42,0
93,441,110111001,6,0.9644817077,0.2243005,145,0
93,392,110001000,3,0.9653963372,0.1357308119,18,0
93,395,110001011,5,0.9670731667,0.1769618806,103,0
93,185,010111001,5,0.957012184,0.2482354445,140,0
93,136,010001000,2,0.9556402415,0.08872172865,0,0
93,36,000100100,2,0.9050304871,0.1029281626,158,0
93,392,110001000,3,0.9653963372,0.1357308119,20,0
93,222,011011110,6,0.9573170654,0.3343018061,152,0
93,409,110011001,5,0.9621951114,0.2163874777,126,0
93,341,101010101,5,0.9649390262,0.1703384123,116,0
93,346,101011010,5,0.9643292632,0.210029603,120,0
93,120,001111000,4,0.9544207193,0.2454422717,114,0
94,2,000000010,1,0.8757621963,0.0863469597,160,0
94,137,010001001,3,0.9589938968,0.1376599907,26,0
94,456,111001000,4,0.9663109723,0.1493365318,46,0
94,140,010001100,3,0.9544207212,0.1939722262,55,0
94,205,011001101,5,0.9605182856,0.3885932574,128,0
94,128,010000000,1,0.9323170781,0.08404751134,49,0
94,136,010001000,2,0.9556402415,0.08872172865,0,0
94,128,010000000,1,0.9323170781,0.08404751134,52,0
94,168,010101000,3,0.9556402303,0.1283902619,36,0
94,472,111011000,5,0.9638719503,0.2441837927,116,0
94,189,010111101,6,0.9599085283,0.3050948284,148,0
94,78,001001110,4,0.9573170636,0.2032758179,92,0
94,200,011001000,3,0.955487797,0.1316828153,44,0
94,142,010001110,4,0.9562499933,0.2010135157,102,0
94,400,110010000,3,0.9547256026,0.1810064591,48,0
94,108,001101100,4,0.9585365746,0.1886128322,85,0
94,129,010000001,2,0.9335365873,0.1010586498,108,0
94,137,010001001,3,0.9589938968,0.1376599907,28,0
94,140,010001100,3,0.9544207212,0.1939722262,56,0
94,12,000001100,2,0.9342987817,0.1145905149,99,0
94,266,100001010,3,0.9663109817,0.1359270001,9,0
94,168,010101000,3,0.9556402303,0.1283902619,39,0
94,348,101011100,5,0.9661585353,0.1913031316,109,0
94,152,010011000,3,0.9513719399,0.2329935927,61,0
94,201,011001001,4,0.9567073155,0.1810487332,95,0
94,160,010100000,2,0.9399390239,0.09322097432,71,0
94,152,010011000,3,0.9513719399,0.2329935927,62,0
94,238,011101110,6,0.9606707245,0.2395493905,146,0
94,8,000001000,1,0.9012195114,0.0953759877,153,0
94,129,010000001,2,0.9335365873,0.1010586498,107,0
94,268,100001100,3,0.9647865798,0.1379161642,16,0
94,128,010000000,1,0.9323170781,0.08404751134,51,0
94,152,010011000,3,0.9513719399,0.2329935927,64,0
94,258,100000010,2,0.9272865914,0.1128509992,127,0
94,216,011011000,4,0.9560975544,0.2577285054,103,0
94,416,110100000,3,0.9510670714,0.1087195657,69,0
94,136,010001000,2,0.9556402415,0.08872172865,0,0
94,416,110100000,3,0.9510670714,0.1087195657,70,0
94,205,011001101,5,0.9605182856,0.3885932574,129,0
94,74,001001010,3,0.9570121821,0.1378696063,34,0
94,468,111010100,5,0.96204268,0.1961445869,125,0
94,140,010001100,3,0.9544207212,0.1939722262,53,0
94,139,010001011,4,0.9586890135,0.1512846262,81,0
94,130,010000010,2,0.9394817092,0.1096591135,75,0
94,333,101001101,5,0.9678353649,0.1775467619,94,0
94,34,000100010,2,0.9111280553,0.1001502015,156,0
94,200,011001000,3,0.955487797,0.1316828153,43,0
94,136,010001000,2,0.9556402415,0.08872172865,0,0
94,8,000001000,1,0.9012195114,0.0953759877,152,0
94,139,010001011,4,0.9586890135,0.1512846262,82,0
94,104,001101000,3,0.9568597451,0.1185564424,35,0
94,440,110111000,5,0.9647865817,0.2230814546,112,0
94,460,111001100,5,0.9623475634,0.1988814175,121,0
94,392,110001000,3,0.9653963372,0.1357308119,12,0
94,137,010001001,3,0.9589938968,0.1376599907,25,0
94,6,000000110,2,0.9178353697,0.1008892676,142,0
94,65,001000001,2,0.9350609761,0.1252497334,93,0
94,216,011011000,4,0.9560975544,0.2577285054,105,0
94,268,100001100,3,0.9647865798,0.1379161642,18,0
94,10,000001010,2,0.9445121922,0.1083079919,41,0
94,425,110101001,5,0.9621951208,0.1687642131,122,0
94,204,011001100,4,0.9535060935,0.2112389025,113,0
94,401,110010001,4,0.9516768232,0.1931645344,120,0
94,136,010001000,2,0.9556402415,0.08872172865,0,0
94,72,001001000,2,0.9495426752,0.1139507112,21,0
94,168,010101000,3,0.9556402303,0.1283902619,37,0
94,139,010001011,4,0.9586890135,0.1512846262,83,0
94,136,010001000,2,0.9556402415,0.08872172865,0,0
94,130,010000010,2,0.9394817092,0.1096591135,78,0
94,395,110001011,5,0.9670731667,0.1769618806,106,0
94,152,010011000,3,0.9513719399,0.2329935927,60,0
94,201,011001001,4,0.9567073155,0.1810487332,97,0
94,16,000010000,1,0.8800304849,0.0962131978,158,0
94,441,110111001,6,0.9644817077,0.2243005,140,0
94,136,010001000,2,0.9556402415,0.08872172865,0,0
94,134,010000110,3,0.9411585312,0.1737534327,119,0
94,202,011001010,4,0.9612804782,0.149196442,79,0
94,284,100011100,4,0.9644817002,0.1660791668,57,0
94,393,110001001,4,0.9617377985,0.1536827425,74,0
94,137,010001001,3,0.9589938968,0.1376599907,27,0
94,504,111111000,6,0.9646341465,0.2548272442,139,0
94,394,110001010,4,0.9682926834,0.1485241046,33,0
94,452,111000100,4,0.9608231634,0.1636474896,80,0
94,424,110101000,4,0.9621951189,0.151591171,68,0
94,188,010111100,5,0.9551829174,0.2635214692,137,0
94,201,011001001,4,0.9567073155,0.1810487332,96,0
94,184,010111000,4,0.9567073099,0.2421766864,98,0
94,75,001001011,4,0.9623475578,0.1703412908,65,0
94,66,001000010,2,0.9518292602,0.09929567995,19,0
94,4,000000100,1,0.9094512276,0.06868225115,138,0
94,60,000111100,4,0.9525914546,0.1621299409,117,0
94,144,010010000,2,0.9355182927,0.1628878268,91,0
94,137,010001001,3,0.9589938968,0.1376599907,30,0
94,268,100001100,3,0.9647865798,0.1379161642,17,0
94,8,000001000,1,0.9012195114,0.0953759877,150,0
94,2,000000010,1,0.8757621963,0.0863469597,159,0
94,138,010001010,3,0.9580792598,0.1175190397,32,0
94,392,110001000,3,0.9653963372,0.1357308119,15,0
94,408,110011000,4,0.958231695,0.2197342259,89,0
94,130,010000010,2,0.9394817092,0.1096591135,77,0
94,9,000001001,2,0.9167682994,0.1331997535,145,0
94,12,000001100,2,0.9342987817,0.1145905149,100,0
94,34,000100010,2,0.9111280553,0.1001502015,155,0
94,216,011011000,4,0.9560975544,0.2577285054,104,0
94,206,011001110,5,0.9589938931,0.2441969891,133,0
94,456,111001000,4,0.9663109723,0.1493365318,45,0
94,264,100001000,2,0.9495426789,0.1157485445,20,0
94,174,010101110,5,0.9596036505,0.2229905166,131,0
94,193,011000001,3,0.9471036512,0.1576919009,90,0
94,282,100011010,4,0.9623475503,0.1541509838,66,0
94,170,010101010,4,0.9583841376,0.1237906108,87,0
94,171,010101011,5,0.961890243,0.1561283367,126,0
94,72,001001000,2,0.9495426752,0.1139507112,23,0
94,398,110001110,5,0.9652439002,0.184927925,111,0
94,138,010001010,3,0.9580792598,0.1175190397,31,0
94,284,100011100,4,0.9644817002,0.1660791668,58,0
94,457,111001001,5,0.960213406,0.1580275986,130,0
94,206,011001110,5,0.9589938931,0.2441969891,134,0
94,90,001011010,4,0.9618902393,0.2218290572,72,0
94,228,011100100,4,0.9510670714,0.1718315468,124,0
94,146,010010010,3,0.9370426815,0.1859965373,132,0
94,409,110011001,5,0.9621951114,0.2163874777,123,0
94,33,000100001,2,0.8849085364,0.1405141028,161,0
94,9,000001001,2,0.9167682994,0.1331997535,144,0
94,328,101001000,3,0.9661585353,0.1314932012,10,0
94,140,010001100,3,0.9544207212,0.1939722262,54,0
94,137,010001001,3,0.9589938968,0.1376599907,29,0
94,392,110001000,3,0.9653963372,0.1357308119,14,0
94,152,010011000,3,0.9513719399,0.2329935927,63,0
94,168,010101000,3,0.9556402303,0.1283902619,38,0
94,132,010000100,2,0.9396341462,0.1636577162,73,0
94,161,010100001,3,0.926981708,0.1333965359,147,0
94,492,111101100,6,0.9681402501,0.1861764477,135,0
94,288,100100000,2,0.9224085417,0.09756062739,136,0
94,170,010101010,4,0.9583841376,0.1237906108,88,0
94,9,000001001,2,0.9167682994,0.1331997535,143,0
94,134,010000110,3,0.9411585312,0.1737534327,118,0
94,8,000001000,1,0.9012195114,0.0953759877,149,0
94,24,000011000,2,0.9400914628,0.1224767463,67,0
94,72,001001000,2,0.9495426752,0.1139507112,22,0
94,136,010001000,2,0.9556402415,0.08872172865,0,0
94,108,001101100,4,0.9585365746,0.1886128322,84,0
94,128,010000000,1,0.9323170781,0.08404751134,50,0
94,266,100001010,3,0.9663109817,0.1359270001,8,0
94,456,111001000,4,0.9663109723,0.1493365318,47,0
94,136,010001000,2,0.9556402415,0.08872172865,0,0
94,458,111001010,5,0.9644817039,0.1614640043,114,0
94,200,011001000,3,0.955487797,0.1316828153,42,0
94,105,001101001,4,0.9583841395,0.1598443775,86,0
94,155,010011011,5,0.9644817039,0.2534072064,115,0
94,14,000001110,3,0.9452743828,0.2012516796,101,0
94,307,100110011,5,0.9420731664,0.1512810998,157,0
94,168,010101000,3,0.9556402303,0.1283902619,40,0
94,392,110001000,3,0.9653963372,0.1357308119,11,0
94,411,110011011,6,0.9638719447,0.23684128,141,0
94,392,110001000,3,0.9653963372,0.1357308119,13,0
94,76,001001100,3,0.9522865731,0.1880639463,59,0
94,296,100101000,3,0.9603658449,0.1424966599,24,0
94,172,010101100,4,0.9548780415,0.1772159359,110,0
94,130,010000010,2,0.9394817092,0.1096591135,76,0
94,8,000001000,1,0.9012195114,0.0953759877,154,0
94,8,000001000,1,0.9012195114,0.0953759877,151,0
95,328,101001000,3,0.9661585353,0.1314932012,21,0
95,136,010001000,2,0.9556402415,0.08872172865,0,0
95,138,010001010,3,0.9580792598,0.1175190397,46,0
95,452,111000100,4,0.9608231634,0.1636474896,88,0
95,154,010011010,4,0.9570121877,0.2396545438,98,0
95,136,010001000,2,0.9556402415,0.08872172865,0,0
95,136,010001000,2,0.9556402415,0.08872172865,0,0
95,152,010011000,3,0.9513719399,0.2329935927,76,0
95,144,010010000,2,0.9355182927,0.1628878268,97,0
95,129,010000001,2,0.9335365873,0.1010586498,109,0
95,258,100000010,2,0.9272865914,0.1128509992,132,0
95,185,010111001,5,0.957012184,0.2482354445,140,0
95,136,010001000,2,0.9556402415,0.08872172865,0,0
95,129,010000001,2,0.9335365873,0.1010586498,110,0
95,172,010101100,4,0.9548780415,0.1772159359,116,0
95,449,111000001,4,0.9550304785,0.2016363414,114,0
95,192,011000000,2,0.9504573103,0.1211086311,33,0
95,152,010011000,3,0.9513719399,0.2329935927,77,0
95,11,000001011,3,0.9513719436,0.1420441959,68,0
95,201,011001001,4,0.9567073155,0.1810487332,100,0
95,281,100011001,4,0.9638719484,0.1484918948,66,0
95,152,010011000,3,0.9513719399,0.2329935927,72,0
95,41,000101001,3,0.9443597533,0.2578364955,113,0
95,490,111101010,6,0.9657012131,0.1730029145,144,0
95,8,000001000,1,0.9012195114,0.0953759877,152,0
95,131,010000011,3,0.9347560965,0.1501262328,141,0
95,392,110001000,3,0.9653963372,0.1357308119,25,0
95,152,010011000,3,0.9513719399,0.2329935927,71,0
95,142,010001110,4,0.9562499933,0.2010135157,104,0
95,152,010011000,3,0.9513719399,0.2329935927,74,0
95,136,010001000,2,0.9556402415,0.08872172865,0,0
95,40,000101000,2,0.9376524407,0.09235404083,89,0
95,137,010001001,3,0.9589938968,0.1376599907,41,0
95,58,000111010,4,0.9541158453,0.1998991431,122,0
95,300,100101100,4,0.9623475503,0.1672059349,79,0
95,199,011000111,5,0.9521341417,0.2270386657,148,0
95,133,010000101,3,0.9432926811,0.1673714092,120,0
95,138,010001010,3,0.9580792598,0.1175190397,43,0
95,18,000010010,2,0.9048780557,0.1242320742,159,0
95,184,010111000,4,0.9567073099,0.2421766864,102,0
95,269,100001101,4,0.963262191,0.1545369336,67,0
95,136,010001000,2,0.9556402415,0.08872172865,0,0
95,136,010001000,2,0.9556402415,0.08872172865,0,0
95,36,000100100,2,0.9050304871,0.1029281626,158,0
95,496,111110000,5,0.9541158415,0.2100702799,145,0
95,392,110001000,3,0.9653963372,0.1357308119,29,0
95,8,000001000,1,0.9012195114,0.0953759877,153,0
95,226,011100010,4,0.9487804808,0.1625480801,135,0
95,133,010000101,3,0.9432926811,0.1673714092,119,0
95,41,000101001,3,0.9443597533,0.2578364955,112,0
95,264,100001000,2,0.9495426789,0.1157485445,35,0
95,283,100011011,5,0.9660060965,0.1543926708,115,0
95,426,110101010,5,0.965548778,0.1652380908,118,0
95,238,011101110,6,0.9606707245,0.2395493905,149,0
95,412,110011100,5,0.9612804819,0.2286357516,131,0
95,225,011100001,4,0.9452743847,0.1662776889,142,0
95,137,010001001,3,0.9589938968,0.1376599907,38,0
95,392,110001000,3,0.9653963372,0.1357308119,22,0
95,270,100001110,4,0.9641768225,0.171474142,65,0
95,384,110000000,2,0.942378046,0.1023272595,62,0
95,8,000001000,1,0.9012195114,0.0953759877,155,0
95,8,000001000,1,0.9012195114,0.0953759877,154,0
95,224,011100000,3,0.9408536591,0.1201759358,127,0
95,192,011000000,2,0.9504573103,0.1211086311,31,0
95,409,110011001,5,0.9621951114,0.2163874777,130,0
95,392,110001000,3,0.9653963372,0.1357308119,26,0
95,144,010010000,2,0.9355182927,0.1628878268,96,0
95,136,010001000,2,0.9556402415,0.08872172865,0,0
95,152,010011000,3,0.9513719399,0.2329935927,70,0
95,12,000001100,2,0.9342987817,0.1145905149,103,0
95,136,010001000,2,0.9556402415,0.08872172865,0,0
95,296,100101000,3,0.9603658449,0.1424966599,37,0
95,137,010001001,3,0.9589938968,0.1376599907,40,0
95,136,010001000,2,0.9556402415,0.08872172865,0,0
95,265,100001001,3,0.9512195047,0.1273183418,80,0
95,216,011011000,4,0.9560975544,0.2577285054,108,0
95,136,010001000,2,0.9556402415,0.08872172865,0,0
95,174,010101110,5,0.9596036505,0.2229905166,137,0
95,400,110010000,3,0.9547256026,0.1810064591,54,0
95,394,110001010,4,0.9682926834,0.1485241046,47,0
95,128,010000000,1,0.9323170781,0.08404751134,55,0
95,233,011101001,5,0.9603658449,0.268123046,134,0
95,136,010001000,2,0.9556402415,0.08872172865,0,0
95,136,010001000,2,0.9556402415,0.08872172865,0,0
95,384,110000000,2,0.942378046,0.1023272595,61,0
95,8,000001000,1,0.9012195114,0.0953759877,156,0
95,136,010001000,2,0.9556402415,0.08872172865,0,0
95,2,000000010,1,0.8757621963,0.0863469597,160,0
95,138,010001010,3,0.9580792598,0.1175190397,45,0
95,484,111100100,5,0.9605182838,0.1770865889,133,0
95,139,010001011,4,0.9586890135,0.1512846262,93,0
95,168,010101000,3,0.9556402303,0.1283902619,50,0
95,392,110001000,3,0.9653963372,0.1357308119,27,0
95,166,010100110,4,0.9381097537,0.1851869859,150,0
95,444,110111100,6,0.964786578,0.2217209716,147,0
95,192,011000000,2,0.9504573103,0.1211086311,32,0
95,152,010011000,3,0.9513719399,0.2329935927,73,0
95,72,001001000,2,0.9495426752,0.1139507112,36,0
95,128,010000000,1,0.9323170781,0.08404751134,56,0
95,232,011101000,4,0.9621951152,0.2219230887,82,0
95,170,010101010,4,0.9583841376,0.1237906108,95,0
95,136,010001000,2,0.9556402415,0.08872172865,0,0
95,201,011001001,4,0.9567073155,0.1810487332,101,0
95,393,110001001,4,0.9617377985,0.1536827425,85,0
95,392,110001000,3,0.9653963372,0.1357308119,24,0
95,140,010001100,3,0.9544207212,0.1939722262,60,0
95,128,010000000,1,0.9323170781,0.08404751134,58,0
95,392,110001000,3,0.9653963372,0.1357308119,23,0
95,324,101000100,3,0.9624999966,0.1362094213,30,0
95,232,011101000,4,0.9621951152,0.2219230887,81,0
95,128,010000000,1,0.9323170781,0.08404751134,57,0
95,156,010011100,4,0.9596036505,0.2749188193,91,0
95,158,010011110,5,0.9586890191,0.2851446816,138,0
95,384,110000000,2,0.942378046,0.1023272595,64,0
95,225,011100001,4,0.9452743847,0.1662776889,143,0
95,416,110100000,3,0.9510670714,0.1087195657,83,0
95,42,000101010,3,0.955487797,0.1481546445,53,0
95,496,111110000,5,0.9541158415,0.2100702799,146,0
95,200,011001000,3,0.955487797,0.1316828153,52,0
95,458,111001010,5,0.9644817039,0.1614640043,125,0
95,13,000001101,3,0.9356707335,0.3014179626,139,0
95,136,010001000,2,0.9556402415,0.08872172865,0,0
95,138,010001010,3,0.9580792598,0.1175190397,44,0
95,201,011001001,4,0.9567073155,0.1810487332,99,0
95,156,010011100,4,0.9596036505,0.2749188193,90,0
95,152,010011000,3,0.9513719399,0.2329935927,75,0
95,136,010001000,2,0.9556402415,0.08872172865,0,0
95,136,010001000,2,0.9556402415,0.08872172865,0,0
95,136,010001000,2,0.9556402415,0.08872172865,0,0
95,136,010001000,2,0.9556402415,0.08872172865,0,0
95,168,010101000,3,0.9556402303,0.1283902619,49,0
95,138,010001010,3,0.9580792598,0.1175190397,42,0
95,152,010011000,3,0.9513719399,0.2329935927,78,0
95,10,000001010,2,0.9445121922,0.1083079919,51,0
95,393,110001001,4,0.9617377985,0.1536827425,84,0
95,402,110010010,4,0.9487804808,0.1966901873,136,0
95,216,011011000,4,0.9560975544,0.2577285054,105,0
95,440,110111000,5,0.9647865817,0.2230814546,123,0
95,397,110001101,5,0.9626524374,0.1984722707,128,0
95,136,010001000,2,0.9556402415,0.08872172865,0,0
95,216,011011000,4,0.9560975544,0.2577285054,107,0
95,394,110001010,4,0.9682926834,0.1485241046,48,0
95,152,010011000,3,0.9513719399,0.2329935927,69,0
95,356,101100100,4,0.9591463339,0.1657813322,92,0
95,137,010001001,3,0.9589938968,0.1376599907,39,0
95,140,010001100,3,0.9544207212,0.1939722262,59,0
95,172,010101100,4,0.9548780415,0.1772159359,117,0
95,396,110001100,4,0.9617377967,0.18006679,87,0
95,320,101000000,2,0.9503048677,0.1123269997,34,0
95,384,110000000,2,0.942378046,0.1023272595,63,0
95,314,100111010,5,0.9621951208,0.1824102593,129,0
95,204,011001100,4,0.9535060935,0.2112389025,124,0
95,393,110001001,4,0.9617377985,0.1536827425,86,0
95,139,010001011,4,0.9586890135,0.1512846262,94,0
95,392,110001000,3,0.9653963372,0.1357308119,28,0
95,1,000000001,1,0.7878048848,0.08813527925,161,0
95,398,110001110,5,0.9652439002,0.184927925,121,0
95,222,011011110,6,0.9573170654,0.3343018061,151,0
95,153,010011001,4,0.955487797,0.2314127795,111,0
95,471,111010111,7,0.9618902374,0.2460674956,157,0
95,472,111011000,5,0.9638719503,0.2441837927,126,0
95,216,011011000,4,0.9560975544,0.2577285054,106,0
96,130,010000010,2,0.9394817092,0.1096591135,92,0
96,137,010001001,3,0.9589938968,0.1376599907,28,0
96,392,110001000,3,0.9653963372,0.1357308119,16,0
96,8,000001000,1,0.9012195114,0.0953759877,154,0
96,77,001001101,4,0.9611280505,0.2220115,94,0
96,128,010000000,1,0.9323170781,0.08404751134,59,0
96,136,010001000,2,0.9556402415,0.08872172865,0,0
96,128,010000000,1,0.9323170781,0.08404751134,62,0
96,168,010101000,3,0.9556402303,0.1283902619,39,0
96,456,111001000,4,0.9663109723,0.1493365318,54,0
96,185,010111001,5,0.957012184,0.2482354445,144,0
96,8,000001000,1,0.9012195114,0.0953759877,158,0
96,200,011001000,3,0.955487797,0.1316828153,50,0
96,70,001000110,3,0.9445121922,0.1709114732,124,0
96,200,011001000,3,0.955487797,0.1316828153,48,0
96,164,010100100,3,0.9356707316,0.1803958965,142,0
96,393,110001001,4,0.9617377985,0.1536827425,89,0
96,136,010001000,2,0.9556402415,0.08872172865,0,0
96,138,010001010,3,0.9580792598,0.1175190397,30,0
96,376,101111000,5,0.9667682927,0.1849404364,123,0
96,136,010001000,2,0.9556402415,0.08872172865,0,0
96,168,010101000,3,0.9556402303,0.1283902619,42,0
96,220,011011100,5,0.9589938931,0.2710625273,140,0
96,154,010011010,4,0.9570121877,0.2396545438,115,0
96,201,011001001,4,0.9567073155,0.1810487332,116,0
96,153,010011001,4,0.955487797,0.2314127795,125,0
96,136,010001000,2,0.9556402415,0.08872172865,0,0
96,232,011101000,4,0.9621951152,0.2219230887,83,0
96,76,001001100,3,0.9522865731,0.1880639463,72,0
96,129,010000001,2,0.9335365873,0.1010586498,122,0
96,268,100001100,3,0.9647865798,0.1379161642,17,0
96,128,010000000,1,0.9323170781,0.08404751134,57,0
96,152,010011000,3,0.9513719399,0.2329935927,74,0
96,4,000000100,1,0.9094512276,0.06868225115,149,0
96,344,101011000,4,0.964634141,0.194875374,69,0
96,424,110101000,4,0.9621951189,0.151591171,80,0
96,136,010001000,2,0.9556402415,0.08872172865,0,0
96,416,110100000,3,0.9510670714,0.1087195657,84,0
96,193,011000001,3,0.9471036512,0.1576919009,111,0
96,8,000001000,1,0.9012195114,0.0953759877,156,0
96,152,010011000,3,0.9513719399,0.2329935927,76,0
96,140,010001100,3,0.9544207212,0.1939722262,66,0
96,139,010001011,4,0.9586890135,0.1512846262,103,0
96,72,001001000,2,0.9495426752,0.1139507112,21,0
96,141,010001101,4,0.9608231671,0.193762437,97,0
96,98,001100010,3,0.9480182808,0.1166399249,100,0
96,200,011001000,3,0.955487797,0.1316828153,47,0
96,136,010001000,2,0.9556402415,0.08872172865,0,0
96,192,011000000,2,0.9504573103,0.1211086311,19,0
96,138,010001010,3,0.9580792598,0.1175190397,34,0
96,488,111101000,5,0.966463415,0.1571392328,126,0
96,394,110001010,4,0.9682926834,0.1485241046,37,0
96,396,110001100,4,0.9617377967,0.18006679,90,0
96,168,010101000,3,0.9556402303,0.1283902619,41,0
96,393,110001001,4,0.9617377985,0.1536827425,88,0
96,132,010000100,2,0.9396341462,0.1636577162,87,0
96,128,010000000,1,0.9323170781,0.08404751134,58,0
96,408,110011000,4,0.958231695,0.2197342259,109,0
96,140,010001100,3,0.9544207212,0.1939722262,68,0
96,8,000001000,1,0.9012195114,0.0953759877,155,0
96,137,010001001,3,0.9589938968,0.1376599907,27,0
96,204,011001100,4,0.9535060935,0.2112389025,129,0
96,285,100011101,5,0.9692073204,0.1706519304,112,0
96,168,010101000,3,0.9556402303,0.1283902619,40,0
96,72,001001000,2,0.9495426752,0.1139507112,23,0
96,424,110101000,4,0.9621951189,0.151591171,79,0
96,10,000001010,2,0.9445121922,0.1083079919,44,0
96,136,010001000,2,0.9556402415,0.08872172865,0,0
96,131,010000011,3,0.9347560965,0.1501262328,146,0
96,395,110001011,5,0.9670731667,0.1769618806,120,0
96,152,010011000,3,0.9513719399,0.2329935927,73,0
96,201,011001001,4,0.9567073155,0.1810487332,117,0
96,272,100010000,2,0.9314024411,0.09646097757,128,0
96,186,010111010,5,0.9589938968,0.2682068814,139,0
96,136,010001000,2,0.9556402415,0.08872172865,0,0
96,66,001000010,2,0.9518292602,0.09929567995,18,0
96,458,111001010,5,0.9644817039,0.1614640043,130,0
96,286,100011110,5,0.9696646333,0.1719646058,105,0
96,137,010001001,3,0.9589938968,0.1376599907,26,0
96,139,010001011,4,0.9586890135,0.1512846262,102,0
96,504,111111000,6,0.9646341465,0.2548272442,150,0
96,394,110001010,4,0.9682926834,0.1485241046,36,0
96,448,111000000,3,0.9498475511,0.1094583822,96,0
96,172,010101100,4,0.9548780415,0.1772159359,127,0
96,188,010111100,5,0.9551829174,0.2635214692,148,0
96,137,010001001,3,0.9589938968,0.1376599907,24,0
96,176,010110000,3,0.9341463428,0.2078121302,147,0
96,193,011000001,3,0.9471036512,0.1576919009,110,0
96,10,000001010,2,0.9445121922,0.1083079919,45,0
96,140,010001100,3,0.9544207212,0.1939722262,63,0
96,281,100011001,4,0.9638719484,0.1484918948,71,0
96,128,010000000,1,0.9323170781,0.08404751134,60,0
96,136,010001000,2,0.9556402415,0.08872172865,0,0
96,136,010001000,2,0.9556402415,0.08872172865,0,0
96,8,000001000,1,0.9012195114,0.0953759877,153,0
96,106,001101010,4,0.9589938987,0.1349909608,101,0
96,138,010001010,3,0.9580792598,0.1175190397,29,0
96,8,000001000,1,0.9012195114,0.0953759877,157,0
96,408,110011000,4,0.958231695,0.2197342259,108,0
96,320,101000000,2,0.9503048677,0.1123269997,20,0
96,9,000001001,2,0.9167682994,0.1331997535,152,0
96,12,000001100,2,0.9342987817,0.1145905149,118,0
96,234,011101010,5,0.9644817039,0.206266609,131,0
96,136,010001000,2,0.9556402415,0.08872172865,0,0
96,458,111001010,5,0.9644817039,0.1614640043,133,0
96,456,111001000,4,0.9663109723,0.1493365318,53,0
96,456,111001000,4,0.9663109723,0.1493365318,52,0
96,174,010101110,5,0.9596036505,0.2229905166,136,0
96,73,001001001,3,0.953048775,0.1462754204,70,0
96,458,111001010,5,0.9644817039,0.1614640043,132,0
96,170,010101010,4,0.9583841376,0.1237906108,106,0
96,186,010111010,5,0.9589938968,0.2682068814,138,0
96,328,101001000,3,0.9661585353,0.1314932012,15,0
96,142,010001110,4,0.9562499933,0.2010135157,119,0
96,138,010001010,3,0.9580792598,0.1175190397,31,0
96,140,010001100,3,0.9544207212,0.1939722262,65,0
96,200,011001000,3,0.955487797,0.1316828153,46,0
96,130,010000010,2,0.9394817092,0.1096591135,93,0
96,144,010010000,2,0.9355182927,0.1628878268,113,0
96,356,101100100,4,0.9591463339,0.1657813322,99,0
96,146,010010010,3,0.9370426815,0.1859965373,137,0
96,152,010011000,3,0.9513719399,0.2329935927,75,0
96,32,000100000,1,0.8641768359,0.1044695501,161,0
96,136,010001000,2,0.9556402415,0.08872172865,0,0
96,456,111001000,4,0.9663109723,0.1493365318,55,0
96,140,010001100,3,0.9544207212,0.1939722262,64,0
96,137,010001001,3,0.9589938968,0.1376599907,25,0
96,456,111001000,4,0.9663109723,0.1493365318,56,0
96,136,010001000,2,0.9556402415,0.08872172865,0,0
96,160,010100000,2,0.9399390239,0.09322097432,85,0
96,132,010000100,2,0.9396341462,0.1636577162,86,0
96,448,111000000,3,0.9498475511,0.1094583822,95,0
96,492,111101100,6,0.9681402501,0.1861764477,143,0
96,424,110101000,4,0.9621951189,0.151591171,78,0
96,170,010101010,4,0.9583841376,0.1237906108,107,0
96,139,010001011,4,0.9586890135,0.1512846262,104,0
96,131,010000011,3,0.9347560965,0.1501262328,145,0
96,140,010001100,3,0.9544207212,0.1939722262,67,0
96,280,100011000,3,0.9574695043,0.1384578615,35,0
96,72,001001000,2,0.9495426752,0.1139507112,22,0
96,138,010001010,3,0.9580792598,0.1175190397,33,0
96,40,000101000,2,0.9376524407,0.09235404083,98,0
96,128,010000000,1,0.9323170781,0.08404751134,61,0
96,2,000000010,1,0.8757621963,0.0863469597,160,0
96,136,010001000,2,0.9556402415,0.08872172865,0,0
96,129,010000001,2,0.9335365873,0.1010586498,121,0
96,104,001101000,3,0.9568597451,0.1185564424,38,0
96,200,011001000,3,0.955487797,0.1316828153,51,0
96,425,110101001,5,0.9621951208,0.1687642131,134,0
96,195,011000011,4,0.9493902363,0.1929078563,135,0
96,15,000001111,4,0.9467987716,0.2596095148,141,0
96,59,000111011,5,0.9528963305,0.1926716072,151,0
96,136,010001000,2,0.9556402415,0.08872172865,0,0
96,424,110101000,4,0.9621951189,0.151591171,81,0
96,25,000011001,3,0.9463414568,0.1495797473,114,0
96,424,110101000,4,0.9621951189,0.151591171,82,0
96,200,011001000,3,0.955487797,0.1316828153,49,0
96,300,100101100,4,0.9623475503,0.1672059349,77,0
96,396,110001100,4,0.9617377967,0.18006679,91,0
96,10,000001010,2,0.9445121922,0.1083079919,43,0
96,138,010001010,3,0.9580792598,0.1175190397,32,0
96,8,000001000,1,0.9012195114,0.0953759877,159,0
97,72,001001000,2,0.9495426752,0.1139507112,38,0
97,136,010001000,2,0.9556402415,0.08872172865,0,0
97,8,000001000,1,0.9012195114,0.0953759877,157,0
97,204,011001100,4,0.9535060935,0.2112389025,133,0
97,394,110001010,4,0.9682926834,0.1485241046,52,0
97,136,010001000,2,0.9556402415,0.08872172865,0,0
97,136,010001000,2,0.9556402415,0.08872172865,0,0
97,24,000011000,2,0.9400914628,0.1224767463,87,0
97,144,010010000,2,0.9355182927,0.1628878268,105,0
97,145,010010001,3,0.943597557,0.1669537378,128,0
97,262,100000110,3,0.9503048733,0.1506545902,95,0
97,251,011111011,7,0.9612804838,0.3173386743,158,0
97,136,010001000,2,0.9556402415,0.08872172865,0,0
97,205,011001101,5,0.9605182856,0.3885932574,144,0
97,188,010111100,5,0.9551829174,0.2635214692,149,0
97,325,101000101,4,0.9565548692,0.1581497551,115,0
97,1,000000001,1,0.7878048848,0.08813527925,160,0
97,152,010011000,3,0.9513719399,0.2329935927,82,0
97,9,000001001,2,0.9167682994,0.1331997535,152,0
97,153,010011001,4,0.955487797,0.2314127795,125,0
97,154,010011010,4,0.9570121877,0.2396545438,110,0
97,136,010001000,2,0.9556402415,0.08872172865,0,0
97,313,100111001,5,0.963109754,0.167221989,137,0
97,234,011101010,5,0.9644817039,0.206266609,134,0
97,264,100001000,2,0.9495426789,0.1157485445,33,0
97,130,010000010,2,0.9394817092,0.1096591135,94,0
97,392,110001000,3,0.9653963372,0.1357308119,28,0
97,152,010011000,3,0.9513719399,0.2329935927,78,0
97,136,010001000,2,0.9556402415,0.08872172865,0,0
97,136,010001000,2,0.9556402415,0.08872172865,0,0
97,136,010001000,2,0.9556402415,0.08872172865,0,0
97,8,000001000,1,0.9012195114,0.0953759877,154,0
97,136,010001000,2,0.9556402415,0.08872172865,0,0
97,394,110001010,4,0.9682926834,0.1485241046,51,0
97,392,110001000,3,0.9653963372,0.1357308119,31,0
97,134,010000110,3,0.9411585312,0.1737534327,136,0
97,141,010001101,4,0.9608231671,0.193762437,98,0
97,138,010001010,3,0.9580792598,0.1175190397,46,0
97,20,000010100,2,0.916006105,0.1150037684,153,0
97,248,011111000,5,0.9550304767,0.2725362466,150,0
97,269,100001101,4,0.963262191,0.1545369336,74,0
97,136,010001000,2,0.9556402415,0.08872172865,0,0
97,136,010001000,2,0.9556402415,0.08872172865,0,0
97,172,010101100,4,0.9548780415,0.1772159359,127,0
97,480,111100000,4,0.9522865769,0.1520633074,135,0
97,136,010001000,2,0.9556402415,0.08872172865,0,0
97,264,100001000,2,0.9495426789,0.1157485445,35,0
97,194,011000010,3,0.9448170681,0.1295389787,123,0
97,8,000001000,1,0.9012195114,0.0953759877,156,0
97,425,110101001,5,0.9621951208,0.1687642131,140,0
97,264,100001000,2,0.9495426789,0.1157485445,37,0
97,24,000011000,2,0.9400914628,0.1224767463,86,0
97,489,111101001,6,0.9646341447,0.1878299923,151,0
97,462,111001110,6,0.9695121981,0.2274610037,148,0
97,156,010011100,4,0.9596036505,0.2749188193,99,0
97,139,010001011,4,0.9586890135,0.1512846262,102,0
97,201,011001001,4,0.9567073155,0.1810487332,111,0
97,136,010001000,2,0.9556402415,0.08872172865,0,0
97,266,100001010,3,0.9663109817,0.1359270001,25,0
97,400,110010000,3,0.9547256026,0.1810064591,64,0
97,136,010001000,2,0.9556402415,0.08872172865,0,0
97,72,001001000,2,0.9495426752,0.1139507112,39,0
97,100,001100100,3,0.9481707253,0.1504776806,101,0
97,144,010010000,2,0.9355182927,0.1628878268,106,0
97,393,110001001,4,0.9617377985,0.1536827425,90,0
97,396,110001100,4,0.9617377967,0.18006679,91,0
97,128,010000000,1,0.9323170781,0.08404751134,69,0
97,136,010001000,2,0.9556402415,0.08872172865,0,0
97,152,010011000,3,0.9513719399,0.2329935927,81,0
97,8,000001000,1,0.9012195114,0.0953759877,155,0
97,140,010001100,3,0.9544207212,0.1939722262,72,0
97,296,100101000,3,0.9603658449,0.1424966599,40,0
97,137,010001001,3,0.9589938968,0.1376599907,44,0
97,137,010001001,3,0.9589938968,0.1376599907,43,0
97,265,100001001,3,0.9512195047,0.1273183418,84,0
97,152,010011000,3,0.9513719399,0.2329935927,75,0
97,137,010001001,3,0.9589938968,0.1376599907,42,0
97,137,010001001,3,0.9589938968,0.1376599907,41,0
97,144,010010000,2,0.9355182927,0.1628878268,107,0
97,266,100001010,3,0.9663109817,0.1359270001,26,0
97,128,010000000,1,0.9323170781,0.08404751134,66,0
97,233,011101001,5,0.9603658449,0.268123046,146,0
97,136,010001000,2,0.9556402415,0.08872172865,0,0
97,136,010001000,2,0.9556402415,0.08872172865,0,0
97,384,110000000,2,0.942378046,0.1023272595,73,0
97,12,000001100,2,0.9342987817,0.1145905149,117,0
97,136,010001000,2,0.9556402415,0.08872172865,0,0
97,128,010000000,1,0.9323170781,0.08404751134,70,0
97,162,010100010,3,0.9460365772,0.1228090909,109,0
97,128,010000000,1,0.9323170781,0.08404751134,68,0
97,426,110101010,5,0.965548778,0.1652380908,129,0
97,168,010101000,3,0.9556402303,0.1283902619,58,0
97,393,110001001,4,0.9617377985,0.1536827425,89,0
97,162,010100010,3,0.9460365772,0.1228090909,108,0
97,428,110101100,5,0.9626524337,0.1925693848,138,0
97,10,000001010,2,0.9445121922,0.1083079919,61,0
97,152,010011000,3,0.9513719399,0.2329935927,80,0
97,138,010001010,3,0.9580792598,0.1175190397,47,0
97,128,010000000,1,0.9323170781,0.08404751134,67,0
97,192,011000000,2,0.9504573103,0.1211086311,32,0
97,168,010101000,3,0.9556402303,0.1283902619,56,0
97,136,010001000,2,0.9556402415,0.08872172865,0,0
97,1,000000001,1,0.7878048848,0.08813527925,161,0
97,153,010011001,4,0.955487797,0.2314127795,126,0
97,136,010001000,2,0.9556402415,0.08872172865,0,0
97,140,010001100,3,0.9544207212,0.1939722262,71,0
97,128,010000000,1,0.9323170781,0.08404751134,65,0
97,392,110001000,3,0.9653963372,0.1357308119,27,0
97,396,110001100,4,0.9617377967,0.18006679,92,0
97,424,110101000,4,0.9621951189,0.151591171,88,0
97,130,010000010,2,0.9394817092,0.1096591135,93,0
97,137,010001001,3,0.9589938968,0.1376599907,45,0
97,142,010001110,4,0.9562499933,0.2010135157,119,0
97,456,111001000,4,0.9663109723,0.1493365318,63,0
97,233,011101001,5,0.9603658449,0.268123046,145,0
97,168,010101000,3,0.9556402303,0.1283902619,59,0
97,43,000101011,4,0.9513719436,0.1703410912,139,0
97,312,100111000,4,0.9676829297,0.1558179194,53,0
97,64,001000000,1,0.9262195174,0.09079117677,100,0
97,2,000000010,1,0.8757621963,0.0863469597,159,0
97,141,010001101,4,0.9608231671,0.193762437,97,0
97,136,010001000,2,0.9556402415,0.08872172865,0,0
97,138,010001010,3,0.9580792598,0.1175190397,48,0
97,200,011001000,3,0.955487797,0.1316828153,62,0
97,204,011001100,4,0.9535060935,0.2112389025,132,0
97,152,010011000,3,0.9513719399,0.2329935927,76,0
97,136,010001000,2,0.9556402415,0.08872172865,0,0
97,136,010001000,2,0.9556402415,0.08872172865,0,0
97,152,010011000,3,0.9513719399,0.2329935927,83,0
97,136,010001000,2,0.9556402415,0.08872172865,0,0
97,168,010101000,3,0.9556402303,0.1283902619,57,0
97,170,010101010,4,0.9583841376,0.1237906108,104,0
97,280,100011000,3,0.9574695043,0.1384578615,50,0
97,10,000001010,2,0.9445121922,0.1083079919,60,0
97,395,110001011,5,0.9670731667,0.1769618806,122,0
97,272,100010000,2,0.9314024411,0.09646097757,131,0
97,152,010011000,3,0.9513719399,0.2329935927,77,0
97,184,010111000,4,0.9567073099,0.2421766864,114,0
97,205,011001101,5,0.9605182856,0.3885932574,143,0
97,136,010001000,2,0.9556402415,0.08872172865,0,0
97,216,011011000,4,0.9560975544,0.2577285054,120,0
97,142,010001110,4,0.9562499933,0.2010135157,118,0
97,152,010011000,3,0.9513719399,0.2329935927,79,0
97,236,011101100,5,0.9617378004,0.2343629976,142,0
97,201,011001001,4,0.9567073155,0.1810487332,112,0
97,12,000001100,2,0.9342987817,0.1145905149,116,0
97,392,110001000,3,0.9653963372,0.1357308119,30,0
97,388,110000100,3,0.9559451118,0.1492509923,54,0
97,448,111000000,3,0.9498475511,0.1094583822,96,0
97,264,100001000,2,0.9495426789,0.1157485445,34,0
97,184,010111000,4,0.9567073099,0.2421766864,113,0
97,388,110000100,3,0.9559451118,0.1492509923,55,0
97,395,110001011,5,0.9670731667,0.1769618806,121,0
97,139,010001011,4,0.9586890135,0.1512846262,103,0
97,265,100001001,3,0.9512195047,0.1273183418,85,0
97,264,100001000,2,0.9495426789,0.1157485445,36,0
97,398,110001110,5,0.9652439002,0.184927925,130,0
97,218,011011010,5,0.958841458,0.2987742741,147,0
97,153,010011001,4,0.955487797,0.2314127795,124,0
97,409,110011001,5,0.9621951114,0.2163874777,141,0
97,280,100011000,3,0.9574695043,0.1384578615,49,0
97,392,110001000,3,0.9653963372,0.1357308119,29,0
98,10,000001010,2,0.9445121922,0.1083079919,57,0
98,137,010001001,3,0.9589938968,0.1376599907,35,0
98,266,100001010,3,0.9663109817,0.1359270001,16,0
98,132,010000100,2,0.9396341462,0.1636577162,96,0
98,479,111011111,8,0.9653963409,0.297615774,161,0
98,128,010000000,1,0.9323170781,0.08404751134,73,0
98,136,010001000,2,0.9556402415,0.08872172865,0,0
98,8,000001000,1,0.9012195114,0.0953759877,154,0
98,168,010101000,3,0.9556402303,0.1283902619,52,0
98,200,011001000,3,0.955487797,0.1316828153,59,0
98,184,010111000,4,0.9567073099,0.2421766864,116,0
98,72,001001000,2,0.9495426752,0.1139507112,30,0
98,201,011001001,4,0.9567073155,0.1810487332,113,0
98,10,000001010,2,0.9445121922,0.1083079919,58,0
98,192,011000000,2,0.9504573103,0.1211086311,23,0
98,64,001000000,1,0.9262195174,0.09079117677,102,0
98,456,111001000,4,0.9663109723,0.1493365318,65,0
98,136,010001000,2,0.9556402415,0.08872172865,0,0
98,142,010001110,4,0.9562499933,0.2010135157,119,0
98,302,100101110,5,0.9657012187,0.1828945968,130,0
98,136,010001000,2,0.9556402415,0.08872172865,0,0
98,184,010111000,4,0.9567073099,0.2421766864,115,0
98,412,110011100,5,0.9612804819,0.2286357516,143,0
98,184,010111000,4,0.9567073099,0.2421766864,114,0
98,201,011001001,4,0.9567073155,0.1810487332,112,0
98,169,010101001,4,0.9554877914,0.1521936124,127,0
98,392,110001000,3,0.9653963372,0.1357308119,20,0
98,168,010101000,3,0.9556402303,0.1283902619,56,0
98,76,001001100,3,0.9522865731,0.1880639463,81,0
98,128,010000000,1,0.9323170781,0.08404751134,72,0
98,12,000001100,2,0.9342987817,0.1145905149,117,0
98,128,010000000,1,0.9323170781,0.08404751134,67,0
98,136,010001000,2,0.9556402415,0.08872172865,0,0
98,28,000011100,3,0.9434451163,0.1445199884,131,0
98,408,110011000,4,0.958231695,0.2197342259,106,0
98,424,110101000,4,0.9621951189,0.151591171,91,0
98,137,010001001,3,0.9589938968,0.1376599907,39,0
98,128,010000000,1,0.9323170781,0.08404751134,68,0
98,203,011001011,5,0.959146332,0.1784309237,146,0
98,8,000001000,1,0.9012195114,0.0953759877,157,0
98,408,110011000,4,0.958231695,0.2197342259,107,0
98,136,010001000,2,0.9556402415,0.08872172865,0,0
98,139,010001011,4,0.9586890135,0.1512846262,104,0
98,194,011000010,3,0.9448170681,0.1295389787,123,0
98,390,110000110,4,0.9560975488,0.160214691,120,0
98,296,100101000,3,0.9603658449,0.1424966599,32,0
98,456,111001000,4,0.9663109723,0.1493365318,66,0
98,136,010001000,2,0.9556402415,0.08872172865,0,0
98,201,011001001,4,0.9567073155,0.1810487332,111,0
98,11,000001011,3,0.9513719436,0.1420441959,83,0
98,232,011101000,4,0.9621951152,0.2219230887,93,0
98,266,100001010,3,0.9663109817,0.1359270001,18,0
98,460,111001100,5,0.9623475634,0.1988814175,141,0
98,296,100101000,3,0.9603658449,0.1424966599,31,0
98,137,010001001,3,0.9589938968,0.1376599907,34,0
98,14,000001110,3,0.9452743828,0.2012516796,118,0
98,128,010000000,1,0.9323170781,0.08404751134,70,0
98,392,110001000,3,0.9653963372,0.1357308119,22,0
98,396,110001100,4,0.9617377967,0.18006679,97,0
98,8,000001000,1,0.9012195114,0.0953759877,159,0
98,8,000001000,1,0.9012195114,0.0953759877,158,0
98,76,001001100,3,0.9522865731,0.1880639463,82,0
98,397,110001101,5,0.9626524374,0.1984722707,139,0
98,200,011001000,3,0.955487797,0.1316828153,61,0
98,72,001001000,2,0.9495426752,0.1139507112,26,0
98,168,010101000,3,0.9556402303,0.1283902619,55,0
98,64,001000000,1,0.9262195174,0.09079117677,103,0
98,136,010001000,2,0.9556402415,0.08872172865,0,0
98,137,010001001,3,0.9589938968,0.1376599907,36,0
98,395,110001011,5,0.9670731667,0.1769618806,121,0
98,152,010011000,3,0.9513719399,0.2329935927,88,0
98,169,010101001,4,0.9554877914,0.1521936124,126,0
98,272,100010000,2,0.9314024411,0.09646097757,134,0
98,186,010111010,5,0.9589938968,0.2682068814,147,0
98,136,010001000,2,0.9556402415,0.08872172865,0,0
98,72,001001000,2,0.9495426752,0.1139507112,28,0
98,74,001001010,3,0.9570121821,0.1378696063,45,0
98,190,010111110,6,0.9559451174,0.3044974832,160,0
98,137,010001001,3,0.9589938968,0.1376599907,33,0
98,137,010001001,3,0.9589938968,0.1376599907,41,0
98,504,111111000,6,0.9646341465,0.2548272442,152,0
98,394,110001010,4,0.9682926834,0.1485241046,43,0
98,384,110000000,2,0.942378046,0.1023272595,79,0
98,172,010101100,4,0.9548780415,0.1772159359,129,0
98,168,010101000,3,0.9556402303,0.1283902619,48,0
98,9,000001001,2,0.9167682994,0.1331997535,153,0
98,152,010011000,3,0.9513719399,0.2329935927,84,0
98,72,001001000,2,0.9495426752,0.1139507112,29,0
98,136,010001000,2,0.9556402415,0.08872172865,0,0
98,364,101101100,5,0.9696646333,0.1734690042,105,0
98,137,010001001,3,0.9589938968,0.1376599907,38,0
98,128,010000000,1,0.9323170781,0.08404751134,69,0
98,136,010001000,2,0.9556402415,0.08872172865,0,0
98,136,010001000,2,0.9556402415,0.08872172865,0,0
98,24,000011000,2,0.9400914628,0.1224767463,90,0
98,168,010101000,3,0.9556402303,0.1283902619,53,0
98,138,010001010,3,0.9580792598,0.1175190397,42,0
98,266,100001010,3,0.9663109817,0.1359270001,17,0
98,152,010011000,3,0.9513719399,0.2329935927,85,0
98,8,000001000,1,0.9012195114,0.0953759877,156,0
98,137,010001001,3,0.9589938968,0.1376599907,40,0
98,140,010001100,3,0.9544207212,0.1939722262,75,0
98,104,001101000,3,0.9568597451,0.1185564424,46,0
98,200,011001000,3,0.955487797,0.1316828153,63,0
98,458,111001010,5,0.9644817039,0.1614640043,136,0
98,200,011001000,3,0.955487797,0.1316828153,62,0
98,328,101001000,3,0.9661585353,0.1314932012,19,0
98,174,010101110,5,0.9596036505,0.2229905166,144,0
98,333,101001101,5,0.9678353649,0.1775467619,110,0
98,202,011001010,4,0.9612804782,0.149196442,99,0
98,168,010101000,3,0.9556402303,0.1283902619,54,0
98,168,010101000,3,0.9556402303,0.1283902619,51,0
98,344,101011000,4,0.964634141,0.194875374,77,0
98,398,110001110,5,0.9652439002,0.184927925,133,0
98,130,010000010,2,0.9394817092,0.1096591135,98,0
98,284,100011100,4,0.9644817002,0.1660791668,80,0
98,456,111001000,4,0.9663109723,0.1493365318,64,0
98,78,001001110,4,0.9573170636,0.2032758179,108,0
98,154,010011010,4,0.9570121877,0.2396545438,109,0
98,492,111101100,6,0.9681402501,0.1861764477,149,0
98,146,010010010,3,0.9370426815,0.1859965373,145,0
98,152,010011000,3,0.9513719399,0.2329935927,87,0
98,8,000001000,1,0.9012195114,0.0953759877,155,0
98,136,010001000,2,0.9556402415,0.08872172865,0,0
98,136,010001000,2,0.9556402415,0.08872172865,0,0
98,148,010010100,3,0.9419207256,0.2030755011,137,0
98,137,010001001,3,0.9589938968,0.1376599907,37,0
98,392,110001000,3,0.9653963372,0.1357308119,21,0
98,168,010101000,3,0.9556402303,0.1283902619,50,0
98,168,010101000,3,0.9556402303,0.1283902619,49,0
98,132,010000100,2,0.9396341462,0.1636577162,95,0
98,450,111000010,4,0.9554877952,0.1262044164,125,0
98,492,111101100,6,0.9681402501,0.1861764477,150,0
98,426,110101010,5,0.965548778,0.1652380908,132,0
98,168,010101000,3,0.9556402303,0.1283902619,47,0
98,395,110001011,5,0.9670731667,0.1769618806,122,0
98,131,010000011,3,0.9347560965,0.1501262328,151,0
98,140,010001100,3,0.9544207212,0.1939722262,74,0
98,24,000011000,2,0.9400914628,0.1224767463,89,0
98,72,001001000,2,0.9495426752,0.1139507112,27,0
98,136,010001000,2,0.9556402415,0.08872172865,0,0
98,40,000101000,2,0.9376524407,0.09235404083,101,0
98,128,010000000,1,0.9323170781,0.08404751134,71,0
98,384,110000000,2,0.942378046,0.1023272595,78,0
98,136,010001000,2,0.9556402415,0.08872172865,0,0
98,129,010000001,2,0.9335365873,0.1010586498,124,0
98,236,011101100,5,0.9617378004,0.2343629976,142,0
98,192,011000000,2,0.9504573103,0.1211086311,24,0
98,41,000101001,3,0.9443597533,0.2578364955,128,0
98,192,011000000,2,0.9504573103,0.1211086311,25,0
98,13,000001101,3,0.9356707335,0.3014179626,148,0
98,361,101101001,5,0.9644817058,0.176816938,135,0
98,136,010001000,2,0.9556402415,0.08872172865,0,0
98,424,110101000,4,0.9621951189,0.151591171,92,0
98,152,010011000,3,0.9513719399,0.2329935927,86,0
98,416,110100000,3,0.9510670714,0.1087195657,94,0
98,200,011001000,3,0.955487797,0.1316828153,60,0
98,428,110101100,5,0.9626524337,0.1925693848,140,0
98,140,010001100,3,0.9544207212,0.1939722262,76,0
98,202,011001010,4,0.9612804782,0.149196442,100,0
98,74,001001010,3,0.9570121821,0.1378696063,44,0
98,472,111011000,5,0.9638719503,0.2441837927,138,0
99,328,101001000,3,0.9661585353,0.1314932012,32,0
99,136,010001000,2,0.9556402415,0.08872172865,0,0
99,136,010001000,2,0.9556402415,0.08872172865,0,0
99,456,111001000,4,0.9663109723,0.1493365318,64,0
99,10,000001010,2,0.9445121922,0.1083079919,57,0
99,136,010001000,2,0.9556402415,0.08872172865,0,0
99,136,010001000,2,0.9556402415,0.08872172865,0,0
99,144,010010000,2,0.9355182927,0.1628878268,107,0
99,160,010100000,2,0.9399390239,0.09322097432,91,0
99,144,010010000,2,0.9355182927,0.1628878268,108,0
99,257,100000001,2,0.8830792718,0.09909134312,159,0
99,187,010111011,6,0.9594512116,0.279120577,149,0
99,136,010001000,2,0.9556402415,0.08872172865,0,0
99,205,011001101,5,0.9605182856,0.3885932574,139,0
99,180,010110100,4,0.9402438998,0.2270922111,145,0
99,460,111001100,5,0.9623475634,0.1988814175,137,0
99,128,010000000,1,0.9323170781,0.08404751134,69,0
99,152,010011000,3,0.9513719399,0.2329935927,83,0
99,9,000001001,2,0.9167682994,0.1331997535,147,0
99,395,110001011,5,0.9670731667,0.1769618806,123,0
99,154,010011010,4,0.9570121877,0.2396545438,113,0
99,136,010001000,2,0.9556402415,0.08872172865,0,0
99,361,101101001,5,0.9644817058,0.176816938,132,0
99,138,010001010,3,0.9580792598,0.1175190397,49,0
99,392,110001000,3,0.9653963372,0.1357308119,36,0
99,129,010000001,2,0.9335365873,0.1010586498,125,0
99,136,010001000,2,0.9556402415,0.08872172865,0,0
99,200,011001000,3,0.955487797,0.1316828153,59,0
99,136,010001000,2,0.9556402415,0.08872172865,0,0
99,136,010001000,2,0.9556402415,0.08872172865,0,0
99,136,010001000,2,0.9556402415,0.08872172865,0,0
99,8,000001000,1,0.9012195114,0.0953759877,155,0
99,152,010011000,3,0.9513719399,0.2329935927,84,0
99,42,000101010,3,0.955487797,0.1481546445,61,0
99,136,010001000,2,0.9556402415,0.08872172865,0,0
99,130,010000010,2,0.9394817092,0.1096591135,98,0
99,140,010001100,3,0.9544207212,0.1939722262,75,0
99,170,010101010,4,0.9583841376,0.1237906108,105,0
99,84,001010100,3,0.9432926793,0.1912370785,130,0
99,184,010111000,4,0.9567073099,0.2421766864,115,0
99,12,000001100,2,0.9342987817,0.1145905149,117,0
99,140,010001100,3,0.9544207212,0.1939722262,77,0
99,136,010001000,2,0.9556402415,0.08872172865,0,0
99,96,001100000,2,0.9330792725,0.09982250445,128,0
99,329,101001001,4,0.9663109742,0.1626024148,63,0
99,72,001001000,2,0.9495426752,0.1139507112,44,0
99,8,000001000,1,0.9012195114,0.0953759877,157,0
99,202,011001010,4,0.9612804782,0.149196442,101,0
99,8,000001000,1,0.9012195114,0.0953759877,154,0
99,168,010101000,3,0.9556402303,0.1283902619,54,0
99,8,000001000,1,0.9012195114,0.0953759877,153,0
99,393,110001001,4,0.9617377985,0.1536827425,94,0
99,169,010101001,4,0.9554877914,0.1521936124,127,0
99,142,010001110,4,0.9562499933,0.2010135157,121,0
99,412,110011100,5,0.9612804819,0.2286357516,138,0
99,193,011000001,3,0.9471036512,0.1576919009,106,0
99,136,010001000,2,0.9556402415,0.08872172865,0,0
99,152,010011000,3,0.9513719399,0.2329935927,85,0
99,138,010001010,3,0.9580792598,0.1175190397,48,0
99,136,010001000,2,0.9556402415,0.08872172865,0,0
99,137,010001001,3,0.9589938968,0.1376599907,47,0
99,136,010001000,2,0.9556402415,0.08872172865,0,0
99,472,111011000,5,0.9638719503,0.2441837927,136,0
99,176,010110000,3,0.9341463428,0.2078121302,143,0
99,393,110001001,4,0.9617377985,0.1536827425,92,0
99,136,010001000,2,0.9556402415,0.08872172865,0,0
99,24,000011000,2,0.9400914628,0.1224767463,87,0
99,136,010001000,2,0.9556402415,0.08872172865,0,0
99,136,010001000,2,0.9556402415,0.08872172865,0,0
99,136,010001000,2,0.9556402415,0.08872172865,0,0
99,136,010001000,2,0.9556402415,0.08872172865,0,0
99,8,000001000,1,0.9012195114,0.0953759877,152,0
99,393,110001001,4,0.9617377985,0.1536827425,93,0
99,392,110001000,3,0.9653963372,0.1357308119,34,0
99,9,000001001,2,0.9167682994,0.1331997535,148,0
99,154,010011010,4,0.9570121877,0.2396545438,111,0
99,137,010001001,3,0.9589938968,0.1376599907,45,0
99,392,110001000,3,0.9653963372,0.1357308119,35,0
99,400,110010000,3,0.9547256026,0.1810064591,66,0
99,264,100001000,2,0.9495426789,0.1157485445,40,0
99,128,010000000,1,0.9323170781,0.08404751134,72,0
99,232,011101000,4,0.9621951152,0.2219230887,90,0
99,136,010001000,2,0.9556402415,0.08872172865,0,0
99,136,010001000,2,0.9556402415,0.08872172865,0,0
99,400,110010000,3,0.9547256026,0.1810064591,65,0
99,140,010001100,3,0.9544207212,0.1939722262,78,0
99,128,010000000,1,0.9323170781,0.08404751134,73,0
99,128,010000000,1,0.9323170781,0.08404751134,74,0
99,256,100000000,1,0.8653963432,0.05144251033,160,0
99,394,110001010,4,0.9682926834,0.1485241046,52,0
99,186,010111010,5,0.9589938968,0.2682068814,140,0
99,168,010101000,3,0.9556402303,0.1283902619,56,0
99,392,110001000,3,0.9653963372,0.1357308119,38,0
99,162,010100010,3,0.9460365772,0.1228090909,110,0
99,396,110001100,4,0.9617377967,0.18006679,95,0
99,2,000000010,1,0.8757621963,0.0863469597,158,0
99,152,010011000,3,0.9513719399,0.2329935927,86,0
99,264,100001000,2,0.9495426789,0.1157485445,41,0
99,128,010000000,1,0.9323170781,0.08404751134,71,0
99,200,011001000,3,0.955487797,0.1316828153,60,0
99,170,010101010,4,0.9583841376,0.1237906108,104,0
99,136,010001000,2,0.9556402415,0.08872172865,0,0
99,11,000001011,3,0.9513719436,0.1420441959,81,0
99,153,010011001,4,0.955487797,0.2314127795,126,0
99,136,010001000,2,0.9556402415,0.08872172865,0,0
99,136,010001000,2,0.9556402415,0.08872172865,0,0
99,128,010000000,1,0.9323170781,0.08404751134,67,0
99,392,110001000,3,0.9653963372,0.1357308119,37,0
99,128,010000000,1,0.9323170781,0.08404751134,68,0
99,40,000101000,2,0.9376524407,0.09235404083,102,0
99,130,010000010,2,0.9394817092,0.1096591135,99,0
99,137,010001001,3,0.9589938968,0.1376599907,46,0
99,202,011001010,4,0.9612804782,0.149196442,100,0
99,200,011001000,3,0.955487797,0.1316828153,62,0
99,234,011101010,5,0.9644817039,0.206266609,134,0
99,424,110101000,4,0.9621951189,0.151591171,89,0
99,10,000001010,2,0.9445121922,0.1083079919,58,0
99,444,110111100,6,0.964786578,0.2217209716,144,0
99,66,001000010,2,0.9518292602,0.09929567995,39,0
99,142,010001110,4,0.9562499933,0.2010135157,120,0
99,9,000001001,2,0.9167682994,0.1331997535,146,0
99,136,010001000,2,0.9556402415,0.08872172865,0,0
99,138,010001010,3,0.9580792598,0.1175190397,51,0
99,8,000001000,1,0.9012195114,0.0953759877,151,0
99,396,110001100,4,0.9617377967,0.18006679,96,0
99,136,010001000,2,0.9556402415,0.08872172865,0,0
99,136,010001000,2,0.9556402415,0.08872172865,0,0
99,136,010001000,2,0.9556402415,0.08872172865,0,0
99,184,010111000,4,0.9567073099,0.2421766864,116,0
99,128,010000000,1,0.9323170781,0.08404751134,70,0
99,168,010101000,3,0.9556402303,0.1283902619,55,0
99,136,010001000,2,0.9556402415,0.08872172865,0,0
99,8,000001000,1,0.9012195114,0.0953759877,150,0
99,136,010001000,2,0.9556402415,0.08872172865,0,0
99,395,110001011,5,0.9670731667,0.1769618806,124,0
99,272,100010000,2,0.9314024411,0.09646097757,131,0
99,154,010011010,4,0.9570121877,0.2396545438,112,0
99,312,100111000,4,0.9676829297,0.1558179194,53,0
99,24,000011000,2,0.9400914628,0.1224767463,88,0
99,136,010001000,2,0.9556402415,0.08872172865,0,0
99,216,011011000,4,0.9560975544,0.2577285054,122,0
99,142,010001110,4,0.9562499933,0.2010135157,119,0
99,144,010010000,2,0.9355182927,0.1628878268,109,0
99,360,101101000,4,0.9634146318,0.168340771,80,0
99,201,011001001,4,0.9567073155,0.1810487332,114,0
99,12,000001100,2,0.9342987817,0.1145905149,118,0
99,392,110001000,3,0.9653963372,0.1357308119,33,0
99,396,110001100,4,0.9617377967,0.18006679,97,0
99,1,000000001,1,0.7878048848,0.08813527925,161,0
99,11,000001011,3,0.9513719436,0.1420441959,82,0
99,410,110011010,5,0.9644817039,0.2193003995,135,0
99,140,010001100,3,0.9544207212,0.1939722262,76,0
99,139,010001011,4,0.9586890135,0.1512846262,103,0
99,138,010001010,3,0.9580792598,0.1175190397,50,0
99,264,100001000,2,0.9495426789,0.1157485445,42,0
99,8,000001000,1,0.9012195114,0.0953759877,156,0
99,462,111001110,6,0.9695121981,0.2274610037,141,0
99,234,011101010,5,0.9644817039,0.206266609,133,0
99,185,010111001,5,0.957012184,0.2482354445,142,0
99,283,100011011,5,0.9660060965,0.1543926708,129,0
99,344,101011000,4,0.964634141,0.194875374,79,0
99,72,001001000,2,0.9495426752,0.1139507112,43,0
