index,accuracy,penalty
0,0,0
1,1,0.00625
2,1,0.00625
3,2,0.0125
4,1,0.00625
5,2,0.0125
6,2,0.0125
7,3,0.01875
8,1,0.00625
9,2,0.0125
10,2,0.0125
11,3,0.01875
12,2,0.0125
13,3,0.01875
14,3,0.01875
15,4,0.025
16,1,0.00625
17,2,0.0125
18,2,0.0125
19,3,0.01875
20,2,0.0125
21,3,0.01875
22,3,0.01875
23,4,0.025
24,2,0.0125
25,3,0.01875
26,3,0.01875
27,4,0.025
28,3,0.01875
29,4,0.025
30,4,0.025
31,3,0.03125
32,1,0.00625
33,2,0.0125
34,2,0.0125
35,3,0.01875
36,2,0.0125
37,3,0.01875
38,3,0.01875
39,4,0.025
40,2,0.0125
41,3,0.01875
42,3,0.01875
43,4,0.025
44,3,0.01875
45,4,0.025
46,4,0.025
47,3,0.03125
48,2,0.0125
49,3,0.01875
50,3,0.01875
51,4,0.025
52,3,0.01875
53,4,0.025
54,4,0.025
55,3,0.03125
56,3,0.01875
57,4,0.025
58,4,0.025
59,3,0.03125
60,4,0.025
61,3,0.03125
62,3,0.03125
63,2,0.0375
64,1,0.00625
65,2,0.0125
66,2,0.0125
67,3,0.01875
68,2,0.0125
69,3,0.01875
70,3,0.01875
71,4,0.025
72,2,0.0125
73,3,0.01875
74,3,0.01875
75,4,0.025
76,3,0.01875
77,4,0.025
78,4,0.025
79,3,0.03125
80,2,0.0125
81,3,0.01875
82,3,0.01875
83,4,0.025
84,3,0.01875
85,4,0.025
86,4,0.025
87,3,0.03125
88,3,0.01875
89,4,0.025
90,4,0.025
91,3,0.03125
92,4,0.025
93,3,0.03125
94,3,0.03125
95,2,0.0375
96,2,0.0125
97,3,0.01875
98,3,0.01875
99,4,0.025
100,3,0.01875
101,4,0.025
102,4,0.025
103,3,0.03125
104,3,0.01875
105,4,0.025
106,4,0.025
107,3,0.03125
108,4,0.025
109,3,0.03125
110,3,0.03125
111,2,0.0375
112,3,0.01875
113,4,0.025
114,4,0.025
115,3,0.03125
116,4,0.025
117,3,0.03125
118,3,0.03125
119,2,0.0375
120,4,0.025
121,3,0.03125
122,3,0.03125
123,2,0.0375
124,3,0.03125
125,2,0.0375
126,2,0.0375
127,1,0.04375
128,1,0.00625
129,2,0.0125
130,2,0.0125
131,3,0.01875
132,2,0.0125
133,3,0.01875
134,3,0.01875
135,4,0.025
136,2,0.0125
137,3,0.01875
138,3,0.01875
139,4,0.025
140,3,0.01875
141,4,0.025
142,4,0.025
143,3,0.03125
144,2,0.0125
145,3,0.01875
146,3,0.01875
147,4,0.025
148,3,0.01875
149,4,0.025
150,4,0.025
151,3,0.03125
152,3,0.01875
153,4,0.025
154,4,0.025
155,3,0.03125
156,4,0.025
157,3,0.03125
158,3,0.03125
159,2,0.0375
160,2,0.0125
161,3,0.01875
162,3,0.01875
163,4,0.025
164,3,0.01875
165,4,0.025
166,4,0.025
167,3,0.03125
168,3,0.01875
169,4,0.025
170,4,0.025
171,3,0.03125
172,4,0.025
173,3,0.03125
174,3,0.03125
175,2,0.0375
176,3,0.01875
177,4,0.025
178,4,0.025
179,3,0.03125
180,4,0.025
181,3,0.03125
182,3,0.03125
183,2,0.0375
184,4,0.025
185,3,0.03125
186,3,0.03125
187,2,0.0375
188,3,0.03125
189,2,0.0375
190,2,0.0375
191,1,0.04375
192,2,0.0125
193,3,0.01875
194,3,0.01875
195,4,0.025
196,3,0.01875
197,4,0.025
198,4,0.025
199,3,0.03125
200,3,0.01875
201,4,0.025
202,4,0.025
203,3,0.03125
204,4,0.025
205,3,0.03125
206,3,0.03125
207,2,0.0375
208,3,0.01875
209,4,0.025
210,4,0.025
211,3,0.03125
212,4,0.025
213,3,0.03125
214,3,0.03125
215,2,0.0375
216,4,0.025
217,3,0.03125
218,3,0.03125
219,2,0.0375
220,3,0.03125
221,2,0.0375
222,2,0.0375
223,1,0.04375
224,3,0.01875
225,4,0.025
226,4,0.025
227,3,0.03125
228,4,0.025
229,3,0.03125
230,3,0.03125
231,2,0.0375
232,4,0.025
233,3,0.03125
234,3,0.03125
235,2,0.0375
236,3,0.03125
237,2,0.0375
238,2,0.0375
239,1,0.04375
240,4,0.025
241,3,0.03125
242,3,0.03125
243,2,0.0375
244,3,0.03125
245,2,0.0375
246,2,0.0375
247,1,0.04375
248,3,0.03125
249,2,0.0375
250,2,0.0375
251,1,0.04375
252,2,0.0375
253,1,0.04375
254,1,0.04375
255,0,0.05
256,1,0.00625
257,2,0.0125
258,2,0.0125
259,3,0.01875
260,2,0.0125
261,3,0.01875
262,3,0.01875
263,4,0.025
264,2,0.0125
265,3,0.01875
266,3,0.01875
267,4,0.025
268,3,0.01875
269,4,0.025
270,4,0.025
271,3,0.03125
272,2,0.0125
273,3,0.01875
274,3,0.01875
275,4,0.025
276,3,0.01875
277,4,0.025
278,4,0.025
279,3,0.03125
280,3,0.01875
281,4,0.025
282,4,0.025
283,3,0.03125
284,4,0.025
285,3,0.03125
286,3,0.03125
287,2,0.0375
288,2,0.0125
289,3,0.01875
290,3,0.01875
291,4,0.025
292,3,0.01875
293,4,0.025
294,4,0.025
295,3,0.03125
296,3,0.01875
297,4,0.025
298,4,0.025
299,3,0.03125
300,4,0.025
301,3,0.03125
302,3,0.03125
303,2,0.0375
304,3,0.01875
305,4,0.025
306,4,0.025
307,3,0.03125
308,4,0.025
309,3,0.03125
310,3,0.03125
311,2,0.0375
312,4,0.025
313,3,0.03125
314,3,0.03125
315,2,0.0375
316,3,0.03125
317,2,0.0375
318,2,0.0375
319,1,0.04375
320,2,0.0125
321,3,0.01875
322,3,0.01875
323,4,0.025
324,3,0.01875
325,4,0.025
326,4,0.025
327,3,0.03125
328,3,0.01875
329,4,0.025
330,4,0.025
331,3,0.03125
332,4,0.025
333,3,0.03125
334,3,0.03125
335,2,0.0375
336,3,0.01875
337,4,0.025
338,4,0.025
339,3,0.03125
340,4,0.025
341,3,0.03125
342,3,0.03125
343,2,0.0375
344,4,0.025
345,3,0.03125
346,3,0.03125
347,2,0.0375
348,3,0.03125
349,2,0.0375
350,2,0.0375
351,1,0.04375
352,3,0.01875
353,4,0.025
354,4,0.025
355,3,0.03125
356,4,0.025
357,3,0.03125
358,3,0.03125
359,2,0.0375
360,4,0.025
361,3,0.03125
362,3,0.03125
363,2,0.0375
364,3,0.03125
365,2,0.0375
366,2,0.0375
367,1,0.04375
368,4,0.025
369,3,0.03125
370,3,0.03125
371,2,0.0375
372,3,0.03125
373,2,0.0375
374,2,0.0375
375,1,0.04375
376,3,0.03125
377,2,0.0375
378,2,0.0375
379,1,0.04375
380,2,0.0375
381,1,0.04375
382,1,0.04375
383,0,0.05
384,2,0.0125
385,3,0.01875
386,3,0.01875
387,4,0.025
388,3,0.01875
389,4,0.025
390,4,0.025
391,3,0.03125
392,3,0.01875
393,4,0.025
394,4,0.025
395,3,0.03125
396,4,0.025
397,3,0.03125
398,3,0.03125
399,2,0.0375
400,3,0.01875
401,4,0.025
402,4,0.025
403,3,0.03125
404,4,0.025
405,3,0.03125
406,3,0.03125
407,2,0.0375
408,4,0.025
409,3,0.03125
410,3,0.03125
411,2,0.0375
412,3,0.03125
413,2,0.0375
414,2,0.0375
415,1,0.04375
416,3,0.01875
417,4,0.025
418,4,0.025
419,3,0.03125
420,4,0.025
421,3,0.03125
422,3,0.03125
423,2,0.0375
424,4,0.025
425,3,0.03125
426,3,0.03125
427,2,0.0375
428,3,0.03125
429,2,0.0375
430,2,0.0375
431,1,0.04375
432,4,0.025
433,3,0.03125
434,3,0.03125
435,2,0.0375
436,3,0.03125
437,2,0.0375
438,2,0.0375
439,1,0.04375
440,3,0.03125
441,2,0.0375
442,2,0.0375
443,1,0.04375
444,2,0.0375
445,1,0.04375
446,1,0.04375
447,0,0.05
448,3,0.01875
449,4,0.025
450,4,0.025
451,3,0.03125
452,4,0.025
453,3,0.03125
454,3,0.03125
455,2,0.0375
456,4,0.025
457,3,0.03125
458,3,0.03125
459,2,0.0375
460,3,0.03125
461,2,0.0375
462,2,0.0375
463,1,0.04375
464,4,0.025
465,3,0.03125
466,3,0.03125
467,2,0.0375
468,3,0.03125
469,2,0.0375
470,2,0.0375
471,1,0.04375
472,3,0.03125
473,2,0.0375
474,2,0.0375
475,1,0.04375
476,2,0.0375
477,1,0.04375
478,1,0.04375
479,0,0.05
480,4,0.025
481,3,0.03125
482,3,0.03125
483,2,0.0375
484,3,0.03125
485,2,0.0375
486,2,0.0375
487,1,0.04375
488,3,0.03125
489,2,0.0375
490,2,0.0375
491,1,0.04375
492,2,0.0375
493,1,0.04375
494,1,0.04375
495,0,0.05
496,3,0.03125
497,2,0.0375
498,2,0.0375
499,1,0.04375
500,2,0.0375
501,1,0.04375
502,1,0.04375
503,0,0.05
504,2,0.0375
505,1,0.04375
506,1,0.04375
507,0,0.05
508,1,0.04375
509,0,0.05
510,0,0.05
511,1,0.05625
512,1,0.00625
513,2,0.0125
514,2,0.0125
515,3,0.01875
516,2,0.0125
517,3,0.01875
518,3,0.01875
519,4,0.025
520,2,0.0125
521,3,0.01875
522,3,0.01875
523,4,0.025
524,3,0.01875
525,4,0.025
526,4,0.025
527,3,0.03125
528,2,0.0125
529,3,0.01875
530,3,0.01875
531,4,0.025
532,3,0.01875
533,4,0.025
534,4,0.025
535,3,0.03125
536,3,0.01875
537,4,0.025
538,4,0.025
539,3,0.03125
540,4,0.025
541,3,0.03125
542,3,0.03125
543,2,0.0375
544,2,0.0125
545,3,0.01875
546,3,0.01875
547,4,0.025
548,3,0.01875
549,4,0.025
550,4,0.025
551,3,0.03125
552,3,0.01875
553,4,0.025
554,4,0.025
555,3,0.03125
556,4,0.025
557,3,0.03125
558,3,0.03125
559,2,0.0375
560,3,0.01875
561,4,0.025
562,4,0.025
563,3,0.03125
564,4,0.025
565,3,0.03125
566,3,0.03125
567,2,0.0375
568,4,0.025
569,3,0.03125
570,3,0.03125
571,2,0.0375
572,3,0.03125
573,2,0.0375
574,2,0.0375
575,1,0.04375
576,2,0.0125
577,3,0.01875
578,3,0.01875
579,4,0.025
580,3,0.01875
581,4,0.025
582,4,0.025
583,3,0.03125
584,3,0.01875
585,4,0.025
586,4,0.025
587,3,0.03125
588,4,0.025
589,3,0.03125
590,3,0.03125
591,2,0.0375
592,3,0.01875
593,4,0.025
594,4,0.025
595,3,0.03125
596,4,0.025
597,3,0.03125
598,3,0.03125
599,2,0.0375
600,4,0.025
601,3,0.03125
602,3,0.03125
603,2,0.0375
604,3,0.03125
605,2,0.0375
606,2,0.0375
607,1,0.04375
608,3,0.01875
609,4,0.025
610,4,0.025
611,3,0.03125
612,4,0.025
613,3,0.03125
614,3,0.03125
615,2,0.0375
616,4,0.025
617,3,0.03125
618,3,0.03125
619,2,0.0375
620,3,0.03125
621,2,0.0375
622,2,0.0375
623,1,0.04375
624,4,0.025
625,3,0.03125
626,3,0.03125
627,2,0.0375
628,3,0.03125
629,2,0.0375
630,2,0.0375
631,1,0.04375
632,3,0.03125
633,2,0.0375
634,2,0.0375
635,1,0.04375
636,2,0.0375
637,1,0.04375
638,1,0.04375
639,0,0.05
640,2,0.0125
641,3,0.01875
642,3,0.01875
643,4,0.025
644,3,0.01875
645,4,0.025
646,4,0.025
647,3,0.03125
648,3,0.01875
649,4,0.025
650,4,0.025
651,3,0.03125
652,4,0.025
653,3,0.03125
654,3,0.03125
655,2,0.0375
656,3,0.01875
657,4,0.025
658,4,0.025
659,3,0.03125
660,4,0.025
661,3,0.03125
662,3,0.03125
663,2,0.0375
664,4,0.025
665,3,0.03125
666,3,0.03125
667,2,0.0375
668,3,0.03125
669,2,0.0375
670,2,0.0375
671,1,0.04375
672,3,0.01875
673,4,0.025
674,4,0.025
675,3,0.03125
676,4,0.025
677,3,0.03125
678,3,0.03125
679,2,0.0375
680,4,0.025
681,3,0.03125
682,3,0.03125
683,2,0.0375
684,3,0.03125
685,2,0.0375
686,2,0.0375
687,1,0.04375
688,4,0.025
689,3,0.03125
690,3,0.03125
691,2,0.0375
692,3,0.03125
693,2,0.0375
694,2,0.0375
695,1,0.04375
696,3,0.03125
697,2,0.0375
698,2,0.0375
699,1,0.04375
700,2,0.0375
701,1,0.04375
702,1,0.04375
703,0,0.05
704,3,0.01875
705,4,0.025
706,4,0.025
707,3,0.03125
708,4,0.025
709,3,0.03125
710,3,0.03125
711,2,0.0375
712,4,0.025
713,3,0.03125
714,3,0.03125
715,2,0.0375
716,3,0.03125
717,2,0.0375
718,2,0.0375
719,1,0.04375
720,4,0.025
721,3,0.03125
722,3,0.03125
723,2,0.0375
724,3,0.03125
725,2,0.0375
726,2,0.0375
727,1,0.04375
728,3,0.03125
729,2,0.0375
730,2,0.0375
731,1,0.04375
732,2,0.0375
733,1,0.04375
734,1,0.04375
735,0,0.05
736,4,0.025
737,3,0.03125
738,3,0.03125
739,2,0.0375
740,3,0.03125
741,2,0.0375
742,2,0.0375
743,1,0.04375
744,3,0.03125
745,2,0.0375
746,2,0.0375
747,1,0.04375
748,2,0.0375
749,1,0.04375
750,1,0.04375
751,0,0.05
752,3,0.03125
753,2,0.0375
754,2,0.0375
755,1,0.04375
756,2,0.0375
757,1,0.04375
758,1,0.04375
759,0,0.05
760,2,0.0375
761,1,0.04375
762,1,0.04375
763,0,0.05
764,1,0.04375
765,0,0.05
766,0,0.05
767,1,0.05625
768,2,0.0125
769,3,0.01875
770,3,0.01875
771,4,0.025
772,3,0.01875
773,4,0.025
774,4,0.025
775,3,0.03125
776,3,0.01875
777,4,0.025
778,4,0.025
779,3,0.03125
780,4,0.025
781,3,0.03125
782,3,0.03125
783,2,0.0375
784,3,0.01875
785,4,0.025
786,4,0.025
787,3,0.03125
788,4,0.025
789,3,0.03125
790,3,0.03125
791,2,0.0375
792,4,0.025
793,3,0.03125
794,3,0.03125
795,2,0.0375
796,3,0.03125
797,2,0.0375
798,2,0.0375
799,1,0.04375
800,3,0.01875
801,4,0.025
802,4,0.025
803,3,0.03125
804,4,0.025
805,3,0.03125
806,3,0.03125
807,2,0.0375
808,4,0.025
809,3,0.03125
810,3,0.03125
811,2,0.0375
812,3,0.03125
813,2,0.0375
814,2,0.0375
815,1,0.04375
816,4,0.025
817,3,0.03125
818,3,0.03125
819,2,0.0375
820,3,0.03125
821,2,0.0375
822,2,0.0375
823,1,0.04375
824,3,0.03125
825,2,0.0375
826,2,0.0375
827,1,0.04375
828,2,0.0375
829,1,0.04375
830,1,0.04375
831,0,0.05
832,3,0.01875
833,4,0.025
834,4,0.025
835,3,0.03125
836,4,0.025
837,3,0.03125
838,3,0.03125
839,2,0.0375
840,4,0.025
841,3,0.03125
842,3,0.03125
843,2,0.0375
844,3,0.03125
845,2,0.0375
846,2,0.0375
847,1,0.04375
848,4,0.025
849,3,0.03125
850,3,0.03125
851,2,0.0375
852,3,0.03125
853,2,0.0375
854,2,0.0375
855,1,0.04375
856,3,0.03125
857,2,0.0375
858,2,0.0375
859,1,0.04375
860,2,0.0375
861,1,0.04375
862,1,0.04375
863,0,0.05
864,4,0.025
865,3,0.03125
866,3,0.03125
867,2,0.0375
868,3,0.03125
869,2,0.0375
870,2,0.0375
871,1,0.04375
872,3,0.03125
873,2,0.0375
874,2,0.0375
875,1,0.04375
876,2,0.0375
877,1,0.04375
878,1,0.04375
879,0,0.05
880,3,0.03125
881,2,0.0375
882,2,0.0375
883,1,0.04375
884,2,0.0375
885,1,0.04375
886,1,0.04375
887,0,0.05
888,2,0.0375
889,1,0.04375
890,1,0.04375
891,0,0.05
892,1,0.04375
893,0,0.05
894,0,0.05
895,1,0.05625
896,3,0.01875
897,4,0.025
898,4,0.025
899,3,0.03125
900,4,0.025
901,3,0.03125
902,3,0.03125
903,2,0.0375
904,4,0.025
905,3,0.03125
906,3,0.03125
907,2,0.0375
908,3,0.03125
909,2,0.0375
910,2,0.0375
911,1,0.04375
912,4,0.025
913,3,0.03125
914,3,0.03125
915,2,0.0375
916,3,0.03125
917,2,0.0375
918,2,0.0375
919,1,0.04375
920,3,0.03125
921,2,0.0375
922,2,0.0375
923,1,0.04375
924,2,0.0375
925,1,0.04375
926,1,0.04375
927,0,0.05
928,4,0.025
929,3,0.03125
930,3,0.03125
931,2,0.0375
932,3,0.03125
933,2,0.0375
934,2,0.0375
935,1,0.04375
936,3,0.03125
937,2,0.0375
938,2,0.0375
939,1,0.04375
940,2,0.0375
941,1,0.04375
942,1,0.04375
943,0,0.05
944,3,0.03125
945,2,0.0375
946,2,0.0375
947,1,0.04375
948,2,0.0375
949,1,0.04375
950,1,0.04375
951,0,0.05
952,2,0.0375
953,1,0.04375
954,1,0.04375
955,0,0.05
956,1,0.04375
957,0,0.05
958,0,0.05
959,1,0.05625
960,4,0.025
961,3,0.03125
962,3,0.03125
963,2,0.0375
964,3,0.03125
965,2,0.0375
966,2,0.0375
967,1,0.04375
968,3,0.03125
969,2,0.0375
970,2,0.0375
971,1,0.04375
972,2,0.0375
973,1,0.04375
974,1,0.04375
975,0,0.05
976,3,0.03125
977,2,0.0375
978,2,0.0375
979,1,0.04375
980,2,0.0375
981,1,0.04375
982,1,0.04375
983,0,0.05
984,2,0.0375
985,1,0.04375
986,1,0.04375
987,0,0.05
988,1,0.04375
989,0,0.05
990,0,0.05
991,1,0.05625
992,3,0.03125
993,2,0.0375
994,2,0.0375
995,1,0.04375
996,2,0.0375
997,1,0.04375
998,1,0.04375
999,0,0.05
1000,2,0.0375
1001,1,0.04375
1002,1,0.04375
1003,0,0.05
1004,1,0.04375
1005,0,0.05
1006,0,0.05
1007,1,0.05625
1008,2,0.0375
1009,1,0.04375
1010,1,0.04375
1011,0,0.05
1012,1,0.04375
1013,0,0.05
1014,0,0.05
1015,1,0.05625
1016,1,0.04375
1017,0,0.05
1018,0,0.05
1019,1,0.05625
1020,0,0.05
1021,1,0.05625
1022,1,0.05625
1023,2,0.0625
1024,1,0.00625
1025,2,0.0125
1026,2,0.0125
1027,3,0.01875
1028,2,0.0125
1029,3,0.01875
1030,3,0.01875
1031,4,0.025
1032,2,0.0125
1033,3,0.01875
1034,3,0.01875
1035,4,0.025
1036,3,0.01875
1037,4,0.025
1038,4,0.025
1039,3,0.03125
1040,2,0.0125
1041,3,0.01875
1042,3,0.01875
1043,4,0.025
1044,3,0.01875
1045,4,0.025
1046,4,0.025
1047,3,0.03125
1048,3,0.01875
1049,4,0.025
1050,4,0.025
1051,3,0.03125
1052,4,0.025
1053,3,0.03125
1054,3,0.03125
1055,2,0.0375
1056,2,0.0125
1057,3,0.01875
1058,3,0.01875
1059,4,0.025
1060,3,0.01875
1061,4,0.025
1062,4,0.025
1063,3,0.03125
1064,3,0.01875
1065,4,0.025
1066,4,0.025
1067,3,0.03125
1068,4,0.025
1069,3,0.03125
1070,3,0.03125
1071,2,0.0375
1072,3,0.01875
1073,4,0.025
1074,4,0.025
1075,3,0.03125
1076,4,0.025
1077,3,0.03125
1078,3,0.03125
1079,2,0.0375
1080,4,0.025
1081,3,0.03125
1082,3,0.03125
1083,2,0.0375
1084,3,0.03125
1085,2,0.0375
1086,2,0.0375
1087,1,0.04375
1088,2,0.0125
1089,3,0.01875
1090,3,0.01875
1091,4,0.025
1092,3,0.01875
1093,4,0.025
1094,4,0.025
1095,3,0.03125
1096,3,0.01875
1097,4,0.025
1098,4,0.025
1099,3,0.03125
1100,4,0.025
1101,3,0.03125
1102,3,0.03125
1103,2,0.0375
1104,3,0.01875
1105,4,0.025
1106,4,0.025
1107,3,0.03125
1108,4,0.025
1109,3,0.03125
1110,3,0.03125
1111,2,0.0375
1112,4,0.025
1113,3,0.03125
1114,3,0.03125
1115,2,0.0375
1116,3,0.03125
1117,2,0.0375
1118,2,0.0375
1119,1,0.04375
1120,3,0.01875
1121,4,0.025
1122,4,0.025
1123,3,0.03125
1124,4,0.025
1125,3,0.03125
1126,3,0.03125
1127,2,0.0375
1128,4,0.025
1129,3,0.03125
1130,3,0.03125
1131,2,0.0375
1132,3,0.03125
1133,2,0.0375
1134,2,0.0375
1135,1,0.04375
1136,4,0.025
1137,3,0.03125
1138,3,0.03125
1139,2,0.0375
1140,3,0.03125
1141,2,0.0375
1142,2,0.0375
1143,1,0.04375
1144,3,0.03125
1145,2,0.0375
1146,2,0.0375
1147,1,0.04375
1148,2,0.0375
1149,1,0.04375
1150,1,0.04375
1151,0,0.05
1152,2,0.0125
1153,3,0.01875
1154,3,0.01875
1155,4,0.025
1156,3,0.01875
1157,4,0.025
1158,4,0.025
1159,3,0.03125
1160,3,0.01875
1161,4,0.025
1162,4,0.025
1163,3,0.03125
1164,4,0.025
1165,3,0.03125
1166,3,0.03125
1167,2,0.0375
1168,3,0.01875
1169,4,0.025
1170,4,0.025
1171,3,0.03125
1172,4,0.025
1173,3,0.03125
1174,3,0.03125
1175,2,0.0375
1176,4,0.025
1177,3,0.03125
1178,3,0.03125
1179,2,0.0375
1180,3,0.03125
1181,2,0.0375
1182,2,0.0375
1183,1,0.04375
1184,3,0.01875
1185,4,0.025
1186,4,0.025
1187,3,0.03125
1188,4,0.025
1189,3,0.03125
1190,3,0.03125
1191,2,0.0375
1192,4,0.025
1193,3,0.03125
1194,3,0.03125
1195,2,0.0375
1196,3,0.03125
1197,2,0.0375
1198,2,0.0375
1199,1,0.04375
1200,4,0.025
1201,3,0.03125
1202,3,0.03125
1203,2,0.0375
1204,3,0.03125
1205,2,0.0375
1206,2,0.0375
1207,1,0.04375
1208,3,0.03125
1209,2,0.0375
1210,2,0.0375
1211,1,0.04375
1212,2,0.0375
1213,1,0.04375
1214,1,0.04375
1215,0,0.05
1216,3,0.01875
1217,4,0.025
1218,4,0.025
1219,3,0.03125
1220,4,0.025
1221,3,0.03125
1222,3,0.03125
1223,2,0.0375
1224,4,0.025
1225,3,0.03125
1226,3,0.03125
1227,2,0.0375
1228,3,0.03125
1229,2,0.0375
1230,2,0.0375
1231,1,0.04375
1232,4,0.025
1233,3,0.03125
1234,3,0.03125
1235,2,0.0375
1236,3,0.03125
1237,2,0.0375
1238,2,0.0375
1239,1,0.04375
1240,3,0.03125
1241,2,0.0375
1242,2,0.0375
1243,1,0.04375
1244,2,0.0375
1245,1,0.04375
1246,1,0.04375
1247,0,0.05
1248,4,0.025
1249,3,0.03125
1250,3,0.03125
1251,2,0.0375
1252,3,0.03125
1253,2,0.0375
1254,2,0.0375
1255,1,0.04375
1256,3,0.03125
1257,2,0.0375
1258,2,0.0375
1259,1,0.04375
1260,2,0.0375
1261,1,0.04375
1262,1,0.04375
1263,0,0.05
1264,3,0.03125
1265,2,0.0375
1266,2,0.0375
1267,1,0.04375
1268,2,0.0375
1269,1,0.04375
1270,1,0.04375
1271,0,0.05
1272,2,0.0375
1273,1,0.04375
1274,1,0.04375
1275,0,0.05
1276,1,0.04375
1277,0,0.05
1278,0,0.05
1279,1,0.05625
1280,2,0.0125
1281,3,0.01875
1282,3,0.01875
1283,4,0.025
1284,3,0.01875
1285,4,0.025
1286,4,0.025
1287,3,0.03125
1288,3,0.01875
1289,4,0.025
1290,4,0.025
1291,3,0.03125
1292,4,0.025
1293,3,0.03125
1294,3,0.03125
1295,2,0.0375
1296,3,0.01875
1297,4,0.025
1298,4,0.025
1299,3,0.03125
1300,4,0.025
1301,3,0.03125
1302,3,0.03125
1303,2,0.0375
1304,4,0.025
1305,3,0.03125
1306,3,0.03125
1307,2,0.0375
1308,3,0.03125
1309,2,0.0375
1310,2,0.0375
1311,1,0.04375
1312,3,0.01875
1313,4,0.025
1314,4,0.025
1315,3,0.03125
1316,4,0.025
1317,3,0.03125
1318,3,0.03125
1319,2,0.0375
1320,4,0.025
1321,3,0.03125
1322,3,0.03125
1323,2,0.0375
1324,3,0.03125
1325,2,0.0375
1326,2,0.0375
1327,1,0.04375
1328,4,0.025
1329,3,0.03125
1330,3,0.03125
1331,2,0.0375
1332,3,0.03125
1333,2,0.0375
1334,2,0.0375
1335,1,0.04375
1336,3,0.03125
1337,2,0.0375
1338,2,0.0375
1339,1,0.04375
1340,2,0.0375
1341,1,0.04375
1342,1,0.04375
1343,0,0.05
1344,3,0.01875
1345,4,0.025
1346,4,0.025
1347,3,0.03125
1348,4,0.025
1349,3,0.03125
1350,3,0.03125
1351,2,0.0375
1352,4,0.025
1353,3,0.03125
1354,3,0.03125
1355,2,0.0375
1356,3,0.03125
1357,2,0.0375
1358,2,0.0375
1359,1,0.04375
1360,4,0.025
1361,3,0.03125
1362,3,0.03125
1363,2,0.0375
1364,3,0.03125
1365,2,0.0375
1366,2,0.0375
1367,1,0.04375
1368,3,0.03125
1369,2,0.0375
1370,2,0.0375
1371,1,0.04375
1372,2,0.0375
1373,1,0.04375
1374,1,0.04375
1375,0,0.05
1376,4,0.025
1377,3,0.03125
1378,3,0.03125
1379,2,0.0375
1380,3,0.03125
1381,2,0.0375
1382,2,0.0375
1383,1,0.04375
1384,3,0.03125
1385,2,0.0375
1386,2,0.0375
1387,1,0.04375
1388,2,0.0375
1389,1,0.04375
1390,1,0.04375
1391,0,0.05
1392,3,0.03125
1393,2,0.0375
1394,2,0.0375
1395,1,0.04375
1396,2,0.0375
1397,1,0.04375
1398,1,0.04375
1399,0,0.05
1400,2,0.0375
1401,1,0.04375
1402,1,0.04375
1403,0,0.05
1404,1,0.04375
1405,0,0.05
1406,0,0.05
1407,1,0.05625
1408,3,0.01875
1409,4,0.025
1410,4,0.025
1411,3,0.03125
1412,4,0.025
1413,3,0.03125
1414,3,0.03125
1415,2,0.0375
1416,4,0.025
1417,3,0.03125
1418,3,0.03125
1419,2,0.0375
1420,3,0.03125
1421,2,0.0375
1422,2,0.0375
1423,1,0.04375
1424,4,0.025
1425,3,0.03125
1426,3,0.03125
1427,2,0.0375
1428,3,0.03125
1429,2,0.0375
1430,2,0.0375
1431,1,0.04375
1432,3,0.03125
1433,2,0.0375
1434,2,0.0375
1435,1,0.04375
1436,2,0.0375
1437,1,0.04375
1438,1,0.04375
1439,0,0.05
1440,4,0.025
1441,3,0.03125
1442,3,0.03125
1443,2,0.0375
1444,3,0.03125
1445,2,0.0375
1446,2,0.0375
1447,1,0.04375
1448,3,0.03125
1449,2,0.0375
1450,2,0.0375
1451,1,0.04375
1452,2,0.0375
1453,1,0.04375
1454,1,0.04375
1455,0,0.05
1456,3,0.03125
1457,2,0.0375
1458,2,0.0375
1459,1,0.04375
1460,2,0.0375
1461,1,0.04375
1462,1,0.04375
1463,0,0.05
1464,2,0.0375
1465,1,0.04375
1466,1,0.04375
1467,0,0.05
1468,1,0.04375
1469,0,0.05
1470,0,0.05
1471,1,0.05625
1472,4,0.025
1473,3,0.03125
1474,3,0.03125
1475,2,0.0375
1476,3,0.03125
1477,2,0.0375
1478,2,0.0375
1479,1,0.04375
1480,3,0.03125
1481,2,0.0375
1482,2,0.0375
1483,1,0.04375
1484,2,0.0375
1485,1,0.04375
1486,1,0.04375
1487,0,0.05
1488,3,0.03125
1489,2,0.0375
1490,2,0.0375
1491,1,0.04375
1492,2,0.0375
1493,1,0.04375
1494,1,0.04375
1495,0,0.05
1496,2,0.0375
1497,1,0.04375
1498,1,0.04375
1499,0,0.05
1500,1,0.04375
1501,0,0.05
1502,0,0.05
1503,1,0.05625
1504,3,0.03125
1505,2,0.0375
1506,2,0.0375
1507,1,0.04375
1508,2,0.0375
1509,1,0.04375
1510,1,0.04375
1511,0,0.05
1512,2,0.0375
1513,1,0.04375
1514,1,0.04375
1515,0,0.05
1516,1,0.04375
1517,0,0.05
1518,0,0.05
1519,1,0.05625
1520,2,0.0375
1521,1,0.04375
1522,1,0.04375
1523,0,0.05
1524,1,0.04375
1525,0,0.05
1526,0,0.05
1527,1,0.05625
1528,1,0.04375
1529,0,0.05
1530,0,0.05
1531,1,0.05625
1532,0,0.05
1533,1,0.05625
1534,1,0.05625
1535,2,0.0625
1536,2,0.0125
1537,3,0.01875
1538,3,0.01875
1539,4,0.025
1540,3,0.01875
1541,4,0.025
1542,4,0.025
1543,3,0.03125
1544,3,0.01875
1545,4,0.025
1546,4,0.025
1547,3,0.03125
1548,4,0.025
1549,3,0.03125
1550,3,0.03125
1551,2,0.0375
1552,3,0.01875
1553,4,0.025
1554,4,0.025
1555,3,0.03125
1556,4,0.025
1557,3,0.03125
1558,3,0.03125
1559,2,0.0375
1560,4,0.025
1561,3,0.03125
1562,3,0.03125
1563,2,0.0375
1564,3,0.03125
1565,2,0.0375
1566,2,0.0375
1567,1,0.04375
1568,3,0.01875
1569,4,0.025
1570,4,0.025
1571,3,0.03125
1572,4,0.025
1573,3,0.03125
1574,3,0.03125
1575,2,0.0375
1576,4,0.025
1577,3,0.03125
1578,3,0.03125
1579,2,0.0375
1580,3,0.03125
1581,2,0.0375
1582,2,0.0375
1583,1,0.04375
1584,4,0.025
1585,3,0.03125
1586,3,0.03125
1587,2,0.0375
1588,3,0.03125
1589,2,0.0375
1590,2,0.0375
1591,1,0.04375
1592,3,0.03125
1593,2,0.0375
1594,2,0.0375
1595,1,0.04375
1596,2,0.0375
1597,1,0.04375
1598,1,0.04375
1599,0,0.05
1600,3,0.01875
1601,4,0.025
1602,4,0.025
1603,3,0.03125
1604,4,0.025
1605,3,0.03125
1606,3,0.03125
1607,2,0.0375
1608,4,0.025
1609,3,0.03125
1610,3,0.03125
1611,2,0.0375
1612,3,0.03125
1613,2,0.0375
1614,2,0.0375
1615,1,0.04375
1616,4,0.025
1617,3,0.03125
1618,3,0.03125
1619,2,0.0375
1620,3,0.03125
1621,2,0.0375
1622,2,0.0375
1623,1,0.04375
1624,3,0.03125
1625,2,0.0375
1626,2,0.0375
1627,1,0.04375
1628,2,0.0375
1629,1,0.04375
1630,1,0.04375
1631,0,0.05
1632,4,0.025
1633,3,0.03125
1634,3,0.03125
1635,2,0.0375
1636,3,0.03125
1637,2,0.0375
1638,2,0.0375
1639,1,0.04375
1640,3,0.03125
1641,2,0.0375
1642,2,0.0375
1643,1,0.04375
1644,2,0.0375
1645,1,0.04375
1646,1,0.04375
1647,0,0.05
1648,3,0.03125
1649,2,0.0375
1650,2,0.0375
1651,1,0.04375
1652,2,0.0375
1653,1,0.04375
1654,1,0.04375
1655,0,0.05
1656,2,0.0375
1657,1,0.04375
1658,1,0.04375
1659,0,0.05
1660,1,0.04375
1661,0,0.05
1662,0,0.05
1663,1,0.05625
1664,3,0.01875
1665,4,0.025
1666,4,0.025
1667,3,0.03125
1668,4,0.025
1669,3,0.03125
1670,3,0.03125
1671,2,0.0375
1672,4,0.025
1673,3,0.03125
1674,3,0.03125
1675,2,0.0375
1676,3,0.03125
1677,2,0.0375
1678,2,0.0375
1679,1,0.04375
1680,4,0.025
1681,3,0.03125
1682,3,0.03125
1683,2,0.0375
1684,3,0.03125
1685,2,0.0375
1686,2,0.0375
1687,1,0.04375
1688,3,0.03125
1689,2,0.0375
1690,2,0.0375
1691,1,0.04375
1692,2,0.0375
1693,1,0.04375
1694,1,0.04375
1695,0,0.05
1696,4,0.025
1697,3,0.03125
1698,3,0.03125
1699,2,0.0375
1700,3,0.03125
1701,2,0.0375
1702,2,0.0375
1703,1,0.04375
1704,3,0.03125
1705,2,0.0375
1706,2,0.0375
1707,1,0.04375
1708,2,0.0375
1709,1,0.04375
1710,1,0.04375
1711,0,0.05
1712,3,0.03125
1713,2,0.0375
1714,2,0.0375
1715,1,0.04375
1716,2,0.0375
1717,1,0.04375
1718,1,0.04375
1719,0,0.05
1720,2,0.0375
1721,1,0.04375
1722,1,0.04375
1723,0,0.05
1724,1,0.04375
1725,0,0.05
1726,0,0.05
1727,1,0.05625
1728,4,0.025
1729,3,0.03125
1730,3,0.03125
1731,2,0.0375
1732,3,0.03125
1733,2,0.0375
1734,2,0.0375
1735,1,0.04375
1736,3,0.03125
1737,2,0.0375
1738,2,0.0375
1739,1,0.04375
1740,2,0.0375
1741,1,0.04375
1742,1,0.04375
1743,0,0.05
1744,3,0.03125
1745,2,0.0375
1746,2,0.0375
1747,1,0.04375
1748,2,0.0375
1749,1,0.04375
1750,1,0.04375
1751,0,0.05
1752,2,0.0375
1753,1,0.04375
1754,1,0.04375
1755,0,0.05
1756,1,0.04375
1757,0,0.05
1758,0,0.05
1759,1,0.05625
1760,3,0.03125
1761,2,0.0375
1762,2,0.0375
1763,1,0.04375
1764,2,0.0375
1765,1,0.04375
1766,1,0.04375
1767,0,0.05
1768,2,0.0375
1769,1,0.04375
1770,1,0.04375
1771,0,0.05
1772,1,0.04375
1773,0,0.05
1774,0,0.05
1775,1,0.05625
1776,2,0.0375
1777,1,0.04375
1778,1,0.04375
1779,0,0.05
1780,1,0.04375
1781,0,0.05
1782,0,0.05
1783,1,0.05625
1784,1,0.04375
1785,0,0.05
1786,0,0.05
1787,1,0.05625
1788,0,0.05
1789,1,0.05625
1790,1,0.05625
1791,2,0.0625
1792,3,0.01875
1793,4,0.025
1794,4,0.025
1795,3,0.03125
1796,4,0.025
1797,3,0.03125
1798,3,0.03125
1799,2,0.0375
1800,4,0.025
1801,3,0.03125
1802,3,0.03125
1803,2,0.0375
1804,3,0.03125
1805,2,0.0375
1806,2,0.0375
1807,1,0.04375
1808,4,0.025
1809,3,0.03125
1810,3,0.03125
1811,2,0.0375
1812,3,0.03125
1813,2,0.0375
1814,2,0.0375
1815,1,0.04375
1816,3,0.03125
1817,2,0.0375
1818,2,0.0375
1819,1,0.04375
1820,2,0.0375
1821,1,0.04375
1822,1,0.04375
1823,0,0.05
1824,4,0.025
1825,3,0.03125
1826,3,0.03125
1827,2,0.0375
1828,3,0.03125
1829,2,0.0375
1830,2,0.0375
1831,1,0.04375
1832,3,0.03125
1833,2,0.0375
1834,2,0.0375
1835,1,0.04375
1836,2,0.0375
1837,1,0.04375
1838,1,0.04375
1839,0,0.05
1840,3,0.03125
1841,2,0.0375
1842,2,0.0375
1843,1,0.04375
1844,2,0.0375
1845,1,0.04375
1846,1,0.04375
1847,0,0.05
1848,2,0.0375
1849,1,0.04375
1850,1,0.04375
1851,0,0.05
1852,1,0.04375
1853,0,0.05
1854,0,0.05
1855,1,0.05625
1856,4,0.025
1857,3,0.03125
1858,3,0.03125
1859,2,0.0375
1860,3,0.03125
1861,2,0.0375
1862,2,0.0375
1863,1,0.04375
1864,3,0.03125
1865,2,0.0375
1866,2,0.0375
1867,1,0.04375
1868,2,0.0375
1869,1,0.04375
1870,1,0.04375
1871,0,0.05
1872,3,0.03125
1873,2,0.0375
1874,2,0.0375
1875,1,0.04375
1876,2,0.0375
1877,1,0.04375
1878,1,0.04375
1879,0,0.05
1880,2,0.0375
1881,1,0.04375
1882,1,0.04375
1883,0,0.05
1884,1,0.04375
1885,0,0.05
1886,0,0.05
1887,1,0.05625
1888,3,0.03125
1889,2,0.0375
1890,2,0.0375
1891,1,0.04375
1892,2,0.0375
1893,1,0.04375
1894,1,0.04375
1895,0,0.05
1896,2,0.0375
1897,1,0.04375
1898,1,0.04375
1899,0,0.05
1900,1,0.04375
1901,0,0.05
1902,0,0.05
1903,1,0.05625
1904,2,0.0375
1905,1,0.04375
1906,1,0.04375
1907,0,0.05
1908,1,0.04375
1909,0,0.05
1910,0,0.05
1911,1,0.05625
1912,1,0.04375
1913,0,0.05
1914,0,0.05
1915,1,0.05625
1916,0,0.05
1917,1,0.05625
1918,1,0.05625
1919,2,0.0625
1920,4,0.025
1921,3,0.03125
1922,3,0.03125
1923,2,0.0375
1924,3,0.03125
1925,2,0.0375
1926,2,0.0375
1927,1,0.04375
1928,3,0.03125
1929,2,0.0375
1930,2,0.0375
1931,1,0.04375
1932,2,0.0375
1933,1,0.04375
1934,1,0.04375
1935,0,0.05
1936,3,0.03125
1937,2,0.0375
1938,2,0.0375
1939,1,0.04375
1940,2,0.0375
1941,1,0.04375
1942,1,0.04375
1943,0,0.05
1944,2,0.0375
1945,1,0.04375
1946,1,0.04375
1947,0,0.05
1948,1,0.04375
1949,0,0.05
1950,0,0.05
1951,1,0.05625
1952,3,0.03125
1953,2,0.0375
1954,2,0.0375
1955,1,0.04375
1956,2,0.0375
1957,1,0.04375
1958,1,0.04375
1959,0,0.05
1960,2,0.0375
1961,1,0.04375
1962,1,0.04375
1963,0,0.05
1964,1,0.04375
1965,0,0.05
1966,0,0.05
1967,1,0.05625
1968,2,0.0375
1969,1,0.04375
1970,1,0.04375
1971,0,0.05
1972,1,0.04375
1973,0,0.05
1974,0,0.05
1975,1,0.05625
1976,1,0.04375
1977,0,0.05
1978,0,0.05
1979,1,0.05625
1980,0,0.05
1981,1,0.05625
1982,1,0.05625
1983,2,0.0625
1984,3,0.03125
1985,2,0.0375
1986,2,0.0375
1987,1,0.04375
1988,2,0.0375
1989,1,0.04375
1990,1,0.04375
1991,0,0.05
1992,2,0.0375
1993,1,0.04375
1994,1,0.04375
1995,0,0.05
1996,1,0.04375
1997,0,0.05
1998,0,0.05
1999,1,0.05625
2000,2,0.0375
2001,1,0.04375
2002,1,0.04375
2003,0,0.05
2004,1,0.04375
2005,0,0.05
2006,0,0.05
2007,1,0.05625
2008,1,0.04375
2009,0,0.05
2010,0,0.05
2011,1,0.05625
2012,0,0.05
2013,1,0.05625
2014,1,0.05625
2015,2,0.0625
2016,2,0.0375
2017,1,0.04375
2018,1,0.04375
2019,0,0.05
2020,1,0.04375
2021,0,0.05
2022,0,0.05
2023,1,0.05625
2024,1,0.04375
2025,0,0.05
2026,0,0.05
2027,1,0.05625
2028,0,0.05
2029,1,0.05625
2030,1,0.05625
2031,2,0.0625
2032,1,0.04375
2033,0,0.05
2034,0,0.05
2035,1,0.05625
2036,0,0.05
2037,1,0.05625
2038,1,0.05625
2039,2,0.0625
2040,0,0.05
2041,1,0.05625
2042,1,0.05625
2043,2,0.0625
2044,1,0.05625
2045,2,0.0625
2046,2,0.0625
2047,3,0.06875
2048,1,0.00625
2049,2,0.0125
2050,2,0.0125
2051,3,0.01875
2052,2,0.0125
2053,3,0.01875
2054,3,0.01875
2055,4,0.025
2056,2,0.0125
2057,3,0.01875
2058,3,0.01875
2059,4,0.025
2060,3,0.01875
2061,4,0.025
2062,4,0.025
2063,3,0.03125
2064,2,0.0125
2065,3,0.01875
2066,3,0.01875
2067,4,0.025
2068,3,0.01875
2069,4,0.025
2070,4,0.025
2071,3,0.03125
2072,3,0.01875
2073,4,0.025
2074,4,0.025
2075,3,0.03125
2076,4,0.025
2077,3,0.03125
2078,3,0.03125
2079,2,0.0375
2080,2,0.0125
2081,3,0.01875
2082,3,0.01875
2083,4,0.025
2084,3,0.01875
2085,4,0.025
2086,4,0.025
2087,3,0.03125
2088,3,0.01875
2089,4,0.025
2090,4,0.025
2091,3,0.03125
2092,4,0.025
2093,3,0.03125
2094,3,0.03125
2095,2,0.0375
2096,3,0.01875
2097,4,0.025
2098,4,0.025
2099,3,0.03125
2100,4,0.025
2101,3,0.03125
2102,3,0.03125
2103,2,0.0375
2104,4,0.025
2105,3,0.03125
2106,3,0.03125
2107,2,0.0375
2108,3,0.03125
2109,2,0.0375
2110,2,0.0375
2111,1,0.04375
2112,2,0.0125
2113,3,0.01875
2114,3,0.01875
2115,4,0.025
2116,3,0.01875
2117,4,0.025
2118,4,0.025
2119,3,0.03125
2120,3,0.01875
2121,4,0.025
2122,4,0.025
2123,3,0.03125
2124,4,0.025
2125,3,0.03125
2126,3,0.03125
2127,2,0.0375
2128,3,0.01875
2129,4,0.025
2130,4,0.025
2131,3,0.03125
2132,4,0.025
2133,3,0.03125
2134,3,0.03125
2135,2,0.0375
2136,4,0.025
2137,3,0.03125
2138,3,0.03125
2139,2,0.0375
2140,3,0.03125
2141,2,0.0375
2142,2,0.0375
2143,1,0.04375
2144,3,0.01875
2145,4,0.025
2146,4,0.025
2147,3,0.03125
2148,4,0.025
2149,3,0.03125
2150,3,0.03125
2151,2,0.0375
2152,4,0.025
2153,3,0.03125
2154,3,0.03125
2155,2,0.0375
2156,3,0.03125
2157,2,0.0375
2158,2,0.0375
2159,1,0.04375
2160,4,0.025
2161,3,0.03125
2162,3,0.03125
2163,2,0.0375
2164,3,0.03125
2165,2,0.0375
2166,2,0.0375
2167,1,0.04375
2168,3,0.03125
2169,2,0.0375
2170,2,0.0375
2171,1,0.04375
2172,2,0.0375
2173,1,0.04375
2174,1,0.04375
2175,0,0.05
2176,2,0.0125
2177,3,0.01875
2178,3,0.01875
2179,4,0.025
2180,3,0.01875
2181,4,0.025
2182,4,0.025
2183,3,0.03125
2184,3,0.01875
2185,4,0.025
2186,4,0.025
2187,3,0.03125
2188,4,0.025
2189,3,0.03125
2190,3,0.03125
2191,2,0.0375
2192,3,0.01875
2193,4,0.025
2194,4,0.025
2195,3,0.03125
2196,4,0.025
2197,3,0.03125
2198,3,0.03125
2199,2,0.0375
2200,4,0.025
2201,3,0.03125
2202,3,0.03125
2203,2,0.0375
2204,3,0.03125
2205,2,0.0375
2206,2,0.0375
2207,1,0.04375
2208,3,0.01875
2209,4,0.025
2210,4,0.025
2211,3,0.03125
2212,4,0.025
2213,3,0.03125
2214,3,0.03125
2215,2,0.0375
2216,4,0.025
2217,3,0.03125
2218,3,0.03125
2219,2,0.0375
2220,3,0.03125
2221,2,0.0375
2222,2,0.0375
2223,1,0.04375
2224,4,0.025
2225,3,0.03125
2226,3,0.03125
2227,2,0.0375
2228,3,0.03125
2229,2,0.0375
2230,2,0.0375
2231,1,0.04375
2232,3,0.03125
2233,2,0.0375
2234,2,0.0375
2235,1,0.04375
2236,2,0.0375
2237,1,0.04375
2238,1,0.04375
2239,0,0.05
2240,3,0.01875
2241,4,0.025
2242,4,0.025
2243,3,0.03125
2244,4,0.025
2245,3,0.03125
2246,3,0.03125
2247,2,0.0375
2248,4,0.025
2249,3,0.03125
2250,3,0.03125
2251,2,0.0375
2252,3,0.03125
2253,2,0.0375
2254,2,0.0375
2255,1,0.04375
2256,4,0.025
2257,3,0.03125
2258,3,0.03125
2259,2,0.0375
2260,3,0.03125
2261,2,0.0375
2262,2,0.0375
2263,1,0.04375
2264,3,0.03125
2265,2,0.0375
2266,2,0.0375
2267,1,0.04375
2268,2,0.0375
2269,1,0.04375
2270,1,0.04375
2271,0,0.05
2272,4,0.025
2273,3,0.03125
2274,3,0.03125
2275,2,0.0375
2276,3,0.03125
2277,2,0.0375
2278,2,0.0375
2279,1,0.04375
2280,3,0.03125
2281,2,0.0375
2282,2,0.0375
2283,1,0.04375
2284,2,0.0375
2285,1,0.04375
2286,1,0.04375
2287,0,0.05
2288,3,0.03125
2289,2,0.0375
2290,2,0.0375
2291,1,0.04375
2292,2,0.0375
2293,1,0.04375
2294,1,0.04375
2295,0,0.05
2296,2,0.0375
2297,1,0.04375
2298,1,0.04375
2299,0,0.05
2300,1,0.04375
2301,0,0.05
2302,0,0.05
2303,1,0.05625
2304,2,0.0125
2305,3,0.01875
2306,3,0.01875
2307,4,0.025
2308,3,0.01875
2309,4,0.025
2310,4,0.025
2311,3,0.03125
2312,3,0.01875
2313,4,0.025
2314,4,0.025
2315,3,0.03125
2316,4,0.025
2317,3,0.03125
2318,3,0.03125
2319,2,0.0375
2320,3,0.01875
2321,4,0.025
2322,4,0.025
2323,3,0.03125
2324,4,0.025
2325,3,0.03125
2326,3,0.03125
2327,2,0.0375
2328,4,0.025
2329,3,0.03125
2330,3,0.03125
2331,2,0.0375
2332,3,0.03125
2333,2,0.0375
2334,2,0.0375
2335,1,0.04375
2336,3,0.01875
2337,4,0.025
2338,4,0.025
2339,3,0.03125
2340,4,0.025
2341,3,0.03125
2342,3,0.03125
2343,2,0.0375
2344,4,0.025
2345,3,0.03125
2346,3,0.03125
2347,2,0.0375
2348,3,0.03125
2349,2,0.0375
2350,2,0.0375
2351,1,0.04375
2352,4,0.025
2353,3,0.03125
2354,3,0.03125
2355,2,0.0375
2356,3,0.03125
2357,2,0.0375
2358,2,0.0375
2359,1,0.04375
2360,3,0.03125
2361,2,0.0375
2362,2,0.0375
2363,1,0.04375
2364,2,0.0375
2365,1,0.04375
2366,1,0.04375
2367,0,0.05
2368,3,0.01875
2369,4,0.025
2370,4,0.025
2371,3,0.03125
2372,4,0.025
2373,3,0.03125
2374,3,0.03125
2375,2,0.0375
2376,4,0.025
2377,3,0.03125
2378,3,0.03125
2379,2,0.0375
2380,3,0.03125
2381,2,0.0375
2382,2,0.0375
2383,1,0.04375
2384,4,0.025
2385,3,0.03125
2386,3,0.03125
2387,2,0.0375
2388,3,0.03125
2389,2,0.0375
2390,2,0.0375
2391,1,0.04375
2392,3,0.03125
2393,2,0.0375
2394,2,0.0375
2395,1,0.04375
2396,2,0.0375
2397,1,0.04375
2398,1,0.04375
2399,0,0.05
2400,4,0.025
2401,3,0.03125
2402,3,0.03125
2403,2,0.0375
2404,3,0.03125
2405,2,0.0375
2406,2,0.0375
2407,1,0.04375
2408,3,0.03125
2409,2,0.0375
2410,2,0.0375
2411,1,0.04375
2412,2,0.0375
2413,1,0.04375
2414,1,0.04375
2415,0,0.05
2416,3,0.03125
2417,2,0.0375
2418,2,0.0375
2419,1,0.04375
2420,2,0.0375
2421,1,0.04375
2422,1,0.04375
2423,0,0.05
2424,2,0.0375
2425,1,0.04375
2426,1,0.04375
2427,0,0.05
2428,1,0.04375
2429,0,0.05
2430,0,0.05
2431,1,0.05625
2432,3,0.01875
2433,4,0.025
2434,4,0.025
2435,3,0.03125
2436,4,0.025
2437,3,0.03125
2438,3,0.03125
2439,2,0.0375
2440,4,0.025
2441,3,0.03125
2442,3,0.03125
2443,2,0.0375
2444,3,0.03125
2445,2,0.0375
2446,2,0.0375
2447,1,0.04375
2448,4,0.025
2449,3,0.03125
2450,3,0.03125
2451,2,0.0375
2452,3,0.03125
2453,2,0.0375
2454,2,0.0375
2455,1,0.04375
2456,3,0.03125
2457,2,0.0375
2458,2,0.0375
2459,1,0.04375
2460,2,0.0375
2461,1,0.04375
2462,1,0.04375
2463,0,0.05
2464,4,0.025
2465,3,0.03125
2466,3,0.03125
2467,2,0.0375
2468,3,0.03125
2469,2,0.0375
2470,2,0.0375
2471,1,0.04375
2472,3,0.03125
2473,2,0.0375
2474,2,0.0375
2475,1,0.04375
2476,2,0.0375
2477,1,0.04375
2478,1,0.04375
2479,0,0.05
2480,3,0.03125
2481,2,0.0375
2482,2,0.0375
2483,1,0.04375
2484,2,0.0375
2485,1,0.04375
2486,1,0.04375
2487,0,0.05
2488,2,0.0375
2489,1,0.04375
2490,1,0.04375
2491,0,0.05
2492,1,0.04375
2493,0,0.05
2494,0,0.05
2495,1,0.05625
2496,4,0.025
2497,3,0.03125
2498,3,0.03125
2499,2,0.0375
2500,3,0.03125
2501,2,0.0375
2502,2,0.0375
2503,1,0.04375
2504,3,0.03125
2505,2,0.0375
2506,2,0.0375
2507,1,0.04375
2508,2,0.0375
2509,1,0.04375
2510,1,0.04375
2511,0,0.05
2512,3,0.03125
2513,2,0.0375
2514,2,0.0375
2515,1,0.04375
2516,2,0.0375
2517,1,0.04375
2518,1,0.04375
2519,0,0.05
2520,2,0.0375
2521,1,0.04375
2522,1,0.04375
2523,0,0.05
2524,1,0.04375
2525,0,0.05
2526,0,0.05
2527,1,0.05625
2528,3,0.03125
2529,2,0.0375
2530,2,0.0375
2531,1,0.04375
2532,2,0.0375
2533,1,0.04375
2534,1,0.04375
2535,0,0.05
2536,2,0.0375
2537,1,0.04375
2538,1,0.04375
2539,0,0.05
2540,1,0.04375
2541,0,0.05
2542,0,0.05
2543,1,0.05625
2544,2,0.0375
2545,1,0.04375
2546,1,0.04375
2547,0,0.05
2548,1,0.04375
2549,0,0.05
2550,0,0.05
2551,1,0.05625
2552,1,0.04375
2553,0,0.05
2554,0,0.05
2555,1,0.05625
2556,0,0.05
2557,1,0.05625
2558,1,0.05625
2559,2,0.0625
2560,2,0.0125
2561,3,0.01875
2562,3,0.01875
2563,4,0.025
2564,3,0.01875
2565,4,0.025
2566,4,0.025
2567,3,0.03125
2568,3,0.01875
2569,4,0.025
2570,4,0.025
2571,3,0.03125
2572,4,0.025
2573,3,0.03125
2574,3,0.03125
2575,2,0.0375
2576,3,0.01875
2577,4,0.025
2578,4,0.025
2579,3,0.03125
2580,4,0.025
2581,3,0.03125
2582,3,0.03125
2583,2,0.0375
2584,4,0.025
2585,3,0.03125
2586,3,0.03125
2587,2,0.0375
2588,3,0.03125
2589,2,0.0375
2590,2,0.0375
2591,1,0.04375
2592,3,0.01875
2593,4,0.025
2594,4,0.025
2595,3,0.03125
2596,4,0.025
2597,3,0.03125
2598,3,0.03125
2599,2,0.0375
2600,4,0.025
2601,3,0.03125
2602,3,0.03125
2603,2,0.0375
2604,3,0.03125
2605,2,0.0375
2606,2,0.0375
2607,1,0.04375
2608,4,0.025
2609,3,0.03125
2610,3,0.03125
2611,2,0.0375
2612,3,0.03125
2613,2,0.0375
2614,2,0.0375
2615,1,0.04375
2616,3,0.03125
2617,2,0.0375
2618,2,0.0375
2619,1,0.04375
2620,2,0.0375
2621,1,0.04375
2622,1,0.04375
2623,0,0.05
2624,3,0.01875
2625,4,0.025
2626,4,0.025
2627,3,0.03125
2628,4,0.025
2629,3,0.03125
2630,3,0.03125
2631,2,0.0375
2632,4,0.025
2633,3,0.03125
2634,3,0.03125
2635,2,0.0375
2636,3,0.03125
2637,2,0.0375
2638,2,0.0375
2639,1,0.04375
2640,4,0.025
2641,3,0.03125
2642,3,0.03125
2643,2,0.0375
2644,3,0.03125
2645,2,0.0375
2646,2,0.0375
2647,1,0.04375
2648,3,0.03125
2649,2,0.0375
2650,2,0.0375
2651,1,0.04375
2652,2,0.0375
2653,1,0.04375
2654,1,0.04375
2655,0,0.05
2656,4,0.025
2657,3,0.03125
2658,3,0.03125
2659,2,0.0375
2660,3,0.03125
2661,2,0.0375
2662,2,0.0375
2663,1,0.04375
2664,3,0.03125
2665,2,0.0375
2666,2,0.0375
2667,1,0.04375
2668,2,0.0375
2669,1,0.04375
2670,1,0.04375
2671,0,0.05
2672,3,0.03125
2673,2,0.0375
2674,2,0.0375
2675,1,0.04375
2676,2,0.0375
2677,1,0.04375
2678,1,0.04375
2679,0,0.05
2680,2,0.0375
2681,1,0.04375
2682,1,0.04375
2683,0,0.05
2684,1,0.04375
2685,0,0.05
2686,0,0.05
2687,1,0.05625
2688,3,0.01875
2689,4,0.025
2690,4,0.025
2691,3,0.03125
2692,4,0.025
2693,3,0.03125
2694,3,0.03125
2695,2,0.0375
2696,4,0.025
2697,3,0.03125
2698,3,0.03125
2699,2,0.0375
2700,3,0.03125
2701,2,0.0375
2702,2,0.0375
2703,1,0.04375
2704,4,0.025
2705,3,0.03125
2706,3,0.03125
2707,2,0.0375
2708,3,0.03125
2709,2,0.0375
2710,2,0.0375
2711,1,0.04375
2712,3,0.03125
2713,2,0.0375
2714,2,0.0375
2715,1,0.04375
2716,2,0.0375
2717,1,0.04375
2718,1,0.04375
2719,0,0.05
2720,4,0.025
2721,3,0.03125
2722,3,0.03125
2723,2,0.0375
2724,3,0.03125
2725,2,0.0375
2726,2,0.0375
2727,1,0.04375
2728,3,0.03125
2729,2,0.0375
2730,2,0.0375
2731,1,0.04375
2732,2,0.0375
2733,1,0.04375
2734,1,0.04375
2735,0,0.05
2736,3,0.03125
2737,2,0.0375
2738,2,0.0375
2739,1,0.04375
2740,2,0.0375
2741,1,0.04375
2742,1,0.04375
2743,0,0.05
2744,2,0.0375
2745,1,0.04375
2746,1,0.04375
2747,0,0.05
2748,1,0.04375
2749,0,0.05
2750,0,0.05
2751,1,0.05625
2752,4,0.025
2753,3,0.03125
2754,3,0.03125
2755,2,0.0375
2756,3,0.03125
2757,2,0.0375
2758,2,0.0375
2759,1,0.04375
2760,3,0.03125
2761,2,0.0375
2762,2,0.0375
2763,1,0.04375
2764,2,0.0375
2765,1,0.04375
2766,1,0.04375
2767,0,0.05
2768,3,0.03125
2769,2,0.0375
2770,2,0.0375
2771,1,0.04375
2772,2,0.0375
2773,1,0.04375
2774,1,0.04375
2775,0,0.05
2776,2,0.0375
2777,1,0.04375
2778,1,0.04375
2779,0,0.05
2780,1,0.04375
2781,0,0.05
2782,0,0.05
2783,1,0.05625
2784,3,0.03125
2785,2,0.0375
2786,2,0.0375
2787,1,0.04375
2788,2,0.0375
2789,1,0.04375
2790,1,0.04375
2791,0,0.05
2792,2,0.0375
2793,1,0.04375
2794,1,0.04375
2795,0,0.05
2796,1,0.04375
2797,0,0.05
2798,0,0.05
2799,1,0.05625
2800,2,0.0375
2801,1,0.04375
2802,1,0.04375
2803,0,0.05
2804,1,0.04375
2805,0,0.05
2806,0,0.05
2807,1,0.05625
2808,1,0.04375
2809,0,0.05
2810,0,0.05
2811,1,0.05625
2812,0,0.05
2813,1,0.05625
2814,1,0.05625
2815,2,0.0625
2816,3,0.01875
2817,4,0.025
2818,4,0.025
2819,3,0.03125
2820,4,0.025
2821,3,0.03125
2822,3,0.03125
2823,2,0.0375
2824,4,0.025
2825,3,0.03125
2826,3,0.03125
2827,2,0.0375
2828,3,0.03125
2829,2,0.0375
2830,2,0.0375
2831,1,0.04375
2832,4,0.025
2833,3,0.03125
2834,3,0.03125
2835,2,0.0375
2836,3,0.03125
2837,2,0.0375
2838,2,0.0375
2839,1,0.04375
2840,3,0.03125
2841,2,0.0375
2842,2,0.0375
2843,1,0.04375
2844,2,0.0375
2845,1,0.04375
2846,1,0.04375
2847,0,0.05
2848,4,0.025
2849,3,0.03125
2850,3,0.03125
2851,2,0.0375
2852,3,0.03125
2853,2,0.0375
2854,2,0.0375
2855,1,0.04375
2856,3,0.03125
2857,2,0.0375
2858,2,0.0375
2859,1,0.04375
2860,2,0.0375
2861,1,0.04375
2862,1,0.04375
2863,0,0.05
2864,3,0.03125
2865,2,0.0375
2866,2,0.0375
2867,1,0.04375
2868,2,0.0375
2869,1,0.04375
2870,1,0.04375
2871,0,0.05
2872,2,0.0375
2873,1,0.04375
2874,1,0.04375
2875,0,0.05
2876,1,0.04375
2877,0,0.05
2878,0,0.05
2879,1,0.05625
2880,4,0.025
2881,3,0.03125
2882,3,0.03125
2883,2,0.0375
2884,3,0.03125
2885,2,0.0375
2886,2,0.0375
2887,1,0.04375
2888,3,0.03125
2889,2,0.0375
2890,2,0.0375
2891,1,0.04375
2892,2,0.0375
2893,1,0.04375
2894,1,0.04375
2895,0,0.05
2896,3,0.03125
2897,2,0.0375
2898,2,0.0375
2899,1,0.04375
2900,2,0.0375
2901,1,0.04375
2902,1,0.04375
2903,0,0.05
2904,2,0.0375
2905,1,0.04375
2906,1,0.04375
2907,0,0.05
2908,1,0.04375
2909,0,0.05
2910,0,0.05
2911,1,0.05625
2912,3,0.03125
2913,2,0.0375
2914,2,0.0375
2915,1,0.04375
2916,2,0.0375
2917,1,0.04375
2918,1,0.04375
2919,0,0.05
2920,2,0.0375
2921,1,0.04375
2922,1,0.04375
2923,0,0.05
2924,1,0.04375
2925,0,0.05
2926,0,0.05
2927,1,0.05625
2928,2,0.0375
2929,1,0.04375
2930,1,0.04375
2931,0,0.05
2932,1,0.04375
2933,0,0.05
2934,0,0.05
2935,1,0.05625
2936,1,0.04375
2937,0,0.05
2938,0,0.05
2939,1,0.05625
2940,0,0.05
2941,1,0.05625
2942,1,0.05625
2943,2,0.0625
2944,4,0.025
2945,3,0.03125
2946,3,0.03125
2947,2,0.0375
2948,3,0.03125
2949,2,0.0375
2950,2,0.0375
2951,1,0.04375
2952,3,0.03125
2953,2,0.0375
2954,2,0.0375
2955,1,0.04375
2956,2,0.0375
2957,1,0.04375
2958,1,0.04375
2959,0,0.05
2960,3,0.03125
2961,2,0.0375
2962,2,0.0375
2963,1,0.04375
2964,2,0.0375
2965,1,0.04375
2966,1,0.04375
2967,0,0.05
2968,2,0.0375
2969,1,0.04375
2970,1,0.04375
2971,0,0.05
2972,1,0.04375
2973,0,0.05
2974,0,0.05
2975,1,0.05625
2976,3,0.03125
2977,2,0.0375
2978,2,0.0375
2979,1,0.04375
2980,2,0.0375
2981,1,0.04375
2982,1,0.04375
2983,0,0.05
2984,2,0.0375
2985,1,0.04375
2986,1,0.04375
2987,0,0.05
2988,1,0.04375
2989,0,0.05
2990,0,0.05
2991,1,0.05625
2992,2,0.0375
2993,1,0.04375
2994,1,0.04375
2995,0,0.05
2996,1,0.04375
2997,0,0.05
2998,0,0.05
2999,1,0.05625
3000,1,0.04375
3001,0,0.05
3002,0,0.05
3003,1,0.05625
3004,0,0.05
3005,1,0.05625
3006,1,0.05625
3007,2,0.0625
3008,3,0.03125
3009,2,0.0375
3010,2,0.0375
3011,1,0.04375
3012,2,0.0375
3013,1,0.04375
3014,1,0.04375
3015,0,0.05
3016,2,0.0375
3017,1,0.04375
3018,1,0.04375
3019,0,0.05
3020,1,0.04375
3021,0,0.05
3022,0,0.05
3023,1,0.05625
3024,2,0.0375
3025,1,0.04375
3026,1,0.04375
3027,0,0.05
3028,1,0.04375
3029,0,0.05
3030,0,0.05
3031,1,0.05625
3032,1,0.04375
3033,0,0.05
3034,0,0.05
3035,1,0.05625
3036,0,0.05
3037,1,0.05625
3038,1,0.05625
3039,2,0.0625
3040,2,0.0375
3041,1,0.04375
3042,1,0.04375
3043,0,0.05
3044,1,0.04375
3045,0,0.05
3046,0,0.05
3047,1,0.05625
3048,1,0.04375
3049,0,0.05
3050,0,0.05
3051,1,0.05625
3052,0,0.05
3053,1,0.05625
3054,1,0.05625
3055,2,0.0625
3056,1,0.04375
3057,0,0.05
3058,0,0.05
3059,1,0.05625
3060,0,0.05
3061,1,0.05625
3062,1,0.05625
3063,2,0.0625
3064,0,0.05
3065,1,0.05625
3066,1,0.05625
3067,2,0.0625
3068,1,0.05625
3069,2,0.0625
3070,2,0.0625
3071,3,0.06875
3072,2,0.0125
3073,3,0.01875
3074,3,0.01875
3075,4,0.025
3076,3,0.01875
3077,4,0.025
3078,4,0.025
3079,3,0.03125
3080,3,0.01875
3081,4,0.025
3082,4,0.025
3083,3,0.03125
3084,4,0.025
3085,3,0.03125
3086,3,0.03125
3087,2,0.0375
3088,3,0.01875
3089,4,0.025
3090,4,0.025
3091,3,0.03125
3092,4,0.025
3093,3,0.03125
3094,3,0.03125
3095,2,0.0375
3096,4,0.025
3097,3,0.03125
3098,3,0.03125
3099,2,0.0375
3100,3,0.03125
3101,2,0.0375
3102,2,0.0375
3103,1,0.04375
3104,3,0.01875
3105,4,0.025
3106,4,0.025
3107,3,0.03125
3108,4,0.025
3109,3,0.03125
3110,3,0.03125
3111,2,0.0375
3112,4,0.025
3113,3,0.03125
3114,3,0.03125
3115,2,0.0375
3116,3,0.03125
3117,2,0.0375
3118,2,0.0375
3119,1,0.04375
3120,4,0.025
3121,3,0.03125
3122,3,0.03125
3123,2,0.0375
3124,3,0.03125
3125,2,0.0375
3126,2,0.0375
3127,1,0.04375
3128,3,0.03125
3129,2,0.0375
3130,2,0.0375
3131,1,0.04375
3132,2,0.0375
3133,1,0.04375
3134,1,0.04375
3135,0,0.05
3136,3,0.01875
3137,4,0.025
3138,4,0.025
3139,3,0.03125
3140,4,0.025
3141,3,0.03125
3142,3,0.03125
3143,2,0.0375
3144,4,0.025
3145,3,0.03125
3146,3,0.03125
3147,2,0.0375
3148,3,0.03125
3149,2,0.0375
3150,2,0.0375
3151,1,0.04375
3152,4,0.025
3153,3,0.03125
3154,3,0.03125
3155,2,0.0375
3156,3,0.03125
3157,2,0.0375
3158,2,0.0375
3159,1,0.04375
3160,3,0.03125
3161,2,0.0375
3162,2,0.0375
3163,1,0.04375
3164,2,0.0375
3165,1,0.04375
3166,1,0.04375
3167,0,0.05
3168,4,0.025
3169,3,0.03125
3170,3,0.03125
3171,2,0.0375
3172,3,0.03125
3173,2,0.0375
3174,2,0.0375
3175,1,0.04375
3176,3,0.03125
3177,2,0.0375
3178,2,0.0375
3179,1,0.04375
3180,2,0.0375
3181,1,0.04375
3182,1,0.04375
3183,0,0.05
3184,3,0.03125
3185,2,0.0375
3186,2,0.0375
3187,1,0.04375
3188,2,0.0375
3189,1,0.04375
3190,1,0.04375
3191,0,0.05
3192,2,0.0375
3193,1,0.04375
3194,1,0.04375
3195,0,0.05
3196,1,0.04375
3197,0,0.05
3198,0,0.05
3199,1,0.05625
3200,3,0.01875
3201,4,0.025
3202,4,0.025
3203,3,0.03125
3204,4,0.025
3205,3,0.03125
3206,3,0.03125
3207,2,0.0375
3208,4,0.025
3209,3,0.03125
3210,3,0.03125
3211,2,0.0375
3212,3,0.03125
3213,2,0.0375
3214,2,0.0375
3215,1,0.04375
3216,4,0.025
3217,3,0.03125
3218,3,0.03125
3219,2,0.0375
3220,3,0.03125
3221,2,0.0375
3222,2,0.0375
3223,1,0.04375
3224,3,0.03125
3225,2,0.0375
3226,2,0.0375
3227,1,0.04375
3228,2,0.0375
3229,1,0.04375
3230,1,0.04375
3231,0,0.05
3232,4,0.025
3233,3,0.03125
3234,3,0.03125
3235,2,0.0375
3236,3,0.03125
3237,2,0.0375
3238,2,0.0375
3239,1,0.04375
3240,3,0.03125
3241,2,0.0375
3242,2,0.0375
3243,1,0.04375
3244,2,0.0375
3245,1,0.04375
3246,1,0.04375
3247,0,0.05
3248,3,0.03125
3249,2,0.0375
3250,2,0.0375
3251,1,0.04375
3252,2,0.0375
3253,1,0.04375
3254,1,0.04375
3255,0,0.05
3256,2,0.0375
3257,1,0.04375
3258,1,0.04375
3259,0,0.05
3260,1,0.04375
3261,0,0.05
3262,0,0.05
3263,1,0.05625
3264,4,0.025
3265,3,0.03125
3266,3,0.03125
3267,2,0.0375
3268,3,0.03125
3269,2,0.0375
3270,2,0.0375
3271,1,0.04375
3272,3,0.03125
3273,2,0.0375
3274,2,0.0375
3275,1,0.04375
3276,2,0.0375
3277,1,0.04375
3278,1,0.04375
3279,0,0.05
3280,3,0.03125
3281,2,0.0375
3282,2,0.0375
3283,1,0.04375
3284,2,0.0375
3285,1,0.04375
3286,1,0.04375
3287,0,0.05
3288,2,0.0375
3289,1,0.04375
3290,1,0.04375
3291,0,0.05
3292,1,0.04375
3293,0,0.05
3294,0,0.05
3295,1,0.05625
3296,3,0.03125
3297,2,0.0375
3298,2,0.0375
3299,1,0.04375
3300,2,0.0375
3301,1,0.04375
3302,1,0.04375
3303,0,0.05
3304,2,0.0375
3305,1,0.04375
3306,1,0.04375
3307,0,0.05
3308,1,0.04375
3309,0,0.05
3310,0,0.05
3311,1,0.05625
3312,2,0.0375
3313,1,0.04375
3314,1,0.04375
3315,0,0.05
3316,1,0.04375
3317,0,0.05
3318,0,0.05
3319,1,0.05625
3320,1,0.04375
3321,0,0.05
3322,0,0.05
3323,1,0.05625
3324,0,0.05
3325,1,0.05625
3326,1,0.05625
3327,2,0.0625
3328,3,0.01875
3329,4,0.025
3330,4,0.025
3331,3,0.03125
3332,4,0.025
3333,3,0.03125
3334,3,0.03125
3335,2,0.0375
3336,4,0.025
3337,3,0.03125
3338,3,0.03125
3339,2,0.0375
3340,3,0.03125
3341,2,0.0375
3342,2,0.0375
3343,1,0.04375
3344,4,0.025
3345,3,0.03125
3346,3,0.03125
3347,2,0.0375
3348,3,0.03125
3349,2,0.0375
3350,2,0.0375
3351,1,0.04375
3352,3,0.03125
3353,2,0.0375
3354,2,0.0375
3355,1,0.04375
3356,2,0.0375
3357,1,0.04375
3358,1,0.04375
3359,0,0.05
3360,4,0.025
3361,3,0.03125
3362,3,0.03125
3363,2,0.0375
3364,3,0.03125
3365,2,0.0375
3366,2,0.0375
3367,1,0.04375
3368,3,0.03125
3369,2,0.0375
3370,2,0.0375
3371,1,0.04375
3372,2,0.0375
3373,1,0.04375
3374,1,0.04375
3375,0,0.05
3376,3,0.03125
3377,2,0.0375
3378,2,0.0375
3379,1,0.04375
3380,2,0.0375
3381,1,0.04375
3382,1,0.04375
3383,0,0.05
3384,2,0.0375
3385,1,0.04375
3386,1,0.04375
3387,0,0.05
3388,1,0.04375
3389,0,0.05
3390,0,0.05
3391,1,0.05625
3392,4,0.025
3393,3,0.03125
3394,3,0.03125
3395,2,0.0375
3396,3,0.03125
3397,2,0.0375
3398,2,0.0375
3399,1,0.04375
3400,3,0.03125
3401,2,0.0375
3402,2,0.0375
3403,1,0.04375
3404,2,0.0375
3405,1,0.04375
3406,1,0.04375
3407,0,0.05
3408,3,0.03125
3409,2,0.0375
3410,2,0.0375
3411,1,0.04375
3412,2,0.0375
3413,1,0.04375
3414,1,0.04375
3415,0,0.05
3416,2,0.0375
3417,1,0.04375
3418,1,0.04375
3419,0,0.05
3420,1,0.04375
3421,0,0.05
3422,0,0.05
3423,1,0.05625
3424,3,0.03125
3425,2,0.0375
3426,2,0.0375
3427,1,0.04375
3428,2,0.0375
3429,1,0.04375
3430,1,0.04375
3431,0,0.05
3432,2,0.0375
3433,1,0.04375
3434,1,0.04375
3435,0,0.05
3436,1,0.04375
3437,0,0.05
3438,0,0.05
3439,1,0.05625
3440,2,0.0375
3441,1,0.04375
3442,1,0.04375
3443,0,0.05
3444,1,0.04375
3445,0,0.05
3446,0,0.05
3447,1,0.05625
3448,1,0.04375
3449,0,0.05
3450,0,0.05
3451,1,0.05625
3452,0,0.05
3453,1,0.05625
3454,1,0.05625
3455,2,0.0625
3456,4,0.025
3457,3,0.03125
3458,3,0.03125
3459,2,0.0375
3460,3,0.03125
3461,2,0.0375
3462,2,0.0375
3463,1,0.04375
3464,3,0.03125
3465,2,0.0375
3466,2,0.0375
3467,1,0.04375
3468,2,0.0375
3469,1,0.04375
3470,1,0.04375
3471,0,0.05
3472,3,0.03125
3473,2,0.0375
3474,2,0.0375
3475,1,0.04375
3476,2,0.0375
3477,1,0.04375
3478,1,0.04375
3479,0,0.05
3480,2,0.0375
3481,1,0.04375
3482,1,0.04375
3483,0,0.05
3484,1,0.04375
3485,0,0.05
3486,0,0.05
3487,1,0.05625
3488,3,0.03125
3489,2,0.0375
3490,2,0.0375
3491,1,0.04375
3492,2,0.0375
3493,1,0.04375
3494,1,0.04375
3495,0,0.05
3496,2,0.0375
3497,1,0.04375
3498,1,0.04375
3499,0,0.05
3500,1,0.04375
3501,0,0.05
3502,0,0.05
3503,1,0.05625
3504,2,0.0375
3505,1,0.04375
3506,1,0.04375
3507,0,0.05
3508,1,0.04375
3509,0,0.05
3510,0,0.05
3511,1,0.05625
3512,1,0.04375
3513,0,0.05
3514,0,0.05
3515,1,0.05625
3516,0,0.05
3517,1,0.05625
3518,1,0.05625
3519,2,0.0625
3520,3,0.03125
3521,2,0.0375
3522,2,0.0375
3523,1,0.04375
3524,2,0.0375
3525,1,0.04375
3526,1,0.04375
3527,0,0.05
3528,2,0.0375
3529,1,0.04375
3530,1,0.04375
3531,0,0.05
3532,1,0.04375
3533,0,0.05
3534,0,0.05
3535,1,0.05625
3536,2,0.0375
3537,1,0.04375
3538,1,0.04375
3539,0,0.05
3540,1,0.04375
3541,0,0.05
3542,0,0.05
3543,1,0.05625
3544,1,0.04375
3545,0,0.05
3546,0,0.05
3547,1,0.05625
3548,0,0.05
3549,1,0.05625
3550,1,0.05625
3551,2,0.0625
3552,2,0.0375
3553,1,0.04375
3554,1,0.04375
3555,0,0.05
3556,1,0.04375
3557,0,0.05
3558,0,0.05
3559,1,0.05625
3560,1,0.04375
3561,0,0.05
3562,0,0.05
3563,1,0.05625
3564,0,0.05
3565,1,0.05625
3566,1,0.05625
3567,2,0.0625
3568,1,0.04375
3569,0,0.05
3570,0,0.05
3571,1,0.05625
3572,0,0.05
3573,1,0.05625
3574,1,0.05625
3575,2,0.0625
3576,0,0.05
3577,1,0.05625
3578,1,0.05625
3579,2,0.0625
3580,1,0.05625
3581,2,0.0625
3582,2,0.0625
3583,3,0.06875
3584,3,0.01875
3585,4,0.025
3586,4,0.025
3587,3,0.03125
3588,4,0.025
3589,3,0.03125
3590,3,0.03125
3591,2,0.0375
3592,4,0.025
3593,3,0.03125
3594,3,0.03125
3595,2,0.0375
3596,3,0.03125
3597,2,0.0375
3598,2,0.0375
3599,1,0.04375
3600,4,0.025
3601,3,0.03125
3602,3,0.03125
3603,2,0.0375
3604,3,0.03125
3605,2,0.0375
3606,2,0.0375
3607,1,0.04375
3608,3,0.03125
3609,2,0.0375
3610,2,0.0375
3611,1,0.04375
3612,2,0.0375
3613,1,0.04375
3614,1,0.04375
3615,0,0.05
3616,4,0.025
3617,3,0.03125
3618,3,0.03125
3619,2,0.0375
3620,3,0.03125
3621,2,0.0375
3622,2,0.0375
3623,1,0.04375
3624,3,0.03125
3625,2,0.0375
3626,2,0.0375
3627,1,0.04375
3628,2,0.0375
3629,1,0.04375
3630,1,0.04375
3631,0,0.05
3632,3,0.03125
3633,2,0.0375
3634,2,0.0375
3635,1,0.04375
3636,2,0.0375
3637,1,0.04375
3638,1,0.04375
3639,0,0.05
3640,2,0.0375
3641,1,0.04375
3642,1,0.04375
3643,0,0.05
3644,1,0.04375
3645,0,0.05
3646,0,0.05
3647,1,0.05625
3648,4,0.025
3649,3,0.03125
3650,3,0.03125
3651,2,0.0375
3652,3,0.03125
3653,2,0.0375
3654,2,0.0375
3655,1,0.04375
3656,3,0.03125
3657,2,0.0375
3658,2,0.0375
3659,1,0.04375
3660,2,0.0375
3661,1,0.04375
3662,1,0.04375
3663,0,0.05
3664,3,0.03125
3665,2,0.0375
3666,2,0.0375
3667,1,0.04375
3668,2,0.0375
3669,1,0.04375
3670,1,0.04375
3671,0,0.05
3672,2,0.0375
3673,1,0.04375
3674,1,0.04375
3675,0,0.05
3676,1,0.04375
3677,0,0.05
3678,0,0.05
3679,1,0.05625
3680,3,0.03125
3681,2,0.0375
3682,2,0.0375
3683,1,0.04375
3684,2,0.0375
3685,1,0.04375
3686,1,0.04375
3687,0,0.05
3688,2,0.0375
3689,1,0.04375
3690,1,0.04375
3691,0,0.05
3692,1,0.04375
3693,0,0.05
3694,0,0.05
3695,1,0.05625
3696,2,0.0375
3697,1,0.04375
3698,1,0.04375
3699,0,0.05
3700,1,0.04375
3701,0,0.05
3702,0,0.05
3703,1,0.05625
3704,1,0.04375
3705,0,0.05
3706,0,0.05
3707,1,0.05625
3708,0,0.05
3709,1,0.05625
3710,1,0.05625
3711,2,0.0625
3712,4,0.025
3713,3,0.03125
3714,3,0.03125
3715,2,0.0375
3716,3,0.03125
3717,2,0.0375
3718,2,0.0375
3719,1,0.04375
3720,3,0.03125
3721,2,0.0375
3722,2,0.0375
3723,1,0.04375
3724,2,0.0375
3725,1,0.04375
3726,1,0.04375
3727,0,0.05
3728,3,0.03125
3729,2,0.0375
3730,2,0.0375
3731,1,0.04375
3732,2,0.0375
3733,1,0.04375
3734,1,0.04375
3735,0,0.05
3736,2,0.0375
3737,1,0.04375
3738,1,0.04375
3739,0,0.05
3740,1,0.04375
3741,0,0.05
3742,0,0.05
3743,1,0.05625
3744,3,0.03125
3745,2,0.0375
3746,2,0.0375
3747,1,0.04375
3748,2,0.0375
3749,1,0.04375
3750,1,0.04375
3751,0,0.05
3752,2,0.0375
3753,1,0.04375
3754,1,0.04375
3755,0,0.05
3756,1,0.04375
3757,0,0.05
3758,0,0.05
3759,1,0.05625
3760,2,0.0375
3761,1,0.04375
3762,1,0.04375
3763,0,0.05
3764,1,0.04375
3765,0,0.05
3766,0,0.05
3767,1,0.05625
3768,1,0.04375
3769,0,0.05
3770,0,0.05
3771,1,0.05625
3772,0,0.05
3773,1,0.05625
3774,1,0.05625
3775,2,0.0625
3776,3,0.03125
3777,2,0.0375
3778,2,0.0375
3779,1,0.04375
3780,2,0.0375
3781,1,0.04375
3782,1,0.04375
3783,0,0.05
3784,2,0.0375
3785,1,0.04375
3786,1,0.04375
3787,0,0.05
3788,1,0.04375
3789,0,0.05
3790,0,0.05
3791,1,0.05625
3792,2,0.0375
3793,1,0.04375
3794,1,0.04375
3795,0,0.05
3796,1,0.04375
3797,0,0.05
3798,0,0.05
3799,1,0.05625
3800,1,0.04375
3801,0,0.05
3802,0,0.05
3803,1,0.05625
3804,0,0.05
3805,1,0.05625
3806,1,0.05625
3807,2,0.0625
3808,2,0.0375
3809,1,0.04375
3810,1,0.04375
3811,0,0.05
3812,1,0.04375
3813,0,0.05
3814,0,0.05
3815,1,0.05625
3816,1,0.04375
3817,0,0.05
3818,0,0.05
3819,1,0.05625
3820,0,0.05
3821,1,0.05625
3822,1,0.05625
3823,2,0.0625
3824,1,0.04375
3825,0,0.05
3826,0,0.05
3827,1,0.05625
3828,0,0.05
3829,1,0.05625
3830,1,0.05625
3831,2,0.0625
3832,0,0.05
3833,1,0.05625
3834,1,0.05625
3835,2,0.0625
3836,1,0.05625
3837,2,0.0625
3838,2,0.0625
3839,3,0.06875
3840,4,0.025
3841,3,0.03125
3842,3,0.03125
3843,2,0.0375
3844,3,0.03125
3845,2,0.0375
3846,2,0.0375
3847,1,0.04375
3848,3,0.03125
3849,2,0.0375
3850,2,0.0375
3851,1,0.04375
3852,2,0.0375
3853,1,0.04375
3854,1,0.04375
3855,0,0.05
3856,3,0.03125
3857,2,0.0375
3858,2,0.0375
3859,1,0.04375
3860,2,0.0375
3861,1,0.04375
3862,1,0.04375
3863,0,0.05
3864,2,0.0375
3865,1,0.04375
3866,1,0.04375
3867,0,0.05
3868,1,0.04375
3869,0,0.05
3870,0,0.05
3871,1,0.05625
3872,3,0.03125
3873,2,0.0375
3874,2,0.0375
3875,1,0.04375
3876,2,0.0375
3877,1,0.04375
3878,1,0.04375
3879,0,0.05
3880,2,0.0375
3881,1,0.04375
3882,1,0.04375
3883,0,0.05
3884,1,0.04375
3885,0,0.05
3886,0,0.05
3887,1,0.05625
3888,2,0.0375
3889,1,0.04375
3890,1,0.04375
3891,0,0.05
3892,1,0.04375
3893,0,0.05
3894,0,0.05
3895,1,0.05625
3896,1,0.04375
3897,0,0.05
3898,0,0.05
3899,1,0.05625
3900,0,0.05
3901,1,0.05625
3902,1,0.05625
3903,2,0.0625
3904,3,0.03125
3905,2,0.0375
3906,2,0.0375
3907,1,0.04375
3908,2,0.0375
3909,1,0.04375
3910,1,0.04375
3911,0,0.05
3912,2,0.0375
3913,1,0.04375
3914,1,0.04375
3915,0,0.05
3916,1,0.04375
3917,0,0.05
3918,0,0.05
3919,1,0.05625
3920,2,0.0375
3921,1,0.04375
3922,1,0.04375
3923,0,0.05
3924,1,0.04375
3925,0,0.05
3926,0,0.05
3927,1,0.05625
3928,1,0.04375
3929,0,0.05
3930,0,0.05
3931,1,0.05625
3932,0,0.05
3933,1,0.05625
3934,1,0.05625
3935,2,0.0625
3936,2,0.0375
3937,1,0.04375
3938,1,0.04375
3939,0,0.05
3940,1,0.04375
3941,0,0.05
3942,0,0.05
3943,1,0.05625
3944,1,0.04375
3945,0,0.05
3946,0,0.05
3947,1,0.05625
3948,0,0.05
3949,1,0.05625
3950,1,0.05625
3951,2,0.0625
3952,1,0.04375
3953,0,0.05
3954,0,0.05
3955,1,0.05625
3956,0,0.05
3957,1,0.05625
3958,1,0.05625
3959,2,0.0625
3960,0,0.05
3961,1,0.05625
3962,1,0.05625
3963,2,0.0625
3964,1,0.05625
3965,2,0.0625
3966,2,0.0625
3967,3,0.06875
3968,3,0.03125
3969,2,0.0375
3970,2,0.0375
3971,1,0.04375
3972,2,0.0375
3973,1,0.04375
3974,1,0.04375
3975,0,0.05
3976,2,0.0375
3977,1,0.04375
3978,1,0.04375
3979,0,0.05
3980,1,0.04375
3981,0,0.05
3982,0,0.05
3983,1,0.05625
3984,2,0.0375
3985,1,0.04375
3986,1,0.04375
3987,0,0.05
3988,1,0.04375
3989,0,0.05
3990,0,0.05
3991,1,0.05625
3992,1,0.04375
3993,0,0.05
3994,0,0.05
3995,1,0.05625
3996,0,0.05
3997,1,0.05625
3998,1,0.05625
3999,2,0.0625
4000,2,0.0375
4001,1,0.04375
4002,1,0.04375
4003,0,0.05
4004,1,0.04375
4005,0,0.05
4006,0,0.05
4007,1,0.05625
4008,1,0.04375
4009,0,0.05
4010,0,0.05
4011,1,0.05625
4012,0,0.05
4013,1,0.05625
4014,1,0.05625
4015,2,0.0625
4016,1,0.04375
4017,0,0.05
4018,0,0.05
4019,1,0.05625
4020,0,0.05
4021,1,0.05625
4022,1,0.05625
4023,2,0.0625
4024,0,0.05
4025,1,0.05625
4026,1,0.05625
4027,2,0.0625
4028,1,0.05625
4029,2,0.0625
4030,2,0.0625
4031,3,0.06875
4032,2,0.0375
4033,1,0.04375
4034,1,0.04375
4035,0,0.05
4036,1,0.04375
4037,0,0.05
4038,0,0.05
4039,1,0.05625
4040,1,0.04375
4041,0,0.05
4042,0,0.05
4043,1,0.05625
4044,0,0.05
4045,1,0.05625
4046,1,0.05625
4047,2,0.0625
4048,1,0.04375
4049,0,0.05
4050,0,0.05
4051,1,0.05625
4052,0,0.05
4053,1,0.05625
4054,1,0.05625
4055,2,0.0625
4056,0,0.05
4057,1,0.05625
4058,1,0.05625
4059,2,0.0625
4060,1,0.05625
4061,2,0.0625
4062,2,0.0625
4063,3,0.06875
4064,1,0.04375
4065,0,0.05
4066,0,0.05
4067,1,0.05625
4068,0,0.05
4069,1,0.05625
4070,1,0.05625
4071,2,0.0625
4072,0,0.05
4073,1,0.05625
4074,1,0.05625
4075,2,0.0625
4076,1,0.05625
4077,2,0.0625
4078,2,0.0625
4079,3,0.06875
4080,0,0.05
4081,1,0.05625
4082,1,0.05625
4083,2,0.0625
4084,1,0.05625
4085,2,0.0625
4086,2,0.0625
4087,3,0.06875
4088,1,0.05625
4089,2,0.0625
4090,2,0.0625
4091,3,0.06875
4092,2,0.0625
4093,3,0.06875
4094,3,0.06875
4095,4,0.075
4096,1,0.00625
4097,2,0.0125
4098,2,0.0125
4099,3,0.01875
4100,2,0.0125
4101,3,0.01875
4102,3,0.01875
4103,4,0.025
4104,2,0.0125
4105,3,0.01875
4106,3,0.01875
4107,4,0.025
4108,3,0.01875
4109,4,0.025
4110,4,0.025
4111,3,0.03125
4112,2,0.0125
4113,3,0.01875
4114,3,0.01875
4115,4,0.025
4116,3,0.01875
4117,4,0.025
4118,4,0.025
4119,3,0.03125
4120,3,0.01875
4121,4,0.025
4122,4,0.025
4123,3,0.03125
4124,4,0.025
4125,3,0.03125
4126,3,0.03125
4127,2,0.0375
4128,2,0.0125
4129,3,0.01875
4130,3,0.01875
4131,4,0.025
4132,3,0.01875
4133,4,0.025
4134,4,0.025
4135,3,0.03125
4136,3,0.01875
4137,4,0.025
4138,4,0.025
4139,3,0.03125
4140,4,0.025
4141,3,0.03125
4142,3,0.03125
4143,2,0.0375
4144,3,0.01875
4145,4,0.025
4146,4,0.025
4147,3,0.03125
4148,4,0.025
4149,3,0.03125
4150,3,0.03125
4151,2,0.0375
4152,4,0.025
4153,3,0.03125
4154,3,0.03125
4155,2,0.0375
4156,3,0.03125
4157,2,0.0375
4158,2,0.0375
4159,1,0.04375
4160,2,0.0125
4161,3,0.01875
4162,3,0.01875
4163,4,0.025
4164,3,0.01875
4165,4,0.025
4166,4,0.025
4167,3,0.03125
4168,3,0.01875
4169,4,0.025
4170,4,0.025
4171,3,0.03125
4172,4,0.025
4173,3,0.03125
4174,3,0.03125
4175,2,0.0375
4176,3,0.01875
4177,4,0.025
4178,4,0.025
4179,3,0.03125
4180,4,0.025
4181,3,0.03125
4182,3,0.03125
4183,2,0.0375
4184,4,0.025
4185,3,0.03125
4186,3,0.03125
4187,2,0.0375
4188,3,0.03125
4189,2,0.0375
4190,2,0.0375
4191,1,0.04375
4192,3,0.01875
4193,4,0.025
4194,4,0.025
4195,3,0.03125
4196,4,0.025
4197,3,0.03125
4198,3,0.03125
4199,2,0.0375
4200,4,0.025
4201,3,0.03125
4202,3,0.03125
4203,2,0.0375
4204,3,0.03125
4205,2,0.0375
4206,2,0.0375
4207,1,0.04375
4208,4,0.025
4209,3,0.03125
4210,3,0.03125
4211,2,0.0375
4212,3,0.03125
4213,2,0.0375
4214,2,0.0375
4215,1,0.04375
4216,3,0.03125
4217,2,0.0375
4218,2,0.0375
4219,1,0.04375
4220,2,0.0375
4221,1,0.04375
4222,1,0.04375
4223,0,0.05
4224,2,0.0125
4225,3,0.01875
4226,3,0.01875
4227,4,0.025
4228,3,0.01875
4229,4,0.025
4230,4,0.025
4231,3,0.03125
4232,3,0.01875
4233,4,0.025
4234,4,0.025
4235,3,0.03125
4236,4,0.025
4237,3,0.03125
4238,3,0.03125
4239,2,0.0375
4240,3,0.01875
4241,4,0.025
4242,4,0.025
4243,3,0.03125
4244,4,0.025
4245,3,0.03125
4246,3,0.03125
4247,2,0.0375
4248,4,0.025
4249,3,0.03125
4250,3,0.03125
4251,2,0.0375
4252,3,0.03125
4253,2,0.0375
4254,2,0.0375
4255,1,0.04375
4256,3,0.01875
4257,4,0.025
4258,4,0.025
4259,3,0.03125
4260,4,0.025
4261,3,0.03125
4262,3,0.03125
4263,2,0.0375
4264,4,0.025
4265,3,0.03125
4266,3,0.03125
4267,2,0.0375
4268,3,0.03125
4269,2,0.0375
4270,2,0.0375
4271,1,0.04375
4272,4,0.025
4273,3,0.03125
4274,3,0.03125
4275,2,0.0375
4276,3,0.03125
4277,2,0.0375
4278,2,0.0375
4279,1,0.04375
4280,3,0.03125
4281,2,0.0375
4282,2,0.0375
4283,1,0.04375
4284,2,0.0375
4285,1,0.04375
4286,1,0.04375
4287,0,0.05
4288,3,0.01875
4289,4,0.025
4290,4,0.025
4291,3,0.03125
4292,4,0.025
4293,3,0.03125
4294,3,0.03125
4295,2,0.0375
4296,4,0.025
4297,3,0.03125
4298,3,0.03125
4299,2,0.0375
4300,3,0.03125
4301,2,0.0375
4302,2,0.0375
4303,1,0.04375
4304,4,0.025
4305,3,0.03125
4306,3,0.03125
4307,2,0.0375
4308,3,0.03125
4309,2,0.0375
4310,2,0.0375
4311,1,0.04375
4312,3,0.03125
4313,2,0.0375
4314,2,0.0375
4315,1,0.04375
4316,2,0.0375
4317,1,0.04375
4318,1,0.04375
4319,0,0.05
4320,4,0.025
4321,3,0.03125
4322,3,0.03125
4323,2,0.0375
4324,3,0.03125
4325,2,0.0375
4326,2,0.0375
4327,1,0.04375
4328,3,0.03125
4329,2,0.0375
4330,2,0.0375
4331,1,0.04375
4332,2,0.0375
4333,1,0.04375
4334,1,0.04375
4335,0,0.05
4336,3,0.03125
4337,2,0.0375
4338,2,0.0375
4339,1,0.04375
4340,2,0.0375
4341,1,0.04375
4342,1,0.04375
4343,0,0.05
4344,2,0.0375
4345,1,0.04375
4346,1,0.04375
4347,0,0.05
4348,1,0.04375
4349,0,0.05
4350,0,0.05
4351,1,0.05625
4352,2,0.0125
4353,3,0.01875
4354,3,0.01875
4355,4,0.025
4356,3,0.01875
4357,4,0.025
4358,4,0.025
4359,3,0.03125
4360,3,0.01875
4361,4,0.025
4362,4,0.025
4363,3,0.03125
4364,4,0.025
4365,3,0.03125
4366,3,0.03125
4367,2,0.0375
4368,3,0.01875
4369,4,0.025
4370,4,0.025
4371,3,0.03125
4372,4,0.025
4373,3,0.03125
4374,3,0.03125
4375,2,0.0375
4376,4,0.025
4377,3,0.03125
4378,3,0.03125
4379,2,0.0375
4380,3,0.03125
4381,2,0.0375
4382,2,0.0375
4383,1,0.04375
4384,3,0.01875
4385,4,0.025
4386,4,0.025
4387,3,0.03125
4388,4,0.025
4389,3,0.03125
4390,3,0.03125
4391,2,0.0375
4392,4,0.025
4393,3,0.03125
4394,3,0.03125
4395,2,0.0375
4396,3,0.03125
4397,2,0.0375
4398,2,0.0375
4399,1,0.04375
4400,4,0.025
4401,3,0.03125
4402,3,0.03125
4403,2,0.0375
4404,3,0.03125
4405,2,0.0375
4406,2,0.0375
4407,1,0.04375
4408,3,0.03125
4409,2,0.0375
4410,2,0.0375
4411,1,0.04375
4412,2,0.0375
4413,1,0.04375
4414,1,0.04375
4415,0,0.05
4416,3,0.01875
4417,4,0.025
4418,4,0.025
4419,3,0.03125
4420,4,0.025
4421,3,0.03125
4422,3,0.03125
4423,2,0.0375
4424,4,0.025
4425,3,0.03125
4426,3,0.03125
4427,2,0.0375
4428,3,0.03125
4429,2,0.0375
4430,2,0.0375
4431,1,0.04375
4432,4,0.025
4433,3,0.03125
4434,3,0.03125
4435,2,0.0375
4436,3,0.03125
4437,2,0.0375
4438,2,0.0375
4439,1,0.04375
4440,3,0.03125
4441,2,0.0375
4442,2,0.0375
4443,1,0.04375
4444,2,0.0375
4445,1,0.04375
4446,1,0.04375
4447,0,0.05
4448,4,0.025
4449,3,0.03125
4450,3,0.03125
4451,2,0.0375
4452,3,0.03125
4453,2,0.0375
4454,2,0.0375
4455,1,0.04375
4456,3,0.03125
4457,2,0.0375
4458,2,0.0375
4459,1,0.04375
4460,2,0.0375
4461,1,0.04375
4462,1,0.04375
4463,0,0.05
4464,3,0.03125
4465,2,0.0375
4466,2,0.0375
4467,1,0.04375
4468,2,0.0375
4469,1,0.04375
4470,1,0.04375
4471,0,0.05
4472,2,0.0375
4473,1,0.04375
4474,1,0.04375
4475,0,0.05
4476,1,0.04375
4477,0,0.05
4478,0,0.05
4479,1,0.05625
4480,3,0.01875
4481,4,0.025
4482,4,0.025
4483,3,0.03125
4484,4,0.025
4485,3,0.03125
4486,3,0.03125
4487,2,0.0375
4488,4,0.025
4489,3,0.03125
4490,3,0.03125
4491,2,0.0375
4492,3,0.03125
4493,2,0.0375
4494,2,0.0375
4495,1,0.04375
4496,4,0.025
4497,3,0.03125
4498,3,0.03125
4499,2,0.0375
4500,3,0.03125
4501,2,0.0375
4502,2,0.0375
4503,1,0.04375
4504,3,0.03125
4505,2,0.0375
4506,2,0.0375
4507,1,0.04375
4508,2,0.0375
4509,1,0.04375
4510,1,0.04375
4511,0,0.05
4512,4,0.025
4513,3,0.03125
4514,3,0.03125
4515,2,0.0375
4516,3,0.03125
4517,2,0.0375
4518,2,0.0375
4519,1,0.04375
4520,3,0.03125
4521,2,0.0375
4522,2,0.0375
4523,1,0.04375
4524,2,0.0375
4525,1,0.04375
4526,1,0.04375
4527,0,0.05
4528,3,0.03125
4529,2,0.0375
4530,2,0.0375
4531,1,0.04375
4532,2,0.0375
4533,1,0.04375
4534,1,0.04375
4535,0,0.05
4536,2,0.0375
4537,1,0.04375
4538,1,0.04375
4539,0,0.05
4540,1,0.04375
4541,0,0.05
4542,0,0.05
4543,1,0.05625
4544,4,0.025
4545,3,0.03125
4546,3,0.03125
4547,2,0.0375
4548,3,0.03125
4549,2,0.0375
4550,2,0.0375
4551,1,0.04375
4552,3,0.03125
4553,2,0.0375
4554,2,0.0375
4555,1,0.04375
4556,2,0.0375
4557,1,0.04375
4558,1,0.04375
4559,0,0.05
4560,3,0.03125
4561,2,0.0375
4562,2,0.0375
4563,1,0.04375
4564,2,0.0375
4565,1,0.04375
4566,1,0.04375
4567,0,0.05
4568,2,0.0375
4569,1,0.04375
4570,1,0.04375
4571,0,0.05
4572,1,0.04375
4573,0,0.05
4574,0,0.05
4575,1,0.05625
4576,3,0.03125
4577,2,0.0375
4578,2,0.0375
4579,1,0.04375
4580,2,0.0375
4581,1,0.04375
4582,1,0.04375
4583,0,0.05
4584,2,0.0375
4585,1,0.04375
4586,1,0.04375
4587,0,0.05
4588,1,0.04375
4589,0,0.05
4590,0,0.05
4591,1,0.05625
4592,2,0.0375
4593,1,0.04375
4594,1,0.04375
4595,0,0.05
4596,1,0.04375
4597,0,0.05
4598,0,0.05
4599,1,0.05625
4600,1,0.04375
4601,0,0.05
4602,0,0.05
4603,1,0.05625
4604,0,0.05
4605,1,0.05625
4606,1,0.05625
4607,2,0.0625
4608,2,0.0125
4609,3,0.01875
4610,3,0.01875
4611,4,0.025
4612,3,0.01875
4613,4,0.025
4614,4,0.025
4615,3,0.03125
4616,3,0.01875
4617,4,0.025
4618,4,0.025
4619,3,0.03125
4620,4,0.025
4621,3,0.03125
4622,3,0.03125
4623,2,0.0375
4624,3,0.01875
4625,4,0.025
4626,4,0.025
4627,3,0.03125
4628,4,0.025
4629,3,0.03125
4630,3,0.03125
4631,2,0.0375
4632,4,0.025
4633,3,0.03125
4634,3,0.03125
4635,2,0.0375
4636,3,0.03125
4637,2,0.0375
4638,2,0.0375
4639,1,0.04375
4640,3,0.01875
4641,4,0.025
4642,4,0.025
4643,3,0.03125
4644,4,0.025
4645,3,0.03125
4646,3,0.03125
4647,2,0.0375
4648,4,0.025
4649,3,0.03125
4650,3,0.03125
4651,2,0.0375
4652,3,0.03125
4653,2,0.0375
4654,2,0.0375
4655,1,0.04375
4656,4,0.025
4657,3,0.03125
4658,3,0.03125
4659,2,0.0375
4660,3,0.03125
4661,2,0.0375
4662,2,0.0375
4663,1,0.04375
4664,3,0.03125
4665,2,0.0375
4666,2,0.0375
4667,1,0.04375
4668,2,0.0375
4669,1,0.04375
4670,1,0.04375
4671,0,0.05
4672,3,0.01875
4673,4,0.025
4674,4,0.025
4675,3,0.03125
4676,4,0.025
4677,3,0.03125
4678,3,0.03125
4679,2,0.0375
4680,4,0.025
4681,3,0.03125
4682,3,0.03125
4683,2,0.0375
4684,3,0.03125
4685,2,0.0375
4686,2,0.0375
4687,1,0.04375
4688,4,0.025
4689,3,0.03125
4690,3,0.03125
4691,2,0.0375
4692,3,0.03125
4693,2,0.0375
4694,2,0.0375
4695,1,0.04375
4696,3,0.03125
4697,2,0.0375
4698,2,0.0375
4699,1,0.04375
4700,2,0.0375
4701,1,0.04375
4702,1,0.04375
4703,0,0.05
4704,4,0.025
4705,3,0.03125
4706,3,0.03125
4707,2,0.0375
4708,3,0.03125
4709,2,0.0375
4710,2,0.0375
4711,1,0.04375
4712,3,0.03125
4713,2,0.0375
4714,2,0.0375
4715,1,0.04375
4716,2,0.0375
4717,1,0.04375
4718,1,0.04375
4719,0,0.05
4720,3,0.03125
4721,2,0.0375
4722,2,0.0375
4723,1,0.04375
4724,2,0.0375
4725,1,0.04375
4726,1,0.04375
4727,0,0.05
4728,2,0.0375
4729,1,0.04375
4730,1,0.04375
4731,0,0.05
4732,1,0.04375
4733,0,0.05
4734,0,0.05
4735,1,0.05625
4736,3,0.01875
4737,4,0.025
4738,4,0.025
4739,3,0.03125
4740,4,0.025
4741,3,0.03125
4742,3,0.03125
4743,2,0.0375
4744,4,0.025
4745,3,0.03125
4746,3,0.03125
4747,2,0.0375
4748,3,0.03125
4749,2,0.0375
4750,2,0.0375
4751,1,0.04375
4752,4,0.025
4753,3,0.03125
4754,3,0.03125
4755,2,0.0375
4756,3,0.03125
4757,2,0.0375
4758,2,0.0375
4759,1,0.04375
4760,3,0.03125
4761,2,0.0375
4762,2,0.0375
4763,1,0.04375
4764,2,0.0375
4765,1,0.04375
4766,1,0.04375
4767,0,0.05
4768,4,0.025
4769,3,0.03125
4770,3,0.03125
4771,2,0.0375
4772,3,0.03125
4773,2,0.0375
4774,2,0.0375
4775,1,0.04375
4776,3,0.03125
4777,2,0.0375
4778,2,0.0375
4779,1,0.04375
4780,2,0.0375
4781,1,0.04375
4782,1,0.04375
4783,0,0.05
4784,3,0.03125
4785,2,0.0375
4786,2,0.0375
4787,1,0.04375
4788,2,0.0375
4789,1,0.04375
4790,1,0.04375
4791,0,0.05
4792,2,0.0375
4793,1,0.04375
4794,1,0.04375
4795,0,0.05
4796,1,0.04375
4797,0,0.05
4798,0,0.05
4799,1,0.05625
4800,4,0.025
4801,3,0.03125
4802,3,0.03125
4803,2,0.0375
4804,3,0.03125
4805,2,0.0375
4806,2,0.0375
4807,1,0.04375
4808,3,0.03125
4809,2,0.0375
4810,2,0.0375
4811,1,0.04375
4812,2,0.0375
4813,1,0.04375
4814,1,0.04375
4815,0,0.05
4816,3,0.03125
4817,2,0.0375
4818,2,0.0375
4819,1,0.04375
4820,2,0.0375
4821,1,0.04375
4822,1,0.04375
4823,0,0.05
4824,2,0.0375
4825,1,0.04375
4826,1,0.04375
4827,0,0.05
4828,1,0.04375
4829,0,0.05
4830,0,0.05
4831,1,0.05625
4832,3,0.03125
4833,2,0.0375
4834,2,0.0375
4835,1,0.04375
4836,2,0.0375
4837,1,0.04375
4838,1,0.04375
4839,0,0.05
4840,2,0.0375
4841,1,0.04375
4842,1,0.04375
4843,0,0.05
4844,1,0.04375
4845,0,0.05
4846,0,0.05
4847,1,0.05625
4848,2,0.0375
4849,1,0.04375
4850,1,0.04375
4851,0,0.05
4852,1,0.04375
4853,0,0.05
4854,0,0.05
4855,1,0.05625
4856,1,0.04375
4857,0,0.05
4858,0,0.05
4859,1,0.05625
4860,0,0.05
4861,1,0.05625
4862,1,0.05625
4863,2,0.0625
4864,3,0.01875
4865,4,0.025
4866,4,0.025
4867,3,0.03125
4868,4,0.025
4869,3,0.03125
4870,3,0.03125
4871,2,0.0375
4872,4,0.025
4873,3,0.03125
4874,3,0.03125
4875,2,0.0375
4876,3,0.03125
4877,2,0.0375
4878,2,0.0375
4879,1,0.04375
4880,4,0.025
4881,3,0.03125
4882,3,0.03125
4883,2,0.0375
4884,3,0.03125
4885,2,0.0375
4886,2,0.0375
4887,1,0.04375
4888,3,0.03125
4889,2,0.0375
4890,2,0.0375
4891,1,0.04375
4892,2,0.0375
4893,1,0.04375
4894,1,0.04375
4895,0,0.05
4896,4,0.025
4897,3,0.03125
4898,3,0.03125
4899,2,0.0375
4900,3,0.03125
4901,2,0.0375
4902,2,0.0375
4903,1,0.04375
4904,3,0.03125
4905,2,0.0375
4906,2,0.0375
4907,1,0.04375
4908,2,0.0375
4909,1,0.04375
4910,1,0.04375
4911,0,0.05
4912,3,0.03125
4913,2,0.0375
4914,2,0.0375
4915,1,0.04375
4916,2,0.0375
4917,1,0.04375
4918,1,0.04375
4919,0,0.05
4920,2,0.0375
4921,1,0.04375
4922,1,0.04375
4923,0,0.05
4924,1,0.04375
4925,0,0.05
4926,0,0.05
4927,1,0.05625
4928,4,0.025
4929,3,0.03125
4930,3,0.03125
4931,2,0.0375
4932,3,0.03125
4933,2,0.0375
4934,2,0.0375
4935,1,0.04375
4936,3,0.03125
4937,2,0.0375
4938,2,0.0375
4939,1,0.04375
4940,2,0.0375
4941,1,0.04375
4942,1,0.04375
4943,0,0.05
4944,3,0.03125
4945,2,0.0375
4946,2,0.0375
4947,1,0.04375
4948,2,0.0375
4949,1,0.04375
4950,1,0.04375
4951,0,0.05
4952,2,0.0375
4953,1,0.04375
4954,1,0.04375
4955,0,0.05
4956,1,0.04375
4957,0,0.05
4958,0,0.05
4959,1,0.05625
4960,3,0.03125
4961,2,0.0375
4962,2,0.0375
4963,1,0.04375
4964,2,0.0375
4965,1,0.04375
4966,1,0.04375
4967,0,0.05
4968,2,0.0375
4969,1,0.04375
4970,1,0.04375
4971,0,0.05
4972,1,0.04375
4973,0,0.05
4974,0,0.05
4975,1,0.05625
4976,2,0.0375
4977,1,0.04375
4978,1,0.04375
4979,0,0.05
4980,1,0.04375
4981,0,0.05
4982,0,0.05
4983,1,0.05625
4984,1,0.04375
4985,0,0.05
4986,0,0.05
4987,1,0.05625
4988,0,0.05
4989,1,0.05625
4990,1,0.05625
4991,2,0.0625
4992,4,0.025
4993,3,0.03125
4994,3,0.03125
4995,2,0.0375
4996,3,0.03125
4997,2,0.0375
4998,2,0.0375
4999,1,0.04375
5000,3,0.03125
5001,2,0.0375
5002,2,0.0375
5003,1,0.04375
5004,2,0.0375
5005,1,0.04375
5006,1,0.04375
5007,0,0.05
5008,3,0.03125
5009,2,0.0375
5010,2,0.0375
5011,1,0.04375
5012,2,0.0375
5013,1,0.04375
5014,1,0.04375
5015,0,0.05
5016,2,0.0375
5017,1,0.04375
5018,1,0.04375
5019,0,0.05
5020,1,0.04375
5021,0,0.05
5022,0,0.05
5023,1,0.05625
5024,3,0.03125
5025,2,0.0375
5026,2,0.0375
5027,1,0.04375
5028,2,0.0375
5029,1,0.04375
5030,1,0.04375
5031,0,0.05
5032,2,0.0375
5033,1,0.04375
5034,1,0.04375
5035,0,0.05
5036,1,0.04375
5037,0,0.05
5038,0,0.05
5039,1,0.05625
5040,2,0.0375
5041,1,0.04375
5042,1,0.04375
5043,0,0.05
5044,1,0.04375
5045,0,0.05
5046,0,0.05
5047,1,0.05625
5048,1,0.04375
5049,0,0.05
5050,0,0.05
5051,1,0.05625
5052,0,0.05
5053,1,0.05625
5054,1,0.05625
5055,2,0.0625
5056,3,0.03125
5057,2,0.0375
5058,2,0.0375
5059,1,0.04375
5060,2,0.0375
5061,1,0.04375
5062,1,0.04375
5063,0,0.05
5064,2,0.0375
5065,1,0.04375
5066,1,0.04375
5067,0,0.05
5068,1,0.04375
5069,0,0.05
5070,0,0.05
5071,1,0.05625
5072,2,0.0375
5073,1,0.04375
5074,1,0.04375
5075,0,0.05
5076,1,0.04375
5077,0,0.05
5078,0,0.05
5079,1,0.05625
5080,1,0.04375
5081,0,0.05
5082,0,0.05
5083,1,0.05625
5084,0,0.05
5085,1,0.05625
5086,1,0.05625
5087,2,0.0625
5088,2,0.0375
5089,1,0.04375
5090,1,0.04375
5091,0,0.05
5092,1,0.04375
5093,0,0.05
5094,0,0.05
5095,1,0.05625
5096,1,0.04375
5097,0,0.05
5098,0,0.05
5099,1,0.05625
5100,0,0.05
5101,1,0.05625
5102,1,0.05625
5103,2,0.0625
5104,1,0.04375
5105,0,0.05
5106,0,0.05
5107,1,0.05625
5108,0,0.05
5109,1,0.05625
5110,1,0.05625
5111,2,0.0625
5112,0,0.05
5113,1,0.05625
5114,1,0.05625
5115,2,0.0625
5116,1,0.05625
5117,2,0.0625
5118,2,0.0625
5119,3,0.06875
5120,2,0.0125
5121,3,0.01875
5122,3,0.01875
5123,4,0.025
5124,3,0.01875
5125,4,0.025
5126,4,0.025
5127,3,0.03125
5128,3,0.01875
5129,4,0.025
5130,4,0.025
5131,3,0.03125
5132,4,0.025
5133,3,0.03125
5134,3,0.03125
5135,2,0.0375
5136,3,0.01875
5137,4,0.025
5138,4,0.025
5139,3,0.03125
5140,4,0.025
5141,3,0.03125
5142,3,0.03125
5143,2,0.0375
5144,4,0.025
5145,3,0.03125
5146,3,0.03125
5147,2,0.0375
5148,3,0.03125
5149,2,0.0375
5150,2,0.0375
5151,1,0.04375
5152,3,0.01875
5153,4,0.025
5154,4,0.025
5155,3,0.03125
5156,4,0.025
5157,3,0.03125
5158,3,0.03125
5159,2,0.0375
5160,4,0.025
5161,3,0.03125
5162,3,0.03125
5163,2,0.0375
5164,3,0.03125
5165,2,0.0375
5166,2,0.0375
5167,1,0.04375
5168,4,0.025
5169,3,0.03125
5170,3,0.03125
5171,2,0.0375
5172,3,0.03125
5173,2,0.0375
5174,2,0.0375
5175,1,0.04375
5176,3,0.03125
5177,2,0.0375
5178,2,0.0375
5179,1,0.04375
5180,2,0.0375
5181,1,0.04375
5182,1,0.04375
5183,0,0.05
5184,3,0.01875
5185,4,0.025
5186,4,0.025
5187,3,0.03125
5188,4,0.025
5189,3,0.03125
5190,3,0.03125
5191,2,0.0375
5192,4,0.025
5193,3,0.03125
5194,3,0.03125
5195,2,0.0375
5196,3,0.03125
5197,2,0.0375
5198,2,0.0375
5199,1,0.04375
5200,4,0.025
5201,3,0.03125
5202,3,0.03125
5203,2,0.0375
5204,3,0.03125
5205,2,0.0375
5206,2,0.0375
5207,1,0.04375
5208,3,0.03125
5209,2,0.0375
5210,2,0.0375
5211,1,0.04375
5212,2,0.0375
5213,1,0.04375
5214,1,0.04375
5215,0,0.05
5216,4,0.025
5217,3,0.03125
5218,3,0.03125
5219,2,0.0375
5220,3,0.03125
5221,2,0.0375
5222,2,0.0375
5223,1,0.04375
5224,3,0.03125
5225,2,0.0375
5226,2,0.0375
5227,1,0.04375
5228,2,0.0375
5229,1,0.04375
5230,1,0.04375
5231,0,0.05
5232,3,0.03125
5233,2,0.0375
5234,2,0.0375
5235,1,0.04375
5236,2,0.0375
5237,1,0.04375
5238,1,0.04375
5239,0,0.05
5240,2,0.0375
5241,1,0.04375
5242,1,0.04375
5243,0,0.05
5244,1,0.04375
5245,0,0.05
5246,0,0.05
5247,1,0.05625
5248,3,0.01875
5249,4,0.025
5250,4,0.025
5251,3,0.03125
5252,4,0.025
5253,3,0.03125
5254,3,0.03125
5255,2,0.0375
5256,4,0.025
5257,3,0.03125
5258,3,0.03125
5259,2,0.0375
5260,3,0.03125
5261,2,0.0375
5262,2,0.0375
5263,1,0.04375
5264,4,0.025
5265,3,0.03125
5266,3,0.03125
5267,2,0.0375
5268,3,0.03125
5269,2,0.0375
5270,2,0.0375
5271,1,0.04375
5272,3,0.03125
5273,2,0.0375
5274,2,0.0375
5275,1,0.04375
5276,2,0.0375
5277,1,0.04375
5278,1,0.04375
5279,0,0.05
5280,4,0.025
5281,3,0.03125
5282,3,0.03125
5283,2,0.0375
5284,3,0.03125
5285,2,0.0375
5286,2,0.0375
5287,1,0.04375
5288,3,0.03125
5289,2,0.0375
5290,2,0.0375
5291,1,0.04375
5292,2,0.0375
5293,1,0.04375
5294,1,0.04375
5295,0,0.05
5296,3,0.03125
5297,2,0.0375
5298,2,0.0375
5299,1,0.04375
5300,2,0.0375
5301,1,0.04375
5302,1,0.04375
5303,0,0.05
5304,2,0.0375
5305,1,0.04375
5306,1,0.04375
5307,0,0.05
5308,1,0.04375
5309,0,0.05
5310,0,0.05
5311,1,0.05625
5312,4,0.025
5313,3,0.03125
5314,3,0.03125
5315,2,0.0375
5316,3,0.03125
5317,2,0.0375
5318,2,0.0375
5319,1,0.04375
5320,3,0.03125
5321,2,0.0375
5322,2,0.0375
5323,1,0.04375
5324,2,0.0375
5325,1,0.04375
5326,1,0.04375
5327,0,0.05
5328,3,0.03125
5329,2,0.0375
5330,2,0.0375
5331,1,0.04375
5332,2,0.0375
5333,1,0.04375
5334,1,0.04375
5335,0,0.05
5336,2,0.0375
5337,1,0.04375
5338,1,0.04375
5339,0,0.05
5340,1,0.04375
5341,0,0.05
5342,0,0.05
5343,1,0.05625
5344,3,0.03125
5345,2,0.0375
5346,2,0.0375
5347,1,0.04375
5348,2,0.0375
5349,1,0.04375
5350,1,0.04375
5351,0,0.05
5352,2,0.0375
5353,1,0.04375
5354,1,0.04375
5355,0,0.05
5356,1,0.04375
5357,0,0.05
5358,0,0.05
5359,1,0.05625
5360,2,0.0375
5361,1,0.04375
5362,1,0.04375
5363,0,0.05
5364,1,0.04375
5365,0,0.05
5366,0,0.05
5367,1,0.05625
5368,1,0.04375
5369,0,0.05
5370,0,0.05
5371,1,0.05625
5372,0,0.05
5373,1,0.05625
5374,1,0.05625
5375,2,0.0625
5376,3,0.01875
5377,4,0.025
5378,4,0.025
5379,3,0.03125
5380,4,0.025
5381,3,0.03125
5382,3,0.03125
5383,2,0.0375
5384,4,0.025
5385,3,0.03125
5386,3,0.03125
5387,2,0.0375
5388,3,0.03125
5389,2,0.0375
5390,2,0.0375
5391,1,0.04375
5392,4,0.025
5393,3,0.03125
5394,3,0.03125
5395,2,0.0375
5396,3,0.03125
5397,2,0.0375
5398,2,0.0375
5399,1,0.04375
5400,3,0.03125
5401,2,0.0375
5402,2,0.0375
5403,1,0.04375
5404,2,0.0375
5405,1,0.04375
5406,1,0.04375
5407,0,0.05
5408,4,0.025
5409,3,0.03125
5410,3,0.03125
5411,2,0.0375
5412,3,0.03125
5413,2,0.0375
5414,2,0.0375
5415,1,0.04375
5416,3,0.03125
5417,2,0.0375
5418,2,0.0375
5419,1,0.04375
5420,2,0.0375
5421,1,0.04375
5422,1,0.04375
5423,0,0.05
5424,3,0.03125
5425,2,0.0375
5426,2,0.0375
5427,1,0.04375
5428,2,0.0375
5429,1,0.04375
5430,1,0.04375
5431,0,0.05
5432,2,0.0375
5433,1,0.04375
5434,1,0.04375
5435,0,0.05
5436,1,0.04375
5437,0,0.05
5438,0,0.05
5439,1,0.05625
5440,4,0.025
5441,3,0.03125
5442,3,0.03125
5443,2,0.0375
5444,3,0.03125
5445,2,0.0375
5446,2,0.0375
5447,1,0.04375
5448,3,0.03125
5449,2,0.0375
5450,2,0.0375
5451,1,0.04375
5452,2,0.0375
5453,1,0.04375
5454,1,0.04375
5455,0,0.05
5456,3,0.03125
5457,2,0.0375
5458,2,0.0375
5459,1,0.04375
5460,2,0.0375
5461,1,0.04375
5462,1,0.04375
5463,0,0.05
5464,2,0.0375
5465,1,0.04375
5466,1,0.04375
5467,0,0.05
5468,1,0.04375
5469,0,0.05
5470,0,0.05
5471,1,0.05625
5472,3,0.03125
5473,2,0.0375
5474,2,0.0375
5475,1,0.04375
5476,2,0.0375
5477,1,0.04375
5478,1,0.04375
5479,0,0.05
5480,2,0.0375
5481,1,0.04375
5482,1,0.04375
5483,0,0.05
5484,1,0.04375
5485,0,0.05
5486,0,0.05
5487,1,0.05625
5488,2,0.0375
5489,1,0.04375
5490,1,0.04375
5491,0,0.05
5492,1,0.04375
5493,0,0.05
5494,0,0.05
5495,1,0.05625
5496,1,0.04375
5497,0,0.05
5498,0,0.05
5499,1,0.05625
5500,0,0.05
5501,1,0.05625
5502,1,0.05625
5503,2,0.0625
5504,4,0.025
5505,3,0.03125
5506,3,0.03125
5507,2,0.0375
5508,3,0.03125
5509,2,0.0375
5510,2,0.0375
5511,1,0.04375
5512,3,0.03125
5513,2,0.0375
5514,2,0.0375
5515,1,0.04375
5516,2,0.0375
5517,1,0.04375
5518,1,0.04375
5519,0,0.05
5520,3,0.03125
5521,2,0.0375
5522,2,0.0375
5523,1,0.04375
5524,2,0.0375
5525,1,0.04375
5526,1,0.04375
5527,0,0.05
5528,2,0.0375
5529,1,0.04375
5530,1,0.04375
5531,0,0.05
5532,1,0.04375
5533,0,0.05
5534,0,0.05
5535,1,0.05625
5536,3,0.03125
5537,2,0.0375
5538,2,0.0375
5539,1,0.04375
5540,2,0.0375
5541,1,0.04375
5542,1,0.04375
5543,0,0.05
5544,2,0.0375
5545,1,0.04375
5546,1,0.04375
5547,0,0.05
5548,1,0.04375
5549,0,0.05
5550,0,0.05
5551,1,0.05625
5552,2,0.0375
5553,1,0.04375
5554,1,0.04375
5555,0,0.05
5556,1,0.04375
5557,0,0.05
5558,0,0.05
5559,1,0.05625
5560,1,0.04375
5561,0,0.05
5562,0,0.05
5563,1,0.05625
5564,0,0.05
5565,1,0.05625
5566,1,0.05625
5567,2,0.0625
5568,3,0.03125
5569,2,0.0375
5570,2,0.0375
5571,1,0.04375
5572,2,0.0375
5573,1,0.04375
5574,1,0.04375
5575,0,0.05
5576,2,0.0375
5577,1,0.04375
5578,1,0.04375
5579,0,0.05
5580,1,0.04375
5581,0,0.05
5582,0,0.05
5583,1,0.05625
5584,2,0.0375
5585,1,0.04375
5586,1,0.04375
5587,0,0.05
5588,1,0.04375
5589,0,0.05
5590,0,0.05
5591,1,0.05625
5592,1,0.04375
5593,0,0.05
5594,0,0.05
5595,1,0.05625
5596,0,0.05
5597,1,0.05625
5598,1,0.05625
5599,2,0.0625
5600,2,0.0375
5601,1,0.04375
5602,1,0.04375
5603,0,0.05
5604,1,0.04375
5605,0,0.05
5606,0,0.05
5607,1,0.05625
5608,1,0.04375
5609,0,0.05
5610,0,0.05
5611,1,0.05625
5612,0,0.05
5613,1,0.05625
5614,1,0.05625
5615,2,0.0625
5616,1,0.04375
5617,0,0.05
5618,0,0.05
5619,1,0.05625
5620,0,0.05
5621,1,0.05625
5622,1,0.05625
5623,2,0.0625
5624,0,0.05
5625,1,0.05625
5626,1,0.05625
5627,2,0.0625
5628,1,0.05625
5629,2,0.0625
5630,2,0.0625
5631,3,0.06875
5632,3,0.01875
5633,4,0.025
5634,4,0.025
5635,3,0.03125
5636,4,0.025
5637,3,0.03125
5638,3,0.03125
5639,2,0.0375
5640,4,0.025
5641,3,0.03125
5642,3,0.03125
5643,2,0.0375
5644,3,0.03125
5645,2,0.0375
5646,2,0.0375
5647,1,0.04375
5648,4,0.025
5649,3,0.03125
5650,3,0.03125
5651,2,0.0375
5652,3,0.03125
5653,2,0.0375
5654,2,0.0375
5655,1,0.04375
5656,3,0.03125
5657,2,0.0375
5658,2,0.0375
5659,1,0.04375
5660,2,0.0375
5661,1,0.04375
5662,1,0.04375
5663,0,0.05
5664,4,0.025
5665,3,0.03125
5666,3,0.03125
5667,2,0.0375
5668,3,0.03125
5669,2,0.0375
5670,2,0.0375
5671,1,0.04375
5672,3,0.03125
5673,2,0.0375
5674,2,0.0375
5675,1,0.04375
5676,2,0.0375
5677,1,0.04375
5678,1,0.04375
5679,0,0.05
5680,3,0.03125
5681,2,0.0375
5682,2,0.0375
5683,1,0.04375
5684,2,0.0375
5685,1,0.04375
5686,1,0.04375
5687,0,0.05
5688,2,0.0375
5689,1,0.04375
5690,1,0.04375
5691,0,0.05
5692,1,0.04375
5693,0,0.05
5694,0,0.05
5695,1,0.05625
5696,4,0.025
5697,3,0.03125
5698,3,0.03125
5699,2,0.0375
5700,3,0.03125
5701,2,0.0375
5702,2,0.0375
5703,1,0.04375
5704,3,0.03125
5705,2,0.0375
5706,2,0.0375
5707,1,0.04375
5708,2,0.0375
5709,1,0.04375
5710,1,0.04375
5711,0,0.05
5712,3,0.03125
5713,2,0.0375
5714,2,0.0375
5715,1,0.04375
5716,2,0.0375
5717,1,0.04375
5718,1,0.04375
5719,0,0.05
5720,2,0.0375
5721,1,0.04375
5722,1,0.04375
5723,0,0.05
5724,1,0.04375
5725,0,0.05
5726,0,0.05
5727,1,0.05625
5728,3,0.03125
5729,2,0.0375
5730,2,0.0375
5731,1,0.04375
5732,2,0.0375
5733,1,0.04375
5734,1,0.04375
5735,0,0.05
5736,2,0.0375
5737,1,0.04375
5738,1,0.04375
5739,0,0.05
5740,1,0.04375
5741,0,0.05
5742,0,0.05
5743,1,0.05625
5744,2,0.0375
5745,1,0.04375
5746,1,0.04375
5747,0,0.05
5748,1,0.04375
5749,0,0.05
5750,0,0.05
5751,1,0.05625
5752,1,0.04375
5753,0,0.05
5754,0,0.05
5755,1,0.05625
5756,0,0.05
5757,1,0.05625
5758,1,0.05625
5759,2,0.0625
5760,4,0.025
5761,3,0.03125
5762,3,0.03125
5763,2,0.0375
5764,3,0.03125
5765,2,0.0375
5766,2,0.0375
5767,1,0.04375
5768,3,0.03125
5769,2,0.0375
5770,2,0.0375
5771,1,0.04375
5772,2,0.0375
5773,1,0.04375
5774,1,0.04375
5775,0,0.05
5776,3,0.03125
5777,2,0.0375
5778,2,0.0375
5779,1,0.04375
5780,2,0.0375
5781,1,0.04375
5782,1,0.04375
5783,0,0.05
5784,2,0.0375
5785,1,0.04375
5786,1,0.04375
5787,0,0.05
5788,1,0.04375
5789,0,0.05
5790,0,0.05
5791,1,0.05625
5792,3,0.03125
5793,2,0.0375
5794,2,0.0375
5795,1,0.04375
5796,2,0.0375
5797,1,0.04375
5798,1,0.04375
5799,0,0.05
5800,2,0.0375
5801,1,0.04375
5802,1,0.04375
5803,0,0.05
5804,1,0.04375
5805,0,0.05
5806,0,0.05
5807,1,0.05625
5808,2,0.0375
5809,1,0.04375
5810,1,0.04375
5811,0,0.05
5812,1,0.04375
5813,0,0.05
5814,0,0.05
5815,1,0.05625
5816,1,0.04375
5817,0,0.05
5818,0,0.05
5819,1,0.05625
5820,0,0.05
5821,1,0.05625
5822,1,0.05625
5823,2,0.0625
5824,3,0.03125
5825,2,0.0375
5826,2,0.0375
5827,1,0.04375
5828,2,0.0375
5829,1,0.04375
5830,1,0.04375
5831,0,0.05
5832,2,0.0375
5833,1,0.04375
5834,1,0.04375
5835,0,0.05
5836,1,0.04375
5837,0,0.05
5838,0,0.05
5839,1,0.05625
5840,2,0.0375
5841,1,0.04375
5842,1,0.04375
5843,0,0.05
5844,1,0.04375
5845,0,0.05
5846,0,0.05
5847,1,0.05625
5848,1,0.04375
5849,0,0.05
5850,0,0.05
5851,1,0.05625
5852,0,0.05
5853,1,0.05625
5854,1,0.05625
5855,2,0.0625
5856,2,0.0375
5857,1,0.04375
5858,1,0.04375
5859,0,0.05
5860,1,0.04375
5861,0,0.05
5862,0,0.05
5863,1,0.05625
5864,1,0.04375
5865,0,0.05
5866,0,0.05
5867,1,0.05625
5868,0,0.05
5869,1,0.05625
5870,1,0.05625
5871,2,0.0625
5872,1,0.04375
5873,0,0.05
5874,0,0.05
5875,1,0.05625
5876,0,0.05
5877,1,0.05625
5878,1,0.05625
5879,2,0.0625
5880,0,0.05
5881,1,0.05625
5882,1,0.05625
5883,2,0.0625
5884,1,0.05625
5885,2,0.0625
5886,2,0.0625
5887,3,0.06875
5888,4,0.025
5889,3,0.03125
5890,3,0.03125
5891,2,0.0375
5892,3,0.03125
5893,2,0.0375
5894,2,0.0375
5895,1,0.04375
5896,3,0.03125
5897,2,0.0375
5898,2,0.0375
5899,1,0.04375
5900,2,0.0375
5901,1,0.04375
5902,1,0.04375
5903,0,0.05
5904,3,0.03125
5905,2,0.0375
5906,2,0.0375
5907,1,0.04375
5908,2,0.0375
5909,1,0.04375
5910,1,0.04375
5911,0,0.05
5912,2,0.0375
5913,1,0.04375
5914,1,0.04375
5915,0,0.05
5916,1,0.04375
5917,0,0.05
5918,0,0.05
5919,1,0.05625
5920,3,0.03125
5921,2,0.0375
5922,2,0.0375
5923,1,0.04375
5924,2,0.0375
5925,1,0.04375
5926,1,0.04375
5927,0,0.05
5928,2,0.0375
5929,1,0.04375
5930,1,0.04375
5931,0,0.05
5932,1,0.04375
5933,0,0.05
5934,0,0.05
5935,1,0.05625
5936,2,0.0375
5937,1,0.04375
5938,1,0.04375
5939,0,0.05
5940,1,0.04375
5941,0,0.05
5942,0,0.05
5943,1,0.05625
5944,1,0.04375
5945,0,0.05
5946,0,0.05
5947,1,0.05625
5948,0,0.05
5949,1,0.05625
5950,1,0.05625
5951,2,0.0625
5952,3,0.03125
5953,2,0.0375
5954,2,0.0375
5955,1,0.04375
5956,2,0.0375
5957,1,0.04375
5958,1,0.04375
5959,0,0.05
5960,2,0.0375
5961,1,0.04375
5962,1,0.04375
5963,0,0.05
5964,1,0.04375
5965,0,0.05
5966,0,0.05
5967,1,0.05625
5968,2,0.0375
5969,1,0.04375
5970,1,0.04375
5971,0,0.05
5972,1,0.04375
5973,0,0.05
5974,0,0.05
5975,1,0.05625
5976,1,0.04375
5977,0,0.05
5978,0,0.05
5979,1,0.05625
5980,0,0.05
5981,1,0.05625
5982,1,0.05625
5983,2,0.0625
5984,2,0.0375
5985,1,0.04375
5986,1,0.04375
5987,0,0.05
5988,1,0.04375
5989,0,0.05
5990,0,0.05
5991,1,0.05625
5992,1,0.04375
5993,0,0.05
5994,0,0.05
5995,1,0.05625
5996,0,0.05
5997,1,0.05625
5998,1,0.05625
5999,2,0.0625
6000,1,0.04375
6001,0,0.05
6002,0,0.05
6003,1,0.05625
6004,0,0.05
6005,1,0.05625
6006,1,0.05625
6007,2,0.0625
6008,0,0.05
6009,1,0.05625
6010,1,0.05625
6011,2,0.0625
6012,1,0.05625
6013,2,0.0625
6014,2,0.0625
6015,3,0.06875
6016,3,0.03125
6017,2,0.0375
6018,2,0.0375
6019,1,0.04375
6020,2,0.0375
6021,1,0.04375
6022,1,0.04375
6023,0,0.05
6024,2,0.0375
6025,1,0.04375
6026,1,0.04375
6027,0,0.05
6028,1,0.04375
6029,0,0.05
6030,0,0.05
6031,1,0.05625
6032,2,0.0375
6033,1,0.04375
6034,1,0.04375
6035,0,0.05
6036,1,0.04375
6037,0,0.05
6038,0,0.05
6039,1,0.05625
6040,1,0.04375
6041,0,0.05
6042,0,0.05
6043,1,0.05625
6044,0,0.05
6045,1,0.05625
6046,1,0.05625
6047,2,0.0625
6048,2,0.0375
6049,1,0.04375
6050,1,0.04375
6051,0,0.05
6052,1,0.04375
6053,0,0.05
6054,0,0.05
6055,1,0.05625
6056,1,0.04375
6057,0,0.05
6058,0,0.05
6059,1,0.05625
6060,0,0.05
6061,1,0.05625
6062,1,0.05625
6063,2,0.0625
6064,1,0.04375
6065,0,0.05
6066,0,0.05
6067,1,0.05625
6068,0,0.05
6069,1,0.05625
6070,1,0.05625
6071,2,0.0625
6072,0,0.05
6073,1,0.05625
6074,1,0.05625
6075,2,0.0625
6076,1,0.05625
6077,2,0.0625
6078,2,0.0625
6079,3,0.06875
6080,2,0.0375
6081,1,0.04375
6082,1,0.04375
6083,0,0.05
6084,1,0.04375
6085,0,0.05
6086,0,0.05
6087,1,0.05625
6088,1,0.04375
6089,0,0.05
6090,0,0.05
6091,1,0.05625
6092,0,0.05
6093,1,0.05625
6094,1,0.05625
6095,2,0.0625
6096,1,0.04375
6097,0,0.05
6098,0,0.05
6099,1,0.05625
6100,0,0.05
6101,1,0.05625
6102,1,0.05625
6103,2,0.0625
6104,0,0.05
6105,1,0.05625
6106,1,0.05625
6107,2,0.0625
6108,1,0.05625
6109,2,0.0625
6110,2,0.0625
6111,3,0.06875
6112,1,0.04375
6113,0,0.05
6114,0,0.05
6115,1,0.05625
6116,0,0.05
6117,1,0.05625
6118,1,0.05625
6119,2,0.0625
6120,0,0.05
6121,1,0.05625
6122,1,0.05625
6123,2,0.0625
6124,1,0.05625
6125,2,0.0625
6126,2,0.0625
6127,3,0.06875
6128,0,0.05
6129,1,0.05625
6130,1,0.05625
6131,2,0.0625
6132,1,0.05625
6133,2,0.0625
6134,2,0.0625
6135,3,0.06875
6136,1,0.05625
6137,2,0.0625
6138,2,0.0625
6139,3,0.06875
6140,2,0.0625
6141,3,0.06875
6142,3,0.06875
6143,4,0.075
6144,2,0.0125
6145,3,0.01875
6146,3,0.01875
6147,4,0.025
6148,3,0.01875
6149,4,0.025
6150,4,0.025
6151,3,0.03125
6152,3,0.01875
6153,4,0.025
6154,4,0.025
6155,3,0.03125
6156,4,0.025
6157,3,0.03125
6158,3,0.03125
6159,2,0.0375
6160,3,0.01875
6161,4,0.025
6162,4,0.025
6163,3,0.03125
6164,4,0.025
6165,3,0.03125
6166,3,0.03125
6167,2,0.0375
6168,4,0.025
6169,3,0.03125
6170,3,0.03125
6171,2,0.0375
6172,3,0.03125
6173,2,0.0375
6174,2,0.0375
6175,1,0.04375
6176,3,0.01875
6177,4,0.025
6178,4,0.025
6179,3,0.03125
6180,4,0.025
6181,3,0.03125
6182,3,0.03125
6183,2,0.0375
6184,4,0.025
6185,3,0.03125
6186,3,0.03125
6187,2,0.0375
6188,3,0.03125
6189,2,0.0375
6190,2,0.0375
6191,1,0.04375
6192,4,0.025
6193,3,0.03125
6194,3,0.03125
6195,2,0.0375
6196,3,0.03125
6197,2,0.0375
6198,2,0.0375
6199,1,0.04375
6200,3,0.03125
6201,2,0.0375
6202,2,0.0375
6203,1,0.04375
6204,2,0.0375
6205,1,0.04375
6206,1,0.04375
6207,0,0.05
6208,3,0.01875
6209,4,0.025
6210,4,0.025
6211,3,0.03125
6212,4,0.025
6213,3,0.03125
6214,3,0.03125
6215,2,0.0375
6216,4,0.025
6217,3,0.03125
6218,3,0.03125
6219,2,0.0375
6220,3,0.03125
6221,2,0.0375
6222,2,0.0375
6223,1,0.04375
6224,4,0.025
6225,3,0.03125
6226,3,0.03125
6227,2,0.0375
6228,3,0.03125
6229,2,0.0375
6230,2,0.0375
6231,1,0.04375
6232,3,0.03125
6233,2,0.0375
6234,2,0.0375
6235,1,0.04375
6236,2,0.0375
6237,1,0.04375
6238,1,0.04375
6239,0,0.05
6240,4,0.025
6241,3,0.03125
6242,3,0.03125
6243,2,0.0375
6244,3,0.03125
6245,2,0.0375
6246,2,0.0375
6247,1,0.04375
6248,3,0.03125
6249,2,0.0375
6250,2,0.0375
6251,1,0.04375
6252,2,0.0375
6253,1,0.04375
6254,1,0.04375
6255,0,0.05
6256,3,0.03125
6257,2,0.0375
6258,2,0.0375
6259,1,0.04375
6260,2,0.0375
6261,1,0.04375
6262,1,0.04375
6263,0,0.05
6264,2,0.0375
6265,1,0.04375
6266,1,0.04375
6267,0,0.05
6268,1,0.04375
6269,0,0.05
6270,0,0.05
6271,1,0.05625
6272,3,0.01875
6273,4,0.025
6274,4,0.025
6275,3,0.03125
6276,4,0.025
6277,3,0.03125
6278,3,0.03125
6279,2,0.0375
6280,4,0.025
6281,3,0.03125
6282,3,0.03125
6283,2,0.0375
6284,3,0.03125
6285,2,0.0375
6286,2,0.0375
6287,1,0.04375
6288,4,0.025
6289,3,0.03125
6290,3,0.03125
6291,2,0.0375
6292,3,0.03125
6293,2,0.0375
6294,2,0.0375
6295,1,0.04375
6296,3,0.03125
6297,2,0.0375
6298,2,0.0375
6299,1,0.04375
6300,2,0.0375
6301,1,0.04375
6302,1,0.04375
6303,0,0.05
6304,4,0.025
6305,3,0.03125
6306,3,0.03125
6307,2,0.0375
6308,3,0.03125
6309,2,0.0375
6310,2,0.0375
6311,1,0.04375
6312,3,0.03125
6313,2,0.0375
6314,2,0.0375
6315,1,0.04375
6316,2,0.0375
6317,1,0.04375
6318,1,0.04375
6319,0,0.05
6320,3,0.03125
6321,2,0.0375
6322,2,0.0375
6323,1,0.04375
6324,2,0.0375
6325,1,0.04375
6326,1,0.04375
6327,0,0.05
6328,2,0.0375
6329,1,0.04375
6330,1,0.04375
6331,0,0.05
6332,1,0.04375
6333,0,0.05
6334,0,0.05
6335,1,0.05625
6336,4,0.025
6337,3,0.03125
6338,3,0.03125
6339,2,0.0375
6340,3,0.03125
6341,2,0.0375
6342,2,0.0375
6343,1,0.04375
6344,3,0.03125
6345,2,0.0375
6346,2,0.0375
6347,1,0.04375
6348,2,0.0375
6349,1,0.04375
6350,1,0.04375
6351,0,0.05
6352,3,0.03125
6353,2,0.0375
6354,2,0.0375
6355,1,0.04375
6356,2,0.0375
6357,1,0.04375
6358,1,0.04375
6359,0,0.05
6360,2,0.0375
6361,1,0.04375
6362,1,0.04375
6363,0,0.05
6364,1,0.04375
6365,0,0.05
6366,0,0.05
6367,1,0.05625
6368,3,0.03125
6369,2,0.0375
6370,2,0.0375
6371,1,0.04375
6372,2,0.0375
6373,1,0.04375
6374,1,0.04375
6375,0,0.05
6376,2,0.0375
6377,1,0.04375
6378,1,0.04375
6379,0,0.05
6380,1,0.04375
6381,0,0.05
6382,0,0.05
6383,1,0.05625
6384,2,0.0375
6385,1,0.04375
6386,1,0.04375
6387,0,0.05
6388,1,0.04375
6389,0,0.05
6390,0,0.05
6391,1,0.05625
6392,1,0.04375
6393,0,0.05
6394,0,0.05
6395,1,0.05625
6396,0,0.05
6397,1,0.05625
6398,1,0.05625
6399,2,0.0625
6400,3,0.01875
6401,4,0.025
6402,4,0.025
6403,3,0.03125
6404,4,0.025
6405,3,0.03125
6406,3,0.03125
6407,2,0.0375
6408,4,0.025
6409,3,0.03125
6410,3,0.03125
6411,2,0.0375
6412,3,0.03125
6413,2,0.0375
6414,2,0.0375
6415,1,0.04375
6416,4,0.025
6417,3,0.03125
6418,3,0.03125
6419,2,0.0375
6420,3,0.03125
6421,2,0.0375
6422,2,0.0375
6423,1,0.04375
6424,3,0.03125
6425,2,0.0375
6426,2,0.0375
6427,1,0.04375
6428,2,0.0375
6429,1,0.04375
6430,1,0.04375
6431,0,0.05
6432,4,0.025
6433,3,0.03125
6434,3,0.03125
6435,2,0.0375
6436,3,0.03125
6437,2,0.0375
6438,2,0.0375
6439,1,0.04375
6440,3,0.03125
6441,2,0.0375
6442,2,0.0375
6443,1,0.04375
6444,2,0.0375
6445,1,0.04375
6446,1,0.04375
6447,0,0.05
6448,3,0.03125
6449,2,0.0375
6450,2,0.0375
6451,1,0.04375
6452,2,0.0375
6453,1,0.04375
6454,1,0.04375
6455,0,0.05
6456,2,0.0375
6457,1,0.04375
6458,1,0.04375
6459,0,0.05
6460,1,0.04375
6461,0,0.05
6462,0,0.05
6463,1,0.05625
6464,4,0.025
6465,3,0.03125
6466,3,0.03125
6467,2,0.0375
6468,3,0.03125
6469,2,0.0375
6470,2,0.0375
6471,1,0.04375
6472,3,0.03125
6473,2,0.0375
6474,2,0.0375
6475,1,0.04375
6476,2,0.0375
6477,1,0.04375
6478,1,0.04375
6479,0,0.05
6480,3,0.03125
6481,2,0.0375
6482,2,0.0375
6483,1,0.04375
6484,2,0.0375
6485,1,0.04375
6486,1,0.04375
6487,0,0.05
6488,2,0.0375
6489,1,0.04375
6490,1,0.04375
6491,0,0.05
6492,1,0.04375
6493,0,0.05
6494,0,0.05
6495,1,0.05625
6496,3,0.03125
6497,2,0.0375
6498,2,0.0375
6499,1,0.04375
6500,2,0.0375
6501,1,0.04375
6502,1,0.04375
6503,0,0.05
6504,2,0.0375
6505,1,0.04375
6506,1,0.04375
6507,0,0.05
6508,1,0.04375
6509,0,0.05
6510,0,0.05
6511,1,0.05625
6512,2,0.0375
6513,1,0.04375
6514,1,0.04375
6515,0,0.05
6516,1,0.04375
6517,0,0.05
6518,0,0.05
6519,1,0.05625
6520,1,0.04375
6521,0,0.05
6522,0,0.05
6523,1,0.05625
6524,0,0.05
6525,1,0.05625
6526,1,0.05625
6527,2,0.0625
6528,4,0.025
6529,3,0.03125
6530,3,0.03125
6531,2,0.0375
6532,3,0.03125
6533,2,0.0375
6534,2,0.0375
6535,1,0.04375
6536,3,0.03125
6537,2,0.0375
6538,2,0.0375
6539,1,0.04375
6540,2,0.0375
6541,1,0.04375
6542,1,0.04375
6543,0,0.05
6544,3,0.03125
6545,2,0.0375
6546,2,0.0375
6547,1,0.04375
6548,2,0.0375
6549,1,0.04375
6550,1,0.04375
6551,0,0.05
6552,2,0.0375
6553,1,0.04375
6554,1,0.04375
6555,0,0.05
6556,1,0.04375
6557,0,0.05
6558,0,0.05
6559,1,0.05625
6560,3,0.03125
6561,2,0.0375
6562,2,0.0375
6563,1,0.04375
6564,2,0.0375
6565,1,0.04375
6566,1,0.04375
6567,0,0.05
6568,2,0.0375
6569,1,0.04375
6570,1,0.04375
6571,0,0.05
6572,1,0.04375
6573,0,0.05
6574,0,0.05
6575,1,0.05625
6576,2,0.0375
6577,1,0.04375
6578,1,0.04375
6579,0,0.05
6580,1,0.04375
6581,0,0.05
6582,0,0.05
6583,1,0.05625
6584,1,0.04375
6585,0,0.05
6586,0,0.05
6587,1,0.05625
6588,0,0.05
6589,1,0.05625
6590,1,0.05625
6591,2,0.0625
6592,3,0.03125
6593,2,0.0375
6594,2,0.0375
6595,1,0.04375
6596,2,0.0375
6597,1,0.04375
6598,1,0.04375
6599,0,0.05
6600,2,0.0375
6601,1,0.04375
6602,1,0.04375
6603,0,0.05
6604,1,0.04375
6605,0,0.05
6606,0,0.05
6607,1,0.05625
6608,2,0.0375
6609,1,0.04375
6610,1,0.04375
6611,0,0.05
6612,1,0.04375
6613,0,0.05
6614,0,0.05
6615,1,0.05625
6616,1,0.04375
6617,0,0.05
6618,0,0.05
6619,1,0.05625
6620,0,0.05
6621,1,0.05625
6622,1,0.05625
6623,2,0.0625
6624,2,0.0375
6625,1,0.04375
6626,1,0.04375
6627,0,0.05
6628,1,0.04375
6629,0,0.05
6630,0,0.05
6631,1,0.05625
6632,1,0.04375
6633,0,0.05
6634,0,0.05
6635,1,0.05625
6636,0,0.05
6637,1,0.05625
6638,1,0.05625
6639,2,0.0625
6640,1,0.04375
6641,0,0.05
6642,0,0.05
6643,1,0.05625
6644,0,0.05
6645,1,0.05625
6646,1,0.05625
6647,2,0.0625
6648,0,0.05
6649,1,0.05625
6650,1,0.05625
6651,2,0.0625
6652,1,0.05625
6653,2,0.0625
6654,2,0.0625
6655,3,0.06875
6656,3,0.01875
6657,4,0.025
6658,4,0.025
6659,3,0.03125
6660,4,0.025
6661,3,0.03125
6662,3,0.03125
6663,2,0.0375
6664,4,0.025
6665,3,0.03125
6666,3,0.03125
6667,2,0.0375
6668,3,0.03125
6669,2,0.0375
6670,2,0.0375
6671,1,0.04375
6672,4,0.025
6673,3,0.03125
6674,3,0.03125
6675,2,0.0375
6676,3,0.03125
6677,2,0.0375
6678,2,0.0375
6679,1,0.04375
6680,3,0.03125
6681,2,0.0375
6682,2,0.0375
6683,1,0.04375
6684,2,0.0375
6685,1,0.04375
6686,1,0.04375
6687,0,0.05
6688,4,0.025
6689,3,0.03125
6690,3,0.03125
6691,2,0.0375
6692,3,0.03125
6693,2,0.0375
6694,2,0.0375
6695,1,0.04375
6696,3,0.03125
6697,2,0.0375
6698,2,0.0375
6699,1,0.04375
6700,2,0.0375
6701,1,0.04375
6702,1,0.04375
6703,0,0.05
6704,3,0.03125
6705,2,0.0375
6706,2,0.0375
6707,1,0.04375
6708,2,0.0375
6709,1,0.04375
6710,1,0.04375
6711,0,0.05
6712,2,0.0375
6713,1,0.04375
6714,1,0.04375
6715,0,0.05
6716,1,0.04375
6717,0,0.05
6718,0,0.05
6719,1,0.05625
6720,4,0.025
6721,3,0.03125
6722,3,0.03125
6723,2,0.0375
6724,3,0.03125
6725,2,0.0375
6726,2,0.0375
6727,1,0.04375
6728,3,0.03125
6729,2,0.0375
6730,2,0.0375
6731,1,0.04375
6732,2,0.0375
6733,1,0.04375
6734,1,0.04375
6735,0,0.05
6736,3,0.03125
6737,2,0.0375
6738,2,0.0375
6739,1,0.04375
6740,2,0.0375
6741,1,0.04375
6742,1,0.04375
6743,0,0.05
6744,2,0.0375
6745,1,0.04375
6746,1,0.04375
6747,0,0.05
6748,1,0.04375
6749,0,0.05
6750,0,0.05
6751,1,0.05625
6752,3,0.03125
6753,2,0.0375
6754,2,0.0375
6755,1,0.04375
6756,2,0.0375
6757,1,0.04375
6758,1,0.04375
6759,0,0.05
6760,2,0.0375
6761,1,0.04375
6762,1,0.04375
6763,0,0.05
6764,1,0.04375
6765,0,0.05
6766,0,0.05
6767,1,0.05625
6768,2,0.0375
6769,1,0.04375
6770,1,0.04375
6771,0,0.05
6772,1,0.04375
6773,0,0.05
6774,0,0.05
6775,1,0.05625
6776,1,0.04375
6777,0,0.05
6778,0,0.05
6779,1,0.05625
6780,0,0.05
6781,1,0.05625
6782,1,0.05625
6783,2,0.0625
6784,4,0.025
6785,3,0.03125
6786,3,0.03125
6787,2,0.0375
6788,3,0.03125
6789,2,0.0375
6790,2,0.0375
6791,1,0.04375
6792,3,0.03125
6793,2,0.0375
6794,2,0.0375
6795,1,0.04375
6796,2,0.0375
6797,1,0.04375
6798,1,0.04375
6799,0,0.05
6800,3,0.03125
6801,2,0.0375
6802,2,0.0375
6803,1,0.04375
6804,2,0.0375
6805,1,0.04375
6806,1,0.04375
6807,0,0.05
6808,2,0.0375
6809,1,0.04375
6810,1,0.04375
6811,0,0.05
6812,1,0.04375
6813,0,0.05
6814,0,0.05
6815,1,0.05625
6816,3,0.03125
6817,2,0.0375
6818,2,0.0375
6819,1,0.04375
6820,2,0.0375
6821,1,0.04375
6822,1,0.04375
6823,0,0.05
6824,2,0.0375
6825,1,0.04375
6826,1,0.04375
6827,0,0.05
6828,1,0.04375
6829,0,0.05
6830,0,0.05
6831,1,0.05625
6832,2,0.0375
6833,1,0.04375
6834,1,0.04375
6835,0,0.05
6836,1,0.04375
6837,0,0.05
6838,0,0.05
6839,1,0.05625
6840,1,0.04375
6841,0,0.05
6842,0,0.05
6843,1,0.05625
6844,0,0.05
6845,1,0.05625
6846,1,0.05625
6847,2,0.0625
6848,3,0.03125
6849,2,0.0375
6850,2,0.0375
6851,1,0.04375
6852,2,0.0375
6853,1,0.04375
6854,1,0.04375
6855,0,0.05
6856,2,0.0375
6857,1,0.04375
6858,1,0.04375
6859,0,0.05
6860,1,0.04375
6861,0,0.05
6862,0,0.05
6863,1,0.05625
6864,2,0.0375
6865,1,0.04375
6866,1,0.04375
6867,0,0.05
6868,1,0.04375
6869,0,0.05
6870,0,0.05
6871,1,0.05625
6872,1,0.04375
6873,0,0.05
6874,0,0.05
6875,1,0.05625
6876,0,0.05
6877,1,0.05625
6878,1,0.05625
6879,2,0.0625
6880,2,0.0375
6881,1,0.04375
6882,1,0.04375
6883,0,0.05
6884,1,0.04375
6885,0,0.05
6886,0,0.05
6887,1,0.05625
6888,1,0.04375
6889,0,0.05
6890,0,0.05
6891,1,0.05625
6892,0,0.05
6893,1,0.05625
6894,1,0.05625
6895,2,0.0625
6896,1,0.04375
6897,0,0.05
6898,0,0.05
6899,1,0.05625
6900,0,0.05
6901,1,0.05625
6902,1,0.05625
6903,2,0.0625
6904,0,0.05
6905,1,0.05625
6906,1,0.05625
6907,2,0.0625
6908,1,0.05625
6909,2,0.0625
6910,2,0.0625
6911,3,0.06875
6912,4,0.025
6913,3,0.03125
6914,3,0.03125
6915,2,0.0375
6916,3,0.03125
6917,2,0.0375
6918,2,0.0375
6919,1,0.04375
6920,3,0.03125
6921,2,0.0375
6922,2,0.0375
6923,1,0.04375
6924,2,0.0375
6925,1,0.04375
6926,1,0.04375
6927,0,0.05
6928,3,0.03125
6929,2,0.0375
6930,2,0.0375
6931,1,0.04375
6932,2,0.0375
6933,1,0.04375
6934,1,0.04375
6935,0,0.05
6936,2,0.0375
6937,1,0.04375
6938,1,0.04375
6939,0,0.05
6940,1,0.04375
6941,0,0.05
6942,0,0.05
6943,1,0.05625
6944,3,0.03125
6945,2,0.0375
6946,2,0.0375
6947,1,0.04375
6948,2,0.0375
6949,1,0.04375
6950,1,0.04375
6951,0,0.05
6952,2,0.0375
6953,1,0.04375
6954,1,0.04375
6955,0,0.05
6956,1,0.04375
6957,0,0.05
6958,0,0.05
6959,1,0.05625
6960,2,0.0375
6961,1,0.04375
6962,1,0.04375
6963,0,0.05
6964,1,0.04375
6965,0,0.05
6966,0,0.05
6967,1,0.05625
6968,1,0.04375
6969,0,0.05
6970,0,0.05
6971,1,0.05625
6972,0,0.05
6973,1,0.05625
6974,1,0.05625
6975,2,0.0625
6976,3,0.03125
6977,2,0.0375
6978,2,0.0375
6979,1,0.04375
6980,2,0.0375
6981,1,0.04375
6982,1,0.04375
6983,0,0.05
6984,2,0.0375
6985,1,0.04375
6986,1,0.04375
6987,0,0.05
6988,1,0.04375
6989,0,0.05
6990,0,0.05
6991,1,0.05625
6992,2,0.0375
6993,1,0.04375
6994,1,0.04375
6995,0,0.05
6996,1,0.04375
6997,0,0.05
6998,0,0.05
6999,1,0.05625
7000,1,0.04375
7001,0,0.05
7002,0,0.05
7003,1,0.05625
7004,0,0.05
7005,1,0.05625
7006,1,0.05625
7007,2,0.0625
7008,2,0.0375
7009,1,0.04375
7010,1,0.04375
7011,0,0.05
7012,1,0.04375
7013,0,0.05
7014,0,0.05
7015,1,0.05625
7016,1,0.04375
7017,0,0.05
7018,0,0.05
7019,1,0.05625
7020,0,0.05
7021,1,0.05625
7022,1,0.05625
7023,2,0.0625
7024,1,0.04375
7025,0,0.05
7026,0,0.05
7027,1,0.05625
7028,0,0.05
7029,1,0.05625
7030,1,0.05625
7031,2,0.0625
7032,0,0.05
7033,1,0.05625
7034,1,0.05625
7035,2,0.0625
7036,1,0.05625
7037,2,0.0625
7038,2,0.0625
7039,3,0.06875
7040,3,0.03125
7041,2,0.0375
7042,2,0.0375
7043,1,0.04375
7044,2,0.0375
7045,1,0.04375
7046,1,0.04375
7047,0,0.05
7048,2,0.0375
7049,1,0.04375
7050,1,0.04375
7051,0,0.05
7052,1,0.04375
7053,0,0.05
7054,0,0.05
7055,1,0.05625
7056,2,0.0375
7057,1,0.04375
7058,1,0.04375
7059,0,0.05
7060,1,0.04375
7061,0,0.05
7062,0,0.05
7063,1,0.05625
7064,1,0.04375
7065,0,0.05
7066,0,0.05
7067,1,0.05625
7068,0,0.05
7069,1,0.05625
7070,1,0.05625
7071,2,0.0625
7072,2,0.0375
7073,1,0.04375
7074,1,0.04375
7075,0,0.05
7076,1,0.04375
7077,0,0.05
7078,0,0.05
7079,1,0.05625
7080,1,0.04375
7081,0,0.05
7082,0,0.05
7083,1,0.05625
7084,0,0.05
7085,1,0.05625
7086,1,0.05625
7087,2,0.0625
7088,1,0.04375
7089,0,0.05
7090,0,0.05
7091,1,0.05625
7092,0,0.05
7093,1,0.05625
7094,1,0.05625
7095,2,0.0625
7096,0,0.05
7097,1,0.05625
7098,1,0.05625
7099,2,0.0625
7100,1,0.05625
7101,2,0.0625
7102,2,0.0625
7103,3,0.06875
7104,2,0.0375
7105,1,0.04375
7106,1,0.04375
7107,0,0.05
7108,1,0.04375
7109,0,0.05
7110,0,0.05
7111,1,0.05625
7112,1,0.04375
7113,0,0.05
7114,0,0.05
7115,1,0.05625
7116,0,0.05
7117,1,0.05625
7118,1,0.05625
7119,2,0.0625
7120,1,0.04375
7121,0,0.05
7122,0,0.05
7123,1,0.05625
7124,0,0.05
7125,1,0.05625
7126,1,0.05625
7127,2,0.0625
7128,0,0.05
7129,1,0.05625
7130,1,0.05625
7131,2,0.0625
7132,1,0.05625
7133,2,0.0625
7134,2,0.0625
7135,3,0.06875
7136,1,0.04375
7137,0,0.05
7138,0,0.05
7139,1,0.05625
7140,0,0.05
7141,1,0.05625
7142,1,0.05625
7143,2,0.0625
7144,0,0.05
7145,1,0.05625
7146,1,0.05625
7147,2,0.0625
7148,1,0.05625
7149,2,0.0625
7150,2,0.0625
7151,3,0.06875
7152,0,0.05
7153,1,0.05625
7154,1,0.05625
7155,2,0.0625
7156,1,0.05625
7157,2,0.0625
7158,2,0.0625
7159,3,0.06875
7160,1,0.05625
7161,2,0.0625
7162,2,0.0625
7163,3,0.06875
7164,2,0.0625
7165,3,0.06875
7166,3,0.06875
7167,4,0.075
7168,3,0.01875
7169,4,0.025
7170,4,0.025
7171,3,0.03125
7172,4,0.025
7173,3,0.03125
7174,3,0.03125
7175,2,0.0375
7176,4,0.025
7177,3,0.03125
7178,3,0.03125
7179,2,0.0375
7180,3,0.03125
7181,2,0.0375
7182,2,0.0375
7183,1,0.04375
7184,4,0.025
7185,3,0.03125
7186,3,0.03125
7187,2,0.0375
7188,3,0.03125
7189,2,0.0375
7190,2,0.0375
7191,1,0.04375
7192,3,0.03125
7193,2,0.0375
7194,2,0.0375
7195,1,0.04375
7196,2,0.0375
7197,1,0.04375
7198,1,0.04375
7199,0,0.05
7200,4,0.025
7201,3,0.03125
7202,3,0.03125
7203,2,0.0375
7204,3,0.03125
7205,2,0.0375
7206,2,0.0375
7207,1,0.04375
7208,3,0.03125
7209,2,0.0375
7210,2,0.0375
7211,1,0.04375
7212,2,0.0375
7213,1,0.04375
7214,1,0.04375
7215,0,0.05
7216,3,0.03125
7217,2,0.0375
7218,2,0.0375
7219,1,0.04375
7220,2,0.0375
7221,1,0.04375
7222,1,0.04375
7223,0,0.05
7224,2,0.0375
7225,1,0.04375
7226,1,0.04375
7227,0,0.05
7228,1,0.04375
7229,0,0.05
7230,0,0.05
7231,1,0.05625
7232,4,0.025
7233,3,0.03125
7234,3,0.03125
7235,2,0.0375
7236,3,0.03125
7237,2,0.0375
7238,2,0.0375
7239,1,0.04375
7240,3,0.03125
7241,2,0.0375
7242,2,0.0375
7243,1,0.04375
7244,2,0.0375
7245,1,0.04375
7246,1,0.04375
7247,0,0.05
7248,3,0.03125
7249,2,0.0375
7250,2,0.0375
7251,1,0.04375
7252,2,0.0375
7253,1,0.04375
7254,1,0.04375
7255,0,0.05
7256,2,0.0375
7257,1,0.04375
7258,1,0.04375
7259,0,0.05
7260,1,0.04375
7261,0,0.05
7262,0,0.05
7263,1,0.05625
7264,3,0.03125
7265,2,0.0375
7266,2,0.0375
7267,1,0.04375
7268,2,0.0375
7269,1,0.04375
7270,1,0.04375
7271,0,0.05
7272,2,0.0375
7273,1,0.04375
7274,1,0.04375
7275,0,0.05
7276,1,0.04375
7277,0,0.05
7278,0,0.05
7279,1,0.05625
7280,2,0.0375
7281,1,0.04375
7282,1,0.04375
7283,0,0.05
7284,1,0.04375
7285,0,0.05
7286,0,0.05
7287,1,0.05625
7288,1,0.04375
7289,0,0.05
7290,0,0.05
7291,1,0.05625
7292,0,0.05
7293,1,0.05625
7294,1,0.05625
7295,2,0.0625
7296,4,0.025
7297,3,0.03125
7298,3,0.03125
7299,2,0.0375
7300,3,0.03125
7301,2,0.0375
7302,2,0.0375
7303,1,0.04375
7304,3,0.03125
7305,2,0.0375
7306,2,0.0375
7307,1,0.04375
7308,2,0.0375
7309,1,0.04375
7310,1,0.04375
7311,0,0.05
7312,3,0.03125
7313,2,0.0375
7314,2,0.0375
7315,1,0.04375
7316,2,0.0375
7317,1,0.04375
7318,1,0.04375
7319,0,0.05
7320,2,0.0375
7321,1,0.04375
7322,1,0.04375
7323,0,0.05
7324,1,0.04375
7325,0,0.05
7326,0,0.05
7327,1,0.05625
7328,3,0.03125
7329,2,0.0375
7330,2,0.0375
7331,1,0.04375
7332,2,0.0375
7333,1,0.04375
7334,1,0.04375
7335,0,0.05
7336,2,0.0375
7337,1,0.04375
7338,1,0.04375
7339,0,0.05
7340,1,0.04375
7341,0,0.05
7342,0,0.05
7343,1,0.05625
7344,2,0.0375
7345,1,0.04375
7346,1,0.04375
7347,0,0.05
7348,1,0.04375
7349,0,0.05
7350,0,0.05
7351,1,0.05625
7352,1,0.04375
7353,0,0.05
7354,0,0.05
7355,1,0.05625
7356,0,0.05
7357,1,0.05625
7358,1,0.05625
7359,2,0.0625
7360,3,0.03125
7361,2,0.0375
7362,2,0.0375
7363,1,0.04375
7364,2,0.0375
7365,1,0.04375
7366,1,0.04375
7367,0,0.05
7368,2,0.0375
7369,1,0.04375
7370,1,0.04375
7371,0,0.05
7372,1,0.04375
7373,0,0.05
7374,0,0.05
7375,1,0.05625
7376,2,0.0375
7377,1,0.04375
7378,1,0.04375
7379,0,0.05
7380,1,0.04375
7381,0,0.05
7382,0,0.05
7383,1,0.05625
7384,1,0.04375
7385,0,0.05
7386,0,0.05
7387,1,0.05625
7388,0,0.05
7389,1,0.05625
7390,1,0.05625
7391,2,0.0625
7392,2,0.0375
7393,1,0.04375
7394,1,0.04375
7395,0,0.05
7396,1,0.04375
7397,0,0.05
7398,0,0.05
7399,1,0.05625
7400,1,0.04375
7401,0,0.05
7402,0,0.05
7403,1,0.05625
7404,0,0.05
7405,1,0.05625
7406,1,0.05625
7407,2,0.0625
7408,1,0.04375
7409,0,0.05
7410,0,0.05
7411,1,0.05625
7412,0,0.05
7413,1,0.05625
7414,1,0.05625
7415,2,0.0625
7416,0,0.05
7417,1,0.05625
7418,1,0.05625
7419,2,0.0625
7420,1,0.05625
7421,2,0.0625
7422,2,0.0625
7423,3,0.06875
7424,4,0.025
7425,3,0.03125
7426,3,0.03125
7427,2,0.0375
7428,3,0.03125
7429,2,0.0375
7430,2,0.0375
7431,1,0.04375
7432,3,0.03125
7433,2,0.0375
7434,2,0.0375
7435,1,0.04375
7436,2,0.0375
7437,1,0.04375
7438,1,0.04375
7439,0,0.05
7440,3,0.03125
7441,2,0.0375
7442,2,0.0375
7443,1,0.04375
7444,2,0.0375
7445,1,0.04375
7446,1,0.04375
7447,0,0.05
7448,2,0.0375
7449,1,0.04375
7450,1,0.04375
7451,0,0.05
7452,1,0.04375
7453,0,0.05
7454,0,0.05
7455,1,0.05625
7456,3,0.03125
7457,2,0.0375
7458,2,0.0375
7459,1,0.04375
7460,2,0.0375
7461,1,0.04375
7462,1,0.04375
7463,0,0.05
7464,2,0.0375
7465,1,0.04375
7466,1,0.04375
7467,0,0.05
7468,1,0.04375
7469,0,0.05
7470,0,0.05
7471,1,0.05625
7472,2,0.0375
7473,1,0.04375
7474,1,0.04375
7475,0,0.05
7476,1,0.04375
7477,0,0.05
7478,0,0.05
7479,1,0.05625
7480,1,0.04375
7481,0,0.05
7482,0,0.05
7483,1,0.05625
7484,0,0.05
7485,1,0.05625
7486,1,0.05625
7487,2,0.0625
7488,3,0.03125
7489,2,0.0375
7490,2,0.0375
7491,1,0.04375
7492,2,0.0375
7493,1,0.04375
7494,1,0.04375
7495,0,0.05
7496,2,0.0375
7497,1,0.04375
7498,1,0.04375
7499,0,0.05
7500,1,0.04375
7501,0,0.05
7502,0,0.05
7503,1,0.05625
7504,2,0.0375
7505,1,0.04375
7506,1,0.04375
7507,0,0.05
7508,1,0.04375
7509,0,0.05
7510,0,0.05
7511,1,0.05625
7512,1,0.04375
7513,0,0.05
7514,0,0.05
7515,1,0.05625
7516,0,0.05
7517,1,0.05625
7518,1,0.05625
7519,2,0.0625
7520,2,0.0375
7521,1,0.04375
7522,1,0.04375
7523,0,0.05
7524,1,0.04375
7525,0,0.05
7526,0,0.05
7527,1,0.05625
7528,1,0.04375
7529,0,0.05
7530,0,0.05
7531,1,0.05625
7532,0,0.05
7533,1,0.05625
7534,1,0.05625
7535,2,0.0625
7536,1,0.04375
7537,0,0.05
7538,0,0.05
7539,1,0.05625
7540,0,0.05
7541,1,0.05625
7542,1,0.05625
7543,2,0.0625
7544,0,0.05
7545,1,0.05625
7546,1,0.05625
7547,2,0.0625
7548,1,0.05625
7549,2,0.0625
7550,2,0.0625
7551,3,0.06875
7552,3,0.03125
7553,2,0.0375
7554,2,0.0375
7555,1,0.04375
7556,2,0.0375
7557,1,0.04375
7558,1,0.04375
7559,0,0.05
7560,2,0.0375
7561,1,0.04375
7562,1,0.04375
7563,0,0.05
7564,1,0.04375
7565,0,0.05
7566,0,0.05
7567,1,0.05625
7568,2,0.0375
7569,1,0.04375
7570,1,0.04375
7571,0,0.05
7572,1,0.04375
7573,0,0.05
7574,0,0.05
7575,1,0.05625
7576,1,0.04375
7577,0,0.05
7578,0,0.05
7579,1,0.05625
7580,0,0.05
7581,1,0.05625
7582,1,0.05625
7583,2,0.0625
7584,2,0.0375
7585,1,0.04375
7586,1,0.04375
7587,0,0.05
7588,1,0.04375
7589,0,0.05
7590,0,0.05
7591,1,0.05625
7592,1,0.04375
7593,0,0.05
7594,0,0.05
7595,1,0.05625
7596,0,0.05
7597,1,0.05625
7598,1,0.05625
7599,2,0.0625
7600,1,0.04375
7601,0,0.05
7602,0,0.05
7603,1,0.05625
7604,0,0.05
7605,1,0.05625
7606,1,0.05625
7607,2,0.0625
7608,0,0.05
7609,1,0.05625
7610,1,0.05625
7611,2,0.0625
7612,1,0.05625
7613,2,0.0625
7614,2,0.0625
7615,3,0.06875
7616,2,0.0375
7617,1,0.04375
7618,1,0.04375
7619,0,0.05
7620,1,0.04375
7621,0,0.05
7622,0,0.05
7623,1,0.05625
7624,1,0.04375
7625,0,0.05
7626,0,0.05
7627,1,0.05625
7628,0,0.05
7629,1,0.05625
7630,1,0.05625
7631,2,0.0625
7632,1,0.04375
7633,0,0.05
7634,0,0.05
7635,1,0.05625
7636,0,0.05
7637,1,0.05625
7638,1,0.05625
7639,2,0.0625
7640,0,0.05
7641,1,0.05625
7642,1,0.05625
7643,2,0.0625
7644,1,0.05625
7645,2,0.0625
7646,2,0.0625
7647,3,0.06875
7648,1,0.04375
7649,0,0.05
7650,0,0.05
7651,1,0.05625
7652,0,0.05
7653,1,0.05625
7654,1,0.05625
7655,2,0.0625
7656,0,0.05
7657,1,0.05625
7658,1,0.05625
7659,2,0.0625
7660,1,0.05625
7661,2,0.0625
7662,2,0.0625
7663,3,0.06875
7664,0,0.05
7665,1,0.05625
7666,1,0.05625
7667,2,0.0625
7668,1,0.05625
7669,2,0.0625
7670,2,0.0625
7671,3,0.06875
7672,1,0.05625
7673,2,0.0625
7674,2,0.0625
7675,3,0.06875
7676,2,0.0625
7677,3,0.06875
7678,3,0.06875
7679,4,0.075
7680,4,0.025
7681,3,0.03125
7682,3,0.03125
7683,2,0.0375
7684,3,0.03125
7685,2,0.0375
7686,2,0.0375
7687,1,0.04375
7688,3,0.03125
7689,2,0.0375
7690,2,0.0375
7691,1,0.04375
7692,2,0.0375
7693,1,0.04375
7694,1,0.04375
7695,0,0.05
7696,3,0.03125
7697,2,0.0375
7698,2,0.0375
7699,1,0.04375
7700,2,0.0375
7701,1,0.04375
7702,1,0.04375
7703,0,0.05
7704,2,0.0375
7705,1,0.04375
7706,1,0.04375
7707,0,0.05
7708,1,0.04375
7709,0,0.05
7710,0,0.05
7711,1,0.05625
7712,3,0.03125
7713,2,0.0375
7714,2,0.0375
7715,1,0.04375
7716,2,0.0375
7717,1,0.04375
7718,1,0.04375
7719,0,0.05
7720,2,0.0375
7721,1,0.04375
7722,1,0.04375
7723,0,0.05
7724,1,0.04375
7725,0,0.05
7726,0,0.05
7727,1,0.05625
7728,2,0.0375
7729,1,0.04375
7730,1,0.04375
7731,0,0.05
7732,1,0.04375
7733,0,0.05
7734,0,0.05
7735,1,0.05625
7736,1,0.04375
7737,0,0.05
7738,0,0.05
7739,1,0.05625
7740,0,0.05
7741,1,0.05625
7742,1,0.05625
7743,2,0.0625
7744,3,0.03125
7745,2,0.0375
7746,2,0.0375
7747,1,0.04375
7748,2,0.0375
7749,1,0.04375
7750,1,0.04375
7751,0,0.05
7752,2,0.0375
7753,1,0.04375
7754,1,0.04375
7755,0,0.05
7756,1,0.04375
7757,0,0.05
7758,0,0.05
7759,1,0.05625
7760,2,0.0375
7761,1,0.04375
7762,1,0.04375
7763,0,0.05
7764,1,0.04375
7765,0,0.05
7766,0,0.05
7767,1,0.05625
7768,1,0.04375
7769,0,0.05
7770,0,0.05
7771,1,0.05625
7772,0,0.05
7773,1,0.05625
7774,1,0.05625
7775,2,0.0625
7776,2,0.0375
7777,1,0.04375
7778,1,0.04375
7779,0,0.05
7780,1,0.04375
7781,0,0.05
7782,0,0.05
7783,1,0.05625
7784,1,0.04375
7785,0,0.05
7786,0,0.05
7787,1,0.05625
7788,0,0.05
7789,1,0.05625
7790,1,0.05625
7791,2,0.0625
7792,1,0.04375
7793,0,0.05
7794,0,0.05
7795,1,0.05625
7796,0,0.05
7797,1,0.05625
7798,1,0.05625
7799,2,0.0625
7800,0,0.05
7801,1,0.05625
7802,1,0.05625
7803,2,0.0625
7804,1,0.05625
7805,2,0.0625
7806,2,0.0625
7807,3,0.06875
7808,3,0.03125
7809,2,0.0375
7810,2,0.0375
7811,1,0.04375
7812,2,0.0375
7813,1,0.04375
7814,1,0.04375
7815,0,0.05
7816,2,0.0375
7817,1,0.04375
7818,1,0.04375
7819,0,0.05
7820,1,0.04375
7821,0,0.05
7822,0,0.05
7823,1,0.05625
7824,2,0.0375
7825,1,0.04375
7826,1,0.04375
7827,0,0.05
7828,1,0.04375
7829,0,0.05
7830,0,0.05
7831,1,0.05625
7832,1,0.04375
7833,0,0.05
7834,0,0.05
7835,1,0.05625
7836,0,0.05
7837,1,0.05625
7838,1,0.05625
7839,2,0.0625
7840,2,0.0375
7841,1,0.04375
7842,1,0.04375
7843,0,0.05
7844,1,0.04375
7845,0,0.05
7846,0,0.05
7847,1,0.05625
7848,1,0.04375
7849,0,0.05
7850,0,0.05
7851,1,0.05625
7852,0,0.05
7853,1,0.05625
7854,1,0.05625
7855,2,0.0625
7856,1,0.04375
7857,0,0.05
7858,0,0.05
7859,1,0.05625
7860,0,0.05
7861,1,0.05625
7862,1,0.05625
7863,2,0.0625
7864,0,0.05
7865,1,0.05625
7866,1,0.05625
7867,2,0.0625
7868,1,0.05625
7869,2,0.0625
7870,2,0.0625
7871,3,0.06875
7872,2,0.0375
7873,1,0.04375
7874,1,0.04375
7875,0,0.05
7876,1,0.04375
7877,0,0.05
7878,0,0.05
7879,1,0.05625
7880,1,0.04375
7881,0,0.05
7882,0,0.05
7883,1,0.05625
7884,0,0.05
7885,1,0.05625
7886,1,0.05625
7887,2,0.0625
7888,1,0.04375
7889,0,0.05
7890,0,0.05
7891,1,0.05625
7892,0,0.05
7893,1,0.05625
7894,1,0.05625
7895,2,0.0625
7896,0,0.05
7897,1,0.05625
7898,1,0.05625
7899,2,0.0625
7900,1,0.05625
7901,2,0.0625
7902,2,0.0625
7903,3,0.06875
7904,1,0.04375
7905,0,0.05
7906,0,0.05
7907,1,0.05625
7908,0,0.05
7909,1,0.05625
7910,1,0.05625
7911,2,0.0625
7912,0,0.05
7913,1,0.05625
7914,1,0.05625
7915,2,0.0625
7916,1,0.05625
7917,2,0.0625
7918,2,0.0625
7919,3,0.06875
7920,0,0.05
7921,1,0.05625
7922,1,0.05625
7923,2,0.0625
7924,1,0.05625
7925,2,0.0625
7926,2,0.0625
7927,3,0.06875
7928,1,0.05625
7929,2,0.0625
7930,2,0.0625
7931,3,0.06875
7932,2,0.0625
7933,3,0.06875
7934,3,0.06875
7935,4,0.075
7936,3,0.03125
7937,2,0.0375
7938,2,0.0375
7939,1,0.04375
7940,2,0.0375
7941,1,0.04375
7942,1,0.04375
7943,0,0.05
7944,2,0.0375
7945,1,0.04375
7946,1,0.04375
7947,0,0.05
7948,1,0.04375
7949,0,0.05
7950,0,0.05
7951,1,0.05625
7952,2,0.0375
7953,1,0.04375
7954,1,0.04375
7955,0,0.05
7956,1,0.04375
7957,0,0.05
7958,0,0.05
7959,1,0.05625
7960,1,0.04375
7961,0,0.05
7962,0,0.05
7963,1,0.05625
7964,0,0.05
7965,1,0.05625
7966,1,0.05625
7967,2,0.0625
7968,2,0.0375
7969,1,0.04375
7970,1,0.04375
7971,0,0.05
7972,1,0.04375
7973,0,0.05
7974,0,0.05
7975,1,0.05625
7976,1,0.04375
7977,0,0.05
7978,0,0.05
7979,1,0.05625
7980,0,0.05
7981,1,0.05625
7982,1,0.05625
7983,2,0.0625
7984,1,0.04375
7985,0,0.05
7986,0,0.05
7987,1,0.05625
7988,0,0.05
7989,1,0.05625
7990,1,0.05625
7991,2,0.0625
7992,0,0.05
7993,1,0.05625
7994,1,0.05625
7995,2,0.0625
7996,1,0.05625
7997,2,0.0625
7998,2,0.0625
7999,3,0.06875
8000,2,0.0375
8001,1,0.04375
8002,1,0.04375
8003,0,0.05
8004,1,0.04375
8005,0,0.05
8006,0,0.05
8007,1,0.05625
8008,1,0.04375
8009,0,0.05
8010,0,0.05
8011,1,0.05625
8012,0,0.05
8013,1,0.05625
8014,1,0.05625
8015,2,0.0625
8016,1,0.04375
8017,0,0.05
8018,0,0.05
8019,1,0.05625
8020,0,0.05
8021,1,0.05625
8022,1,0.05625
8023,2,0.0625
8024,0,0.05
8025,1,0.05625
8026,1,0.05625
8027,2,0.0625
8028,1,0.05625
8029,2,0.0625
8030,2,0.0625
8031,3,0.06875
8032,1,0.04375
8033,0,0.05
8034,0,0.05
8035,1,0.05625
8036,0,0.05
8037,1,0.05625
8038,1,0.05625
8039,2,0.0625
8040,0,0.05
8041,1,0.05625
8042,1,0.05625
8043,2,0.0625
8044,1,0.05625
8045,2,0.0625
8046,2,0.0625
8047,3,0.06875
8048,0,0.05
8049,1,0.05625
8050,1,0.05625
8051,2,0.0625
8052,1,0.05625
8053,2,0.0625
8054,2,0.0625
8055,3,0.06875
8056,1,0.05625
8057,2,0.0625
8058,2,0.0625
8059,3,0.06875
8060,2,0.0625
8061,3,0.06875
8062,3,0.06875
8063,4,0.075
8064,2,0.0375
8065,1,0.04375
8066,1,0.04375
8067,0,0.05
8068,1,0.04375
8069,0,0.05
8070,0,0.05
8071,1,0.05625
8072,1,0.04375
8073,0,0.05
8074,0,0.05
8075,1,0.05625
8076,0,0.05
8077,1,0.05625
8078,1,0.05625
8079,2,0.0625
8080,1,0.04375
8081,0,0.05
8082,0,0.05
8083,1,0.05625
8084,0,0.05
8085,1,0.05625
8086,1,0.05625
8087,2,0.0625
8088,0,0.05
8089,1,0.05625
8090,1,0.05625
8091,2,0.0625
8092,1,0.05625
8093,2,0.0625
8094,2,0.0625
8095,3,0.06875
8096,1,0.04375
8097,0,0.05
8098,0,0.05
8099,1,0.05625
8100,0,0.05
8101,1,0.05625
8102,1,0.05625
8103,2,0.0625
8104,0,0.05
8105,1,0.05625
8106,1,0.05625
8107,2,0.0625
8108,1,0.05625
8109,2,0.0625
8110,2,0.0625
8111,3,0.06875
8112,0,0.05
8113,1,0.05625
8114,1,0.05625
8115,2,0.0625
8116,1,0.05625
8117,2,0.0625
8118,2,0.0625
8119,3,0.06875
8120,1,0.05625
8121,2,0.0625
8122,2,0.0625
8123,3,0.06875
8124,2,0.0625
8125,3,0.06875
8126,3,0.06875
8127,4,0.075
8128,1,0.04375
8129,0,0.05
8130,0,0.05
8131,1,0.05625
8132,0,0.05
8133,1,0.05625
8134,1,0.05625
8135,2,0.0625
8136,0,0.05
8137,1,0.05625
8138,1,0.05625
8139,2,0.0625
8140,1,0.05625
8141,2,0.0625
8142,2,0.0625
8143,3,0.06875
8144,0,0.05
8145,1,0.05625
8146,1,0.05625
8147,2,0.0625
8148,1,0.05625
8149,2,0.0625
8150,2,0.0625
8151,3,0.06875
8152,1,0.05625
8153,2,0.0625
8154,2,0.0625
8155,3,0.06875
8156,2,0.0625
8157,3,0.06875
8158,3,0.06875
8159,4,0.075
8160,0,0.05
8161,1,0.05625
8162,1,0.05625
8163,2,0.0625
8164,1,0.05625
8165,2,0.0625
8166,2,0.0625
8167,3,0.06875
8168,1,0.05625
8169,2,0.0625
8170,2,0.0625
8171,3,0.06875
8172,2,0.0625
8173,3,0.06875
8174,3,0.06875
8175,4,0.075
8176,1,0.05625
8177,2,0.0625
8178,2,0.0625
8179,3,0.06875
8180,2,0.0625
8181,3,0.06875
8182,3,0.06875
8183,4,0.075
8184,2,0.0625
8185,3,0.06875
8186,3,0.06875
8187,4,0.075
8188,3,0.06875
8189,4,0.075
8190,4,0.075
8191,3,0.08125
8192,1,0.00625
8193,2,0.0125
8194,2,0.0125
8195,3,0.01875
8196,2,0.0125
8197,3,0.01875
8198,3,0.01875
8199,4,0.025
8200,2,0.0125
8201,3,0.01875
8202,3,0.01875
8203,4,0.025
8204,3,0.01875
8205,4,0.025
8206,4,0.025
8207,3,0.03125
8208,2,0.0125
8209,3,0.01875
8210,3,0.01875
8211,4,0.025
8212,3,0.01875
8213,4,0.025
8214,4,0.025
8215,3,0.03125
8216,3,0.01875
8217,4,0.025
8218,4,0.025
8219,3,0.03125
8220,4,0.025
8221,3,0.03125
8222,3,0.03125
8223,2,0.0375
8224,2,0.0125
8225,3,0.01875
8226,3,0.01875
8227,4,0.025
8228,3,0.01875
8229,4,0.025
8230,4,0.025
8231,3,0.03125
8232,3,0.01875
8233,4,0.025
8234,4,0.025
8235,3,0.03125
8236,4,0.025
8237,3,0.03125
8238,3,0.03125
8239,2,0.0375
8240,3,0.01875
8241,4,0.025
8242,4,0.025
8243,3,0.03125
8244,4,0.025
8245,3,0.03125
8246,3,0.03125
8247,2,0.0375
8248,4,0.025
8249,3,0.03125
8250,3,0.03125
8251,2,0.0375
8252,3,0.03125
8253,2,0.0375
8254,2,0.0375
8255,1,0.04375
8256,2,0.0125
8257,3,0.01875
8258,3,0.01875
8259,4,0.025
8260,3,0.01875
8261,4,0.025
8262,4,0.025
8263,3,0.03125
8264,3,0.01875
8265,4,0.025
8266,4,0.025
8267,3,0.03125
8268,4,0.025
8269,3,0.03125
8270,3,0.03125
8271,2,0.0375
8272,3,0.01875
8273,4,0.025
8274,4,0.025
8275,3,0.03125
8276,4,0.025
8277,3,0.03125
8278,3,0.03125
8279,2,0.0375
8280,4,0.025
8281,3,0.03125
8282,3,0.03125
8283,2,0.0375
8284,3,0.03125
8285,2,0.0375
8286,2,0.0375
8287,1,0.04375
8288,3,0.01875
8289,4,0.025
8290,4,0.025
8291,3,0.03125
8292,4,0.025
8293,3,0.03125
8294,3,0.03125
8295,2,0.0375
8296,4,0.025
8297,3,0.03125
8298,3,0.03125
8299,2,0.0375
8300,3,0.03125
8301,2,0.0375
8302,2,0.0375
8303,1,0.04375
8304,4,0.025
8305,3,0.03125
8306,3,0.03125
8307,2,0.0375
8308,3,0.03125
8309,2,0.0375
8310,2,0.0375
8311,1,0.04375
8312,3,0.03125
8313,2,0.0375
8314,2,0.0375
8315,1,0.04375
8316,2,0.0375
8317,1,0.04375
8318,1,0.04375
8319,0,0.05
8320,2,0.0125
8321,3,0.01875
8322,3,0.01875
8323,4,0.025
8324,3,0.01875
8325,4,0.025
8326,4,0.025
8327,3,0.03125
8328,3,0.01875
8329,4,0.025
8330,4,0.025
8331,3,0.03125
8332,4,0.025
8333,3,0.03125
8334,3,0.03125
8335,2,0.0375
8336,3,0.01875
8337,4,0.025
8338,4,0.025
8339,3,0.03125
8340,4,0.025
8341,3,0.03125
8342,3,0.03125
8343,2,0.0375
8344,4,0.025
8345,3,0.03125
8346,3,0.03125
8347,2,0.0375
8348,3,0.03125
8349,2,0.0375
8350,2,0.0375
8351,1,0.04375
8352,3,0.01875
8353,4,0.025
8354,4,0.025
8355,3,0.03125
8356,4,0.025
8357,3,0.03125
8358,3,0.03125
8359,2,0.0375
8360,4,0.025
8361,3,0.03125
8362,3,0.03125
8363,2,0.0375
8364,3,0.03125
8365,2,0.0375
8366,2,0.0375
8367,1,0.04375
8368,4,0.025
8369,3,0.03125
8370,3,0.03125
8371,2,0.0375
8372,3,0.03125
8373,2,0.0375
8374,2,0.0375
8375,1,0.04375
8376,3,0.03125
8377,2,0.0375
8378,2,0.0375
8379,1,0.04375
8380,2,0.0375
8381,1,0.04375
8382,1,0.04375
8383,0,0.05
8384,3,0.01875
8385,4,0.025
8386,4,0.025
8387,3,0.03125
8388,4,0.025
8389,3,0.03125
8390,3,0.03125
8391,2,0.0375
8392,4,0.025
8393,3,0.03125
8394,3,0.03125
8395,2,0.0375
8396,3,0.03125
8397,2,0.0375
8398,2,0.0375
8399,1,0.04375
8400,4,0.025
8401,3,0.03125
8402,3,0.03125
8403,2,0.0375
8404,3,0.03125
8405,2,0.0375
8406,2,0.0375
8407,1,0.04375
8408,3,0.03125
8409,2,0.0375
8410,2,0.0375
8411,1,0.04375
8412,2,0.0375
8413,1,0.04375
8414,1,0.04375
8415,0,0.05
8416,4,0.025
8417,3,0.03125
8418,3,0.03125
8419,2,0.0375
8420,3,0.03125
8421,2,0.0375
8422,2,0.0375
8423,1,0.04375
8424,3,0.03125
8425,2,0.0375
8426,2,0.0375
8427,1,0.04375
8428,2,0.0375
8429,1,0.04375
8430,1,0.04375
8431,0,0.05
8432,3,0.03125
8433,2,0.0375
8434,2,0.0375
8435,1,0.04375
8436,2,0.0375
8437,1,0.04375
8438,1,0.04375
8439,0,0.05
8440,2,0.0375
8441,1,0.04375
8442,1,0.04375
8443,0,0.05
8444,1,0.04375
8445,0,0.05
8446,0,0.05
8447,1,0.05625
8448,2,0.0125
8449,3,0.01875
8450,3,0.01875
8451,4,0.025
8452,3,0.01875
8453,4,0.025
8454,4,0.025
8455,3,0.03125
8456,3,0.01875
8457,4,0.025
8458,4,0.025
8459,3,0.03125
8460,4,0.025
8461,3,0.03125
8462,3,0.03125
8463,2,0.0375
8464,3,0.01875
8465,4,0.025
8466,4,0.025
8467,3,0.03125
8468,4,0.025
8469,3,0.03125
8470,3,0.03125
8471,2,0.0375
8472,4,0.025
8473,3,0.03125
8474,3,0.03125
8475,2,0.0375
8476,3,0.03125
8477,2,0.0375
8478,2,0.0375
8479,1,0.04375
8480,3,0.01875
8481,4,0.025
8482,4,0.025
8483,3,0.03125
8484,4,0.025
8485,3,0.03125
8486,3,0.03125
8487,2,0.0375
8488,4,0.025
8489,3,0.03125
8490,3,0.03125
8491,2,0.0375
8492,3,0.03125
8493,2,0.0375
8494,2,0.0375
8495,1,0.04375
8496,4,0.025
8497,3,0.03125
8498,3,0.03125
8499,2,0.0375
8500,3,0.03125
8501,2,0.0375
8502,2,0.0375
8503,1,0.04375
8504,3,0.03125
8505,2,0.0375
8506,2,0.0375
8507,1,0.04375
8508,2,0.0375
8509,1,0.04375
8510,1,0.04375
8511,0,0.05
8512,3,0.01875
8513,4,0.025
8514,4,0.025
8515,3,0.03125
8516,4,0.025
8517,3,0.03125
8518,3,0.03125
8519,2,0.0375
8520,4,0.025
8521,3,0.03125
8522,3,0.03125
8523,2,0.0375
8524,3,0.03125
8525,2,0.0375
8526,2,0.0375
8527,1,0.04375
8528,4,0.025
8529,3,0.03125
8530,3,0.03125
8531,2,0.0375
8532,3,0.03125
8533,2,0.0375
8534,2,0.0375
8535,1,0.04375
8536,3,0.03125
8537,2,0.0375
8538,2,0.0375
8539,1,0.04375
8540,2,0.0375
8541,1,0.04375
8542,1,0.04375
8543,0,0.05
8544,4,0.025
8545,3,0.03125
8546,3,0.03125
8547,2,0.0375
8548,3,0.03125
8549,2,0.0375
8550,2,0.0375
8551,1,0.04375
8552,3,0.03125
8553,2,0.0375
8554,2,0.0375
8555,1,0.04375
8556,2,0.0375
8557,1,0.04375
8558,1,0.04375
8559,0,0.05
8560,3,0.03125
8561,2,0.0375
8562,2,0.0375
8563,1,0.04375
8564,2,0.0375
8565,1,0.04375
8566,1,0.04375
8567,0,0.05
8568,2,0.0375
8569,1,0.04375
8570,1,0.04375
8571,0,0.05
8572,1,0.04375
8573,0,0.05
8574,0,0.05
8575,1,0.05625
8576,3,0.01875
8577,4,0.025
8578,4,0.025
8579,3,0.03125
8580,4,0.025
8581,3,0.03125
8582,3,0.03125
8583,2,0.0375
8584,4,0.025
8585,3,0.03125
8586,3,0.03125
8587,2,0.0375
8588,3,0.03125
8589,2,0.0375
8590,2,0.0375
8591,1,0.04375
8592,4,0.025
8593,3,0.03125
8594,3,0.03125
8595,2,0.0375
8596,3,0.03125
8597,2,0.0375
8598,2,0.0375
8599,1,0.04375
8600,3,0.03125
8601,2,0.0375
8602,2,0.0375
8603,1,0.04375
8604,2,0.0375
8605,1,0.04375
8606,1,0.04375
8607,0,0.05
8608,4,0.025
8609,3,0.03125
8610,3,0.03125
8611,2,0.0375
8612,3,0.03125
8613,2,0.0375
8614,2,0.0375
8615,1,0.04375
8616,3,0.03125
8617,2,0.0375
8618,2,0.0375
8619,1,0.04375
8620,2,0.0375
8621,1,0.04375
8622,1,0.04375
8623,0,0.05
8624,3,0.03125
8625,2,0.0375
8626,2,0.0375
8627,1,0.04375
8628,2,0.0375
8629,1,0.04375
8630,1,0.04375
8631,0,0.05
8632,2,0.0375
8633,1,0.04375
8634,1,0.04375
8635,0,0.05
8636,1,0.04375
8637,0,0.05
8638,0,0.05
8639,1,0.05625
8640,4,0.025
8641,3,0.03125
8642,3,0.03125
8643,2,0.0375
8644,3,0.03125
8645,2,0.0375
8646,2,0.0375
8647,1,0.04375
8648,3,0.03125
8649,2,0.0375
8650,2,0.0375
8651,1,0.04375
8652,2,0.0375
8653,1,0.04375
8654,1,0.04375
8655,0,0.05
8656,3,0.03125
8657,2,0.0375
8658,2,0.0375
8659,1,0.04375
8660,2,0.0375
8661,1,0.04375
8662,1,0.04375
8663,0,0.05
8664,2,0.0375
8665,1,0.04375
8666,1,0.04375
8667,0,0.05
8668,1,0.04375
8669,0,0.05
8670,0,0.05
8671,1,0.05625
8672,3,0.03125
8673,2,0.0375
8674,2,0.0375
8675,1,0.04375
8676,2,0.0375
8677,1,0.04375
8678,1,0.04375
8679,0,0.05
8680,2,0.0375
8681,1,0.04375
8682,1,0.04375
8683,0,0.05
8684,1,0.04375
8685,0,0.05
8686,0,0.05
8687,1,0.05625
8688,2,0.0375
8689,1,0.04375
8690,1,0.04375
8691,0,0.05
8692,1,0.04375
8693,0,0.05
8694,0,0.05
8695,1,0.05625
8696,1,0.04375
8697,0,0.05
8698,0,0.05
8699,1,0.05625
8700,0,0.05
8701,1,0.05625
8702,1,0.05625
8703,2,0.0625
8704,2,0.0125
8705,3,0.01875
8706,3,0.01875
8707,4,0.025
8708,3,0.01875
8709,4,0.025
8710,4,0.025
8711,3,0.03125
8712,3,0.01875
8713,4,0.025
8714,4,0.025
8715,3,0.03125
8716,4,0.025
8717,3,0.03125
8718,3,0.03125
8719,2,0.0375
8720,3,0.01875
8721,4,0.025
8722,4,0.025
8723,3,0.03125
8724,4,0.025
8725,3,0.03125
8726,3,0.03125
8727,2,0.0375
8728,4,0.025
8729,3,0.03125
8730,3,0.03125
8731,2,0.0375
8732,3,0.03125
8733,2,0.0375
8734,2,0.0375
8735,1,0.04375
8736,3,0.01875
8737,4,0.025
8738,4,0.025
8739,3,0.03125
8740,4,0.025
8741,3,0.03125
8742,3,0.03125
8743,2,0.0375
8744,4,0.025
8745,3,0.03125
8746,3,0.03125
8747,2,0.0375
8748,3,0.03125
8749,2,0.0375
8750,2,0.0375
8751,1,0.04375
8752,4,0.025
8753,3,0.03125
8754,3,0.03125
8755,2,0.0375
8756,3,0.03125
8757,2,0.0375
8758,2,0.0375
8759,1,0.04375
8760,3,0.03125
8761,2,0.0375
8762,2,0.0375
8763,1,0.04375
8764,2,0.0375
8765,1,0.04375
8766,1,0.04375
8767,0,0.05
8768,3,0.01875
8769,4,0.025
8770,4,0.025
8771,3,0.03125
8772,4,0.025
8773,3,0.03125
8774,3,0.03125
8775,2,0.0375
8776,4,0.025
8777,3,0.03125
8778,3,0.03125
8779,2,0.0375
8780,3,0.03125
8781,2,0.0375
8782,2,0.0375
8783,1,0.04375
8784,4,0.025
8785,3,0.03125
8786,3,0.03125
8787,2,0.0375
8788,3,0.03125
8789,2,0.0375
8790,2,0.0375
8791,1,0.04375
8792,3,0.03125
8793,2,0.0375
8794,2,0.0375
8795,1,0.04375
8796,2,0.0375
8797,1,0.04375
8798,1,0.04375
8799,0,0.05
8800,4,0.025
8801,3,0.03125
8802,3,0.03125
8803,2,0.0375
8804,3,0.03125
8805,2,0.0375
8806,2,0.0375
8807,1,0.04375
8808,3,0.03125
8809,2,0.0375
8810,2,0.0375
8811,1,0.04375
8812,2,0.0375
8813,1,0.04375
8814,1,0.04375
8815,0,0.05
8816,3,0.03125
8817,2,0.0375
8818,2,0.0375
8819,1,0.04375
8820,2,0.0375
8821,1,0.04375
8822,1,0.04375
8823,0,0.05
8824,2,0.0375
8825,1,0.04375
8826,1,0.04375
8827,0,0.05
8828,1,0.04375
8829,0,0.05
8830,0,0.05
8831,1,0.05625
8832,3,0.01875
8833,4,0.025
8834,4,0.025
8835,3,0.03125
8836,4,0.025
8837,3,0.03125
8838,3,0.03125
8839,2,0.0375
8840,4,0.025
8841,3,0.03125
8842,3,0.03125
8843,2,0.0375
8844,3,0.03125
8845,2,0.0375
8846,2,0.0375
8847,1,0.04375
8848,4,0.025
8849,3,0.03125
8850,3,0.03125
8851,2,0.0375
8852,3,0.03125
8853,2,0.0375
8854,2,0.0375
8855,1,0.04375
8856,3,0.03125
8857,2,0.0375
8858,2,0.0375
8859,1,0.04375
8860,2,0.0375
8861,1,0.04375
8862,1,0.04375
8863,0,0.05
8864,4,0.025
8865,3,0.03125
8866,3,0.03125
8867,2,0.0375
8868,3,0.03125
8869,2,0.0375
8870,2,0.0375
8871,1,0.04375
8872,3,0.03125
8873,2,0.0375
8874,2,0.0375
8875,1,0.04375
8876,2,0.0375
8877,1,0.04375
8878,1,0.04375
8879,0,0.05
8880,3,0.03125
8881,2,0.0375
8882,2,0.0375
8883,1,0.04375
8884,2,0.0375
8885,1,0.04375
8886,1,0.04375
8887,0,0.05
8888,2,0.0375
8889,1,0.04375
8890,1,0.04375
8891,0,0.05
8892,1,0.04375
8893,0,0.05
8894,0,0.05
8895,1,0.05625
8896,4,0.025
8897,3,0.03125
8898,3,0.03125
8899,2,0.0375
8900,3,0.03125
8901,2,0.0375
8902,2,0.0375
8903,1,0.04375
8904,3,0.03125
8905,2,0.0375
8906,2,0.0375
8907,1,0.04375
8908,2,0.0375
8909,1,0.04375
8910,1,0.04375
8911,0,0.05
8912,3,0.03125
8913,2,0.0375
8914,2,0.0375
8915,1,0.04375
8916,2,0.0375
8917,1,0.04375
8918,1,0.04375
8919,0,0.05
8920,2,0.0375
8921,1,0.04375
8922,1,0.04375
8923,0,0.05
8924,1,0.04375
8925,0,0.05
8926,0,0.05
8927,1,0.05625
8928,3,0.03125
8929,2,0.0375
8930,2,0.0375
8931,1,0.04375
8932,2,0.0375
8933,1,0.04375
8934,1,0.04375
8935,0,0.05
8936,2,0.0375
8937,1,0.04375
8938,1,0.04375
8939,0,0.05
8940,1,0.04375
8941,0,0.05
8942,0,0.05
8943,1,0.05625
8944,2,0.0375
8945,1,0.04375
8946,1,0.04375
8947,0,0.05
8948,1,0.04375
8949,0,0.05
8950,0,0.05
8951,1,0.05625
8952,1,0.04375
8953,0,0.05
8954,0,0.05
8955,1,0.05625
8956,0,0.05
8957,1,0.05625
8958,1,0.05625
8959,2,0.0625
8960,3,0.01875
8961,4,0.025
8962,4,0.025
8963,3,0.03125
8964,4,0.025
8965,3,0.03125
8966,3,0.03125
8967,2,0.0375
8968,4,0.025
8969,3,0.03125
8970,3,0.03125
8971,2,0.0375
8972,3,0.03125
8973,2,0.0375
8974,2,0.0375
8975,1,0.04375
8976,4,0.025
8977,3,0.03125
8978,3,0.03125
8979,2,0.0375
8980,3,0.03125
8981,2,0.0375
8982,2,0.0375
8983,1,0.04375
8984,3,0.03125
8985,2,0.0375
8986,2,0.0375
8987,1,0.04375
8988,2,0.0375
8989,1,0.04375
8990,1,0.04375
8991,0,0.05
8992,4,0.025
8993,3,0.03125
8994,3,0.03125
8995,2,0.0375
8996,3,0.03125
8997,2,0.0375
8998,2,0.0375
8999,1,0.04375
9000,3,0.03125
9001,2,0.0375
9002,2,0.0375
9003,1,0.04375
9004,2,0.0375
9005,1,0.04375
9006,1,0.04375
9007,0,0.05
9008,3,0.03125
9009,2,0.0375
9010,2,0.0375
9011,1,0.04375
9012,2,0.0375
9013,1,0.04375
9014,1,0.04375
9015,0,0.05
9016,2,0.0375
9017,1,0.04375
9018,1,0.04375
9019,0,0.05
9020,1,0.04375
9021,0,0.05
9022,0,0.05
9023,1,0.05625
9024,4,0.025
9025,3,0.03125
9026,3,0.03125
9027,2,0.0375
9028,3,0.03125
9029,2,0.0375
9030,2,0.0375
9031,1,0.04375
9032,3,0.03125
9033,2,0.0375
9034,2,0.0375
9035,1,0.04375
9036,2,0.0375
9037,1,0.04375
9038,1,0.04375
9039,0,0.05
9040,3,0.03125
9041,2,0.0375
9042,2,0.0375
9043,1,0.04375
9044,2,0.0375
9045,1,0.04375
9046,1,0.04375
9047,0,0.05
9048,2,0.0375
9049,1,0.04375
9050,1,0.04375
9051,0,0.05
9052,1,0.04375
9053,0,0.05
9054,0,0.05
9055,1,0.05625
9056,3,0.03125
9057,2,0.0375
9058,2,0.0375
9059,1,0.04375
9060,2,0.0375
9061,1,0.04375
9062,1,0.04375
9063,0,0.05
9064,2,0.0375
9065,1,0.04375
9066,1,0.04375
9067,0,0.05
9068,1,0.04375
9069,0,0.05
9070,0,0.05
9071,1,0.05625
9072,2,0.0375
9073,1,0.04375
9074,1,0.04375
9075,0,0.05
9076,1,0.04375
9077,0,0.05
9078,0,0.05
9079,1,0.05625
9080,1,0.04375
9081,0,0.05
9082,0,0.05
9083,1,0.05625
9084,0,0.05
9085,1,0.05625
9086,1,0.05625
9087,2,0.0625
9088,4,0.025
9089,3,0.03125
9090,3,0.03125
9091,2,0.0375
9092,3,0.03125
9093,2,0.0375
9094,2,0.0375
9095,1,0.04375
9096,3,0.03125
9097,2,0.0375
9098,2,0.0375
9099,1,0.04375
9100,2,0.0375
9101,1,0.04375
9102,1,0.04375
9103,0,0.05
9104,3,0.03125
9105,2,0.0375
9106,2,0.0375
9107,1,0.04375
9108,2,0.0375
9109,1,0.04375
9110,1,0.04375
9111,0,0.05
9112,2,0.0375
9113,1,0.04375
9114,1,0.04375
9115,0,0.05
9116,1,0.04375
9117,0,0.05
9118,0,0.05
9119,1,0.05625
9120,3,0.03125
9121,2,0.0375
9122,2,0.0375
9123,1,0.04375
9124,2,0.0375
9125,1,0.04375
9126,1,0.04375
9127,0,0.05
9128,2,0.0375
9129,1,0.04375
9130,1,0.04375
9131,0,0.05
9132,1,0.04375
9133,0,0.05
9134,0,0.05
9135,1,0.05625
9136,2,0.0375
9137,1,0.04375
9138,1,0.04375
9139,0,0.05
9140,1,0.04375
9141,0,0.05
9142,0,0.05
9143,1,0.05625
9144,1,0.04375
9145,0,0.05
9146,0,0.05
9147,1,0.05625
9148,0,0.05
9149,1,0.05625
9150,1,0.05625
9151,2,0.0625
9152,3,0.03125
9153,2,0.0375
9154,2,0.0375
9155,1,0.04375
9156,2,0.0375
9157,1,0.04375
9158,1,0.04375
9159,0,0.05
9160,2,0.0375
9161,1,0.04375
9162,1,0.04375
9163,0,0.05
9164,1,0.04375
9165,0,0.05
9166,0,0.05
9167,1,0.05625
9168,2,0.0375
9169,1,0.04375
9170,1,0.04375
9171,0,0.05
9172,1,0.04375
9173,0,0.05
9174,0,0.05
9175,1,0.05625
9176,1,0.04375
9177,0,0.05
9178,0,0.05
9179,1,0.05625
9180,0,0.05
9181,1,0.05625
9182,1,0.05625
9183,2,0.0625
9184,2,0.0375
9185,1,0.04375
9186,1,0.04375
9187,0,0.05
9188,1,0.04375
9189,0,0.05
9190,0,0.05
9191,1,0.05625
9192,1,0.04375
9193,0,0.05
9194,0,0.05
9195,1,0.05625
9196,0,0.05
9197,1,0.05625
9198,1,0.05625
9199,2,0.0625
9200,1,0.04375
9201,0,0.05
9202,0,0.05
9203,1,0.05625
9204,0,0.05
9205,1,0.05625
9206,1,0.05625
9207,2,0.0625
9208,0,0.05
9209,1,0.05625
9210,1,0.05625
9211,2,0.0625
9212,1,0.05625
9213,2,0.0625
9214,2,0.0625
9215,3,0.06875
9216,2,0.0125
9217,3,0.01875
9218,3,0.01875
9219,4,0.025
9220,3,0.01875
9221,4,0.025
9222,4,0.025
9223,3,0.03125
9224,3,0.01875
9225,4,0.025
9226,4,0.025
9227,3,0.03125
9228,4,0.025
9229,3,0.03125
9230,3,0.03125
9231,2,0.0375
9232,3,0.01875
9233,4,0.025
9234,4,0.025
9235,3,0.03125
9236,4,0.025
9237,3,0.03125
9238,3,0.03125
9239,2,0.0375
9240,4,0.025
9241,3,0.03125
9242,3,0.03125
9243,2,0.0375
9244,3,0.03125
9245,2,0.0375
9246,2,0.0375
9247,1,0.04375
9248,3,0.01875
9249,4,0.025
9250,4,0.025
9251,3,0.03125
9252,4,0.025
9253,3,0.03125
9254,3,0.03125
9255,2,0.0375
9256,4,0.025
9257,3,0.03125
9258,3,0.03125
9259,2,0.0375
9260,3,0.03125
9261,2,0.0375
9262,2,0.0375
9263,1,0.04375
9264,4,0.025
9265,3,0.03125
9266,3,0.03125
9267,2,0.0375
9268,3,0.03125
9269,2,0.0375
9270,2,0.0375
9271,1,0.04375
9272,3,0.03125
9273,2,0.0375
9274,2,0.0375
9275,1,0.04375
9276,2,0.0375
9277,1,0.04375
9278,1,0.04375
9279,0,0.05
9280,3,0.01875
9281,4,0.025
9282,4,0.025
9283,3,0.03125
9284,4,0.025
9285,3,0.03125
9286,3,0.03125
9287,2,0.0375
9288,4,0.025
9289,3,0.03125
9290,3,0.03125
9291,2,0.0375
9292,3,0.03125
9293,2,0.0375
9294,2,0.0375
9295,1,0.04375
9296,4,0.025
9297,3,0.03125
9298,3,0.03125
9299,2,0.0375
9300,3,0.03125
9301,2,0.0375
9302,2,0.0375
9303,1,0.04375
9304,3,0.03125
9305,2,0.0375
9306,2,0.0375
9307,1,0.04375
9308,2,0.0375
9309,1,0.04375
9310,1,0.04375
9311,0,0.05
9312,4,0.025
9313,3,0.03125
9314,3,0.03125
9315,2,0.0375
9316,3,0.03125
9317,2,0.0375
9318,2,0.0375
9319,1,0.04375
9320,3,0.03125
9321,2,0.0375
9322,2,0.0375
9323,1,0.04375
9324,2,0.0375
9325,1,0.04375
9326,1,0.04375
9327,0,0.05
9328,3,0.03125
9329,2,0.0375
9330,2,0.0375
9331,1,0.04375
9332,2,0.0375
9333,1,0.04375
9334,1,0.04375
9335,0,0.05
9336,2,0.0375
9337,1,0.04375
9338,1,0.04375
9339,0,0.05
9340,1,0.04375
9341,0,0.05
9342,0,0.05
9343,1,0.05625
9344,3,0.01875
9345,4,0.025
9346,4,0.025
9347,3,0.03125
9348,4,0.025
9349,3,0.03125
9350,3,0.03125
9351,2,0.0375
9352,4,0.025
9353,3,0.03125
9354,3,0.03125
9355,2,0.0375
9356,3,0.03125
9357,2,0.0375
9358,2,0.0375
9359,1,0.04375
9360,4,0.025
9361,3,0.03125
9362,3,0.03125
9363,2,0.0375
9364,3,0.03125
9365,2,0.0375
9366,2,0.0375
9367,1,0.04375
9368,3,0.03125
9369,2,0.0375
9370,2,0.0375
9371,1,0.04375
9372,2,0.0375
9373,1,0.04375
9374,1,0.04375
9375,0,0.05
9376,4,0.025
9377,3,0.03125
9378,3,0.03125
9379,2,0.0375
9380,3,0.03125
9381,2,0.0375
9382,2,0.0375
9383,1,0.04375
9384,3,0.03125
9385,2,0.0375
9386,2,0.0375
9387,1,0.04375
9388,2,0.0375
9389,1,0.04375
9390,1,0.04375
9391,0,0.05
9392,3,0.03125
9393,2,0.0375
9394,2,0.0375
9395,1,0.04375
9396,2,0.0375
9397,1,0.04375
9398,1,0.04375
9399,0,0.05
9400,2,0.0375
9401,1,0.04375
9402,1,0.04375
9403,0,0.05
9404,1,0.04375
9405,0,0.05
9406,0,0.05
9407,1,0.05625
9408,4,0.025
9409,3,0.03125
9410,3,0.03125
9411,2,0.0375
9412,3,0.03125
9413,2,0.0375
9414,2,0.0375
9415,1,0.04375
9416,3,0.03125
9417,2,0.0375
9418,2,0.0375
9419,1,0.04375
9420,2,0.0375
9421,1,0.04375
9422,1,0.04375
9423,0,0.05
9424,3,0.03125
9425,2,0.0375
9426,2,0.0375
9427,1,0.04375
9428,2,0.0375
9429,1,0.04375
9430,1,0.04375
9431,0,0.05
9432,2,0.0375
9433,1,0.04375
9434,1,0.04375
9435,0,0.05
9436,1,0.04375
9437,0,0.05
9438,0,0.05
9439,1,0.05625
9440,3,0.03125
9441,2,0.0375
9442,2,0.0375
9443,1,0.04375
9444,2,0.0375
9445,1,0.04375
9446,1,0.04375
9447,0,0.05
9448,2,0.0375
9449,1,0.04375
9450,1,0.04375
9451,0,0.05
9452,1,0.04375
9453,0,0.05
9454,0,0.05
9455,1,0.05625
9456,2,0.0375
9457,1,0.04375
9458,1,0.04375
9459,0,0.05
9460,1,0.04375
9461,0,0.05
9462,0,0.05
9463,1,0.05625
9464,1,0.04375
9465,0,0.05
9466,0,0.05
9467,1,0.05625
9468,0,0.05
9469,1,0.05625
9470,1,0.05625
9471,2,0.0625
9472,3,0.01875
9473,4,0.025
9474,4,0.025
9475,3,0.03125
9476,4,0.025
9477,3,0.03125
9478,3,0.03125
9479,2,0.0375
9480,4,0.025
9481,3,0.03125
9482,3,0.03125
9483,2,0.0375
9484,3,0.03125
9485,2,0.0375
9486,2,0.0375
9487,1,0.04375
9488,4,0.025
9489,3,0.03125
9490,3,0.03125
9491,2,0.0375
9492,3,0.03125
9493,2,0.0375
9494,2,0.0375
9495,1,0.04375
9496,3,0.03125
9497,2,0.0375
9498,2,0.0375
9499,1,0.04375
9500,2,0.0375
9501,1,0.04375
9502,1,0.04375
9503,0,0.05
9504,4,0.025
9505,3,0.03125
9506,3,0.03125
9507,2,0.0375
9508,3,0.03125
9509,2,0.0375
9510,2,0.0375
9511,1,0.04375
9512,3,0.03125
9513,2,0.0375
9514,2,0.0375
9515,1,0.04375
9516,2,0.0375
9517,1,0.04375
9518,1,0.04375
9519,0,0.05
9520,3,0.03125
9521,2,0.0375
9522,2,0.0375
9523,1,0.04375
9524,2,0.0375
9525,1,0.04375
9526,1,0.04375
9527,0,0.05
9528,2,0.0375
9529,1,0.04375
9530,1,0.04375
9531,0,0.05
9532,1,0.04375
9533,0,0.05
9534,0,0.05
9535,1,0.05625
9536,4,0.025
9537,3,0.03125
9538,3,0.03125
9539,2,0.0375
9540,3,0.03125
9541,2,0.0375
9542,2,0.0375
9543,1,0.04375
9544,3,0.03125
9545,2,0.0375
9546,2,0.0375
9547,1,0.04375
9548,2,0.0375
9549,1,0.04375
9550,1,0.04375
9551,0,0.05
9552,3,0.03125
9553,2,0.0375
9554,2,0.0375
9555,1,0.04375
9556,2,0.0375
9557,1,0.04375
9558,1,0.04375
9559,0,0.05
9560,2,0.0375
9561,1,0.04375
9562,1,0.04375
9563,0,0.05
9564,1,0.04375
9565,0,0.05
9566,0,0.05
9567,1,0.05625
9568,3,0.03125
9569,2,0.0375
9570,2,0.0375
9571,1,0.04375
9572,2,0.0375
9573,1,0.04375
9574,1,0.04375
9575,0,0.05
9576,2,0.0375
9577,1,0.04375
9578,1,0.04375
9579,0,0.05
9580,1,0.04375
9581,0,0.05
9582,0,0.05
9583,1,0.05625
9584,2,0.0375
9585,1,0.04375
9586,1,0.04375
9587,0,0.05
9588,1,0.04375
9589,0,0.05
9590,0,0.05
9591,1,0.05625
9592,1,0.04375
9593,0,0.05
9594,0,0.05
9595,1,0.05625
9596,0,0.05
9597,1,0.05625
9598,1,0.05625
9599,2,0.0625
9600,4,0.025
9601,3,0.03125
9602,3,0.03125
9603,2,0.0375
9604,3,0.03125
9605,2,0.0375
9606,2,0.0375
9607,1,0.04375
9608,3,0.03125
9609,2,0.0375
9610,2,0.0375
9611,1,0.04375
9612,2,0.0375
9613,1,0.04375
9614,1,0.04375
9615,0,0.05
9616,3,0.03125
9617,2,0.0375
9618,2,0.0375
9619,1,0.04375
9620,2,0.0375
9621,1,0.04375
9622,1,0.04375
9623,0,0.05
9624,2,0.0375
9625,1,0.04375
9626,1,0.04375
9627,0,0.05
9628,1,0.04375
9629,0,0.05
9630,0,0.05
9631,1,0.05625
9632,3,0.03125
9633,2,0.0375
9634,2,0.0375
9635,1,0.04375
9636,2,0.0375
9637,1,0.04375
9638,1,0.04375
9639,0,0.05
9640,2,0.0375
9641,1,0.04375
9642,1,0.04375
9643,0,0.05
9644,1,0.04375
9645,0,0.05
9646,0,0.05
9647,1,0.05625
9648,2,0.0375
9649,1,0.04375
9650,1,0.04375
9651,0,0.05
9652,1,0.04375
9653,0,0.05
9654,0,0.05
9655,1,0.05625
9656,1,0.04375
9657,0,0.05
9658,0,0.05
9659,1,0.05625
9660,0,0.05
9661,1,0.05625
9662,1,0.05625
9663,2,0.0625
9664,3,0.03125
9665,2,0.0375
9666,2,0.0375
9667,1,0.04375
9668,2,0.0375
9669,1,0.04375
9670,1,0.04375
9671,0,0.05
9672,2,0.0375
9673,1,0.04375
9674,1,0.04375
9675,0,0.05
9676,1,0.04375
9677,0,0.05
9678,0,0.05
9679,1,0.05625
9680,2,0.0375
9681,1,0.04375
9682,1,0.04375
9683,0,0.05
9684,1,0.04375
9685,0,0.05
9686,0,0.05
9687,1,0.05625
9688,1,0.04375
9689,0,0.05
9690,0,0.05
9691,1,0.05625
9692,0,0.05
9693,1,0.05625
9694,1,0.05625
9695,2,0.0625
9696,2,0.0375
9697,1,0.04375
9698,1,0.04375
9699,0,0.05
9700,1,0.04375
9701,0,0.05
9702,0,0.05
9703,1,0.05625
9704,1,0.04375
9705,0,0.05
9706,0,0.05
9707,1,0.05625
9708,0,0.05
9709,1,0.05625
9710,1,0.05625
9711,2,0.0625
9712,1,0.04375
9713,0,0.05
9714,0,0.05
9715,1,0.05625
9716,0,0.05
9717,1,0.05625
9718,1,0.05625
9719,2,0.0625
9720,0,0.05
9721,1,0.05625
9722,1,0.05625
9723,2,0.0625
9724,1,0.05625
9725,2,0.0625
9726,2,0.0625
9727,3,0.06875
9728,3,0.01875
9729,4,0.025
9730,4,0.025
9731,3,0.03125
9732,4,0.025
9733,3,0.03125
9734,3,0.03125
9735,2,0.0375
9736,4,0.025
9737,3,0.03125
9738,3,0.03125
9739,2,0.0375
9740,3,0.03125
9741,2,0.0375
9742,2,0.0375
9743,1,0.04375
9744,4,0.025
9745,3,0.03125
9746,3,0.03125
9747,2,0.0375
9748,3,0.03125
9749,2,0.0375
9750,2,0.0375
9751,1,0.04375
9752,3,0.03125
9753,2,0.0375
9754,2,0.0375
9755,1,0.04375
9756,2,0.0375
9757,1,0.04375
9758,1,0.04375
9759,0,0.05
9760,4,0.025
9761,3,0.03125
9762,3,0.03125
9763,2,0.0375
9764,3,0.03125
9765,2,0.0375
9766,2,0.0375
9767,1,0.04375
9768,3,0.03125
9769,2,0.0375
9770,2,0.0375
9771,1,0.04375
9772,2,0.0375
9773,1,0.04375
9774,1,0.04375
9775,0,0.05
9776,3,0.03125
9777,2,0.0375
9778,2,0.0375
9779,1,0.04375
9780,2,0.0375
9781,1,0.04375
9782,1,0.04375
9783,0,0.05
9784,2,0.0375
9785,1,0.04375
9786,1,0.04375
9787,0,0.05
9788,1,0.04375
9789,0,0.05
9790,0,0.05
9791,1,0.05625
9792,4,0.025
9793,3,0.03125
9794,3,0.03125
9795,2,0.0375
9796,3,0.03125
9797,2,0.0375
9798,2,0.0375
9799,1,0.04375
9800,3,0.03125
9801,2,0.0375
9802,2,0.0375
9803,1,0.04375
9804,2,0.0375
9805,1,0.04375
9806,1,0.04375
9807,0,0.05
9808,3,0.03125
9809,2,0.0375
9810,2,0.0375
9811,1,0.04375
9812,2,0.0375
9813,1,0.04375
9814,1,0.04375
9815,0,0.05
9816,2,0.0375
9817,1,0.04375
9818,1,0.04375
9819,0,0.05
9820,1,0.04375
9821,0,0.05
9822,0,0.05
9823,1,0.05625
9824,3,0.03125
9825,2,0.0375
9826,2,0.0375
9827,1,0.04375
9828,2,0.0375
9829,1,0.04375
9830,1,0.04375
9831,0,0.05
9832,2,0.0375
9833,1,0.04375
9834,1,0.04375
9835,0,0.05
9836,1,0.04375
9837,0,0.05
9838,0,0.05
9839,1,0.05625
9840,2,0.0375
9841,1,0.04375
9842,1,0.04375
9843,0,0.05
9844,1,0.04375
9845,0,0.05
9846,0,0.05
9847,1,0.05625
9848,1,0.04375
9849,0,0.05
9850,0,0.05
9851,1,0.05625
9852,0,0.05
9853,1,0.05625
9854,1,0.05625
9855,2,0.0625
9856,4,0.025
9857,3,0.03125
9858,3,0.03125
9859,2,0.0375
9860,3,0.03125
9861,2,0.0375
9862,2,0.0375
9863,1,0.04375
9864,3,0.03125
9865,2,0.0375
9866,2,0.0375
9867,1,0.04375
9868,2,0.0375
9869,1,0.04375
9870,1,0.04375
9871,0,0.05
9872,3,0.03125
9873,2,0.0375
9874,2,0.0375
9875,1,0.04375
9876,2,0.0375
9877,1,0.04375
9878,1,0.04375
9879,0,0.05
9880,2,0.0375
9881,1,0.04375
9882,1,0.04375
9883,0,0.05
9884,1,0.04375
9885,0,0.05
9886,0,0.05
9887,1,0.05625
9888,3,0.03125
9889,2,0.0375
9890,2,0.0375
9891,1,0.04375
9892,2,0.0375
9893,1,0.04375
9894,1,0.04375
9895,0,0.05
9896,2,0.0375
9897,1,0.04375
9898,1,0.04375
9899,0,0.05
9900,1,0.04375
9901,0,0.05
9902,0,0.05
9903,1,0.05625
9904,2,0.0375
9905,1,0.04375
9906,1,0.04375
9907,0,0.05
9908,1,0.04375
9909,0,0.05
9910,0,0.05
9911,1,0.05625
9912,1,0.04375
9913,0,0.05
9914,0,0.05
9915,1,0.05625
9916,0,0.05
9917,1,0.05625
9918,1,0.05625
9919,2,0.0625
9920,3,0.03125
9921,2,0.0375
9922,2,0.0375
9923,1,0.04375
9924,2,0.0375
9925,1,0.04375
9926,1,0.04375
9927,0,0.05
9928,2,0.0375
9929,1,0.04375
9930,1,0.04375
9931,0,0.05
9932,1,0.04375
9933,0,0.05
9934,0,0.05
9935,1,0.05625
9936,2,0.0375
9937,1,0.04375
9938,1,0.04375
9939,0,0.05
9940,1,0.04375
9941,0,0.05
9942,0,0.05
9943,1,0.05625
9944,1,0.04375
9945,0,0.05
9946,0,0.05
9947,1,0.05625
9948,0,0.05
9949,1,0.05625
9950,1,0.05625
9951,2,0.0625
9952,2,0.0375
9953,1,0.04375
9954,1,0.04375
9955,0,0.05
9956,1,0.04375
9957,0,0.05
9958,0,0.05
9959,1,0.05625
9960,1,0.04375
9961,0,0.05
9962,0,0.05
9963,1,0.05625
9964,0,0.05
9965,1,0.05625
9966,1,0.05625
9967,2,0.0625
9968,1,0.04375
9969,0,0.05
9970,0,0.05
9971,1,0.05625
9972,0,0.05
9973,1,0.05625
9974,1,0.05625
9975,2,0.0625
9976,0,0.05
9977,1,0.05625
9978,1,0.05625
9979,2,0.0625
9980,1,0.05625
9981,2,0.0625
9982,2,0.0625
9983,3,0.06875
9984,4,0.025
9985,3,0.03125
9986,3,0.03125
9987,2,0.0375
9988,3,0.03125
9989,2,0.0375
9990,2,0.0375
9991,1,0.04375
9992,3,0.03125
9993,2,0.0375
9994,2,0.0375
9995,1,0.04375
9996,2,0.0375
9997,1,0.04375
9998,1,0.04375
9999,0,0.05
10000,3,0.03125
10001,2,0.0375
10002,2,0.0375
10003,1,0.04375
10004,2,0.0375
10005,1,0.04375
10006,1,0.04375
10007,0,0.05
10008,2,0.0375
10009,1,0.04375
10010,1,0.04375
10011,0,0.05
10012,1,0.04375
10013,0,0.05
10014,0,0.05
10015,1,0.05625
10016,3,0.03125
10017,2,0.0375
10018,2,0.0375
10019,1,0.04375
10020,2,0.0375
10021,1,0.04375
10022,1,0.04375
10023,0,0.05
10024,2,0.0375
10025,1,0.04375
10026,1,0.04375
10027,0,0.05
10028,1,0.04375
10029,0,0.05
10030,0,0.05
10031,1,0.05625
10032,2,0.0375
10033,1,0.04375
10034,1,0.04375
10035,0,0.05
10036,1,0.04375
10037,0,0.05
10038,0,0.05
10039,1,0.05625
10040,1,0.04375
10041,0,0.05
10042,0,0.05
10043,1,0.05625
10044,0,0.05
10045,1,0.05625
10046,1,0.05625
10047,2,0.0625
10048,3,0.03125
10049,2,0.0375
10050,2,0.0375
10051,1,0.04375
10052,2,0.0375
10053,1,0.04375
10054,1,0.04375
10055,0,0.05
10056,2,0.0375
10057,1,0.04375
10058,1,0.04375
10059,0,0.05
10060,1,0.04375
10061,0,0.05
10062,0,0.05
10063,1,0.05625
10064,2,0.0375
10065,1,0.04375
10066,1,0.04375
10067,0,0.05
10068,1,0.04375
10069,0,0.05
10070,0,0.05
10071,1,0.05625
10072,1,0.04375
10073,0,0.05
10074,0,0.05
10075,1,0.05625
10076,0,0.05
10077,1,0.05625
10078,1,0.05625
10079,2,0.0625
10080,2,0.0375
10081,1,0.04375
10082,1,0.04375
10083,0,0.05
10084,1,0.04375
10085,0,0.05
10086,0,0.05
10087,1,0.05625
10088,1,0.04375
10089,0,0.05
10090,0,0.05
10091,1,0.05625
10092,0,0.05
10093,1,0.05625
10094,1,0.05625
10095,2,0.0625
10096,1,0.04375
10097,0,0.05
10098,0,0.05
10099,1,0.05625
10100,0,0.05
10101,1,0.05625
10102,1,0.05625
10103,2,0.0625
10104,0,0.05
10105,1,0.05625
10106,1,0.05625
10107,2,0.0625
10108,1,0.05625
10109,2,0.0625
10110,2,0.0625
10111,3,0.06875
10112,3,0.03125
10113,2,0.0375
10114,2,0.0375
10115,1,0.04375
10116,2,0.0375
10117,1,0.04375
10118,1,0.04375
10119,0,0.05
10120,2,0.0375
10121,1,0.04375
10122,1,0.04375
10123,0,0.05
10124,1,0.04375
10125,0,0.05
10126,0,0.05
10127,1,0.05625
10128,2,0.0375
10129,1,0.04375
10130,1,0.04375
10131,0,0.05
10132,1,0.04375
10133,0,0.05
10134,0,0.05
10135,1,0.05625
10136,1,0.04375
10137,0,0.05
10138,0,0.05
10139,1,0.05625
10140,0,0.05
10141,1,0.05625
10142,1,0.05625
10143,2,0.0625
10144,2,0.0375
10145,1,0.04375
10146,1,0.04375
10147,0,0.05
10148,1,0.04375
10149,0,0.05
10150,0,0.05
10151,1,0.05625
10152,1,0.04375
10153,0,0.05
10154,0,0.05
10155,1,0.05625
10156,0,0.05
10157,1,0.05625
10158,1,0.05625
10159,2,0.0625
10160,1,0.04375
10161,0,0.05
10162,0,0.05
10163,1,0.05625
10164,0,0.05
10165,1,0.05625
10166,1,0.05625
10167,2,0.0625
10168,0,0.05
10169,1,0.05625
10170,1,0.05625
10171,2,0.0625
10172,1,0.05625
10173,2,0.0625
10174,2,0.0625
10175,3,0.06875
10176,2,0.0375
10177,1,0.04375
10178,1,0.04375
10179,0,0.05
10180,1,0.04375
10181,0,0.05
10182,0,0.05
10183,1,0.05625
10184,1,0.04375
10185,0,0.05
10186,0,0.05
10187,1,0.05625
10188,0,0.05
10189,1,0.05625
10190,1,0.05625
10191,2,0.0625
10192,1,0.04375
10193,0,0.05
10194,0,0.05
10195,1,0.05625
10196,0,0.05
10197,1,0.05625
10198,1,0.05625
10199,2,0.0625
10200,0,0.05
10201,1,0.05625
10202,1,0.05625
10203,2,0.0625
10204,1,0.05625
10205,2,0.0625
10206,2,0.0625
10207,3,0.06875
10208,1,0.04375
10209,0,0.05
10210,0,0.05
10211,1,0.05625
10212,0,0.05
10213,1,0.05625
10214,1,0.05625
10215,2,0.0625
10216,0,0.05
10217,1,0.05625
10218,1,0.05625
10219,2,0.0625
10220,1,0.05625
10221,2,0.0625
10222,2,0.0625
10223,3,0.06875
10224,0,0.05
10225,1,0.05625
10226,1,0.05625
10227,2,0.0625
10228,1,0.05625
10229,2,0.0625
10230,2,0.0625
10231,3,0.06875
10232,1,0.05625
10233,2,0.0625
10234,2,0.0625
10235,3,0.06875
10236,2,0.0625
10237,3,0.06875
10238,3,0.06875
10239,4,0.075
10240,2,0.0125
10241,3,0.01875
10242,3,0.01875
10243,4,0.025
10244,3,0.01875
10245,4,0.025
10246,4,0.025
10247,3,0.03125
10248,3,0.01875
10249,4,0.025
10250,4,0.025
10251,3,0.03125
10252,4,0.025
10253,3,0.03125
10254,3,0.03125
10255,2,0.0375
10256,3,0.01875
10257,4,0.025
10258,4,0.025
10259,3,0.03125
10260,4,0.025
10261,3,0.03125
10262,3,0.03125
10263,2,0.0375
10264,4,0.025
10265,3,0.03125
10266,3,0.03125
10267,2,0.0375
10268,3,0.03125
10269,2,0.0375
10270,2,0.0375
10271,1,0.04375
10272,3,0.01875
10273,4,0.025
10274,4,0.025
10275,3,0.03125
10276,4,0.025
10277,3,0.03125
10278,3,0.03125
10279,2,0.0375
10280,4,0.025
10281,3,0.03125
10282,3,0.03125
10283,2,0.0375
10284,3,0.03125
10285,2,0.0375
10286,2,0.0375
10287,1,0.04375
10288,4,0.025
10289,3,0.03125
10290,3,0.03125
10291,2,0.0375
10292,3,0.03125
10293,2,0.0375
10294,2,0.0375
10295,1,0.04375
10296,3,0.03125
10297,2,0.0375
10298,2,0.0375
10299,1,0.04375
10300,2,0.0375
10301,1,0.04375
10302,1,0.04375
10303,0,0.05
10304,3,0.01875
10305,4,0.025
10306,4,0.025
10307,3,0.03125
10308,4,0.025
10309,3,0.03125
10310,3,0.03125
10311,2,0.0375
10312,4,0.025
10313,3,0.03125
10314,3,0.03125
10315,2,0.0375
10316,3,0.03125
10317,2,0.0375
10318,2,0.0375
10319,1,0.04375
10320,4,0.025
10321,3,0.03125
10322,3,0.03125
10323,2,0.0375
10324,3,0.03125
10325,2,0.0375
10326,2,0.0375
10327,1,0.04375
10328,3,0.03125
10329,2,0.0375
10330,2,0.0375
10331,1,0.04375
10332,2,0.0375
10333,1,0.04375
10334,1,0.04375
10335,0,0.05
10336,4,0.025
10337,3,0.03125
10338,3,0.03125
10339,2,0.0375
10340,3,0.03125
10341,2,0.0375
10342,2,0.0375
10343,1,0.04375
10344,3,0.03125
10345,2,0.0375
10346,2,0.0375
10347,1,0.04375
10348,2,0.0375
10349,1,0.04375
10350,1,0.04375
10351,0,0.05
10352,3,0.03125
10353,2,0.0375
10354,2,0.0375
10355,1,0.04375
10356,2,0.0375
10357,1,0.04375
10358,1,0.04375
10359,0,0.05
10360,2,0.0375
10361,1,0.04375
10362,1,0.04375
10363,0,0.05
10364,1,0.04375
10365,0,0.05
10366,0,0.05
10367,1,0.05625
10368,3,0.01875
10369,4,0.025
10370,4,0.025
10371,3,0.03125
10372,4,0.025
10373,3,0.03125
10374,3,0.03125
10375,2,0.0375
10376,4,0.025
10377,3,0.03125
10378,3,0.03125
10379,2,0.0375
10380,3,0.03125
10381,2,0.0375
10382,2,0.0375
10383,1,0.04375
10384,4,0.025
10385,3,0.03125
10386,3,0.03125
10387,2,0.0375
10388,3,0.03125
10389,2,0.0375
10390,2,0.0375
10391,1,0.04375
10392,3,0.03125
10393,2,0.0375
10394,2,0.0375
10395,1,0.04375
10396,2,0.0375
10397,1,0.04375
10398,1,0.04375
10399,0,0.05
10400,4,0.025
10401,3,0.03125
10402,3,0.03125
10403,2,0.0375
10404,3,0.03125
10405,2,0.0375
10406,2,0.0375
10407,1,0.04375
10408,3,0.03125
10409,2,0.0375
10410,2,0.0375
10411,1,0.04375
10412,2,0.0375
10413,1,0.04375
10414,1,0.04375
10415,0,0.05
10416,3,0.03125
10417,2,0.0375
10418,2,0.0375
10419,1,0.04375
10420,2,0.0375
10421,1,0.04375
10422,1,0.04375
10423,0,0.05
10424,2,0.0375
10425,1,0.04375
10426,1,0.04375
10427,0,0.05
10428,1,0.04375
10429,0,0.05
10430,0,0.05
10431,1,0.05625
10432,4,0.025
10433,3,0.03125
10434,3,0.03125
10435,2,0.0375
10436,3,0.03125
10437,2,0.0375
10438,2,0.0375
10439,1,0.04375
10440,3,0.03125
10441,2,0.0375
10442,2,0.0375
10443,1,0.04375
10444,2,0.0375
10445,1,0.04375
10446,1,0.04375
10447,0,0.05
10448,3,0.03125
10449,2,0.0375
10450,2,0.0375
10451,1,0.04375
10452,2,0.0375
10453,1,0.04375
10454,1,0.04375
10455,0,0.05
10456,2,0.0375
10457,1,0.04375
10458,1,0.04375
10459,0,0.05
10460,1,0.04375
10461,0,0.05
10462,0,0.05
10463,1,0.05625
10464,3,0.03125
10465,2,0.0375
10466,2,0.0375
10467,1,0.04375
10468,2,0.0375
10469,1,0.04375
10470,1,0.04375
10471,0,0.05
10472,2,0.0375
10473,1,0.04375
10474,1,0.04375
10475,0,0.05
10476,1,0.04375
10477,0,0.05
10478,0,0.05
10479,1,0.05625
10480,2,0.0375
10481,1,0.04375
10482,1,0.04375
10483,0,0.05
10484,1,0.04375
10485,0,0.05
10486,0,0.05
10487,1,0.05625
10488,1,0.04375
10489,0,0.05
10490,0,0.05
10491,1,0.05625
10492,0,0.05
10493,1,0.05625
10494,1,0.05625
10495,2,0.0625
10496,3,0.01875
10497,4,0.025
10498,4,0.025
10499,3,0.03125
10500,4,0.025
10501,3,0.03125
10502,3,0.03125
10503,2,0.0375
10504,4,0.025
10505,3,0.03125
10506,3,0.03125
10507,2,0.0375
10508,3,0.03125
10509,2,0.0375
10510,2,0.0375
10511,1,0.04375
10512,4,0.025
10513,3,0.03125
10514,3,0.03125
10515,2,0.0375
10516,3,0.03125
10517,2,0.0375
10518,2,0.0375
10519,1,0.04375
10520,3,0.03125
10521,2,0.0375
10522,2,0.0375
10523,1,0.04375
10524,2,0.0375
10525,1,0.04375
10526,1,0.04375
10527,0,0.05
10528,4,0.025
10529,3,0.03125
10530,3,0.03125
10531,2,0.0375
10532,3,0.03125
10533,2,0.0375
10534,2,0.0375
10535,1,0.04375
10536,3,0.03125
10537,2,0.0375
10538,2,0.0375
10539,1,0.04375
10540,2,0.0375
10541,1,0.04375
10542,1,0.04375
10543,0,0.05
10544,3,0.03125
10545,2,0.0375
10546,2,0.0375
10547,1,0.04375
10548,2,0.0375
10549,1,0.04375
10550,1,0.04375
10551,0,0.05
10552,2,0.0375
10553,1,0.04375
10554,1,0.04375
10555,0,0.05
10556,1,0.04375
10557,0,0.05
10558,0,0.05
10559,1,0.05625
10560,4,0.025
10561,3,0.03125
10562,3,0.03125
10563,2,0.0375
10564,3,0.03125
10565,2,0.0375
10566,2,0.0375
10567,1,0.04375
10568,3,0.03125
10569,2,0.0375
10570,2,0.0375
10571,1,0.04375
10572,2,0.0375
10573,1,0.04375
10574,1,0.04375
10575,0,0.05
10576,3,0.03125
10577,2,0.0375
10578,2,0.0375
10579,1,0.04375
10580,2,0.0375
10581,1,0.04375
10582,1,0.04375
10583,0,0.05
10584,2,0.0375
10585,1,0.04375
10586,1,0.04375
10587,0,0.05
10588,1,0.04375
10589,0,0.05
10590,0,0.05
10591,1,0.05625
10592,3,0.03125
10593,2,0.0375
10594,2,0.0375
10595,1,0.04375
10596,2,0.0375
10597,1,0.04375
10598,1,0.04375
10599,0,0.05
10600,2,0.0375
10601,1,0.04375
10602,1,0.04375
10603,0,0.05
10604,1,0.04375
10605,0,0.05
10606,0,0.05
10607,1,0.05625
10608,2,0.0375
10609,1,0.04375
10610,1,0.04375
10611,0,0.05
10612,1,0.04375
10613,0,0.05
10614,0,0.05
10615,1,0.05625
10616,1,0.04375
10617,0,0.05
10618,0,0.05
10619,1,0.05625
10620,0,0.05
10621,1,0.05625
10622,1,0.05625
10623,2,0.0625
10624,4,0.025
10625,3,0.03125
10626,3,0.03125
10627,2,0.0375
10628,3,0.03125
10629,2,0.0375
10630,2,0.0375
10631,1,0.04375
10632,3,0.03125
10633,2,0.0375
10634,2,0.0375
10635,1,0.04375
10636,2,0.0375
10637,1,0.04375
10638,1,0.04375
10639,0,0.05
10640,3,0.03125
10641,2,0.0375
10642,2,0.0375
10643,1,0.04375
10644,2,0.0375
10645,1,0.04375
10646,1,0.04375
10647,0,0.05
10648,2,0.0375
10649,1,0.04375
10650,1,0.04375
10651,0,0.05
10652,1,0.04375
10653,0,0.05
10654,0,0.05
10655,1,0.05625
10656,3,0.03125
10657,2,0.0375
10658,2,0.0375
10659,1,0.04375
10660,2,0.0375
10661,1,0.04375
10662,1,0.04375
10663,0,0.05
10664,2,0.0375
10665,1,0.04375
10666,1,0.04375
10667,0,0.05
10668,1,0.04375
10669,0,0.05
10670,0,0.05
10671,1,0.05625
10672,2,0.0375
10673,1,0.04375
10674,1,0.04375
10675,0,0.05
10676,1,0.04375
10677,0,0.05
10678,0,0.05
10679,1,0.05625
10680,1,0.04375
10681,0,0.05
10682,0,0.05
10683,1,0.05625
10684,0,0.05
10685,1,0.05625
10686,1,0.05625
10687,2,0.0625
10688,3,0.03125
10689,2,0.0375
10690,2,0.0375
10691,1,0.04375
10692,2,0.0375
10693,1,0.04375
10694,1,0.04375
10695,0,0.05
10696,2,0.0375
10697,1,0.04375
10698,1,0.04375
10699,0,0.05
10700,1,0.04375
10701,0,0.05
10702,0,0.05
10703,1,0.05625
10704,2,0.0375
10705,1,0.04375
10706,1,0.04375
10707,0,0.05
10708,1,0.04375
10709,0,0.05
10710,0,0.05
10711,1,0.05625
10712,1,0.04375
10713,0,0.05
10714,0,0.05
10715,1,0.05625
10716,0,0.05
10717,1,0.05625
10718,1,0.05625
10719,2,0.0625
10720,2,0.0375
10721,1,0.04375
10722,1,0.04375
10723,0,0.05
10724,1,0.04375
10725,0,0.05
10726,0,0.05
10727,1,0.05625
10728,1,0.04375
10729,0,0.05
10730,0,0.05
10731,1,0.05625
10732,0,0.05
10733,1,0.05625
10734,1,0.05625
10735,2,0.0625
10736,1,0.04375
10737,0,0.05
10738,0,0.05
10739,1,0.05625
10740,0,0.05
10741,1,0.05625
10742,1,0.05625
10743,2,0.0625
10744,0,0.05
10745,1,0.05625
10746,1,0.05625
10747,2,0.0625
10748,1,0.05625
10749,2,0.0625
10750,2,0.0625
10751,3,0.06875
10752,3,0.01875
10753,4,0.025
10754,4,0.025
10755,3,0.03125
10756,4,0.025
10757,3,0.03125
10758,3,0.03125
10759,2,0.0375
10760,4,0.025
10761,3,0.03125
10762,3,0.03125
10763,2,0.0375
10764,3,0.03125
10765,2,0.0375
10766,2,0.0375
10767,1,0.04375
10768,4,0.025
10769,3,0.03125
10770,3,0.03125
10771,2,0.0375
10772,3,0.03125
10773,2,0.0375
10774,2,0.0375
10775,1,0.04375
10776,3,0.03125
10777,2,0.0375
10778,2,0.0375
10779,1,0.04375
10780,2,0.0375
10781,1,0.04375
10782,1,0.04375
10783,0,0.05
10784,4,0.025
10785,3,0.03125
10786,3,0.03125
10787,2,0.0375
10788,3,0.03125
10789,2,0.0375
10790,2,0.0375
10791,1,0.04375
10792,3,0.03125
10793,2,0.0375
10794,2,0.0375
10795,1,0.04375
10796,2,0.0375
10797,1,0.04375
10798,1,0.04375
10799,0,0.05
10800,3,0.03125
10801,2,0.0375
10802,2,0.0375
10803,1,0.04375
10804,2,0.0375
10805,1,0.04375
10806,1,0.04375
10807,0,0.05
10808,2,0.0375
10809,1,0.04375
10810,1,0.04375
10811,0,0.05
10812,1,0.04375
10813,0,0.05
10814,0,0.05
10815,1,0.05625
10816,4,0.025
10817,3,0.03125
10818,3,0.03125
10819,2,0.0375
10820,3,0.03125
10821,2,0.0375
10822,2,0.0375
10823,1,0.04375
10824,3,0.03125
10825,2,0.0375
10826,2,0.0375
10827,1,0.04375
10828,2,0.0375
10829,1,0.04375
10830,1,0.04375
10831,0,0.05
10832,3,0.03125
10833,2,0.0375
10834,2,0.0375
10835,1,0.04375
10836,2,0.0375
10837,1,0.04375
10838,1,0.04375
10839,0,0.05
10840,2,0.0375
10841,1,0.04375
10842,1,0.04375
10843,0,0.05
10844,1,0.04375
10845,0,0.05
10846,0,0.05
10847,1,0.05625
10848,3,0.03125
10849,2,0.0375
10850,2,0.0375
10851,1,0.04375
10852,2,0.0375
10853,1,0.04375
10854,1,0.04375
10855,0,0.05
10856,2,0.0375
10857,1,0.04375
10858,1,0.04375
10859,0,0.05
10860,1,0.04375
10861,0,0.05
10862,0,0.05
10863,1,0.05625
10864,2,0.0375
10865,1,0.04375
10866,1,0.04375
10867,0,0.05
10868,1,0.04375
10869,0,0.05
10870,0,0.05
10871,1,0.05625
10872,1,0.04375
10873,0,0.05
10874,0,0.05
10875,1,0.05625
10876,0,0.05
10877,1,0.05625
10878,1,0.05625
10879,2,0.0625
10880,4,0.025
10881,3,0.03125
10882,3,0.03125
10883,2,0.0375
10884,3,0.03125
10885,2,0.0375
10886,2,0.0375
10887,1,0.04375
10888,3,0.03125
10889,2,0.0375
10890,2,0.0375
10891,1,0.04375
10892,2,0.0375
10893,1,0.04375
10894,1,0.04375
10895,0,0.05
10896,3,0.03125
10897,2,0.0375
10898,2,0.0375
10899,1,0.04375
10900,2,0.0375
10901,1,0.04375
10902,1,0.04375
10903,0,0.05
10904,2,0.0375
10905,1,0.04375
10906,1,0.04375
10907,0,0.05
10908,1,0.04375
10909,0,0.05
10910,0,0.05
10911,1,0.05625
10912,3,0.03125
10913,2,0.0375
10914,2,0.0375
10915,1,0.04375
10916,2,0.0375
10917,1,0.04375
10918,1,0.04375
10919,0,0.05
10920,2,0.0375
10921,1,0.04375
10922,1,0.04375
10923,0,0.05
10924,1,0.04375
10925,0,0.05
10926,0,0.05
10927,1,0.05625
10928,2,0.0375
10929,1,0.04375
10930,1,0.04375
10931,0,0.05
10932,1,0.04375
10933,0,0.05
10934,0,0.05
10935,1,0.05625
10936,1,0.04375
10937,0,0.05
10938,0,0.05
10939,1,0.05625
10940,0,0.05
10941,1,0.05625
10942,1,0.05625
10943,2,0.0625
10944,3,0.03125
10945,2,0.0375
10946,2,0.0375
10947,1,0.04375
10948,2,0.0375
10949,1,0.04375
10950,1,0.04375
10951,0,0.05
10952,2,0.0375
10953,1,0.04375
10954,1,0.04375
10955,0,0.05
10956,1,0.04375
10957,0,0.05
10958,0,0.05
10959,1,0.05625
10960,2,0.0375
10961,1,0.04375
10962,1,0.04375
10963,0,0.05
10964,1,0.04375
10965,0,0.05
10966,0,0.05
10967,1,0.05625
10968,1,0.04375
10969,0,0.05
10970,0,0.05
10971,1,0.05625
10972,0,0.05
10973,1,0.05625
10974,1,0.05625
10975,2,0.0625
10976,2,0.0375
10977,1,0.04375
10978,1,0.04375
10979,0,0.05
10980,1,0.04375
10981,0,0.05
10982,0,0.05
10983,1,0.05625
10984,1,0.04375
10985,0,0.05
10986,0,0.05
10987,1,0.05625
10988,0,0.05
10989,1,0.05625
10990,1,0.05625
10991,2,0.0625
10992,1,0.04375
10993,0,0.05
10994,0,0.05
10995,1,0.05625
10996,0,0.05
10997,1,0.05625
10998,1,0.05625
10999,2,0.0625
11000,0,0.05
11001,1,0.05625
11002,1,0.05625
11003,2,0.0625
11004,1,0.05625
11005,2,0.0625
11006,2,0.0625
11007,3,0.06875
11008,4,0.025
11009,3,0.03125
11010,3,0.03125
11011,2,0.0375
11012,3,0.03125
11013,2,0.0375
11014,2,0.0375
11015,1,0.04375
11016,3,0.03125
11017,2,0.0375
11018,2,0.0375
11019,1,0.04375
11020,2,0.0375
11021,1,0.04375
11022,1,0.04375
11023,0,0.05
11024,3,0.03125
11025,2,0.0375
11026,2,0.0375
11027,1,0.04375
11028,2,0.0375
11029,1,0.04375
11030,1,0.04375
11031,0,0.05
11032,2,0.0375
11033,1,0.04375
11034,1,0.04375
11035,0,0.05
11036,1,0.04375
11037,0,0.05
11038,0,0.05
11039,1,0.05625
11040,3,0.03125
11041,2,0.0375
11042,2,0.0375
11043,1,0.04375
11044,2,0.0375
11045,1,0.04375
11046,1,0.04375
11047,0,0.05
11048,2,0.0375
11049,1,0.04375
11050,1,0.04375
11051,0,0.05
11052,1,0.04375
11053,0,0.05
11054,0,0.05
11055,1,0.05625
11056,2,0.0375
11057,1,0.04375
11058,1,0.04375
11059,0,0.05
11060,1,0.04375
11061,0,0.05
11062,0,0.05
11063,1,0.05625
11064,1,0.04375
11065,0,0.05
11066,0,0.05
11067,1,0.05625
11068,0,0.05
11069,1,0.05625
11070,1,0.05625
11071,2,0.0625
11072,3,0.03125
11073,2,0.0375
11074,2,0.0375
11075,1,0.04375
11076,2,0.0375
11077,1,0.04375
11078,1,0.04375
11079,0,0.05
11080,2,0.0375
11081,1,0.04375
11082,1,0.04375
11083,0,0.05
11084,1,0.04375
11085,0,0.05
11086,0,0.05
11087,1,0.05625
11088,2,0.0375
11089,1,0.04375
11090,1,0.04375
11091,0,0.05
11092,1,0.04375
11093,0,0.05
11094,0,0.05
11095,1,0.05625
11096,1,0.04375
11097,0,0.05
11098,0,0.05
11099,1,0.05625
11100,0,0.05
11101,1,0.05625
11102,1,0.05625
11103,2,0.0625
11104,2,0.0375
11105,1,0.04375
11106,1,0.04375
11107,0,0.05
11108,1,0.04375
11109,0,0.05
11110,0,0.05
11111,1,0.05625
11112,1,0.04375
11113,0,0.05
11114,0,0.05
11115,1,0.05625
11116,0,0.05
11117,1,0.05625
11118,1,0.05625
11119,2,0.0625
11120,1,0.04375
11121,0,0.05
11122,0,0.05
11123,1,0.05625
11124,0,0.05
11125,1,0.05625
11126,1,0.05625
11127,2,0.0625
11128,0,0.05
11129,1,0.05625
11130,1,0.05625
11131,2,0.0625
11132,1,0.05625
11133,2,0.0625
11134,2,0.0625
11135,3,0.06875
11136,3,0.03125
11137,2,0.0375
11138,2,0.0375
11139,1,0.04375
11140,2,0.0375
11141,1,0.04375
11142,1,0.04375
11143,0,0.05
11144,2,0.0375
11145,1,0.04375
11146,1,0.04375
11147,0,0.05
11148,1,0.04375
11149,0,0.05
11150,0,0.05
11151,1,0.05625
11152,2,0.0375
11153,1,0.04375
11154,1,0.04375
11155,0,0.05
11156,1,0.04375
11157,0,0.05
11158,0,0.05
11159,1,0.05625
11160,1,0.04375
11161,0,0.05
11162,0,0.05
11163,1,0.05625
11164,0,0.05
11165,1,0.05625
11166,1,0.05625
11167,2,0.0625
11168,2,0.0375
11169,1,0.04375
11170,1,0.04375
11171,0,0.05
11172,1,0.04375
11173,0,0.05
11174,0,0.05
11175,1,0.05625
11176,1,0.04375
11177,0,0.05
11178,0,0.05
11179,1,0.05625
11180,0,0.05
11181,1,0.05625
11182,1,0.05625
11183,2,0.0625
11184,1,0.04375
11185,0,0.05
11186,0,0.05
11187,1,0.05625
11188,0,0.05
11189,1,0.05625
11190,1,0.05625
11191,2,0.0625
11192,0,0.05
11193,1,0.05625
11194,1,0.05625
11195,2,0.0625
11196,1,0.05625
11197,2,0.0625
11198,2,0.0625
11199,3,0.06875
11200,2,0.0375
11201,1,0.04375
11202,1,0.04375
11203,0,0.05
11204,1,0.04375
11205,0,0.05
11206,0,0.05
11207,1,0.05625
11208,1,0.04375
11209,0,0.05
11210,0,0.05
11211,1,0.05625
11212,0,0.05
11213,1,0.05625
11214,1,0.05625
11215,2,0.0625
11216,1,0.04375
11217,0,0.05
11218,0,0.05
11219,1,0.05625
11220,0,0.05
11221,1,0.05625
11222,1,0.05625
11223,2,0.0625
11224,0,0.05
11225,1,0.05625
11226,1,0.05625
11227,2,0.0625
11228,1,0.05625
11229,2,0.0625
11230,2,0.0625
11231,3,0.06875
11232,1,0.04375
11233,0,0.05
11234,0,0.05
11235,1,0.05625
11236,0,0.05
11237,1,0.05625
11238,1,0.05625
11239,2,0.0625
11240,0,0.05
11241,1,0.05625
11242,1,0.05625
11243,2,0.0625
11244,1,0.05625
11245,2,0.0625
11246,2,0.0625
11247,3,0.06875
11248,0,0.05
11249,1,0.05625
11250,1,0.05625
11251,2,0.0625
11252,1,0.05625
11253,2,0.0625
11254,2,0.0625
11255,3,0.06875
11256,1,0.05625
11257,2,0.0625
11258,2,0.0625
11259,3,0.06875
11260,2,0.0625
11261,3,0.06875
11262,3,0.06875
11263,4,0.075
11264,3,0.01875
11265,4,0.025
11266,4,0.025
11267,3,0.03125
11268,4,0.025
11269,3,0.03125
11270,3,0.03125
11271,2,0.0375
11272,4,0.025
11273,3,0.03125
11274,3,0.03125
11275,2,0.0375
11276,3,0.03125
11277,2,0.0375
11278,2,0.0375
11279,1,0.04375
11280,4,0.025
11281,3,0.03125
11282,3,0.03125
11283,2,0.0375
11284,3,0.03125
11285,2,0.0375
11286,2,0.0375
11287,1,0.04375
11288,3,0.03125
11289,2,0.0375
11290,2,0.0375
11291,1,0.04375
11292,2,0.0375
11293,1,0.04375
11294,1,0.04375
11295,0,0.05
11296,4,0.025
11297,3,0.03125
11298,3,0.03125
11299,2,0.0375
11300,3,0.03125
11301,2,0.0375
11302,2,0.0375
11303,1,0.04375
11304,3,0.03125
11305,2,0.0375
11306,2,0.0375
11307,1,0.04375
11308,2,0.0375
11309,1,0.04375
11310,1,0.04375
11311,0,0.05
11312,3,0.03125
11313,2,0.0375
11314,2,0.0375
11315,1,0.04375
11316,2,0.0375
11317,1,0.04375
11318,1,0.04375
11319,0,0.05
11320,2,0.0375
11321,1,0.04375
11322,1,0.04375
11323,0,0.05
11324,1,0.04375
11325,0,0.05
11326,0,0.05
11327,1,0.05625
11328,4,0.025
11329,3,0.03125
11330,3,0.03125
11331,2,0.0375
11332,3,0.03125
11333,2,0.0375
11334,2,0.0375
11335,1,0.04375
11336,3,0.03125
11337,2,0.0375
11338,2,0.0375
11339,1,0.04375
11340,2,0.0375
11341,1,0.04375
11342,1,0.04375
11343,0,0.05
11344,3,0.03125
11345,2,0.0375
11346,2,0.0375
11347,1,0.04375
11348,2,0.0375
11349,1,0.04375
11350,1,0.04375
11351,0,0.05
11352,2,0.0375
11353,1,0.04375
11354,1,0.04375
11355,0,0.05
11356,1,0.04375
11357,0,0.05
11358,0,0.05
11359,1,0.05625
11360,3,0.03125
11361,2,0.0375
11362,2,0.0375
11363,1,0.04375
11364,2,0.0375
11365,1,0.04375
11366,1,0.04375
11367,0,0.05
11368,2,0.0375
11369,1,0.04375
11370,1,0.04375
11371,0,0.05
11372,1,0.04375
11373,0,0.05
11374,0,0.05
11375,1,0.05625
11376,2,0.0375
11377,1,0.04375
11378,1,0.04375
11379,0,0.05
11380,1,0.04375
11381,0,0.05
11382,0,0.05
11383,1,0.05625
11384,1,0.04375
11385,0,0.05
11386,0,0.05
11387,1,0.05625
11388,0,0.05
11389,1,0.05625
11390,1,0.05625
11391,2,0.0625
11392,4,0.025
11393,3,0.03125
11394,3,0.03125
11395,2,0.0375
11396,3,0.03125
11397,2,0.0375
11398,2,0.0375
11399,1,0.04375
11400,3,0.03125
11401,2,0.0375
11402,2,0.0375
11403,1,0.04375
11404,2,0.0375
11405,1,0.04375
11406,1,0.04375
11407,0,0.05
11408,3,0.03125
11409,2,0.0375
11410,2,0.0375
11411,1,0.04375
11412,2,0.0375
11413,1,0.04375
11414,1,0.04375
11415,0,0.05
11416,2,0.0375
11417,1,0.04375
11418,1,0.04375
11419,0,0.05
11420,1,0.04375
11421,0,0.05
11422,0,0.05
11423,1,0.05625
11424,3,0.03125
11425,2,0.0375
11426,2,0.0375
11427,1,0.04375
11428,2,0.0375
11429,1,0.04375
11430,1,0.04375
11431,0,0.05
11432,2,0.0375
11433,1,0.04375
11434,1,0.04375
11435,0,0.05
11436,1,0.04375
11437,0,0.05
11438,0,0.05
11439,1,0.05625
11440,2,0.0375
11441,1,0.04375
11442,1,0.04375
11443,0,0.05
11444,1,0.04375
11445,0,0.05
11446,0,0.05
11447,1,0.05625
11448,1,0.04375
11449,0,0.05
11450,0,0.05
11451,1,0.05625
11452,0,0.05
11453,1,0.05625
11454,1,0.05625
11455,2,0.0625
11456,3,0.03125
11457,2,0.0375
11458,2,0.0375
11459,1,0.04375
11460,2,0.0375
11461,1,0.04375
11462,1,0.04375
11463,0,0.05
11464,2,0.0375
11465,1,0.04375
11466,1,0.04375
11467,0,0.05
11468,1,0.04375
11469,0,0.05
11470,0,0.05
11471,1,0.05625
11472,2,0.0375
11473,1,0.04375
11474,1,0.04375
11475,0,0.05
11476,1,0.04375
11477,0,0.05
11478,0,0.05
11479,1,0.05625
11480,1,0.04375
11481,0,0.05
11482,0,0.05
11483,1,0.05625
11484,0,0.05
11485,1,0.05625
11486,1,0.05625
11487,2,0.0625
11488,2,0.0375
11489,1,0.04375
11490,1,0.04375
11491,0,0.05
11492,1,0.04375
11493,0,0.05
11494,0,0.05
11495,1,0.05625
11496,1,0.04375
11497,0,0.05
11498,0,0.05
11499,1,0.05625
11500,0,0.05
11501,1,0.05625
11502,1,0.05625
11503,2,0.0625
11504,1,0.04375
11505,0,0.05
11506,0,0.05
11507,1,0.05625
11508,0,0.05
11509,1,0.05625
11510,1,0.05625
11511,2,0.0625
11512,0,0.05
11513,1,0.05625
11514,1,0.05625
11515,2,0.0625
11516,1,0.05625
11517,2,0.0625
11518,2,0.0625
11519,3,0.06875
11520,4,0.025
11521,3,0.03125
11522,3,0.03125
11523,2,0.0375
11524,3,0.03125
11525,2,0.0375
11526,2,0.0375
11527,1,0.04375
11528,3,0.03125
11529,2,0.0375
11530,2,0.0375
11531,1,0.04375
11532,2,0.0375
11533,1,0.04375
11534,1,0.04375
11535,0,0.05
11536,3,0.03125
11537,2,0.0375
11538,2,0.0375
11539,1,0.04375
11540,2,0.0375
11541,1,0.04375
11542,1,0.04375
11543,0,0.05
11544,2,0.0375
11545,1,0.04375
11546,1,0.04375
11547,0,0.05
11548,1,0.04375
11549,0,0.05
11550,0,0.05
11551,1,0.05625
11552,3,0.03125
11553,2,0.0375
11554,2,0.0375
11555,1,0.04375
11556,2,0.0375
11557,1,0.04375
11558,1,0.04375
11559,0,0.05
11560,2,0.0375
11561,1,0.04375
11562,1,0.04375
11563,0,0.05
11564,1,0.04375
11565,0,0.05
11566,0,0.05
11567,1,0.05625
11568,2,0.0375
11569,1,0.04375
11570,1,0.04375
11571,0,0.05
11572,1,0.04375
11573,0,0.05
11574,0,0.05
11575,1,0.05625
11576,1,0.04375
11577,0,0.05
11578,0,0.05
11579,1,0.05625
11580,0,0.05
11581,1,0.05625
11582,1,0.05625
11583,2,0.0625
11584,3,0.03125
11585,2,0.0375
11586,2,0.0375
11587,1,0.04375
11588,2,0.0375
11589,1,0.04375
11590,1,0.04375
11591,0,0.05
11592,2,0.0375
11593,1,0.04375
11594,1,0.04375
11595,0,0.05
11596,1,0.04375
11597,0,0.05
11598,0,0.05
11599,1,0.05625
11600,2,0.0375
11601,1,0.04375
11602,1,0.04375
11603,0,0.05
11604,1,0.04375
11605,0,0.05
11606,0,0.05
11607,1,0.05625
11608,1,0.04375
11609,0,0.05
11610,0,0.05
11611,1,0.05625
11612,0,0.05
11613,1,0.05625
11614,1,0.05625
11615,2,0.0625
11616,2,0.0375
11617,1,0.04375
11618,1,0.04375
11619,0,0.05
11620,1,0.04375
11621,0,0.05
11622,0,0.05
11623,1,0.05625
11624,1,0.04375
11625,0,0.05
11626,0,0.05
11627,1,0.05625
11628,0,0.05
11629,1,0.05625
11630,1,0.05625
11631,2,0.0625
11632,1,0.04375
11633,0,0.05
11634,0,0.05
11635,1,0.05625
11636,0,0.05
11637,1,0.05625
11638,1,0.05625
11639,2,0.0625
11640,0,0.05
11641,1,0.05625
11642,1,0.05625
11643,2,0.0625
11644,1,0.05625
11645,2,0.0625
11646,2,0.0625
11647,3,0.06875
11648,3,0.03125
11649,2,0.0375
11650,2,0.0375
11651,1,0.04375
11652,2,0.0375
11653,1,0.04375
11654,1,0.04375
11655,0,0.05
11656,2,0.0375
11657,1,0.04375
11658,1,0.04375
11659,0,0.05
11660,1,0.04375
11661,0,0.05
11662,0,0.05
11663,1,0.05625
11664,2,0.0375
11665,1,0.04375
11666,1,0.04375
11667,0,0.05
11668,1,0.04375
11669,0,0.05
11670,0,0.05
11671,1,0.05625
11672,1,0.04375
11673,0,0.05
11674,0,0.05
11675,1,0.05625
11676,0,0.05
11677,1,0.05625
11678,1,0.05625
11679,2,0.0625
11680,2,0.0375
11681,1,0.04375
11682,1,0.04375
11683,0,0.05
11684,1,0.04375
11685,0,0.05
11686,0,0.05
11687,1,0.05625
11688,1,0.04375
11689,0,0.05
11690,0,0.05
11691,1,0.05625
11692,0,0.05
11693,1,0.05625
11694,1,0.05625
11695,2,0.0625
11696,1,0.04375
11697,0,0.05
11698,0,0.05
11699,1,0.05625
11700,0,0.05
11701,1,0.05625
11702,1,0.05625
11703,2,0.0625
11704,0,0.05
11705,1,0.05625
11706,1,0.05625
11707,2,0.0625
11708,1,0.05625
11709,2,0.0625
11710,2,0.0625
11711,3,0.06875
11712,2,0.0375
11713,1,0.04375
11714,1,0.04375
11715,0,0.05
11716,1,0.04375
11717,0,0.05
11718,0,0.05
11719,1,0.05625
11720,1,0.04375
11721,0,0.05
11722,0,0.05
11723,1,0.05625
11724,0,0.05
11725,1,0.05625
11726,1,0.05625
11727,2,0.0625
11728,1,0.04375
11729,0,0.05
11730,0,0.05
11731,1,0.05625
11732,0,0.05
11733,1,0.05625
11734,1,0.05625
11735,2,0.0625
11736,0,0.05
11737,1,0.05625
11738,1,0.05625
11739,2,0.0625
11740,1,0.05625
11741,2,0.0625
11742,2,0.0625
11743,3,0.06875
11744,1,0.04375
11745,0,0.05
11746,0,0.05
11747,1,0.05625
11748,0,0.05
11749,1,0.05625
11750,1,0.05625
11751,2,0.0625
11752,0,0.05
11753,1,0.05625
11754,1,0.05625
11755,2,0.0625
11756,1,0.05625
11757,2,0.0625
11758,2,0.0625
11759,3,0.06875
11760,0,0.05
11761,1,0.05625
11762,1,0.05625
11763,2,0.0625
11764,1,0.05625
11765,2,0.0625
11766,2,0.0625
11767,3,0.06875
11768,1,0.05625
11769,2,0.0625
11770,2,0.0625
11771,3,0.06875
11772,2,0.0625
11773,3,0.06875
11774,3,0.06875
11775,4,0.075
11776,4,0.025
11777,3,0.03125
11778,3,0.03125
11779,2,0.0375
11780,3,0.03125
11781,2,0.0375
11782,2,0.0375
11783,1,0.04375
11784,3,0.03125
11785,2,0.0375
11786,2,0.0375
11787,1,0.04375
11788,2,0.0375
11789,1,0.04375
11790,1,0.04375
11791,0,0.05
11792,3,0.03125
11793,2,0.0375
11794,2,0.0375
11795,1,0.04375
11796,2,0.0375
11797,1,0.04375
11798,1,0.04375
11799,0,0.05
11800,2,0.0375
11801,1,0.04375
11802,1,0.04375
11803,0,0.05
11804,1,0.04375
11805,0,0.05
11806,0,0.05
11807,1,0.05625
11808,3,0.03125
11809,2,0.0375
11810,2,0.0375
11811,1,0.04375
11812,2,0.0375
11813,1,0.04375
11814,1,0.04375
11815,0,0.05
11816,2,0.0375
11817,1,0.04375
11818,1,0.04375
11819,0,0.05
11820,1,0.04375
11821,0,0.05
11822,0,0.05
11823,1,0.05625
11824,2,0.0375
11825,1,0.04375
11826,1,0.04375
11827,0,0.05
11828,1,0.04375
11829,0,0.05
11830,0,0.05
11831,1,0.05625
11832,1,0.04375
11833,0,0.05
11834,0,0.05
11835,1,0.05625
11836,0,0.05
11837,1,0.05625
11838,1,0.05625
11839,2,0.0625
11840,3,0.03125
11841,2,0.0375
11842,2,0.0375
11843,1,0.04375
11844,2,0.0375
11845,1,0.04375
11846,1,0.04375
11847,0,0.05
11848,2,0.0375
11849,1,0.04375
11850,1,0.04375
11851,0,0.05
11852,1,0.04375
11853,0,0.05
11854,0,0.05
11855,1,0.05625
11856,2,0.0375
11857,1,0.04375
11858,1,0.04375
11859,0,0.05
11860,1,0.04375
11861,0,0.05
11862,0,0.05
11863,1,0.05625
11864,1,0.04375
11865,0,0.05
11866,0,0.05
11867,1,0.05625
11868,0,0.05
11869,1,0.05625
11870,1,0.05625
11871,2,0.0625
11872,2,0.0375
11873,1,0.04375
11874,1,0.04375
11875,0,0.05
11876,1,0.04375
11877,0,0.05
11878,0,0.05
11879,1,0.05625
11880,1,0.04375
11881,0,0.05
11882,0,0.05
11883,1,0.05625
11884,0,0.05
11885,1,0.05625
11886,1,0.05625
11887,2,0.0625
11888,1,0.04375
11889,0,0.05
11890,0,0.05
11891,1,0.05625
11892,0,0.05
11893,1,0.05625
11894,1,0.05625
11895,2,0.0625
11896,0,0.05
11897,1,0.05625
11898,1,0.05625
11899,2,0.0625
11900,1,0.05625
11901,2,0.0625
11902,2,0.0625
11903,3,0.06875
11904,3,0.03125
11905,2,0.0375
11906,2,0.0375
11907,1,0.04375
11908,2,0.0375
11909,1,0.04375
11910,1,0.04375
11911,0,0.05
11912,2,0.0375
11913,1,0.04375
11914,1,0.04375
11915,0,0.05
11916,1,0.04375
11917,0,0.05
11918,0,0.05
11919,1,0.05625
11920,2,0.0375
11921,1,0.04375
11922,1,0.04375
11923,0,0.05
11924,1,0.04375
11925,0,0.05
11926,0,0.05
11927,1,0.05625
11928,1,0.04375
11929,0,0.05
11930,0,0.05
11931,1,0.05625
11932,0,0.05
11933,1,0.05625
11934,1,0.05625
11935,2,0.0625
11936,2,0.0375
11937,1,0.04375
11938,1,0.04375
11939,0,0.05
11940,1,0.04375
11941,0,0.05
11942,0,0.05
11943,1,0.05625
11944,1,0.04375
11945,0,0.05
11946,0,0.05
11947,1,0.05625
11948,0,0.05
11949,1,0.05625
11950,1,0.05625
11951,2,0.0625
11952,1,0.04375
11953,0,0.05
11954,0,0.05
11955,1,0.05625
11956,0,0.05
11957,1,0.05625
11958,1,0.05625
11959,2,0.0625
11960,0,0.05
11961,1,0.05625
11962,1,0.05625
11963,2,0.0625
11964,1,0.05625
11965,2,0.0625
11966,2,0.0625
11967,3,0.06875
11968,2,0.0375
11969,1,0.04375
11970,1,0.04375
11971,0,0.05
11972,1,0.04375
11973,0,0.05
11974,0,0.05
11975,1,0.05625
11976,1,0.04375
11977,0,0.05
11978,0,0.05
11979,1,0.05625
11980,0,0.05
11981,1,0.05625
11982,1,0.05625
11983,2,0.0625
11984,1,0.04375
11985,0,0.05
11986,0,0.05
11987,1,0.05625
11988,0,0.05
11989,1,0.05625
11990,1,0.05625
11991,2,0.0625
11992,0,0.05
11993,1,0.05625
11994,1,0.05625
11995,2,0.0625
11996,1,0.05625
11997,2,0.0625
11998,2,0.0625
11999,3,0.06875
12000,1,0.04375
12001,0,0.05
12002,0,0.05
12003,1,0.05625
12004,0,0.05
12005,1,0.05625
12006,1,0.05625
12007,2,0.0625
12008,0,0.05
12009,1,0.05625
12010,1,0.05625
12011,2,0.0625
12012,1,0.05625
12013,2,0.0625
12014,2,0.0625
12015,3,0.06875
12016,0,0.05
12017,1,0.05625
12018,1,0.05625
12019,2,0.0625
12020,1,0.05625
12021,2,0.0625
12022,2,0.0625
12023,3,0.06875
12024,1,0.05625
12025,2,0.0625
12026,2,0.0625
12027,3,0.06875
12028,2,0.0625
12029,3,0.06875
12030,3,0.06875
12031,4,0.075
12032,3,0.03125
12033,2,0.0375
12034,2,0.0375
12035,1,0.04375
12036,2,0.0375
12037,1,0.04375
12038,1,0.04375
12039,0,0.05
12040,2,0.0375
12041,1,0.04375
12042,1,0.04375
12043,0,0.05
12044,1,0.04375
12045,0,0.05
12046,0,0.05
12047,1,0.05625
12048,2,0.0375
12049,1,0.04375
12050,1,0.04375
12051,0,0.05
12052,1,0.04375
12053,0,0.05
12054,0,0.05
12055,1,0.05625
12056,1,0.04375
12057,0,0.05
12058,0,0.05
12059,1,0.05625
12060,0,0.05
12061,1,0.05625
12062,1,0.05625
12063,2,0.0625
12064,2,0.0375
12065,1,0.04375
12066,1,0.04375
12067,0,0.05
12068,1,0.04375
12069,0,0.05
12070,0,0.05
12071,1,0.05625
12072,1,0.04375
12073,0,0.05
12074,0,0.05
12075,1,0.05625
12076,0,0.05
12077,1,0.05625
12078,1,0.05625
12079,2,0.0625
12080,1,0.04375
12081,0,0.05
12082,0,0.05
12083,1,0.05625
12084,0,0.05
12085,1,0.05625
12086,1,0.05625
12087,2,0.0625
12088,0,0.05
12089,1,0.05625
12090,1,0.05625
12091,2,0.0625
12092,1,0.05625
12093,2,0.0625
12094,2,0.0625
12095,3,0.06875
12096,2,0.0375
12097,1,0.04375
12098,1,0.04375
12099,0,0.05
12100,1,0.04375
12101,0,0.05
12102,0,0.05
12103,1,0.05625
12104,1,0.04375
12105,0,0.05
12106,0,0.05
12107,1,0.05625
12108,0,0.05
12109,1,0.05625
12110,1,0.05625
12111,2,0.0625
12112,1,0.04375
12113,0,0.05
12114,0,0.05
12115,1,0.05625
12116,0,0.05
12117,1,0.05625
12118,1,0.05625
12119,2,0.0625
12120,0,0.05
12121,1,0.05625
12122,1,0.05625
12123,2,0.0625
12124,1,0.05625
12125,2,0.0625
12126,2,0.0625
12127,3,0.06875
12128,1,0.04375
12129,0,0.05
12130,0,0.05
12131,1,0.05625
12132,0,0.05
12133,1,0.05625
12134,1,0.05625
12135,2,0.0625
12136,0,0.05
12137,1,0.05625
12138,1,0.05625
12139,2,0.0625
12140,1,0.05625
12141,2,0.0625
12142,2,0.0625
12143,3,0.06875
12144,0,0.05
12145,1,0.05625
12146,1,0.05625
12147,2,0.0625
12148,1,0.05625
12149,2,0.0625
12150,2,0.0625
12151,3,0.06875
12152,1,0.05625
12153,2,0.0625
12154,2,0.0625
12155,3,0.06875
12156,2,0.0625
12157,3,0.06875
12158,3,0.06875
12159,4,0.075
12160,2,0.0375
12161,1,0.04375
12162,1,0.04375
12163,0,0.05
12164,1,0.04375
12165,0,0.05
12166,0,0.05
12167,1,0.05625
12168,1,0.04375
12169,0,0.05
12170,0,0.05
12171,1,0.05625
12172,0,0.05
12173,1,0.05625
12174,1,0.05625
12175,2,0.0625
12176,1,0.04375
12177,0,0.05
12178,0,0.05
12179,1,0.05625
12180,0,0.05
12181,1,0.05625
12182,1,0.05625
12183,2,0.0625
12184,0,0.05
12185,1,0.05625
12186,1,0.05625
12187,2,0.0625
12188,1,0.05625
12189,2,0.0625
12190,2,0.0625
12191,3,0.06875
12192,1,0.04375
12193,0,0.05
12194,0,0.05
12195,1,0.05625
12196,0,0.05
12197,1,0.05625
12198,1,0.05625
12199,2,0.0625
12200,0,0.05
12201,1,0.05625
12202,1,0.05625
12203,2,0.0625
12204,1,0.05625
12205,2,0.0625
12206,2,0.0625
12207,3,0.06875
12208,0,0.05
12209,1,0.05625
12210,1,0.05625
12211,2,0.0625
12212,1,0.05625
12213,2,0.0625
12214,2,0.0625
12215,3,0.06875
12216,1,0.05625
12217,2,0.0625
12218,2,0.0625
12219,3,0.06875
12220,2,0.0625
12221,3,0.06875
12222,3,0.06875
12223,4,0.075
12224,1,0.04375
12225,0,0.05
12226,0,0.05
12227,1,0.05625
12228,0,0.05
12229,1,0.05625
12230,1,0.05625
12231,2,0.0625
12232,0,0.05
12233,1,0.05625
12234,1,0.05625
12235,2,0.0625
12236,1,0.05625
12237,2,0.0625
12238,2,0.0625
12239,3,0.06875
12240,0,0.05
12241,1,0.05625
12242,1,0.05625
12243,2,0.0625
12244,1,0.05625
12245,2,0.0625
12246,2,0.0625
12247,3,0.06875
12248,1,0.05625
12249,2,0.0625
12250,2,0.0625
12251,3,0.06875
12252,2,0.0625
12253,3,0.06875
12254,3,0.06875
12255,4,0.075
12256,0,0.05
12257,1,0.05625
12258,1,0.05625
12259,2,0.0625
12260,1,0.05625
12261,2,0.0625
12262,2,0.0625
12263,3,0.06875
12264,1,0.05625
12265,2,0.0625
12266,2,0.0625
12267,3,0.06875
12268,2,0.0625
12269,3,0.06875
12270,3,0.06875
12271,4,0.075
12272,1,0.05625
12273,2,0.0625
12274,2,0.0625
12275,3,0.06875
12276,2,0.0625
12277,3,0.06875
12278,3,0.06875
12279,4,0.075
12280,2,0.0625
12281,3,0.06875
12282,3,0.06875
12283,4,0.075
12284,3,0.06875
12285,4,0.075
12286,4,0.075
12287,3,0.08125
12288,2,0.0125
12289,3,0.01875
12290,3,0.01875
12291,4,0.025
12292,3,0.01875
12293,4,0.025
12294,4,0.025
12295,3,0.03125
12296,3,0.01875
12297,4,0.025
12298,4,0.025
12299,3,0.03125
12300,4,0.025
12301,3,0.03125
12302,3,0.03125
12303,2,0.0375
12304,3,0.01875
12305,4,0.025
12306,4,0.025
12307,3,0.03125
12308,4,0.025
12309,3,0.03125
12310,3,0.03125
12311,2,0.0375
12312,4,0.025
12313,3,0.03125
12314,3,0.03125
12315,2,0.0375
12316,3,0.03125
12317,2,0.0375
12318,2,0.0375
12319,1,0.04375
12320,3,0.01875
12321,4,0.025
12322,4,0.025
12323,3,0.03125
12324,4,0.025
12325,3,0.03125
12326,3,0.03125
12327,2,0.0375
12328,4,0.025
12329,3,0.03125
12330,3,0.03125
12331,2,0.0375
12332,3,0.03125
12333,2,0.0375
12334,2,0.0375
12335,1,0.04375
12336,4,0.025
12337,3,0.03125
12338,3,0.03125
12339,2,0.0375
12340,3,0.03125
12341,2,0.0375
12342,2,0.0375
12343,1,0.04375
12344,3,0.03125
12345,2,0.0375
12346,2,0.0375
12347,1,0.04375
12348,2,0.0375
12349,1,0.04375
12350,1,0.04375
12351,0,0.05
12352,3,0.01875
12353,4,0.025
12354,4,0.025
12355,3,0.03125
12356,4,0.025
12357,3,0.03125
12358,3,0.03125
12359,2,0.0375
12360,4,0.025
12361,3,0.03125
12362,3,0.03125
12363,2,0.0375
12364,3,0.03125
12365,2,0.0375
12366,2,0.0375
12367,1,0.04375
12368,4,0.025
12369,3,0.03125
12370,3,0.03125
12371,2,0.0375
12372,3,0.03125
12373,2,0.0375
12374,2,0.0375
12375,1,0.04375
12376,3,0.03125
12377,2,0.0375
12378,2,0.0375
12379,1,0.04375
12380,2,0.0375
12381,1,0.04375
12382,1,0.04375
12383,0,0.05
12384,4,0.025
12385,3,0.03125
12386,3,0.03125
12387,2,0.0375
12388,3,0.03125
12389,2,0.0375
12390,2,0.0375
12391,1,0.04375
12392,3,0.03125
12393,2,0.0375
12394,2,0.0375
12395,1,0.04375
12396,2,0.0375
12397,1,0.04375
12398,1,0.04375
12399,0,0.05
12400,3,0.03125
12401,2,0.0375
12402,2,0.0375
12403,1,0.04375
12404,2,0.0375
12405,1,0.04375
12406,1,0.04375
12407,0,0.05
12408,2,0.0375
12409,1,0.04375
12410,1,0.04375
12411,0,0.05
12412,1,0.04375
12413,0,0.05
12414,0,0.05
12415,1,0.05625
12416,3,0.01875
12417,4,0.025
12418,4,0.025
12419,3,0.03125
12420,4,0.025
12421,3,0.03125
12422,3,0.03125
12423,2,0.0375
12424,4,0.025
12425,3,0.03125
12426,3,0.03125
12427,2,0.0375
12428,3,0.03125
12429,2,0.0375
12430,2,0.0375
12431,1,0.04375
12432,4,0.025
12433,3,0.03125
12434,3,0.03125
12435,2,0.0375
12436,3,0.03125
12437,2,0.0375
12438,2,0.0375
12439,1,0.04375
12440,3,0.03125
12441,2,0.0375
12442,2,0.0375
12443,1,0.04375
12444,2,0.0375
12445,1,0.04375
12446,1,0.04375
12447,0,0.05
12448,4,0.025
12449,3,0.03125
12450,3,0.03125
12451,2,0.0375
12452,3,0.03125
12453,2,0.0375
12454,2,0.0375
12455,1,0.04375
12456,3,0.03125
12457,2,0.0375
12458,2,0.0375
12459,1,0.04375
12460,2,0.0375
12461,1,0.04375
12462,1,0.04375
12463,0,0.05
12464,3,0.03125
12465,2,0.0375
12466,2,0.0375
12467,1,0.04375
12468,2,0.0375
12469,1,0.04375
12470,1,0.04375
12471,0,0.05
12472,2,0.0375
12473,1,0.04375
12474,1,0.04375
12475,0,0.05
12476,1,0.04375
12477,0,0.05
12478,0,0.05
12479,1,0.05625
12480,4,0.025
12481,3,0.03125
12482,3,0.03125
12483,2,0.0375
12484,3,0.03125
12485,2,0.0375
12486,2,0.0375
12487,1,0.04375
12488,3,0.03125
12489,2,0.0375
12490,2,0.0375
12491,1,0.04375
12492,2,0.0375
12493,1,0.04375
12494,1,0.04375
12495,0,0.05
12496,3,0.03125
12497,2,0.0375
12498,2,0.0375
12499,1,0.04375
12500,2,0.0375
12501,1,0.04375
12502,1,0.04375
12503,0,0.05
12504,2,0.0375
12505,1,0.04375
12506,1,0.04375
12507,0,0.05
12508,1,0.04375
12509,0,0.05
12510,0,0.05
12511,1,0.05625
12512,3,0.03125
12513,2,0.0375
12514,2,0.0375
12515,1,0.04375
12516,2,0.0375
12517,1,0.04375
12518,1,0.04375
12519,0,0.05
12520,2,0.0375
12521,1,0.04375
12522,1,0.04375
12523,0,0.05
12524,1,0.04375
12525,0,0.05
12526,0,0.05
12527,1,0.05625
12528,2,0.0375
12529,1,0.04375
12530,1,0.04375
12531,0,0.05
12532,1,0.04375
12533,0,0.05
12534,0,0.05
12535,1,0.05625
12536,1,0.04375
12537,0,0.05
12538,0,0.05
12539,1,0.05625
12540,0,0.05
12541,1,0.05625
12542,1,0.05625
12543,2,0.0625
12544,3,0.01875
12545,4,0.025
12546,4,0.025
12547,3,0.03125
12548,4,0.025
12549,3,0.03125
12550,3,0.03125
12551,2,0.0375
12552,4,0.025
12553,3,0.03125
12554,3,0.03125
12555,2,0.0375
12556,3,0.03125
12557,2,0.0375
12558,2,0.0375
12559,1,0.04375
12560,4,0.025
12561,3,0.03125
12562,3,0.03125
12563,2,0.0375
12564,3,0.03125
12565,2,0.0375
12566,2,0.0375
12567,1,0.04375
12568,3,0.03125
12569,2,0.0375
12570,2,0.0375
12571,1,0.04375
12572,2,0.0375
12573,1,0.04375
12574,1,0.04375
12575,0,0.05
12576,4,0.025
12577,3,0.03125
12578,3,0.03125
12579,2,0.0375
12580,3,0.03125
12581,2,0.0375
12582,2,0.0375
12583,1,0.04375
12584,3,0.03125
12585,2,0.0375
12586,2,0.0375
12587,1,0.04375
12588,2,0.0375
12589,1,0.04375
12590,1,0.04375
12591,0,0.05
12592,3,0.03125
12593,2,0.0375
12594,2,0.0375
12595,1,0.04375
12596,2,0.0375
12597,1,0.04375
12598,1,0.04375
12599,0,0.05
12600,2,0.0375
12601,1,0.04375
12602,1,0.04375
12603,0,0.05
12604,1,0.04375
12605,0,0.05
12606,0,0.05
12607,1,0.05625
12608,4,0.025
12609,3,0.03125
12610,3,0.03125
12611,2,0.0375
12612,3,0.03125
12613,2,0.0375
12614,2,0.0375
12615,1,0.04375
12616,3,0.03125
12617,2,0.0375
12618,2,0.0375
12619,1,0.04375
12620,2,0.0375
12621,1,0.04375
12622,1,0.04375
12623,0,0.05
12624,3,0.03125
12625,2,0.0375
12626,2,0.0375
12627,1,0.04375
12628,2,0.0375
12629,1,0.04375
12630,1,0.04375
12631,0,0.05
12632,2,0.0375
12633,1,0.04375
12634,1,0.04375
12635,0,0.05
12636,1,0.04375
12637,0,0.05
12638,0,0.05
12639,1,0.05625
12640,3,0.03125
12641,2,0.0375
12642,2,0.0375
12643,1,0.04375
12644,2,0.0375
12645,1,0.04375
12646,1,0.04375
12647,0,0.05
12648,2,0.0375
12649,1,0.04375
12650,1,0.04375
12651,0,0.05
12652,1,0.04375
12653,0,0.05
12654,0,0.05
12655,1,0.05625
12656,2,0.0375
12657,1,0.04375
12658,1,0.04375
12659,0,0.05
12660,1,0.04375
12661,0,0.05
12662,0,0.05
12663,1,0.05625
12664,1,0.04375
12665,0,0.05
12666,0,0.05
12667,1,0.05625
12668,0,0.05
12669,1,0.05625
12670,1,0.05625
12671,2,0.0625
12672,4,0.025
12673,3,0.03125
12674,3,0.03125
12675,2,0.0375
12676,3,0.03125
12677,2,0.0375
12678,2,0.0375
12679,1,0.04375
12680,3,0.03125
12681,2,0.0375
12682,2,0.0375
12683,1,0.04375
12684,2,0.0375
12685,1,0.04375
12686,1,0.04375
12687,0,0.05
12688,3,0.03125
12689,2,0.0375
12690,2,0.0375
12691,1,0.04375
12692,2,0.0375
12693,1,0.04375
12694,1,0.04375
12695,0,0.05
12696,2,0.0375
12697,1,0.04375
12698,1,0.04375
12699,0,0.05
12700,1,0.04375
12701,0,0.05
12702,0,0.05
12703,1,0.05625
12704,3,0.03125
12705,2,0.0375
12706,2,0.0375
12707,1,0.04375
12708,2,0.0375
12709,1,0.04375
12710,1,0.04375
12711,0,0.05
12712,2,0.0375
12713,1,0.04375
12714,1,0.04375
12715,0,0.05
12716,1,0.04375
12717,0,0.05
12718,0,0.05
12719,1,0.05625
12720,2,0.0375
12721,1,0.04375
12722,1,0.04375
12723,0,0.05
12724,1,0.04375
12725,0,0.05
12726,0,0.05
12727,1,0.05625
12728,1,0.04375
12729,0,0.05
12730,0,0.05
12731,1,0.05625
12732,0,0.05
12733,1,0.05625
12734,1,0.05625
12735,2,0.0625
12736,3,0.03125
12737,2,0.0375
12738,2,0.0375
12739,1,0.04375
12740,2,0.0375
12741,1,0.04375
12742,1,0.04375
12743,0,0.05
12744,2,0.0375
12745,1,0.04375
12746,1,0.04375
12747,0,0.05
12748,1,0.04375
12749,0,0.05
12750,0,0.05
12751,1,0.05625
12752,2,0.0375
12753,1,0.04375
12754,1,0.04375
12755,0,0.05
12756,1,0.04375
12757,0,0.05
12758,0,0.05
12759,1,0.05625
12760,1,0.04375
12761,0,0.05
12762,0,0.05
12763,1,0.05625
12764,0,0.05
12765,1,0.05625
12766,1,0.05625
12767,2,0.0625
12768,2,0.0375
12769,1,0.04375
12770,1,0.04375
12771,0,0.05
12772,1,0.04375
12773,0,0.05
12774,0,0.05
12775,1,0.05625
12776,1,0.04375
12777,0,0.05
12778,0,0.05
12779,1,0.05625
12780,0,0.05
12781,1,0.05625
12782,1,0.05625
12783,2,0.0625
12784,1,0.04375
12785,0,0.05
12786,0,0.05
12787,1,0.05625
12788,0,0.05
12789,1,0.05625
12790,1,0.05625
12791,2,0.0625
12792,0,0.05
12793,1,0.05625
12794,1,0.05625
12795,2,0.0625
12796,1,0.05625
12797,2,0.0625
12798,2,0.0625
12799,3,0.06875
12800,3,0.01875
12801,4,0.025
12802,4,0.025
12803,3,0.03125
12804,4,0.025
12805,3,0.03125
12806,3,0.03125
12807,2,0.0375
12808,4,0.025
12809,3,0.03125
12810,3,0.03125
12811,2,0.0375
12812,3,0.03125
12813,2,0.0375
12814,2,0.0375
12815,1,0.04375
12816,4,0.025
12817,3,0.03125
12818,3,0.03125
12819,2,0.0375
12820,3,0.03125
12821,2,0.0375
12822,2,0.0375
12823,1,0.04375
12824,3,0.03125
12825,2,0.0375
12826,2,0.0375
12827,1,0.04375
12828,2,0.0375
12829,1,0.04375
12830,1,0.04375
12831,0,0.05
12832,4,0.025
12833,3,0.03125
12834,3,0.03125
12835,2,0.0375
12836,3,0.03125
12837,2,0.0375
12838,2,0.0375
12839,1,0.04375
12840,3,0.03125
12841,2,0.0375
12842,2,0.0375
12843,1,0.04375
12844,2,0.0375
12845,1,0.04375
12846,1,0.04375
12847,0,0.05
12848,3,0.03125
12849,2,0.0375
12850,2,0.0375
12851,1,0.04375
12852,2,0.0375
12853,1,0.04375
12854,1,0.04375
12855,0,0.05
12856,2,0.0375
12857,1,0.04375
12858,1,0.04375
12859,0,0.05
12860,1,0.04375
12861,0,0.05
12862,0,0.05
12863,1,0.05625
12864,4,0.025
12865,3,0.03125
12866,3,0.03125
12867,2,0.0375
12868,3,0.03125
12869,2,0.0375
12870,2,0.0375
12871,1,0.04375
12872,3,0.03125
12873,2,0.0375
12874,2,0.0375
12875,1,0.04375
12876,2,0.0375
12877,1,0.04375
12878,1,0.04375
12879,0,0.05
12880,3,0.03125
12881,2,0.0375
12882,2,0.0375
12883,1,0.04375
12884,2,0.0375
12885,1,0.04375
12886,1,0.04375
12887,0,0.05
12888,2,0.0375
12889,1,0.04375
12890,1,0.04375
12891,0,0.05
12892,1,0.04375
12893,0,0.05
12894,0,0.05
12895,1,0.05625
12896,3,0.03125
12897,2,0.0375
12898,2,0.0375
12899,1,0.04375
12900,2,0.0375
12901,1,0.04375
12902,1,0.04375
12903,0,0.05
12904,2,0.0375
12905,1,0.04375
12906,1,0.04375
12907,0,0.05
12908,1,0.04375
12909,0,0.05
12910,0,0.05
12911,1,0.05625
12912,2,0.0375
12913,1,0.04375
12914,1,0.04375
12915,0,0.05
12916,1,0.04375
12917,0,0.05
12918,0,0.05
12919,1,0.05625
12920,1,0.04375
12921,0,0.05
12922,0,0.05
12923,1,0.05625
12924,0,0.05
12925,1,0.05625
12926,1,0.05625
12927,2,0.0625
12928,4,0.025
12929,3,0.03125
12930,3,0.03125
12931,2,0.0375
12932,3,0.03125
12933,2,0.0375
12934,2,0.0375
12935,1,0.04375
12936,3,0.03125
12937,2,0.0375
12938,2,0.0375
12939,1,0.04375
12940,2,0.0375
12941,1,0.04375
12942,1,0.04375
12943,0,0.05
12944,3,0.03125
12945,2,0.0375
12946,2,0.0375
12947,1,0.04375
12948,2,0.0375
12949,1,0.04375
12950,1,0.04375
12951,0,0.05
12952,2,0.0375
12953,1,0.04375
12954,1,0.04375
12955,0,0.05
12956,1,0.04375
12957,0,0.05
12958,0,0.05
12959,1,0.05625
12960,3,0.03125
12961,2,0.0375
12962,2,0.0375
12963,1,0.04375
12964,2,0.0375
12965,1,0.04375
12966,1,0.04375
12967,0,0.05
12968,2,0.0375
12969,1,0.04375
12970,1,0.04375
12971,0,0.05
12972,1,0.04375
12973,0,0.05
12974,0,0.05
12975,1,0.05625
12976,2,0.0375
12977,1,0.04375
12978,1,0.04375
12979,0,0.05
12980,1,0.04375
12981,0,0.05
12982,0,0.05
12983,1,0.05625
12984,1,0.04375
12985,0,0.05
12986,0,0.05
12987,1,0.05625
12988,0,0.05
12989,1,0.05625
12990,1,0.05625
12991,2,0.0625
12992,3,0.03125
12993,2,0.0375
12994,2,0.0375
12995,1,0.04375
12996,2,0.0375
12997,1,0.04375
12998,1,0.04375
12999,0,0.05
13000,2,0.0375
13001,1,0.04375
13002,1,0.04375
13003,0,0.05
13004,1,0.04375
13005,0,0.05
13006,0,0.05
13007,1,0.05625
13008,2,0.0375
13009,1,0.04375
13010,1,0.04375
13011,0,0.05
13012,1,0.04375
13013,0,0.05
13014,0,0.05
13015,1,0.05625
13016,1,0.04375
13017,0,0.05
13018,0,0.05
13019,1,0.05625
13020,0,0.05
13021,1,0.05625
13022,1,0.05625
13023,2,0.0625
13024,2,0.0375
13025,1,0.04375
13026,1,0.04375
13027,0,0.05
13028,1,0.04375
13029,0,0.05
13030,0,0.05
13031,1,0.05625
13032,1,0.04375
13033,0,0.05
13034,0,0.05
13035,1,0.05625
13036,0,0.05
13037,1,0.05625
13038,1,0.05625
13039,2,0.0625
13040,1,0.04375
13041,0,0.05
13042,0,0.05
13043,1,0.05625
13044,0,0.05
13045,1,0.05625
13046,1,0.05625
13047,2,0.0625
13048,0,0.05
13049,1,0.05625
13050,1,0.05625
13051,2,0.0625
13052,1,0.05625
13053,2,0.0625
13054,2,0.0625
13055,3,0.06875
13056,4,0.025
13057,3,0.03125
13058,3,0.03125
13059,2,0.0375
13060,3,0.03125
13061,2,0.0375
13062,2,0.0375
13063,1,0.04375
13064,3,0.03125
13065,2,0.0375
13066,2,0.0375
13067,1,0.04375
13068,2,0.0375
13069,1,0.04375
13070,1,0.04375
13071,0,0.05
13072,3,0.03125
13073,2,0.0375
13074,2,0.0375
13075,1,0.04375
13076,2,0.0375
13077,1,0.04375
13078,1,0.04375
13079,0,0.05
13080,2,0.0375
13081,1,0.04375
13082,1,0.04375
13083,0,0.05
13084,1,0.04375
13085,0,0.05
13086,0,0.05
13087,1,0.05625
13088,3,0.03125
13089,2,0.0375
13090,2,0.0375
13091,1,0.04375
13092,2,0.0375
13093,1,0.04375
13094,1,0.04375
13095,0,0.05
13096,2,0.0375
13097,1,0.04375
13098,1,0.04375
13099,0,0.05
13100,1,0.04375
13101,0,0.05
13102,0,0.05
13103,1,0.05625
13104,2,0.0375
13105,1,0.04375
13106,1,0.04375
13107,0,0.05
13108,1,0.04375
13109,0,0.05
13110,0,0.05
13111,1,0.05625
13112,1,0.04375
13113,0,0.05
13114,0,0.05
13115,1,0.05625
13116,0,0.05
13117,1,0.05625
13118,1,0.05625
13119,2,0.0625
13120,3,0.03125
13121,2,0.0375
13122,2,0.0375
13123,1,0.04375
13124,2,0.0375
13125,1,0.04375
13126,1,0.04375
13127,0,0.05
13128,2,0.0375
13129,1,0.04375
13130,1,0.04375
13131,0,0.05
13132,1,0.04375
13133,0,0.05
13134,0,0.05
13135,1,0.05625
13136,2,0.0375
13137,1,0.04375
13138,1,0.04375
13139,0,0.05
13140,1,0.04375
13141,0,0.05
13142,0,0.05
13143,1,0.05625
13144,1,0.04375
13145,0,0.05
13146,0,0.05
13147,1,0.05625
13148,0,0.05
13149,1,0.05625
13150,1,0.05625
13151,2,0.0625
13152,2,0.0375
13153,1,0.04375
13154,1,0.04375
13155,0,0.05
13156,1,0.04375
13157,0,0.05
13158,0,0.05
13159,1,0.05625
13160,1,0.04375
13161,0,0.05
13162,0,0.05
13163,1,0.05625
13164,0,0.05
13165,1,0.05625
13166,1,0.05625
13167,2,0.0625
13168,1,0.04375
13169,0,0.05
13170,0,0.05
13171,1,0.05625
13172,0,0.05
13173,1,0.05625
13174,1,0.05625
13175,2,0.0625
13176,0,0.05
13177,1,0.05625
13178,1,0.05625
13179,2,0.0625
13180,1,0.05625
13181,2,0.0625
13182,2,0.0625
13183,3,0.06875
13184,3,0.03125
13185,2,0.0375
13186,2,0.0375
13187,1,0.04375
13188,2,0.0375
13189,1,0.04375
13190,1,0.04375
13191,0,0.05
13192,2,0.0375
13193,1,0.04375
13194,1,0.04375
13195,0,0.05
13196,1,0.04375
13197,0,0.05
13198,0,0.05
13199,1,0.05625
13200,2,0.0375
13201,1,0.04375
13202,1,0.04375
13203,0,0.05
13204,1,0.04375
13205,0,0.05
13206,0,0.05
13207,1,0.05625
13208,1,0.04375
13209,0,0.05
13210,0,0.05
13211,1,0.05625
13212,0,0.05
13213,1,0.05625
13214,1,0.05625
13215,2,0.0625
13216,2,0.0375
13217,1,0.04375
13218,1,0.04375
13219,0,0.05
13220,1,0.04375
13221,0,0.05
13222,0,0.05
13223,1,0.05625
13224,1,0.04375
13225,0,0.05
13226,0,0.05
13227,1,0.05625
13228,0,0.05
13229,1,0.05625
13230,1,0.05625
13231,2,0.0625
13232,1,0.04375
13233,0,0.05
13234,0,0.05
13235,1,0.05625
13236,0,0.05
13237,1,0.05625
13238,1,0.05625
13239,2,0.0625
13240,0,0.05
13241,1,0.05625
13242,1,0.05625
13243,2,0.0625
13244,1,0.05625
13245,2,0.0625
13246,2,0.0625
13247,3,0.06875
13248,2,0.0375
13249,1,0.04375
13250,1,0.04375
13251,0,0.05
13252,1,0.04375
13253,0,0.05
13254,0,0.05
13255,1,0.05625
13256,1,0.04375
13257,0,0.05
13258,0,0.05
13259,1,0.05625
13260,0,0.05
13261,1,0.05625
13262,1,0.05625
13263,2,0.0625
13264,1,0.04375
13265,0,0.05
13266,0,0.05
13267,1,0.05625
13268,0,0.05
13269,1,0.05625
13270,1,0.05625
13271,2,0.0625
13272,0,0.05
13273,1,0.05625
13274,1,0.05625
13275,2,0.0625
13276,1,0.05625
13277,2,0.0625
13278,2,0.0625
13279,3,0.06875
13280,1,0.04375
13281,0,0.05
13282,0,0.05
13283,1,0.05625
13284,0,0.05
13285,1,0.05625
13286,1,0.05625
13287,2,0.0625
13288,0,0.05
13289,1,0.05625
13290,1,0.05625
13291,2,0.0625
13292,1,0.05625
13293,2,0.0625
13294,2,0.0625
13295,3,0.06875
13296,0,0.05
13297,1,0.05625
13298,1,0.05625
13299,2,0.0625
13300,1,0.05625
13301,2,0.0625
13302,2,0.0625
13303,3,0.06875
13304,1,0.05625
13305,2,0.0625
13306,2,0.0625
13307,3,0.06875
13308,2,0.0625
13309,3,0.06875
13310,3,0.06875
13311,4,0.075
13312,3,0.01875
13313,4,0.025
13314,4,0.025
13315,3,0.03125
13316,4,0.025
13317,3,0.03125
13318,3,0.03125
13319,2,0.0375
13320,4,0.025
13321,3,0.03125
13322,3,0.03125
13323,2,0.0375
13324,3,0.03125
13325,2,0.0375
13326,2,0.0375
13327,1,0.04375
13328,4,0.025
13329,3,0.03125
13330,3,0.03125
13331,2,0.0375
13332,3,0.03125
13333,2,0.0375
13334,2,0.0375
13335,1,0.04375
13336,3,0.03125
13337,2,0.0375
13338,2,0.0375
13339,1,0.04375
13340,2,0.0375
13341,1,0.04375
13342,1,0.04375
13343,0,0.05
13344,4,0.025
13345,3,0.03125
13346,3,0.03125
13347,2,0.0375
13348,3,0.03125
13349,2,0.0375
13350,2,0.0375
13351,1,0.04375
13352,3,0.03125
13353,2,0.0375
13354,2,0.0375
13355,1,0.04375
13356,2,0.0375
13357,1,0.04375
13358,1,0.04375
13359,0,0.05
13360,3,0.03125
13361,2,0.0375
13362,2,0.0375
13363,1,0.04375
13364,2,0.0375
13365,1,0.04375
13366,1,0.04375
13367,0,0.05
13368,2,0.0375
13369,1,0.04375
13370,1,0.04375
13371,0,0.05
13372,1,0.04375
13373,0,0.05
13374,0,0.05
13375,1,0.05625
13376,4,0.025
13377,3,0.03125
13378,3,0.03125
13379,2,0.0375
13380,3,0.03125
13381,2,0.0375
13382,2,0.0375
13383,1,0.04375
13384,3,0.03125
13385,2,0.0375
13386,2,0.0375
13387,1,0.04375
13388,2,0.0375
13389,1,0.04375
13390,1,0.04375
13391,0,0.05
13392,3,0.03125
13393,2,0.0375
13394,2,0.0375
13395,1,0.04375
13396,2,0.0375
13397,1,0.04375
13398,1,0.04375
13399,0,0.05
13400,2,0.0375
13401,1,0.04375
13402,1,0.04375
13403,0,0.05
13404,1,0.04375
13405,0,0.05
13406,0,0.05
13407,1,0.05625
13408,3,0.03125
13409,2,0.0375
13410,2,0.0375
13411,1,0.04375
13412,2,0.0375
13413,1,0.04375
13414,1,0.04375
13415,0,0.05
13416,2,0.0375
13417,1,0.04375
13418,1,0.04375
13419,0,0.05
13420,1,0.04375
13421,0,0.05
13422,0,0.05
13423,1,0.05625
13424,2,0.0375
13425,1,0.04375
13426,1,0.04375
13427,0,0.05
13428,1,0.04375
13429,0,0.05
13430,0,0.05
13431,1,0.05625
13432,1,0.04375
13433,0,0.05
13434,0,0.05
13435,1,0.05625
13436,0,0.05
13437,1,0.05625
13438,1,0.05625
13439,2,0.0625
13440,4,0.025
13441,3,0.03125
13442,3,0.03125
13443,2,0.0375
13444,3,0.03125
13445,2,0.0375
13446,2,0.0375
13447,1,0.04375
13448,3,0.03125
13449,2,0.0375
13450,2,0.0375
13451,1,0.04375
13452,2,0.0375
13453,1,0.04375
13454,1,0.04375
13455,0,0.05
13456,3,0.03125
13457,2,0.0375
13458,2,0.0375
13459,1,0.04375
13460,2,0.0375
13461,1,0.04375
13462,1,0.04375
13463,0,0.05
13464,2,0.0375
13465,1,0.04375
13466,1,0.04375
13467,0,0.05
13468,1,0.04375
13469,0,0.05
13470,0,0.05
13471,1,0.05625
13472,3,0.03125
13473,2,0.0375
13474,2,0.0375
13475,1,0.04375
13476,2,0.0375
13477,1,0.04375
13478,1,0.04375
13479,0,0.05
13480,2,0.0375
13481,1,0.04375
13482,1,0.04375
13483,0,0.05
13484,1,0.04375
13485,0,0.05
13486,0,0.05
13487,1,0.05625
13488,2,0.0375
13489,1,0.04375
13490,1,0.04375
13491,0,0.05
13492,1,0.04375
13493,0,0.05
13494,0,0.05
13495,1,0.05625
13496,1,0.04375
13497,0,0.05
13498,0,0.05
13499,1,0.05625
13500,0,0.05
13501,1,0.05625
13502,1,0.05625
13503,2,0.0625
13504,3,0.03125
13505,2,0.0375
13506,2,0.0375
13507,1,0.04375
13508,2,0.0375
13509,1,0.04375
13510,1,0.04375
13511,0,0.05
13512,2,0.0375
13513,1,0.04375
13514,1,0.04375
13515,0,0.05
13516,1,0.04375
13517,0,0.05
13518,0,0.05
13519,1,0.05625
13520,2,0.0375
13521,1,0.04375
13522,1,0.04375
13523,0,0.05
13524,1,0.04375
13525,0,0.05
13526,0,0.05
13527,1,0.05625
13528,1,0.04375
13529,0,0.05
13530,0,0.05
13531,1,0.05625
13532,0,0.05
13533,1,0.05625
13534,1,0.05625
13535,2,0.0625
13536,2,0.0375
13537,1,0.04375
13538,1,0.04375
13539,0,0.05
13540,1,0.04375
13541,0,0.05
13542,0,0.05
13543,1,0.05625
13544,1,0.04375
13545,0,0.05
13546,0,0.05
13547,1,0.05625
13548,0,0.05
13549,1,0.05625
13550,1,0.05625
13551,2,0.0625
13552,1,0.04375
13553,0,0.05
13554,0,0.05
13555,1,0.05625
13556,0,0.05
13557,1,0.05625
13558,1,0.05625
13559,2,0.0625
13560,0,0.05
13561,1,0.05625
13562,1,0.05625
13563,2,0.0625
13564,1,0.05625
13565,2,0.0625
13566,2,0.0625
13567,3,0.06875
13568,4,0.025
13569,3,0.03125
13570,3,0.03125
13571,2,0.0375
13572,3,0.03125
13573,2,0.0375
13574,2,0.0375
13575,1,0.04375
13576,3,0.03125
13577,2,0.0375
13578,2,0.0375
13579,1,0.04375
13580,2,0.0375
13581,1,0.04375
13582,1,0.04375
13583,0,0.05
13584,3,0.03125
13585,2,0.0375
13586,2,0.0375
13587,1,0.04375
13588,2,0.0375
13589,1,0.04375
13590,1,0.04375
13591,0,0.05
13592,2,0.0375
13593,1,0.04375
13594,1,0.04375
13595,0,0.05
13596,1,0.04375
13597,0,0.05
13598,0,0.05
13599,1,0.05625
13600,3,0.03125
13601,2,0.0375
13602,2,0.0375
13603,1,0.04375
13604,2,0.0375
13605,1,0.04375
13606,1,0.04375
13607,0,0.05
13608,2,0.0375
13609,1,0.04375
13610,1,0.04375
13611,0,0.05
13612,1,0.04375
13613,0,0.05
13614,0,0.05
13615,1,0.05625
13616,2,0.0375
13617,1,0.04375
13618,1,0.04375
13619,0,0.05
13620,1,0.04375
13621,0,0.05
13622,0,0.05
13623,1,0.05625
13624,1,0.04375
13625,0,0.05
13626,0,0.05
13627,1,0.05625
13628,0,0.05
13629,1,0.05625
13630,1,0.05625
13631,2,0.0625
13632,3,0.03125
13633,2,0.0375
13634,2,0.0375
13635,1,0.04375
13636,2,0.0375
13637,1,0.04375
13638,1,0.04375
13639,0,0.05
13640,2,0.0375
13641,1,0.04375
13642,1,0.04375
13643,0,0.05
13644,1,0.04375
13645,0,0.05
13646,0,0.05
13647,1,0.05625
13648,2,0.0375
13649,1,0.04375
13650,1,0.04375
13651,0,0.05
13652,1,0.04375
13653,0,0.05
13654,0,0.05
13655,1,0.05625
13656,1,0.04375
13657,0,0.05
13658,0,0.05
13659,1,0.05625
13660,0,0.05
13661,1,0.05625
13662,1,0.05625
13663,2,0.0625
13664,2,0.0375
13665,1,0.04375
13666,1,0.04375
13667,0,0.05
13668,1,0.04375
13669,0,0.05
13670,0,0.05
13671,1,0.05625
13672,1,0.04375
13673,0,0.05
13674,0,0.05
13675,1,0.05625
13676,0,0.05
13677,1,0.05625
13678,1,0.05625
13679,2,0.0625
13680,1,0.04375
13681,0,0.05
13682,0,0.05
13683,1,0.05625
13684,0,0.05
13685,1,0.05625
13686,1,0.05625
13687,2,0.0625
13688,0,0.05
13689,1,0.05625
13690,1,0.05625
13691,2,0.0625
13692,1,0.05625
13693,2,0.0625
13694,2,0.0625
13695,3,0.06875
13696,3,0.03125
13697,2,0.0375
13698,2,0.0375
13699,1,0.04375
13700,2,0.0375
13701,1,0.04375
13702,1,0.04375
13703,0,0.05
13704,2,0.0375
13705,1,0.04375
13706,1,0.04375
13707,0,0.05
13708,1,0.04375
13709,0,0.05
13710,0,0.05
13711,1,0.05625
13712,2,0.0375
13713,1,0.04375
13714,1,0.04375
13715,0,0.05
13716,1,0.04375
13717,0,0.05
13718,0,0.05
13719,1,0.05625
13720,1,0.04375
13721,0,0.05
13722,0,0.05
13723,1,0.05625
13724,0,0.05
13725,1,0.05625
13726,1,0.05625
13727,2,0.0625
13728,2,0.0375
13729,1,0.04375
13730,1,0.04375
13731,0,0.05
13732,1,0.04375
13733,0,0.05
13734,0,0.05
13735,1,0.05625
13736,1,0.04375
13737,0,0.05
13738,0,0.05
13739,1,0.05625
13740,0,0.05
13741,1,0.05625
13742,1,0.05625
13743,2,0.0625
13744,1,0.04375
13745,0,0.05
13746,0,0.05
13747,1,0.05625
13748,0,0.05
13749,1,0.05625
13750,1,0.05625
13751,2,0.0625
13752,0,0.05
13753,1,0.05625
13754,1,0.05625
13755,2,0.0625
13756,1,0.05625
13757,2,0.0625
13758,2,0.0625
13759,3,0.06875
13760,2,0.0375
13761,1,0.04375
13762,1,0.04375
13763,0,0.05
13764,1,0.04375
13765,0,0.05
13766,0,0.05
13767,1,0.05625
13768,1,0.04375
13769,0,0.05
13770,0,0.05
13771,1,0.05625
13772,0,0.05
13773,1,0.05625
13774,1,0.05625
13775,2,0.0625
13776,1,0.04375
13777,0,0.05
13778,0,0.05
13779,1,0.05625
13780,0,0.05
13781,1,0.05625
13782,1,0.05625
13783,2,0.0625
13784,0,0.05
13785,1,0.05625
13786,1,0.05625
13787,2,0.0625
13788,1,0.05625
13789,2,0.0625
13790,2,0.0625
13791,3,0.06875
13792,1,0.04375
13793,0,0.05
13794,0,0.05
13795,1,0.05625
13796,0,0.05
13797,1,0.05625
13798,1,0.05625
13799,2,0.0625
13800,0,0.05
13801,1,0.05625
13802,1,0.05625
13803,2,0.0625
13804,1,0.05625
13805,2,0.0625
13806,2,0.0625
13807,3,0.06875
13808,0,0.05
13809,1,0.05625
13810,1,0.05625
13811,2,0.0625
13812,1,0.05625
13813,2,0.0625
13814,2,0.0625
13815,3,0.06875
13816,1,0.05625
13817,2,0.0625
13818,2,0.0625
13819,3,0.06875
13820,2,0.0625
13821,3,0.06875
13822,3,0.06875
13823,4,0.075
13824,4,0.025
13825,3,0.03125
13826,3,0.03125
13827,2,0.0375
13828,3,0.03125
13829,2,0.0375
13830,2,0.0375
13831,1,0.04375
13832,3,0.03125
13833,2,0.0375
13834,2,0.0375
13835,1,0.04375
13836,2,0.0375
13837,1,0.04375
13838,1,0.04375
13839,0,0.05
13840,3,0.03125
13841,2,0.0375
13842,2,0.0375
13843,1,0.04375
13844,2,0.0375
13845,1,0.04375
13846,1,0.04375
13847,0,0.05
13848,2,0.0375
13849,1,0.04375
13850,1,0.04375
13851,0,0.05
13852,1,0.04375
13853,0,0.05
13854,0,0.05
13855,1,0.05625
13856,3,0.03125
13857,2,0.0375
13858,2,0.0375
13859,1,0.04375
13860,2,0.0375
13861,1,0.04375
13862,1,0.04375
13863,0,0.05
13864,2,0.0375
13865,1,0.04375
13866,1,0.04375
13867,0,0.05
13868,1,0.04375
13869,0,0.05
13870,0,0.05
13871,1,0.05625
13872,2,0.0375
13873,1,0.04375
13874,1,0.04375
13875,0,0.05
13876,1,0.04375
13877,0,0.05
13878,0,0.05
13879,1,0.05625
13880,1,0.04375
13881,0,0.05
13882,0,0.05
13883,1,0.05625
13884,0,0.05
13885,1,0.05625
13886,1,0.05625
13887,2,0.0625
13888,3,0.03125
13889,2,0.0375
13890,2,0.0375
13891,1,0.04375
13892,2,0.0375
13893,1,0.04375
13894,1,0.04375
13895,0,0.05
13896,2,0.0375
13897,1,0.04375
13898,1,0.04375
13899,0,0.05
13900,1,0.04375
13901,0,0.05
13902,0,0.05
13903,1,0.05625
13904,2,0.0375
13905,1,0.04375
13906,1,0.04375
13907,0,0.05
13908,1,0.04375
13909,0,0.05
13910,0,0.05
13911,1,0.05625
13912,1,0.04375
13913,0,0.05
13914,0,0.05
13915,1,0.05625
13916,0,0.05
13917,1,0.05625
13918,1,0.05625
13919,2,0.0625
13920,2,0.0375
13921,1,0.04375
13922,1,0.04375
13923,0,0.05
13924,1,0.04375
13925,0,0.05
13926,0,0.05
13927,1,0.05625
13928,1,0.04375
13929,0,0.05
13930,0,0.05
13931,1,0.05625
13932,0,0.05
13933,1,0.05625
13934,1,0.05625
13935,2,0.0625
13936,1,0.04375
13937,0,0.05
13938,0,0.05
13939,1,0.05625
13940,0,0.05
13941,1,0.05625
13942,1,0.05625
13943,2,0.0625
13944,0,0.05
13945,1,0.05625
13946,1,0.05625
13947,2,0.0625
13948,1,0.05625
13949,2,0.0625
13950,2,0.0625
13951,3,0.06875
13952,3,0.03125
13953,2,0.0375
13954,2,0.0375
13955,1,0.04375
13956,2,0.0375
13957,1,0.04375
13958,1,0.04375
13959,0,0.05
13960,2,0.0375
13961,1,0.04375
13962,1,0.04375
13963,0,0.05
13964,1,0.04375
13965,0,0.05
13966,0,0.05
13967,1,0.05625
13968,2,0.0375
13969,1,0.04375
13970,1,0.04375
13971,0,0.05
13972,1,0.04375
13973,0,0.05
13974,0,0.05
13975,1,0.05625
13976,1,0.04375
13977,0,0.05
13978,0,0.05
13979,1,0.05625
13980,0,0.05
13981,1,0.05625
13982,1,0.05625
13983,2,0.0625
13984,2,0.0375
13985,1,0.04375
13986,1,0.04375
13987,0,0.05
13988,1,0.04375
13989,0,0.05
13990,0,0.05
13991,1,0.05625
13992,1,0.04375
13993,0,0.05
13994,0,0.05
13995,1,0.05625
13996,0,0.05
13997,1,0.05625
13998,1,0.05625
13999,2,0.0625
14000,1,0.04375
14001,0,0.05
14002,0,0.05
14003,1,0.05625
14004,0,0.05
14005,1,0.05625
14006,1,0.05625
14007,2,0.0625
14008,0,0.05
14009,1,0.05625
14010,1,0.05625
14011,2,0.0625
14012,1,0.05625
14013,2,0.0625
14014,2,0.0625
14015,3,0.06875
14016,2,0.0375
14017,1,0.04375
14018,1,0.04375
14019,0,0.05
14020,1,0.04375
14021,0,0.05
14022,0,0.05
14023,1,0.05625
14024,1,0.04375
14025,0,0.05
14026,0,0.05
14027,1,0.05625
14028,0,0.05
14029,1,0.05625
14030,1,0.05625
14031,2,0.0625
14032,1,0.04375
14033,0,0.05
14034,0,0.05
14035,1,0.05625
14036,0,0.05
14037,1,0.05625
14038,1,0.05625
14039,2,0.0625
14040,0,0.05
14041,1,0.05625
14042,1,0.05625
14043,2,0.0625
14044,1,0.05625
14045,2,0.0625
14046,2,0.0625
14047,3,0.06875
14048,1,0.04375
14049,0,0.05
14050,0,0.05
14051,1,0.05625
14052,0,0.05
14053,1,0.05625
14054,1,0.05625
14055,2,0.0625
14056,0,0.05
14057,1,0.05625
14058,1,0.05625
14059,2,0.0625
14060,1,0.05625
14061,2,0.0625
14062,2,0.0625
14063,3,0.06875
14064,0,0.05
14065,1,0.05625
14066,1,0.05625
14067,2,0.0625
14068,1,0.05625
14069,2,0.0625
14070,2,0.0625
14071,3,0.06875
14072,1,0.05625
14073,2,0.0625
14074,2,0.0625
14075,3,0.06875
14076,2,0.0625
14077,3,0.06875
14078,3,0.06875
14079,4,0.075
14080,3,0.03125
14081,2,0.0375
14082,2,0.0375
14083,1,0.04375
14084,2,0.0375
14085,1,0.04375
14086,1,0.04375
14087,0,0.05
14088,2,0.0375
14089,1,0.04375
14090,1,0.04375
14091,0,0.05
14092,1,0.04375
14093,0,0.05
14094,0,0.05
14095,1,0.05625
14096,2,0.0375
14097,1,0.04375
14098,1,0.04375
14099,0,0.05
14100,1,0.04375
14101,0,0.05
14102,0,0.05
14103,1,0.05625
14104,1,0.04375
14105,0,0.05
14106,0,0.05
14107,1,0.05625
14108,0,0.05
14109,1,0.05625
14110,1,0.05625
14111,2,0.0625
14112,2,0.0375
14113,1,0.04375
14114,1,0.04375
14115,0,0.05
14116,1,0.04375
14117,0,0.05
14118,0,0.05
14119,1,0.05625
14120,1,0.04375
14121,0,0.05
14122,0,0.05
14123,1,0.05625
14124,0,0.05
14125,1,0.05625
14126,1,0.05625
14127,2,0.0625
14128,1,0.04375
14129,0,0.05
14130,0,0.05
14131,1,0.05625
14132,0,0.05
14133,1,0.05625
14134,1,0.05625
14135,2,0.0625
14136,0,0.05
14137,1,0.05625
14138,1,0.05625
14139,2,0.0625
14140,1,0.05625
14141,2,0.0625
14142,2,0.0625
14143,3,0.06875
14144,2,0.0375
14145,1,0.04375
14146,1,0.04375
14147,0,0.05
14148,1,0.04375
14149,0,0.05
14150,0,0.05
14151,1,0.05625
14152,1,0.04375
14153,0,0.05
14154,0,0.05
14155,1,0.05625
14156,0,0.05
14157,1,0.05625
14158,1,0.05625
14159,2,0.0625
14160,1,0.04375
14161,0,0.05
14162,0,0.05
14163,1,0.05625
14164,0,0.05
14165,1,0.05625
14166,1,0.05625
14167,2,0.0625
14168,0,0.05
14169,1,0.05625
14170,1,0.05625
14171,2,0.0625
14172,1,0.05625
14173,2,0.0625
14174,2,0.0625
14175,3,0.06875
14176,1,0.04375
14177,0,0.05
14178,0,0.05
14179,1,0.05625
14180,0,0.05
14181,1,0.05625
14182,1,0.05625
14183,2,0.0625
14184,0,0.05
14185,1,0.05625
14186,1,0.05625
14187,2,0.0625
14188,1,0.05625
14189,2,0.0625
14190,2,0.0625
14191,3,0.06875
14192,0,0.05
14193,1,0.05625
14194,1,0.05625
14195,2,0.0625
14196,1,0.05625
14197,2,0.0625
14198,2,0.0625
14199,3,0.06875
14200,1,0.05625
14201,2,0.0625
14202,2,0.0625
14203,3,0.06875
14204,2,0.0625
14205,3,0.06875
14206,3,0.06875
14207,4,0.075
14208,2,0.0375
14209,1,0.04375
14210,1,0.04375
14211,0,0.05
14212,1,0.04375
14213,0,0.05
14214,0,0.05
14215,1,0.05625
14216,1,0.04375
14217,0,0.05
14218,0,0.05
14219,1,0.05625
14220,0,0.05
14221,1,0.05625
14222,1,0.05625
14223,2,0.0625
14224,1,0.04375
14225,0,0.05
14226,0,0.05
14227,1,0.05625
14228,0,0.05
14229,1,0.05625
14230,1,0.05625
14231,2,0.0625
14232,0,0.05
14233,1,0.05625
14234,1,0.05625
14235,2,0.0625
14236,1,0.05625
14237,2,0.0625
14238,2,0.0625
14239,3,0.06875
14240,1,0.04375
14241,0,0.05
14242,0,0.05
14243,1,0.05625
14244,0,0.05
14245,1,0.05625
14246,1,0.05625
14247,2,0.0625
14248,0,0.05
14249,1,0.05625
14250,1,0.05625
14251,2,0.0625
14252,1,0.05625
14253,2,0.0625
14254,2,0.0625
14255,3,0.06875
14256,0,0.05
14257,1,0.05625
14258,1,0.05625
14259,2,0.0625
14260,1,0.05625
14261,2,0.0625
14262,2,0.0625
14263,3,0.06875
14264,1,0.05625
14265,2,0.0625
14266,2,0.0625
14267,3,0.06875
14268,2,0.0625
14269,3,0.06875
14270,3,0.06875
14271,4,0.075
14272,1,0.04375
14273,0,0.05
14274,0,0.05
14275,1,0.05625
14276,0,0.05
14277,1,0.05625
14278,1,0.05625
14279,2,0.0625
14280,0,0.05
14281,1,0.05625
14282,1,0.05625
14283,2,0.0625
14284,1,0.05625
14285,2,0.0625
14286,2,0.0625
14287,3,0.06875
14288,0,0.05
14289,1,0.05625
14290,1,0.05625
14291,2,0.0625
14292,1,0.05625
14293,2,0.0625
14294,2,0.0625
14295,3,0.06875
14296,1,0.05625
14297,2,0.0625
14298,2,0.0625
14299,3,0.06875
14300,2,0.0625
14301,3,0.06875
14302,3,0.06875
14303,4,0.075
14304,0,0.05
14305,1,0.05625
14306,1,0.05625
14307,2,0.0625
14308,1,0.05625
14309,2,0.0625
14310,2,0.0625
14311,3,0.06875
14312,1,0.05625
14313,2,0.0625
14314,2,0.0625
14315,3,0.06875
14316,2,0.0625
14317,3,0.06875
14318,3,0.06875
14319,4,0.075
14320,1,0.05625
14321,2,0.0625
14322,2,0.0625
14323,3,0.06875
14324,2,0.0625
14325,3,0.06875
14326,3,0.06875
14327,4,0.075
14328,2,0.0625
14329,3,0.06875
14330,3,0.06875
14331,4,0.075
14332,3,0.06875
14333,4,0.075
14334,4,0.075
14335,3,0.08125
14336,3,0.01875
14337,4,0.025
14338,4,0.025
14339,3,0.03125
14340,4,0.025
14341,3,0.03125
14342,3,0.03125
14343,2,0.0375
14344,4,0.025
14345,3,0.03125
14346,3,0.03125
14347,2,0.0375
14348,3,0.03125
14349,2,0.0375
14350,2,0.0375
14351,1,0.04375
14352,4,0.025
14353,3,0.03125
14354,3,0.03125
14355,2,0.0375
14356,3,0.03125
14357,2,0.0375
14358,2,0.0375
14359,1,0.04375
14360,3,0.03125
14361,2,0.0375
14362,2,0.0375
14363,1,0.04375
14364,2,0.0375
14365,1,0.04375
14366,1,0.04375
14367,0,0.05
14368,4,0.025
14369,3,0.03125
14370,3,0.03125
14371,2,0.0375
14372,3,0.03125
14373,2,0.0375
14374,2,0.0375
14375,1,0.04375
14376,3,0.03125
14377,2,0.0375
14378,2,0.0375
14379,1,0.04375
14380,2,0.0375
14381,1,0.04375
14382,1,0.04375
14383,0,0.05
14384,3,0.03125
14385,2,0.0375
14386,2,0.0375
14387,1,0.04375
14388,2,0.0375
14389,1,0.04375
14390,1,0.04375
14391,0,0.05
14392,2,0.0375
14393,1,0.04375
14394,1,0.04375
14395,0,0.05
14396,1,0.04375
14397,0,0.05
14398,0,0.05
14399,1,0.05625
14400,4,0.025
14401,3,0.03125
14402,3,0.03125
14403,2,0.0375
14404,3,0.03125
14405,2,0.0375
14406,2,0.0375
14407,1,0.04375
14408,3,0.03125
14409,2,0.0375
14410,2,0.0375
14411,1,0.04375
14412,2,0.0375
14413,1,0.04375
14414,1,0.04375
14415,0,0.05
14416,3,0.03125
14417,2,0.0375
14418,2,0.0375
14419,1,0.04375
14420,2,0.0375
14421,1,0.04375
14422,1,0.04375
14423,0,0.05
14424,2,0.0375
14425,1,0.04375
14426,1,0.04375
14427,0,0.05
14428,1,0.04375
14429,0,0.05
14430,0,0.05
14431,1,0.05625
14432,3,0.03125
14433,2,0.0375
14434,2,0.0375
14435,1,0.04375
14436,2,0.0375
14437,1,0.04375
14438,1,0.04375
14439,0,0.05
14440,2,0.0375
14441,1,0.04375
14442,1,0.04375
14443,0,0.05
14444,1,0.04375
14445,0,0.05
14446,0,0.05
14447,1,0.05625
14448,2,0.0375
14449,1,0.04375
14450,1,0.04375
14451,0,0.05
14452,1,0.04375
14453,0,0.05
14454,0,0.05
14455,1,0.05625
14456,1,0.04375
14457,0,0.05
14458,0,0.05
14459,1,0.05625
14460,0,0.05
14461,1,0.05625
14462,1,0.05625
14463,2,0.0625
14464,4,0.025
14465,3,0.03125
14466,3,0.03125
14467,2,0.0375
14468,3,0.03125
14469,2,0.0375
14470,2,0.0375
14471,1,0.04375
14472,3,0.03125
14473,2,0.0375
14474,2,0.0375
14475,1,0.04375
14476,2,0.0375
14477,1,0.04375
14478,1,0.04375
14479,0,0.05
14480,3,0.03125
14481,2,0.0375
14482,2,0.0375
14483,1,0.04375
14484,2,0.0375
14485,1,0.04375
14486,1,0.04375
14487,0,0.05
14488,2,0.0375
14489,1,0.04375
14490,1,0.04375
14491,0,0.05
14492,1,0.04375
14493,0,0.05
14494,0,0.05
14495,1,0.05625
14496,3,0.03125
14497,2,0.0375
14498,2,0.0375
14499,1,0.04375
14500,2,0.0375
14501,1,0.04375
14502,1,0.04375
14503,0,0.05
14504,2,0.0375
14505,1,0.04375
14506,1,0.04375
14507,0,0.05
14508,1,0.04375
14509,0,0.05
14510,0,0.05
14511,1,0.05625
14512,2,0.0375
14513,1,0.04375
14514,1,0.04375
14515,0,0.05
14516,1,0.04375
14517,0,0.05
14518,0,0.05
14519,1,0.05625
14520,1,0.04375
14521,0,0.05
14522,0,0.05
14523,1,0.05625
14524,0,0.05
14525,1,0.05625
14526,1,0.05625
14527,2,0.0625
14528,3,0.03125
14529,2,0.0375
14530,2,0.0375
14531,1,0.04375
14532,2,0.0375
14533,1,0.04375
14534,1,0.04375
14535,0,0.05
14536,2,0.0375
14537,1,0.04375
14538,1,0.04375
14539,0,0.05
14540,1,0.04375
14541,0,0.05
14542,0,0.05
14543,1,0.05625
14544,2,0.0375
14545,1,0.04375
14546,1,0.04375
14547,0,0.05
14548,1,0.04375
14549,0,0.05
14550,0,0.05
14551,1,0.05625
14552,1,0.04375
14553,0,0.05
14554,0,0.05
14555,1,0.05625
14556,0,0.05
14557,1,0.05625
14558,1,0.05625
14559,2,0.0625
14560,2,0.0375
14561,1,0.04375
14562,1,0.04375
14563,0,0.05
14564,1,0.04375
14565,0,0.05
14566,0,0.05
14567,1,0.05625
14568,1,0.04375
14569,0,0.05
14570,0,0.05
14571,1,0.05625
14572,0,0.05
14573,1,0.05625
14574,1,0.05625
14575,2,0.0625
14576,1,0.04375
14577,0,0.05
14578,0,0.05
14579,1,0.05625
14580,0,0.05
14581,1,0.05625
14582,1,0.05625
14583,2,0.0625
14584,0,0.05
14585,1,0.05625
14586,1,0.05625
14587,2,0.0625
14588,1,0.05625
14589,2,0.0625
14590,2,0.0625
14591,3,0.06875
14592,4,0.025
14593,3,0.03125
14594,3,0.03125
14595,2,0.0375
14596,3,0.03125
14597,2,0.0375
14598,2,0.0375
14599,1,0.04375
14600,3,0.03125
14601,2,0.0375
14602,2,0.0375
14603,1,0.04375
14604,2,0.0375
14605,1,0.04375
14606,1,0.04375
14607,0,0.05
14608,3,0.03125
14609,2,0.0375
14610,2,0.0375
14611,1,0.04375
14612,2,0.0375
14613,1,0.04375
14614,1,0.04375
14615,0,0.05
14616,2,0.0375
14617,1,0.04375
14618,1,0.04375
14619,0,0.05
14620,1,0.04375
14621,0,0.05
14622,0,0.05
14623,1,0.05625
14624,3,0.03125
14625,2,0.0375
14626,2,0.0375
14627,1,0.04375
14628,2,0.0375
14629,1,0.04375
14630,1,0.04375
14631,0,0.05
14632,2,0.0375
14633,1,0.04375
14634,1,0.04375
14635,0,0.05
14636,1,0.04375
14637,0,0.05
14638,0,0.05
14639,1,0.05625
14640,2,0.0375
14641,1,0.04375
14642,1,0.04375
14643,0,0.05
14644,1,0.04375
14645,0,0.05
14646,0,0.05
14647,1,0.05625
14648,1,0.04375
14649,0,0.05
14650,0,0.05
14651,1,0.05625
14652,0,0.05
14653,1,0.05625
14654,1,0.05625
14655,2,0.0625
14656,3,0.03125
14657,2,0.0375
14658,2,0.0375
14659,1,0.04375
14660,2,0.0375
14661,1,0.04375
14662,1,0.04375
14663,0,0.05
14664,2,0.0375
14665,1,0.04375
14666,1,0.04375
14667,0,0.05
14668,1,0.04375
14669,0,0.05
14670,0,0.05
14671,1,0.05625
14672,2,0.0375
14673,1,0.04375
14674,1,0.04375
14675,0,0.05
14676,1,0.04375
14677,0,0.05
14678,0,0.05
14679,1,0.05625
14680,1,0.04375
14681,0,0.05
14682,0,0.05
14683,1,0.05625
14684,0,0.05
14685,1,0.05625
14686,1,0.05625
14687,2,0.0625
14688,2,0.0375
14689,1,0.04375
14690,1,0.04375
14691,0,0.05
14692,1,0.04375
14693,0,0.05
14694,0,0.05
14695,1,0.05625
14696,1,0.04375
14697,0,0.05
14698,0,0.05
14699,1,0.05625
14700,0,0.05
14701,1,0.05625
14702,1,0.05625
14703,2,0.0625
14704,1,0.04375
14705,0,0.05
14706,0,0.05
14707,1,0.05625
14708,0,0.05
14709,1,0.05625
14710,1,0.05625
14711,2,0.0625
14712,0,0.05
14713,1,0.05625
14714,1,0.05625
14715,2,0.0625
14716,1,0.05625
14717,2,0.0625
14718,2,0.0625
14719,3,0.06875
14720,3,0.03125
14721,2,0.0375
14722,2,0.0375
14723,1,0.04375
14724,2,0.0375
14725,1,0.04375
14726,1,0.04375
14727,0,0.05
14728,2,0.0375
14729,1,0.04375
14730,1,0.04375
14731,0,0.05
14732,1,0.04375
14733,0,0.05
14734,0,0.05
14735,1,0.05625
14736,2,0.0375
14737,1,0.04375
14738,1,0.04375
14739,0,0.05
14740,1,0.04375
14741,0,0.05
14742,0,0.05
14743,1,0.05625
14744,1,0.04375
14745,0,0.05
14746,0,0.05
14747,1,0.05625
14748,0,0.05
14749,1,0.05625
14750,1,0.05625
14751,2,0.0625
14752,2,0.0375
14753,1,0.04375
14754,1,0.04375
14755,0,0.05
14756,1,0.04375
14757,0,0.05
14758,0,0.05
14759,1,0.05625
14760,1,0.04375
14761,0,0.05
14762,0,0.05
14763,1,0.05625
14764,0,0.05
14765,1,0.05625
14766,1,0.05625
14767,2,0.0625
14768,1,0.04375
14769,0,0.05
14770,0,0.05
14771,1,0.05625
14772,0,0.05
14773,1,0.05625
14774,1,0.05625
14775,2,0.0625
14776,0,0.05
14777,1,0.05625
14778,1,0.05625
14779,2,0.0625
14780,1,0.05625
14781,2,0.0625
14782,2,0.0625
14783,3,0.06875
14784,2,0.0375
14785,1,0.04375
14786,1,0.04375
14787,0,0.05
14788,1,0.04375
14789,0,0.05
14790,0,0.05
14791,1,0.05625
14792,1,0.04375
14793,0,0.05
14794,0,0.05
14795,1,0.05625
14796,0,0.05
14797,1,0.05625
14798,1,0.05625
14799,2,0.0625
14800,1,0.04375
14801,0,0.05
14802,0,0.05
14803,1,0.05625
14804,0,0.05
14805,1,0.05625
14806,1,0.05625
14807,2,0.0625
14808,0,0.05
14809,1,0.05625
14810,1,0.05625
14811,2,0.0625
14812,1,0.05625
14813,2,0.0625
14814,2,0.0625
14815,3,0.06875
14816,1,0.04375
14817,0,0.05
14818,0,0.05
14819,1,0.05625
14820,0,0.05
14821,1,0.05625
14822,1,0.05625
14823,2,0.0625
14824,0,0.05
14825,1,0.05625
14826,1,0.05625
14827,2,0.0625
14828,1,0.05625
14829,2,0.0625
14830,2,0.0625
14831,3,0.06875
14832,0,0.05
14833,1,0.05625
14834,1,0.05625
14835,2,0.0625
14836,1,0.05625
14837,2,0.0625
14838,2,0.0625
14839,3,0.06875
14840,1,0.05625
14841,2,0.0625
14842,2,0.0625
14843,3,0.06875
14844,2,0.0625
14845,3,0.06875
14846,3,0.06875
14847,4,0.075
14848,4,0.025
14849,3,0.03125
14850,3,0.03125
14851,2,0.0375
14852,3,0.03125
14853,2,0.0375
14854,2,0.0375
14855,1,0.04375
14856,3,0.03125
14857,2,0.0375
14858,2,0.0375
14859,1,0.04375
14860,2,0.0375
14861,1,0.04375
14862,1,0.04375
14863,0,0.05
14864,3,0.03125
14865,2,0.0375
14866,2,0.0375
14867,1,0.04375
14868,2,0.0375
14869,1,0.04375
14870,1,0.04375
14871,0,0.05
14872,2,0.0375
14873,1,0.04375
14874,1,0.04375
14875,0,0.05
14876,1,0.04375
14877,0,0.05
14878,0,0.05
14879,1,0.05625
14880,3,0.03125
14881,2,0.0375
14882,2,0.0375
14883,1,0.04375
14884,2,0.0375
14885,1,0.04375
14886,1,0.04375
14887,0,0.05
14888,2,0.0375
14889,1,0.04375
14890,1,0.04375
14891,0,0.05
14892,1,0.04375
14893,0,0.05
14894,0,0.05
14895,1,0.05625
14896,2,0.0375
14897,1,0.04375
14898,1,0.04375
14899,0,0.05
14900,1,0.04375
14901,0,0.05
14902,0,0.05
14903,1,0.05625
14904,1,0.04375
14905,0,0.05
14906,0,0.05
14907,1,0.05625
14908,0,0.05
14909,1,0.05625
14910,1,0.05625
14911,2,0.0625
14912,3,0.03125
14913,2,0.0375
14914,2,0.0375
14915,1,0.04375
14916,2,0.0375
14917,1,0.04375
14918,1,0.04375
14919,0,0.05
14920,2,0.0375
14921,1,0.04375
14922,1,0.04375
14923,0,0.05
14924,1,0.04375
14925,0,0.05
14926,0,0.05
14927,1,0.05625
14928,2,0.0375
14929,1,0.04375
14930,1,0.04375
14931,0,0.05
14932,1,0.04375
14933,0,0.05
14934,0,0.05
14935,1,0.05625
14936,1,0.04375
14937,0,0.05
14938,0,0.05
14939,1,0.05625
14940,0,0.05
14941,1,0.05625
14942,1,0.05625
14943,2,0.0625
14944,2,0.0375
14945,1,0.04375
14946,1,0.04375
14947,0,0.05
14948,1,0.04375
14949,0,0.05
14950,0,0.05
14951,1,0.05625
14952,1,0.04375
14953,0,0.05
14954,0,0.05
14955,1,0.05625
14956,0,0.05
14957,1,0.05625
14958,1,0.05625
14959,2,0.0625
14960,1,0.04375
14961,0,0.05
14962,0,0.05
14963,1,0.05625
14964,0,0.05
14965,1,0.05625
14966,1,0.05625
14967,2,0.0625
14968,0,0.05
14969,1,0.05625
14970,1,0.05625
14971,2,0.0625
14972,1,0.05625
14973,2,0.0625
14974,2,0.0625
14975,3,0.06875
14976,3,0.03125
14977,2,0.0375
14978,2,0.0375
14979,1,0.04375
14980,2,0.0375
14981,1,0.04375
14982,1,0.04375
14983,0,0.05
14984,2,0.0375
14985,1,0.04375
14986,1,0.04375
14987,0,0.05
14988,1,0.04375
14989,0,0.05
14990,0,0.05
14991,1,0.05625
14992,2,0.0375
14993,1,0.04375
14994,1,0.04375
14995,0,0.05
14996,1,0.04375
14997,0,0.05
14998,0,0.05
14999,1,0.05625
15000,1,0.04375
15001,0,0.05
15002,0,0.05
15003,1,0.05625
15004,0,0.05
15005,1,0.05625
15006,1,0.05625
15007,2,0.0625
15008,2,0.0375
15009,1,0.04375
15010,1,0.04375
15011,0,0.05
15012,1,0.04375
15013,0,0.05
15014,0,0.05
15015,1,0.05625
15016,1,0.04375
15017,0,0.05
15018,0,0.05
15019,1,0.05625
15020,0,0.05
15021,1,0.05625
15022,1,0.05625
15023,2,0.0625
15024,1,0.04375
15025,0,0.05
15026,0,0.05
15027,1,0.05625
15028,0,0.05
15029,1,0.05625
15030,1,0.05625
15031,2,0.0625
15032,0,0.05
15033,1,0.05625
15034,1,0.05625
15035,2,0.0625
15036,1,0.05625
15037,2,0.0625
15038,2,0.0625
15039,3,0.06875
15040,2,0.0375
15041,1,0.04375
15042,1,0.04375
15043,0,0.05
15044,1,0.04375
15045,0,0.05
15046,0,0.05
15047,1,0.05625
15048,1,0.04375
15049,0,0.05
15050,0,0.05
15051,1,0.05625
15052,0,0.05
15053,1,0.05625
15054,1,0.05625
15055,2,0.0625
15056,1,0.04375
15057,0,0.05
15058,0,0.05
15059,1,0.05625
15060,0,0.05
15061,1,0.05625
15062,1,0.05625
15063,2,0.0625
15064,0,0.05
15065,1,0.05625
15066,1,0.05625
15067,2,0.0625
15068,1,0.05625
15069,2,0.0625
15070,2,0.0625
15071,3,0.06875
15072,1,0.04375
15073,0,0.05
15074,0,0.05
15075,1,0.05625
15076,0,0.05
15077,1,0.05625
15078,1,0.05625
15079,2,0.0625
15080,0,0.05
15081,1,0.05625
15082,1,0.05625
15083,2,0.0625
15084,1,0.05625
15085,2,0.0625
15086,2,0.0625
15087,3,0.06875
15088,0,0.05
15089,1,0.05625
15090,1,0.05625
15091,2,0.0625
15092,1,0.05625
15093,2,0.0625
15094,2,0.0625
15095,3,0.06875
15096,1,0.05625
15097,2,0.0625
15098,2,0.0625
15099,3,0.06875
15100,2,0.0625
15101,3,0.06875
15102,3,0.06875
15103,4,0.075
15104,3,0.03125
15105,2,0.0375
15106,2,0.0375
15107,1,0.04375
15108,2,0.0375
15109,1,0.04375
15110,1,0.04375
15111,0,0.05
15112,2,0.0375
15113,1,0.04375
15114,1,0.04375
15115,0,0.05
15116,1,0.04375
15117,0,0.05
15118,0,0.05
15119,1,0.05625
15120,2,0.0375
15121,1,0.04375
15122,1,0.04375
15123,0,0.05
15124,1,0.04375
15125,0,0.05
15126,0,0.05
15127,1,0.05625
15128,1,0.04375
15129,0,0.05
15130,0,0.05
15131,1,0.05625
15132,0,0.05
15133,1,0.05625
15134,1,0.05625
15135,2,0.0625
15136,2,0.0375
15137,1,0.04375
15138,1,0.04375
15139,0,0.05
15140,1,0.04375
15141,0,0.05
15142,0,0.05
15143,1,0.05625
15144,1,0.04375
15145,0,0.05
15146,0,0.05
15147,1,0.05625
15148,0,0.05
15149,1,0.05625
15150,1,0.05625
15151,2,0.0625
15152,1,0.04375
15153,0,0.05
15154,0,0.05
15155,1,0.05625
15156,0,0.05
15157,1,0.05625
15158,1,0.05625
15159,2,0.0625
15160,0,0.05
15161,1,0.05625
15162,1,0.05625
15163,2,0.0625
15164,1,0.05625
15165,2,0.0625
15166,2,0.0625
15167,3,0.06875
15168,2,0.0375
15169,1,0.04375
15170,1,0.04375
15171,0,0.05
15172,1,0.04375
15173,0,0.05
15174,0,0.05
15175,1,0.05625
15176,1,0.04375
15177,0,0.05
15178,0,0.05
15179,1,0.05625
15180,0,0.05
15181,1,0.05625
15182,1,0.05625
15183,2,0.0625
15184,1,0.04375
15185,0,0.05
15186,0,0.05
15187,1,0.05625
15188,0,0.05
15189,1,0.05625
15190,1,0.05625
15191,2,0.0625
15192,0,0.05
15193,1,0.05625
15194,1,0.05625
15195,2,0.0625
15196,1,0.05625
15197,2,0.0625
15198,2,0.0625
15199,3,0.06875
15200,1,0.04375
15201,0,0.05
15202,0,0.05
15203,1,0.05625
15204,0,0.05
15205,1,0.05625
15206,1,0.05625
15207,2,0.0625
15208,0,0.05
15209,1,0.05625
15210,1,0.05625
15211,2,0.0625
15212,1,0.05625
15213,2,0.0625
15214,2,0.0625
15215,3,0.06875
15216,0,0.05
15217,1,0.05625
15218,1,0.05625
15219,2,0.0625
15220,1,0.05625
15221,2,0.0625
15222,2,0.0625
15223,3,0.06875
15224,1,0.05625
15225,2,0.0625
15226,2,0.0625
15227,3,0.06875
15228,2,0.0625
15229,3,0.06875
15230,3,0.06875
15231,4,0.075
15232,2,0.0375
15233,1,0.04375
15234,1,0.04375
15235,0,0.05
15236,1,0.04375
15237,0,0.05
15238,0,0.05
15239,1,0.05625
15240,1,0.04375
15241,0,0.05
15242,0,0.05
15243,1,0.05625
15244,0,0.05
15245,1,0.05625
15246,1,0.05625
15247,2,0.0625
15248,1,0.04375
15249,0,0.05
15250,0,0.05
15251,1,0.05625
15252,0,0.05
15253,1,0.05625
15254,1,0.05625
15255,2,0.0625
15256,0,0.05
15257,1,0.05625
15258,1,0.05625
15259,2,0.0625
15260,1,0.05625
15261,2,0.0625
15262,2,0.0625
15263,3,0.06875
15264,1,0.04375
15265,0,0.05
15266,0,0.05
15267,1,0.05625
15268,0,0.05
15269,1,0.05625
15270,1,0.05625
15271,2,0.0625
15272,0,0.05
15273,1,0.05625
15274,1,0.05625
15275,2,0.0625
15276,1,0.05625
15277,2,0.0625
15278,2,0.0625
15279,3,0.06875
15280,0,0.05
15281,1,0.05625
15282,1,0.05625
15283,2,0.0625
15284,1,0.05625
15285,2,0.0625
15286,2,0.0625
15287,3,0.06875
15288,1,0.05625
15289,2,0.0625
15290,2,0.0625
15291,3,0.06875
15292,2,0.0625
15293,3,0.06875
15294,3,0.06875
15295,4,0.075
15296,1,0.04375
15297,0,0.05
15298,0,0.05
15299,1,0.05625
15300,0,0.05
15301,1,0.05625
15302,1,0.05625
15303,2,0.0625
15304,0,0.05
15305,1,0.05625
15306,1,0.05625
15307,2,0.0625
15308,1,0.05625
15309,2,0.0625
15310,2,0.0625
15311,3,0.06875
15312,0,0.05
15313,1,0.05625
15314,1,0.05625
15315,2,0.0625
15316,1,0.05625
15317,2,0.0625
15318,2,0.0625
15319,3,0.06875
15320,1,0.05625
15321,2,0.0625
15322,2,0.0625
15323,3,0.06875
15324,2,0.0625
15325,3,0.06875
15326,3,0.06875
15327,4,0.075
15328,0,0.05
15329,1,0.05625
15330,1,0.05625
15331,2,0.0625
15332,1,0.05625
15333,2,0.0625
15334,2,0.0625
15335,3,0.06875
15336,1,0.05625
15337,2,0.0625
15338,2,0.0625
15339,3,0.06875
15340,2,0.0625
15341,3,0.06875
15342,3,0.06875
15343,4,0.075
15344,1,0.05625
15345,2,0.0625
15346,2,0.0625
15347,3,0.06875
15348,2,0.0625
15349,3,0.06875
15350,3,0.06875
15351,4,0.075
15352,2,0.0625
15353,3,0.06875
15354,3,0.06875
15355,4,0.075
15356,3,0.06875
15357,4,0.075
15358,4,0.075
15359,3,0.08125
15360,4,0.025
15361,3,0.03125
15362,3,0.03125
15363,2,0.0375
15364,3,0.03125
15365,2,0.0375
15366,2,0.0375
15367,1,0.04375
15368,3,0.03125
15369,2,0.0375
15370,2,0.0375
15371,1,0.04375
15372,2,0.0375
15373,1,0.04375
15374,1,0.04375
15375,0,0.05
15376,3,0.03125
15377,2,0.0375
15378,2,0.0375
15379,1,0.04375
15380,2,0.0375
15381,1,0.04375
15382,1,0.04375
15383,0,0.05
15384,2,0.0375
15385,1,0.04375
15386,1,0.04375
15387,0,0.05
15388,1,0.04375
15389,0,0.05
15390,0,0.05
15391,1,0.05625
15392,3,0.03125
15393,2,0.0375
15394,2,0.0375
15395,1,0.04375
15396,2,0.0375
15397,1,0.04375
15398,1,0.04375
15399,0,0.05
15400,2,0.0375
15401,1,0.04375
15402,1,0.04375
15403,0,0.05
15404,1,0.04375
15405,0,0.05
15406,0,0.05
15407,1,0.05625
15408,2,0.0375
15409,1,0.04375
15410,1,0.04375
15411,0,0.05
15412,1,0.04375
15413,0,0.05
15414,0,0.05
15415,1,0.05625
15416,1,0.04375
15417,0,0.05
15418,0,0.05
15419,1,0.05625
15420,0,0.05
15421,1,0.05625
15422,1,0.05625
15423,2,0.0625
15424,3,0.03125
15425,2,0.0375
15426,2,0.0375
15427,1,0.04375
15428,2,0.0375
15429,1,0.04375
15430,1,0.04375
15431,0,0.05
15432,2,0.0375
15433,1,0.04375
15434,1,0.04375
15435,0,0.05
15436,1,0.04375
15437,0,0.05
15438,0,0.05
15439,1,0.05625
15440,2,0.0375
15441,1,0.04375
15442,1,0.04375
15443,0,0.05
15444,1,0.04375
15445,0,0.05
15446,0,0.05
15447,1,0.05625
15448,1,0.04375
15449,0,0.05
15450,0,0.05
15451,1,0.05625
15452,0,0.05
15453,1,0.05625
15454,1,0.05625
15455,2,0.0625
15456,2,0.0375
15457,1,0.04375
15458,1,0.04375
15459,0,0.05
15460,1,0.04375
15461,0,0.05
15462,0,0.05
15463,1,0.05625
15464,1,0.04375
15465,0,0.05
15466,0,0.05
15467,1,0.05625
15468,0,0.05
15469,1,0.05625
15470,1,0.05625
15471,2,0.0625
15472,1,0.04375
15473,0,0.05
15474,0,0.05
15475,1,0.05625
15476,0,0.05
15477,1,0.05625
15478,1,0.05625
15479,2,0.0625
15480,0,0.05
15481,1,0.05625
15482,1,0.05625
15483,2,0.0625
15484,1,0.05625
15485,2,0.0625
15486,2,0.0625
15487,3,0.06875
15488,3,0.03125
15489,2,0.0375
15490,2,0.0375
15491,1,0.04375
15492,2,0.0375
15493,1,0.04375
15494,1,0.04375
15495,0,0.05
15496,2,0.0375
15497,1,0.04375
15498,1,0.04375
15499,0,0.05
15500,1,0.04375
15501,0,0.05
15502,0,0.05
15503,1,0.05625
15504,2,0.0375
15505,1,0.04375
15506,1,0.04375
15507,0,0.05
15508,1,0.04375
15509,0,0.05
15510,0,0.05
15511,1,0.05625
15512,1,0.04375
15513,0,0.05
15514,0,0.05
15515,1,0.05625
15516,0,0.05
15517,1,0.05625
15518,1,0.05625
15519,2,0.0625
15520,2,0.0375
15521,1,0.04375
15522,1,0.04375
15523,0,0.05
15524,1,0.04375
15525,0,0.05
15526,0,0.05
15527,1,0.05625
15528,1,0.04375
15529,0,0.05
15530,0,0.05
15531,1,0.05625
15532,0,0.05
15533,1,0.05625
15534,1,0.05625
15535,2,0.0625
15536,1,0.04375
15537,0,0.05
15538,0,0.05
15539,1,0.05625
15540,0,0.05
15541,1,0.05625
15542,1,0.05625
15543,2,0.0625
15544,0,0.05
15545,1,0.05625
15546,1,0.05625
15547,2,0.0625
15548,1,0.05625
15549,2,0.0625
15550,2,0.0625
15551,3,0.06875
15552,2,0.0375
15553,1,0.04375
15554,1,0.04375
15555,0,0.05
15556,1,0.04375
15557,0,0.05
15558,0,0.05
15559,1,0.05625
15560,1,0.04375
15561,0,0.05
15562,0,0.05
15563,1,0.05625
15564,0,0.05
15565,1,0.05625
15566,1,0.05625
15567,2,0.0625
15568,1,0.04375
15569,0,0.05
15570,0,0.05
15571,1,0.05625
15572,0,0.05
15573,1,0.05625
15574,1,0.05625
15575,2,0.0625
15576,0,0.05
15577,1,0.05625
15578,1,0.05625
15579,2,0.0625
15580,1,0.05625
15581,2,0.0625
15582,2,0.0625
15583,3,0.06875
15584,1,0.04375
15585,0,0.05
15586,0,0.05
15587,1,0.05625
15588,0,0.05
15589,1,0.05625
15590,1,0.05625
15591,2,0.0625
15592,0,0.05
15593,1,0.05625
15594,1,0.05625
15595,2,0.0625
15596,1,0.05625
15597,2,0.0625
15598,2,0.0625
15599,3,0.06875
15600,0,0.05
15601,1,0.05625
15602,1,0.05625
15603,2,0.0625
15604,1,0.05625
15605,2,0.0625
15606,2,0.0625
15607,3,0.06875
15608,1,0.05625
15609,2,0.0625
15610,2,0.0625
15611,3,0.06875
15612,2,0.0625
15613,3,0.06875
15614,3,0.06875
15615,4,0.075
15616,3,0.03125
15617,2,0.0375
15618,2,0.0375
15619,1,0.04375
15620,2,0.0375
15621,1,0.04375
15622,1,0.04375
15623,0,0.05
15624,2,0.0375
15625,1,0.04375
15626,1,0.04375
15627,0,0.05
15628,1,0.04375
15629,0,0.05
15630,0,0.05
15631,1,0.05625
15632,2,0.0375
15633,1,0.04375
15634,1,0.04375
15635,0,0.05
15636,1,0.04375
15637,0,0.05
15638,0,0.05
15639,1,0.05625
15640,1,0.04375
15641,0,0.05
15642,0,0.05
15643,1,0.05625
15644,0,0.05
15645,1,0.05625
15646,1,0.05625
15647,2,0.0625
15648,2,0.0375
15649,1,0.04375
15650,1,0.04375
15651,0,0.05
15652,1,0.04375
15653,0,0.05
15654,0,0.05
15655,1,0.05625
15656,1,0.04375
15657,0,0.05
15658,0,0.05
15659,1,0.05625
15660,0,0.05
15661,1,0.05625
15662,1,0.05625
15663,2,0.0625
15664,1,0.04375
15665,0,0.05
15666,0,0.05
15667,1,0.05625
15668,0,0.05
15669,1,0.05625
15670,1,0.05625
15671,2,0.0625
15672,0,0.05
15673,1,0.05625
15674,1,0.05625
15675,2,0.0625
15676,1,0.05625
15677,2,0.0625
15678,2,0.0625
15679,3,0.06875
15680,2,0.0375
15681,1,0.04375
15682,1,0.04375
15683,0,0.05
15684,1,0.04375
15685,0,0.05
15686,0,0.05
15687,1,0.05625
15688,1,0.04375
15689,0,0.05
15690,0,0.05
15691,1,0.05625
15692,0,0.05
15693,1,0.05625
15694,1,0.05625
15695,2,0.0625
15696,1,0.04375
15697,0,0.05
15698,0,0.05
15699,1,0.05625
15700,0,0.05
15701,1,0.05625
15702,1,0.05625
15703,2,0.0625
15704,0,0.05
15705,1,0.05625
15706,1,0.05625
15707,2,0.0625
15708,1,0.05625
15709,2,0.0625
15710,2,0.0625
15711,3,0.06875
15712,1,0.04375
15713,0,0.05
15714,0,0.05
15715,1,0.05625
15716,0,0.05
15717,1,0.05625
15718,1,0.05625
15719,2,0.0625
15720,0,0.05
15721,1,0.05625
15722,1,0.05625
15723,2,0.0625
15724,1,0.05625
15725,2,0.0625
15726,2,0.0625
15727,3,0.06875
15728,0,0.05
15729,1,0.05625
15730,1,0.05625
15731,2,0.0625
15732,1,0.05625
15733,2,0.0625
15734,2,0.0625
15735,3,0.06875
15736,1,0.05625
15737,2,0.0625
15738,2,0.0625
15739,3,0.06875
15740,2,0.0625
15741,3,0.06875
15742,3,0.06875
15743,4,0.075
15744,2,0.0375
15745,1,0.04375
15746,1,0.04375
15747,0,0.05
15748,1,0.04375
15749,0,0.05
15750,0,0.05
15751,1,0.05625
15752,1,0.04375
15753,0,0.05
15754,0,0.05
15755,1,0.05625
15756,0,0.05
15757,1,0.05625
15758,1,0.05625
15759,2,0.0625
15760,1,0.04375
15761,0,0.05
15762,0,0.05
15763,1,0.05625
15764,0,0.05
15765,1,0.05625
15766,1,0.05625
15767,2,0.0625
15768,0,0.05
15769,1,0.05625
15770,1,0.05625
15771,2,0.0625
15772,1,0.05625
15773,2,0.0625
15774,2,0.0625
15775,3,0.06875
15776,1,0.04375
15777,0,0.05
15778,0,0.05
15779,1,0.05625
15780,0,0.05
15781,1,0.05625
15782,1,0.05625
15783,2,0.0625
15784,0,0.05
15785,1,0.05625
15786,1,0.05625
15787,2,0.0625
15788,1,0.05625
15789,2,0.0625
15790,2,0.0625
15791,3,0.06875
15792,0,0.05
15793,1,0.05625
15794,1,0.05625
15795,2,0.0625
15796,1,0.05625
15797,2,0.0625
15798,2,0.0625
15799,3,0.06875
15800,1,0.05625
15801,2,0.0625
15802,2,0.0625
15803,3,0.06875
15804,2,0.0625
15805,3,0.06875
15806,3,0.06875
15807,4,0.075
15808,1,0.04375
15809,0,0.05
15810,0,0.05
15811,1,0.05625
15812,0,0.05
15813,1,0.05625
15814,1,0.05625
15815,2,0.0625
15816,0,0.05
15817,1,0.05625
15818,1,0.05625
15819,2,0.0625
15820,1,0.05625
15821,2,0.0625
15822,2,0.0625
15823,3,0.06875
15824,0,0.05
15825,1,0.05625
15826,1,0.05625
15827,2,0.0625
15828,1,0.05625
15829,2,0.0625
15830,2,0.0625
15831,3,0.06875
15832,1,0.05625
15833,2,0.0625
15834,2,0.0625
15835,3,0.06875
15836,2,0.0625
15837,3,0.06875
15838,3,0.06875
15839,4,0.075
15840,0,0.05
15841,1,0.05625
15842,1,0.05625
15843,2,0.0625
15844,1,0.05625
15845,2,0.0625
15846,2,0.0625
15847,3,0.06875
15848,1,0.05625
15849,2,0.0625
15850,2,0.0625
15851,3,0.06875
15852,2,0.0625
15853,3,0.06875
15854,3,0.06875
15855,4,0.075
15856,1,0.05625
15857,2,0.0625
15858,2,0.0625
15859,3,0.06875
15860,2,0.0625
15861,3,0.06875
15862,3,0.06875
15863,4,0.075
15864,2,0.0625
15865,3,0.06875
15866,3,0.06875
15867,4,0.075
15868,3,0.06875
15869,4,0.075
15870,4,0.075
15871,3,0.08125
15872,3,0.03125
15873,2,0.0375
15874,2,0.0375
15875,1,0.04375
15876,2,0.0375
15877,1,0.04375
15878,1,0.04375
15879,0,0.05
15880,2,0.0375
15881,1,0.04375
15882,1,0.04375
15883,0,0.05
15884,1,0.04375
15885,0,0.05
15886,0,0.05
15887,1,0.05625
15888,2,0.0375
15889,1,0.04375
15890,1,0.04375
15891,0,0.05
15892,1,0.04375
15893,0,0.05
15894,0,0.05
15895,1,0.05625
15896,1,0.04375
15897,0,0.05
15898,0,0.05
15899,1,0.05625
15900,0,0.05
15901,1,0.05625
15902,1,0.05625
15903,2,0.0625
15904,2,0.0375
15905,1,0.04375
15906,1,0.04375
15907,0,0.05
15908,1,0.04375
15909,0,0.05
15910,0,0.05
15911,1,0.05625
15912,1,0.04375
15913,0,0.05
15914,0,0.05
15915,1,0.05625
15916,0,0.05
15917,1,0.05625
15918,1,0.05625
15919,2,0.0625
15920,1,0.04375
15921,0,0.05
15922,0,0.05
15923,1,0.05625
15924,0,0.05
15925,1,0.05625
15926,1,0.05625
15927,2,0.0625
15928,0,0.05
15929,1,0.05625
15930,1,0.05625
15931,2,0.0625
15932,1,0.05625
15933,2,0.0625
15934,2,0.0625
15935,3,0.06875
15936,2,0.0375
15937,1,0.04375
15938,1,0.04375
15939,0,0.05
15940,1,0.04375
15941,0,0.05
15942,0,0.05
15943,1,0.05625
15944,1,0.04375
15945,0,0.05
15946,0,0.05
15947,1,0.05625
15948,0,0.05
15949,1,0.05625
15950,1,0.05625
15951,2,0.0625
15952,1,0.04375
15953,0,0.05
15954,0,0.05
15955,1,0.05625
15956,0,0.05
15957,1,0.05625
15958,1,0.05625
15959,2,0.0625
15960,0,0.05
15961,1,0.05625
15962,1,0.05625
15963,2,0.0625
15964,1,0.05625
15965,2,0.0625
15966,2,0.0625
15967,3,0.06875
15968,1,0.04375
15969,0,0.05
15970,0,0.05
15971,1,0.05625
15972,0,0.05
15973,1,0.05625
15974,1,0.05625
15975,2,0.0625
15976,0,0.05
15977,1,0.05625
15978,1,0.05625
15979,2,0.0625
15980,1,0.05625
15981,2,0.0625
15982,2,0.0625
15983,3,0.06875
15984,0,0.05
15985,1,0.05625
15986,1,0.05625
15987,2,0.0625
15988,1,0.05625
15989,2,0.0625
15990,2,0.0625
15991,3,0.06875
15992,1,0.05625
15993,2,0.0625
15994,2,0.0625
15995,3,0.06875
15996,2,0.0625
15997,3,0.06875
15998,3,0.06875
15999,4,0.075
16000,2,0.0375
16001,1,0.04375
16002,1,0.04375
16003,0,0.05
16004,1,0.04375
16005,0,0.05
16006,0,0.05
16007,1,0.05625
16008,1,0.04375
16009,0,0.05
16010,0,0.05
16011,1,0.05625
16012,0,0.05
16013,1,0.05625
16014,1,0.05625
16015,2,0.0625
16016,1,0.04375
16017,0,0.05
16018,0,0.05
16019,1,0.05625
16020,0,0.05
16021,1,0.05625
16022,1,0.05625
16023,2,0.0625
16024,0,0.05
16025,1,0.05625
16026,1,0.05625
16027,2,0.0625
16028,1,0.05625
16029,2,0.0625
16030,2,0.0625
16031,3,0.06875
16032,1,0.04375
16033,0,0.05
16034,0,0.05
16035,1,0.05625
16036,0,0.05
16037,1,0.05625
16038,1,0.05625
16039,2,0.0625
16040,0,0.05
16041,1,0.05625
16042,1,0.05625
16043,2,0.0625
16044,1,0.05625
16045,2,0.0625
16046,2,0.0625
16047,3,0.06875
16048,0,0.05
16049,1,0.05625
16050,1,0.05625
16051,2,0.0625
16052,1,0.05625
16053,2,0.0625
16054,2,0.0625
16055,3,0.06875
16056,1,0.05625
16057,2,0.0625
16058,2,0.0625
16059,3,0.06875
16060,2,0.0625
16061,3,0.06875
16062,3,0.06875
16063,4,0.075
16064,1,0.04375
16065,0,0.05
16066,0,0.05
16067,1,0.05625
16068,0,0.05
16069,1,0.05625
16070,1,0.05625
16071,2,0.0625
16072,0,0.05
16073,1,0.05625
16074,1,0.05625
16075,2,0.0625
16076,1,0.05625
16077,2,0.0625
16078,2,0.0625
16079,3,0.06875
16080,0,0.05
16081,1,0.05625
16082,1,0.05625
16083,2,0.0625
16084,1,0.05625
16085,2,0.0625
16086,2,0.0625
16087,3,0.06875
16088,1,0.05625
16089,2,0.0625
16090,2,0.0625
16091,3,0.06875
16092,2,0.0625
16093,3,0.06875
16094,3,0.06875
16095,4,0.075
16096,0,0.05
16097,1,0.05625
16098,1,0.05625
16099,2,0.0625
16100,1,0.05625
16101,2,0.0625
16102,2,0.0625
16103,3,0.06875
16104,1,0.05625
16105,2,0.0625
16106,2,0.0625
16107,3,0.06875
16108,2,0.0625
16109,3,0.06875
16110,3,0.06875
16111,4,0.075
16112,1,0.05625
16113,2,0.0625
16114,2,0.0625
16115,3,0.06875
16116,2,0.0625
16117,3,0.06875
16118,3,0.06875
16119,4,0.075
16120,2,0.0625
16121,3,0.06875
16122,3,0.06875
16123,4,0.075
16124,3,0.06875
16125,4,0.075
16126,4,0.075
16127,3,0.08125
16128,2,0.0375
16129,1,0.04375
16130,1,0.04375
16131,0,0.05
16132,1,0.04375
16133,0,0.05
16134,0,0.05
16135,1,0.05625
16136,1,0.04375
16137,0,0.05
16138,0,0.05
16139,1,0.05625
16140,0,0.05
16141,1,0.05625
16142,1,0.05625
16143,2,0.0625
16144,1,0.04375
16145,0,0.05
16146,0,0.05
16147,1,0.05625
16148,0,0.05
16149,1,0.05625
16150,1,0.05625
16151,2,0.0625
16152,0,0.05
16153,1,0.05625
16154,1,0.05625
16155,2,0.0625
16156,1,0.05625
16157,2,0.0625
16158,2,0.0625
16159,3,0.06875
16160,1,0.04375
16161,0,0.05
16162,0,0.05
16163,1,0.05625
16164,0,0.05
16165,1,0.05625
16166,1,0.05625
16167,2,0.0625
16168,0,0.05
16169,1,0.05625
16170,1,0.05625
16171,2,0.0625
16172,1,0.05625
16173,2,0.0625
16174,2,0.0625
16175,3,0.06875
16176,0,0.05
16177,1,0.05625
16178,1,0.05625
16179,2,0.0625
16180,1,0.05625
16181,2,0.0625
16182,2,0.0625
16183,3,0.06875
16184,1,0.05625
16185,2,0.0625
16186,2,0.0625
16187,3,0.06875
16188,2,0.0625
16189,3,0.06875
16190,3,0.06875
16191,4,0.075
16192,1,0.04375
16193,0,0.05
16194,0,0.05
16195,1,0.05625
16196,0,0.05
16197,1,0.05625
16198,1,0.05625
16199,2,0.0625
16200,0,0.05
16201,1,0.05625
16202,1,0.05625
16203,2,0.0625
16204,1,0.05625
16205,2,0.0625
16206,2,0.0625
16207,3,0.06875
16208,0,0.05
16209,1,0.05625
16210,1,0.05625
16211,2,0.0625
16212,1,0.05625
16213,2,0.0625
16214,2,0.0625
16215,3,0.06875
16216,1,0.05625
16217,2,0.0625
16218,2,0.0625
16219,3,0.06875
16220,2,0.0625
16221,3,0.06875
16222,3,0.06875
16223,4,0.075
16224,0,0.05
16225,1,0.05625
16226,1,0.05625
16227,2,0.0625
16228,1,0.05625
16229,2,0.0625
16230,2,0.0625
16231,3,0.06875
16232,1,0.05625
16233,2,0.0625
16234,2,0.0625
16235,3,0.06875
16236,2,0.0625
16237,3,0.06875
16238,3,0.06875
16239,4,0.075
16240,1,0.05625
16241,2,0.0625
16242,2,0.0625
16243,3,0.06875
16244,2,0.0625
16245,3,0.06875
16246,3,0.06875
16247,4,0.075
16248,2,0.0625
16249,3,0.06875
16250,3,0.06875
16251,4,0.075
16252,3,0.06875
16253,4,0.075
16254,4,0.075
16255,3,0.08125
16256,1,0.04375
16257,0,0.05
16258,0,0.05
16259,1,0.05625
16260,0,0.05
16261,1,0.05625
16262,1,0.05625
16263,2,0.0625
16264,0,0.05
16265,1,0.05625
16266,1,0.05625
16267,2,0.0625
16268,1,0.05625
16269,2,0.0625
16270,2,0.0625
16271,3,0.06875
16272,0,0.05
16273,1,0.05625
16274,1,0.05625
16275,2,0.0625
16276,1,0.05625
16277,2,0.0625
16278,2,0.0625
16279,3,0.06875
16280,1,0.05625
16281,2,0.0625
16282,2,0.0625
16283,3,0.06875
16284,2,0.0625
16285,3,0.06875
16286,3,0.06875
16287,4,0.075
16288,0,0.05
16289,1,0.05625
16290,1,0.05625
16291,2,0.0625
16292,1,0.05625
16293,2,0.0625
16294,2,0.0625
16295,3,0.06875
16296,1,0.05625
16297,2,0.0625
16298,2,0.0625
16299,3,0.06875
16300,2,0.0625
16301,3,0.06875
16302,3,0.06875
16303,4,0.075
16304,1,0.05625
16305,2,0.0625
16306,2,0.0625
16307,3,0.06875
16308,2,0.0625
16309,3,0.06875
16310,3,0.06875
16311,4,0.075
16312,2,0.0625
16313,3,0.06875
16314,3,0.06875
16315,4,0.075
16316,3,0.06875
16317,4,0.075
16318,4,0.075
16319,3,0.08125
16320,0,0.05
16321,1,0.05625
16322,1,0.05625
16323,2,0.0625
16324,1,0.05625
16325,2,0.0625
16326,2,0.0625
16327,3,0.06875
16328,1,0.05625
16329,2,0.0625
16330,2,0.0625
16331,3,0.06875
16332,2,0.0625
16333,3,0.06875
16334,3,0.06875
16335,4,0.075
16336,1,0.05625
16337,2,0.0625
16338,2,0.0625
16339,3,0.06875
16340,2,0.0625
16341,3,0.06875
16342,3,0.06875
16343,4,0.075
16344,2,0.0625
16345,3,0.06875
16346,3,0.06875
16347,4,0.075
16348,3,0.06875
16349,4,0.075
16350,4,0.075
16351,3,0.08125
16352,1,0.05625
16353,2,0.0625
16354,2,0.0625
16355,3,0.06875
16356,2,0.0625
16357,3,0.06875
16358,3,0.06875
16359,4,0.075
16360,2,0.0625
16361,3,0.06875
16362,3,0.06875
16363,4,0.075
16364,3,0.06875
16365,4,0.075
16366,4,0.075
16367,3,0.08125
16368,2,0.0625
16369,3,0.06875
16370,3,0.06875
16371,4,0.075
16372,3,0.06875
16373,4,0.075
16374,4,0.075
16375,3,0.08125
16376,3,0.06875
16377,4,0.075
16378,4,0.075
16379,3,0.08125
16380,4,0.075
16381,3,0.08125
16382,3,0.08125
16383,2,0.0875
16384,1,0.00625
16385,2,0.0125
16386,2,0.0125
16387,3,0.01875
16388,2,0.0125
16389,3,0.01875
16390,3,0.01875
16391,4,0.025
16392,2,0.0125
16393,3,0.01875
16394,3,0.01875
16395,4,0.025
16396,3,0.01875
16397,4,0.025
16398,4,0.025
16399,3,0.03125
16400,2,0.0125
16401,3,0.01875
16402,3,0.01875
16403,4,0.025
16404,3,0.01875
16405,4,0.025
16406,4,0.025
16407,3,0.03125
16408,3,0.01875
16409,4,0.025
16410,4,0.025
16411,3,0.03125
16412,4,0.025
16413,3,0.03125
16414,3,0.03125
16415,2,0.0375
16416,2,0.0125
16417,3,0.01875
16418,3,0.01875
16419,4,0.025
16420,3,0.01875
16421,4,0.025
16422,4,0.025
16423,3,0.03125
16424,3,0.01875
16425,4,0.025
16426,4,0.025
16427,3,0.03125
16428,4,0.025
16429,3,0.03125
16430,3,0.03125
16431,2,0.0375
16432,3,0.01875
16433,4,0.025
16434,4,0.025
16435,3,0.03125
16436,4,0.025
16437,3,0.03125
16438,3,0.03125
16439,2,0.0375
16440,4,0.025
16441,3,0.03125
16442,3,0.03125
16443,2,0.0375
16444,3,0.03125
16445,2,0.0375
16446,2,0.0375
16447,1,0.04375
16448,2,0.0125
16449,3,0.01875
16450,3,0.01875
16451,4,0.025
16452,3,0.01875
16453,4,0.025
16454,4,0.025
16455,3,0.03125
16456,3,0.01875
16457,4,0.025
16458,4,0.025
16459,3,0.03125
16460,4,0.025
16461,3,0.03125
16462,3,0.03125
16463,2,0.0375
16464,3,0.01875
16465,4,0.025
16466,4,0.025
16467,3,0.03125
16468,4,0.025
16469,3,0.03125
16470,3,0.03125
16471,2,0.0375
16472,4,0.025
16473,3,0.03125
16474,3,0.03125
16475,2,0.0375
16476,3,0.03125
16477,2,0.0375
16478,2,0.0375
16479,1,0.04375
16480,3,0.01875
16481,4,0.025
16482,4,0.025
16483,3,0.03125
16484,4,0.025
16485,3,0.03125
16486,3,0.03125
16487,2,0.0375
16488,4,0.025
16489,3,0.03125
16490,3,0.03125
16491,2,0.0375
16492,3,0.03125
16493,2,0.0375
16494,2,0.0375
16495,1,0.04375
16496,4,0.025
16497,3,0.03125
16498,3,0.03125
16499,2,0.0375
16500,3,0.03125
16501,2,0.0375
16502,2,0.0375
16503,1,0.04375
16504,3,0.03125
16505,2,0.0375
16506,2,0.0375
16507,1,0.04375
16508,2,0.0375
16509,1,0.04375
16510,1,0.04375
16511,0,0.05
16512,2,0.0125
16513,3,0.01875
16514,3,0.01875
16515,4,0.025
16516,3,0.01875
16517,4,0.025
16518,4,0.025
16519,3,0.03125
16520,3,0.01875
16521,4,0.025
16522,4,0.025
16523,3,0.03125
16524,4,0.025
16525,3,0.03125
16526,3,0.03125
16527,2,0.0375
16528,3,0.01875
16529,4,0.025
16530,4,0.025
16531,3,0.03125
16532,4,0.025
16533,3,0.03125
16534,3,0.03125
16535,2,0.0375
16536,4,0.025
16537,3,0.03125
16538,3,0.03125
16539,2,0.0375
16540,3,0.03125
16541,2,0.0375
16542,2,0.0375
16543,1,0.04375
16544,3,0.01875
16545,4,0.025
16546,4,0.025
16547,3,0.03125
16548,4,0.025
16549,3,0.03125
16550,3,0.03125
16551,2,0.0375
16552,4,0.025
16553,3,0.03125
16554,3,0.03125
16555,2,0.0375
16556,3,0.03125
16557,2,0.0375
16558,2,0.0375
16559,1,0.04375
16560,4,0.025
16561,3,0.03125
16562,3,0.03125
16563,2,0.0375
16564,3,0.03125
16565,2,0.0375
16566,2,0.0375
16567,1,0.04375
16568,3,0.03125
16569,2,0.0375
16570,2,0.0375
16571,1,0.04375
16572,2,0.0375
16573,1,0.04375
16574,1,0.04375
16575,0,0.05
16576,3,0.01875
16577,4,0.025
16578,4,0.025
16579,3,0.03125
16580,4,0.025
16581,3,0.03125
16582,3,0.03125
16583,2,0.0375
16584,4,0.025
16585,3,0.03125
16586,3,0.03125
16587,2,0.0375
16588,3,0.03125
16589,2,0.0375
16590,2,0.0375
16591,1,0.04375
16592,4,0.025
16593,3,0.03125
16594,3,0.03125
16595,2,0.0375
16596,3,0.03125
16597,2,0.0375
16598,2,0.0375
16599,1,0.04375
16600,3,0.03125
16601,2,0.0375
16602,2,0.0375
16603,1,0.04375
16604,2,0.0375
16605,1,0.04375
16606,1,0.04375
16607,0,0.05
16608,4,0.025
16609,3,0.03125
16610,3,0.03125
16611,2,0.0375
16612,3,0.03125
16613,2,0.0375
16614,2,0.0375
16615,1,0.04375
16616,3,0.03125
16617,2,0.0375
16618,2,0.0375
16619,1,0.04375
16620,2,0.0375
16621,1,0.04375
16622,1,0.04375
16623,0,0.05
16624,3,0.03125
16625,2,0.0375
16626,2,0.0375
16627,1,0.04375
16628,2,0.0375
16629,1,0.04375
16630,1,0.04375
16631,0,0.05
16632,2,0.0375
16633,1,0.04375
16634,1,0.04375
16635,0,0.05
16636,1,0.04375
16637,0,0.05
16638,0,0.05
16639,1,0.05625
16640,2,0.0125
16641,3,0.01875
16642,3,0.01875
16643,4,0.025
16644,3,0.01875
16645,4,0.025
16646,4,0.025
16647,3,0.03125
16648,3,0.01875
16649,4,0.025
16650,4,0.025
16651,3,0.03125
16652,4,0.025
16653,3,0.03125
16654,3,0.03125
16655,2,0.0375
16656,3,0.01875
16657,4,0.025
16658,4,0.025
16659,3,0.03125
16660,4,0.025
16661,3,0.03125
16662,3,0.03125
16663,2,0.0375
16664,4,0.025
16665,3,0.03125
16666,3,0.03125
16667,2,0.0375
16668,3,0.03125
16669,2,0.0375
16670,2,0.0375
16671,1,0.04375
16672,3,0.01875
16673,4,0.025
16674,4,0.025
16675,3,0.03125
16676,4,0.025
16677,3,0.03125
16678,3,0.03125
16679,2,0.0375
16680,4,0.025
16681,3,0.03125
16682,3,0.03125
16683,2,0.0375
16684,3,0.03125
16685,2,0.0375
16686,2,0.0375
16687,1,0.04375
16688,4,0.025
16689,3,0.03125
16690,3,0.03125
16691,2,0.0375
16692,3,0.03125
16693,2,0.0375
16694,2,0.0375
16695,1,0.04375
16696,3,0.03125
16697,2,0.0375
16698,2,0.0375
16699,1,0.04375
16700,2,0.0375
16701,1,0.04375
16702,1,0.04375
16703,0,0.05
16704,3,0.01875
16705,4,0.025
16706,4,0.025
16707,3,0.03125
16708,4,0.025
16709,3,0.03125
16710,3,0.03125
16711,2,0.0375
16712,4,0.025
16713,3,0.03125
16714,3,0.03125
16715,2,0.0375
16716,3,0.03125
16717,2,0.0375
16718,2,0.0375
16719,1,0.04375
16720,4,0.025
16721,3,0.03125
16722,3,0.03125
16723,2,0.0375
16724,3,0.03125
16725,2,0.0375
16726,2,0.0375
16727,1,0.04375
16728,3,0.03125
16729,2,0.0375
16730,2,0.0375
16731,1,0.04375
16732,2,0.0375
16733,1,0.04375
16734,1,0.04375
16735,0,0.05
16736,4,0.025
16737,3,0.03125
16738,3,0.03125
16739,2,0.0375
16740,3,0.03125
16741,2,0.0375
16742,2,0.0375
16743,1,0.04375
16744,3,0.03125
16745,2,0.0375
16746,2,0.0375
16747,1,0.04375
16748,2,0.0375
16749,1,0.04375
16750,1,0.04375
16751,0,0.05
16752,3,0.03125
16753,2,0.0375
16754,2,0.0375
16755,1,0.04375
16756,2,0.0375
16757,1,0.04375
16758,1,0.04375
16759,0,0.05
16760,2,0.0375
16761,1,0.04375
16762,1,0.04375
16763,0,0.05
16764,1,0.04375
16765,0,0.05
16766,0,0.05
16767,1,0.05625
16768,3,0.01875
16769,4,0.025
16770,4,0.025
16771,3,0.03125
16772,4,0.025
16773,3,0.03125
16774,3,0.03125
16775,2,0.0375
16776,4,0.025
16777,3,0.03125
16778,3,0.03125
16779,2,0.0375
16780,3,0.03125
16781,2,0.0375
16782,2,0.0375
16783,1,0.04375
16784,4,0.025
16785,3,0.03125
16786,3,0.03125
16787,2,0.0375
16788,3,0.03125
16789,2,0.0375
16790,2,0.0375
16791,1,0.04375
16792,3,0.03125
16793,2,0.0375
16794,2,0.0375
16795,1,0.04375
16796,2,0.0375
16797,1,0.04375
16798,1,0.04375
16799,0,0.05
16800,4,0.025
16801,3,0.03125
16802,3,0.03125
16803,2,0.0375
16804,3,0.03125
16805,2,0.0375
16806,2,0.0375
16807,1,0.04375
16808,3,0.03125
16809,2,0.0375
16810,2,0.0375
16811,1,0.04375
16812,2,0.0375
16813,1,0.04375
16814,1,0.04375
16815,0,0.05
16816,3,0.03125
16817,2,0.0375
16818,2,0.0375
16819,1,0.04375
16820,2,0.0375
16821,1,0.04375
16822,1,0.04375
16823,0,0.05
16824,2,0.0375
16825,1,0.04375
16826,1,0.04375
16827,0,0.05
16828,1,0.04375
16829,0,0.05
16830,0,0.05
16831,1,0.05625
16832,4,0.025
16833,3,0.03125
16834,3,0.03125
16835,2,0.0375
16836,3,0.03125
16837,2,0.0375
16838,2,0.0375
16839,1,0.04375
16840,3,0.03125
16841,2,0.0375
16842,2,0.0375
16843,1,0.04375
16844,2,0.0375
16845,1,0.04375
16846,1,0.04375
16847,0,0.05
16848,3,0.03125
16849,2,0.0375
16850,2,0.0375
16851,1,0.04375
16852,2,0.0375
16853,1,0.04375
16854,1,0.04375
16855,0,0.05
16856,2,0.0375
16857,1,0.04375
16858,1,0.04375
16859,0,0.05
16860,1,0.04375
16861,0,0.05
16862,0,0.05
16863,1,0.05625
16864,3,0.03125
16865,2,0.0375
16866,2,0.0375
16867,1,0.04375
16868,2,0.0375
16869,1,0.04375
16870,1,0.04375
16871,0,0.05
16872,2,0.0375
16873,1,0.04375
16874,1,0.04375
16875,0,0.05
16876,1,0.04375
16877,0,0.05
16878,0,0.05
16879,1,0.05625
16880,2,0.0375
16881,1,0.04375
16882,1,0.04375
16883,0,0.05
16884,1,0.04375
16885,0,0.05
16886,0,0.05
16887,1,0.05625
16888,1,0.04375
16889,0,0.05
16890,0,0.05
16891,1,0.05625
16892,0,0.05
16893,1,0.05625
16894,1,0.05625
16895,2,0.0625
16896,2,0.0125
16897,3,0.01875
16898,3,0.01875
16899,4,0.025
16900,3,0.01875
16901,4,0.025
16902,4,0.025
16903,3,0.03125
16904,3,0.01875
16905,4,0.025
16906,4,0.025
16907,3,0.03125
16908,4,0.025
16909,3,0.03125
16910,3,0.03125
16911,2,0.0375
16912,3,0.01875
16913,4,0.025
16914,4,0.025
16915,3,0.03125
16916,4,0.025
16917,3,0.03125
16918,3,0.03125
16919,2,0.0375
16920,4,0.025
16921,3,0.03125
16922,3,0.03125
16923,2,0.0375
16924,3,0.03125
16925,2,0.0375
16926,2,0.0375
16927,1,0.04375
16928,3,0.01875
16929,4,0.025
16930,4,0.025
16931,3,0.03125
16932,4,0.025
16933,3,0.03125
16934,3,0.03125
16935,2,0.0375
16936,4,0.025
16937,3,0.03125
16938,3,0.03125
16939,2,0.0375
16940,3,0.03125
16941,2,0.0375
16942,2,0.0375
16943,1,0.04375
16944,4,0.025
16945,3,0.03125
16946,3,0.03125
16947,2,0.0375
16948,3,0.03125
16949,2,0.0375
16950,2,0.0375
16951,1,0.04375
16952,3,0.03125
16953,2,0.0375
16954,2,0.0375
16955,1,0.04375
16956,2,0.0375
16957,1,0.04375
16958,1,0.04375
16959,0,0.05
16960,3,0.01875
16961,4,0.025
16962,4,0.025
16963,3,0.03125
16964,4,0.025
16965,3,0.03125
16966,3,0.03125
16967,2,0.0375
16968,4,0.025
16969,3,0.03125
16970,3,0.03125
16971,2,0.0375
16972,3,0.03125
16973,2,0.0375
16974,2,0.0375
16975,1,0.04375
16976,4,0.025
16977,3,0.03125
16978,3,0.03125
16979,2,0.0375
16980,3,0.03125
16981,2,0.0375
16982,2,0.0375
16983,1,0.04375
16984,3,0.03125
16985,2,0.0375
16986,2,0.0375
16987,1,0.04375
16988,2,0.0375
16989,1,0.04375
16990,1,0.04375
16991,0,0.05
16992,4,0.025
16993,3,0.03125
16994,3,0.03125
16995,2,0.0375
16996,3,0.03125
16997,2,0.0375
16998,2,0.0375
16999,1,0.04375
17000,3,0.03125
17001,2,0.0375
17002,2,0.0375
17003,1,0.04375
17004,2,0.0375
17005,1,0.04375
17006,1,0.04375
17007,0,0.05
17008,3,0.03125
17009,2,0.0375
17010,2,0.0375
17011,1,0.04375
17012,2,0.0375
17013,1,0.04375
17014,1,0.04375
17015,0,0.05
17016,2,0.0375
17017,1,0.04375
17018,1,0.04375
17019,0,0.05
17020,1,0.04375
17021,0,0.05
17022,0,0.05
17023,1,0.05625
17024,3,0.01875
17025,4,0.025
17026,4,0.025
17027,3,0.03125
17028,4,0.025
17029,3,0.03125
17030,3,0.03125
17031,2,0.0375
17032,4,0.025
17033,3,0.03125
17034,3,0.03125
17035,2,0.0375
17036,3,0.03125
17037,2,0.0375
17038,2,0.0375
17039,1,0.04375
17040,4,0.025
17041,3,0.03125
17042,3,0.03125
17043,2,0.0375
17044,3,0.03125
17045,2,0.0375
17046,2,0.0375
17047,1,0.04375
17048,3,0.03125
17049,2,0.0375
17050,2,0.0375
17051,1,0.04375
17052,2,0.0375
17053,1,0.04375
17054,1,0.04375
17055,0,0.05
17056,4,0.025
17057,3,0.03125
17058,3,0.03125
17059,2,0.0375
17060,3,0.03125
17061,2,0.0375
17062,2,0.0375
17063,1,0.04375
17064,3,0.03125
17065,2,0.0375
17066,2,0.0375
17067,1,0.04375
17068,2,0.0375
17069,1,0.04375
17070,1,0.04375
17071,0,0.05
17072,3,0.03125
17073,2,0.0375
17074,2,0.0375
17075,1,0.04375
17076,2,0.0375
17077,1,0.04375
17078,1,0.04375
17079,0,0.05
17080,2,0.0375
17081,1,0.04375
17082,1,0.04375
17083,0,0.05
17084,1,0.04375
17085,0,0.05
17086,0,0.05
17087,1,0.05625
17088,4,0.025
17089,3,0.03125
17090,3,0.03125
17091,2,0.0375
17092,3,0.03125
17093,2,0.0375
17094,2,0.0375
17095,1,0.04375
17096,3,0.03125
17097,2,0.0375
17098,2,0.0375
17099,1,0.04375
17100,2,0.0375
17101,1,0.04375
17102,1,0.04375
17103,0,0.05
17104,3,0.03125
17105,2,0.0375
17106,2,0.0375
17107,1,0.04375
17108,2,0.0375
17109,1,0.04375
17110,1,0.04375
17111,0,0.05
17112,2,0.0375
17113,1,0.04375
17114,1,0.04375
17115,0,0.05
17116,1,0.04375
17117,0,0.05
17118,0,0.05
17119,1,0.05625
17120,3,0.03125
17121,2,0.0375
17122,2,0.0375
17123,1,0.04375
17124,2,0.0375
17125,1,0.04375
17126,1,0.04375
17127,0,0.05
17128,2,0.0375
17129,1,0.04375
17130,1,0.04375
17131,0,0.05
17132,1,0.04375
17133,0,0.05
17134,0,0.05
17135,1,0.05625
17136,2,0.0375
17137,1,0.04375
17138,1,0.04375
17139,0,0.05
17140,1,0.04375
17141,0,0.05
17142,0,0.05
17143,1,0.05625
17144,1,0.04375
17145,0,0.05
17146,0,0.05
17147,1,0.05625
17148,0,0.05
17149,1,0.05625
17150,1,0.05625
17151,2,0.0625
17152,3,0.01875
17153,4,0.025
17154,4,0.025
17155,3,0.03125
17156,4,0.025
17157,3,0.03125
17158,3,0.03125
17159,2,0.0375
17160,4,0.025
17161,3,0.03125
17162,3,0.03125
17163,2,0.0375
17164,3,0.03125
17165,2,0.0375
17166,2,0.0375
17167,1,0.04375
17168,4,0.025
17169,3,0.03125
17170,3,0.03125
17171,2,0.0375
17172,3,0.03125
17173,2,0.0375
17174,2,0.0375
17175,1,0.04375
17176,3,0.03125
17177,2,0.0375
17178,2,0.0375
17179,1,0.04375
17180,2,0.0375
17181,1,0.04375
17182,1,0.04375
17183,0,0.05
17184,4,0.025
17185,3,0.03125
17186,3,0.03125
17187,2,0.0375
17188,3,0.03125
17189,2,0.0375
17190,2,0.0375
17191,1,0.04375
17192,3,0.03125
17193,2,0.0375
17194,2,0.0375
17195,1,0.04375
17196,2,0.0375
17197,1,0.04375
17198,1,0.04375
17199,0,0.05
17200,3,0.03125
17201,2,0.0375
17202,2,0.0375
17203,1,0.04375
17204,2,0.0375
17205,1,0.04375
17206,1,0.04375
17207,0,0.05
17208,2,0.0375
17209,1,0.04375
17210,1,0.04375
17211,0,0.05
17212,1,0.04375
17213,0,0.05
17214,0,0.05
17215,1,0.05625
17216,4,0.025
17217,3,0.03125
17218,3,0.03125
17219,2,0.0375
17220,3,0.03125
17221,2,0.0375
17222,2,0.0375
17223,1,0.04375
17224,3,0.03125
17225,2,0.0375
17226,2,0.0375
17227,1,0.04375
17228,2,0.0375
17229,1,0.04375
17230,1,0.04375
17231,0,0.05
17232,3,0.03125
17233,2,0.0375
17234,2,0.0375
17235,1,0.04375
17236,2,0.0375
17237,1,0.04375
17238,1,0.04375
17239,0,0.05
17240,2,0.0375
17241,1,0.04375
17242,1,0.04375
17243,0,0.05
17244,1,0.04375
17245,0,0.05
17246,0,0.05
17247,1,0.05625
17248,3,0.03125
17249,2,0.0375
17250,2,0.0375
17251,1,0.04375
17252,2,0.0375
17253,1,0.04375
17254,1,0.04375
17255,0,0.05
17256,2,0.0375
17257,1,0.04375
17258,1,0.04375
17259,0,0.05
17260,1,0.04375
17261,0,0.05
17262,0,0.05
17263,1,0.05625
17264,2,0.0375
17265,1,0.04375
17266,1,0.04375
17267,0,0.05
17268,1,0.04375
17269,0,0.05
17270,0,0.05
17271,1,0.05625
17272,1,0.04375
17273,0,0.05
17274,0,0.05
17275,1,0.05625
17276,0,0.05
17277,1,0.05625
17278,1,0.05625
17279,2,0.0625
17280,4,0.025
17281,3,0.03125
17282,3,0.03125
17283,2,0.0375
17284,3,0.03125
17285,2,0.0375
17286,2,0.0375
17287,1,0.04375
17288,3,0.03125
17289,2,0.0375
17290,2,0.0375
17291,1,0.04375
17292,2,0.0375
17293,1,0.04375
17294,1,0.04375
17295,0,0.05
17296,3,0.03125
17297,2,0.0375
17298,2,0.0375
17299,1,0.04375
17300,2,0.0375
17301,1,0.04375
17302,1,0.04375
17303,0,0.05
17304,2,0.0375
17305,1,0.04375
17306,1,0.04375
17307,0,0.05
17308,1,0.04375
17309,0,0.05
17310,0,0.05
17311,1,0.05625
17312,3,0.03125
17313,2,0.0375
17314,2,0.0375
17315,1,0.04375
17316,2,0.0375
17317,1,0.04375
17318,1,0.04375
17319,0,0.05
17320,2,0.0375
17321,1,0.04375
17322,1,0.04375
17323,0,0.05
17324,1,0.04375
17325,0,0.05
17326,0,0.05
17327,1,0.05625
17328,2,0.0375
17329,1,0.04375
17330,1,0.04375
17331,0,0.05
17332,1,0.04375
17333,0,0.05
17334,0,0.05
17335,1,0.05625
17336,1,0.04375
17337,0,0.05
17338,0,0.05
17339,1,0.05625
17340,0,0.05
17341,1,0.05625
17342,1,0.05625
17343,2,0.0625
17344,3,0.03125
17345,2,0.0375
17346,2,0.0375
17347,1,0.04375
17348,2,0.0375
17349,1,0.04375
17350,1,0.04375
17351,0,0.05
17352,2,0.0375
17353,1,0.04375
17354,1,0.04375
17355,0,0.05
17356,1,0.04375
17357,0,0.05
17358,0,0.05
17359,1,0.05625
17360,2,0.0375
17361,1,0.04375
17362,1,0.04375
17363,0,0.05
17364,1,0.04375
17365,0,0.05
17366,0,0.05
17367,1,0.05625
17368,1,0.04375
17369,0,0.05
17370,0,0.05
17371,1,0.05625
17372,0,0.05
17373,1,0.05625
17374,1,0.05625
17375,2,0.0625
17376,2,0.0375
17377,1,0.04375
17378,1,0.04375
17379,0,0.05
17380,1,0.04375
17381,0,0.05
17382,0,0.05
17383,1,0.05625
17384,1,0.04375
17385,0,0.05
17386,0,0.05
17387,1,0.05625
17388,0,0.05
17389,1,0.05625
17390,1,0.05625
17391,2,0.0625
17392,1,0.04375
17393,0,0.05
17394,0,0.05
17395,1,0.05625
17396,0,0.05
17397,1,0.05625
17398,1,0.05625
17399,2,0.0625
17400,0,0.05
17401,1,0.05625
17402,1,0.05625
17403,2,0.0625
17404,1,0.05625
17405,2,0.0625
17406,2,0.0625
17407,3,0.06875
17408,2,0.0125
17409,3,0.01875
17410,3,0.01875
17411,4,0.025
17412,3,0.01875
17413,4,0.025
17414,4,0.025
17415,3,0.03125
17416,3,0.01875
17417,4,0.025
17418,4,0.025
17419,3,0.03125
17420,4,0.025
17421,3,0.03125
17422,3,0.03125
17423,2,0.0375
17424,3,0.01875
17425,4,0.025
17426,4,0.025
17427,3,0.03125
17428,4,0.025
17429,3,0.03125
17430,3,0.03125
17431,2,0.0375
17432,4,0.025
17433,3,0.03125
17434,3,0.03125
17435,2,0.0375
17436,3,0.03125
17437,2,0.0375
17438,2,0.0375
17439,1,0.04375
17440,3,0.01875
17441,4,0.025
17442,4,0.025
17443,3,0.03125
17444,4,0.025
17445,3,0.03125
17446,3,0.03125
17447,2,0.0375
17448,4,0.025
17449,3,0.03125
17450,3,0.03125
17451,2,0.0375
17452,3,0.03125
17453,2,0.0375
17454,2,0.0375
17455,1,0.04375
17456,4,0.025
17457,3,0.03125
17458,3,0.03125
17459,2,0.0375
17460,3,0.03125
17461,2,0.0375
17462,2,0.0375
17463,1,0.04375
17464,3,0.03125
17465,2,0.0375
17466,2,0.0375
17467,1,0.04375
17468,2,0.0375
17469,1,0.04375
17470,1,0.04375
17471,0,0.05
17472,3,0.01875
17473,4,0.025
17474,4,0.025
17475,3,0.03125
17476,4,0.025
17477,3,0.03125
17478,3,0.03125
17479,2,0.0375
17480,4,0.025
17481,3,0.03125
17482,3,0.03125
17483,2,0.0375
17484,3,0.03125
17485,2,0.0375
17486,2,0.0375
17487,1,0.04375
17488,4,0.025
17489,3,0.03125
17490,3,0.03125
17491,2,0.0375
17492,3,0.03125
17493,2,0.0375
17494,2,0.0375
17495,1,0.04375
17496,3,0.03125
17497,2,0.0375
17498,2,0.0375
17499,1,0.04375
17500,2,0.0375
17501,1,0.04375
17502,1,0.04375
17503,0,0.05
17504,4,0.025
17505,3,0.03125
17506,3,0.03125
17507,2,0.0375
17508,3,0.03125
17509,2,0.0375
17510,2,0.0375
17511,1,0.04375
17512,3,0.03125
17513,2,0.0375
17514,2,0.0375
17515,1,0.04375
17516,2,0.0375
17517,1,0.04375
17518,1,0.04375
17519,0,0.05
17520,3,0.03125
17521,2,0.0375
17522,2,0.0375
17523,1,0.04375
17524,2,0.0375
17525,1,0.04375
17526,1,0.04375
17527,0,0.05
17528,2,0.0375
17529,1,0.04375
17530,1,0.04375
17531,0,0.05
17532,1,0.04375
17533,0,0.05
17534,0,0.05
17535,1,0.05625
17536,3,0.01875
17537,4,0.025
17538,4,0.025
17539,3,0.03125
17540,4,0.025
17541,3,0.03125
17542,3,0.03125
17543,2,0.0375
17544,4,0.025
17545,3,0.03125
17546,3,0.03125
17547,2,0.0375
17548,3,0.03125
17549,2,0.0375
17550,2,0.0375
17551,1,0.04375
17552,4,0.025
17553,3,0.03125
17554,3,0.03125
17555,2,0.0375
17556,3,0.03125
17557,2,0.0375
17558,2,0.0375
17559,1,0.04375
17560,3,0.03125
17561,2,0.0375
17562,2,0.0375
17563,1,0.04375
17564,2,0.0375
17565,1,0.04375
17566,1,0.04375
17567,0,0.05
17568,4,0.025
17569,3,0.03125
17570,3,0.03125
17571,2,0.0375
17572,3,0.03125
17573,2,0.0375
17574,2,0.0375
17575,1,0.04375
17576,3,0.03125
17577,2,0.0375
17578,2,0.0375
17579,1,0.04375
17580,2,0.0375
17581,1,0.04375
17582,1,0.04375
17583,0,0.05
17584,3,0.03125
17585,2,0.0375
17586,2,0.0375
17587,1,0.04375
17588,2,0.0375
17589,1,0.04375
17590,1,0.04375
17591,0,0.05
17592,2,0.0375
17593,1,0.04375
17594,1,0.04375
17595,0,0.05
17596,1,0.04375
17597,0,0.05
17598,0,0.05
17599,1,0.05625
17600,4,0.025
17601,3,0.03125
17602,3,0.03125
17603,2,0.0375
17604,3,0.03125
17605,2,0.0375
17606,2,0.0375
17607,1,0.04375
17608,3,0.03125
17609,2,0.0375
17610,2,0.0375
17611,1,0.04375
17612,2,0.0375
17613,1,0.04375
17614,1,0.04375
17615,0,0.05
17616,3,0.03125
17617,2,0.0375
17618,2,0.0375
17619,1,0.04375
17620,2,0.0375
17621,1,0.04375
17622,1,0.04375
17623,0,0.05
17624,2,0.0375
17625,1,0.04375
17626,1,0.04375
17627,0,0.05
17628,1,0.04375
17629,0,0.05
17630,0,0.05
17631,1,0.05625
17632,3,0.03125
17633,2,0.0375
17634,2,0.0375
17635,1,0.04375
17636,2,0.0375
17637,1,0.04375
17638,1,0.04375
17639,0,0.05
17640,2,0.0375
17641,1,0.04375
17642,1,0.04375
17643,0,0.05
17644,1,0.04375
17645,0,0.05
17646,0,0.05
17647,1,0.05625
17648,2,0.0375
17649,1,0.04375
17650,1,0.04375
17651,0,0.05
17652,1,0.04375
17653,0,0.05
17654,0,0.05
17655,1,0.05625
17656,1,0.04375
17657,0,0.05
17658,0,0.05
17659,1,0.05625
17660,0,0.05
17661,1,0.05625
17662,1,0.05625
17663,2,0.0625
17664,3,0.01875
17665,4,0.025
17666,4,0.025
17667,3,0.03125
17668,4,0.025
17669,3,0.03125
17670,3,0.03125
17671,2,0.0375
17672,4,0.025
17673,3,0.03125
17674,3,0.03125
17675,2,0.0375
17676,3,0.03125
17677,2,0.0375
17678,2,0.0375
17679,1,0.04375
17680,4,0.025
17681,3,0.03125
17682,3,0.03125
17683,2,0.0375
17684,3,0.03125
17685,2,0.0375
17686,2,0.0375
17687,1,0.04375
17688,3,0.03125
17689,2,0.0375
17690,2,0.0375
17691,1,0.04375
17692,2,0.0375
17693,1,0.04375
17694,1,0.04375
17695,0,0.05
17696,4,0.025
17697,3,0.03125
17698,3,0.03125
17699,2,0.0375
17700,3,0.03125
17701,2,0.0375
17702,2,0.0375
17703,1,0.04375
17704,3,0.03125
17705,2,0.0375
17706,2,0.0375
17707,1,0.04375
17708,2,0.0375
17709,1,0.04375
17710,1,0.04375
17711,0,0.05
17712,3,0.03125
17713,2,0.0375
17714,2,0.0375
17715,1,0.04375
17716,2,0.0375
17717,1,0.04375
17718,1,0.04375
17719,0,0.05
17720,2,0.0375
17721,1,0.04375
17722,1,0.04375
17723,0,0.05
17724,1,0.04375
17725,0,0.05
17726,0,0.05
17727,1,0.05625
17728,4,0.025
17729,3,0.03125
17730,3,0.03125
17731,2,0.0375
17732,3,0.03125
17733,2,0.0375
17734,2,0.0375
17735,1,0.04375
17736,3,0.03125
17737,2,0.0375
17738,2,0.0375
17739,1,0.04375
17740,2,0.0375
17741,1,0.04375
17742,1,0.04375
17743,0,0.05
17744,3,0.03125
17745,2,0.0375
17746,2,0.0375
17747,1,0.04375
17748,2,0.0375
17749,1,0.04375
17750,1,0.04375
17751,0,0.05
17752,2,0.0375
17753,1,0.04375
17754,1,0.04375
17755,0,0.05
17756,1,0.04375
17757,0,0.05
17758,0,0.05
17759,1,0.05625
17760,3,0.03125
17761,2,0.0375
17762,2,0.0375
17763,1,0.04375
17764,2,0.0375
17765,1,0.04375
17766,1,0.04375
17767,0,0.05
17768,2,0.0375
17769,1,0.04375
17770,1,0.04375
17771,0,0.05
17772,1,0.04375
17773,0,0.05
17774,0,0.05
17775,1,0.05625
17776,2,0.0375
17777,1,0.04375
17778,1,0.04375
17779,0,0.05
17780,1,0.04375
17781,0,0.05
17782,0,0.05
17783,1,0.05625
17784,1,0.04375
17785,0,0.05
17786,0,0.05
17787,1,0.05625
17788,0,0.05
17789,1,0.05625
17790,1,0.05625
17791,2,0.0625
17792,4,0.025
17793,3,0.03125
17794,3,0.03125
17795,2,0.0375
17796,3,0.03125
17797,2,0.0375
17798,2,0.0375
17799,1,0.04375
17800,3,0.03125
17801,2,0.0375
17802,2,0.0375
17803,1,0.04375
17804,2,0.0375
17805,1,0.04375
17806,1,0.04375
17807,0,0.05
17808,3,0.03125
17809,2,0.0375
17810,2,0.0375
17811,1,0.04375
17812,2,0.0375
17813,1,0.04375
17814,1,0.04375
17815,0,0.05
17816,2,0.0375
17817,1,0.04375
17818,1,0.04375
17819,0,0.05
17820,1,0.04375
17821,0,0.05
17822,0,0.05
17823,1,0.05625
17824,3,0.03125
17825,2,0.0375
17826,2,0.0375
17827,1,0.04375
17828,2,0.0375
17829,1,0.04375
17830,1,0.04375
17831,0,0.05
17832,2,0.0375
17833,1,0.04375
17834,1,0.04375
17835,0,0.05
17836,1,0.04375
17837,0,0.05
17838,0,0.05
17839,1,0.05625
17840,2,0.0375
17841,1,0.04375
17842,1,0.04375
17843,0,0.05
17844,1,0.04375
17845,0,0.05
17846,0,0.05
17847,1,0.05625
17848,1,0.04375
17849,0,0.05
17850,0,0.05
17851,1,0.05625
17852,0,0.05
17853,1,0.05625
17854,1,0.05625
17855,2,0.0625
17856,3,0.03125
17857,2,0.0375
17858,2,0.0375
17859,1,0.04375
17860,2,0.0375
17861,1,0.04375
17862,1,0.04375
17863,0,0.05
17864,2,0.0375
17865,1,0.04375
17866,1,0.04375
17867,0,0.05
17868,1,0.04375
17869,0,0.05
17870,0,0.05
17871,1,0.05625
17872,2,0.0375
17873,1,0.04375
17874,1,0.04375
17875,0,0.05
17876,1,0.04375
17877,0,0.05
17878,0,0.05
17879,1,0.05625
17880,1,0.04375
17881,0,0.05
17882,0,0.05
17883,1,0.05625
17884,0,0.05
17885,1,0.05625
17886,1,0.05625
17887,2,0.0625
17888,2,0.0375
17889,1,0.04375
17890,1,0.04375
17891,0,0.05
17892,1,0.04375
17893,0,0.05
17894,0,0.05
17895,1,0.05625
17896,1,0.04375
17897,0,0.05
17898,0,0.05
17899,1,0.05625
17900,0,0.05
17901,1,0.05625
17902,1,0.05625
17903,2,0.0625
17904,1,0.04375
17905,0,0.05
17906,0,0.05
17907,1,0.05625
17908,0,0.05
17909,1,0.05625
17910,1,0.05625
17911,2,0.0625
17912,0,0.05
17913,1,0.05625
17914,1,0.05625
17915,2,0.0625
17916,1,0.05625
17917,2,0.0625
17918,2,0.0625
17919,3,0.06875
17920,3,0.01875
17921,4,0.025
17922,4,0.025
17923,3,0.03125
17924,4,0.025
17925,3,0.03125
17926,3,0.03125
17927,2,0.0375
17928,4,0.025
17929,3,0.03125
17930,3,0.03125
17931,2,0.0375
17932,3,0.03125
17933,2,0.0375
17934,2,0.0375
17935,1,0.04375
17936,4,0.025
17937,3,0.03125
17938,3,0.03125
17939,2,0.0375
17940,3,0.03125
17941,2,0.0375
17942,2,0.0375
17943,1,0.04375
17944,3,0.03125
17945,2,0.0375
17946,2,0.0375
17947,1,0.04375
17948,2,0.0375
17949,1,0.04375
17950,1,0.04375
17951,0,0.05
17952,4,0.025
17953,3,0.03125
17954,3,0.03125
17955,2,0.0375
17956,3,0.03125
17957,2,0.0375
17958,2,0.0375
17959,1,0.04375
17960,3,0.03125
17961,2,0.0375
17962,2,0.0375
17963,1,0.04375
17964,2,0.0375
17965,1,0.04375
17966,1,0.04375
17967,0,0.05
17968,3,0.03125
17969,2,0.0375
17970,2,0.0375
17971,1,0.04375
17972,2,0.0375
17973,1,0.04375
17974,1,0.04375
17975,0,0.05
17976,2,0.0375
17977,1,0.04375
17978,1,0.04375
17979,0,0.05
17980,1,0.04375
17981,0,0.05
17982,0,0.05
17983,1,0.05625
17984,4,0.025
17985,3,0.03125
17986,3,0.03125
17987,2,0.0375
17988,3,0.03125
17989,2,0.0375
17990,2,0.0375
17991,1,0.04375
17992,3,0.03125
17993,2,0.0375
17994,2,0.0375
17995,1,0.04375
17996,2,0.0375
17997,1,0.04375
17998,1,0.04375
17999,0,0.05
18000,3,0.03125
18001,2,0.0375
18002,2,0.0375
18003,1,0.04375
18004,2,0.0375
18005,1,0.04375
18006,1,0.04375
18007,0,0.05
18008,2,0.0375
18009,1,0.04375
18010,1,0.04375
18011,0,0.05
18012,1,0.04375
18013,0,0.05
18014,0,0.05
18015,1,0.05625
18016,3,0.03125
18017,2,0.0375
18018,2,0.0375
18019,1,0.04375
18020,2,0.0375
18021,1,0.04375
18022,1,0.04375
18023,0,0.05
18024,2,0.0375
18025,1,0.04375
18026,1,0.04375
18027,0,0.05
18028,1,0.04375
18029,0,0.05
18030,0,0.05
18031,1,0.05625
18032,2,0.0375
18033,1,0.04375
18034,1,0.04375
18035,0,0.05
18036,1,0.04375
18037,0,0.05
18038,0,0.05
18039,1,0.05625
18040,1,0.04375
18041,0,0.05
18042,0,0.05
18043,1,0.05625
18044,0,0.05
18045,1,0.05625
18046,1,0.05625
18047,2,0.0625
18048,4,0.025
18049,3,0.03125
18050,3,0.03125
18051,2,0.0375
18052,3,0.03125
18053,2,0.0375
18054,2,0.0375
18055,1,0.04375
18056,3,0.03125
18057,2,0.0375
18058,2,0.0375
18059,1,0.04375
18060,2,0.0375
18061,1,0.04375
18062,1,0.04375
18063,0,0.05
18064,3,0.03125
18065,2,0.0375
18066,2,0.0375
18067,1,0.04375
18068,2,0.0375
18069,1,0.04375
18070,1,0.04375
18071,0,0.05
18072,2,0.0375
18073,1,0.04375
18074,1,0.04375
18075,0,0.05
18076,1,0.04375
18077,0,0.05
18078,0,0.05
18079,1,0.05625
18080,3,0.03125
18081,2,0.0375
18082,2,0.0375
18083,1,0.04375
18084,2,0.0375
18085,1,0.04375
18086,1,0.04375
18087,0,0.05
18088,2,0.0375
18089,1,0.04375
18090,1,0.04375
18091,0,0.05
18092,1,0.04375
18093,0,0.05
18094,0,0.05
18095,1,0.05625
18096,2,0.0375
18097,1,0.04375
18098,1,0.04375
18099,0,0.05
18100,1,0.04375
18101,0,0.05
18102,0,0.05
18103,1,0.05625
18104,1,0.04375
18105,0,0.05
18106,0,0.05
18107,1,0.05625
18108,0,0.05
18109,1,0.05625
18110,1,0.05625
18111,2,0.0625
18112,3,0.03125
18113,2,0.0375
18114,2,0.0375
18115,1,0.04375
18116,2,0.0375
18117,1,0.04375
18118,1,0.04375
18119,0,0.05
18120,2,0.0375
18121,1,0.04375
18122,1,0.04375
18123,0,0.05
18124,1,0.04375
18125,0,0.05
18126,0,0.05
18127,1,0.05625
18128,2,0.0375
18129,1,0.04375
18130,1,0.04375
18131,0,0.05
18132,1,0.04375
18133,0,0.05
18134,0,0.05
18135,1,0.05625
18136,1,0.04375
18137,0,0.05
18138,0,0.05
18139,1,0.05625
18140,0,0.05
18141,1,0.05625
18142,1,0.05625
18143,2,0.0625
18144,2,0.0375
18145,1,0.04375
18146,1,0.04375
18147,0,0.05
18148,1,0.04375
18149,0,0.05
18150,0,0.05
18151,1,0.05625
18152,1,0.04375
18153,0,0.05
18154,0,0.05
18155,1,0.05625
18156,0,0.05
18157,1,0.05625
18158,1,0.05625
18159,2,0.0625
18160,1,0.04375
18161,0,0.05
18162,0,0.05
18163,1,0.05625
18164,0,0.05
18165,1,0.05625
18166,1,0.05625
18167,2,0.0625
18168,0,0.05
18169,1,0.05625
18170,1,0.05625
18171,2,0.0625
18172,1,0.05625
18173,2,0.0625
18174,2,0.0625
18175,3,0.06875
18176,4,0.025
18177,3,0.03125
18178,3,0.03125
18179,2,0.0375
18180,3,0.03125
18181,2,0.0375
18182,2,0.0375
18183,1,0.04375
18184,3,0.03125
18185,2,0.0375
18186,2,0.0375
18187,1,0.04375
18188,2,0.0375
18189,1,0.04375
18190,1,0.04375
18191,0,0.05
18192,3,0.03125
18193,2,0.0375
18194,2,0.0375
18195,1,0.04375
18196,2,0.0375
18197,1,0.04375
18198,1,0.04375
18199,0,0.05
18200,2,0.0375
18201,1,0.04375
18202,1,0.04375
18203,0,0.05
18204,1,0.04375
18205,0,0.05
18206,0,0.05
18207,1,0.05625
18208,3,0.03125
18209,2,0.0375
18210,2,0.0375
18211,1,0.04375
18212,2,0.0375
18213,1,0.04375
18214,1,0.04375
18215,0,0.05
18216,2,0.0375
18217,1,0.04375
18218,1,0.04375
18219,0,0.05
18220,1,0.04375
18221,0,0.05
18222,0,0.05
18223,1,0.05625
18224,2,0.0375
18225,1,0.04375
18226,1,0.04375
18227,0,0.05
18228,1,0.04375
18229,0,0.05
18230,0,0.05
18231,1,0.05625
18232,1,0.04375
18233,0,0.05
18234,0,0.05
18235,1,0.05625
18236,0,0.05
18237,1,0.05625
18238,1,0.05625
18239,2,0.0625
18240,3,0.03125
18241,2,0.0375
18242,2,0.0375
18243,1,0.04375
18244,2,0.0375
18245,1,0.04375
18246,1,0.04375
18247,0,0.05
18248,2,0.0375
18249,1,0.04375
18250,1,0.04375
18251,0,0.05
18252,1,0.04375
18253,0,0.05
18254,0,0.05
18255,1,0.05625
18256,2,0.0375
18257,1,0.04375
18258,1,0.04375
18259,0,0.05
18260,1,0.04375
18261,0,0.05
18262,0,0.05
18263,1,0.05625
18264,1,0.04375
18265,0,0.05
18266,0,0.05
18267,1,0.05625
18268,0,0.05
18269,1,0.05625
18270,1,0.05625
18271,2,0.0625
18272,2,0.0375
18273,1,0.04375
18274,1,0.04375
18275,0,0.05
18276,1,0.04375
18277,0,0.05
18278,0,0.05
18279,1,0.05625
18280,1,0.04375
18281,0,0.05
18282,0,0.05
18283,1,0.05625
18284,0,0.05
18285,1,0.05625
18286,1,0.05625
18287,2,0.0625
18288,1,0.04375
18289,0,0.05
18290,0,0.05
18291,1,0.05625
18292,0,0.05
18293,1,0.05625
18294,1,0.05625
18295,2,0.0625
18296,0,0.05
18297,1,0.05625
18298,1,0.05625
18299,2,0.0625
18300,1,0.05625
18301,2,0.0625
18302,2,0.0625
18303,3,0.06875
18304,3,0.03125
18305,2,0.0375
18306,2,0.0375
18307,1,0.04375
18308,2,0.0375
18309,1,0.04375
18310,1,0.04375
18311,0,0.05
18312,2,0.0375
18313,1,0.04375
18314,1,0.04375
18315,0,0.05
18316,1,0.04375
18317,0,0.05
18318,0,0.05
18319,1,0.05625
18320,2,0.0375
18321,1,0.04375
18322,1,0.04375
18323,0,0.05
18324,1,0.04375
18325,0,0.05
18326,0,0.05
18327,1,0.05625
18328,1,0.04375
18329,0,0.05
18330,0,0.05
18331,1,0.05625
18332,0,0.05
18333,1,0.05625
18334,1,0.05625
18335,2,0.0625
18336,2,0.0375
18337,1,0.04375
18338,1,0.04375
18339,0,0.05
18340,1,0.04375
18341,0,0.05
18342,0,0.05
18343,1,0.05625
18344,1,0.04375
18345,0,0.05
18346,0,0.05
18347,1,0.05625
18348,0,0.05
18349,1,0.05625
18350,1,0.05625
18351,2,0.0625
18352,1,0.04375
18353,0,0.05
18354,0,0.05
18355,1,0.05625
18356,0,0.05
18357,1,0.05625
18358,1,0.05625
18359,2,0.0625
18360,0,0.05
18361,1,0.05625
18362,1,0.05625
18363,2,0.0625
18364,1,0.05625
18365,2,0.0625
18366,2,0.0625
18367,3,0.06875
18368,2,0.0375
18369,1,0.04375
18370,1,0.04375
18371,0,0.05
18372,1,0.04375
18373,0,0.05
18374,0,0.05
18375,1,0.05625
18376,1,0.04375
18377,0,0.05
18378,0,0.05
18379,1,0.05625
18380,0,0.05
18381,1,0.05625
18382,1,0.05625
18383,2,0.0625
18384,1,0.04375
18385,0,0.05
18386,0,0.05
18387,1,0.05625
18388,0,0.05
18389,1,0.05625
18390,1,0.05625
18391,2,0.0625
18392,0,0.05
18393,1,0.05625
18394,1,0.05625
18395,2,0.0625
18396,1,0.05625
18397,2,0.0625
18398,2,0.0625
18399,3,0.06875
18400,1,0.04375
18401,0,0.05
18402,0,0.05
18403,1,0.05625
18404,0,0.05
18405,1,0.05625
18406,1,0.05625
18407,2,0.0625
18408,0,0.05
18409,1,0.05625
18410,1,0.05625
18411,2,0.0625
18412,1,0.05625
18413,2,0.0625
18414,2,0.0625
18415,3,0.06875
18416,0,0.05
18417,1,0.05625
18418,1,0.05625
18419,2,0.0625
18420,1,0.05625
18421,2,0.0625
18422,2,0.0625
18423,3,0.06875
18424,1,0.05625
18425,2,0.0625
18426,2,0.0625
18427,3,0.06875
18428,2,0.0625
18429,3,0.06875
18430,3,0.06875
18431,4,0.075
18432,2,0.0125
18433,3,0.01875
18434,3,0.01875
18435,4,0.025
18436,3,0.01875
18437,4,0.025
18438,4,0.025
18439,3,0.03125
18440,3,0.01875
18441,4,0.025
18442,4,0.025
18443,3,0.03125
18444,4,0.025
18445,3,0.03125
18446,3,0.03125
18447,2,0.0375
18448,3,0.01875
18449,4,0.025
18450,4,0.025
18451,3,0.03125
18452,4,0.025
18453,3,0.03125
18454,3,0.03125
18455,2,0.0375
18456,4,0.025
18457,3,0.03125
18458,3,0.03125
18459,2,0.0375
18460,3,0.03125
18461,2,0.0375
18462,2,0.0375
18463,1,0.04375
18464,3,0.01875
18465,4,0.025
18466,4,0.025
18467,3,0.03125
18468,4,0.025
18469,3,0.03125
18470,3,0.03125
18471,2,0.0375
18472,4,0.025
18473,3,0.03125
18474,3,0.03125
18475,2,0.0375
18476,3,0.03125
18477,2,0.0375
18478,2,0.0375
18479,1,0.04375
18480,4,0.025
18481,3,0.03125
18482,3,0.03125
18483,2,0.0375
18484,3,0.03125
18485,2,0.0375
18486,2,0.0375
18487,1,0.04375
18488,3,0.03125
18489,2,0.0375
18490,2,0.0375
18491,1,0.04375
18492,2,0.0375
18493,1,0.04375
18494,1,0.04375
18495,0,0.05
18496,3,0.01875
18497,4,0.025
18498,4,0.025
18499,3,0.03125
18500,4,0.025
18501,3,0.03125
18502,3,0.03125
18503,2,0.0375
18504,4,0.025
18505,3,0.03125
18506,3,0.03125
18507,2,0.0375
18508,3,0.03125
18509,2,0.0375
18510,2,0.0375
18511,1,0.04375
18512,4,0.025
18513,3,0.03125
18514,3,0.03125
18515,2,0.0375
18516,3,0.03125
18517,2,0.0375
18518,2,0.0375
18519,1,0.04375
18520,3,0.03125
18521,2,0.0375
18522,2,0.0375
18523,1,0.04375
18524,2,0.0375
18525,1,0.04375
18526,1,0.04375
18527,0,0.05
18528,4,0.025
18529,3,0.03125
18530,3,0.03125
18531,2,0.0375
18532,3,0.03125
18533,2,0.0375
18534,2,0.0375
18535,1,0.04375
18536,3,0.03125
18537,2,0.0375
18538,2,0.0375
18539,1,0.04375
18540,2,0.0375
18541,1,0.04375
18542,1,0.04375
18543,0,0.05
18544,3,0.03125
18545,2,0.0375
18546,2,0.0375
18547,1,0.04375
18548,2,0.0375
18549,1,0.04375
18550,1,0.04375
18551,0,0.05
18552,2,0.0375
18553,1,0.04375
18554,1,0.04375
18555,0,0.05
18556,1,0.04375
18557,0,0.05
18558,0,0.05
18559,1,0.05625
18560,3,0.01875
18561,4,0.025
18562,4,0.025
18563,3,0.03125
18564,4,0.025
18565,3,0.03125
18566,3,0.03125
18567,2,0.0375
18568,4,0.025
18569,3,0.03125
18570,3,0.03125
18571,2,0.0375
18572,3,0.03125
18573,2,0.0375
18574,2,0.0375
18575,1,0.04375
18576,4,0.025
18577,3,0.03125
18578,3,0.03125
18579,2,0.0375
18580,3,0.03125
18581,2,0.0375
18582,2,0.0375
18583,1,0.04375
18584,3,0.03125
18585,2,0.0375
18586,2,0.0375
18587,1,0.04375
18588,2,0.0375
18589,1,0.04375
18590,1,0.04375
18591,0,0.05
18592,4,0.025
18593,3,0.03125
18594,3,0.03125
18595,2,0.0375
18596,3,0.03125
18597,2,0.0375
18598,2,0.0375
18599,1,0.04375
18600,3,0.03125
18601,2,0.0375
18602,2,0.0375
18603,1,0.04375
18604,2,0.0375
18605,1,0.04375
18606,1,0.04375
18607,0,0.05
18608,3,0.03125
18609,2,0.0375
18610,2,0.0375
18611,1,0.04375
18612,2,0.0375
18613,1,0.04375
18614,1,0.04375
18615,0,0.05
18616,2,0.0375
18617,1,0.04375
18618,1,0.04375
18619,0,0.05
18620,1,0.04375
18621,0,0.05
18622,0,0.05
18623,1,0.05625
18624,4,0.025
18625,3,0.03125
18626,3,0.03125
18627,2,0.0375
18628,3,0.03125
18629,2,0.0375
18630,2,0.0375
18631,1,0.04375
18632,3,0.03125
18633,2,0.0375
18634,2,0.0375
18635,1,0.04375
18636,2,0.0375
18637,1,0.04375
18638,1,0.04375
18639,0,0.05
18640,3,0.03125
18641,2,0.0375
18642,2,0.0375
18643,1,0.04375
18644,2,0.0375
18645,1,0.04375
18646,1,0.04375
18647,0,0.05
18648,2,0.0375
18649,1,0.04375
18650,1,0.04375
18651,0,0.05
18652,1,0.04375
18653,0,0.05
18654,0,0.05
18655,1,0.05625
18656,3,0.03125
18657,2,0.0375
18658,2,0.0375
18659,1,0.04375
18660,2,0.0375
18661,1,0.04375
18662,1,0.04375
18663,0,0.05
18664,2,0.0375
18665,1,0.04375
18666,1,0.04375
18667,0,0.05
18668,1,0.04375
18669,0,0.05
18670,0,0.05
18671,1,0.05625
18672,2,0.0375
18673,1,0.04375
18674,1,0.04375
18675,0,0.05
18676,1,0.04375
18677,0,0.05
18678,0,0.05
18679,1,0.05625
18680,1,0.04375
18681,0,0.05
18682,0,0.05
18683,1,0.05625
18684,0,0.05
18685,1,0.05625
18686,1,0.05625
18687,2,0.0625
18688,3,0.01875
18689,4,0.025
18690,4,0.025
18691,3,0.03125
18692,4,0.025
18693,3,0.03125
18694,3,0.03125
18695,2,0.0375
18696,4,0.025
18697,3,0.03125
18698,3,0.03125
18699,2,0.0375
18700,3,0.03125
18701,2,0.0375
18702,2,0.0375
18703,1,0.04375
18704,4,0.025
18705,3,0.03125
18706,3,0.03125
18707,2,0.0375
18708,3,0.03125
18709,2,0.0375
18710,2,0.0375
18711,1,0.04375
18712,3,0.03125
18713,2,0.0375
18714,2,0.0375
18715,1,0.04375
18716,2,0.0375
18717,1,0.04375
18718,1,0.04375
18719,0,0.05
18720,4,0.025
18721,3,0.03125
18722,3,0.03125
18723,2,0.0375
18724,3,0.03125
18725,2,0.0375
18726,2,0.0375
18727,1,0.04375
18728,3,0.03125
18729,2,0.0375
18730,2,0.0375
18731,1,0.04375
18732,2,0.0375
18733,1,0.04375
18734,1,0.04375
18735,0,0.05
18736,3,0.03125
18737,2,0.0375
18738,2,0.0375
18739,1,0.04375
18740,2,0.0375
18741,1,0.04375
18742,1,0.04375
18743,0,0.05
18744,2,0.0375
18745,1,0.04375
18746,1,0.04375
18747,0,0.05
18748,1,0.04375
18749,0,0.05
18750,0,0.05
18751,1,0.05625
18752,4,0.025
18753,3,0.03125
18754,3,0.03125
18755,2,0.0375
18756,3,0.03125
18757,2,0.0375
18758,2,0.0375
18759,1,0.04375
18760,3,0.03125
18761,2,0.0375
18762,2,0.0375
18763,1,0.04375
18764,2,0.0375
18765,1,0.04375
18766,1,0.04375
18767,0,0.05
18768,3,0.03125
18769,2,0.0375
18770,2,0.0375
18771,1,0.04375
18772,2,0.0375
18773,1,0.04375
18774,1,0.04375
18775,0,0.05
18776,2,0.0375
18777,1,0.04375
18778,1,0.04375
18779,0,0.05
18780,1,0.04375
18781,0,0.05
18782,0,0.05
18783,1,0.05625
18784,3,0.03125
18785,2,0.0375
18786,2,0.0375
18787,1,0.04375
18788,2,0.0375
18789,1,0.04375
18790,1,0.04375
18791,0,0.05
18792,2,0.0375
18793,1,0.04375
18794,1,0.04375
18795,0,0.05
18796,1,0.04375
18797,0,0.05
18798,0,0.05
18799,1,0.05625
18800,2,0.0375
18801,1,0.04375
18802,1,0.04375
18803,0,0.05
18804,1,0.04375
18805,0,0.05
18806,0,0.05
18807,1,0.05625
18808,1,0.04375
18809,0,0.05
18810,0,0.05
18811,1,0.05625
18812,0,0.05
18813,1,0.05625
18814,1,0.05625
18815,2,0.0625
18816,4,0.025
18817,3,0.03125
18818,3,0.03125
18819,2,0.0375
18820,3,0.03125
18821,2,0.0375
18822,2,0.0375
18823,1,0.04375
18824,3,0.03125
18825,2,0.0375
18826,2,0.0375
18827,1,0.04375
18828,2,0.0375
18829,1,0.04375
18830,1,0.04375
18831,0,0.05
18832,3,0.03125
18833,2,0.0375
18834,2,0.0375
18835,1,0.04375
18836,2,0.0375
18837,1,0.04375
18838,1,0.04375
18839,0,0.05
18840,2,0.0375
18841,1,0.04375
18842,1,0.04375
18843,0,0.05
18844,1,0.04375
18845,0,0.05
18846,0,0.05
18847,1,0.05625
18848,3,0.03125
18849,2,0.0375
18850,2,0.0375
18851,1,0.04375
18852,2,0.0375
18853,1,0.04375
18854,1,0.04375
18855,0,0.05
18856,2,0.0375
18857,1,0.04375
18858,1,0.04375
18859,0,0.05
18860,1,0.04375
18861,0,0.05
18862,0,0.05
18863,1,0.05625
18864,2,0.0375
18865,1,0.04375
18866,1,0.04375
18867,0,0.05
18868,1,0.04375
18869,0,0.05
18870,0,0.05
18871,1,0.05625
18872,1,0.04375
18873,0,0.05
18874,0,0.05
18875,1,0.05625
18876,0,0.05
18877,1,0.05625
18878,1,0.05625
18879,2,0.0625
18880,3,0.03125
18881,2,0.0375
18882,2,0.0375
18883,1,0.04375
18884,2,0.0375
18885,1,0.04375
18886,1,0.04375
18887,0,0.05
18888,2,0.0375
18889,1,0.04375
18890,1,0.04375
18891,0,0.05
18892,1,0.04375
18893,0,0.05
18894,0,0.05
18895,1,0.05625
18896,2,0.0375
18897,1,0.04375
18898,1,0.04375
18899,0,0.05
18900,1,0.04375
18901,0,0.05
18902,0,0.05
18903,1,0.05625
18904,1,0.04375
18905,0,0.05
18906,0,0.05
18907,1,0.05625
18908,0,0.05
18909,1,0.05625
18910,1,0.05625
18911,2,0.0625
18912,2,0.0375
18913,1,0.04375
18914,1,0.04375
18915,0,0.05
18916,1,0.04375
18917,0,0.05
18918,0,0.05
18919,1,0.05625
18920,1,0.04375
18921,0,0.05
18922,0,0.05
18923,1,0.05625
18924,0,0.05
18925,1,0.05625
18926,1,0.05625
18927,2,0.0625
18928,1,0.04375
18929,0,0.05
18930,0,0.05
18931,1,0.05625
18932,0,0.05
18933,1,0.05625
18934,1,0.05625
18935,2,0.0625
18936,0,0.05
18937,1,0.05625
18938,1,0.05625
18939,2,0.0625
18940,1,0.05625
18941,2,0.0625
18942,2,0.0625
18943,3,0.06875
18944,3,0.01875
18945,4,0.025
18946,4,0.025
18947,3,0.03125
18948,4,0.025
18949,3,0.03125
18950,3,0.03125
18951,2,0.0375
18952,4,0.025
18953,3,0.03125
18954,3,0.03125
18955,2,0.0375
18956,3,0.03125
18957,2,0.0375
18958,2,0.0375
18959,1,0.04375
18960,4,0.025
18961,3,0.03125
18962,3,0.03125
18963,2,0.0375
18964,3,0.03125
18965,2,0.0375
18966,2,0.0375
18967,1,0.04375
18968,3,0.03125
18969,2,0.0375
18970,2,0.0375
18971,1,0.04375
18972,2,0.0375
18973,1,0.04375
18974,1,0.04375
18975,0,0.05
18976,4,0.025
18977,3,0.03125
18978,3,0.03125
18979,2,0.0375
18980,3,0.03125
18981,2,0.0375
18982,2,0.0375
18983,1,0.04375
18984,3,0.03125
18985,2,0.0375
18986,2,0.0375
18987,1,0.04375
18988,2,0.0375
18989,1,0.04375
18990,1,0.04375
18991,0,0.05
18992,3,0.03125
18993,2,0.0375
18994,2,0.0375
18995,1,0.04375
18996,2,0.0375
18997,1,0.04375
18998,1,0.04375
18999,0,0.05
19000,2,0.0375
19001,1,0.04375
19002,1,0.04375
19003,0,0.05
19004,1,0.04375
19005,0,0.05
19006,0,0.05
19007,1,0.05625
19008,4,0.025
19009,3,0.03125
19010,3,0.03125
19011,2,0.0375
19012,3,0.03125
19013,2,0.0375
19014,2,0.0375
19015,1,0.04375
19016,3,0.03125
19017,2,0.0375
19018,2,0.0375
19019,1,0.04375
19020,2,0.0375
19021,1,0.04375
19022,1,0.04375
19023,0,0.05
19024,3,0.03125
19025,2,0.0375
19026,2,0.0375
19027,1,0.04375
19028,2,0.0375
19029,1,0.04375
19030,1,0.04375
19031,0,0.05
19032,2,0.0375
19033,1,0.04375
19034,1,0.04375
19035,0,0.05
19036,1,0.04375
19037,0,0.05
19038,0,0.05
19039,1,0.05625
19040,3,0.03125
19041,2,0.0375
19042,2,0.0375
19043,1,0.04375
19044,2,0.0375
19045,1,0.04375
19046,1,0.04375
19047,0,0.05
19048,2,0.0375
19049,1,0.04375
19050,1,0.04375
19051,0,0.05
19052,1,0.04375
19053,0,0.05
19054,0,0.05
19055,1,0.05625
19056,2,0.0375
19057,1,0.04375
19058,1,0.04375
19059,0,0.05
19060,1,0.04375
19061,0,0.05
19062,0,0.05
19063,1,0.05625
19064,1,0.04375
19065,0,0.05
19066,0,0.05
19067,1,0.05625
19068,0,0.05
19069,1,0.05625
19070,1,0.05625
19071,2,0.0625
19072,4,0.025
19073,3,0.03125
19074,3,0.03125
19075,2,0.0375
19076,3,0.03125
19077,2,0.0375
19078,2,0.0375
19079,1,0.04375
19080,3,0.03125
19081,2,0.0375
19082,2,0.0375
19083,1,0.04375
19084,2,0.0375
19085,1,0.04375
19086,1,0.04375
19087,0,0.05
19088,3,0.03125
19089,2,0.0375
19090,2,0.0375
19091,1,0.04375
19092,2,0.0375
19093,1,0.04375
19094,1,0.04375
19095,0,0.05
19096,2,0.0375
19097,1,0.04375
19098,1,0.04375
19099,0,0.05
19100,1,0.04375
19101,0,0.05
19102,0,0.05
19103,1,0.05625
19104,3,0.03125
19105,2,0.0375
19106,2,0.0375
19107,1,0.04375
19108,2,0.0375
19109,1,0.04375
19110,1,0.04375
19111,0,0.05
19112,2,0.0375
19113,1,0.04375
19114,1,0.04375
19115,0,0.05
19116,1,0.04375
19117,0,0.05
19118,0,0.05
19119,1,0.05625
19120,2,0.0375
19121,1,0.04375
19122,1,0.04375
19123,0,0.05
19124,1,0.04375
19125,0,0.05
19126,0,0.05
19127,1,0.05625
19128,1,0.04375
19129,0,0.05
19130,0,0.05
19131,1,0.05625
19132,0,0.05
19133,1,0.05625
19134,1,0.05625
19135,2,0.0625
19136,3,0.03125
19137,2,0.0375
19138,2,0.0375
19139,1,0.04375
19140,2,0.0375
19141,1,0.04375
19142,1,0.04375
19143,0,0.05
19144,2,0.0375
19145,1,0.04375
19146,1,0.04375
19147,0,0.05
19148,1,0.04375
19149,0,0.05
19150,0,0.05
19151,1,0.05625
19152,2,0.0375
19153,1,0.04375
19154,1,0.04375
19155,0,0.05
19156,1,0.04375
19157,0,0.05
19158,0,0.05
19159,1,0.05625
19160,1,0.04375
19161,0,0.05
19162,0,0.05
19163,1,0.05625
19164,0,0.05
19165,1,0.05625
19166,1,0.05625
19167,2,0.0625
19168,2,0.0375
19169,1,0.04375
19170,1,0.04375
19171,0,0.05
19172,1,0.04375
19173,0,0.05
19174,0,0.05
19175,1,0.05625
19176,1,0.04375
19177,0,0.05
19178,0,0.05
19179,1,0.05625
19180,0,0.05
19181,1,0.05625
19182,1,0.05625
19183,2,0.0625
19184,1,0.04375
19185,0,0.05
19186,0,0.05
19187,1,0.05625
19188,0,0.05
19189,1,0.05625
19190,1,0.05625
19191,2,0.0625
19192,0,0.05
19193,1,0.05625
19194,1,0.05625
19195,2,0.0625
19196,1,0.05625
19197,2,0.0625
19198,2,0.0625
19199,3,0.06875
19200,4,0.025
19201,3,0.03125
19202,3,0.03125
19203,2,0.0375
19204,3,0.03125
19205,2,0.0375
19206,2,0.0375
19207,1,0.04375
19208,3,0.03125
19209,2,0.0375
19210,2,0.0375
19211,1,0.04375
19212,2,0.0375
19213,1,0.04375
19214,1,0.04375
19215,0,0.05
19216,3,0.03125
19217,2,0.0375
19218,2,0.0375
19219,1,0.04375
19220,2,0.0375
19221,1,0.04375
19222,1,0.04375
19223,0,0.05
19224,2,0.0375
19225,1,0.04375
19226,1,0.04375
19227,0,0.05
19228,1,0.04375
19229,0,0.05
19230,0,0.05
19231,1,0.05625
19232,3,0.03125
19233,2,0.0375
19234,2,0.0375
19235,1,0.04375
19236,2,0.0375
19237,1,0.04375
19238,1,0.04375
19239,0,0.05
19240,2,0.0375
19241,1,0.04375
19242,1,0.04375
19243,0,0.05
19244,1,0.04375
19245,0,0.05
19246,0,0.05
19247,1,0.05625
19248,2,0.0375
19249,1,0.04375
19250,1,0.04375
19251,0,0.05
19252,1,0.04375
19253,0,0.05
19254,0,0.05
19255,1,0.05625
19256,1,0.04375
19257,0,0.05
19258,0,0.05
19259,1,0.05625
19260,0,0.05
19261,1,0.05625
19262,1,0.05625
19263,2,0.0625
19264,3,0.03125
19265,2,0.0375
19266,2,0.0375
19267,1,0.04375
19268,2,0.0375
19269,1,0.04375
19270,1,0.04375
19271,0,0.05
19272,2,0.0375
19273,1,0.04375
19274,1,0.04375
19275,0,0.05
19276,1,0.04375
19277,0,0.05
19278,0,0.05
19279,1,0.05625
19280,2,0.0375
19281,1,0.04375
19282,1,0.04375
19283,0,0.05
19284,1,0.04375
19285,0,0.05
19286,0,0.05
19287,1,0.05625
19288,1,0.04375
19289,0,0.05
19290,0,0.05
19291,1,0.05625
19292,0,0.05
19293,1,0.05625
19294,1,0.05625
19295,2,0.0625
19296,2,0.0375
19297,1,0.04375
19298,1,0.04375
19299,0,0.05
19300,1,0.04375
19301,0,0.05
19302,0,0.05
19303,1,0.05625
19304,1,0.04375
19305,0,0.05
19306,0,0.05
19307,1,0.05625
19308,0,0.05
19309,1,0.05625
19310,1,0.05625
19311,2,0.0625
19312,1,0.04375
19313,0,0.05
19314,0,0.05
19315,1,0.05625
19316,0,0.05
19317,1,0.05625
19318,1,0.05625
19319,2,0.0625
19320,0,0.05
19321,1,0.05625
19322,1,0.05625
19323,2,0.0625
19324,1,0.05625
19325,2,0.0625
19326,2,0.0625
19327,3,0.06875
19328,3,0.03125
19329,2,0.0375
19330,2,0.0375
19331,1,0.04375
19332,2,0.0375
19333,1,0.04375
19334,1,0.04375
19335,0,0.05
19336,2,0.0375
19337,1,0.04375
19338,1,0.04375
19339,0,0.05
19340,1,0.04375
19341,0,0.05
19342,0,0.05
19343,1,0.05625
19344,2,0.0375
19345,1,0.04375
19346,1,0.04375
19347,0,0.05
19348,1,0.04375
19349,0,0.05
19350,0,0.05
19351,1,0.05625
19352,1,0.04375
19353,0,0.05
19354,0,0.05
19355,1,0.05625
19356,0,0.05
19357,1,0.05625
19358,1,0.05625
19359,2,0.0625
19360,2,0.0375
19361,1,0.04375
19362,1,0.04375
19363,0,0.05
19364,1,0.04375
19365,0,0.05
19366,0,0.05
19367,1,0.05625
19368,1,0.04375
19369,0,0.05
19370,0,0.05
19371,1,0.05625
19372,0,0.05
19373,1,0.05625
19374,1,0.05625
19375,2,0.0625
19376,1,0.04375
19377,0,0.05
19378,0,0.05
19379,1,0.05625
19380,0,0.05
19381,1,0.05625
19382,1,0.05625
19383,2,0.0625
19384,0,0.05
19385,1,0.05625
19386,1,0.05625
19387,2,0.0625
19388,1,0.05625
19389,2,0.0625
19390,2,0.0625
19391,3,0.06875
19392,2,0.0375
19393,1,0.04375
19394,1,0.04375
19395,0,0.05
19396,1,0.04375
19397,0,0.05
19398,0,0.05
19399,1,0.05625
19400,1,0.04375
19401,0,0.05
19402,0,0.05
19403,1,0.05625
19404,0,0.05
19405,1,0.05625
19406,1,0.05625
19407,2,0.0625
19408,1,0.04375
19409,0,0.05
19410,0,0.05
19411,1,0.05625
19412,0,0.05
19413,1,0.05625
19414,1,0.05625
19415,2,0.0625
19416,0,0.05
19417,1,0.05625
19418,1,0.05625
19419,2,0.0625
19420,1,0.05625
19421,2,0.0625
19422,2,0.0625
19423,3,0.06875
19424,1,0.04375
19425,0,0.05
19426,0,0.05
19427,1,0.05625
19428,0,0.05
19429,1,0.05625
19430,1,0.05625
19431,2,0.0625
19432,0,0.05
19433,1,0.05625
19434,1,0.05625
19435,2,0.0625
19436,1,0.05625
19437,2,0.0625
19438,2,0.0625
19439,3,0.06875
19440,0,0.05
19441,1,0.05625
19442,1,0.05625
19443,2,0.0625
19444,1,0.05625
19445,2,0.0625
19446,2,0.0625
19447,3,0.06875
19448,1,0.05625
19449,2,0.0625
19450,2,0.0625
19451,3,0.06875
19452,2,0.0625
19453,3,0.06875
19454,3,0.06875
19455,4,0.075
19456,3,0.01875
19457,4,0.025
19458,4,0.025
19459,3,0.03125
19460,4,0.025
19461,3,0.03125
19462,3,0.03125
19463,2,0.0375
19464,4,0.025
19465,3,0.03125
19466,3,0.03125
19467,2,0.0375
19468,3,0.03125
19469,2,0.0375
19470,2,0.0375
19471,1,0.04375
19472,4,0.025
19473,3,0.03125
19474,3,0.03125
19475,2,0.0375
19476,3,0.03125
19477,2,0.0375
19478,2,0.0375
19479,1,0.04375
19480,3,0.03125
19481,2,0.0375
19482,2,0.0375
19483,1,0.04375
19484,2,0.0375
19485,1,0.04375
19486,1,0.04375
19487,0,0.05
19488,4,0.025
19489,3,0.03125
19490,3,0.03125
19491,2,0.0375
19492,3,0.03125
19493,2,0.0375
19494,2,0.0375
19495,1,0.04375
19496,3,0.03125
19497,2,0.0375
19498,2,0.0375
19499,1,0.04375
19500,2,0.0375
19501,1,0.04375
19502,1,0.04375
19503,0,0.05
19504,3,0.03125
19505,2,0.0375
19506,2,0.0375
19507,1,0.04375
19508,2,0.0375
19509,1,0.04375
19510,1,0.04375
19511,0,0.05
19512,2,0.0375
19513,1,0.04375
19514,1,0.04375
19515,0,0.05
19516,1,0.04375
19517,0,0.05
19518,0,0.05
19519,1,0.05625
19520,4,0.025
19521,3,0.03125
19522,3,0.03125
19523,2,0.0375
19524,3,0.03125
19525,2,0.0375
19526,2,0.0375
19527,1,0.04375
19528,3,0.03125
19529,2,0.0375
19530,2,0.0375
19531,1,0.04375
19532,2,0.0375
19533,1,0.04375
19534,1,0.04375
19535,0,0.05
19536,3,0.03125
19537,2,0.0375
19538,2,0.0375
19539,1,0.04375
19540,2,0.0375
19541,1,0.04375
19542,1,0.04375
19543,0,0.05
19544,2,0.0375
19545,1,0.04375
19546,1,0.04375
19547,0,0.05
19548,1,0.04375
19549,0,0.05
19550,0,0.05
19551,1,0.05625
19552,3,0.03125
19553,2,0.0375
19554,2,0.0375
19555,1,0.04375
19556,2,0.0375
19557,1,0.04375
19558,1,0.04375
19559,0,0.05
19560,2,0.0375
19561,1,0.04375
19562,1,0.04375
19563,0,0.05
19564,1,0.04375
19565,0,0.05
19566,0,0.05
19567,1,0.05625
19568,2,0.0375
19569,1,0.04375
19570,1,0.04375
19571,0,0.05
19572,1,0.04375
19573,0,0.05
19574,0,0.05
19575,1,0.05625
19576,1,0.04375
19577,0,0.05
19578,0,0.05
19579,1,0.05625
19580,0,0.05
19581,1,0.05625
19582,1,0.05625
19583,2,0.0625
19584,4,0.025
19585,3,0.03125
19586,3,0.03125
19587,2,0.0375
19588,3,0.03125
19589,2,0.0375
19590,2,0.0375
19591,1,0.04375
19592,3,0.03125
19593,2,0.0375
19594,2,0.0375
19595,1,0.04375
19596,2,0.0375
19597,1,0.04375
19598,1,0.04375
19599,0,0.05
19600,3,0.03125
19601,2,0.0375
19602,2,0.0375
19603,1,0.04375
19604,2,0.0375
19605,1,0.04375
19606,1,0.04375
19607,0,0.05
19608,2,0.0375
19609,1,0.04375
19610,1,0.04375
19611,0,0.05
19612,1,0.04375
19613,0,0.05
19614,0,0.05
19615,1,0.05625
19616,3,0.03125
19617,2,0.0375
19618,2,0.0375
19619,1,0.04375
19620,2,0.0375
19621,1,0.04375
19622,1,0.04375
19623,0,0.05
19624,2,0.0375
19625,1,0.04375
19626,1,0.04375
19627,0,0.05
19628,1,0.04375
19629,0,0.05
19630,0,0.05
19631,1,0.05625
19632,2,0.0375
19633,1,0.04375
19634,1,0.04375
19635,0,0.05
19636,1,0.04375
19637,0,0.05
19638,0,0.05
19639,1,0.05625
19640,1,0.04375
19641,0,0.05
19642,0,0.05
19643,1,0.05625
19644,0,0.05
19645,1,0.05625
19646,1,0.05625
19647,2,0.0625
19648,3,0.03125
19649,2,0.0375
19650,2,0.0375
19651,1,0.04375
19652,2,0.0375
19653,1,0.04375
19654,1,0.04375
19655,0,0.05
19656,2,0.0375
19657,1,0.04375
19658,1,0.04375
19659,0,0.05
19660,1,0.04375
19661,0,0.05
19662,0,0.05
19663,1,0.05625
19664,2,0.0375
19665,1,0.04375
19666,1,0.04375
19667,0,0.05
19668,1,0.04375
19669,0,0.05
19670,0,0.05
19671,1,0.05625
19672,1,0.04375
19673,0,0.05
19674,0,0.05
19675,1,0.05625
19676,0,0.05
19677,1,0.05625
19678,1,0.05625
19679,2,0.0625
19680,2,0.0375
19681,1,0.04375
19682,1,0.04375
19683,0,0.05
19684,1,0.04375
19685,0,0.05
19686,0,0.05
19687,1,0.05625
19688,1,0.04375
19689,0,0.05
19690,0,0.05
19691,1,0.05625
19692,0,0.05
19693,1,0.05625
19694,1,0.05625
19695,2,0.0625
19696,1,0.04375
19697,0,0.05
19698,0,0.05
19699,1,0.05625
19700,0,0.05
19701,1,0.05625
19702,1,0.05625
19703,2,0.0625
19704,0,0.05
19705,1,0.05625
19706,1,0.05625
19707,2,0.0625
19708,1,0.05625
19709,2,0.0625
19710,2,0.0625
19711,3,0.06875
19712,4,0.025
19713,3,0.03125
19714,3,0.03125
19715,2,0.0375
19716,3,0.03125
19717,2,0.0375
19718,2,0.0375
19719,1,0.04375
19720,3,0.03125
19721,2,0.0375
19722,2,0.0375
19723,1,0.04375
19724,2,0.0375
19725,1,0.04375
19726,1,0.04375
19727,0,0.05
19728,3,0.03125
19729,2,0.0375
19730,2,0.0375
19731,1,0.04375
19732,2,0.0375
19733,1,0.04375
19734,1,0.04375
19735,0,0.05
19736,2,0.0375
19737,1,0.04375
19738,1,0.04375
19739,0,0.05
19740,1,0.04375
19741,0,0.05
19742,0,0.05
19743,1,0.05625
19744,3,0.03125
19745,2,0.0375
19746,2,0.0375
19747,1,0.04375
19748,2,0.0375
19749,1,0.04375
19750,1,0.04375
19751,0,0.05
19752,2,0.0375
19753,1,0.04375
19754,1,0.04375
19755,0,0.05
19756,1,0.04375
19757,0,0.05
19758,0,0.05
19759,1,0.05625
19760,2,0.0375
19761,1,0.04375
19762,1,0.04375
19763,0,0.05
19764,1,0.04375
19765,0,0.05
19766,0,0.05
19767,1,0.05625
19768,1,0.04375
19769,0,0.05
19770,0,0.05
19771,1,0.05625
19772,0,0.05
19773,1,0.05625
19774,1,0.05625
19775,2,0.0625
19776,3,0.03125
19777,2,0.0375
19778,2,0.0375
19779,1,0.04375
19780,2,0.0375
19781,1,0.04375
19782,1,0.04375
19783,0,0.05
19784,2,0.0375
19785,1,0.04375
19786,1,0.04375
19787,0,0.05
19788,1,0.04375
19789,0,0.05
19790,0,0.05
19791,1,0.05625
19792,2,0.0375
19793,1,0.04375
19794,1,0.04375
19795,0,0.05
19796,1,0.04375
19797,0,0.05
19798,0,0.05
19799,1,0.05625
19800,1,0.04375
19801,0,0.05
19802,0,0.05
19803,1,0.05625
19804,0,0.05
19805,1,0.05625
19806,1,0.05625
19807,2,0.0625
19808,2,0.0375
19809,1,0.04375
19810,1,0.04375
19811,0,0.05
19812,1,0.04375
19813,0,0.05
19814,0,0.05
19815,1,0.05625
19816,1,0.04375
19817,0,0.05
19818,0,0.05
19819,1,0.05625
19820,0,0.05
19821,1,0.05625
19822,1,0.05625
19823,2,0.0625
19824,1,0.04375
19825,0,0.05
19826,0,0.05
19827,1,0.05625
19828,0,0.05
19829,1,0.05625
19830,1,0.05625
19831,2,0.0625
19832,0,0.05
19833,1,0.05625
19834,1,0.05625
19835,2,0.0625
19836,1,0.05625
19837,2,0.0625
19838,2,0.0625
19839,3,0.06875
19840,3,0.03125
19841,2,0.0375
19842,2,0.0375
19843,1,0.04375
19844,2,0.0375
19845,1,0.04375
19846,1,0.04375
19847,0,0.05
19848,2,0.0375
19849,1,0.04375
19850,1,0.04375
19851,0,0.05
19852,1,0.04375
19853,0,0.05
19854,0,0.05
19855,1,0.05625
19856,2,0.0375
19857,1,0.04375
19858,1,0.04375
19859,0,0.05
19860,1,0.04375
19861,0,0.05
19862,0,0.05
19863,1,0.05625
19864,1,0.04375
19865,0,0.05
19866,0,0.05
19867,1,0.05625
19868,0,0.05
19869,1,0.05625
19870,1,0.05625
19871,2,0.0625
19872,2,0.0375
19873,1,0.04375
19874,1,0.04375
19875,0,0.05
19876,1,0.04375
19877,0,0.05
19878,0,0.05
19879,1,0.05625
19880,1,0.04375
19881,0,0.05
19882,0,0.05
19883,1,0.05625
19884,0,0.05
19885,1,0.05625
19886,1,0.05625
19887,2,0.0625
19888,1,0.04375
19889,0,0.05
19890,0,0.05
19891,1,0.05625
19892,0,0.05
19893,1,0.05625
19894,1,0.05625
19895,2,0.0625
19896,0,0.05
19897,1,0.05625
19898,1,0.05625
19899,2,0.0625
19900,1,0.05625
19901,2,0.0625
19902,2,0.0625
19903,3,0.06875
19904,2,0.0375
19905,1,0.04375
19906,1,0.04375
19907,0,0.05
19908,1,0.04375
19909,0,0.05
19910,0,0.05
19911,1,0.05625
19912,1,0.04375
19913,0,0.05
19914,0,0.05
19915,1,0.05625
19916,0,0.05
19917,1,0.05625
19918,1,0.05625
19919,2,0.0625
19920,1,0.04375
19921,0,0.05
19922,0,0.05
19923,1,0.05625
19924,0,0.05
19925,1,0.05625
19926,1,0.05625
19927,2,0.0625
19928,0,0.05
19929,1,0.05625
19930,1,0.05625
19931,2,0.0625
19932,1,0.05625
19933,2,0.0625
19934,2,0.0625
19935,3,0.06875
19936,1,0.04375
19937,0,0.05
19938,0,0.05
19939,1,0.05625
19940,0,0.05
19941,1,0.05625
19942,1,0.05625
19943,2,0.0625
19944,0,0.05
19945,1,0.05625
19946,1,0.05625
19947,2,0.0625
19948,1,0.05625
19949,2,0.0625
19950,2,0.0625
19951,3,0.06875
19952,0,0.05
19953,1,0.05625
19954,1,0.05625
19955,2,0.0625
19956,1,0.05625
19957,2,0.0625
19958,2,0.0625
19959,3,0.06875
19960,1,0.05625
19961,2,0.0625
19962,2,0.0625
19963,3,0.06875
19964,2,0.0625
19965,3,0.06875
19966,3,0.06875
19967,4,0.075
19968,4,0.025
19969,3,0.03125
19970,3,0.03125
19971,2,0.0375
19972,3,0.03125
19973,2,0.0375
19974,2,0.0375
19975,1,0.04375
19976,3,0.03125
19977,2,0.0375
19978,2,0.0375
19979,1,0.04375
19980,2,0.0375
19981,1,0.04375
19982,1,0.04375
19983,0,0.05
19984,3,0.03125
19985,2,0.0375
19986,2,0.0375
19987,1,0.04375
19988,2,0.0375
19989,1,0.04375
19990,1,0.04375
19991,0,0.05
19992,2,0.0375
19993,1,0.04375
19994,1,0.04375
19995,0,0.05
19996,1,0.04375
19997,0,0.05
19998,0,0.05
19999,1,0.05625
20000,3,0.03125
20001,2,0.0375
20002,2,0.0375
20003,1,0.04375
20004,2,0.0375
20005,1,0.04375
20006,1,0.04375
20007,0,0.05
20008,2,0.0375
20009,1,0.04375
20010,1,0.04375
20011,0,0.05
20012,1,0.04375
20013,0,0.05
20014,0,0.05
20015,1,0.05625
20016,2,0.0375
20017,1,0.04375
20018,1,0.04375
20019,0,0.05
20020,1,0.04375
20021,0,0.05
20022,0,0.05
20023,1,0.05625
20024,1,0.04375
20025,0,0.05
20026,0,0.05
20027,1,0.05625
20028,0,0.05
20029,1,0.05625
20030,1,0.05625
20031,2,0.0625
20032,3,0.03125
20033,2,0.0375
20034,2,0.0375
20035,1,0.04375
20036,2,0.0375
20037,1,0.04375
20038,1,0.04375
20039,0,0.05
20040,2,0.0375
20041,1,0.04375
20042,1,0.04375
20043,0,0.05
20044,1,0.04375
20045,0,0.05
20046,0,0.05
20047,1,0.05625
20048,2,0.0375
20049,1,0.04375
20050,1,0.04375
20051,0,0.05
20052,1,0.04375
20053,0,0.05
20054,0,0.05
20055,1,0.05625
20056,1,0.04375
20057,0,0.05
20058,0,0.05
20059,1,0.05625
20060,0,0.05
20061,1,0.05625
20062,1,0.05625
20063,2,0.0625
20064,2,0.0375
20065,1,0.04375
20066,1,0.04375
20067,0,0.05
20068,1,0.04375
20069,0,0.05
20070,0,0.05
20071,1,0.05625
20072,1,0.04375
20073,0,0.05
20074,0,0.05
20075,1,0.05625
20076,0,0.05
20077,1,0.05625
20078,1,0.05625
20079,2,0.0625
20080,1,0.04375
20081,0,0.05
20082,0,0.05
20083,1,0.05625
20084,0,0.05
20085,1,0.05625
20086,1,0.05625
20087,2,0.0625
20088,0,0.05
20089,1,0.05625
20090,1,0.05625
20091,2,0.0625
20092,1,0.05625
20093,2,0.0625
20094,2,0.0625
20095,3,0.06875
20096,3,0.03125
20097,2,0.0375
20098,2,0.0375
20099,1,0.04375
20100,2,0.0375
20101,1,0.04375
20102,1,0.04375
20103,0,0.05
20104,2,0.0375
20105,1,0.04375
20106,1,0.04375
20107,0,0.05
20108,1,0.04375
20109,0,0.05
20110,0,0.05
20111,1,0.05625
20112,2,0.0375
20113,1,0.04375
20114,1,0.04375
20115,0,0.05
20116,1,0.04375
20117,0,0.05
20118,0,0.05
20119,1,0.05625
20120,1,0.04375
20121,0,0.05
20122,0,0.05
20123,1,0.05625
20124,0,0.05
20125,1,0.05625
20126,1,0.05625
20127,2,0.0625
20128,2,0.0375
20129,1,0.04375
20130,1,0.04375
20131,0,0.05
20132,1,0.04375
20133,0,0.05
20134,0,0.05
20135,1,0.05625
20136,1,0.04375
20137,0,0.05
20138,0,0.05
20139,1,0.05625
20140,0,0.05
20141,1,0.05625
20142,1,0.05625
20143,2,0.0625
20144,1,0.04375
20145,0,0.05
20146,0,0.05
20147,1,0.05625
20148,0,0.05
20149,1,0.05625
20150,1,0.05625
20151,2,0.0625
20152,0,0.05
20153,1,0.05625
20154,1,0.05625
20155,2,0.0625
20156,1,0.05625
20157,2,0.0625
20158,2,0.0625
20159,3,0.06875
20160,2,0.0375
20161,1,0.04375
20162,1,0.04375
20163,0,0.05
20164,1,0.04375
20165,0,0.05
20166,0,0.05
20167,1,0.05625
20168,1,0.04375
20169,0,0.05
20170,0,0.05
20171,1,0.05625
20172,0,0.05
20173,1,0.05625
20174,1,0.05625
20175,2,0.0625
20176,1,0.04375
20177,0,0.05
20178,0,0.05
20179,1,0.05625
20180,0,0.05
20181,1,0.05625
20182,1,0.05625
20183,2,0.0625
20184,0,0.05
20185,1,0.05625
20186,1,0.05625
20187,2,0.0625
20188,1,0.05625
20189,2,0.0625
20190,2,0.0625
20191,3,0.06875
20192,1,0.04375
20193,0,0.05
20194,0,0.05
20195,1,0.05625
20196,0,0.05
20197,1,0.05625
20198,1,0.05625
20199,2,0.0625
20200,0,0.05
20201,1,0.05625
20202,1,0.05625
20203,2,0.0625
20204,1,0.05625
20205,2,0.0625
20206,2,0.0625
20207,3,0.06875
20208,0,0.05
20209,1,0.05625
20210,1,0.05625
20211,2,0.0625
20212,1,0.05625
20213,2,0.0625
20214,2,0.0625
20215,3,0.06875
20216,1,0.05625
20217,2,0.0625
20218,2,0.0625
20219,3,0.06875
20220,2,0.0625
20221,3,0.06875
20222,3,0.06875
20223,4,0.075
20224,3,0.03125
20225,2,0.0375
20226,2,0.0375
20227,1,0.04375
20228,2,0.0375
20229,1,0.04375
20230,1,0.04375
20231,0,0.05
20232,2,0.0375
20233,1,0.04375
20234,1,0.04375
20235,0,0.05
20236,1,0.04375
20237,0,0.05
20238,0,0.05
20239,1,0.05625
20240,2,0.0375
20241,1,0.04375
20242,1,0.04375
20243,0,0.05
20244,1,0.04375
20245,0,0.05
20246,0,0.05
20247,1,0.05625
20248,1,0.04375
20249,0,0.05
20250,0,0.05
20251,1,0.05625
20252,0,0.05
20253,1,0.05625
20254,1,0.05625
20255,2,0.0625
20256,2,0.0375
20257,1,0.04375
20258,1,0.04375
20259,0,0.05
20260,1,0.04375
20261,0,0.05
20262,0,0.05
20263,1,0.05625
20264,1,0.04375
20265,0,0.05
20266,0,0.05
20267,1,0.05625
20268,0,0.05
20269,1,0.05625
20270,1,0.05625
20271,2,0.0625
20272,1,0.04375
20273,0,0.05
20274,0,0.05
20275,1,0.05625
20276,0,0.05
20277,1,0.05625
20278,1,0.05625
20279,2,0.0625
20280,0,0.05
20281,1,0.05625
20282,1,0.05625
20283,2,0.0625
20284,1,0.05625
20285,2,0.0625
20286,2,0.0625
20287,3,0.06875
20288,2,0.0375
20289,1,0.04375
20290,1,0.04375
20291,0,0.05
20292,1,0.04375
20293,0,0.05
20294,0,0.05
20295,1,0.05625
20296,1,0.04375
20297,0,0.05
20298,0,0.05
20299,1,0.05625
20300,0,0.05
20301,1,0.05625
20302,1,0.05625
20303,2,0.0625
20304,1,0.04375
20305,0,0.05
20306,0,0.05
20307,1,0.05625
20308,0,0.05
20309,1,0.05625
20310,1,0.05625
20311,2,0.0625
20312,0,0.05
20313,1,0.05625
20314,1,0.05625
20315,2,0.0625
20316,1,0.05625
20317,2,0.0625
20318,2,0.0625
20319,3,0.06875
20320,1,0.04375
20321,0,0.05
20322,0,0.05
20323,1,0.05625
20324,0,0.05
20325,1,0.05625
20326,1,0.05625
20327,2,0.0625
20328,0,0.05
20329,1,0.05625
20330,1,0.05625
20331,2,0.0625
20332,1,0.05625
20333,2,0.0625
20334,2,0.0625
20335,3,0.06875
20336,0,0.05
20337,1,0.05625
20338,1,0.05625
20339,2,0.0625
20340,1,0.05625
20341,2,0.0625
20342,2,0.0625
20343,3,0.06875
20344,1,0.05625
20345,2,0.0625
20346,2,0.0625
20347,3,0.06875
20348,2,0.0625
20349,3,0.06875
20350,3,0.06875
20351,4,0.075
20352,2,0.0375
20353,1,0.04375
20354,1,0.04375
20355,0,0.05
20356,1,0.04375
20357,0,0.05
20358,0,0.05
20359,1,0.05625
20360,1,0.04375
20361,0,0.05
20362,0,0.05
20363,1,0.05625
20364,0,0.05
20365,1,0.05625
20366,1,0.05625
20367,2,0.0625
20368,1,0.04375
20369,0,0.05
20370,0,0.05
20371,1,0.05625
20372,0,0.05
20373,1,0.05625
20374,1,0.05625
20375,2,0.0625
20376,0,0.05
20377,1,0.05625
20378,1,0.05625
20379,2,0.0625
20380,1,0.05625
20381,2,0.0625
20382,2,0.0625
20383,3,0.06875
20384,1,0.04375
20385,0,0.05
20386,0,0.05
20387,1,0.05625
20388,0,0.05
20389,1,0.05625
20390,1,0.05625
20391,2,0.0625
20392,0,0.05
20393,1,0.05625
20394,1,0.05625
20395,2,0.0625
20396,1,0.05625
20397,2,0.0625
20398,2,0.0625
20399,3,0.06875
20400,0,0.05
20401,1,0.05625
20402,1,0.05625
20403,2,0.0625
20404,1,0.05625
20405,2,0.0625
20406,2,0.0625
20407,3,0.06875
20408,1,0.05625
20409,2,0.0625
20410,2,0.0625
20411,3,0.06875
20412,2,0.0625
20413,3,0.06875
20414,3,0.06875
20415,4,0.075
20416,1,0.04375
20417,0,0.05
20418,0,0.05
20419,1,0.05625
20420,0,0.05
20421,1,0.05625
20422,1,0.05625
20423,2,0.0625
20424,0,0.05
20425,1,0.05625
20426,1,0.05625
20427,2,0.0625
20428,1,0.05625
20429,2,0.0625
20430,2,0.0625
20431,3,0.06875
20432,0,0.05
20433,1,0.05625
20434,1,0.05625
20435,2,0.0625
20436,1,0.05625
20437,2,0.0625
20438,2,0.0625
20439,3,0.06875
20440,1,0.05625
20441,2,0.0625
20442,2,0.0625
20443,3,0.06875
20444,2,0.0625
20445,3,0.06875
20446,3,0.06875
20447,4,0.075
20448,0,0.05
20449,1,0.05625
20450,1,0.05625
20451,2,0.0625
20452,1,0.05625
20453,2,0.0625
20454,2,0.0625
20455,3,0.06875
20456,1,0.05625
20457,2,0.0625
20458,2,0.0625
20459,3,0.06875
20460,2,0.0625
20461,3,0.06875
20462,3,0.06875
20463,4,0.075
20464,1,0.05625
20465,2,0.0625
20466,2,0.0625
20467,3,0.06875
20468,2,0.0625
20469,3,0.06875
20470,3,0.06875
20471,4,0.075
20472,2,0.0625
20473,3,0.06875
20474,3,0.06875
20475,4,0.075
20476,3,0.06875
20477,4,0.075
20478,4,0.075
20479,3,0.08125
20480,2,0.0125
20481,3,0.01875
20482,3,0.01875
20483,4,0.025
20484,3,0.01875
20485,4,0.025
20486,4,0.025
20487,3,0.03125
20488,3,0.01875
20489,4,0.025
20490,4,0.025
20491,3,0.03125
20492,4,0.025
20493,3,0.03125
20494,3,0.03125
20495,2,0.0375
20496,3,0.01875
20497,4,0.025
20498,4,0.025
20499,3,0.03125
20500,4,0.025
20501,3,0.03125
20502,3,0.03125
20503,2,0.0375
20504,4,0.025
20505,3,0.03125
20506,3,0.03125
20507,2,0.0375
20508,3,0.03125
20509,2,0.0375
20510,2,0.0375
20511,1,0.04375
20512,3,0.01875
20513,4,0.025
20514,4,0.025
20515,3,0.03125
20516,4,0.025
20517,3,0.03125
20518,3,0.03125
20519,2,0.0375
20520,4,0.025
20521,3,0.03125
20522,3,0.03125
20523,2,0.0375
20524,3,0.03125
20525,2,0.0375
20526,2,0.0375
20527,1,0.04375
20528,4,0.025
20529,3,0.03125
20530,3,0.03125
20531,2,0.0375
20532,3,0.03125
20533,2,0.0375
20534,2,0.0375
20535,1,0.04375
20536,3,0.03125
20537,2,0.0375
20538,2,0.0375
20539,1,0.04375
20540,2,0.0375
20541,1,0.04375
20542,1,0.04375
20543,0,0.05
20544,3,0.01875
20545,4,0.025
20546,4,0.025
20547,3,0.03125
20548,4,0.025
20549,3,0.03125
20550,3,0.03125
20551,2,0.0375
20552,4,0.025
20553,3,0.03125
20554,3,0.03125
20555,2,0.0375
20556,3,0.03125
20557,2,0.0375
20558,2,0.0375
20559,1,0.04375
20560,4,0.025
20561,3,0.03125
20562,3,0.03125
20563,2,0.0375
20564,3,0.03125
20565,2,0.0375
20566,2,0.0375
20567,1,0.04375
20568,3,0.03125
20569,2,0.0375
20570,2,0.0375
20571,1,0.04375
20572,2,0.0375
20573,1,0.04375
20574,1,0.04375
20575,0,0.05
20576,4,0.025
20577,3,0.03125
20578,3,0.03125
20579,2,0.0375
20580,3,0.03125
20581,2,0.0375
20582,2,0.0375
20583,1,0.04375
20584,3,0.03125
20585,2,0.0375
20586,2,0.0375
20587,1,0.04375
20588,2,0.0375
20589,1,0.04375
20590,1,0.04375
20591,0,0.05
20592,3,0.03125
20593,2,0.0375
20594,2,0.0375
20595,1,0.04375
20596,2,0.0375
20597,1,0.04375
20598,1,0.04375
20599,0,0.05
20600,2,0.0375
20601,1,0.04375
20602,1,0.04375
20603,0,0.05
20604,1,0.04375
20605,0,0.05
20606,0,0.05
20607,1,0.05625
20608,3,0.01875
20609,4,0.025
20610,4,0.025
20611,3,0.03125
20612,4,0.025
20613,3,0.03125
20614,3,0.03125
20615,2,0.0375
20616,4,0.025
20617,3,0.03125
20618,3,0.03125
20619,2,0.0375
20620,3,0.03125
20621,2,0.0375
20622,2,0.0375
20623,1,0.04375
20624,4,0.025
20625,3,0.03125
20626,3,0.03125
20627,2,0.0375
20628,3,0.03125
20629,2,0.0375
20630,2,0.0375
20631,1,0.04375
20632,3,0.03125
20633,2,0.0375
20634,2,0.0375
20635,1,0.04375
20636,2,0.0375
20637,1,0.04375
20638,1,0.04375
20639,0,0.05
20640,4,0.025
20641,3,0.03125
20642,3,0.03125
20643,2,0.0375
20644,3,0.03125
20645,2,0.0375
20646,2,0.0375
20647,1,0.04375
20648,3,0.03125
20649,2,0.0375
20650,2,0.0375
20651,1,0.04375
20652,2,0.0375
20653,1,0.04375
20654,1,0.04375
20655,0,0.05
20656,3,0.03125
20657,2,0.0375
20658,2,0.0375
20659,1,0.04375
20660,2,0.0375
20661,1,0.04375
20662,1,0.04375
20663,0,0.05
20664,2,0.0375
20665,1,0.04375
20666,1,0.04375
20667,0,0.05
20668,1,0.04375
20669,0,0.05
20670,0,0.05
20671,1,0.05625
20672,4,0.025
20673,3,0.03125
20674,3,0.03125
20675,2,0.0375
20676,3,0.03125
20677,2,0.0375
20678,2,0.0375
20679,1,0.04375
20680,3,0.03125
20681,2,0.0375
20682,2,0.0375
20683,1,0.04375
20684,2,0.0375
20685,1,0.04375
20686,1,0.04375
20687,0,0.05
20688,3,0.03125
20689,2,0.0375
20690,2,0.0375
20691,1,0.04375
20692,2,0.0375
20693,1,0.04375
20694,1,0.04375
20695,0,0.05
20696,2,0.0375
20697,1,0.04375
20698,1,0.04375
20699,0,0.05
20700,1,0.04375
20701,0,0.05
20702,0,0.05
20703,1,0.05625
20704,3,0.03125
20705,2,0.0375
20706,2,0.0375
20707,1,0.04375
20708,2,0.0375
20709,1,0.04375
20710,1,0.04375
20711,0,0.05
20712,2,0.0375
20713,1,0.04375
20714,1,0.04375
20715,0,0.05
20716,1,0.04375
20717,0,0.05
20718,0,0.05
20719,1,0.05625
20720,2,0.0375
20721,1,0.04375
20722,1,0.04375
20723,0,0.05
20724,1,0.04375
20725,0,0.05
20726,0,0.05
20727,1,0.05625
20728,1,0.04375
20729,0,0.05
20730,0,0.05
20731,1,0.05625
20732,0,0.05
20733,1,0.05625
20734,1,0.05625
20735,2,0.0625
20736,3,0.01875
20737,4,0.025
20738,4,0.025
20739,3,0.03125
20740,4,0.025
20741,3,0.03125
20742,3,0.03125
20743,2,0.0375
20744,4,0.025
20745,3,0.03125
20746,3,0.03125
20747,2,0.0375
20748,3,0.03125
20749,2,0.0375
20750,2,0.0375
20751,1,0.04375
20752,4,0.025
20753,3,0.03125
20754,3,0.03125
20755,2,0.0375
20756,3,0.03125
20757,2,0.0375
20758,2,0.0375
20759,1,0.04375
20760,3,0.03125
20761,2,0.0375
20762,2,0.0375
20763,1,0.04375
20764,2,0.0375
20765,1,0.04375
20766,1,0.04375
20767,0,0.05
20768,4,0.025
20769,3,0.03125
20770,3,0.03125
20771,2,0.0375
20772,3,0.03125
20773,2,0.0375
20774,2,0.0375
20775,1,0.04375
20776,3,0.03125
20777,2,0.0375
20778,2,0.0375
20779,1,0.04375
20780,2,0.0375
20781,1,0.04375
20782,1,0.04375
20783,0,0.05
20784,3,0.03125
20785,2,0.0375
20786,2,0.0375
20787,1,0.04375
20788,2,0.0375
20789,1,0.04375
20790,1,0.04375
20791,0,0.05
20792,2,0.0375
20793,1,0.04375
20794,1,0.04375
20795,0,0.05
20796,1,0.04375
20797,0,0.05
20798,0,0.05
20799,1,0.05625
20800,4,0.025
20801,3,0.03125
20802,3,0.03125
20803,2,0.0375
20804,3,0.03125
20805,2,0.0375
20806,2,0.0375
20807,1,0.04375
20808,3,0.03125
20809,2,0.0375
20810,2,0.0375
20811,1,0.04375
20812,2,0.0375
20813,1,0.04375
20814,1,0.04375
20815,0,0.05
20816,3,0.03125
20817,2,0.0375
20818,2,0.0375
20819,1,0.04375
20820,2,0.0375
20821,1,0.04375
20822,1,0.04375
20823,0,0.05
20824,2,0.0375
20825,1,0.04375
20826,1,0.04375
20827,0,0.05
20828,1,0.04375
20829,0,0.05
20830,0,0.05
20831,1,0.05625
20832,3,0.03125
20833,2,0.0375
20834,2,0.0375
20835,1,0.04375
20836,2,0.0375
20837,1,0.04375
20838,1,0.04375
20839,0,0.05
20840,2,0.0375
20841,1,0.04375
20842,1,0.04375
20843,0,0.05
20844,1,0.04375
20845,0,0.05
20846,0,0.05
20847,1,0.05625
20848,2,0.0375
20849,1,0.04375
20850,1,0.04375
20851,0,0.05
20852,1,0.04375
20853,0,0.05
20854,0,0.05
20855,1,0.05625
20856,1,0.04375
20857,0,0.05
20858,0,0.05
20859,1,0.05625
20860,0,0.05
20861,1,0.05625
20862,1,0.05625
20863,2,0.0625
20864,4,0.025
20865,3,0.03125
20866,3,0.03125
20867,2,0.0375
20868,3,0.03125
20869,2,0.0375
20870,2,0.0375
20871,1,0.04375
20872,3,0.03125
20873,2,0.0375
20874,2,0.0375
20875,1,0.04375
20876,2,0.0375
20877,1,0.04375
20878,1,0.04375
20879,0,0.05
20880,3,0.03125
20881,2,0.0375
20882,2,0.0375
20883,1,0.04375
20884,2,0.0375
20885,1,0.04375
20886,1,0.04375
20887,0,0.05
20888,2,0.0375
20889,1,0.04375
20890,1,0.04375
20891,0,0.05
20892,1,0.04375
20893,0,0.05
20894,0,0.05
20895,1,0.05625
20896,3,0.03125
20897,2,0.0375
20898,2,0.0375
20899,1,0.04375
20900,2,0.0375
20901,1,0.04375
20902,1,0.04375
20903,0,0.05
20904,2,0.0375
20905,1,0.04375
20906,1,0.04375
20907,0,0.05
20908,1,0.04375
20909,0,0.05
20910,0,0.05
20911,1,0.05625
20912,2,0.0375
20913,1,0.04375
20914,1,0.04375
20915,0,0.05
20916,1,0.04375
20917,0,0.05
20918,0,0.05
20919,1,0.05625
20920,1,0.04375
20921,0,0.05
20922,0,0.05
20923,1,0.05625
20924,0,0.05
20925,1,0.05625
20926,1,0.05625
20927,2,0.0625
20928,3,0.03125
20929,2,0.0375
20930,2,0.0375
20931,1,0.04375
20932,2,0.0375
20933,1,0.04375
20934,1,0.04375
20935,0,0.05
20936,2,0.0375
20937,1,0.04375
20938,1,0.04375
20939,0,0.05
20940,1,0.04375
20941,0,0.05
20942,0,0.05
20943,1,0.05625
20944,2,0.0375
20945,1,0.04375
20946,1,0.04375
20947,0,0.05
20948,1,0.04375
20949,0,0.05
20950,0,0.05
20951,1,0.05625
20952,1,0.04375
20953,0,0.05
20954,0,0.05
20955,1,0.05625
20956,0,0.05
20957,1,0.05625
20958,1,0.05625
20959,2,0.0625
20960,2,0.0375
20961,1,0.04375
20962,1,0.04375
20963,0,0.05
20964,1,0.04375
20965,0,0.05
20966,0,0.05
20967,1,0.05625
20968,1,0.04375
20969,0,0.05
20970,0,0.05
20971,1,0.05625
20972,0,0.05
20973,1,0.05625
20974,1,0.05625
20975,2,0.0625
20976,1,0.04375
20977,0,0.05
20978,0,0.05
20979,1,0.05625
20980,0,0.05
20981,1,0.05625
20982,1,0.05625
20983,2,0.0625
20984,0,0.05
20985,1,0.05625
20986,1,0.05625
20987,2,0.0625
20988,1,0.05625
20989,2,0.0625
20990,2,0.0625
20991,3,0.06875
20992,3,0.01875
20993,4,0.025
20994,4,0.025
20995,3,0.03125
20996,4,0.025
20997,3,0.03125
20998,3,0.03125
20999,2,0.0375
21000,4,0.025
21001,3,0.03125
21002,3,0.03125
21003,2,0.0375
21004,3,0.03125
21005,2,0.0375
21006,2,0.0375
21007,1,0.04375
21008,4,0.025
21009,3,0.03125
21010,3,0.03125
21011,2,0.0375
21012,3,0.03125
21013,2,0.0375
21014,2,0.0375
21015,1,0.04375
21016,3,0.03125
21017,2,0.0375
21018,2,0.0375
21019,1,0.04375
21020,2,0.0375
21021,1,0.04375
21022,1,0.04375
21023,0,0.05
21024,4,0.025
21025,3,0.03125
21026,3,0.03125
21027,2,0.0375
21028,3,0.03125
21029,2,0.0375
21030,2,0.0375
21031,1,0.04375
21032,3,0.03125
21033,2,0.0375
21034,2,0.0375
21035,1,0.04375
21036,2,0.0375
21037,1,0.04375
21038,1,0.04375
21039,0,0.05
21040,3,0.03125
21041,2,0.0375
21042,2,0.0375
21043,1,0.04375
21044,2,0.0375
21045,1,0.04375
21046,1,0.04375
21047,0,0.05
21048,2,0.0375
21049,1,0.04375
21050,1,0.04375
21051,0,0.05
21052,1,0.04375
21053,0,0.05
21054,0,0.05
21055,1,0.05625
21056,4,0.025
21057,3,0.03125
21058,3,0.03125
21059,2,0.0375
21060,3,0.03125
21061,2,0.0375
21062,2,0.0375
21063,1,0.04375
21064,3,0.03125
21065,2,0.0375
21066,2,0.0375
21067,1,0.04375
21068,2,0.0375
21069,1,0.04375
21070,1,0.04375
21071,0,0.05
21072,3,0.03125
21073,2,0.0375
21074,2,0.0375
21075,1,0.04375
21076,2,0.0375
21077,1,0.04375
21078,1,0.04375
21079,0,0.05
21080,2,0.0375
21081,1,0.04375
21082,1,0.04375
21083,0,0.05
21084,1,0.04375
21085,0,0.05
21086,0,0.05
21087,1,0.05625
21088,3,0.03125
21089,2,0.0375
21090,2,0.0375
21091,1,0.04375
21092,2,0.0375
21093,1,0.04375
21094,1,0.04375
21095,0,0.05
21096,2,0.0375
21097,1,0.04375
21098,1,0.04375
21099,0,0.05
21100,1,0.04375
21101,0,0.05
21102,0,0.05
21103,1,0.05625
21104,2,0.0375
21105,1,0.04375
21106,1,0.04375
21107,0,0.05
21108,1,0.04375
21109,0,0.05
21110,0,0.05
21111,1,0.05625
21112,1,0.04375
21113,0,0.05
21114,0,0.05
21115,1,0.05625
21116,0,0.05
21117,1,0.05625
21118,1,0.05625
21119,2,0.0625
21120,4,0.025
21121,3,0.03125
21122,3,0.03125
21123,2,0.0375
21124,3,0.03125
21125,2,0.0375
21126,2,0.0375
21127,1,0.04375
21128,3,0.03125
21129,2,0.0375
21130,2,0.0375
21131,1,0.04375
21132,2,0.0375
21133,1,0.04375
21134,1,0.04375
21135,0,0.05
21136,3,0.03125
21137,2,0.0375
21138,2,0.0375
21139,1,0.04375
21140,2,0.0375
21141,1,0.04375
21142,1,0.04375
21143,0,0.05
21144,2,0.0375
21145,1,0.04375
21146,1,0.04375
21147,0,0.05
21148,1,0.04375
21149,0,0.05
21150,0,0.05
21151,1,0.05625
21152,3,0.03125
21153,2,0.0375
21154,2,0.0375
21155,1,0.04375
21156,2,0.0375
21157,1,0.04375
21158,1,0.04375
21159,0,0.05
21160,2,0.0375
21161,1,0.04375
21162,1,0.04375
21163,0,0.05
21164,1,0.04375
21165,0,0.05
21166,0,0.05
21167,1,0.05625
21168,2,0.0375
21169,1,0.04375
21170,1,0.04375
21171,0,0.05
21172,1,0.04375
21173,0,0.05
21174,0,0.05
21175,1,0.05625
21176,1,0.04375
21177,0,0.05
21178,0,0.05
21179,1,0.05625
21180,0,0.05
21181,1,0.05625
21182,1,0.05625
21183,2,0.0625
21184,3,0.03125
21185,2,0.0375
21186,2,0.0375
21187,1,0.04375
21188,2,0.0375
21189,1,0.04375
21190,1,0.04375
21191,0,0.05
21192,2,0.0375
21193,1,0.04375
21194,1,0.04375
21195,0,0.05
21196,1,0.04375
21197,0,0.05
21198,0,0.05
21199,1,0.05625
21200,2,0.0375
21201,1,0.04375
21202,1,0.04375
21203,0,0.05
21204,1,0.04375
21205,0,0.05
21206,0,0.05
21207,1,0.05625
21208,1,0.04375
21209,0,0.05
21210,0,0.05
21211,1,0.05625
21212,0,0.05
21213,1,0.05625
21214,1,0.05625
21215,2,0.0625
21216,2,0.0375
21217,1,0.04375
21218,1,0.04375
21219,0,0.05
21220,1,0.04375
21221,0,0.05
21222,0,0.05
21223,1,0.05625
21224,1,0.04375
21225,0,0.05
21226,0,0.05
21227,1,0.05625
21228,0,0.05
21229,1,0.05625
21230,1,0.05625
21231,2,0.0625
21232,1,0.04375
21233,0,0.05
21234,0,0.05
21235,1,0.05625
21236,0,0.05
21237,1,0.05625
21238,1,0.05625
21239,2,0.0625
21240,0,0.05
21241,1,0.05625
21242,1,0.05625
21243,2,0.0625
21244,1,0.05625
21245,2,0.0625
21246,2,0.0625
21247,3,0.06875
21248,4,0.025
21249,3,0.03125
21250,3,0.03125
21251,2,0.0375
21252,3,0.03125
21253,2,0.0375
21254,2,0.0375
21255,1,0.04375
21256,3,0.03125
21257,2,0.0375
21258,2,0.0375
21259,1,0.04375
21260,2,0.0375
21261,1,0.04375
21262,1,0.04375
21263,0,0.05
21264,3,0.03125
21265,2,0.0375
21266,2,0.0375
21267,1,0.04375
21268,2,0.0375
21269,1,0.04375
21270,1,0.04375
21271,0,0.05
21272,2,0.0375
21273,1,0.04375
21274,1,0.04375
21275,0,0.05
21276,1,0.04375
21277,0,0.05
21278,0,0.05
21279,1,0.05625
21280,3,0.03125
21281,2,0.0375
21282,2,0.0375
21283,1,0.04375
21284,2,0.0375
21285,1,0.04375
21286,1,0.04375
21287,0,0.05
21288,2,0.0375
21289,1,0.04375
21290,1,0.04375
21291,0,0.05
21292,1,0.04375
21293,0,0.05
21294,0,0.05
21295,1,0.05625
21296,2,0.0375
21297,1,0.04375
21298,1,0.04375
21299,0,0.05
21300,1,0.04375
21301,0,0.05
21302,0,0.05
21303,1,0.05625
21304,1,0.04375
21305,0,0.05
21306,0,0.05
21307,1,0.05625
21308,0,0.05
21309,1,0.05625
21310,1,0.05625
21311,2,0.0625
21312,3,0.03125
21313,2,0.0375
21314,2,0.0375
21315,1,0.04375
21316,2,0.0375
21317,1,0.04375
21318,1,0.04375
21319,0,0.05
21320,2,0.0375
21321,1,0.04375
21322,1,0.04375
21323,0,0.05
21324,1,0.04375
21325,0,0.05
21326,0,0.05
21327,1,0.05625
21328,2,0.0375
21329,1,0.04375
21330,1,0.04375
21331,0,0.05
21332,1,0.04375
21333,0,0.05
21334,0,0.05
21335,1,0.05625
21336,1,0.04375
21337,0,0.05
21338,0,0.05
21339,1,0.05625
21340,0,0.05
21341,1,0.05625
21342,1,0.05625
21343,2,0.0625
21344,2,0.0375
21345,1,0.04375
21346,1,0.04375
21347,0,0.05
21348,1,0.04375
21349,0,0.05
21350,0,0.05
21351,1,0.05625
21352,1,0.04375
21353,0,0.05
21354,0,0.05
21355,1,0.05625
21356,0,0.05
21357,1,0.05625
21358,1,0.05625
21359,2,0.0625
21360,1,0.04375
21361,0,0.05
21362,0,0.05
21363,1,0.05625
21364,0,0.05
21365,1,0.05625
21366,1,0.05625
21367,2,0.0625
21368,0,0.05
21369,1,0.05625
21370,1,0.05625
21371,2,0.0625
21372,1,0.05625
21373,2,0.0625
21374,2,0.0625
21375,3,0.06875
21376,3,0.03125
21377,2,0.0375
21378,2,0.0375
21379,1,0.04375
21380,2,0.0375
21381,1,0.04375
21382,1,0.04375
21383,0,0.05
21384,2,0.0375
21385,1,0.04375
21386,1,0.04375
21387,0,0.05
21388,1,0.04375
21389,0,0.05
21390,0,0.05
21391,1,0.05625
21392,2,0.0375
21393,1,0.04375
21394,1,0.04375
21395,0,0.05
21396,1,0.04375
21397,0,0.05
21398,0,0.05
21399,1,0.05625
21400,1,0.04375
21401,0,0.05
21402,0,0.05
21403,1,0.05625
21404,0,0.05
21405,1,0.05625
21406,1,0.05625
21407,2,0.0625
21408,2,0.0375
21409,1,0.04375
21410,1,0.04375
21411,0,0.05
21412,1,0.04375
21413,0,0.05
21414,0,0.05
21415,1,0.05625
21416,1,0.04375
21417,0,0.05
21418,0,0.05
21419,1,0.05625
21420,0,0.05
21421,1,0.05625
21422,1,0.05625
21423,2,0.0625
21424,1,0.04375
21425,0,0.05
21426,0,0.05
21427,1,0.05625
21428,0,0.05
21429,1,0.05625
21430,1,0.05625
21431,2,0.0625
21432,0,0.05
21433,1,0.05625
21434,1,0.05625
21435,2,0.0625
21436,1,0.05625
21437,2,0.0625
21438,2,0.0625
21439,3,0.06875
21440,2,0.0375
21441,1,0.04375
21442,1,0.04375
21443,0,0.05
21444,1,0.04375
21445,0,0.05
21446,0,0.05
21447,1,0.05625
21448,1,0.04375
21449,0,0.05
21450,0,0.05
21451,1,0.05625
21452,0,0.05
21453,1,0.05625
21454,1,0.05625
21455,2,0.0625
21456,1,0.04375
21457,0,0.05
21458,0,0.05
21459,1,0.05625
21460,0,0.05
21461,1,0.05625
21462,1,0.05625
21463,2,0.0625
21464,0,0.05
21465,1,0.05625
21466,1,0.05625
21467,2,0.0625
21468,1,0.05625
21469,2,0.0625
21470,2,0.0625
21471,3,0.06875
21472,1,0.04375
21473,0,0.05
21474,0,0.05
21475,1,0.05625
21476,0,0.05
21477,1,0.05625
21478,1,0.05625
21479,2,0.0625
21480,0,0.05
21481,1,0.05625
21482,1,0.05625
21483,2,0.0625
21484,1,0.05625
21485,2,0.0625
21486,2,0.0625
21487,3,0.06875
21488,0,0.05
21489,1,0.05625
21490,1,0.05625
21491,2,0.0625
21492,1,0.05625
21493,2,0.0625
21494,2,0.0625
21495,3,0.06875
21496,1,0.05625
21497,2,0.0625
21498,2,0.0625
21499,3,0.06875
21500,2,0.0625
21501,3,0.06875
21502,3,0.06875
21503,4,0.075
21504,3,0.01875
21505,4,0.025
21506,4,0.025
21507,3,0.03125
21508,4,0.025
21509,3,0.03125
21510,3,0.03125
21511,2,0.0375
21512,4,0.025
21513,3,0.03125
21514,3,0.03125
21515,2,0.0375
21516,3,0.03125
21517,2,0.0375
21518,2,0.0375
21519,1,0.04375
21520,4,0.025
21521,3,0.03125
21522,3,0.03125
21523,2,0.0375
21524,3,0.03125
21525,2,0.0375
21526,2,0.0375
21527,1,0.04375
21528,3,0.03125
21529,2,0.0375
21530,2,0.0375
21531,1,0.04375
21532,2,0.0375
21533,1,0.04375
21534,1,0.04375
21535,0,0.05
21536,4,0.025
21537,3,0.03125
21538,3,0.03125
21539,2,0.0375
21540,3,0.03125
21541,2,0.0375
21542,2,0.0375
21543,1,0.04375
21544,3,0.03125
21545,2,0.0375
21546,2,0.0375
21547,1,0.04375
21548,2,0.0375
21549,1,0.04375
21550,1,0.04375
21551,0,0.05
21552,3,0.03125
21553,2,0.0375
21554,2,0.0375
21555,1,0.04375
21556,2,0.0375
21557,1,0.04375
21558,1,0.04375
21559,0,0.05
21560,2,0.0375
21561,1,0.04375
21562,1,0.04375
21563,0,0.05
21564,1,0.04375
21565,0,0.05
21566,0,0.05
21567,1,0.05625
21568,4,0.025
21569,3,0.03125
21570,3,0.03125
21571,2,0.0375
21572,3,0.03125
21573,2,0.0375
21574,2,0.0375
21575,1,0.04375
21576,3,0.03125
21577,2,0.0375
21578,2,0.0375
21579,1,0.04375
21580,2,0.0375
21581,1,0.04375
21582,1,0.04375
21583,0,0.05
21584,3,0.03125
21585,2,0.0375
21586,2,0.0375
21587,1,0.04375
21588,2,0.0375
21589,1,0.04375
21590,1,0.04375
21591,0,0.05
21592,2,0.0375
21593,1,0.04375
21594,1,0.04375
21595,0,0.05
21596,1,0.04375
21597,0,0.05
21598,0,0.05
21599,1,0.05625
21600,3,0.03125
21601,2,0.0375
21602,2,0.0375
21603,1,0.04375
21604,2,0.0375
21605,1,0.04375
21606,1,0.04375
21607,0,0.05
21608,2,0.0375
21609,1,0.04375
21610,1,0.04375
21611,0,0.05
21612,1,0.04375
21613,0,0.05
21614,0,0.05
21615,1,0.05625
21616,2,0.0375
21617,1,0.04375
21618,1,0.04375
21619,0,0.05
21620,1,0.04375
21621,0,0.05
21622,0,0.05
21623,1,0.05625
21624,1,0.04375
21625,0,0.05
21626,0,0.05
21627,1,0.05625
21628,0,0.05
21629,1,0.05625
21630,1,0.05625
21631,2,0.0625
21632,4,0.025
21633,3,0.03125
21634,3,0.03125
21635,2,0.0375
21636,3,0.03125
21637,2,0.0375
21638,2,0.0375
21639,1,0.04375
21640,3,0.03125
21641,2,0.0375
21642,2,0.0375
21643,1,0.04375
21644,2,0.0375
21645,1,0.04375
21646,1,0.04375
21647,0,0.05
21648,3,0.03125
21649,2,0.0375
21650,2,0.0375
21651,1,0.04375
21652,2,0.0375
21653,1,0.04375
21654,1,0.04375
21655,0,0.05
21656,2,0.0375
21657,1,0.04375
21658,1,0.04375
21659,0,0.05
21660,1,0.04375
21661,0,0.05
21662,0,0.05
21663,1,0.05625
21664,3,0.03125
21665,2,0.0375
21666,2,0.0375
21667,1,0.04375
21668,2,0.0375
21669,1,0.04375
21670,1,0.04375
21671,0,0.05
21672,2,0.0375
21673,1,0.04375
21674,1,0.04375
21675,0,0.05
21676,1,0.04375
21677,0,0.05
21678,0,0.05
21679,1,0.05625
21680,2,0.0375
21681,1,0.04375
21682,1,0.04375
21683,0,0.05
21684,1,0.04375
21685,0,0.05
21686,0,0.05
21687,1,0.05625
21688,1,0.04375
21689,0,0.05
21690,0,0.05
21691,1,0.05625
21692,0,0.05
21693,1,0.05625
21694,1,0.05625
21695,2,0.0625
21696,3,0.03125
21697,2,0.0375
21698,2,0.0375
21699,1,0.04375
21700,2,0.0375
21701,1,0.04375
21702,1,0.04375
21703,0,0.05
21704,2,0.0375
21705,1,0.04375
21706,1,0.04375
21707,0,0.05
21708,1,0.04375
21709,0,0.05
21710,0,0.05
21711,1,0.05625
21712,2,0.0375
21713,1,0.04375
21714,1,0.04375
21715,0,0.05
21716,1,0.04375
21717,0,0.05
21718,0,0.05
21719,1,0.05625
21720,1,0.04375
21721,0,0.05
21722,0,0.05
21723,1,0.05625
21724,0,0.05
21725,1,0.05625
21726,1,0.05625
21727,2,0.0625
21728,2,0.0375
21729,1,0.04375
21730,1,0.04375
21731,0,0.05
21732,1,0.04375
21733,0,0.05
21734,0,0.05
21735,1,0.05625
21736,1,0.04375
21737,0,0.05
21738,0,0.05
21739,1,0.05625
21740,0,0.05
21741,1,0.05625
21742,1,0.05625
21743,2,0.0625
21744,1,0.04375
21745,0,0.05
21746,0,0.05
21747,1,0.05625
21748,0,0.05
21749,1,0.05625
21750,1,0.05625
21751,2,0.0625
21752,0,0.05
21753,1,0.05625
21754,1,0.05625
21755,2,0.0625
21756,1,0.05625
21757,2,0.0625
21758,2,0.0625
21759,3,0.06875
21760,4,0.025
21761,3,0.03125
21762,3,0.03125
21763,2,0.0375
21764,3,0.03125
21765,2,0.0375
21766,2,0.0375
21767,1,0.04375
21768,3,0.03125
21769,2,0.0375
21770,2,0.0375
21771,1,0.04375
21772,2,0.0375
21773,1,0.04375
21774,1,0.04375
21775,0,0.05
21776,3,0.03125
21777,2,0.0375
21778,2,0.0375
21779,1,0.04375
21780,2,0.0375
21781,1,0.04375
21782,1,0.04375
21783,0,0.05
21784,2,0.0375
21785,1,0.04375
21786,1,0.04375
21787,0,0.05
21788,1,0.04375
21789,0,0.05
21790,0,0.05
21791,1,0.05625
21792,3,0.03125
21793,2,0.0375
21794,2,0.0375
21795,1,0.04375
21796,2,0.0375
21797,1,0.04375
21798,1,0.04375
21799,0,0.05
21800,2,0.0375
21801,1,0.04375
21802,1,0.04375
21803,0,0.05
21804,1,0.04375
21805,0,0.05
21806,0,0.05
21807,1,0.05625
21808,2,0.0375
21809,1,0.04375
21810,1,0.04375
21811,0,0.05
21812,1,0.04375
21813,0,0.05
21814,0,0.05
21815,1,0.05625
21816,1,0.04375
21817,0,0.05
21818,0,0.05
21819,1,0.05625
21820,0,0.05
21821,1,0.05625
21822,1,0.05625
21823,2,0.0625
21824,3,0.03125
21825,2,0.0375
21826,2,0.0375
21827,1,0.04375
21828,2,0.0375
21829,1,0.04375
21830,1,0.04375
21831,0,0.05
21832,2,0.0375
21833,1,0.04375
21834,1,0.04375
21835,0,0.05
21836,1,0.04375
21837,0,0.05
21838,0,0.05
21839,1,0.05625
21840,2,0.0375
21841,1,0.04375
21842,1,0.04375
21843,0,0.05
21844,1,0.04375
21845,0,0.05
21846,0,0.05
21847,1,0.05625
21848,1,0.04375
21849,0,0.05
21850,0,0.05
21851,1,0.05625
21852,0,0.05
21853,1,0.05625
21854,1,0.05625
21855,2,0.0625
21856,2,0.0375
21857,1,0.04375
21858,1,0.04375
21859,0,0.05
21860,1,0.04375
21861,0,0.05
21862,0,0.05
21863,1,0.05625
21864,1,0.04375
21865,0,0.05
21866,0,0.05
21867,1,0.05625
21868,0,0.05
21869,1,0.05625
21870,1,0.05625
21871,2,0.0625
21872,1,0.04375
21873,0,0.05
21874,0,0.05
21875,1,0.05625
21876,0,0.05
21877,1,0.05625
21878,1,0.05625
21879,2,0.0625
21880,0,0.05
21881,1,0.05625
21882,1,0.05625
21883,2,0.0625
21884,1,0.05625
21885,2,0.0625
21886,2,0.0625
21887,3,0.06875
21888,3,0.03125
21889,2,0.0375
21890,2,0.0375
21891,1,0.04375
21892,2,0.0375
21893,1,0.04375
21894,1,0.04375
21895,0,0.05
21896,2,0.0375
21897,1,0.04375
21898,1,0.04375
21899,0,0.05
21900,1,0.04375
21901,0,0.05
21902,0,0.05
21903,1,0.05625
21904,2,0.0375
21905,1,0.04375
21906,1,0.04375
21907,0,0.05
21908,1,0.04375
21909,0,0.05
21910,0,0.05
21911,1,0.05625
21912,1,0.04375
21913,0,0.05
21914,0,0.05
21915,1,0.05625
21916,0,0.05
21917,1,0.05625
21918,1,0.05625
21919,2,0.0625
21920,2,0.0375
21921,1,0.04375
21922,1,0.04375
21923,0,0.05
21924,1,0.04375
21925,0,0.05
21926,0,0.05
21927,1,0.05625
21928,1,0.04375
21929,0,0.05
21930,0,0.05
21931,1,0.05625
21932,0,0.05
21933,1,0.05625
21934,1,0.05625
21935,2,0.0625
21936,1,0.04375
21937,0,0.05
21938,0,0.05
21939,1,0.05625
21940,0,0.05
21941,1,0.05625
21942,1,0.05625
21943,2,0.0625
21944,0,0.05
21945,1,0.05625
21946,1,0.05625
21947,2,0.0625
21948,1,0.05625
21949,2,0.0625
21950,2,0.0625
21951,3,0.06875
21952,2,0.0375
21953,1,0.04375
21954,1,0.04375
21955,0,0.05
21956,1,0.04375
21957,0,0.05
21958,0,0.05
21959,1,0.05625
21960,1,0.04375
21961,0,0.05
21962,0,0.05
21963,1,0.05625
21964,0,0.05
21965,1,0.05625
21966,1,0.05625
21967,2,0.0625
21968,1,0.04375
21969,0,0.05
21970,0,0.05
21971,1,0.05625
21972,0,0.05
21973,1,0.05625
21974,1,0.05625
21975,2,0.0625
21976,0,0.05
21977,1,0.05625
21978,1,0.05625
21979,2,0.0625
21980,1,0.05625
21981,2,0.0625
21982,2,0.0625
21983,3,0.06875
21984,1,0.04375
21985,0,0.05
21986,0,0.05
21987,1,0.05625
21988,0,0.05
21989,1,0.05625
21990,1,0.05625
21991,2,0.0625
21992,0,0.05
21993,1,0.05625
21994,1,0.05625
21995,2,0.0625
21996,1,0.05625
21997,2,0.0625
21998,2,0.0625
21999,3,0.06875
22000,0,0.05
22001,1,0.05625
22002,1,0.05625
22003,2,0.0625
22004,1,0.05625
22005,2,0.0625
22006,2,0.0625
22007,3,0.06875
22008,1,0.05625
22009,2,0.0625
22010,2,0.0625
22011,3,0.06875
22012,2,0.0625
22013,3,0.06875
22014,3,0.06875
22015,4,0.075
22016,4,0.025
22017,3,0.03125
22018,3,0.03125
22019,2,0.0375
22020,3,0.03125
22021,2,0.0375
22022,2,0.0375
22023,1,0.04375
22024,3,0.03125
22025,2,0.0375
22026,2,0.0375
22027,1,0.04375
22028,2,0.0375
22029,1,0.04375
22030,1,0.04375
22031,0,0.05
22032,3,0.03125
22033,2,0.0375
22034,2,0.0375
22035,1,0.04375
22036,2,0.0375
22037,1,0.04375
22038,1,0.04375
22039,0,0.05
22040,2,0.0375
22041,1,0.04375
22042,1,0.04375
22043,0,0.05
22044,1,0.04375
22045,0,0.05
22046,0,0.05
22047,1,0.05625
22048,3,0.03125
22049,2,0.0375
22050,2,0.0375
22051,1,0.04375
22052,2,0.0375
22053,1,0.04375
22054,1,0.04375
22055,0,0.05
22056,2,0.0375
22057,1,0.04375
22058,1,0.04375
22059,0,0.05
22060,1,0.04375
22061,0,0.05
22062,0,0.05
22063,1,0.05625
22064,2,0.0375
22065,1,0.04375
22066,1,0.04375
22067,0,0.05
22068,1,0.04375
22069,0,0.05
22070,0,0.05
22071,1,0.05625
22072,1,0.04375
22073,0,0.05
22074,0,0.05
22075,1,0.05625
22076,0,0.05
22077,1,0.05625
22078,1,0.05625
22079,2,0.0625
22080,3,0.03125
22081,2,0.0375
22082,2,0.0375
22083,1,0.04375
22084,2,0.0375
22085,1,0.04375
22086,1,0.04375
22087,0,0.05
22088,2,0.0375
22089,1,0.04375
22090,1,0.04375
22091,0,0.05
22092,1,0.04375
22093,0,0.05
22094,0,0.05
22095,1,0.05625
22096,2,0.0375
22097,1,0.04375
22098,1,0.04375
22099,0,0.05
22100,1,0.04375
22101,0,0.05
22102,0,0.05
22103,1,0.05625
22104,1,0.04375
22105,0,0.05
22106,0,0.05
22107,1,0.05625
22108,0,0.05
22109,1,0.05625
22110,1,0.05625
22111,2,0.0625
22112,2,0.0375
22113,1,0.04375
22114,1,0.04375
22115,0,0.05
22116,1,0.04375
22117,0,0.05
22118,0,0.05
22119,1,0.05625
22120,1,0.04375
22121,0,0.05
22122,0,0.05
22123,1,0.05625
22124,0,0.05
22125,1,0.05625
22126,1,0.05625
22127,2,0.0625
22128,1,0.04375
22129,0,0.05
22130,0,0.05
22131,1,0.05625
22132,0,0.05
22133,1,0.05625
22134,1,0.05625
22135,2,0.0625
22136,0,0.05
22137,1,0.05625
22138,1,0.05625
22139,2,0.0625
22140,1,0.05625
22141,2,0.0625
22142,2,0.0625
22143,3,0.06875
22144,3,0.03125
22145,2,0.0375
22146,2,0.0375
22147,1,0.04375
22148,2,0.0375
22149,1,0.04375
22150,1,0.04375
22151,0,0.05
22152,2,0.0375
22153,1,0.04375
22154,1,0.04375
22155,0,0.05
22156,1,0.04375
22157,0,0.05
22158,0,0.05
22159,1,0.05625
22160,2,0.0375
22161,1,0.04375
22162,1,0.04375
22163,0,0.05
22164,1,0.04375
22165,0,0.05
22166,0,0.05
22167,1,0.05625
22168,1,0.04375
22169,0,0.05
22170,0,0.05
22171,1,0.05625
22172,0,0.05
22173,1,0.05625
22174,1,0.05625
22175,2,0.0625
22176,2,0.0375
22177,1,0.04375
22178,1,0.04375
22179,0,0.05
22180,1,0.04375
22181,0,0.05
22182,0,0.05
22183,1,0.05625
22184,1,0.04375
22185,0,0.05
22186,0,0.05
22187,1,0.05625
22188,0,0.05
22189,1,0.05625
22190,1,0.05625
22191,2,0.0625
22192,1,0.04375
22193,0,0.05
22194,0,0.05
22195,1,0.05625
22196,0,0.05
22197,1,0.05625
22198,1,0.05625
22199,2,0.0625
22200,0,0.05
22201,1,0.05625
22202,1,0.05625
22203,2,0.0625
22204,1,0.05625
22205,2,0.0625
22206,2,0.0625
22207,3,0.06875
22208,2,0.0375
22209,1,0.04375
22210,1,0.04375
22211,0,0.05
22212,1,0.04375
22213,0,0.05
22214,0,0.05
22215,1,0.05625
22216,1,0.04375
22217,0,0.05
22218,0,0.05
22219,1,0.05625
22220,0,0.05
22221,1,0.05625
22222,1,0.05625
22223,2,0.0625
22224,1,0.04375
22225,0,0.05
22226,0,0.05
22227,1,0.05625
22228,0,0.05
22229,1,0.05625
22230,1,0.05625
22231,2,0.0625
22232,0,0.05
22233,1,0.05625
22234,1,0.05625
22235,2,0.0625
22236,1,0.05625
22237,2,0.0625
22238,2,0.0625
22239,3,0.06875
22240,1,0.04375
22241,0,0.05
22242,0,0.05
22243,1,0.05625
22244,0,0.05
22245,1,0.05625
22246,1,0.05625
22247,2,0.0625
22248,0,0.05
22249,1,0.05625
22250,1,0.05625
22251,2,0.0625
22252,1,0.05625
22253,2,0.0625
22254,2,0.0625
22255,3,0.06875
22256,0,0.05
22257,1,0.05625
22258,1,0.05625
22259,2,0.0625
22260,1,0.05625
22261,2,0.0625
22262,2,0.0625
22263,3,0.06875
22264,1,0.05625
22265,2,0.0625
22266,2,0.0625
22267,3,0.06875
22268,2,0.0625
22269,3,0.06875
22270,3,0.06875
22271,4,0.075
22272,3,0.03125
22273,2,0.0375
22274,2,0.0375
22275,1,0.04375
22276,2,0.0375
22277,1,0.04375
22278,1,0.04375
22279,0,0.05
22280,2,0.0375
22281,1,0.04375
22282,1,0.04375
22283,0,0.05
22284,1,0.04375
22285,0,0.05
22286,0,0.05
22287,1,0.05625
22288,2,0.0375
22289,1,0.04375
22290,1,0.04375
22291,0,0.05
22292,1,0.04375
22293,0,0.05
22294,0,0.05
22295,1,0.05625
22296,1,0.04375
22297,0,0.05
22298,0,0.05
22299,1,0.05625
22300,0,0.05
22301,1,0.05625
22302,1,0.05625
22303,2,0.0625
22304,2,0.0375
22305,1,0.04375
22306,1,0.04375
22307,0,0.05
22308,1,0.04375
22309,0,0.05
22310,0,0.05
22311,1,0.05625
22312,1,0.04375
22313,0,0.05
22314,0,0.05
22315,1,0.05625
22316,0,0.05
22317,1,0.05625
22318,1,0.05625
22319,2,0.0625
22320,1,0.04375
22321,0,0.05
22322,0,0.05
22323,1,0.05625
22324,0,0.05
22325,1,0.05625
22326,1,0.05625
22327,2,0.0625
22328,0,0.05
22329,1,0.05625
22330,1,0.05625
22331,2,0.0625
22332,1,0.05625
22333,2,0.0625
22334,2,0.0625
22335,3,0.06875
22336,2,0.0375
22337,1,0.04375
22338,1,0.04375
22339,0,0.05
22340,1,0.04375
22341,0,0.05
22342,0,0.05
22343,1,0.05625
22344,1,0.04375
22345,0,0.05
22346,0,0.05
22347,1,0.05625
22348,0,0.05
22349,1,0.05625
22350,1,0.05625
22351,2,0.0625
22352,1,0.04375
22353,0,0.05
22354,0,0.05
22355,1,0.05625
22356,0,0.05
22357,1,0.05625
22358,1,0.05625
22359,2,0.0625
22360,0,0.05
22361,1,0.05625
22362,1,0.05625
22363,2,0.0625
22364,1,0.05625
22365,2,0.0625
22366,2,0.0625
22367,3,0.06875
22368,1,0.04375
22369,0,0.05
22370,0,0.05
22371,1,0.05625
22372,0,0.05
22373,1,0.05625
22374,1,0.05625
22375,2,0.0625
22376,0,0.05
22377,1,0.05625
22378,1,0.05625
22379,2,0.0625
22380,1,0.05625
22381,2,0.0625
22382,2,0.0625
22383,3,0.06875
22384,0,0.05
22385,1,0.05625
22386,1,0.05625
22387,2,0.0625
22388,1,0.05625
22389,2,0.0625
22390,2,0.0625
22391,3,0.06875
22392,1,0.05625
22393,2,0.0625
22394,2,0.0625
22395,3,0.06875
22396,2,0.0625
22397,3,0.06875
22398,3,0.06875
22399,4,0.075
22400,2,0.0375
22401,1,0.04375
22402,1,0.04375
22403,0,0.05
22404,1,0.04375
22405,0,0.05
22406,0,0.05
22407,1,0.05625
22408,1,0.04375
22409,0,0.05
22410,0,0.05
22411,1,0.05625
22412,0,0.05
22413,1,0.05625
22414,1,0.05625
22415,2,0.0625
22416,1,0.04375
22417,0,0.05
22418,0,0.05
22419,1,0.05625
22420,0,0.05
22421,1,0.05625
22422,1,0.05625
22423,2,0.0625
22424,0,0.05
22425,1,0.05625
22426,1,0.05625
22427,2,0.0625
22428,1,0.05625
22429,2,0.0625
22430,2,0.0625
22431,3,0.06875
22432,1,0.04375
22433,0,0.05
22434,0,0.05
22435,1,0.05625
22436,0,0.05
22437,1,0.05625
22438,1,0.05625
22439,2,0.0625
22440,0,0.05
22441,1,0.05625
22442,1,0.05625
22443,2,0.0625
22444,1,0.05625
22445,2,0.0625
22446,2,0.0625
22447,3,0.06875
22448,0,0.05
22449,1,0.05625
22450,1,0.05625
22451,2,0.0625
22452,1,0.05625
22453,2,0.0625
22454,2,0.0625
22455,3,0.06875
22456,1,0.05625
22457,2,0.0625
22458,2,0.0625
22459,3,0.06875
22460,2,0.0625
22461,3,0.06875
22462,3,0.06875
22463,4,0.075
22464,1,0.04375
22465,0,0.05
22466,0,0.05
22467,1,0.05625
22468,0,0.05
22469,1,0.05625
22470,1,0.05625
22471,2,0.0625
22472,0,0.05
22473,1,0.05625
22474,1,0.05625
22475,2,0.0625
22476,1,0.05625
22477,2,0.0625
22478,2,0.0625
22479,3,0.06875
22480,0,0.05
22481,1,0.05625
22482,1,0.05625
22483,2,0.0625
22484,1,0.05625
22485,2,0.0625
22486,2,0.0625
22487,3,0.06875
22488,1,0.05625
22489,2,0.0625
22490,2,0.0625
22491,3,0.06875
22492,2,0.0625
22493,3,0.06875
22494,3,0.06875
22495,4,0.075
22496,0,0.05
22497,1,0.05625
22498,1,0.05625
22499,2,0.0625
22500,1,0.05625
22501,2,0.0625
22502,2,0.0625
22503,3,0.06875
22504,1,0.05625
22505,2,0.0625
22506,2,0.0625
22507,3,0.06875
22508,2,0.0625
22509,3,0.06875
22510,3,0.06875
22511,4,0.075
22512,1,0.05625
22513,2,0.0625
22514,2,0.0625
22515,3,0.06875
22516,2,0.0625
22517,3,0.06875
22518,3,0.06875
22519,4,0.075
22520,2,0.0625
22521,3,0.06875
22522,3,0.06875
22523,4,0.075
22524,3,0.06875
22525,4,0.075
22526,4,0.075
22527,3,0.08125
22528,3,0.01875
22529,4,0.025
22530,4,0.025
22531,3,0.03125
22532,4,0.025
22533,3,0.03125
22534,3,0.03125
22535,2,0.0375
22536,4,0.025
22537,3,0.03125
22538,3,0.03125
22539,2,0.0375
22540,3,0.03125
22541,2,0.0375
22542,2,0.0375
22543,1,0.04375
22544,4,0.025
22545,3,0.03125
22546,3,0.03125
22547,2,0.0375
22548,3,0.03125
22549,2,0.0375
22550,2,0.0375
22551,1,0.04375
22552,3,0.03125
22553,2,0.0375
22554,2,0.0375
22555,1,0.04375
22556,2,0.0375
22557,1,0.04375
22558,1,0.04375
22559,0,0.05
22560,4,0.025
22561,3,0.03125
22562,3,0.03125
22563,2,0.0375
22564,3,0.03125
22565,2,0.0375
22566,2,0.0375
22567,1,0.04375
22568,3,0.03125
22569,2,0.0375
22570,2,0.0375
22571,1,0.04375
22572,2,0.0375
22573,1,0.04375
22574,1,0.04375
22575,0,0.05
22576,3,0.03125
22577,2,0.0375
22578,2,0.0375
22579,1,0.04375
22580,2,0.0375
22581,1,0.04375
22582,1,0.04375
22583,0,0.05
22584,2,0.0375
22585,1,0.04375
22586,1,0.04375
22587,0,0.05
22588,1,0.04375
22589,0,0.05
22590,0,0.05
22591,1,0.05625
22592,4,0.025
22593,3,0.03125
22594,3,0.03125
22595,2,0.0375
22596,3,0.03125
22597,2,0.0375
22598,2,0.0375
22599,1,0.04375
22600,3,0.03125
22601,2,0.0375
22602,2,0.0375
22603,1,0.04375
22604,2,0.0375
22605,1,0.04375
22606,1,0.04375
22607,0,0.05
22608,3,0.03125
22609,2,0.0375
22610,2,0.0375
22611,1,0.04375
22612,2,0.0375
22613,1,0.04375
22614,1,0.04375
22615,0,0.05
22616,2,0.0375
22617,1,0.04375
22618,1,0.04375
22619,0,0.05
22620,1,0.04375
22621,0,0.05
22622,0,0.05
22623,1,0.05625
22624,3,0.03125
22625,2,0.0375
22626,2,0.0375
22627,1,0.04375
22628,2,0.0375
22629,1,0.04375
22630,1,0.04375
22631,0,0.05
22632,2,0.0375
22633,1,0.04375
22634,1,0.04375
22635,0,0.05
22636,1,0.04375
22637,0,0.05
22638,0,0.05
22639,1,0.05625
22640,2,0.0375
22641,1,0.04375
22642,1,0.04375
22643,0,0.05
22644,1,0.04375
22645,0,0.05
22646,0,0.05
22647,1,0.05625
22648,1,0.04375
22649,0,0.05
22650,0,0.05
22651,1,0.05625
22652,0,0.05
22653,1,0.05625
22654,1,0.05625
22655,2,0.0625
22656,4,0.025
22657,3,0.03125
22658,3,0.03125
22659,2,0.0375
22660,3,0.03125
22661,2,0.0375
22662,2,0.0375
22663,1,0.04375
22664,3,0.03125
22665,2,0.0375
22666,2,0.0375
22667,1,0.04375
22668,2,0.0375
22669,1,0.04375
22670,1,0.04375
22671,0,0.05
22672,3,0.03125
22673,2,0.0375
22674,2,0.0375
22675,1,0.04375
22676,2,0.0375
22677,1,0.04375
22678,1,0.04375
22679,0,0.05
22680,2,0.0375
22681,1,0.04375
22682,1,0.04375
22683,0,0.05
22684,1,0.04375
22685,0,0.05
22686,0,0.05
22687,1,0.05625
22688,3,0.03125
22689,2,0.0375
22690,2,0.0375
22691,1,0.04375
22692,2,0.0375
22693,1,0.04375
22694,1,0.04375
22695,0,0.05
22696,2,0.0375
22697,1,0.04375
22698,1,0.04375
22699,0,0.05
22700,1,0.04375
22701,0,0.05
22702,0,0.05
22703,1,0.05625
22704,2,0.0375
22705,1,0.04375
22706,1,0.04375
22707,0,0.05
22708,1,0.04375
22709,0,0.05
22710,0,0.05
22711,1,0.05625
22712,1,0.04375
22713,0,0.05
22714,0,0.05
22715,1,0.05625
22716,0,0.05
22717,1,0.05625
22718,1,0.05625
22719,2,0.0625
22720,3,0.03125
22721,2,0.0375
22722,2,0.0375
22723,1,0.04375
22724,2,0.0375
22725,1,0.04375
22726,1,0.04375
22727,0,0.05
22728,2,0.0375
22729,1,0.04375
22730,1,0.04375
22731,0,0.05
22732,1,0.04375
22733,0,0.05
22734,0,0.05
22735,1,0.05625
22736,2,0.0375
22737,1,0.04375
22738,1,0.04375
22739,0,0.05
22740,1,0.04375
22741,0,0.05
22742,0,0.05
22743,1,0.05625
22744,1,0.04375
22745,0,0.05
22746,0,0.05
22747,1,0.05625
22748,0,0.05
22749,1,0.05625
22750,1,0.05625
22751,2,0.0625
22752,2,0.0375
22753,1,0.04375
22754,1,0.04375
22755,0,0.05
22756,1,0.04375
22757,0,0.05
22758,0,0.05
22759,1,0.05625
22760,1,0.04375
22761,0,0.05
22762,0,0.05
22763,1,0.05625
22764,0,0.05
22765,1,0.05625
22766,1,0.05625
22767,2,0.0625
22768,1,0.04375
22769,0,0.05
22770,0,0.05
22771,1,0.05625
22772,0,0.05
22773,1,0.05625
22774,1,0.05625
22775,2,0.0625
22776,0,0.05
22777,1,0.05625
22778,1,0.05625
22779,2,0.0625
22780,1,0.05625
22781,2,0.0625
22782,2,0.0625
22783,3,0.06875
22784,4,0.025
22785,3,0.03125
22786,3,0.03125
22787,2,0.0375
22788,3,0.03125
22789,2,0.0375
22790,2,0.0375
22791,1,0.04375
22792,3,0.03125
22793,2,0.0375
22794,2,0.0375
22795,1,0.04375
22796,2,0.0375
22797,1,0.04375
22798,1,0.04375
22799,0,0.05
22800,3,0.03125
22801,2,0.0375
22802,2,0.0375
22803,1,0.04375
22804,2,0.0375
22805,1,0.04375
22806,1,0.04375
22807,0,0.05
22808,2,0.0375
22809,1,0.04375
22810,1,0.04375
22811,0,0.05
22812,1,0.04375
22813,0,0.05
22814,0,0.05
22815,1,0.05625
22816,3,0.03125
22817,2,0.0375
22818,2,0.0375
22819,1,0.04375
22820,2,0.0375
22821,1,0.04375
22822,1,0.04375
22823,0,0.05
22824,2,0.0375
22825,1,0.04375
22826,1,0.04375
22827,0,0.05
22828,1,0.04375
22829,0,0.05
22830,0,0.05
22831,1,0.05625
22832,2,0.0375
22833,1,0.04375
22834,1,0.04375
22835,0,0.05
22836,1,0.04375
22837,0,0.05
22838,0,0.05
22839,1,0.05625
22840,1,0.04375
22841,0,0.05
22842,0,0.05
22843,1,0.05625
22844,0,0.05
22845,1,0.05625
22846,1,0.05625
22847,2,0.0625
22848,3,0.03125
22849,2,0.0375
22850,2,0.0375
22851,1,0.04375
22852,2,0.0375
22853,1,0.04375
22854,1,0.04375
22855,0,0.05
22856,2,0.0375
22857,1,0.04375
22858,1,0.04375
22859,0,0.05
22860,1,0.04375
22861,0,0.05
22862,0,0.05
22863,1,0.05625
22864,2,0.0375
22865,1,0.04375
22866,1,0.04375
22867,0,0.05
22868,1,0.04375
22869,0,0.05
22870,0,0.05
22871,1,0.05625
22872,1,0.04375
22873,0,0.05
22874,0,0.05
22875,1,0.05625
22876,0,0.05
22877,1,0.05625
22878,1,0.05625
22879,2,0.0625
22880,2,0.0375
22881,1,0.04375
22882,1,0.04375
22883,0,0.05
22884,1,0.04375
22885,0,0.05
22886,0,0.05
22887,1,0.05625
22888,1,0.04375
22889,0,0.05
22890,0,0.05
22891,1,0.05625
22892,0,0.05
22893,1,0.05625
22894,1,0.05625
22895,2,0.0625
22896,1,0.04375
22897,0,0.05
22898,0,0.05
22899,1,0.05625
22900,0,0.05
22901,1,0.05625
22902,1,0.05625
22903,2,0.0625
22904,0,0.05
22905,1,0.05625
22906,1,0.05625
22907,2,0.0625
22908,1,0.05625
22909,2,0.0625
22910,2,0.0625
22911,3,0.06875
22912,3,0.03125
22913,2,0.0375
22914,2,0.0375
22915,1,0.04375
22916,2,0.0375
22917,1,0.04375
22918,1,0.04375
22919,0,0.05
22920,2,0.0375
22921,1,0.04375
22922,1,0.04375
22923,0,0.05
22924,1,0.04375
22925,0,0.05
22926,0,0.05
22927,1,0.05625
22928,2,0.0375
22929,1,0.04375
22930,1,0.04375
22931,0,0.05
22932,1,0.04375
22933,0,0.05
22934,0,0.05
22935,1,0.05625
22936,1,0.04375
22937,0,0.05
22938,0,0.05
22939,1,0.05625
22940,0,0.05
22941,1,0.05625
22942,1,0.05625
22943,2,0.0625
22944,2,0.0375
22945,1,0.04375
22946,1,0.04375
22947,0,0.05
22948,1,0.04375
22949,0,0.05
22950,0,0.05
22951,1,0.05625
22952,1,0.04375
22953,0,0.05
22954,0,0.05
22955,1,0.05625
22956,0,0.05
22957,1,0.05625
22958,1,0.05625
22959,2,0.0625
22960,1,0.04375
22961,0,0.05
22962,0,0.05
22963,1,0.05625
22964,0,0.05
22965,1,0.05625
22966,1,0.05625
22967,2,0.0625
22968,0,0.05
22969,1,0.05625
22970,1,0.05625
22971,2,0.0625
22972,1,0.05625
22973,2,0.0625
22974,2,0.0625
22975,3,0.06875
22976,2,0.0375
22977,1,0.04375
22978,1,0.04375
22979,0,0.05
22980,1,0.04375
22981,0,0.05
22982,0,0.05
22983,1,0.05625
22984,1,0.04375
22985,0,0.05
22986,0,0.05
22987,1,0.05625
22988,0,0.05
22989,1,0.05625
22990,1,0.05625
22991,2,0.0625
22992,1,0.04375
22993,0,0.05
22994,0,0.05
22995,1,0.05625
22996,0,0.05
22997,1,0.05625
22998,1,0.05625
22999,2,0.0625
23000,0,0.05
23001,1,0.05625
23002,1,0.05625
23003,2,0.0625
23004,1,0.05625
23005,2,0.0625
23006,2,0.0625
23007,3,0.06875
23008,1,0.04375
23009,0,0.05
23010,0,0.05
23011,1,0.05625
23012,0,0.05
23013,1,0.05625
23014,1,0.05625
23015,2,0.0625
23016,0,0.05
23017,1,0.05625
23018,1,0.05625
23019,2,0.0625
23020,1,0.05625
23021,2,0.0625
23022,2,0.0625
23023,3,0.06875
23024,0,0.05
23025,1,0.05625
23026,1,0.05625
23027,2,0.0625
23028,1,0.05625
23029,2,0.0625
23030,2,0.0625
23031,3,0.06875
23032,1,0.05625
23033,2,0.0625
23034,2,0.0625
23035,3,0.06875
23036,2,0.0625
23037,3,0.06875
23038,3,0.06875
23039,4,0.075
23040,4,0.025
23041,3,0.03125
23042,3,0.03125
23043,2,0.0375
23044,3,0.03125
23045,2,0.0375
23046,2,0.0375
23047,1,0.04375
23048,3,0.03125
23049,2,0.0375
23050,2,0.0375
23051,1,0.04375
23052,2,0.0375
23053,1,0.04375
23054,1,0.04375
23055,0,0.05
23056,3,0.03125
23057,2,0.0375
23058,2,0.0375
23059,1,0.04375
23060,2,0.0375
23061,1,0.04375
23062,1,0.04375
23063,0,0.05
23064,2,0.0375
23065,1,0.04375
23066,1,0.04375
23067,0,0.05
23068,1,0.04375
23069,0,0.05
23070,0,0.05
23071,1,0.05625
23072,3,0.03125
23073,2,0.0375
23074,2,0.0375
23075,1,0.04375
23076,2,0.0375
23077,1,0.04375
23078,1,0.04375
23079,0,0.05
23080,2,0.0375
23081,1,0.04375
23082,1,0.04375
23083,0,0.05
23084,1,0.04375
23085,0,0.05
23086,0,0.05
23087,1,0.05625
23088,2,0.0375
23089,1,0.04375
23090,1,0.04375
23091,0,0.05
23092,1,0.04375
23093,0,0.05
23094,0,0.05
23095,1,0.05625
23096,1,0.04375
23097,0,0.05
23098,0,0.05
23099,1,0.05625
23100,0,0.05
23101,1,0.05625
23102,1,0.05625
23103,2,0.0625
23104,3,0.03125
23105,2,0.0375
23106,2,0.0375
23107,1,0.04375
23108,2,0.0375
23109,1,0.04375
23110,1,0.04375
23111,0,0.05
23112,2,0.0375
23113,1,0.04375
23114,1,0.04375
23115,0,0.05
23116,1,0.04375
23117,0,0.05
23118,0,0.05
23119,1,0.05625
23120,2,0.0375
23121,1,0.04375
23122,1,0.04375
23123,0,0.05
23124,1,0.04375
23125,0,0.05
23126,0,0.05
23127,1,0.05625
23128,1,0.04375
23129,0,0.05
23130,0,0.05
23131,1,0.05625
23132,0,0.05
23133,1,0.05625
23134,1,0.05625
23135,2,0.0625
23136,2,0.0375
23137,1,0.04375
23138,1,0.04375
23139,0,0.05
23140,1,0.04375
23141,0,0.05
23142,0,0.05
23143,1,0.05625
23144,1,0.04375
23145,0,0.05
23146,0,0.05
23147,1,0.05625
23148,0,0.05
23149,1,0.05625
23150,1,0.05625
23151,2,0.0625
23152,1,0.04375
23153,0,0.05
23154,0,0.05
23155,1,0.05625
23156,0,0.05
23157,1,0.05625
23158,1,0.05625
23159,2,0.0625
23160,0,0.05
23161,1,0.05625
23162,1,0.05625
23163,2,0.0625
23164,1,0.05625
23165,2,0.0625
23166,2,0.0625
23167,3,0.06875
23168,3,0.03125
23169,2,0.0375
23170,2,0.0375
23171,1,0.04375
23172,2,0.0375
23173,1,0.04375
23174,1,0.04375
23175,0,0.05
23176,2,0.0375
23177,1,0.04375
23178,1,0.04375
23179,0,0.05
23180,1,0.04375
23181,0,0.05
23182,0,0.05
23183,1,0.05625
23184,2,0.0375
23185,1,0.04375
23186,1,0.04375
23187,0,0.05
23188,1,0.04375
23189,0,0.05
23190,0,0.05
23191,1,0.05625
23192,1,0.04375
23193,0,0.05
23194,0,0.05
23195,1,0.05625
23196,0,0.05
23197,1,0.05625
23198,1,0.05625
23199,2,0.0625
23200,2,0.0375
23201,1,0.04375
23202,1,0.04375
23203,0,0.05
23204,1,0.04375
23205,0,0.05
23206,0,0.05
23207,1,0.05625
23208,1,0.04375
23209,0,0.05
23210,0,0.05
23211,1,0.05625
23212,0,0.05
23213,1,0.05625
23214,1,0.05625
23215,2,0.0625
23216,1,0.04375
23217,0,0.05
23218,0,0.05
23219,1,0.05625
23220,0,0.05
23221,1,0.05625
23222,1,0.05625
23223,2,0.0625
23224,0,0.05
23225,1,0.05625
23226,1,0.05625
23227,2,0.0625
23228,1,0.05625
23229,2,0.0625
23230,2,0.0625
23231,3,0.06875
23232,2,0.0375
23233,1,0.04375
23234,1,0.04375
23235,0,0.05
23236,1,0.04375
23237,0,0.05
23238,0,0.05
23239,1,0.05625
23240,1,0.04375
23241,0,0.05
23242,0,0.05
23243,1,0.05625
23244,0,0.05
23245,1,0.05625
23246,1,0.05625
23247,2,0.0625
23248,1,0.04375
23249,0,0.05
23250,0,0.05
23251,1,0.05625
23252,0,0.05
23253,1,0.05625
23254,1,0.05625
23255,2,0.0625
23256,0,0.05
23257,1,0.05625
23258,1,0.05625
23259,2,0.0625
23260,1,0.05625
23261,2,0.0625
23262,2,0.0625
23263,3,0.06875
23264,1,0.04375
23265,0,0.05
23266,0,0.05
23267,1,0.05625
23268,0,0.05
23269,1,0.05625
23270,1,0.05625
23271,2,0.0625
23272,0,0.05
23273,1,0.05625
23274,1,0.05625
23275,2,0.0625
23276,1,0.05625
23277,2,0.0625
23278,2,0.0625
23279,3,0.06875
23280,0,0.05
23281,1,0.05625
23282,1,0.05625
23283,2,0.0625
23284,1,0.05625
23285,2,0.0625
23286,2,0.0625
23287,3,0.06875
23288,1,0.05625
23289,2,0.0625
23290,2,0.0625
23291,3,0.06875
23292,2,0.0625
23293,3,0.06875
23294,3,0.06875
23295,4,0.075
23296,3,0.03125
23297,2,0.0375
23298,2,0.0375
23299,1,0.04375
23300,2,0.0375
23301,1,0.04375
23302,1,0.04375
23303,0,0.05
23304,2,0.0375
23305,1,0.04375
23306,1,0.04375
23307,0,0.05
23308,1,0.04375
23309,0,0.05
23310,0,0.05
23311,1,0.05625
23312,2,0.0375
23313,1,0.04375
23314,1,0.04375
23315,0,0.05
23316,1,0.04375
23317,0,0.05
23318,0,0.05
23319,1,0.05625
23320,1,0.04375
23321,0,0.05
23322,0,0.05
23323,1,0.05625
23324,0,0.05
23325,1,0.05625
23326,1,0.05625
23327,2,0.0625
23328,2,0.0375
23329,1,0.04375
23330,1,0.04375
23331,0,0.05
23332,1,0.04375
23333,0,0.05
23334,0,0.05
23335,1,0.05625
23336,1,0.04375
23337,0,0.05
23338,0,0.05
23339,1,0.05625
23340,0,0.05
23341,1,0.05625
23342,1,0.05625
23343,2,0.0625
23344,1,0.04375
23345,0,0.05
23346,0,0.05
23347,1,0.05625
23348,0,0.05
23349,1,0.05625
23350,1,0.05625
23351,2,0.0625
23352,0,0.05
23353,1,0.05625
23354,1,0.05625
23355,2,0.0625
23356,1,0.05625
23357,2,0.0625
23358,2,0.0625
23359,3,0.06875
23360,2,0.0375
23361,1,0.04375
23362,1,0.04375
23363,0,0.05
23364,1,0.04375
23365,0,0.05
23366,0,0.05
23367,1,0.05625
23368,1,0.04375
23369,0,0.05
23370,0,0.05
23371,1,0.05625
23372,0,0.05
23373,1,0.05625
23374,1,0.05625
23375,2,0.0625
23376,1,0.04375
23377,0,0.05
23378,0,0.05
23379,1,0.05625
23380,0,0.05
23381,1,0.05625
23382,1,0.05625
23383,2,0.0625
23384,0,0.05
23385,1,0.05625
23386,1,0.05625
23387,2,0.0625
23388,1,0.05625
23389,2,0.0625
23390,2,0.0625
23391,3,0.06875
23392,1,0.04375
23393,0,0.05
23394,0,0.05
23395,1,0.05625
23396,0,0.05
23397,1,0.05625
23398,1,0.05625
23399,2,0.0625
23400,0,0.05
23401,1,0.05625
23402,1,0.05625
23403,2,0.0625
23404,1,0.05625
23405,2,0.0625
23406,2,0.0625
23407,3,0.06875
23408,0,0.05
23409,1,0.05625
23410,1,0.05625
23411,2,0.0625
23412,1,0.05625
23413,2,0.0625
23414,2,0.0625
23415,3,0.06875
23416,1,0.05625
23417,2,0.0625
23418,2,0.0625
23419,3,0.06875
23420,2,0.0625
23421,3,0.06875
23422,3,0.06875
23423,4,0.075
23424,2,0.0375
23425,1,0.04375
23426,1,0.04375
23427,0,0.05
23428,1,0.04375
23429,0,0.05
23430,0,0.05
23431,1,0.05625
23432,1,0.04375
23433,0,0.05
23434,0,0.05
23435,1,0.05625
23436,0,0.05
23437,1,0.05625
23438,1,0.05625
23439,2,0.0625
23440,1,0.04375
23441,0,0.05
23442,0,0.05
23443,1,0.05625
23444,0,0.05
23445,1,0.05625
23446,1,0.05625
23447,2,0.0625
23448,0,0.05
23449,1,0.05625
23450,1,0.05625
23451,2,0.0625
23452,1,0.05625
23453,2,0.0625
23454,2,0.0625
23455,3,0.06875
23456,1,0.04375
23457,0,0.05
23458,0,0.05
23459,1,0.05625
23460,0,0.05
23461,1,0.05625
23462,1,0.05625
23463,2,0.0625
23464,0,0.05
23465,1,0.05625
23466,1,0.05625
23467,2,0.0625
23468,1,0.05625
23469,2,0.0625
23470,2,0.0625
23471,3,0.06875
23472,0,0.05
23473,1,0.05625
23474,1,0.05625
23475,2,0.0625
23476,1,0.05625
23477,2,0.0625
23478,2,0.0625
23479,3,0.06875
23480,1,0.05625
23481,2,0.0625
23482,2,0.0625
23483,3,0.06875
23484,2,0.0625
23485,3,0.06875
23486,3,0.06875
23487,4,0.075
23488,1,0.04375
23489,0,0.05
23490,0,0.05
23491,1,0.05625
23492,0,0.05
23493,1,0.05625
23494,1,0.05625
23495,2,0.0625
23496,0,0.05
23497,1,0.05625
23498,1,0.05625
23499,2,0.0625
23500,1,0.05625
23501,2,0.0625
23502,2,0.0625
23503,3,0.06875
23504,0,0.05
23505,1,0.05625
23506,1,0.05625
23507,2,0.0625
23508,1,0.05625
23509,2,0.0625
23510,2,0.0625
23511,3,0.06875
23512,1,0.05625
23513,2,0.0625
23514,2,0.0625
23515,3,0.06875
23516,2,0.0625
23517,3,0.06875
23518,3,0.06875
23519,4,0.075
23520,0,0.05
23521,1,0.05625
23522,1,0.05625
23523,2,0.0625
23524,1,0.05625
23525,2,0.0625
23526,2,0.0625
23527,3,0.06875
23528,1,0.05625
23529,2,0.0625
23530,2,0.0625
23531,3,0.06875
23532,2,0.0625
23533,3,0.06875
23534,3,0.06875
23535,4,0.075
23536,1,0.05625
23537,2,0.0625
23538,2,0.0625
23539,3,0.06875
23540,2,0.0625
23541,3,0.06875
23542,3,0.06875
23543,4,0.075
23544,2,0.0625
23545,3,0.06875
23546,3,0.06875
23547,4,0.075
23548,3,0.06875
23549,4,0.075
23550,4,0.075
23551,3,0.08125
23552,4,0.025
23553,3,0.03125
23554,3,0.03125
23555,2,0.0375
23556,3,0.03125
23557,2,0.0375
23558,2,0.0375
23559,1,0.04375
23560,3,0.03125
23561,2,0.0375
23562,2,0.0375
23563,1,0.04375
23564,2,0.0375
23565,1,0.04375
23566,1,0.04375
23567,0,0.05
23568,3,0.03125
23569,2,0.0375
23570,2,0.0375
23571,1,0.04375
23572,2,0.0375
23573,1,0.04375
23574,1,0.04375
23575,0,0.05
23576,2,0.0375
23577,1,0.04375
23578,1,0.04375
23579,0,0.05
23580,1,0.04375
23581,0,0.05
23582,0,0.05
23583,1,0.05625
23584,3,0.03125
23585,2,0.0375
23586,2,0.0375
23587,1,0.04375
23588,2,0.0375
23589,1,0.04375
23590,1,0.04375
23591,0,0.05
23592,2,0.0375
23593,1,0.04375
23594,1,0.04375
23595,0,0.05
23596,1,0.04375
23597,0,0.05
23598,0,0.05
23599,1,0.05625
23600,2,0.0375
23601,1,0.04375
23602,1,0.04375
23603,0,0.05
23604,1,0.04375
23605,0,0.05
23606,0,0.05
23607,1,0.05625
23608,1,0.04375
23609,0,0.05
23610,0,0.05
23611,1,0.05625
23612,0,0.05
23613,1,0.05625
23614,1,0.05625
23615,2,0.0625
23616,3,0.03125
23617,2,0.0375
23618,2,0.0375
23619,1,0.04375
23620,2,0.0375
23621,1,0.04375
23622,1,0.04375
23623,0,0.05
23624,2,0.0375
23625,1,0.04375
23626,1,0.04375
23627,0,0.05
23628,1,0.04375
23629,0,0.05
23630,0,0.05
23631,1,0.05625
23632,2,0.0375
23633,1,0.04375
23634,1,0.04375
23635,0,0.05
23636,1,0.04375
23637,0,0.05
23638,0,0.05
23639,1,0.05625
23640,1,0.04375
23641,0,0.05
23642,0,0.05
23643,1,0.05625
23644,0,0.05
23645,1,0.05625
23646,1,0.05625
23647,2,0.0625
23648,2,0.0375
23649,1,0.04375
23650,1,0.04375
23651,0,0.05
23652,1,0.04375
23653,0,0.05
23654,0,0.05
23655,1,0.05625
23656,1,0.04375
23657,0,0.05
23658,0,0.05
23659,1,0.05625
23660,0,0.05
23661,1,0.05625
23662,1,0.05625
23663,2,0.0625
23664,1,0.04375
23665,0,0.05
23666,0,0.05
23667,1,0.05625
23668,0,0.05
23669,1,0.05625
23670,1,0.05625
23671,2,0.0625
23672,0,0.05
23673,1,0.05625
23674,1,0.05625
23675,2,0.0625
23676,1,0.05625
23677,2,0.0625
23678,2,0.0625
23679,3,0.06875
23680,3,0.03125
23681,2,0.0375
23682,2,0.0375
23683,1,0.04375
23684,2,0.0375
23685,1,0.04375
23686,1,0.04375
23687,0,0.05
23688,2,0.0375
23689,1,0.04375
23690,1,0.04375
23691,0,0.05
23692,1,0.04375
23693,0,0.05
23694,0,0.05
23695,1,0.05625
23696,2,0.0375
23697,1,0.04375
23698,1,0.04375
23699,0,0.05
23700,1,0.04375
23701,0,0.05
23702,0,0.05
23703,1,0.05625
23704,1,0.04375
23705,0,0.05
23706,0,0.05
23707,1,0.05625
23708,0,0.05
23709,1,0.05625
23710,1,0.05625
23711,2,0.0625
23712,2,0.0375
23713,1,0.04375
23714,1,0.04375
23715,0,0.05
23716,1,0.04375
23717,0,0.05
23718,0,0.05
23719,1,0.05625
23720,1,0.04375
23721,0,0.05
23722,0,0.05
23723,1,0.05625
23724,0,0.05
23725,1,0.05625
23726,1,0.05625
23727,2,0.0625
23728,1,0.04375
23729,0,0.05
23730,0,0.05
23731,1,0.05625
23732,0,0.05
23733,1,0.05625
23734,1,0.05625
23735,2,0.0625
23736,0,0.05
23737,1,0.05625
23738,1,0.05625
23739,2,0.0625
23740,1,0.05625
23741,2,0.0625
23742,2,0.0625
23743,3,0.06875
23744,2,0.0375
23745,1,0.04375
23746,1,0.04375
23747,0,0.05
23748,1,0.04375
23749,0,0.05
23750,0,0.05
23751,1,0.05625
23752,1,0.04375
23753,0,0.05
23754,0,0.05
23755,1,0.05625
23756,0,0.05
23757,1,0.05625
23758,1,0.05625
23759,2,0.0625
23760,1,0.04375
23761,0,0.05
23762,0,0.05
23763,1,0.05625
23764,0,0.05
23765,1,0.05625
23766,1,0.05625
23767,2,0.0625
23768,0,0.05
23769,1,0.05625
23770,1,0.05625
23771,2,0.0625
23772,1,0.05625
23773,2,0.0625
23774,2,0.0625
23775,3,0.06875
23776,1,0.04375
23777,0,0.05
23778,0,0.05
23779,1,0.05625
23780,0,0.05
23781,1,0.05625
23782,1,0.05625
23783,2,0.0625
23784,0,0.05
23785,1,0.05625
23786,1,0.05625
23787,2,0.0625
23788,1,0.05625
23789,2,0.0625
23790,2,0.0625
23791,3,0.06875
23792,0,0.05
23793,1,0.05625
23794,1,0.05625
23795,2,0.0625
23796,1,0.05625
23797,2,0.0625
23798,2,0.0625
23799,3,0.06875
23800,1,0.05625
23801,2,0.0625
23802,2,0.0625
23803,3,0.06875
23804,2,0.0625
23805,3,0.06875
23806,3,0.06875
23807,4,0.075
23808,3,0.03125
23809,2,0.0375
23810,2,0.0375
23811,1,0.04375
23812,2,0.0375
23813,1,0.04375
23814,1,0.04375
23815,0,0.05
23816,2,0.0375
23817,1,0.04375
23818,1,0.04375
23819,0,0.05
23820,1,0.04375
23821,0,0.05
23822,0,0.05
23823,1,0.05625
23824,2,0.0375
23825,1,0.04375
23826,1,0.04375
23827,0,0.05
23828,1,0.04375
23829,0,0.05
23830,0,0.05
23831,1,0.05625
23832,1,0.04375
23833,0,0.05
23834,0,0.05
23835,1,0.05625
23836,0,0.05
23837,1,0.05625
23838,1,0.05625
23839,2,0.0625
23840,2,0.0375
23841,1,0.04375
23842,1,0.04375
23843,0,0.05
23844,1,0.04375
23845,0,0.05
23846,0,0.05
23847,1,0.05625
23848,1,0.04375
23849,0,0.05
23850,0,0.05
23851,1,0.05625
23852,0,0.05
23853,1,0.05625
23854,1,0.05625
23855,2,0.0625
23856,1,0.04375
23857,0,0.05
23858,0,0.05
23859,1,0.05625
23860,0,0.05
23861,1,0.05625
23862,1,0.05625
23863,2,0.0625
23864,0,0.05
23865,1,0.05625
23866,1,0.05625
23867,2,0.0625
23868,1,0.05625
23869,2,0.0625
23870,2,0.0625
23871,3,0.06875
23872,2,0.0375
23873,1,0.04375
23874,1,0.04375
23875,0,0.05
23876,1,0.04375
23877,0,0.05
23878,0,0.05
23879,1,0.05625
23880,1,0.04375
23881,0,0.05
23882,0,0.05
23883,1,0.05625
23884,0,0.05
23885,1,0.05625
23886,1,0.05625
23887,2,0.0625
23888,1,0.04375
23889,0,0.05
23890,0,0.05
23891,1,0.05625
23892,0,0.05
23893,1,0.05625
23894,1,0.05625
23895,2,0.0625
23896,0,0.05
23897,1,0.05625
23898,1,0.05625
23899,2,0.0625
23900,1,0.05625
23901,2,0.0625
23902,2,0.0625
23903,3,0.06875
23904,1,0.04375
23905,0,0.05
23906,0,0.05
23907,1,0.05625
23908,0,0.05
23909,1,0.05625
23910,1,0.05625
23911,2,0.0625
23912,0,0.05
23913,1,0.05625
23914,1,0.05625
23915,2,0.0625
23916,1,0.05625
23917,2,0.0625
23918,2,0.0625
23919,3,0.06875
23920,0,0.05
23921,1,0.05625
23922,1,0.05625
23923,2,0.0625
23924,1,0.05625
23925,2,0.0625
23926,2,0.0625
23927,3,0.06875
23928,1,0.05625
23929,2,0.0625
23930,2,0.0625
23931,3,0.06875
23932,2,0.0625
23933,3,0.06875
23934,3,0.06875
23935,4,0.075
23936,2,0.0375
23937,1,0.04375
23938,1,0.04375
23939,0,0.05
23940,1,0.04375
23941,0,0.05
23942,0,0.05
23943,1,0.05625
23944,1,0.04375
23945,0,0.05
23946,0,0.05
23947,1,0.05625
23948,0,0.05
23949,1,0.05625
23950,1,0.05625
23951,2,0.0625
23952,1,0.04375
23953,0,0.05
23954,0,0.05
23955,1,0.05625
23956,0,0.05
23957,1,0.05625
23958,1,0.05625
23959,2,0.0625
23960,0,0.05
23961,1,0.05625
23962,1,0.05625
23963,2,0.0625
23964,1,0.05625
23965,2,0.0625
23966,2,0.0625
23967,3,0.06875
23968,1,0.04375
23969,0,0.05
23970,0,0.05
23971,1,0.05625
23972,0,0.05
23973,1,0.05625
23974,1,0.05625
23975,2,0.0625
23976,0,0.05
23977,1,0.05625
23978,1,0.05625
23979,2,0.0625
23980,1,0.05625
23981,2,0.0625
23982,2,0.0625
23983,3,0.06875
23984,0,0.05
23985,1,0.05625
23986,1,0.05625
23987,2,0.0625
23988,1,0.05625
23989,2,0.0625
23990,2,0.0625
23991,3,0.06875
23992,1,0.05625
23993,2,0.0625
23994,2,0.0625
23995,3,0.06875
23996,2,0.0625
23997,3,0.06875
23998,3,0.06875
23999,4,0.075
24000,1,0.04375
24001,0,0.05
24002,0,0.05
24003,1,0.05625
24004,0,0.05
24005,1,0.05625
24006,1,0.05625
24007,2,0.0625
24008,0,0.05
24009,1,0.05625
24010,1,0.05625
24011,2,0.0625
24012,1,0.05625
24013,2,0.0625
24014,2,0.0625
24015,3,0.06875
24016,0,0.05
24017,1,0.05625
24018,1,0.05625
24019,2,0.0625
24020,1,0.05625
24021,2,0.0625
24022,2,0.0625
24023,3,0.06875
24024,1,0.05625
24025,2,0.0625
24026,2,0.0625
24027,3,0.06875
24028,2,0.0625
24029,3,0.06875
24030,3,0.06875
24031,4,0.075
24032,0,0.05
24033,1,0.05625
24034,1,0.05625
24035,2,0.0625
24036,1,0.05625
24037,2,0.0625
24038,2,0.0625
24039,3,0.06875
24040,1,0.05625
24041,2,0.0625
24042,2,0.0625
24043,3,0.06875
24044,2,0.0625
24045,3,0.06875
24046,3,0.06875
24047,4,0.075
24048,1,0.05625
24049,2,0.0625
24050,2,0.0625
24051,3,0.06875
24052,2,0.0625
24053,3,0.06875
24054,3,0.06875
24055,4,0.075
24056,2,0.0625
24057,3,0.06875
24058,3,0.06875
24059,4,0.075
24060,3,0.06875
24061,4,0.075
24062,4,0.075
24063,3,0.08125
24064,3,0.03125
24065,2,0.0375
24066,2,0.0375
24067,1,0.04375
24068,2,0.0375
24069,1,0.04375
24070,1,0.04375
24071,0,0.05
24072,2,0.0375
24073,1,0.04375
24074,1,0.04375
24075,0,0.05
24076,1,0.04375
24077,0,0.05
24078,0,0.05
24079,1,0.05625
24080,2,0.0375
24081,1,0.04375
24082,1,0.04375
24083,0,0.05
24084,1,0.04375
24085,0,0.05
24086,0,0.05
24087,1,0.05625
24088,1,0.04375
24089,0,0.05
24090,0,0.05
24091,1,0.05625
24092,0,0.05
24093,1,0.05625
24094,1,0.05625
24095,2,0.0625
24096,2,0.0375
24097,1,0.04375
24098,1,0.04375
24099,0,0.05
24100,1,0.04375
24101,0,0.05
24102,0,0.05
24103,1,0.05625
24104,1,0.04375
24105,0,0.05
24106,0,0.05
24107,1,0.05625
24108,0,0.05
24109,1,0.05625
24110,1,0.05625
24111,2,0.0625
24112,1,0.04375
24113,0,0.05
24114,0,0.05
24115,1,0.05625
24116,0,0.05
24117,1,0.05625
24118,1,0.05625
24119,2,0.0625
24120,0,0.05
24121,1,0.05625
24122,1,0.05625
24123,2,0.0625
24124,1,0.05625
24125,2,0.0625
24126,2,0.0625
24127,3,0.06875
24128,2,0.0375
24129,1,0.04375
24130,1,0.04375
24131,0,0.05
24132,1,0.04375
24133,0,0.05
24134,0,0.05
24135,1,0.05625
24136,1,0.04375
24137,0,0.05
24138,0,0.05
24139,1,0.05625
24140,0,0.05
24141,1,0.05625
24142,1,0.05625
24143,2,0.0625
24144,1,0.04375
24145,0,0.05
24146,0,0.05
24147,1,0.05625
24148,0,0.05
24149,1,0.05625
24150,1,0.05625
24151,2,0.0625
24152,0,0.05
24153,1,0.05625
24154,1,0.05625
24155,2,0.0625
24156,1,0.05625
24157,2,0.0625
24158,2,0.0625
24159,3,0.06875
24160,1,0.04375
24161,0,0.05
24162,0,0.05
24163,1,0.05625
24164,0,0.05
24165,1,0.05625
24166,1,0.05625
24167,2,0.0625
24168,0,0.05
24169,1,0.05625
24170,1,0.05625
24171,2,0.0625
24172,1,0.05625
24173,2,0.0625
24174,2,0.0625
24175,3,0.06875
24176,0,0.05
24177,1,0.05625
24178,1,0.05625
24179,2,0.0625
24180,1,0.05625
24181,2,0.0625
24182,2,0.0625
24183,3,0.06875
24184,1,0.05625
24185,2,0.0625
24186,2,0.0625
24187,3,0.06875
24188,2,0.0625
24189,3,0.06875
24190,3,0.06875
24191,4,0.075
24192,2,0.0375
24193,1,0.04375
24194,1,0.04375
24195,0,0.05
24196,1,0.04375
24197,0,0.05
24198,0,0.05
24199,1,0.05625
24200,1,0.04375
24201,0,0.05
24202,0,0.05
24203,1,0.05625
24204,0,0.05
24205,1,0.05625
24206,1,0.05625
24207,2,0.0625
24208,1,0.04375
24209,0,0.05
24210,0,0.05
24211,1,0.05625
24212,0,0.05
24213,1,0.05625
24214,1,0.05625
24215,2,0.0625
24216,0,0.05
24217,1,0.05625
24218,1,0.05625
24219,2,0.0625
24220,1,0.05625
24221,2,0.0625
24222,2,0.0625
24223,3,0.06875
24224,1,0.04375
24225,0,0.05
24226,0,0.05
24227,1,0.05625
24228,0,0.05
24229,1,0.05625
24230,1,0.05625
24231,2,0.0625
24232,0,0.05
24233,1,0.05625
24234,1,0.05625
24235,2,0.0625
24236,1,0.05625
24237,2,0.0625
24238,2,0.0625
24239,3,0.06875
24240,0,0.05
24241,1,0.05625
24242,1,0.05625
24243,2,0.0625
24244,1,0.05625
24245,2,0.0625
24246,2,0.0625
24247,3,0.06875
24248,1,0.05625
24249,2,0.0625
24250,2,0.0625
24251,3,0.06875
24252,2,0.0625
24253,3,0.06875
24254,3,0.06875
24255,4,0.075
24256,1,0.04375
24257,0,0.05
24258,0,0.05
24259,1,0.05625
24260,0,0.05
24261,1,0.05625
24262,1,0.05625
24263,2,0.0625
24264,0,0.05
24265,1,0.05625
24266,1,0.05625
24267,2,0.0625
24268,1,0.05625
24269,2,0.0625
24270,2,0.0625
24271,3,0.06875
24272,0,0.05
24273,1,0.05625
24274,1,0.05625
24275,2,0.0625
24276,1,0.05625
24277,2,0.0625
24278,2,0.0625
24279,3,0.06875
24280,1,0.05625
24281,2,0.0625
24282,2,0.0625
24283,3,0.06875
24284,2,0.0625
24285,3,0.06875
24286,3,0.06875
24287,4,0.075
24288,0,0.05
24289,1,0.05625
24290,1,0.05625
24291,2,0.0625
24292,1,0.05625
24293,2,0.0625
24294,2,0.0625
24295,3,0.06875
24296,1,0.05625
24297,2,0.0625
24298,2,0.0625
24299,3,0.06875
24300,2,0.0625
24301,3,0.06875
24302,3,0.06875
24303,4,0.075
24304,1,0.05625
24305,2,0.0625
24306,2,0.0625
24307,3,0.06875
24308,2,0.0625
24309,3,0.06875
24310,3,0.06875
24311,4,0.075
24312,2,0.0625
24313,3,0.06875
24314,3,0.06875
24315,4,0.075
24316,3,0.06875
24317,4,0.075
24318,4,0.075
24319,3,0.08125
24320,2,0.0375
24321,1,0.04375
24322,1,0.04375
24323,0,0.05
24324,1,0.04375
24325,0,0.05
24326,0,0.05
24327,1,0.05625
24328,1,0.04375
24329,0,0.05
24330,0,0.05
24331,1,0.05625
24332,0,0.05
24333,1,0.05625
24334,1,0.05625
24335,2,0.0625
24336,1,0.04375
24337,0,0.05
24338,0,0.05
24339,1,0.05625
24340,0,0.05
24341,1,0.05625
24342,1,0.05625
24343,2,0.0625
24344,0,0.05
24345,1,0.05625
24346,1,0.05625
24347,2,0.0625
24348,1,0.05625
24349,2,0.0625
24350,2,0.0625
24351,3,0.06875
24352,1,0.04375
24353,0,0.05
24354,0,0.05
24355,1,0.05625
24356,0,0.05
24357,1,0.05625
24358,1,0.05625
24359,2,0.0625
24360,0,0.05
24361,1,0.05625
24362,1,0.05625
24363,2,0.0625
24364,1,0.05625
24365,2,0.0625
24366,2,0.0625
24367,3,0.06875
24368,0,0.05
24369,1,0.05625
24370,1,0.05625
24371,2,0.0625
24372,1,0.05625
24373,2,0.0625
24374,2,0.0625
24375,3,0.06875
24376,1,0.05625
24377,2,0.0625
24378,2,0.0625
24379,3,0.06875
24380,2,0.0625
24381,3,0.06875
24382,3,0.06875
24383,4,0.075
24384,1,0.04375
24385,0,0.05
24386,0,0.05
24387,1,0.05625
24388,0,0.05
24389,1,0.05625
24390,1,0.05625
24391,2,0.0625
24392,0,0.05
24393,1,0.05625
24394,1,0.05625
24395,2,0.0625
24396,1,0.05625
24397,2,0.0625
24398,2,0.0625
24399,3,0.06875
24400,0,0.05
24401,1,0.05625
24402,1,0.05625
24403,2,0.0625
24404,1,0.05625
24405,2,0.0625
24406,2,0.0625
24407,3,0.06875
24408,1,0.05625
24409,2,0.0625
24410,2,0.0625
24411,3,0.06875
24412,2,0.0625
24413,3,0.06875
24414,3,0.06875
24415,4,0.075
24416,0,0.05
24417,1,0.05625
24418,1,0.05625
24419,2,0.0625
24420,1,0.05625
24421,2,0.0625
24422,2,0.0625
24423,3,0.06875
24424,1,0.05625
24425,2,0.0625
24426,2,0.0625
24427,3,0.06875
24428,2,0.0625
24429,3,0.06875
24430,3,0.06875
24431,4,0.075
24432,1,0.05625
24433,2,0.0625
24434,2,0.0625
24435,3,0.06875
24436,2,0.0625
24437,3,0.06875
24438,3,0.06875
24439,4,0.075
24440,2,0.0625
24441,3,0.06875
24442,3,0.06875
24443,4,0.075
24444,3,0.06875
24445,4,0.075
24446,4,0.075
24447,3,0.08125
24448,1,0.04375
24449,0,0.05
24450,0,0.05
24451,1,0.05625
24452,0,0.05
24453,1,0.05625
24454,1,0.05625
24455,2,0.0625
24456,0,0.05
24457,1,0.05625
24458,1,0.05625
24459,2,0.0625
24460,1,0.05625
24461,2,0.0625
24462,2,0.0625
24463,3,0.06875
24464,0,0.05
24465,1,0.05625
24466,1,0.05625
24467,2,0.0625
24468,1,0.05625
24469,2,0.0625
24470,2,0.0625
24471,3,0.06875
24472,1,0.05625
24473,2,0.0625
24474,2,0.0625
24475,3,0.06875
24476,2,0.0625
24477,3,0.06875
24478,3,0.06875
24479,4,0.075
24480,0,0.05
24481,1,0.05625
24482,1,0.05625
24483,2,0.0625
24484,1,0.05625
24485,2,0.0625
24486,2,0.0625
24487,3,0.06875
24488,1,0.05625
24489,2,0.0625
24490,2,0.0625
24491,3,0.06875
24492,2,0.0625
24493,3,0.06875
24494,3,0.06875
24495,4,0.075
24496,1,0.05625
24497,2,0.0625
24498,2,0.0625
24499,3,0.06875
24500,2,0.0625
24501,3,0.06875
24502,3,0.06875
24503,4,0.075
24504,2,0.0625
24505,3,0.06875
24506,3,0.06875
24507,4,0.075
24508,3,0.06875
24509,4,0.075
24510,4,0.075
24511,3,0.08125
24512,0,0.05
24513,1,0.05625
24514,1,0.05625
24515,2,0.0625
24516,1,0.05625
24517,2,0.0625
24518,2,0.0625
24519,3,0.06875
24520,1,0.05625
24521,2,0.0625
24522,2,0.0625
24523,3,0.06875
24524,2,0.0625
24525,3,0.06875
24526,3,0.06875
24527,4,0.075
24528,1,0.05625
24529,2,0.0625
24530,2,0.0625
24531,3,0.06875
24532,2,0.0625
24533,3,0.06875
24534,3,0.06875
24535,4,0.075
24536,2,0.0625
24537,3,0.06875
24538,3,0.06875
24539,4,0.075
24540,3,0.06875
24541,4,0.075
24542,4,0.075
24543,3,0.08125
24544,1,0.05625
24545,2,0.0625
24546,2,0.0625
24547,3,0.06875
24548,2,0.0625
24549,3,0.06875
24550,3,0.06875
24551,4,0.075
24552,2,0.0625
24553,3,0.06875
24554,3,0.06875
24555,4,0.075
24556,3,0.06875
24557,4,0.075
24558,4,0.075
24559,3,0.08125
24560,2,0.0625
24561,3,0.06875
24562,3,0.06875
24563,4,0.075
24564,3,0.06875
24565,4,0.075
24566,4,0.075
24567,3,0.08125
24568,3,0.06875
24569,4,0.075
24570,4,0.075
24571,3,0.08125
24572,4,0.075
24573,3,0.08125
24574,3,0.08125
24575,2,0.0875
24576,2,0.0125
24577,3,0.01875
24578,3,0.01875
24579,4,0.025
24580,3,0.01875
24581,4,0.025
24582,4,0.025
24583,3,0.03125
24584,3,0.01875
24585,4,0.025
24586,4,0.025
24587,3,0.03125
24588,4,0.025
24589,3,0.03125
24590,3,0.03125
24591,2,0.0375
24592,3,0.01875
24593,4,0.025
24594,4,0.025
24595,3,0.03125
24596,4,0.025
24597,3,0.03125
24598,3,0.03125
24599,2,0.0375
24600,4,0.025
24601,3,0.03125
24602,3,0.03125
24603,2,0.0375
24604,3,0.03125
24605,2,0.0375
24606,2,0.0375
24607,1,0.04375
24608,3,0.01875
24609,4,0.025
24610,4,0.025
24611,3,0.03125
24612,4,0.025
24613,3,0.03125
24614,3,0.03125
24615,2,0.0375
24616,4,0.025
24617,3,0.03125
24618,3,0.03125
24619,2,0.0375
24620,3,0.03125
24621,2,0.0375
24622,2,0.0375
24623,1,0.04375
24624,4,0.025
24625,3,0.03125
24626,3,0.03125
24627,2,0.0375
24628,3,0.03125
24629,2,0.0375
24630,2,0.0375
24631,1,0.04375
24632,3,0.03125
24633,2,0.0375
24634,2,0.0375
24635,1,0.04375
24636,2,0.0375
24637,1,0.04375
24638,1,0.04375
24639,0,0.05
24640,3,0.01875
24641,4,0.025
24642,4,0.025
24643,3,0.03125
24644,4,0.025
24645,3,0.03125
24646,3,0.03125
24647,2,0.0375
24648,4,0.025
24649,3,0.03125
24650,3,0.03125
24651,2,0.0375
24652,3,0.03125
24653,2,0.0375
24654,2,0.0375
24655,1,0.04375
24656,4,0.025
24657,3,0.03125
24658,3,0.03125
24659,2,0.0375
24660,3,0.03125
24661,2,0.0375
24662,2,0.0375
24663,1,0.04375
24664,3,0.03125
24665,2,0.0375
24666,2,0.0375
24667,1,0.04375
24668,2,0.0375
24669,1,0.04375
24670,1,0.04375
24671,0,0.05
24672,4,0.025
24673,3,0.03125
24674,3,0.03125
24675,2,0.0375
24676,3,0.03125
24677,2,0.0375
24678,2,0.0375
24679,1,0.04375
24680,3,0.03125
24681,2,0.0375
24682,2,0.0375
24683,1,0.04375
24684,2,0.0375
24685,1,0.04375
24686,1,0.04375
24687,0,0.05
24688,3,0.03125
24689,2,0.0375
24690,2,0.0375
24691,1,0.04375
24692,2,0.0375
24693,1,0.04375
24694,1,0.04375
24695,0,0.05
24696,2,0.0375
24697,1,0.04375
24698,1,0.04375
24699,0,0.05
24700,1,0.04375
24701,0,0.05
24702,0,0.05
24703,1,0.05625
24704,3,0.01875
24705,4,0.025
24706,4,0.025
24707,3,0.03125
24708,4,0.025
24709,3,0.03125
24710,3,0.03125
24711,2,0.0375
24712,4,0.025
24713,3,0.03125
24714,3,0.03125
24715,2,0.0375
24716,3,0.03125
24717,2,0.0375
24718,2,0.0375
24719,1,0.04375
24720,4,0.025
24721,3,0.03125
24722,3,0.03125
24723,2,0.0375
24724,3,0.03125
24725,2,0.0375
24726,2,0.0375
24727,1,0.04375
24728,3,0.03125
24729,2,0.0375
24730,2,0.0375
24731,1,0.04375
24732,2,0.0375
24733,1,0.04375
24734,1,0.04375
24735,0,0.05
24736,4,0.025
24737,3,0.03125
24738,3,0.03125
24739,2,0.0375
24740,3,0.03125
24741,2,0.0375
24742,2,0.0375
24743,1,0.04375
24744,3,0.03125
24745,2,0.0375
24746,2,0.0375
24747,1,0.04375
24748,2,0.0375
24749,1,0.04375
24750,1,0.04375
24751,0,0.05
24752,3,0.03125
24753,2,0.0375
24754,2,0.0375
24755,1,0.04375
24756,2,0.0375
24757,1,0.04375
24758,1,0.04375
24759,0,0.05
24760,2,0.0375
24761,1,0.04375
24762,1,0.04375
24763,0,0.05
24764,1,0.04375
24765,0,0.05
24766,0,0.05
24767,1,0.05625
24768,4,0.025
24769,3,0.03125
24770,3,0.03125
24771,2,0.0375
24772,3,0.03125
24773,2,0.0375
24774,2,0.0375
24775,1,0.04375
24776,3,0.03125
24777,2,0.0375
24778,2,0.0375
24779,1,0.04375
24780,2,0.0375
24781,1,0.04375
24782,1,0.04375
24783,0,0.05
24784,3,0.03125
24785,2,0.0375
24786,2,0.0375
24787,1,0.04375
24788,2,0.0375
24789,1,0.04375
24790,1,0.04375
24791,0,0.05
24792,2,0.0375
24793,1,0.04375
24794,1,0.04375
24795,0,0.05
24796,1,0.04375
24797,0,0.05
24798,0,0.05
24799,1,0.05625
24800,3,0.03125
24801,2,0.0375
24802,2,0.0375
24803,1,0.04375
24804,2,0.0375
24805,1,0.04375
24806,1,0.04375
24807,0,0.05
24808,2,0.0375
24809,1,0.04375
24810,1,0.04375
24811,0,0.05
24812,1,0.04375
24813,0,0.05
24814,0,0.05
24815,1,0.05625
24816,2,0.0375
24817,1,0.04375
24818,1,0.04375
24819,0,0.05
24820,1,0.04375
24821,0,0.05
24822,0,0.05
24823,1,0.05625
24824,1,0.04375
24825,0,0.05
24826,0,0.05
24827,1,0.05625
24828,0,0.05
24829,1,0.05625
24830,1,0.05625
24831,2,0.0625
24832,3,0.01875
24833,4,0.025
24834,4,0.025
24835,3,0.03125
24836,4,0.025
24837,3,0.03125
24838,3,0.03125
24839,2,0.0375
24840,4,0.025
24841,3,0.03125
24842,3,0.03125
24843,2,0.0375
24844,3,0.03125
24845,2,0.0375
24846,2,0.0375
24847,1,0.04375
24848,4,0.025
24849,3,0.03125
24850,3,0.03125
24851,2,0.0375
24852,3,0.03125
24853,2,0.0375
24854,2,0.0375
24855,1,0.04375
24856,3,0.03125
24857,2,0.0375
24858,2,0.0375
24859,1,0.04375
24860,2,0.0375
24861,1,0.04375
24862,1,0.04375
24863,0,0.05
24864,4,0.025
24865,3,0.03125
24866,3,0.03125
24867,2,0.0375
24868,3,0.03125
24869,2,0.0375
24870,2,0.0375
24871,1,0.04375
24872,3,0.03125
24873,2,0.0375
24874,2,0.0375
24875,1,0.04375
24876,2,0.0375
24877,1,0.04375
24878,1,0.04375
24879,0,0.05
24880,3,0.03125
24881,2,0.0375
24882,2,0.0375
24883,1,0.04375
24884,2,0.0375
24885,1,0.04375
24886,1,0.04375
24887,0,0.05
24888,2,0.0375
24889,1,0.04375
24890,1,0.04375
24891,0,0.05
24892,1,0.04375
24893,0,0.05
24894,0,0.05
24895,1,0.05625
24896,4,0.025
24897,3,0.03125
24898,3,0.03125
24899,2,0.0375
24900,3,0.03125
24901,2,0.0375
24902,2,0.0375
24903,1,0.04375
24904,3,0.03125
24905,2,0.0375
24906,2,0.0375
24907,1,0.04375
24908,2,0.0375
24909,1,0.04375
24910,1,0.04375
24911,0,0.05
24912,3,0.03125
24913,2,0.0375
24914,2,0.0375
24915,1,0.04375
24916,2,0.0375
24917,1,0.04375
24918,1,0.04375
24919,0,0.05
24920,2,0.0375
24921,1,0.04375
24922,1,0.04375
24923,0,0.05
24924,1,0.04375
24925,0,0.05
24926,0,0.05
24927,1,0.05625
24928,3,0.03125
24929,2,0.0375
24930,2,0.0375
24931,1,0.04375
24932,2,0.0375
24933,1,0.04375
24934,1,0.04375
24935,0,0.05
24936,2,0.0375
24937,1,0.04375
24938,1,0.04375
24939,0,0.05
24940,1,0.04375
24941,0,0.05
24942,0,0.05
24943,1,0.05625
24944,2,0.0375
24945,1,0.04375
24946,1,0.04375
24947,0,0.05
24948,1,0.04375
24949,0,0.05
24950,0,0.05
24951,1,0.05625
24952,1,0.04375
24953,0,0.05
24954,0,0.05
24955,1,0.05625
24956,0,0.05
24957,1,0.05625
24958,1,0.05625
24959,2,0.0625
24960,4,0.025
24961,3,0.03125
24962,3,0.03125
24963,2,0.0375
24964,3,0.03125
24965,2,0.0375
24966,2,0.0375
24967,1,0.04375
24968,3,0.03125
24969,2,0.0375
24970,2,0.0375
24971,1,0.04375
24972,2,0.0375
24973,1,0.04375
24974,1,0.04375
24975,0,0.05
24976,3,0.03125
24977,2,0.0375
24978,2,0.0375
24979,1,0.04375
24980,2,0.0375
24981,1,0.04375
24982,1,0.04375
24983,0,0.05
24984,2,0.0375
24985,1,0.04375
24986,1,0.04375
24987,0,0.05
24988,1,0.04375
24989,0,0.05
24990,0,0.05
24991,1,0.05625
24992,3,0.03125
24993,2,0.0375
24994,2,0.0375
24995,1,0.04375
24996,2,0.0375
24997,1,0.04375
24998,1,0.04375
24999,0,0.05
25000,2,0.0375
25001,1,0.04375
25002,1,0.04375
25003,0,0.05
25004,1,0.04375
25005,0,0.05
25006,0,0.05
25007,1,0.05625
25008,2,0.0375
25009,1,0.04375
25010,1,0.04375
25011,0,0.05
25012,1,0.04375
25013,0,0.05
25014,0,0.05
25015,1,0.05625
25016,1,0.04375
25017,0,0.05
25018,0,0.05
25019,1,0.05625
25020,0,0.05
25021,1,0.05625
25022,1,0.05625
25023,2,0.0625
25024,3,0.03125
25025,2,0.0375
25026,2,0.0375
25027,1,0.04375
25028,2,0.0375
25029,1,0.04375
25030,1,0.04375
25031,0,0.05
25032,2,0.0375
25033,1,0.04375
25034,1,0.04375
25035,0,0.05
25036,1,0.04375
25037,0,0.05
25038,0,0.05
25039,1,0.05625
25040,2,0.0375
25041,1,0.04375
25042,1,0.04375
25043,0,0.05
25044,1,0.04375
25045,0,0.05
25046,0,0.05
25047,1,0.05625
25048,1,0.04375
25049,0,0.05
25050,0,0.05
25051,1,0.05625
25052,0,0.05
25053,1,0.05625
25054,1,0.05625
25055,2,0.0625
25056,2,0.0375
25057,1,0.04375
25058,1,0.04375
25059,0,0.05
25060,1,0.04375
25061,0,0.05
25062,0,0.05
25063,1,0.05625
25064,1,0.04375
25065,0,0.05
25066,0,0.05
25067,1,0.05625
25068,0,0.05
25069,1,0.05625
25070,1,0.05625
25071,2,0.0625
25072,1,0.04375
25073,0,0.05
25074,0,0.05
25075,1,0.05625
25076,0,0.05
25077,1,0.05625
25078,1,0.05625
25079,2,0.0625
25080,0,0.05
25081,1,0.05625
25082,1,0.05625
25083,2,0.0625
25084,1,0.05625
25085,2,0.0625
25086,2,0.0625
25087,3,0.06875
25088,3,0.01875
25089,4,0.025
25090,4,0.025
25091,3,0.03125
25092,4,0.025
25093,3,0.03125
25094,3,0.03125
25095,2,0.0375
25096,4,0.025
25097,3,0.03125
25098,3,0.03125
25099,2,0.0375
25100,3,0.03125
25101,2,0.0375
25102,2,0.0375
25103,1,0.04375
25104,4,0.025
25105,3,0.03125
25106,3,0.03125
25107,2,0.0375
25108,3,0.03125
25109,2,0.0375
25110,2,0.0375
25111,1,0.04375
25112,3,0.03125
25113,2,0.0375
25114,2,0.0375
25115,1,0.04375
25116,2,0.0375
25117,1,0.04375
25118,1,0.04375
25119,0,0.05
25120,4,0.025
25121,3,0.03125
25122,3,0.03125
25123,2,0.0375
25124,3,0.03125
25125,2,0.0375
25126,2,0.0375
25127,1,0.04375
25128,3,0.03125
25129,2,0.0375
25130,2,0.0375
25131,1,0.04375
25132,2,0.0375
25133,1,0.04375
25134,1,0.04375
25135,0,0.05
25136,3,0.03125
25137,2,0.0375
25138,2,0.0375
25139,1,0.04375
25140,2,0.0375
25141,1,0.04375
25142,1,0.04375
25143,0,0.05
25144,2,0.0375
25145,1,0.04375
25146,1,0.04375
25147,0,0.05
25148,1,0.04375
25149,0,0.05
25150,0,0.05
25151,1,0.05625
25152,4,0.025
25153,3,0.03125
25154,3,0.03125
25155,2,0.0375
25156,3,0.03125
25157,2,0.0375
25158,2,0.0375
25159,1,0.04375
25160,3,0.03125
25161,2,0.0375
25162,2,0.0375
25163,1,0.04375
25164,2,0.0375
25165,1,0.04375
25166,1,0.04375
25167,0,0.05
25168,3,0.03125
25169,2,0.0375
25170,2,0.0375
25171,1,0.04375
25172,2,0.0375
25173,1,0.04375
25174,1,0.04375
25175,0,0.05
25176,2,0.0375
25177,1,0.04375
25178,1,0.04375
25179,0,0.05
25180,1,0.04375
25181,0,0.05
25182,0,0.05
25183,1,0.05625
25184,3,0.03125
25185,2,0.0375
25186,2,0.0375
25187,1,0.04375
25188,2,0.0375
25189,1,0.04375
25190,1,0.04375
25191,0,0.05
25192,2,0.0375
25193,1,0.04375
25194,1,0.04375
25195,0,0.05
25196,1,0.04375
25197,0,0.05
25198,0,0.05
25199,1,0.05625
25200,2,0.0375
25201,1,0.04375
25202,1,0.04375
25203,0,0.05
25204,1,0.04375
25205,0,0.05
25206,0,0.05
25207,1,0.05625
25208,1,0.04375
25209,0,0.05
25210,0,0.05
25211,1,0.05625
25212,0,0.05
25213,1,0.05625
25214,1,0.05625
25215,2,0.0625
25216,4,0.025
25217,3,0.03125
25218,3,0.03125
25219,2,0.0375
25220,3,0.03125
25221,2,0.0375
25222,2,0.0375
25223,1,0.04375
25224,3,0.03125
25225,2,0.0375
25226,2,0.0375
25227,1,0.04375
25228,2,0.0375
25229,1,0.04375
25230,1,0.04375
25231,0,0.05
25232,3,0.03125
25233,2,0.0375
25234,2,0.0375
25235,1,0.04375
25236,2,0.0375
25237,1,0.04375
25238,1,0.04375
25239,0,0.05
25240,2,0.0375
25241,1,0.04375
25242,1,0.04375
25243,0,0.05
25244,1,0.04375
25245,0,0.05
25246,0,0.05
25247,1,0.05625
25248,3,0.03125
25249,2,0.0375
25250,2,0.0375
25251,1,0.04375
25252,2,0.0375
25253,1,0.04375
25254,1,0.04375
25255,0,0.05
25256,2,0.0375
25257,1,0.04375
25258,1,0.04375
25259,0,0.05
25260,1,0.04375
25261,0,0.05
25262,0,0.05
25263,1,0.05625
25264,2,0.0375
25265,1,0.04375
25266,1,0.04375
25267,0,0.05
25268,1,0.04375
25269,0,0.05
25270,0,0.05
25271,1,0.05625
25272,1,0.04375
25273,0,0.05
25274,0,0.05
25275,1,0.05625
25276,0,0.05
25277,1,0.05625
25278,1,0.05625
25279,2,0.0625
25280,3,0.03125
25281,2,0.0375
25282,2,0.0375
25283,1,0.04375
25284,2,0.0375
25285,1,0.04375
25286,1,0.04375
25287,0,0.05
25288,2,0.0375
25289,1,0.04375
25290,1,0.04375
25291,0,0.05
25292,1,0.04375
25293,0,0.05
25294,0,0.05
25295,1,0.05625
25296,2,0.0375
25297,1,0.04375
25298,1,0.04375
25299,0,0.05
25300,1,0.04375
25301,0,0.05
25302,0,0.05
25303,1,0.05625
25304,1,0.04375
25305,0,0.05
25306,0,0.05
25307,1,0.05625
25308,0,0.05
25309,1,0.05625
25310,1,0.05625
25311,2,0.0625
25312,2,0.0375
25313,1,0.04375
25314,1,0.04375
25315,0,0.05
25316,1,0.04375
25317,0,0.05
25318,0,0.05
25319,1,0.05625
25320,1,0.04375
25321,0,0.05
25322,0,0.05
25323,1,0.05625
25324,0,0.05
25325,1,0.05625
25326,1,0.05625
25327,2,0.0625
25328,1,0.04375
25329,0,0.05
25330,0,0.05
25331,1,0.05625
25332,0,0.05
25333,1,0.05625
25334,1,0.05625
25335,2,0.0625
25336,0,0.05
25337,1,0.05625
25338,1,0.05625
25339,2,0.0625
25340,1,0.05625
25341,2,0.0625
25342,2,0.0625
25343,3,0.06875
25344,4,0.025
25345,3,0.03125
25346,3,0.03125
25347,2,0.0375
25348,3,0.03125
25349,2,0.0375
25350,2,0.0375
25351,1,0.04375
25352,3,0.03125
25353,2,0.0375
25354,2,0.0375
25355,1,0.04375
25356,2,0.0375
25357,1,0.04375
25358,1,0.04375
25359,0,0.05
25360,3,0.03125
25361,2,0.0375
25362,2,0.0375
25363,1,0.04375
25364,2,0.0375
25365,1,0.04375
25366,1,0.04375
25367,0,0.05
25368,2,0.0375
25369,1,0.04375
25370,1,0.04375
25371,0,0.05
25372,1,0.04375
25373,0,0.05
25374,0,0.05
25375,1,0.05625
25376,3,0.03125
25377,2,0.0375
25378,2,0.0375
25379,1,0.04375
25380,2,0.0375
25381,1,0.04375
25382,1,0.04375
25383,0,0.05
25384,2,0.0375
25385,1,0.04375
25386,1,0.04375
25387,0,0.05
25388,1,0.04375
25389,0,0.05
25390,0,0.05
25391,1,0.05625
25392,2,0.0375
25393,1,0.04375
25394,1,0.04375
25395,0,0.05
25396,1,0.04375
25397,0,0.05
25398,0,0.05
25399,1,0.05625
25400,1,0.04375
25401,0,0.05
25402,0,0.05
25403,1,0.05625
25404,0,0.05
25405,1,0.05625
25406,1,0.05625
25407,2,0.0625
25408,3,0.03125
25409,2,0.0375
25410,2,0.0375
25411,1,0.04375
25412,2,0.0375
25413,1,0.04375
25414,1,0.04375
25415,0,0.05
25416,2,0.0375
25417,1,0.04375
25418,1,0.04375
25419,0,0.05
25420,1,0.04375
25421,0,0.05
25422,0,0.05
25423,1,0.05625
25424,2,0.0375
25425,1,0.04375
25426,1,0.04375
25427,0,0.05
25428,1,0.04375
25429,0,0.05
25430,0,0.05
25431,1,0.05625
25432,1,0.04375
25433,0,0.05
25434,0,0.05
25435,1,0.05625
25436,0,0.05
25437,1,0.05625
25438,1,0.05625
25439,2,0.0625
25440,2,0.0375
25441,1,0.04375
25442,1,0.04375
25443,0,0.05
25444,1,0.04375
25445,0,0.05
25446,0,0.05
25447,1,0.05625
25448,1,0.04375
25449,0,0.05
25450,0,0.05
25451,1,0.05625
25452,0,0.05
25453,1,0.05625
25454,1,0.05625
25455,2,0.0625
25456,1,0.04375
25457,0,0.05
25458,0,0.05
25459,1,0.05625
25460,0,0.05
25461,1,0.05625
25462,1,0.05625
25463,2,0.0625
25464,0,0.05
25465,1,0.05625
25466,1,0.05625
25467,2,0.0625
25468,1,0.05625
25469,2,0.0625
25470,2,0.0625
25471,3,0.06875
25472,3,0.03125
25473,2,0.0375
25474,2,0.0375
25475,1,0.04375
25476,2,0.0375
25477,1,0.04375
25478,1,0.04375
25479,0,0.05
25480,2,0.0375
25481,1,0.04375
25482,1,0.04375
25483,0,0.05
25484,1,0.04375
25485,0,0.05
25486,0,0.05
25487,1,0.05625
25488,2,0.0375
25489,1,0.04375
25490,1,0.04375
25491,0,0.05
25492,1,0.04375
25493,0,0.05
25494,0,0.05
25495,1,0.05625
25496,1,0.04375
25497,0,0.05
25498,0,0.05
25499,1,0.05625
25500,0,0.05
25501,1,0.05625
25502,1,0.05625
25503,2,0.0625
25504,2,0.0375
25505,1,0.04375
25506,1,0.04375
25507,0,0.05
25508,1,0.04375
25509,0,0.05
25510,0,0.05
25511,1,0.05625
25512,1,0.04375
25513,0,0.05
25514,0,0.05
25515,1,0.05625
25516,0,0.05
25517,1,0.05625
25518,1,0.05625
25519,2,0.0625
25520,1,0.04375
25521,0,0.05
25522,0,0.05
25523,1,0.05625
25524,0,0.05
25525,1,0.05625
25526,1,0.05625
25527,2,0.0625
25528,0,0.05
25529,1,0.05625
25530,1,0.05625
25531,2,0.0625
25532,1,0.05625
25533,2,0.0625
25534,2,0.0625
25535,3,0.06875
25536,2,0.0375
25537,1,0.04375
25538,1,0.04375
25539,0,0.05
25540,1,0.04375
25541,0,0.05
25542,0,0.05
25543,1,0.05625
25544,1,0.04375
25545,0,0.05
25546,0,0.05
25547,1,0.05625
25548,0,0.05
25549,1,0.05625
25550,1,0.05625
25551,2,0.0625
25552,1,0.04375
25553,0,0.05
25554,0,0.05
25555,1,0.05625
25556,0,0.05
25557,1,0.05625
25558,1,0.05625
25559,2,0.0625
25560,0,0.05
25561,1,0.05625
25562,1,0.05625
25563,2,0.0625
25564,1,0.05625
25565,2,0.0625
25566,2,0.0625
25567,3,0.06875
25568,1,0.04375
25569,0,0.05
25570,0,0.05
25571,1,0.05625
25572,0,0.05
25573,1,0.05625
25574,1,0.05625
25575,2,0.0625
25576,0,0.05
25577,1,0.05625
25578,1,0.05625
25579,2,0.0625
25580,1,0.05625
25581,2,0.0625
25582,2,0.0625
25583,3,0.06875
25584,0,0.05
25585,1,0.05625
25586,1,0.05625
25587,2,0.0625
25588,1,0.05625
25589,2,0.0625
25590,2,0.0625
25591,3,0.06875
25592,1,0.05625
25593,2,0.0625
25594,2,0.0625
25595,3,0.06875
25596,2,0.0625
25597,3,0.06875
25598,3,0.06875
25599,4,0.075
25600,3,0.01875
25601,4,0.025
25602,4,0.025
25603,3,0.03125
25604,4,0.025
25605,3,0.03125
25606,3,0.03125
25607,2,0.0375
25608,4,0.025
25609,3,0.03125
25610,3,0.03125
25611,2,0.0375
25612,3,0.03125
25613,2,0.0375
25614,2,0.0375
25615,1,0.04375
25616,4,0.025
25617,3,0.03125
25618,3,0.03125
25619,2,0.0375
25620,3,0.03125
25621,2,0.0375
25622,2,0.0375
25623,1,0.04375
25624,3,0.03125
25625,2,0.0375
25626,2,0.0375
25627,1,0.04375
25628,2,0.0375
25629,1,0.04375
25630,1,0.04375
25631,0,0.05
25632,4,0.025
25633,3,0.03125
25634,3,0.03125
25635,2,0.0375
25636,3,0.03125
25637,2,0.0375
25638,2,0.0375
25639,1,0.04375
25640,3,0.03125
25641,2,0.0375
25642,2,0.0375
25643,1,0.04375
25644,2,0.0375
25645,1,0.04375
25646,1,0.04375
25647,0,0.05
25648,3,0.03125
25649,2,0.0375
25650,2,0.0375
25651,1,0.04375
25652,2,0.0375
25653,1,0.04375
25654,1,0.04375
25655,0,0.05
25656,2,0.0375
25657,1,0.04375
25658,1,0.04375
25659,0,0.05
25660,1,0.04375
25661,0,0.05
25662,0,0.05
25663,1,0.05625
25664,4,0.025
25665,3,0.03125
25666,3,0.03125
25667,2,0.0375
25668,3,0.03125
25669,2,0.0375
25670,2,0.0375
25671,1,0.04375
25672,3,0.03125
25673,2,0.0375
25674,2,0.0375
25675,1,0.04375
25676,2,0.0375
25677,1,0.04375
25678,1,0.04375
25679,0,0.05
25680,3,0.03125
25681,2,0.0375
25682,2,0.0375
25683,1,0.04375
25684,2,0.0375
25685,1,0.04375
25686,1,0.04375
25687,0,0.05
25688,2,0.0375
25689,1,0.04375
25690,1,0.04375
25691,0,0.05
25692,1,0.04375
25693,0,0.05
25694,0,0.05
25695,1,0.05625
25696,3,0.03125
25697,2,0.0375
25698,2,0.0375
25699,1,0.04375
25700,2,0.0375
25701,1,0.04375
25702,1,0.04375
25703,0,0.05
25704,2,0.0375
25705,1,0.04375
25706,1,0.04375
25707,0,0.05
25708,1,0.04375
25709,0,0.05
25710,0,0.05
25711,1,0.05625
25712,2,0.0375
25713,1,0.04375
25714,1,0.04375
25715,0,0.05
25716,1,0.04375
25717,0,0.05
25718,0,0.05
25719,1,0.05625
25720,1,0.04375
25721,0,0.05
25722,0,0.05
25723,1,0.05625
25724,0,0.05
25725,1,0.05625
25726,1,0.05625
25727,2,0.0625
25728,4,0.025
25729,3,0.03125
25730,3,0.03125
25731,2,0.0375
25732,3,0.03125
25733,2,0.0375
25734,2,0.0375
25735,1,0.04375
25736,3,0.03125
25737,2,0.0375
25738,2,0.0375
25739,1,0.04375
25740,2,0.0375
25741,1,0.04375
25742,1,0.04375
25743,0,0.05
25744,3,0.03125
25745,2,0.0375
25746,2,0.0375
25747,1,0.04375
25748,2,0.0375
25749,1,0.04375
25750,1,0.04375
25751,0,0.05
25752,2,0.0375
25753,1,0.04375
25754,1,0.04375
25755,0,0.05
25756,1,0.04375
25757,0,0.05
25758,0,0.05
25759,1,0.05625
25760,3,0.03125
25761,2,0.0375
25762,2,0.0375
25763,1,0.04375
25764,2,0.0375
25765,1,0.04375
25766,1,0.04375
25767,0,0.05
25768,2,0.0375
25769,1,0.04375
25770,1,0.04375
25771,0,0.05
25772,1,0.04375
25773,0,0.05
25774,0,0.05
25775,1,0.05625
25776,2,0.0375
25777,1,0.04375
25778,1,0.04375
25779,0,0.05
25780,1,0.04375
25781,0,0.05
25782,0,0.05
25783,1,0.05625
25784,1,0.04375
25785,0,0.05
25786,0,0.05
25787,1,0.05625
25788,0,0.05
25789,1,0.05625
25790,1,0.05625
25791,2,0.0625
25792,3,0.03125
25793,2,0.0375
25794,2,0.0375
25795,1,0.04375
25796,2,0.0375
25797,1,0.04375
25798,1,0.04375
25799,0,0.05
25800,2,0.0375
25801,1,0.04375
25802,1,0.04375
25803,0,0.05
25804,1,0.04375
25805,0,0.05
25806,0,0.05
25807,1,0.05625
25808,2,0.0375
25809,1,0.04375
25810,1,0.04375
25811,0,0.05
25812,1,0.04375
25813,0,0.05
25814,0,0.05
25815,1,0.05625
25816,1,0.04375
25817,0,0.05
25818,0,0.05
25819,1,0.05625
25820,0,0.05
25821,1,0.05625
25822,1,0.05625
25823,2,0.0625
25824,2,0.0375
25825,1,0.04375
25826,1,0.04375
25827,0,0.05
25828,1,0.04375
25829,0,0.05
25830,0,0.05
25831,1,0.05625
25832,1,0.04375
25833,0,0.05
25834,0,0.05
25835,1,0.05625
25836,0,0.05
25837,1,0.05625
25838,1,0.05625
25839,2,0.0625
25840,1,0.04375
25841,0,0.05
25842,0,0.05
25843,1,0.05625
25844,0,0.05
25845,1,0.05625
25846,1,0.05625
25847,2,0.0625
25848,0,0.05
25849,1,0.05625
25850,1,0.05625
25851,2,0.0625
25852,1,0.05625
25853,2,0.0625
25854,2,0.0625
25855,3,0.06875
25856,4,0.025
25857,3,0.03125
25858,3,0.03125
25859,2,0.0375
25860,3,0.03125
25861,2,0.0375
25862,2,0.0375
25863,1,0.04375
25864,3,0.03125
25865,2,0.0375
25866,2,0.0375
25867,1,0.04375
25868,2,0.0375
25869,1,0.04375
25870,1,0.04375
25871,0,0.05
25872,3,0.03125
25873,2,0.0375
25874,2,0.0375
25875,1,0.04375
25876,2,0.0375
25877,1,0.04375
25878,1,0.04375
25879,0,0.05
25880,2,0.0375
25881,1,0.04375
25882,1,0.04375
25883,0,0.05
25884,1,0.04375
25885,0,0.05
25886,0,0.05
25887,1,0.05625
25888,3,0.03125
25889,2,0.0375
25890,2,0.0375
25891,1,0.04375
25892,2,0.0375
25893,1,0.04375
25894,1,0.04375
25895,0,0.05
25896,2,0.0375
25897,1,0.04375
25898,1,0.04375
25899,0,0.05
25900,1,0.04375
25901,0,0.05
25902,0,0.05
25903,1,0.05625
25904,2,0.0375
25905,1,0.04375
25906,1,0.04375
25907,0,0.05
25908,1,0.04375
25909,0,0.05
25910,0,0.05
25911,1,0.05625
25912,1,0.04375
25913,0,0.05
25914,0,0.05
25915,1,0.05625
25916,0,0.05
25917,1,0.05625
25918,1,0.05625
25919,2,0.0625
25920,3,0.03125
25921,2,0.0375
25922,2,0.0375
25923,1,0.04375
25924,2,0.0375
25925,1,0.04375
25926,1,0.04375
25927,0,0.05
25928,2,0.0375
25929,1,0.04375
25930,1,0.04375
25931,0,0.05
25932,1,0.04375
25933,0,0.05
25934,0,0.05
25935,1,0.05625
25936,2,0.0375
25937,1,0.04375
25938,1,0.04375
25939,0,0.05
25940,1,0.04375
25941,0,0.05
25942,0,0.05
25943,1,0.05625
25944,1,0.04375
25945,0,0.05
25946,0,0.05
25947,1,0.05625
25948,0,0.05
25949,1,0.05625
25950,1,0.05625
25951,2,0.0625
25952,2,0.0375
25953,1,0.04375
25954,1,0.04375
25955,0,0.05
25956,1,0.04375
25957,0,0.05
25958,0,0.05
25959,1,0.05625
25960,1,0.04375
25961,0,0.05
25962,0,0.05
25963,1,0.05625
25964,0,0.05
25965,1,0.05625
25966,1,0.05625
25967,2,0.0625
25968,1,0.04375
25969,0,0.05
25970,0,0.05
25971,1,0.05625
25972,0,0.05
25973,1,0.05625
25974,1,0.05625
25975,2,0.0625
25976,0,0.05
25977,1,0.05625
25978,1,0.05625
25979,2,0.0625
25980,1,0.05625
25981,2,0.0625
25982,2,0.0625
25983,3,0.06875
25984,3,0.03125
25985,2,0.0375
25986,2,0.0375
25987,1,0.04375
25988,2,0.0375
25989,1,0.04375
25990,1,0.04375
25991,0,0.05
25992,2,0.0375
25993,1,0.04375
25994,1,0.04375
25995,0,0.05
25996,1,0.04375
25997,0,0.05
25998,0,0.05
25999,1,0.05625
26000,2,0.0375
26001,1,0.04375
26002,1,0.04375
26003,0,0.05
26004,1,0.04375
26005,0,0.05
26006,0,0.05
26007,1,0.05625
26008,1,0.04375
26009,0,0.05
26010,0,0.05
26011,1,0.05625
26012,0,0.05
26013,1,0.05625
26014,1,0.05625
26015,2,0.0625
26016,2,0.0375
26017,1,0.04375
26018,1,0.04375
26019,0,0.05
26020,1,0.04375
26021,0,0.05
26022,0,0.05
26023,1,0.05625
26024,1,0.04375
26025,0,0.05
26026,0,0.05
26027,1,0.05625
26028,0,0.05
26029,1,0.05625
26030,1,0.05625
26031,2,0.0625
26032,1,0.04375
26033,0,0.05
26034,0,0.05
26035,1,0.05625
26036,0,0.05
26037,1,0.05625
26038,1,0.05625
26039,2,0.0625
26040,0,0.05
26041,1,0.05625
26042,1,0.05625
26043,2,0.0625
26044,1,0.05625
26045,2,0.0625
26046,2,0.0625
26047,3,0.06875
26048,2,0.0375
26049,1,0.04375
26050,1,0.04375
26051,0,0.05
26052,1,0.04375
26053,0,0.05
26054,0,0.05
26055,1,0.05625
26056,1,0.04375
26057,0,0.05
26058,0,0.05
26059,1,0.05625
26060,0,0.05
26061,1,0.05625
26062,1,0.05625
26063,2,0.0625
26064,1,0.04375
26065,0,0.05
26066,0,0.05
26067,1,0.05625
26068,0,0.05
26069,1,0.05625
26070,1,0.05625
26071,2,0.0625
26072,0,0.05
26073,1,0.05625
26074,1,0.05625
26075,2,0.0625
26076,1,0.05625
26077,2,0.0625
26078,2,0.0625
26079,3,0.06875
26080,1,0.04375
26081,0,0.05
26082,0,0.05
26083,1,0.05625
26084,0,0.05
26085,1,0.05625
26086,1,0.05625
26087,2,0.0625
26088,0,0.05
26089,1,0.05625
26090,1,0.05625
26091,2,0.0625
26092,1,0.05625
26093,2,0.0625
26094,2,0.0625
26095,3,0.06875
26096,0,0.05
26097,1,0.05625
26098,1,0.05625
26099,2,0.0625
26100,1,0.05625
26101,2,0.0625
26102,2,0.0625
26103,3,0.06875
26104,1,0.05625
26105,2,0.0625
26106,2,0.0625
26107,3,0.06875
26108,2,0.0625
26109,3,0.06875
26110,3,0.06875
26111,4,0.075
26112,4,0.025
26113,3,0.03125
26114,3,0.03125
26115,2,0.0375
26116,3,0.03125
26117,2,0.0375
26118,2,0.0375
26119,1,0.04375
26120,3,0.03125
26121,2,0.0375
26122,2,0.0375
26123,1,0.04375
26124,2,0.0375
26125,1,0.04375
26126,1,0.04375
26127,0,0.05
26128,3,0.03125
26129,2,0.0375
26130,2,0.0375
26131,1,0.04375
26132,2,0.0375
26133,1,0.04375
26134,1,0.04375
26135,0,0.05
26136,2,0.0375
26137,1,0.04375
26138,1,0.04375
26139,0,0.05
26140,1,0.04375
26141,0,0.05
26142,0,0.05
26143,1,0.05625
26144,3,0.03125
26145,2,0.0375
26146,2,0.0375
26147,1,0.04375
26148,2,0.0375
26149,1,0.04375
26150,1,0.04375
26151,0,0.05
26152,2,0.0375
26153,1,0.04375
26154,1,0.04375
26155,0,0.05
26156,1,0.04375
26157,0,0.05
26158,0,0.05
26159,1,0.05625
26160,2,0.0375
26161,1,0.04375
26162,1,0.04375
26163,0,0.05
26164,1,0.04375
26165,0,0.05
26166,0,0.05
26167,1,0.05625
26168,1,0.04375
26169,0,0.05
26170,0,0.05
26171,1,0.05625
26172,0,0.05
26173,1,0.05625
26174,1,0.05625
26175,2,0.0625
26176,3,0.03125
26177,2,0.0375
26178,2,0.0375
26179,1,0.04375
26180,2,0.0375
26181,1,0.04375
26182,1,0.04375
26183,0,0.05
26184,2,0.0375
26185,1,0.04375
26186,1,0.04375
26187,0,0.05
26188,1,0.04375
26189,0,0.05
26190,0,0.05
26191,1,0.05625
26192,2,0.0375
26193,1,0.04375
26194,1,0.04375
26195,0,0.05
26196,1,0.04375
26197,0,0.05
26198,0,0.05
26199,1,0.05625
26200,1,0.04375
26201,0,0.05
26202,0,0.05
26203,1,0.05625
26204,0,0.05
26205,1,0.05625
26206,1,0.05625
26207,2,0.0625
26208,2,0.0375
26209,1,0.04375
26210,1,0.04375
26211,0,0.05
26212,1,0.04375
26213,0,0.05
26214,0,0.05
26215,1,0.05625
26216,1,0.04375
26217,0,0.05
26218,0,0.05
26219,1,0.05625
26220,0,0.05
26221,1,0.05625
26222,1,0.05625
26223,2,0.0625
26224,1,0.04375
26225,0,0.05
26226,0,0.05
26227,1,0.05625
26228,0,0.05
26229,1,0.05625
26230,1,0.05625
26231,2,0.0625
26232,0,0.05
26233,1,0.05625
26234,1,0.05625
26235,2,0.0625
26236,1,0.05625
26237,2,0.0625
26238,2,0.0625
26239,3,0.06875
26240,3,0.03125
26241,2,0.0375
26242,2,0.0375
26243,1,0.04375
26244,2,0.0375
26245,1,0.04375
26246,1,0.04375
26247,0,0.05
26248,2,0.0375
26249,1,0.04375
26250,1,0.04375
26251,0,0.05
26252,1,0.04375
26253,0,0.05
26254,0,0.05
26255,1,0.05625
26256,2,0.0375
26257,1,0.04375
26258,1,0.04375
26259,0,0.05
26260,1,0.04375
26261,0,0.05
26262,0,0.05
26263,1,0.05625
26264,1,0.04375
26265,0,0.05
26266,0,0.05
26267,1,0.05625
26268,0,0.05
26269,1,0.05625
26270,1,0.05625
26271,2,0.0625
26272,2,0.0375
26273,1,0.04375
26274,1,0.04375
26275,0,0.05
26276,1,0.04375
26277,0,0.05
26278,0,0.05
26279,1,0.05625
26280,1,0.04375
26281,0,0.05
26282,0,0.05
26283,1,0.05625
26284,0,0.05
26285,1,0.05625
26286,1,0.05625
26287,2,0.0625
26288,1,0.04375
26289,0,0.05
26290,0,0.05
26291,1,0.05625
26292,0,0.05
26293,1,0.05625
26294,1,0.05625
26295,2,0.0625
26296,0,0.05
26297,1,0.05625
26298,1,0.05625
26299,2,0.0625
26300,1,0.05625
26301,2,0.0625
26302,2,0.0625
26303,3,0.06875
26304,2,0.0375
26305,1,0.04375
26306,1,0.04375
26307,0,0.05
26308,1,0.04375
26309,0,0.05
26310,0,0.05
26311,1,0.05625
26312,1,0.04375
26313,0,0.05
26314,0,0.05
26315,1,0.05625
26316,0,0.05
26317,1,0.05625
26318,1,0.05625
26319,2,0.0625
26320,1,0.04375
26321,0,0.05
26322,0,0.05
26323,1,0.05625
26324,0,0.05
26325,1,0.05625
26326,1,0.05625
26327,2,0.0625
26328,0,0.05
26329,1,0.05625
26330,1,0.05625
26331,2,0.0625
26332,1,0.05625
26333,2,0.0625
26334,2,0.0625
26335,3,0.06875
26336,1,0.04375
26337,0,0.05
26338,0,0.05
26339,1,0.05625
26340,0,0.05
26341,1,0.05625
26342,1,0.05625
26343,2,0.0625
26344,0,0.05
26345,1,0.05625
26346,1,0.05625
26347,2,0.0625
26348,1,0.05625
26349,2,0.0625
26350,2,0.0625
26351,3,0.06875
26352,0,0.05
26353,1,0.05625
26354,1,0.05625
26355,2,0.0625
26356,1,0.05625
26357,2,0.0625
26358,2,0.0625
26359,3,0.06875
26360,1,0.05625
26361,2,0.0625
26362,2,0.0625
26363,3,0.06875
26364,2,0.0625
26365,3,0.06875
26366,3,0.06875
26367,4,0.075
26368,3,0.03125
26369,2,0.0375
26370,2,0.0375
26371,1,0.04375
26372,2,0.0375
26373,1,0.04375
26374,1,0.04375
26375,0,0.05
26376,2,0.0375
26377,1,0.04375
26378,1,0.04375
26379,0,0.05
26380,1,0.04375
26381,0,0.05
26382,0,0.05
26383,1,0.05625
26384,2,0.0375
26385,1,0.04375
26386,1,0.04375
26387,0,0.05
26388,1,0.04375
26389,0,0.05
26390,0,0.05
26391,1,0.05625
26392,1,0.04375
26393,0,0.05
26394,0,0.05
26395,1,0.05625
26396,0,0.05
26397,1,0.05625
26398,1,0.05625
26399,2,0.0625
26400,2,0.0375
26401,1,0.04375
26402,1,0.04375
26403,0,0.05
26404,1,0.04375
26405,0,0.05
26406,0,0.05
26407,1,0.05625
26408,1,0.04375
26409,0,0.05
26410,0,0.05
26411,1,0.05625
26412,0,0.05
26413,1,0.05625
26414,1,0.05625
26415,2,0.0625
26416,1,0.04375
26417,0,0.05
26418,0,0.05
26419,1,0.05625
26420,0,0.05
26421,1,0.05625
26422,1,0.05625
26423,2,0.0625
26424,0,0.05
26425,1,0.05625
26426,1,0.05625
26427,2,0.0625
26428,1,0.05625
26429,2,0.0625
26430,2,0.0625
26431,3,0.06875
26432,2,0.0375
26433,1,0.04375
26434,1,0.04375
26435,0,0.05
26436,1,0.04375
26437,0,0.05
26438,0,0.05
26439,1,0.05625
26440,1,0.04375
26441,0,0.05
26442,0,0.05
26443,1,0.05625
26444,0,0.05
26445,1,0.05625
26446,1,0.05625
26447,2,0.0625
26448,1,0.04375
26449,0,0.05
26450,0,0.05
26451,1,0.05625
26452,0,0.05
26453,1,0.05625
26454,1,0.05625
26455,2,0.0625
26456,0,0.05
26457,1,0.05625
26458,1,0.05625
26459,2,0.0625
26460,1,0.05625
26461,2,0.0625
26462,2,0.0625
26463,3,0.06875
26464,1,0.04375
26465,0,0.05
26466,0,0.05
26467,1,0.05625
26468,0,0.05
26469,1,0.05625
26470,1,0.05625
26471,2,0.0625
26472,0,0.05
26473,1,0.05625
26474,1,0.05625
26475,2,0.0625
26476,1,0.05625
26477,2,0.0625
26478,2,0.0625
26479,3,0.06875
26480,0,0.05
26481,1,0.05625
26482,1,0.05625
26483,2,0.0625
26484,1,0.05625
26485,2,0.0625
26486,2,0.0625
26487,3,0.06875
26488,1,0.05625
26489,2,0.0625
26490,2,0.0625
26491,3,0.06875
26492,2,0.0625
26493,3,0.06875
26494,3,0.06875
26495,4,0.075
26496,2,0.0375
26497,1,0.04375
26498,1,0.04375
26499,0,0.05
26500,1,0.04375
26501,0,0.05
26502,0,0.05
26503,1,0.05625
26504,1,0.04375
26505,0,0.05
26506,0,0.05
26507,1,0.05625
26508,0,0.05
26509,1,0.05625
26510,1,0.05625
26511,2,0.0625
26512,1,0.04375
26513,0,0.05
26514,0,0.05
26515,1,0.05625
26516,0,0.05
26517,1,0.05625
26518,1,0.05625
26519,2,0.0625
26520,0,0.05
26521,1,0.05625
26522,1,0.05625
26523,2,0.0625
26524,1,0.05625
26525,2,0.0625
26526,2,0.0625
26527,3,0.06875
26528,1,0.04375
26529,0,0.05
26530,0,0.05
26531,1,0.05625
26532,0,0.05
26533,1,0.05625
26534,1,0.05625
26535,2,0.0625
26536,0,0.05
26537,1,0.05625
26538,1,0.05625
26539,2,0.0625
26540,1,0.05625
26541,2,0.0625
26542,2,0.0625
26543,3,0.06875
26544,0,0.05
26545,1,0.05625
26546,1,0.05625
26547,2,0.0625
26548,1,0.05625
26549,2,0.0625
26550,2,0.0625
26551,3,0.06875
26552,1,0.05625
26553,2,0.0625
26554,2,0.0625
26555,3,0.06875
26556,2,0.0625
26557,3,0.06875
26558,3,0.06875
26559,4,0.075
26560,1,0.04375
26561,0,0.05
26562,0,0.05
26563,1,0.05625
26564,0,0.05
26565,1,0.05625
26566,1,0.05625
26567,2,0.0625
26568,0,0.05
26569,1,0.05625
26570,1,0.05625
26571,2,0.0625
26572,1,0.05625
26573,2,0.0625
26574,2,0.0625
26575,3,0.06875
26576,0,0.05
26577,1,0.05625
26578,1,0.05625
26579,2,0.0625
26580,1,0.05625
26581,2,0.0625
26582,2,0.0625
26583,3,0.06875
26584,1,0.05625
26585,2,0.0625
26586,2,0.0625
26587,3,0.06875
26588,2,0.0625
26589,3,0.06875
26590,3,0.06875
26591,4,0.075
26592,0,0.05
26593,1,0.05625
26594,1,0.05625
26595,2,0.0625
26596,1,0.05625
26597,2,0.0625
26598,2,0.0625
26599,3,0.06875
26600,1,0.05625
26601,2,0.0625
26602,2,0.0625
26603,3,0.06875
26604,2,0.0625
26605,3,0.06875
26606,3,0.06875
26607,4,0.075
26608,1,0.05625
26609,2,0.0625
26610,2,0.0625
26611,3,0.06875
26612,2,0.0625
26613,3,0.06875
26614,3,0.06875
26615,4,0.075
26616,2,0.0625
26617,3,0.06875
26618,3,0.06875
26619,4,0.075
26620,3,0.06875
26621,4,0.075
26622,4,0.075
26623,3,0.08125
26624,3,0.01875
26625,4,0.025
26626,4,0.025
26627,3,0.03125
26628,4,0.025
26629,3,0.03125
26630,3,0.03125
26631,2,0.0375
26632,4,0.025
26633,3,0.03125
26634,3,0.03125
26635,2,0.0375
26636,3,0.03125
26637,2,0.0375
26638,2,0.0375
26639,1,0.04375
26640,4,0.025
26641,3,0.03125
26642,3,0.03125
26643,2,0.0375
26644,3,0.03125
26645,2,0.0375
26646,2,0.0375
26647,1,0.04375
26648,3,0.03125
26649,2,0.0375
26650,2,0.0375
26651,1,0.04375
26652,2,0.0375
26653,1,0.04375
26654,1,0.04375
26655,0,0.05
26656,4,0.025
26657,3,0.03125
26658,3,0.03125
26659,2,0.0375
26660,3,0.03125
26661,2,0.0375
26662,2,0.0375
26663,1,0.04375
26664,3,0.03125
26665,2,0.0375
26666,2,0.0375
26667,1,0.04375
26668,2,0.0375
26669,1,0.04375
26670,1,0.04375
26671,0,0.05
26672,3,0.03125
26673,2,0.0375
26674,2,0.0375
26675,1,0.04375
26676,2,0.0375
26677,1,0.04375
26678,1,0.04375
26679,0,0.05
26680,2,0.0375
26681,1,0.04375
26682,1,0.04375
26683,0,0.05
26684,1,0.04375
26685,0,0.05
26686,0,0.05
26687,1,0.05625
26688,4,0.025
26689,3,0.03125
26690,3,0.03125
26691,2,0.0375
26692,3,0.03125
26693,2,0.0375
26694,2,0.0375
26695,1,0.04375
26696,3,0.03125
26697,2,0.0375
26698,2,0.0375
26699,1,0.04375
26700,2,0.0375
26701,1,0.04375
26702,1,0.04375
26703,0,0.05
26704,3,0.03125
26705,2,0.0375
26706,2,0.0375
26707,1,0.04375
26708,2,0.0375
26709,1,0.04375
26710,1,0.04375
26711,0,0.05
26712,2,0.0375
26713,1,0.04375
26714,1,0.04375
26715,0,0.05
26716,1,0.04375
26717,0,0.05
26718,0,0.05
26719,1,0.05625
26720,3,0.03125
26721,2,0.0375
26722,2,0.0375
26723,1,0.04375
26724,2,0.0375
26725,1,0.04375
26726,1,0.04375
26727,0,0.05
26728,2,0.0375
26729,1,0.04375
26730,1,0.04375
26731,0,0.05
26732,1,0.04375
26733,0,0.05
26734,0,0.05
26735,1,0.05625
26736,2,0.0375
26737,1,0.04375
26738,1,0.04375
26739,0,0.05
26740,1,0.04375
26741,0,0.05
26742,0,0.05
26743,1,0.05625
26744,1,0.04375
26745,0,0.05
26746,0,0.05
26747,1,0.05625
26748,0,0.05
26749,1,0.05625
26750,1,0.05625
26751,2,0.0625
26752,4,0.025
26753,3,0.03125
26754,3,0.03125
26755,2,0.0375
26756,3,0.03125
26757,2,0.0375
26758,2,0.0375
26759,1,0.04375
26760,3,0.03125
26761,2,0.0375
26762,2,0.0375
26763,1,0.04375
26764,2,0.0375
26765,1,0.04375
26766,1,0.04375
26767,0,0.05
26768,3,0.03125
26769,2,0.0375
26770,2,0.0375
26771,1,0.04375
26772,2,0.0375
26773,1,0.04375
26774,1,0.04375
26775,0,0.05
26776,2,0.0375
26777,1,0.04375
26778,1,0.04375
26779,0,0.05
26780,1,0.04375
26781,0,0.05
26782,0,0.05
26783,1,0.05625
26784,3,0.03125
26785,2,0.0375
26786,2,0.0375
26787,1,0.04375
26788,2,0.0375
26789,1,0.04375
26790,1,0.04375
26791,0,0.05
26792,2,0.0375
26793,1,0.04375
26794,1,0.04375
26795,0,0.05
26796,1,0.04375
26797,0,0.05
26798,0,0.05
26799,1,0.05625
26800,2,0.0375
26801,1,0.04375
26802,1,0.04375
26803,0,0.05
26804,1,0.04375
26805,0,0.05
26806,0,0.05
26807,1,0.05625
26808,1,0.04375
26809,0,0.05
26810,0,0.05
26811,1,0.05625
26812,0,0.05
26813,1,0.05625
26814,1,0.05625
26815,2,0.0625
26816,3,0.03125
26817,2,0.0375
26818,2,0.0375
26819,1,0.04375
26820,2,0.0375
26821,1,0.04375
26822,1,0.04375
26823,0,0.05
26824,2,0.0375
26825,1,0.04375
26826,1,0.04375
26827,0,0.05
26828,1,0.04375
26829,0,0.05
26830,0,0.05
26831,1,0.05625
26832,2,0.0375
26833,1,0.04375
26834,1,0.04375
26835,0,0.05
26836,1,0.04375
26837,0,0.05
26838,0,0.05
26839,1,0.05625
26840,1,0.04375
26841,0,0.05
26842,0,0.05
26843,1,0.05625
26844,0,0.05
26845,1,0.05625
26846,1,0.05625
26847,2,0.0625
26848,2,0.0375
26849,1,0.04375
26850,1,0.04375
26851,0,0.05
26852,1,0.04375
26853,0,0.05
26854,0,0.05
26855,1,0.05625
26856,1,0.04375
26857,0,0.05
26858,0,0.05
26859,1,0.05625
26860,0,0.05
26861,1,0.05625
26862,1,0.05625
26863,2,0.0625
26864,1,0.04375
26865,0,0.05
26866,0,0.05
26867,1,0.05625
26868,0,0.05
26869,1,0.05625
26870,1,0.05625
26871,2,0.0625
26872,0,0.05
26873,1,0.05625
26874,1,0.05625
26875,2,0.0625
26876,1,0.05625
26877,2,0.0625
26878,2,0.0625
26879,3,0.06875
26880,4,0.025
26881,3,0.03125
26882,3,0.03125
26883,2,0.0375
26884,3,0.03125
26885,2,0.0375
26886,2,0.0375
26887,1,0.04375
26888,3,0.03125
26889,2,0.0375
26890,2,0.0375
26891,1,0.04375
26892,2,0.0375
26893,1,0.04375
26894,1,0.04375
26895,0,0.05
26896,3,0.03125
26897,2,0.0375
26898,2,0.0375
26899,1,0.04375
26900,2,0.0375
26901,1,0.04375
26902,1,0.04375
26903,0,0.05
26904,2,0.0375
26905,1,0.04375
26906,1,0.04375
26907,0,0.05
26908,1,0.04375
26909,0,0.05
26910,0,0.05
26911,1,0.05625
26912,3,0.03125
26913,2,0.0375
26914,2,0.0375
26915,1,0.04375
26916,2,0.0375
26917,1,0.04375
26918,1,0.04375
26919,0,0.05
26920,2,0.0375
26921,1,0.04375
26922,1,0.04375
26923,0,0.05
26924,1,0.04375
26925,0,0.05
26926,0,0.05
26927,1,0.05625
26928,2,0.0375
26929,1,0.04375
26930,1,0.04375
26931,0,0.05
26932,1,0.04375
26933,0,0.05
26934,0,0.05
26935,1,0.05625
26936,1,0.04375
26937,0,0.05
26938,0,0.05
26939,1,0.05625
26940,0,0.05
26941,1,0.05625
26942,1,0.05625
26943,2,0.0625
26944,3,0.03125
26945,2,0.0375
26946,2,0.0375
26947,1,0.04375
26948,2,0.0375
26949,1,0.04375
26950,1,0.04375
26951,0,0.05
26952,2,0.0375
26953,1,0.04375
26954,1,0.04375
26955,0,0.05
26956,1,0.04375
26957,0,0.05
26958,0,0.05
26959,1,0.05625
26960,2,0.0375
26961,1,0.04375
26962,1,0.04375
26963,0,0.05
26964,1,0.04375
26965,0,0.05
26966,0,0.05
26967,1,0.05625
26968,1,0.04375
26969,0,0.05
26970,0,0.05
26971,1,0.05625
26972,0,0.05
26973,1,0.05625
26974,1,0.05625
26975,2,0.0625
26976,2,0.0375
26977,1,0.04375
26978,1,0.04375
26979,0,0.05
26980,1,0.04375
26981,0,0.05
26982,0,0.05
26983,1,0.05625
26984,1,0.04375
26985,0,0.05
26986,0,0.05
26987,1,0.05625
26988,0,0.05
26989,1,0.05625
26990,1,0.05625
26991,2,0.0625
26992,1,0.04375
26993,0,0.05
26994,0,0.05
26995,1,0.05625
26996,0,0.05
26997,1,0.05625
26998,1,0.05625
26999,2,0.0625
27000,0,0.05
27001,1,0.05625
27002,1,0.05625
27003,2,0.0625
27004,1,0.05625
27005,2,0.0625
27006,2,0.0625
27007,3,0.06875
27008,3,0.03125
27009,2,0.0375
27010,2,0.0375
27011,1,0.04375
27012,2,0.0375
27013,1,0.04375
27014,1,0.04375
27015,0,0.05
27016,2,0.0375
27017,1,0.04375
27018,1,0.04375
27019,0,0.05
27020,1,0.04375
27021,0,0.05
27022,0,0.05
27023,1,0.05625
27024,2,0.0375
27025,1,0.04375
27026,1,0.04375
27027,0,0.05
27028,1,0.04375
27029,0,0.05
27030,0,0.05
27031,1,0.05625
27032,1,0.04375
27033,0,0.05
27034,0,0.05
27035,1,0.05625
27036,0,0.05
27037,1,0.05625
27038,1,0.05625
27039,2,0.0625
27040,2,0.0375
27041,1,0.04375
27042,1,0.04375
27043,0,0.05
27044,1,0.04375
27045,0,0.05
27046,0,0.05
27047,1,0.05625
27048,1,0.04375
27049,0,0.05
27050,0,0.05
27051,1,0.05625
27052,0,0.05
27053,1,0.05625
27054,1,0.05625
27055,2,0.0625
27056,1,0.04375
27057,0,0.05
27058,0,0.05
27059,1,0.05625
27060,0,0.05
27061,1,0.05625
27062,1,0.05625
27063,2,0.0625
27064,0,0.05
27065,1,0.05625
27066,1,0.05625
27067,2,0.0625
27068,1,0.05625
27069,2,0.0625
27070,2,0.0625
27071,3,0.06875
27072,2,0.0375
27073,1,0.04375
27074,1,0.04375
27075,0,0.05
27076,1,0.04375
27077,0,0.05
27078,0,0.05
27079,1,0.05625
27080,1,0.04375
27081,0,0.05
27082,0,0.05
27083,1,0.05625
27084,0,0.05
27085,1,0.05625
27086,1,0.05625
27087,2,0.0625
27088,1,0.04375
27089,0,0.05
27090,0,0.05
27091,1,0.05625
27092,0,0.05
27093,1,0.05625
27094,1,0.05625
27095,2,0.0625
27096,0,0.05
27097,1,0.05625
27098,1,0.05625
27099,2,0.0625
27100,1,0.05625
27101,2,0.0625
27102,2,0.0625
27103,3,0.06875
27104,1,0.04375
27105,0,0.05
27106,0,0.05
27107,1,0.05625
27108,0,0.05
27109,1,0.05625
27110,1,0.05625
27111,2,0.0625
27112,0,0.05
27113,1,0.05625
27114,1,0.05625
27115,2,0.0625
27116,1,0.05625
27117,2,0.0625
27118,2,0.0625
27119,3,0.06875
27120,0,0.05
27121,1,0.05625
27122,1,0.05625
27123,2,0.0625
27124,1,0.05625
27125,2,0.0625
27126,2,0.0625
27127,3,0.06875
27128,1,0.05625
27129,2,0.0625
27130,2,0.0625
27131,3,0.06875
27132,2,0.0625
27133,3,0.06875
27134,3,0.06875
27135,4,0.075
27136,4,0.025
27137,3,0.03125
27138,3,0.03125
27139,2,0.0375
27140,3,0.03125
27141,2,0.0375
27142,2,0.0375
27143,1,0.04375
27144,3,0.03125
27145,2,0.0375
27146,2,0.0375
27147,1,0.04375
27148,2,0.0375
27149,1,0.04375
27150,1,0.04375
27151,0,0.05
27152,3,0.03125
27153,2,0.0375
27154,2,0.0375
27155,1,0.04375
27156,2,0.0375
27157,1,0.04375
27158,1,0.04375
27159,0,0.05
27160,2,0.0375
27161,1,0.04375
27162,1,0.04375
27163,0,0.05
27164,1,0.04375
27165,0,0.05
27166,0,0.05
27167,1,0.05625
27168,3,0.03125
27169,2,0.0375
27170,2,0.0375
27171,1,0.04375
27172,2,0.0375
27173,1,0.04375
27174,1,0.04375
27175,0,0.05
27176,2,0.0375
27177,1,0.04375
27178,1,0.04375
27179,0,0.05
27180,1,0.04375
27181,0,0.05
27182,0,0.05
27183,1,0.05625
27184,2,0.0375
27185,1,0.04375
27186,1,0.04375
27187,0,0.05
27188,1,0.04375
27189,0,0.05
27190,0,0.05
27191,1,0.05625
27192,1,0.04375
27193,0,0.05
27194,0,0.05
27195,1,0.05625
27196,0,0.05
27197,1,0.05625
27198,1,0.05625
27199,2,0.0625
27200,3,0.03125
27201,2,0.0375
27202,2,0.0375
27203,1,0.04375
27204,2,0.0375
27205,1,0.04375
27206,1,0.04375
27207,0,0.05
27208,2,0.0375
27209,1,0.04375
27210,1,0.04375
27211,0,0.05
27212,1,0.04375
27213,0,0.05
27214,0,0.05
27215,1,0.05625
27216,2,0.0375
27217,1,0.04375
27218,1,0.04375
27219,0,0.05
27220,1,0.04375
27221,0,0.05
27222,0,0.05
27223,1,0.05625
27224,1,0.04375
27225,0,0.05
27226,0,0.05
27227,1,0.05625
27228,0,0.05
27229,1,0.05625
27230,1,0.05625
27231,2,0.0625
27232,2,0.0375
27233,1,0.04375
27234,1,0.04375
27235,0,0.05
27236,1,0.04375
27237,0,0.05
27238,0,0.05
27239,1,0.05625
27240,1,0.04375
27241,0,0.05
27242,0,0.05
27243,1,0.05625
27244,0,0.05
27245,1,0.05625
27246,1,0.05625
27247,2,0.0625
27248,1,0.04375
27249,0,0.05
27250,0,0.05
27251,1,0.05625
27252,0,0.05
27253,1,0.05625
27254,1,0.05625
27255,2,0.0625
27256,0,0.05
27257,1,0.05625
27258,1,0.05625
27259,2,0.0625
27260,1,0.05625
27261,2,0.0625
27262,2,0.0625
27263,3,0.06875
27264,3,0.03125
27265,2,0.0375
27266,2,0.0375
27267,1,0.04375
27268,2,0.0375
27269,1,0.04375
27270,1,0.04375
27271,0,0.05
27272,2,0.0375
27273,1,0.04375
27274,1,0.04375
27275,0,0.05
27276,1,0.04375
27277,0,0.05
27278,0,0.05
27279,1,0.05625
27280,2,0.0375
27281,1,0.04375
27282,1,0.04375
27283,0,0.05
27284,1,0.04375
27285,0,0.05
27286,0,0.05
27287,1,0.05625
27288,1,0.04375
27289,0,0.05
27290,0,0.05
27291,1,0.05625
27292,0,0.05
27293,1,0.05625
27294,1,0.05625
27295,2,0.0625
27296,2,0.0375
27297,1,0.04375
27298,1,0.04375
27299,0,0.05
27300,1,0.04375
27301,0,0.05
27302,0,0.05
27303,1,0.05625
27304,1,0.04375
27305,0,0.05
27306,0,0.05
27307,1,0.05625
27308,0,0.05
27309,1,0.05625
27310,1,0.05625
27311,2,0.0625
27312,1,0.04375
27313,0,0.05
27314,0,0.05
27315,1,0.05625
27316,0,0.05
27317,1,0.05625
27318,1,0.05625
27319,2,0.0625
27320,0,0.05
27321,1,0.05625
27322,1,0.05625
27323,2,0.0625
27324,1,0.05625
27325,2,0.0625
27326,2,0.0625
27327,3,0.06875
27328,2,0.0375
27329,1,0.04375
27330,1,0.04375
27331,0,0.05
27332,1,0.04375
27333,0,0.05
27334,0,0.05
27335,1,0.05625
27336,1,0.04375
27337,0,0.05
27338,0,0.05
27339,1,0.05625
27340,0,0.05
27341,1,0.05625
27342,1,0.05625
27343,2,0.0625
27344,1,0.04375
27345,0,0.05
27346,0,0.05
27347,1,0.05625
27348,0,0.05
27349,1,0.05625
27350,1,0.05625
27351,2,0.0625
27352,0,0.05
27353,1,0.05625
27354,1,0.05625
27355,2,0.0625
27356,1,0.05625
27357,2,0.0625
27358,2,0.0625
27359,3,0.06875
27360,1,0.04375
27361,0,0.05
27362,0,0.05
27363,1,0.05625
27364,0,0.05
27365,1,0.05625
27366,1,0.05625
27367,2,0.0625
27368,0,0.05
27369,1,0.05625
27370,1,0.05625
27371,2,0.0625
27372,1,0.05625
27373,2,0.0625
27374,2,0.0625
27375,3,0.06875
27376,0,0.05
27377,1,0.05625
27378,1,0.05625
27379,2,0.0625
27380,1,0.05625
27381,2,0.0625
27382,2,0.0625
27383,3,0.06875
27384,1,0.05625
27385,2,0.0625
27386,2,0.0625
27387,3,0.06875
27388,2,0.0625
27389,3,0.06875
27390,3,0.06875
27391,4,0.075
27392,3,0.03125
27393,2,0.0375
27394,2,0.0375
27395,1,0.04375
27396,2,0.0375
27397,1,0.04375
27398,1,0.04375
27399,0,0.05
27400,2,0.0375
27401,1,0.04375
27402,1,0.04375
27403,0,0.05
27404,1,0.04375
27405,0,0.05
27406,0,0.05
27407,1,0.05625
27408,2,0.0375
27409,1,0.04375
27410,1,0.04375
27411,0,0.05
27412,1,0.04375
27413,0,0.05
27414,0,0.05
27415,1,0.05625
27416,1,0.04375
27417,0,0.05
27418,0,0.05
27419,1,0.05625
27420,0,0.05
27421,1,0.05625
27422,1,0.05625
27423,2,0.0625
27424,2,0.0375
27425,1,0.04375
27426,1,0.04375
27427,0,0.05
27428,1,0.04375
27429,0,0.05
27430,0,0.05
27431,1,0.05625
27432,1,0.04375
27433,0,0.05
27434,0,0.05
27435,1,0.05625
27436,0,0.05
27437,1,0.05625
27438,1,0.05625
27439,2,0.0625
27440,1,0.04375
27441,0,0.05
27442,0,0.05
27443,1,0.05625
27444,0,0.05
27445,1,0.05625
27446,1,0.05625
27447,2,0.0625
27448,0,0.05
27449,1,0.05625
27450,1,0.05625
27451,2,0.0625
27452,1,0.05625
27453,2,0.0625
27454,2,0.0625
27455,3,0.06875
27456,2,0.0375
27457,1,0.04375
27458,1,0.04375
27459,0,0.05
27460,1,0.04375
27461,0,0.05
27462,0,0.05
27463,1,0.05625
27464,1,0.04375
27465,0,0.05
27466,0,0.05
27467,1,0.05625
27468,0,0.05
27469,1,0.05625
27470,1,0.05625
27471,2,0.0625
27472,1,0.04375
27473,0,0.05
27474,0,0.05
27475,1,0.05625
27476,0,0.05
27477,1,0.05625
27478,1,0.05625
27479,2,0.0625
27480,0,0.05
27481,1,0.05625
27482,1,0.05625
27483,2,0.0625
27484,1,0.05625
27485,2,0.0625
27486,2,0.0625
27487,3,0.06875
27488,1,0.04375
27489,0,0.05
27490,0,0.05
27491,1,0.05625
27492,0,0.05
27493,1,0.05625
27494,1,0.05625
27495,2,0.0625
27496,0,0.05
27497,1,0.05625
27498,1,0.05625
27499,2,0.0625
27500,1,0.05625
27501,2,0.0625
27502,2,0.0625
27503,3,0.06875
27504,0,0.05
27505,1,0.05625
27506,1,0.05625
27507,2,0.0625
27508,1,0.05625
27509,2,0.0625
27510,2,0.0625
27511,3,0.06875
27512,1,0.05625
27513,2,0.0625
27514,2,0.0625
27515,3,0.06875
27516,2,0.0625
27517,3,0.06875
27518,3,0.06875
27519,4,0.075
27520,2,0.0375
27521,1,0.04375
27522,1,0.04375
27523,0,0.05
27524,1,0.04375
27525,0,0.05
27526,0,0.05
27527,1,0.05625
27528,1,0.04375
27529,0,0.05
27530,0,0.05
27531,1,0.05625
27532,0,0.05
27533,1,0.05625
27534,1,0.05625
27535,2,0.0625
27536,1,0.04375
27537,0,0.05
27538,0,0.05
27539,1,0.05625
27540,0,0.05
27541,1,0.05625
27542,1,0.05625
27543,2,0.0625
27544,0,0.05
27545,1,0.05625
27546,1,0.05625
27547,2,0.0625
27548,1,0.05625
27549,2,0.0625
27550,2,0.0625
27551,3,0.06875
27552,1,0.04375
27553,0,0.05
27554,0,0.05
27555,1,0.05625
27556,0,0.05
27557,1,0.05625
27558,1,0.05625
27559,2,0.0625
27560,0,0.05
27561,1,0.05625
27562,1,0.05625
27563,2,0.0625
27564,1,0.05625
27565,2,0.0625
27566,2,0.0625
27567,3,0.06875
27568,0,0.05
27569,1,0.05625
27570,1,0.05625
27571,2,0.0625
27572,1,0.05625
27573,2,0.0625
27574,2,0.0625
27575,3,0.06875
27576,1,0.05625
27577,2,0.0625
27578,2,0.0625
27579,3,0.06875
27580,2,0.0625
27581,3,0.06875
27582,3,0.06875
27583,4,0.075
27584,1,0.04375
27585,0,0.05
27586,0,0.05
27587,1,0.05625
27588,0,0.05
27589,1,0.05625
27590,1,0.05625
27591,2,0.0625
27592,0,0.05
27593,1,0.05625
27594,1,0.05625
27595,2,0.0625
27596,1,0.05625
27597,2,0.0625
27598,2,0.0625
27599,3,0.06875
27600,0,0.05
27601,1,0.05625
27602,1,0.05625
27603,2,0.0625
27604,1,0.05625
27605,2,0.0625
27606,2,0.0625
27607,3,0.06875
27608,1,0.05625
27609,2,0.0625
27610,2,0.0625
27611,3,0.06875
27612,2,0.0625
27613,3,0.06875
27614,3,0.06875
27615,4,0.075
27616,0,0.05
27617,1,0.05625
27618,1,0.05625
27619,2,0.0625
27620,1,0.05625
27621,2,0.0625
27622,2,0.0625
27623,3,0.06875
27624,1,0.05625
27625,2,0.0625
27626,2,0.0625
27627,3,0.06875
27628,2,0.0625
27629,3,0.06875
27630,3,0.06875
27631,4,0.075
27632,1,0.05625
27633,2,0.0625
27634,2,0.0625
27635,3,0.06875
27636,2,0.0625
27637,3,0.06875
27638,3,0.06875
27639,4,0.075
27640,2,0.0625
27641,3,0.06875
27642,3,0.06875
27643,4,0.075
27644,3,0.06875
27645,4,0.075
27646,4,0.075
27647,3,0.08125
27648,4,0.025
27649,3,0.03125
27650,3,0.03125
27651,2,0.0375
27652,3,0.03125
27653,2,0.0375
27654,2,0.0375
27655,1,0.04375
27656,3,0.03125
27657,2,0.0375
27658,2,0.0375
27659,1,0.04375
27660,2,0.0375
27661,1,0.04375
27662,1,0.04375
27663,0,0.05
27664,3,0.03125
27665,2,0.0375
27666,2,0.0375
27667,1,0.04375
27668,2,0.0375
27669,1,0.04375
27670,1,0.04375
27671,0,0.05
27672,2,0.0375
27673,1,0.04375
27674,1,0.04375
27675,0,0.05
27676,1,0.04375
27677,0,0.05
27678,0,0.05
27679,1,0.05625
27680,3,0.03125
27681,2,0.0375
27682,2,0.0375
27683,1,0.04375
27684,2,0.0375
27685,1,0.04375
27686,1,0.04375
27687,0,0.05
27688,2,0.0375
27689,1,0.04375
27690,1,0.04375
27691,0,0.05
27692,1,0.04375
27693,0,0.05
27694,0,0.05
27695,1,0.05625
27696,2,0.0375
27697,1,0.04375
27698,1,0.04375
27699,0,0.05
27700,1,0.04375
27701,0,0.05
27702,0,0.05
27703,1,0.05625
27704,1,0.04375
27705,0,0.05
27706,0,0.05
27707,1,0.05625
27708,0,0.05
27709,1,0.05625
27710,1,0.05625
27711,2,0.0625
27712,3,0.03125
27713,2,0.0375
27714,2,0.0375
27715,1,0.04375
27716,2,0.0375
27717,1,0.04375
27718,1,0.04375
27719,0,0.05
27720,2,0.0375
27721,1,0.04375
27722,1,0.04375
27723,0,0.05
27724,1,0.04375
27725,0,0.05
27726,0,0.05
27727,1,0.05625
27728,2,0.0375
27729,1,0.04375
27730,1,0.04375
27731,0,0.05
27732,1,0.04375
27733,0,0.05
27734,0,0.05
27735,1,0.05625
27736,1,0.04375
27737,0,0.05
27738,0,0.05
27739,1,0.05625
27740,0,0.05
27741,1,0.05625
27742,1,0.05625
27743,2,0.0625
27744,2,0.0375
27745,1,0.04375
27746,1,0.04375
27747,0,0.05
27748,1,0.04375
27749,0,0.05
27750,0,0.05
27751,1,0.05625
27752,1,0.04375
27753,0,0.05
27754,0,0.05
27755,1,0.05625
27756,0,0.05
27757,1,0.05625
27758,1,0.05625
27759,2,0.0625
27760,1,0.04375
27761,0,0.05
27762,0,0.05
27763,1,0.05625
27764,0,0.05
27765,1,0.05625
27766,1,0.05625
27767,2,0.0625
27768,0,0.05
27769,1,0.05625
27770,1,0.05625
27771,2,0.0625
27772,1,0.05625
27773,2,0.0625
27774,2,0.0625
27775,3,0.06875
27776,3,0.03125
27777,2,0.0375
27778,2,0.0375
27779,1,0.04375
27780,2,0.0375
27781,1,0.04375
27782,1,0.04375
27783,0,0.05
27784,2,0.0375
27785,1,0.04375
27786,1,0.04375
27787,0,0.05
27788,1,0.04375
27789,0,0.05
27790,0,0.05
27791,1,0.05625
27792,2,0.0375
27793,1,0.04375
27794,1,0.04375
27795,0,0.05
27796,1,0.04375
27797,0,0.05
27798,0,0.05
27799,1,0.05625
27800,1,0.04375
27801,0,0.05
27802,0,0.05
27803,1,0.05625
27804,0,0.05
27805,1,0.05625
27806,1,0.05625
27807,2,0.0625
27808,2,0.0375
27809,1,0.04375
27810,1,0.04375
27811,0,0.05
27812,1,0.04375
27813,0,0.05
27814,0,0.05
27815,1,0.05625
27816,1,0.04375
27817,0,0.05
27818,0,0.05
27819,1,0.05625
27820,0,0.05
27821,1,0.05625
27822,1,0.05625
27823,2,0.0625
27824,1,0.04375
27825,0,0.05
27826,0,0.05
27827,1,0.05625
27828,0,0.05
27829,1,0.05625
27830,1,0.05625
27831,2,0.0625
27832,0,0.05
27833,1,0.05625
27834,1,0.05625
27835,2,0.0625
27836,1,0.05625
27837,2,0.0625
27838,2,0.0625
27839,3,0.06875
27840,2,0.0375
27841,1,0.04375
27842,1,0.04375
27843,0,0.05
27844,1,0.04375
27845,0,0.05
27846,0,0.05
27847,1,0.05625
27848,1,0.04375
27849,0,0.05
27850,0,0.05
27851,1,0.05625
27852,0,0.05
27853,1,0.05625
27854,1,0.05625
27855,2,0.0625
27856,1,0.04375
27857,0,0.05
27858,0,0.05
27859,1,0.05625
27860,0,0.05
27861,1,0.05625
27862,1,0.05625
27863,2,0.0625
27864,0,0.05
27865,1,0.05625
27866,1,0.05625
27867,2,0.0625
27868,1,0.05625
27869,2,0.0625
27870,2,0.0625
27871,3,0.06875
27872,1,0.04375
27873,0,0.05
27874,0,0.05
27875,1,0.05625
27876,0,0.05
27877,1,0.05625
27878,1,0.05625
27879,2,0.0625
27880,0,0.05
27881,1,0.05625
27882,1,0.05625
27883,2,0.0625
27884,1,0.05625
27885,2,0.0625
27886,2,0.0625
27887,3,0.06875
27888,0,0.05
27889,1,0.05625
27890,1,0.05625
27891,2,0.0625
27892,1,0.05625
27893,2,0.0625
27894,2,0.0625
27895,3,0.06875
27896,1,0.05625
27897,2,0.0625
27898,2,0.0625
27899,3,0.06875
27900,2,0.0625
27901,3,0.06875
27902,3,0.06875
27903,4,0.075
27904,3,0.03125
27905,2,0.0375
27906,2,0.0375
27907,1,0.04375
27908,2,0.0375
27909,1,0.04375
27910,1,0.04375
27911,0,0.05
27912,2,0.0375
27913,1,0.04375
27914,1,0.04375
27915,0,0.05
27916,1,0.04375
27917,0,0.05
27918,0,0.05
27919,1,0.05625
27920,2,0.0375
27921,1,0.04375
27922,1,0.04375
27923,0,0.05
27924,1,0.04375
27925,0,0.05
27926,0,0.05
27927,1,0.05625
27928,1,0.04375
27929,0,0.05
27930,0,0.05
27931,1,0.05625
27932,0,0.05
27933,1,0.05625
27934,1,0.05625
27935,2,0.0625
27936,2,0.0375
27937,1,0.04375
27938,1,0.04375
27939,0,0.05
27940,1,0.04375
27941,0,0.05
27942,0,0.05
27943,1,0.05625
27944,1,0.04375
27945,0,0.05
27946,0,0.05
27947,1,0.05625
27948,0,0.05
27949,1,0.05625
27950,1,0.05625
27951,2,0.0625
27952,1,0.04375
27953,0,0.05
27954,0,0.05
27955,1,0.05625
27956,0,0.05
27957,1,0.05625
27958,1,0.05625
27959,2,0.0625
27960,0,0.05
27961,1,0.05625
27962,1,0.05625
27963,2,0.0625
27964,1,0.05625
27965,2,0.0625
27966,2,0.0625
27967,3,0.06875
27968,2,0.0375
27969,1,0.04375
27970,1,0.04375
27971,0,0.05
27972,1,0.04375
27973,0,0.05
27974,0,0.05
27975,1,0.05625
27976,1,0.04375
27977,0,0.05
27978,0,0.05
27979,1,0.05625
27980,0,0.05
27981,1,0.05625
27982,1,0.05625
27983,2,0.0625
27984,1,0.04375
27985,0,0.05
27986,0,0.05
27987,1,0.05625
27988,0,0.05
27989,1,0.05625
27990,1,0.05625
27991,2,0.0625
27992,0,0.05
27993,1,0.05625
27994,1,0.05625
27995,2,0.0625
27996,1,0.05625
27997,2,0.0625
27998,2,0.0625
27999,3,0.06875
28000,1,0.04375
28001,0,0.05
28002,0,0.05
28003,1,0.05625
28004,0,0.05
28005,1,0.05625
28006,1,0.05625
28007,2,0.0625
28008,0,0.05
28009,1,0.05625
28010,1,0.05625
28011,2,0.0625
28012,1,0.05625
28013,2,0.0625
28014,2,0.0625
28015,3,0.06875
28016,0,0.05
28017,1,0.05625
28018,1,0.05625
28019,2,0.0625
28020,1,0.05625
28021,2,0.0625
28022,2,0.0625
28023,3,0.06875
28024,1,0.05625
28025,2,0.0625
28026,2,0.0625
28027,3,0.06875
28028,2,0.0625
28029,3,0.06875
28030,3,0.06875
28031,4,0.075
28032,2,0.0375
28033,1,0.04375
28034,1,0.04375
28035,0,0.05
28036,1,0.04375
28037,0,0.05
28038,0,0.05
28039,1,0.05625
28040,1,0.04375
28041,0,0.05
28042,0,0.05
28043,1,0.05625
28044,0,0.05
28045,1,0.05625
28046,1,0.05625
28047,2,0.0625
28048,1,0.04375
28049,0,0.05
28050,0,0.05
28051,1,0.05625
28052,0,0.05
28053,1,0.05625
28054,1,0.05625
28055,2,0.0625
28056,0,0.05
28057,1,0.05625
28058,1,0.05625
28059,2,0.0625
28060,1,0.05625
28061,2,0.0625
28062,2,0.0625
28063,3,0.06875
28064,1,0.04375
28065,0,0.05
28066,0,0.05
28067,1,0.05625
28068,0,0.05
28069,1,0.05625
28070,1,0.05625
28071,2,0.0625
28072,0,0.05
28073,1,0.05625
28074,1,0.05625
28075,2,0.0625
28076,1,0.05625
28077,2,0.0625
28078,2,0.0625
28079,3,0.06875
28080,0,0.05
28081,1,0.05625
28082,1,0.05625
28083,2,0.0625
28084,1,0.05625
28085,2,0.0625
28086,2,0.0625
28087,3,0.06875
28088,1,0.05625
28089,2,0.0625
28090,2,0.0625
28091,3,0.06875
28092,2,0.0625
28093,3,0.06875
28094,3,0.06875
28095,4,0.075
28096,1,0.04375
28097,0,0.05
28098,0,0.05
28099,1,0.05625
28100,0,0.05
28101,1,0.05625
28102,1,0.05625
28103,2,0.0625
28104,0,0.05
28105,1,0.05625
28106,1,0.05625
28107,2,0.0625
28108,1,0.05625
28109,2,0.0625
28110,2,0.0625
28111,3,0.06875
28112,0,0.05
28113,1,0.05625
28114,1,0.05625
28115,2,0.0625
28116,1,0.05625
28117,2,0.0625
28118,2,0.0625
28119,3,0.06875
28120,1,0.05625
28121,2,0.0625
28122,2,0.0625
28123,3,0.06875
28124,2,0.0625
28125,3,0.06875
28126,3,0.06875
28127,4,0.075
28128,0,0.05
28129,1,0.05625
28130,1,0.05625
28131,2,0.0625
28132,1,0.05625
28133,2,0.0625
28134,2,0.0625
28135,3,0.06875
28136,1,0.05625
28137,2,0.0625
28138,2,0.0625
28139,3,0.06875
28140,2,0.0625
28141,3,0.06875
28142,3,0.06875
28143,4,0.075
28144,1,0.05625
28145,2,0.0625
28146,2,0.0625
28147,3,0.06875
28148,2,0.0625
28149,3,0.06875
28150,3,0.06875
28151,4,0.075
28152,2,0.0625
28153,3,0.06875
28154,3,0.06875
28155,4,0.075
28156,3,0.06875
28157,4,0.075
28158,4,0.075
28159,3,0.08125
28160,3,0.03125
28161,2,0.0375
28162,2,0.0375
28163,1,0.04375
28164,2,0.0375
28165,1,0.04375
28166,1,0.04375
28167,0,0.05
28168,2,0.0375
28169,1,0.04375
28170,1,0.04375
28171,0,0.05
28172,1,0.04375
28173,0,0.05
28174,0,0.05
28175,1,0.05625
28176,2,0.0375
28177,1,0.04375
28178,1,0.04375
28179,0,0.05
28180,1,0.04375
28181,0,0.05
28182,0,0.05
28183,1,0.05625
28184,1,0.04375
28185,0,0.05
28186,0,0.05
28187,1,0.05625
28188,0,0.05
28189,1,0.05625
28190,1,0.05625
28191,2,0.0625
28192,2,0.0375
28193,1,0.04375
28194,1,0.04375
28195,0,0.05
28196,1,0.04375
28197,0,0.05
28198,0,0.05
28199,1,0.05625
28200,1,0.04375
28201,0,0.05
28202,0,0.05
28203,1,0.05625
28204,0,0.05
28205,1,0.05625
28206,1,0.05625
28207,2,0.0625
28208,1,0.04375
28209,0,0.05
28210,0,0.05
28211,1,0.05625
28212,0,0.05
28213,1,0.05625
28214,1,0.05625
28215,2,0.0625
28216,0,0.05
28217,1,0.05625
28218,1,0.05625
28219,2,0.0625
28220,1,0.05625
28221,2,0.0625
28222,2,0.0625
28223,3,0.06875
28224,2,0.0375
28225,1,0.04375
28226,1,0.04375
28227,0,0.05
28228,1,0.04375
28229,0,0.05
28230,0,0.05
28231,1,0.05625
28232,1,0.04375
28233,0,0.05
28234,0,0.05
28235,1,0.05625
28236,0,0.05
28237,1,0.05625
28238,1,0.05625
28239,2,0.0625
28240,1,0.04375
28241,0,0.05
28242,0,0.05
28243,1,0.05625
28244,0,0.05
28245,1,0.05625
28246,1,0.05625
28247,2,0.0625
28248,0,0.05
28249,1,0.05625
28250,1,0.05625
28251,2,0.0625
28252,1,0.05625
28253,2,0.0625
28254,2,0.0625
28255,3,0.06875
28256,1,0.04375
28257,0,0.05
28258,0,0.05
28259,1,0.05625
28260,0,0.05
28261,1,0.05625
28262,1,0.05625
28263,2,0.0625
28264,0,0.05
28265,1,0.05625
28266,1,0.05625
28267,2,0.0625
28268,1,0.05625
28269,2,0.0625
28270,2,0.0625
28271,3,0.06875
28272,0,0.05
28273,1,0.05625
28274,1,0.05625
28275,2,0.0625
28276,1,0.05625
28277,2,0.0625
28278,2,0.0625
28279,3,0.06875
28280,1,0.05625
28281,2,0.0625
28282,2,0.0625
28283,3,0.06875
28284,2,0.0625
28285,3,0.06875
28286,3,0.06875
28287,4,0.075
28288,2,0.0375
28289,1,0.04375
28290,1,0.04375
28291,0,0.05
28292,1,0.04375
28293,0,0.05
28294,0,0.05
28295,1,0.05625
28296,1,0.04375
28297,0,0.05
28298,0,0.05
28299,1,0.05625
28300,0,0.05
28301,1,0.05625
28302,1,0.05625
28303,2,0.0625
28304,1,0.04375
28305,0,0.05
28306,0,0.05
28307,1,0.05625
28308,0,0.05
28309,1,0.05625
28310,1,0.05625
28311,2,0.0625
28312,0,0.05
28313,1,0.05625
28314,1,0.05625
28315,2,0.0625
28316,1,0.05625
28317,2,0.0625
28318,2,0.0625
28319,3,0.06875
28320,1,0.04375
28321,0,0.05
28322,0,0.05
28323,1,0.05625
28324,0,0.05
28325,1,0.05625
28326,1,0.05625
28327,2,0.0625
28328,0,0.05
28329,1,0.05625
28330,1,0.05625
28331,2,0.0625
28332,1,0.05625
28333,2,0.0625
28334,2,0.0625
28335,3,0.06875
28336,0,0.05
28337,1,0.05625
28338,1,0.05625
28339,2,0.0625
28340,1,0.05625
28341,2,0.0625
28342,2,0.0625
28343,3,0.06875
28344,1,0.05625
28345,2,0.0625
28346,2,0.0625
28347,3,0.06875
28348,2,0.0625
28349,3,0.06875
28350,3,0.06875
28351,4,0.075
28352,1,0.04375
28353,0,0.05
28354,0,0.05
28355,1,0.05625
28356,0,0.05
28357,1,0.05625
28358,1,0.05625
28359,2,0.0625
28360,0,0.05
28361,1,0.05625
28362,1,0.05625
28363,2,0.0625
28364,1,0.05625
28365,2,0.0625
28366,2,0.0625
28367,3,0.06875
28368,0,0.05
28369,1,0.05625
28370,1,0.05625
28371,2,0.0625
28372,1,0.05625
28373,2,0.0625
28374,2,0.0625
28375,3,0.06875
28376,1,0.05625
28377,2,0.0625
28378,2,0.0625
28379,3,0.06875
28380,2,0.0625
28381,3,0.06875
28382,3,0.06875
28383,4,0.075
28384,0,0.05
28385,1,0.05625
28386,1,0.05625
28387,2,0.0625
28388,1,0.05625
28389,2,0.0625
28390,2,0.0625
28391,3,0.06875
28392,1,0.05625
28393,2,0.0625
28394,2,0.0625
28395,3,0.06875
28396,2,0.0625
28397,3,0.06875
28398,3,0.06875
28399,4,0.075
28400,1,0.05625
28401,2,0.0625
28402,2,0.0625
28403,3,0.06875
28404,2,0.0625
28405,3,0.06875
28406,3,0.06875
28407,4,0.075
28408,2,0.0625
28409,3,0.06875
28410,3,0.06875
28411,4,0.075
28412,3,0.06875
28413,4,0.075
28414,4,0.075
28415,3,0.08125
28416,2,0.0375
28417,1,0.04375
28418,1,0.04375
28419,0,0.05
28420,1,0.04375
28421,0,0.05
28422,0,0.05
28423,1,0.05625
28424,1,0.04375
28425,0,0.05
28426,0,0.05
28427,1,0.05625
28428,0,0.05
28429,1,0.05625
28430,1,0.05625
28431,2,0.0625
28432,1,0.04375
28433,0,0.05
28434,0,0.05
28435,1,0.05625
28436,0,0.05
28437,1,0.05625
28438,1,0.05625
28439,2,0.0625
28440,0,0.05
28441,1,0.05625
28442,1,0.05625
28443,2,0.0625
28444,1,0.05625
28445,2,0.0625
28446,2,0.0625
28447,3,0.06875
28448,1,0.04375
28449,0,0.05
28450,0,0.05
28451,1,0.05625
28452,0,0.05
28453,1,0.05625
28454,1,0.05625
28455,2,0.0625
28456,0,0.05
28457,1,0.05625
28458,1,0.05625
28459,2,0.0625
28460,1,0.05625
28461,2,0.0625
28462,2,0.0625
28463,3,0.06875
28464,0,0.05
28465,1,0.05625
28466,1,0.05625
28467,2,0.0625
28468,1,0.05625
28469,2,0.0625
28470,2,0.0625
28471,3,0.06875
28472,1,0.05625
28473,2,0.0625
28474,2,0.0625
28475,3,0.06875
28476,2,0.0625
28477,3,0.06875
28478,3,0.06875
28479,4,0.075
28480,1,0.04375
28481,0,0.05
28482,0,0.05
28483,1,0.05625
28484,0,0.05
28485,1,0.05625
28486,1,0.05625
28487,2,0.0625
28488,0,0.05
28489,1,0.05625
28490,1,0.05625
28491,2,0.0625
28492,1,0.05625
28493,2,0.0625
28494,2,0.0625
28495,3,0.06875
28496,0,0.05
28497,1,0.05625
28498,1,0.05625
28499,2,0.0625
28500,1,0.05625
28501,2,0.0625
28502,2,0.0625
28503,3,0.06875
28504,1,0.05625
28505,2,0.0625
28506,2,0.0625
28507,3,0.06875
28508,2,0.0625
28509,3,0.06875
28510,3,0.06875
28511,4,0.075
28512,0,0.05
28513,1,0.05625
28514,1,0.05625
28515,2,0.0625
28516,1,0.05625
28517,2,0.0625
28518,2,0.0625
28519,3,0.06875
28520,1,0.05625
28521,2,0.0625
28522,2,0.0625
28523,3,0.06875
28524,2,0.0625
28525,3,0.06875
28526,3,0.06875
28527,4,0.075
28528,1,0.05625
28529,2,0.0625
28530,2,0.0625
28531,3,0.06875
28532,2,0.0625
28533,3,0.06875
28534,3,0.06875
28535,4,0.075
28536,2,0.0625
28537,3,0.06875
28538,3,0.06875
28539,4,0.075
28540,3,0.06875
28541,4,0.075
28542,4,0.075
28543,3,0.08125
28544,1,0.04375
28545,0,0.05
28546,0,0.05
28547,1,0.05625
28548,0,0.05
28549,1,0.05625
28550,1,0.05625
28551,2,0.0625
28552,0,0.05
28553,1,0.05625
28554,1,0.05625
28555,2,0.0625
28556,1,0.05625
28557,2,0.0625
28558,2,0.0625
28559,3,0.06875
28560,0,0.05
28561,1,0.05625
28562,1,0.05625
28563,2,0.0625
28564,1,0.05625
28565,2,0.0625
28566,2,0.0625
28567,3,0.06875
28568,1,0.05625
28569,2,0.0625
28570,2,0.0625
28571,3,0.06875
28572,2,0.0625
28573,3,0.06875
28574,3,0.06875
28575,4,0.075
28576,0,0.05
28577,1,0.05625
28578,1,0.05625
28579,2,0.0625
28580,1,0.05625
28581,2,0.0625
28582,2,0.0625
28583,3,0.06875
28584,1,0.05625
28585,2,0.0625
28586,2,0.0625
28587,3,0.06875
28588,2,0.0625
28589,3,0.06875
28590,3,0.06875
28591,4,0.075
28592,1,0.05625
28593,2,0.0625
28594,2,0.0625
28595,3,0.06875
28596,2,0.0625
28597,3,0.06875
28598,3,0.06875
28599,4,0.075
28600,2,0.0625
28601,3,0.06875
28602,3,0.06875
28603,4,0.075
28604,3,0.06875
28605,4,0.075
28606,4,0.075
28607,3,0.08125
28608,0,0.05
28609,1,0.05625
28610,1,0.05625
28611,2,0.0625
28612,1,0.05625
28613,2,0.0625
28614,2,0.0625
28615,3,0.06875
28616,1,0.05625
28617,2,0.0625
28618,2,0.0625
28619,3,0.06875
28620,2,0.0625
28621,3,0.06875
28622,3,0.06875
28623,4,0.075
28624,1,0.05625
28625,2,0.0625
28626,2,0.0625
28627,3,0.06875
28628,2,0.0625
28629,3,0.06875
28630,3,0.06875
28631,4,0.075
28632,2,0.0625
28633,3,0.06875
28634,3,0.06875
28635,4,0.075
28636,3,0.06875
28637,4,0.075
28638,4,0.075
28639,3,0.08125
28640,1,0.05625
28641,2,0.0625
28642,2,0.0625
28643,3,0.06875
28644,2,0.0625
28645,3,0.06875
28646,3,0.06875
28647,4,0.075
28648,2,0.0625
28649,3,0.06875
28650,3,0.06875
28651,4,0.075
28652,3,0.06875
28653,4,0.075
28654,4,0.075
28655,3,0.08125
28656,2,0.0625
28657,3,0.06875
28658,3,0.06875
28659,4,0.075
28660,3,0.06875
28661,4,0.075
28662,4,0.075
28663,3,0.08125
28664,3,0.06875
28665,4,0.075
28666,4,0.075
28667,3,0.08125
28668,4,0.075
28669,3,0.08125
28670,3,0.08125
28671,2,0.0875
28672,3,0.01875
28673,4,0.025
28674,4,0.025
28675,3,0.03125
28676,4,0.025
28677,3,0.03125
28678,3,0.03125
28679,2,0.0375
28680,4,0.025
28681,3,0.03125
28682,3,0.03125
28683,2,0.0375
28684,3,0.03125
28685,2,0.0375
28686,2,0.0375
28687,1,0.04375
28688,4,0.025
28689,3,0.03125
28690,3,0.03125
28691,2,0.0375
28692,3,0.03125
28693,2,0.0375
28694,2,0.0375
28695,1,0.04375
28696,3,0.03125
28697,2,0.0375
28698,2,0.0375
28699,1,0.04375
28700,2,0.0375
28701,1,0.04375
28702,1,0.04375
28703,0,0.05
28704,4,0.025
28705,3,0.03125
28706,3,0.03125
28707,2,0.0375
28708,3,0.03125
28709,2,0.0375
28710,2,0.0375
28711,1,0.04375
28712,3,0.03125
28713,2,0.0375
28714,2,0.0375
28715,1,0.04375
28716,2,0.0375
28717,1,0.04375
28718,1,0.04375
28719,0,0.05
28720,3,0.03125
28721,2,0.0375
28722,2,0.0375
28723,1,0.04375
28724,2,0.0375
28725,1,0.04375
28726,1,0.04375
28727,0,0.05
28728,2,0.0375
28729,1,0.04375
28730,1,0.04375
28731,0,0.05
28732,1,0.04375
28733,0,0.05
28734,0,0.05
28735,1,0.05625
28736,4,0.025
28737,3,0.03125
28738,3,0.03125
28739,2,0.0375
28740,3,0.03125
28741,2,0.0375
28742,2,0.0375
28743,1,0.04375
28744,3,0.03125
28745,2,0.0375
28746,2,0.0375
28747,1,0.04375
28748,2,0.0375
28749,1,0.04375
28750,1,0.04375
28751,0,0.05
28752,3,0.03125
28753,2,0.0375
28754,2,0.0375
28755,1,0.04375
28756,2,0.0375
28757,1,0.04375
28758,1,0.04375
28759,0,0.05
28760,2,0.0375
28761,1,0.04375
28762,1,0.04375
28763,0,0.05
28764,1,0.04375
28765,0,0.05
28766,0,0.05
28767,1,0.05625
28768,3,0.03125
28769,2,0.0375
28770,2,0.0375
28771,1,0.04375
28772,2,0.0375
28773,1,0.04375
28774,1,0.04375
28775,0,0.05
28776,2,0.0375
28777,1,0.04375
28778,1,0.04375
28779,0,0.05
28780,1,0.04375
28781,0,0.05
28782,0,0.05
28783,1,0.05625
28784,2,0.0375
28785,1,0.04375
28786,1,0.04375
28787,0,0.05
28788,1,0.04375
28789,0,0.05
28790,0,0.05
28791,1,0.05625
28792,1,0.04375
28793,0,0.05
28794,0,0.05
28795,1,0.05625
28796,0,0.05
28797,1,0.05625
28798,1,0.05625
28799,2,0.0625
28800,4,0.025
28801,3,0.03125
28802,3,0.03125
28803,2,0.0375
28804,3,0.03125
28805,2,0.0375
28806,2,0.0375
28807,1,0.04375
28808,3,0.03125
28809,2,0.0375
28810,2,0.0375
28811,1,0.04375
28812,2,0.0375
28813,1,0.04375
28814,1,0.04375
28815,0,0.05
28816,3,0.03125
28817,2,0.0375
28818,2,0.0375
28819,1,0.04375
28820,2,0.0375
28821,1,0.04375
28822,1,0.04375
28823,0,0.05
28824,2,0.0375
28825,1,0.04375
28826,1,0.04375
28827,0,0.05
28828,1,0.04375
28829,0,0.05
28830,0,0.05
28831,1,0.05625
28832,3,0.03125
28833,2,0.0375
28834,2,0.0375
28835,1,0.04375
28836,2,0.0375
28837,1,0.04375
28838,1,0.04375
28839,0,0.05
28840,2,0.0375
28841,1,0.04375
28842,1,0.04375
28843,0,0.05
28844,1,0.04375
28845,0,0.05
28846,0,0.05
28847,1,0.05625
28848,2,0.0375
28849,1,0.04375
28850,1,0.04375
28851,0,0.05
28852,1,0.04375
28853,0,0.05
28854,0,0.05
28855,1,0.05625
28856,1,0.04375
28857,0,0.05
28858,0,0.05
28859,1,0.05625
28860,0,0.05
28861,1,0.05625
28862,1,0.05625
28863,2,0.0625
28864,3,0.03125
28865,2,0.0375
28866,2,0.0375
28867,1,0.04375
28868,2,0.0375
28869,1,0.04375
28870,1,0.04375
28871,0,0.05
28872,2,0.0375
28873,1,0.04375
28874,1,0.04375
28875,0,0.05
28876,1,0.04375
28877,0,0.05
28878,0,0.05
28879,1,0.05625
28880,2,0.0375
28881,1,0.04375
28882,1,0.04375
28883,0,0.05
28884,1,0.04375
28885,0,0.05
28886,0,0.05
28887,1,0.05625
28888,1,0.04375
28889,0,0.05
28890,0,0.05
28891,1,0.05625
28892,0,0.05
28893,1,0.05625
28894,1,0.05625
28895,2,0.0625
28896,2,0.0375
28897,1,0.04375
28898,1,0.04375
28899,0,0.05
28900,1,0.04375
28901,0,0.05
28902,0,0.05
28903,1,0.05625
28904,1,0.04375
28905,0,0.05
28906,0,0.05
28907,1,0.05625
28908,0,0.05
28909,1,0.05625
28910,1,0.05625
28911,2,0.0625
28912,1,0.04375
28913,0,0.05
28914,0,0.05
28915,1,0.05625
28916,0,0.05
28917,1,0.05625
28918,1,0.05625
28919,2,0.0625
28920,0,0.05
28921,1,0.05625
28922,1,0.05625
28923,2,0.0625
28924,1,0.05625
28925,2,0.0625
28926,2,0.0625
28927,3,0.06875
28928,4,0.025
28929,3,0.03125
28930,3,0.03125
28931,2,0.0375
28932,3,0.03125
28933,2,0.0375
28934,2,0.0375
28935,1,0.04375
28936,3,0.03125
28937,2,0.0375
28938,2,0.0375
28939,1,0.04375
28940,2,0.0375
28941,1,0.04375
28942,1,0.04375
28943,0,0.05
28944,3,0.03125
28945,2,0.0375
28946,2,0.0375
28947,1,0.04375
28948,2,0.0375
28949,1,0.04375
28950,1,0.04375
28951,0,0.05
28952,2,0.0375
28953,1,0.04375
28954,1,0.04375
28955,0,0.05
28956,1,0.04375
28957,0,0.05
28958,0,0.05
28959,1,0.05625
28960,3,0.03125
28961,2,0.0375
28962,2,0.0375
28963,1,0.04375
28964,2,0.0375
28965,1,0.04375
28966,1,0.04375
28967,0,0.05
28968,2,0.0375
28969,1,0.04375
28970,1,0.04375
28971,0,0.05
28972,1,0.04375
28973,0,0.05
28974,0,0.05
28975,1,0.05625
28976,2,0.0375
28977,1,0.04375
28978,1,0.04375
28979,0,0.05
28980,1,0.04375
28981,0,0.05
28982,0,0.05
28983,1,0.05625
28984,1,0.04375
28985,0,0.05
28986,0,0.05
28987,1,0.05625
28988,0,0.05
28989,1,0.05625
28990,1,0.05625
28991,2,0.0625
28992,3,0.03125
28993,2,0.0375
28994,2,0.0375
28995,1,0.04375
28996,2,0.0375
28997,1,0.04375
28998,1,0.04375
28999,0,0.05
29000,2,0.0375
29001,1,0.04375
29002,1,0.04375
29003,0,0.05
29004,1,0.04375
29005,0,0.05
29006,0,0.05
29007,1,0.05625
29008,2,0.0375
29009,1,0.04375
29010,1,0.04375
29011,0,0.05
29012,1,0.04375
29013,0,0.05
29014,0,0.05
29015,1,0.05625
29016,1,0.04375
29017,0,0.05
29018,0,0.05
29019,1,0.05625
29020,0,0.05
29021,1,0.05625
29022,1,0.05625
29023,2,0.0625
29024,2,0.0375
29025,1,0.04375
29026,1,0.04375
29027,0,0.05
29028,1,0.04375
29029,0,0.05
29030,0,0.05
29031,1,0.05625
29032,1,0.04375
29033,0,0.05
29034,0,0.05
29035,1,0.05625
29036,0,0.05
29037,1,0.05625
29038,1,0.05625
29039,2,0.0625
29040,1,0.04375
29041,0,0.05
29042,0,0.05
29043,1,0.05625
29044,0,0.05
29045,1,0.05625
29046,1,0.05625
29047,2,0.0625
29048,0,0.05
29049,1,0.05625
29050,1,0.05625
29051,2,0.0625
29052,1,0.05625
29053,2,0.0625
29054,2,0.0625
29055,3,0.06875
29056,3,0.03125
29057,2,0.0375
29058,2,0.0375
29059,1,0.04375
29060,2,0.0375
29061,1,0.04375
29062,1,0.04375
29063,0,0.05
29064,2,0.0375
29065,1,0.04375
29066,1,0.04375
29067,0,0.05
29068,1,0.04375
29069,0,0.05
29070,0,0.05
29071,1,0.05625
29072,2,0.0375
29073,1,0.04375
29074,1,0.04375
29075,0,0.05
29076,1,0.04375
29077,0,0.05
29078,0,0.05
29079,1,0.05625
29080,1,0.04375
29081,0,0.05
29082,0,0.05
29083,1,0.05625
29084,0,0.05
29085,1,0.05625
29086,1,0.05625
29087,2,0.0625
29088,2,0.0375
29089,1,0.04375
29090,1,0.04375
29091,0,0.05
29092,1,0.04375
29093,0,0.05
29094,0,0.05
29095,1,0.05625
29096,1,0.04375
29097,0,0.05
29098,0,0.05
29099,1,0.05625
29100,0,0.05
29101,1,0.05625
29102,1,0.05625
29103,2,0.0625
29104,1,0.04375
29105,0,0.05
29106,0,0.05
29107,1,0.05625
29108,0,0.05
29109,1,0.05625
29110,1,0.05625
29111,2,0.0625
29112,0,0.05
29113,1,0.05625
29114,1,0.05625
29115,2,0.0625
29116,1,0.05625
29117,2,0.0625
29118,2,0.0625
29119,3,0.06875
29120,2,0.0375
29121,1,0.04375
29122,1,0.04375
29123,0,0.05
29124,1,0.04375
29125,0,0.05
29126,0,0.05
29127,1,0.05625
29128,1,0.04375
29129,0,0.05
29130,0,0.05
29131,1,0.05625
29132,0,0.05
29133,1,0.05625
29134,1,0.05625
29135,2,0.0625
29136,1,0.04375
29137,0,0.05
29138,0,0.05
29139,1,0.05625
29140,0,0.05
29141,1,0.05625
29142,1,0.05625
29143,2,0.0625
29144,0,0.05
29145,1,0.05625
29146,1,0.05625
29147,2,0.0625
29148,1,0.05625
29149,2,0.0625
29150,2,0.0625
29151,3,0.06875
29152,1,0.04375
29153,0,0.05
29154,0,0.05
29155,1,0.05625
29156,0,0.05
29157,1,0.05625
29158,1,0.05625
29159,2,0.0625
29160,0,0.05
29161,1,0.05625
29162,1,0.05625
29163,2,0.0625
29164,1,0.05625
29165,2,0.0625
29166,2,0.0625
29167,3,0.06875
29168,0,0.05
29169,1,0.05625
29170,1,0.05625
29171,2,0.0625
29172,1,0.05625
29173,2,0.0625
29174,2,0.0625
29175,3,0.06875
29176,1,0.05625
29177,2,0.0625
29178,2,0.0625
29179,3,0.06875
29180,2,0.0625
29181,3,0.06875
29182,3,0.06875
29183,4,0.075
29184,4,0.025
29185,3,0.03125
29186,3,0.03125
29187,2,0.0375
29188,3,0.03125
29189,2,0.0375
29190,2,0.0375
29191,1,0.04375
29192,3,0.03125
29193,2,0.0375
29194,2,0.0375
29195,1,0.04375
29196,2,0.0375
29197,1,0.04375
29198,1,0.04375
29199,0,0.05
29200,3,0.03125
29201,2,0.0375
29202,2,0.0375
29203,1,0.04375
29204,2,0.0375
29205,1,0.04375
29206,1,0.04375
29207,0,0.05
29208,2,0.0375
29209,1,0.04375
29210,1,0.04375
29211,0,0.05
29212,1,0.04375
29213,0,0.05
29214,0,0.05
29215,1,0.05625
29216,3,0.03125
29217,2,0.0375
29218,2,0.0375
29219,1,0.04375
29220,2,0.0375
29221,1,0.04375
29222,1,0.04375
29223,0,0.05
29224,2,0.0375
29225,1,0.04375
29226,1,0.04375
29227,0,0.05
29228,1,0.04375
29229,0,0.05
29230,0,0.05
29231,1,0.05625
29232,2,0.0375
29233,1,0.04375
29234,1,0.04375
29235,0,0.05
29236,1,0.04375
29237,0,0.05
29238,0,0.05
29239,1,0.05625
29240,1,0.04375
29241,0,0.05
29242,0,0.05
29243,1,0.05625
29244,0,0.05
29245,1,0.05625
29246,1,0.05625
29247,2,0.0625
29248,3,0.03125
29249,2,0.0375
29250,2,0.0375
29251,1,0.04375
29252,2,0.0375
29253,1,0.04375
29254,1,0.04375
29255,0,0.05
29256,2,0.0375
29257,1,0.04375
29258,1,0.04375
29259,0,0.05
29260,1,0.04375
29261,0,0.05
29262,0,0.05
29263,1,0.05625
29264,2,0.0375
29265,1,0.04375
29266,1,0.04375
29267,0,0.05
29268,1,0.04375
29269,0,0.05
29270,0,0.05
29271,1,0.05625
29272,1,0.04375
29273,0,0.05
29274,0,0.05
29275,1,0.05625
29276,0,0.05
29277,1,0.05625
29278,1,0.05625
29279,2,0.0625
29280,2,0.0375
29281,1,0.04375
29282,1,0.04375
29283,0,0.05
29284,1,0.04375
29285,0,0.05
29286,0,0.05
29287,1,0.05625
29288,1,0.04375
29289,0,0.05
29290,0,0.05
29291,1,0.05625
29292,0,0.05
29293,1,0.05625
29294,1,0.05625
29295,2,0.0625
29296,1,0.04375
29297,0,0.05
29298,0,0.05
29299,1,0.05625
29300,0,0.05
29301,1,0.05625
29302,1,0.05625
29303,2,0.0625
29304,0,0.05
29305,1,0.05625
29306,1,0.05625
29307,2,0.0625
29308,1,0.05625
29309,2,0.0625
29310,2,0.0625
29311,3,0.06875
29312,3,0.03125
29313,2,0.0375
29314,2,0.0375
29315,1,0.04375
29316,2,0.0375
29317,1,0.04375
29318,1,0.04375
29319,0,0.05
29320,2,0.0375
29321,1,0.04375
29322,1,0.04375
29323,0,0.05
29324,1,0.04375
29325,0,0.05
29326,0,0.05
29327,1,0.05625
29328,2,0.0375
29329,1,0.04375
29330,1,0.04375
29331,0,0.05
29332,1,0.04375
29333,0,0.05
29334,0,0.05
29335,1,0.05625
29336,1,0.04375
29337,0,0.05
29338,0,0.05
29339,1,0.05625
29340,0,0.05
29341,1,0.05625
29342,1,0.05625
29343,2,0.0625
29344,2,0.0375
29345,1,0.04375
29346,1,0.04375
29347,0,0.05
29348,1,0.04375
29349,0,0.05
29350,0,0.05
29351,1,0.05625
29352,1,0.04375
29353,0,0.05
29354,0,0.05
29355,1,0.05625
29356,0,0.05
29357,1,0.05625
29358,1,0.05625
29359,2,0.0625
29360,1,0.04375
29361,0,0.05
29362,0,0.05
29363,1,0.05625
29364,0,0.05
29365,1,0.05625
29366,1,0.05625
29367,2,0.0625
29368,0,0.05
29369,1,0.05625
29370,1,0.05625
29371,2,0.0625
29372,1,0.05625
29373,2,0.0625
29374,2,0.0625
29375,3,0.06875
29376,2,0.0375
29377,1,0.04375
29378,1,0.04375
29379,0,0.05
29380,1,0.04375
29381,0,0.05
29382,0,0.05
29383,1,0.05625
29384,1,0.04375
29385,0,0.05
29386,0,0.05
29387,1,0.05625
29388,0,0.05
29389,1,0.05625
29390,1,0.05625
29391,2,0.0625
29392,1,0.04375
29393,0,0.05
29394,0,0.05
29395,1,0.05625
29396,0,0.05
29397,1,0.05625
29398,1,0.05625
29399,2,0.0625
29400,0,0.05
29401,1,0.05625
29402,1,0.05625
29403,2,0.0625
29404,1,0.05625
29405,2,0.0625
29406,2,0.0625
29407,3,0.06875
29408,1,0.04375
29409,0,0.05
29410,0,0.05
29411,1,0.05625
29412,0,0.05
29413,1,0.05625
29414,1,0.05625
29415,2,0.0625
29416,0,0.05
29417,1,0.05625
29418,1,0.05625
29419,2,0.0625
29420,1,0.05625
29421,2,0.0625
29422,2,0.0625
29423,3,0.06875
29424,0,0.05
29425,1,0.05625
29426,1,0.05625
29427,2,0.0625
29428,1,0.05625
29429,2,0.0625
29430,2,0.0625
29431,3,0.06875
29432,1,0.05625
29433,2,0.0625
29434,2,0.0625
29435,3,0.06875
29436,2,0.0625
29437,3,0.06875
29438,3,0.06875
29439,4,0.075
29440,3,0.03125
29441,2,0.0375
29442,2,0.0375
29443,1,0.04375
29444,2,0.0375
29445,1,0.04375
29446,1,0.04375
29447,0,0.05
29448,2,0.0375
29449,1,0.04375
29450,1,0.04375
29451,0,0.05
29452,1,0.04375
29453,0,0.05
29454,0,0.05
29455,1,0.05625
29456,2,0.0375
29457,1,0.04375
29458,1,0.04375
29459,0,0.05
29460,1,0.04375
29461,0,0.05
29462,0,0.05
29463,1,0.05625
29464,1,0.04375
29465,0,0.05
29466,0,0.05
29467,1,0.05625
29468,0,0.05
29469,1,0.05625
29470,1,0.05625
29471,2,0.0625
29472,2,0.0375
29473,1,0.04375
29474,1,0.04375
29475,0,0.05
29476,1,0.04375
29477,0,0.05
29478,0,0.05
29479,1,0.05625
29480,1,0.04375
29481,0,0.05
29482,0,0.05
29483,1,0.05625
29484,0,0.05
29485,1,0.05625
29486,1,0.05625
29487,2,0.0625
29488,1,0.04375
29489,0,0.05
29490,0,0.05
29491,1,0.05625
29492,0,0.05
29493,1,0.05625
29494,1,0.05625
29495,2,0.0625
29496,0,0.05
29497,1,0.05625
29498,1,0.05625
29499,2,0.0625
29500,1,0.05625
29501,2,0.0625
29502,2,0.0625
29503,3,0.06875
29504,2,0.0375
29505,1,0.04375
29506,1,0.04375
29507,0,0.05
29508,1,0.04375
29509,0,0.05
29510,0,0.05
29511,1,0.05625
29512,1,0.04375
29513,0,0.05
29514,0,0.05
29515,1,0.05625
29516,0,0.05
29517,1,0.05625
29518,1,0.05625
29519,2,0.0625
29520,1,0.04375
29521,0,0.05
29522,0,0.05
29523,1,0.05625
29524,0,0.05
29525,1,0.05625
29526,1,0.05625
29527,2,0.0625
29528,0,0.05
29529,1,0.05625
29530,1,0.05625
29531,2,0.0625
29532,1,0.05625
29533,2,0.0625
29534,2,0.0625
29535,3,0.06875
29536,1,0.04375
29537,0,0.05
29538,0,0.05
29539,1,0.05625
29540,0,0.05
29541,1,0.05625
29542,1,0.05625
29543,2,0.0625
29544,0,0.05
29545,1,0.05625
29546,1,0.05625
29547,2,0.0625
29548,1,0.05625
29549,2,0.0625
29550,2,0.0625
29551,3,0.06875
29552,0,0.05
29553,1,0.05625
29554,1,0.05625
29555,2,0.0625
29556,1,0.05625
29557,2,0.0625
29558,2,0.0625
29559,3,0.06875
29560,1,0.05625
29561,2,0.0625
29562,2,0.0625
29563,3,0.06875
29564,2,0.0625
29565,3,0.06875
29566,3,0.06875
29567,4,0.075
29568,2,0.0375
29569,1,0.04375
29570,1,0.04375
29571,0,0.05
29572,1,0.04375
29573,0,0.05
29574,0,0.05
29575,1,0.05625
29576,1,0.04375
29577,0,0.05
29578,0,0.05
29579,1,0.05625
29580,0,0.05
29581,1,0.05625
29582,1,0.05625
29583,2,0.0625
29584,1,0.04375
29585,0,0.05
29586,0,0.05
29587,1,0.05625
29588,0,0.05
29589,1,0.05625
29590,1,0.05625
29591,2,0.0625
29592,0,0.05
29593,1,0.05625
29594,1,0.05625
29595,2,0.0625
29596,1,0.05625
29597,2,0.0625
29598,2,0.0625
29599,3,0.06875
29600,1,0.04375
29601,0,0.05
29602,0,0.05
29603,1,0.05625
29604,0,0.05
29605,1,0.05625
29606,1,0.05625
29607,2,0.0625
29608,0,0.05
29609,1,0.05625
29610,1,0.05625
29611,2,0.0625
29612,1,0.05625
29613,2,0.0625
29614,2,0.0625
29615,3,0.06875
29616,0,0.05
29617,1,0.05625
29618,1,0.05625
29619,2,0.0625
29620,1,0.05625
29621,2,0.0625
29622,2,0.0625
29623,3,0.06875
29624,1,0.05625
29625,2,0.0625
29626,2,0.0625
29627,3,0.06875
29628,2,0.0625
29629,3,0.06875
29630,3,0.06875
29631,4,0.075
29632,1,0.04375
29633,0,0.05
29634,0,0.05
29635,1,0.05625
29636,0,0.05
29637,1,0.05625
29638,1,0.05625
29639,2,0.0625
29640,0,0.05
29641,1,0.05625
29642,1,0.05625
29643,2,0.0625
29644,1,0.05625
29645,2,0.0625
29646,2,0.0625
29647,3,0.06875
29648,0,0.05
29649,1,0.05625
29650,1,0.05625
29651,2,0.0625
29652,1,0.05625
29653,2,0.0625
29654,2,0.0625
29655,3,0.06875
29656,1,0.05625
29657,2,0.0625
29658,2,0.0625
29659,3,0.06875
29660,2,0.0625
29661,3,0.06875
29662,3,0.06875
29663,4,0.075
29664,0,0.05
29665,1,0.05625
29666,1,0.05625
29667,2,0.0625
29668,1,0.05625
29669,2,0.0625
29670,2,0.0625
29671,3,0.06875
29672,1,0.05625
29673,2,0.0625
29674,2,0.0625
29675,3,0.06875
29676,2,0.0625
29677,3,0.06875
29678,3,0.06875
29679,4,0.075
29680,1,0.05625
29681,2,0.0625
29682,2,0.0625
29683,3,0.06875
29684,2,0.0625
29685,3,0.06875
29686,3,0.06875
29687,4,0.075
29688,2,0.0625
29689,3,0.06875
29690,3,0.06875
29691,4,0.075
29692,3,0.06875
29693,4,0.075
29694,4,0.075
29695,3,0.08125
29696,4,0.025
29697,3,0.03125
29698,3,0.03125
29699,2,0.0375
29700,3,0.03125
29701,2,0.0375
29702,2,0.0375
29703,1,0.04375
29704,3,0.03125
29705,2,0.0375
29706,2,0.0375
29707,1,0.04375
29708,2,0.0375
29709,1,0.04375
29710,1,0.04375
29711,0,0.05
29712,3,0.03125
29713,2,0.0375
29714,2,0.0375
29715,1,0.04375
29716,2,0.0375
29717,1,0.04375
29718,1,0.04375
29719,0,0.05
29720,2,0.0375
29721,1,0.04375
29722,1,0.04375
29723,0,0.05
29724,1,0.04375
29725,0,0.05
29726,0,0.05
29727,1,0.05625
29728,3,0.03125
29729,2,0.0375
29730,2,0.0375
29731,1,0.04375
29732,2,0.0375
29733,1,0.04375
29734,1,0.04375
29735,0,0.05
29736,2,0.0375
29737,1,0.04375
29738,1,0.04375
29739,0,0.05
29740,1,0.04375
29741,0,0.05
29742,0,0.05
29743,1,0.05625
29744,2,0.0375
29745,1,0.04375
29746,1,0.04375
29747,0,0.05
29748,1,0.04375
29749,0,0.05
29750,0,0.05
29751,1,0.05625
29752,1,0.04375
29753,0,0.05
29754,0,0.05
29755,1,0.05625
29756,0,0.05
29757,1,0.05625
29758,1,0.05625
29759,2,0.0625
29760,3,0.03125
29761,2,0.0375
29762,2,0.0375
29763,1,0.04375
29764,2,0.0375
29765,1,0.04375
29766,1,0.04375
29767,0,0.05
29768,2,0.0375
29769,1,0.04375
29770,1,0.04375
29771,0,0.05
29772,1,0.04375
29773,0,0.05
29774,0,0.05
29775,1,0.05625
29776,2,0.0375
29777,1,0.04375
29778,1,0.04375
29779,0,0.05
29780,1,0.04375
29781,0,0.05
29782,0,0.05
29783,1,0.05625
29784,1,0.04375
29785,0,0.05
29786,0,0.05
29787,1,0.05625
29788,0,0.05
29789,1,0.05625
29790,1,0.05625
29791,2,0.0625
29792,2,0.0375
29793,1,0.04375
29794,1,0.04375
29795,0,0.05
29796,1,0.04375
29797,0,0.05
29798,0,0.05
29799,1,0.05625
29800,1,0.04375
29801,0,0.05
29802,0,0.05
29803,1,0.05625
29804,0,0.05
29805,1,0.05625
29806,1,0.05625
29807,2,0.0625
29808,1,0.04375
29809,0,0.05
29810,0,0.05
29811,1,0.05625
29812,0,0.05
29813,1,0.05625
29814,1,0.05625
29815,2,0.0625
29816,0,0.05
29817,1,0.05625
29818,1,0.05625
29819,2,0.0625
29820,1,0.05625
29821,2,0.0625
29822,2,0.0625
29823,3,0.06875
29824,3,0.03125
29825,2,0.0375
29826,2,0.0375
29827,1,0.04375
29828,2,0.0375
29829,1,0.04375
29830,1,0.04375
29831,0,0.05
29832,2,0.0375
29833,1,0.04375
29834,1,0.04375
29835,0,0.05
29836,1,0.04375
29837,0,0.05
29838,0,0.05
29839,1,0.05625
29840,2,0.0375
29841,1,0.04375
29842,1,0.04375
29843,0,0.05
29844,1,0.04375
29845,0,0.05
29846,0,0.05
29847,1,0.05625
29848,1,0.04375
29849,0,0.05
29850,0,0.05
29851,1,0.05625
29852,0,0.05
29853,1,0.05625
29854,1,0.05625
29855,2,0.0625
29856,2,0.0375
29857,1,0.04375
29858,1,0.04375
29859,0,0.05
29860,1,0.04375
29861,0,0.05
29862,0,0.05
29863,1,0.05625
29864,1,0.04375
29865,0,0.05
29866,0,0.05
29867,1,0.05625
29868,0,0.05
29869,1,0.05625
29870,1,0.05625
29871,2,0.0625
29872,1,0.04375
29873,0,0.05
29874,0,0.05
29875,1,0.05625
29876,0,0.05
29877,1,0.05625
29878,1,0.05625
29879,2,0.0625
29880,0,0.05
29881,1,0.05625
29882,1,0.05625
29883,2,0.0625
29884,1,0.05625
29885,2,0.0625
29886,2,0.0625
29887,3,0.06875
29888,2,0.0375
29889,1,0.04375
29890,1,0.04375
29891,0,0.05
29892,1,0.04375
29893,0,0.05
29894,0,0.05
29895,1,0.05625
29896,1,0.04375
29897,0,0.05
29898,0,0.05
29899,1,0.05625
29900,0,0.05
29901,1,0.05625
29902,1,0.05625
29903,2,0.0625
29904,1,0.04375
29905,0,0.05
29906,0,0.05
29907,1,0.05625
29908,0,0.05
29909,1,0.05625
29910,1,0.05625
29911,2,0.0625
29912,0,0.05
29913,1,0.05625
29914,1,0.05625
29915,2,0.0625
29916,1,0.05625
29917,2,0.0625
29918,2,0.0625
29919,3,0.06875
29920,1,0.04375
29921,0,0.05
29922,0,0.05
29923,1,0.05625
29924,0,0.05
29925,1,0.05625
29926,1,0.05625
29927,2,0.0625
29928,0,0.05
29929,1,0.05625
29930,1,0.05625
29931,2,0.0625
29932,1,0.05625
29933,2,0.0625
29934,2,0.0625
29935,3,0.06875
29936,0,0.05
29937,1,0.05625
29938,1,0.05625
29939,2,0.0625
29940,1,0.05625
29941,2,0.0625
29942,2,0.0625
29943,3,0.06875
29944,1,0.05625
29945,2,0.0625
29946,2,0.0625
29947,3,0.06875
29948,2,0.0625
29949,3,0.06875
29950,3,0.06875
29951,4,0.075
29952,3,0.03125
29953,2,0.0375
29954,2,0.0375
29955,1,0.04375
29956,2,0.0375
29957,1,0.04375
29958,1,0.04375
29959,0,0.05
29960,2,0.0375
29961,1,0.04375
29962,1,0.04375
29963,0,0.05
29964,1,0.04375
29965,0,0.05
29966,0,0.05
29967,1,0.05625
29968,2,0.0375
29969,1,0.04375
29970,1,0.04375
29971,0,0.05
29972,1,0.04375
29973,0,0.05
29974,0,0.05
29975,1,0.05625
29976,1,0.04375
29977,0,0.05
29978,0,0.05
29979,1,0.05625
29980,0,0.05
29981,1,0.05625
29982,1,0.05625
29983,2,0.0625
29984,2,0.0375
29985,1,0.04375
29986,1,0.04375
29987,0,0.05
29988,1,0.04375
29989,0,0.05
29990,0,0.05
29991,1,0.05625
29992,1,0.04375
29993,0,0.05
29994,0,0.05
29995,1,0.05625
29996,0,0.05
29997,1,0.05625
29998,1,0.05625
29999,2,0.0625
30000,1,0.04375
30001,0,0.05
30002,0,0.05
30003,1,0.05625
30004,0,0.05
30005,1,0.05625
30006,1,0.05625
30007,2,0.0625
30008,0,0.05
30009,1,0.05625
30010,1,0.05625
30011,2,0.0625
30012,1,0.05625
30013,2,0.0625
30014,2,0.0625
30015,3,0.06875
30016,2,0.0375
30017,1,0.04375
30018,1,0.04375
30019,0,0.05
30020,1,0.04375
30021,0,0.05
30022,0,0.05
30023,1,0.05625
30024,1,0.04375
30025,0,0.05
30026,0,0.05
30027,1,0.05625
30028,0,0.05
30029,1,0.05625
30030,1,0.05625
30031,2,0.0625
30032,1,0.04375
30033,0,0.05
30034,0,0.05
30035,1,0.05625
30036,0,0.05
30037,1,0.05625
30038,1,0.05625
30039,2,0.0625
30040,0,0.05
30041,1,0.05625
30042,1,0.05625
30043,2,0.0625
30044,1,0.05625
30045,2,0.0625
30046,2,0.0625
30047,3,0.06875
30048,1,0.04375
30049,0,0.05
30050,0,0.05
30051,1,0.05625
30052,0,0.05
30053,1,0.05625
30054,1,0.05625
30055,2,0.0625
30056,0,0.05
30057,1,0.05625
30058,1,0.05625
30059,2,0.0625
30060,1,0.05625
30061,2,0.0625
30062,2,0.0625
30063,3,0.06875
30064,0,0.05
30065,1,0.05625
30066,1,0.05625
30067,2,0.0625
30068,1,0.05625
30069,2,0.0625
30070,2,0.0625
30071,3,0.06875
30072,1,0.05625
30073,2,0.0625
30074,2,0.0625
30075,3,0.06875
30076,2,0.0625
30077,3,0.06875
30078,3,0.06875
30079,4,0.075
30080,2,0.0375
30081,1,0.04375
30082,1,0.04375
30083,0,0.05
30084,1,0.04375
30085,0,0.05
30086,0,0.05
30087,1,0.05625
30088,1,0.04375
30089,0,0.05
30090,0,0.05
30091,1,0.05625
30092,0,0.05
30093,1,0.05625
30094,1,0.05625
30095,2,0.0625
30096,1,0.04375
30097,0,0.05
30098,0,0.05
30099,1,0.05625
30100,0,0.05
30101,1,0.05625
30102,1,0.05625
30103,2,0.0625
30104,0,0.05
30105,1,0.05625
30106,1,0.05625
30107,2,0.0625
30108,1,0.05625
30109,2,0.0625
30110,2,0.0625
30111,3,0.06875
30112,1,0.04375
30113,0,0.05
30114,0,0.05
30115,1,0.05625
30116,0,0.05
30117,1,0.05625
30118,1,0.05625
30119,2,0.0625
30120,0,0.05
30121,1,0.05625
30122,1,0.05625
30123,2,0.0625
30124,1,0.05625
30125,2,0.0625
30126,2,0.0625
30127,3,0.06875
30128,0,0.05
30129,1,0.05625
30130,1,0.05625
30131,2,0.0625
30132,1,0.05625
30133,2,0.0625
30134,2,0.0625
30135,3,0.06875
30136,1,0.05625
30137,2,0.0625
30138,2,0.0625
30139,3,0.06875
30140,2,0.0625
30141,3,0.06875
30142,3,0.06875
30143,4,0.075
30144,1,0.04375
30145,0,0.05
30146,0,0.05
30147,1,0.05625
30148,0,0.05
30149,1,0.05625
30150,1,0.05625
30151,2,0.0625
30152,0,0.05
30153,1,0.05625
30154,1,0.05625
30155,2,0.0625
30156,1,0.05625
30157,2,0.0625
30158,2,0.0625
30159,3,0.06875
30160,0,0.05
30161,1,0.05625
30162,1,0.05625
30163,2,0.0625
30164,1,0.05625
30165,2,0.0625
30166,2,0.0625
30167,3,0.06875
30168,1,0.05625
30169,2,0.0625
30170,2,0.0625
30171,3,0.06875
30172,2,0.0625
30173,3,0.06875
30174,3,0.06875
30175,4,0.075
30176,0,0.05
30177,1,0.05625
30178,1,0.05625
30179,2,0.0625
30180,1,0.05625
30181,2,0.0625
30182,2,0.0625
30183,3,0.06875
30184,1,0.05625
30185,2,0.0625
30186,2,0.0625
30187,3,0.06875
30188,2,0.0625
30189,3,0.06875
30190,3,0.06875
30191,4,0.075
30192,1,0.05625
30193,2,0.0625
30194,2,0.0625
30195,3,0.06875
30196,2,0.0625
30197,3,0.06875
30198,3,0.06875
30199,4,0.075
30200,2,0.0625
30201,3,0.06875
30202,3,0.06875
30203,4,0.075
30204,3,0.06875
30205,4,0.075
30206,4,0.075
30207,3,0.08125
30208,3,0.03125
30209,2,0.0375
30210,2,0.0375
30211,1,0.04375
30212,2,0.0375
30213,1,0.04375
30214,1,0.04375
30215,0,0.05
30216,2,0.0375
30217,1,0.04375
30218,1,0.04375
30219,0,0.05
30220,1,0.04375
30221,0,0.05
30222,0,0.05
30223,1,0.05625
30224,2,0.0375
30225,1,0.04375
30226,1,0.04375
30227,0,0.05
30228,1,0.04375
30229,0,0.05
30230,0,0.05
30231,1,0.05625
30232,1,0.04375
30233,0,0.05
30234,0,0.05
30235,1,0.05625
30236,0,0.05
30237,1,0.05625
30238,1,0.05625
30239,2,0.0625
30240,2,0.0375
30241,1,0.04375
30242,1,0.04375
30243,0,0.05
30244,1,0.04375
30245,0,0.05
30246,0,0.05
30247,1,0.05625
30248,1,0.04375
30249,0,0.05
30250,0,0.05
30251,1,0.05625
30252,0,0.05
30253,1,0.05625
30254,1,0.05625
30255,2,0.0625
30256,1,0.04375
30257,0,0.05
30258,0,0.05
30259,1,0.05625
30260,0,0.05
30261,1,0.05625
30262,1,0.05625
30263,2,0.0625
30264,0,0.05
30265,1,0.05625
30266,1,0.05625
30267,2,0.0625
30268,1,0.05625
30269,2,0.0625
30270,2,0.0625
30271,3,0.06875
30272,2,0.0375
30273,1,0.04375
30274,1,0.04375
30275,0,0.05
30276,1,0.04375
30277,0,0.05
30278,0,0.05
30279,1,0.05625
30280,1,0.04375
30281,0,0.05
30282,0,0.05
30283,1,0.05625
30284,0,0.05
30285,1,0.05625
30286,1,0.05625
30287,2,0.0625
30288,1,0.04375
30289,0,0.05
30290,0,0.05
30291,1,0.05625
30292,0,0.05
30293,1,0.05625
30294,1,0.05625
30295,2,0.0625
30296,0,0.05
30297,1,0.05625
30298,1,0.05625
30299,2,0.0625
30300,1,0.05625
30301,2,0.0625
30302,2,0.0625
30303,3,0.06875
30304,1,0.04375
30305,0,0.05
30306,0,0.05
30307,1,0.05625
30308,0,0.05
30309,1,0.05625
30310,1,0.05625
30311,2,0.0625
30312,0,0.05
30313,1,0.05625
30314,1,0.05625
30315,2,0.0625
30316,1,0.05625
30317,2,0.0625
30318,2,0.0625
30319,3,0.06875
30320,0,0.05
30321,1,0.05625
30322,1,0.05625
30323,2,0.0625
30324,1,0.05625
30325,2,0.0625
30326,2,0.0625
30327,3,0.06875
30328,1,0.05625
30329,2,0.0625
30330,2,0.0625
30331,3,0.06875
30332,2,0.0625
30333,3,0.06875
30334,3,0.06875
30335,4,0.075
30336,2,0.0375
30337,1,0.04375
30338,1,0.04375
30339,0,0.05
30340,1,0.04375
30341,0,0.05
30342,0,0.05
30343,1,0.05625
30344,1,0.04375
30345,0,0.05
30346,0,0.05
30347,1,0.05625
30348,0,0.05
30349,1,0.05625
30350,1,0.05625
30351,2,0.0625
30352,1,0.04375
30353,0,0.05
30354,0,0.05
30355,1,0.05625
30356,0,0.05
30357,1,0.05625
30358,1,0.05625
30359,2,0.0625
30360,0,0.05
30361,1,0.05625
30362,1,0.05625
30363,2,0.0625
30364,1,0.05625
30365,2,0.0625
30366,2,0.0625
30367,3,0.06875
30368,1,0.04375
30369,0,0.05
30370,0,0.05
30371,1,0.05625
30372,0,0.05
30373,1,0.05625
30374,1,0.05625
30375,2,0.0625
30376,0,0.05
30377,1,0.05625
30378,1,0.05625
30379,2,0.0625
30380,1,0.05625
30381,2,0.0625
30382,2,0.0625
30383,3,0.06875
30384,0,0.05
30385,1,0.05625
30386,1,0.05625
30387,2,0.0625
30388,1,0.05625
30389,2,0.0625
30390,2,0.0625
30391,3,0.06875
30392,1,0.05625
30393,2,0.0625
30394,2,0.0625
30395,3,0.06875
30396,2,0.0625
30397,3,0.06875
30398,3,0.06875
30399,4,0.075
30400,1,0.04375
30401,0,0.05
30402,0,0.05
30403,1,0.05625
30404,0,0.05
30405,1,0.05625
30406,1,0.05625
30407,2,0.0625
30408,0,0.05
30409,1,0.05625
30410,1,0.05625
30411,2,0.0625
30412,1,0.05625
30413,2,0.0625
30414,2,0.0625
30415,3,0.06875
30416,0,0.05
30417,1,0.05625
30418,1,0.05625
30419,2,0.0625
30420,1,0.05625
30421,2,0.0625
30422,2,0.0625
30423,3,0.06875
30424,1,0.05625
30425,2,0.0625
30426,2,0.0625
30427,3,0.06875
30428,2,0.0625
30429,3,0.06875
30430,3,0.06875
30431,4,0.075
30432,0,0.05
30433,1,0.05625
30434,1,0.05625
30435,2,0.0625
30436,1,0.05625
30437,2,0.0625
30438,2,0.0625
30439,3,0.06875
30440,1,0.05625
30441,2,0.0625
30442,2,0.0625
30443,3,0.06875
30444,2,0.0625
30445,3,0.06875
30446,3,0.06875
30447,4,0.075
30448,1,0.05625
30449,2,0.0625
30450,2,0.0625
30451,3,0.06875
30452,2,0.0625
30453,3,0.06875
30454,3,0.06875
30455,4,0.075
30456,2,0.0625
30457,3,0.06875
30458,3,0.06875
30459,4,0.075
30460,3,0.06875
30461,4,0.075
30462,4,0.075
30463,3,0.08125
30464,2,0.0375
30465,1,0.04375
30466,1,0.04375
30467,0,0.05
30468,1,0.04375
30469,0,0.05
30470,0,0.05
30471,1,0.05625
30472,1,0.04375
30473,0,0.05
30474,0,0.05
30475,1,0.05625
30476,0,0.05
30477,1,0.05625
30478,1,0.05625
30479,2,0.0625
30480,1,0.04375
30481,0,0.05
30482,0,0.05
30483,1,0.05625
30484,0,0.05
30485,1,0.05625
30486,1,0.05625
30487,2,0.0625
30488,0,0.05
30489,1,0.05625
30490,1,0.05625
30491,2,0.0625
30492,1,0.05625
30493,2,0.0625
30494,2,0.0625
30495,3,0.06875
30496,1,0.04375
30497,0,0.05
30498,0,0.05
30499,1,0.05625
30500,0,0.05
30501,1,0.05625
30502,1,0.05625
30503,2,0.0625
30504,0,0.05
30505,1,0.05625
30506,1,0.05625
30507,2,0.0625
30508,1,0.05625
30509,2,0.0625
30510,2,0.0625
30511,3,0.06875
30512,0,0.05
30513,1,0.05625
30514,1,0.05625
30515,2,0.0625
30516,1,0.05625
30517,2,0.0625
30518,2,0.0625
30519,3,0.06875
30520,1,0.05625
30521,2,0.0625
30522,2,0.0625
30523,3,0.06875
30524,2,0.0625
30525,3,0.06875
30526,3,0.06875
30527,4,0.075
30528,1,0.04375
30529,0,0.05
30530,0,0.05
30531,1,0.05625
30532,0,0.05
30533,1,0.05625
30534,1,0.05625
30535,2,0.0625
30536,0,0.05
30537,1,0.05625
30538,1,0.05625
30539,2,0.0625
30540,1,0.05625
30541,2,0.0625
30542,2,0.0625
30543,3,0.06875
30544,0,0.05
30545,1,0.05625
30546,1,0.05625
30547,2,0.0625
30548,1,0.05625
30549,2,0.0625
30550,2,0.0625
30551,3,0.06875
30552,1,0.05625
30553,2,0.0625
30554,2,0.0625
30555,3,0.06875
30556,2,0.0625
30557,3,0.06875
30558,3,0.06875
30559,4,0.075
30560,0,0.05
30561,1,0.05625
30562,1,0.05625
30563,2,0.0625
30564,1,0.05625
30565,2,0.0625
30566,2,0.0625
30567,3,0.06875
30568,1,0.05625
30569,2,0.0625
30570,2,0.0625
30571,3,0.06875
30572,2,0.0625
30573,3,0.06875
30574,3,0.06875
30575,4,0.075
30576,1,0.05625
30577,2,0.0625
30578,2,0.0625
30579,3,0.06875
30580,2,0.0625
30581,3,0.06875
30582,3,0.06875
30583,4,0.075
30584,2,0.0625
30585,3,0.06875
30586,3,0.06875
30587,4,0.075
30588,3,0.06875
30589,4,0.075
30590,4,0.075
30591,3,0.08125
30592,1,0.04375
30593,0,0.05
30594,0,0.05
30595,1,0.05625
30596,0,0.05
30597,1,0.05625
30598,1,0.05625
30599,2,0.0625
30600,0,0.05
30601,1,0.05625
30602,1,0.05625
30603,2,0.0625
30604,1,0.05625
30605,2,0.0625
30606,2,0.0625
30607,3,0.06875
30608,0,0.05
30609,1,0.05625
30610,1,0.05625
30611,2,0.0625
30612,1,0.05625
30613,2,0.0625
30614,2,0.0625
30615,3,0.06875
30616,1,0.05625
30617,2,0.0625
30618,2,0.0625
30619,3,0.06875
30620,2,0.0625
30621,3,0.06875
30622,3,0.06875
30623,4,0.075
30624,0,0.05
30625,1,0.05625
30626,1,0.05625
30627,2,0.0625
30628,1,0.05625
30629,2,0.0625
30630,2,0.0625
30631,3,0.06875
30632,1,0.05625
30633,2,0.0625
30634,2,0.0625
30635,3,0.06875
30636,2,0.0625
30637,3,0.06875
30638,3,0.06875
30639,4,0.075
30640,1,0.05625
30641,2,0.0625
30642,2,0.0625
30643,3,0.06875
30644,2,0.0625
30645,3,0.06875
30646,3,0.06875
30647,4,0.075
30648,2,0.0625
30649,3,0.06875
30650,3,0.06875
30651,4,0.075
30652,3,0.06875
30653,4,0.075
30654,4,0.075
30655,3,0.08125
30656,0,0.05
30657,1,0.05625
30658,1,0.05625
30659,2,0.0625
30660,1,0.05625
30661,2,0.0625
30662,2,0.0625
30663,3,0.06875
30664,1,0.05625
30665,2,0.0625
30666,2,0.0625
30667,3,0.06875
30668,2,0.0625
30669,3,0.06875
30670,3,0.06875
30671,4,0.075
30672,1,0.05625
30673,2,0.0625
30674,2,0.0625
30675,3,0.06875
30676,2,0.0625
30677,3,0.06875
30678,3,0.06875
30679,4,0.075
30680,2,0.0625
30681,3,0.06875
30682,3,0.06875
30683,4,0.075
30684,3,0.06875
30685,4,0.075
30686,4,0.075
30687,3,0.08125
30688,1,0.05625
30689,2,0.0625
30690,2,0.0625
30691,3,0.06875
30692,2,0.0625
30693,3,0.06875
30694,3,0.06875
30695,4,0.075
30696,2,0.0625
30697,3,0.06875
30698,3,0.06875
30699,4,0.075
30700,3,0.06875
30701,4,0.075
30702,4,0.075
30703,3,0.08125
30704,2,0.0625
30705,3,0.06875
30706,3,0.06875
30707,4,0.075
30708,3,0.06875
30709,4,0.075
30710,4,0.075
30711,3,0.08125
30712,3,0.06875
30713,4,0.075
30714,4,0.075
30715,3,0.08125
30716,4,0.075
30717,3,0.08125
30718,3,0.08125
30719,2,0.0875
30720,4,0.025
30721,3,0.03125
30722,3,0.03125
30723,2,0.0375
30724,3,0.03125
30725,2,0.0375
30726,2,0.0375
30727,1,0.04375
30728,3,0.03125
30729,2,0.0375
30730,2,0.0375
30731,1,0.04375
30732,2,0.0375
30733,1,0.04375
30734,1,0.04375
30735,0,0.05
30736,3,0.03125
30737,2,0.0375
30738,2,0.0375
30739,1,0.04375
30740,2,0.0375
30741,1,0.04375
30742,1,0.04375
30743,0,0.05
30744,2,0.0375
30745,1,0.04375
30746,1,0.04375
30747,0,0.05
30748,1,0.04375
30749,0,0.05
30750,0,0.05
30751,1,0.05625
30752,3,0.03125
30753,2,0.0375
30754,2,0.0375
30755,1,0.04375
30756,2,0.0375
30757,1,0.04375
30758,1,0.04375
30759,0,0.05
30760,2,0.0375
30761,1,0.04375
30762,1,0.04375
30763,0,0.05
30764,1,0.04375
30765,0,0.05
30766,0,0.05
30767,1,0.05625
30768,2,0.0375
30769,1,0.04375
30770,1,0.04375
30771,0,0.05
30772,1,0.04375
30773,0,0.05
30774,0,0.05
30775,1,0.05625
30776,1,0.04375
30777,0,0.05
30778,0,0.05
30779,1,0.05625
30780,0,0.05
30781,1,0.05625
30782,1,0.05625
30783,2,0.0625
30784,3,0.03125
30785,2,0.0375
30786,2,0.0375
30787,1,0.04375
30788,2,0.0375
30789,1,0.04375
30790,1,0.04375
30791,0,0.05
30792,2,0.0375
30793,1,0.04375
30794,1,0.04375
30795,0,0.05
30796,1,0.04375
30797,0,0.05
30798,0,0.05
30799,1,0.05625
30800,2,0.0375
30801,1,0.04375
30802,1,0.04375
30803,0,0.05
30804,1,0.04375
30805,0,0.05
30806,0,0.05
30807,1,0.05625
30808,1,0.04375
30809,0,0.05
30810,0,0.05
30811,1,0.05625
30812,0,0.05
30813,1,0.05625
30814,1,0.05625
30815,2,0.0625
30816,2,0.0375
30817,1,0.04375
30818,1,0.04375
30819,0,0.05
30820,1,0.04375
30821,0,0.05
30822,0,0.05
30823,1,0.05625
30824,1,0.04375
30825,0,0.05
30826,0,0.05
30827,1,0.05625
30828,0,0.05
30829,1,0.05625
30830,1,0.05625
30831,2,0.0625
30832,1,0.04375
30833,0,0.05
30834,0,0.05
30835,1,0.05625
30836,0,0.05
30837,1,0.05625
30838,1,0.05625
30839,2,0.0625
30840,0,0.05
30841,1,0.05625
30842,1,0.05625
30843,2,0.0625
30844,1,0.05625
30845,2,0.0625
30846,2,0.0625
30847,3,0.06875
30848,3,0.03125
30849,2,0.0375
30850,2,0.0375
30851,1,0.04375
30852,2,0.0375
30853,1,0.04375
30854,1,0.04375
30855,0,0.05
30856,2,0.0375
30857,1,0.04375
30858,1,0.04375
30859,0,0.05
30860,1,0.04375
30861,0,0.05
30862,0,0.05
30863,1,0.05625
30864,2,0.0375
30865,1,0.04375
30866,1,0.04375
30867,0,0.05
30868,1,0.04375
30869,0,0.05
30870,0,0.05
30871,1,0.05625
30872,1,0.04375
30873,0,0.05
30874,0,0.05
30875,1,0.05625
30876,0,0.05
30877,1,0.05625
30878,1,0.05625
30879,2,0.0625
30880,2,0.0375
30881,1,0.04375
30882,1,0.04375
30883,0,0.05
30884,1,0.04375
30885,0,0.05
30886,0,0.05
30887,1,0.05625
30888,1,0.04375
30889,0,0.05
30890,0,0.05
30891,1,0.05625
30892,0,0.05
30893,1,0.05625
30894,1,0.05625
30895,2,0.0625
30896,1,0.04375
30897,0,0.05
30898,0,0.05
30899,1,0.05625
30900,0,0.05
30901,1,0.05625
30902,1,0.05625
30903,2,0.0625
30904,0,0.05
30905,1,0.05625
30906,1,0.05625
30907,2,0.0625
30908,1,0.05625
30909,2,0.0625
30910,2,0.0625
30911,3,0.06875
30912,2,0.0375
30913,1,0.04375
30914,1,0.04375
30915,0,0.05
30916,1,0.04375
30917,0,0.05
30918,0,0.05
30919,1,0.05625
30920,1,0.04375
30921,0,0.05
30922,0,0.05
30923,1,0.05625
30924,0,0.05
30925,1,0.05625
30926,1,0.05625
30927,2,0.0625
30928,1,0.04375
30929,0,0.05
30930,0,0.05
30931,1,0.05625
30932,0,0.05
30933,1,0.05625
30934,1,0.05625
30935,2,0.0625
30936,0,0.05
30937,1,0.05625
30938,1,0.05625
30939,2,0.0625
30940,1,0.05625
30941,2,0.0625
30942,2,0.0625
30943,3,0.06875
30944,1,0.04375
30945,0,0.05
30946,0,0.05
30947,1,0.05625
30948,0,0.05
30949,1,0.05625
30950,1,0.05625
30951,2,0.0625
30952,0,0.05
30953,1,0.05625
30954,1,0.05625
30955,2,0.0625
30956,1,0.05625
30957,2,0.0625
30958,2,0.0625
30959,3,0.06875
30960,0,0.05
30961,1,0.05625
30962,1,0.05625
30963,2,0.0625
30964,1,0.05625
30965,2,0.0625
30966,2,0.0625
30967,3,0.06875
30968,1,0.05625
30969,2,0.0625
30970,2,0.0625
30971,3,0.06875
30972,2,0.0625
30973,3,0.06875
30974,3,0.06875
30975,4,0.075
30976,3,0.03125
30977,2,0.0375
30978,2,0.0375
30979,1,0.04375
30980,2,0.0375
30981,1,0.04375
30982,1,0.04375
30983,0,0.05
30984,2,0.0375
30985,1,0.04375
30986,1,0.04375
30987,0,0.05
30988,1,0.04375
30989,0,0.05
30990,0,0.05
30991,1,0.05625
30992,2,0.0375
30993,1,0.04375
30994,1,0.04375
30995,0,0.05
30996,1,0.04375
30997,0,0.05
30998,0,0.05
30999,1,0.05625
31000,1,0.04375
31001,0,0.05
31002,0,0.05
31003,1,0.05625
31004,0,0.05
31005,1,0.05625
31006,1,0.05625
31007,2,0.0625
31008,2,0.0375
31009,1,0.04375
31010,1,0.04375
31011,0,0.05
31012,1,0.04375
31013,0,0.05
31014,0,0.05
31015,1,0.05625
31016,1,0.04375
31017,0,0.05
31018,0,0.05
31019,1,0.05625
31020,0,0.05
31021,1,0.05625
31022,1,0.05625
31023,2,0.0625
31024,1,0.04375
31025,0,0.05
31026,0,0.05
31027,1,0.05625
31028,0,0.05
31029,1,0.05625
31030,1,0.05625
31031,2,0.0625
31032,0,0.05
31033,1,0.05625
31034,1,0.05625
31035,2,0.0625
31036,1,0.05625
31037,2,0.0625
31038,2,0.0625
31039,3,0.06875
31040,2,0.0375
31041,1,0.04375
31042,1,0.04375
31043,0,0.05
31044,1,0.04375
31045,0,0.05
31046,0,0.05
31047,1,0.05625
31048,1,0.04375
31049,0,0.05
31050,0,0.05
31051,1,0.05625
31052,0,0.05
31053,1,0.05625
31054,1,0.05625
31055,2,0.0625
31056,1,0.04375
31057,0,0.05
31058,0,0.05
31059,1,0.05625
31060,0,0.05
31061,1,0.05625
31062,1,0.05625
31063,2,0.0625
31064,0,0.05
31065,1,0.05625
31066,1,0.05625
31067,2,0.0625
31068,1,0.05625
31069,2,0.0625
31070,2,0.0625
31071,3,0.06875
31072,1,0.04375
31073,0,0.05
31074,0,0.05
31075,1,0.05625
31076,0,0.05
31077,1,0.05625
31078,1,0.05625
31079,2,0.0625
31080,0,0.05
31081,1,0.05625
31082,1,0.05625
31083,2,0.0625
31084,1,0.05625
31085,2,0.0625
31086,2,0.0625
31087,3,0.06875
31088,0,0.05
31089,1,0.05625
31090,1,0.05625
31091,2,0.0625
31092,1,0.05625
31093,2,0.0625
31094,2,0.0625
31095,3,0.06875
31096,1,0.05625
31097,2,0.0625
31098,2,0.0625
31099,3,0.06875
31100,2,0.0625
31101,3,0.06875
31102,3,0.06875
31103,4,0.075
31104,2,0.0375
31105,1,0.04375
31106,1,0.04375
31107,0,0.05
31108,1,0.04375
31109,0,0.05
31110,0,0.05
31111,1,0.05625
31112,1,0.04375
31113,0,0.05
31114,0,0.05
31115,1,0.05625
31116,0,0.05
31117,1,0.05625
31118,1,0.05625
31119,2,0.0625
31120,1,0.04375
31121,0,0.05
31122,0,0.05
31123,1,0.05625
31124,0,0.05
31125,1,0.05625
31126,1,0.05625
31127,2,0.0625
31128,0,0.05
31129,1,0.05625
31130,1,0.05625
31131,2,0.0625
31132,1,0.05625
31133,2,0.0625
31134,2,0.0625
31135,3,0.06875
31136,1,0.04375
31137,0,0.05
31138,0,0.05
31139,1,0.05625
31140,0,0.05
31141,1,0.05625
31142,1,0.05625
31143,2,0.0625
31144,0,0.05
31145,1,0.05625
31146,1,0.05625
31147,2,0.0625
31148,1,0.05625
31149,2,0.0625
31150,2,0.0625
31151,3,0.06875
31152,0,0.05
31153,1,0.05625
31154,1,0.05625
31155,2,0.0625
31156,1,0.05625
31157,2,0.0625
31158,2,0.0625
31159,3,0.06875
31160,1,0.05625
31161,2,0.0625
31162,2,0.0625
31163,3,0.06875
31164,2,0.0625
31165,3,0.06875
31166,3,0.06875
31167,4,0.075
31168,1,0.04375
31169,0,0.05
31170,0,0.05
31171,1,0.05625
31172,0,0.05
31173,1,0.05625
31174,1,0.05625
31175,2,0.0625
31176,0,0.05
31177,1,0.05625
31178,1,0.05625
31179,2,0.0625
31180,1,0.05625
31181,2,0.0625
31182,2,0.0625
31183,3,0.06875
31184,0,0.05
31185,1,0.05625
31186,1,0.05625
31187,2,0.0625
31188,1,0.05625
31189,2,0.0625
31190,2,0.0625
31191,3,0.06875
31192,1,0.05625
31193,2,0.0625
31194,2,0.0625
31195,3,0.06875
31196,2,0.0625
31197,3,0.06875
31198,3,0.06875
31199,4,0.075
31200,0,0.05
31201,1,0.05625
31202,1,0.05625
31203,2,0.0625
31204,1,0.05625
31205,2,0.0625
31206,2,0.0625
31207,3,0.06875
31208,1,0.05625
31209,2,0.0625
31210,2,0.0625
31211,3,0.06875
31212,2,0.0625
31213,3,0.06875
31214,3,0.06875
31215,4,0.075
31216,1,0.05625
31217,2,0.0625
31218,2,0.0625
31219,3,0.06875
31220,2,0.0625
31221,3,0.06875
31222,3,0.06875
31223,4,0.075
31224,2,0.0625
31225,3,0.06875
31226,3,0.06875
31227,4,0.075
31228,3,0.06875
31229,4,0.075
31230,4,0.075
31231,3,0.08125
31232,3,0.03125
31233,2,0.0375
31234,2,0.0375
31235,1,0.04375
31236,2,0.0375
31237,1,0.04375
31238,1,0.04375
31239,0,0.05
31240,2,0.0375
31241,1,0.04375
31242,1,0.04375
31243,0,0.05
31244,1,0.04375
31245,0,0.05
31246,0,0.05
31247,1,0.05625
31248,2,0.0375
31249,1,0.04375
31250,1,0.04375
31251,0,0.05
31252,1,0.04375
31253,0,0.05
31254,0,0.05
31255,1,0.05625
31256,1,0.04375
31257,0,0.05
31258,0,0.05
31259,1,0.05625
31260,0,0.05
31261,1,0.05625
31262,1,0.05625
31263,2,0.0625
31264,2,0.0375
31265,1,0.04375
31266,1,0.04375
31267,0,0.05
31268,1,0.04375
31269,0,0.05
31270,0,0.05
31271,1,0.05625
31272,1,0.04375
31273,0,0.05
31274,0,0.05
31275,1,0.05625
31276,0,0.05
31277,1,0.05625
31278,1,0.05625
31279,2,0.0625
31280,1,0.04375
31281,0,0.05
31282,0,0.05
31283,1,0.05625
31284,0,0.05
31285,1,0.05625
31286,1,0.05625
31287,2,0.0625
31288,0,0.05
31289,1,0.05625
31290,1,0.05625
31291,2,0.0625
31292,1,0.05625
31293,2,0.0625
31294,2,0.0625
31295,3,0.06875
31296,2,0.0375
31297,1,0.04375
31298,1,0.04375
31299,0,0.05
31300,1,0.04375
31301,0,0.05
31302,0,0.05
31303,1,0.05625
31304,1,0.04375
31305,0,0.05
31306,0,0.05
31307,1,0.05625
31308,0,0.05
31309,1,0.05625
31310,1,0.05625
31311,2,0.0625
31312,1,0.04375
31313,0,0.05
31314,0,0.05
31315,1,0.05625
31316,0,0.05
31317,1,0.05625
31318,1,0.05625
31319,2,0.0625
31320,0,0.05
31321,1,0.05625
31322,1,0.05625
31323,2,0.0625
31324,1,0.05625
31325,2,0.0625
31326,2,0.0625
31327,3,0.06875
31328,1,0.04375
31329,0,0.05
31330,0,0.05
31331,1,0.05625
31332,0,0.05
31333,1,0.05625
31334,1,0.05625
31335,2,0.0625
31336,0,0.05
31337,1,0.05625
31338,1,0.05625
31339,2,0.0625
31340,1,0.05625
31341,2,0.0625
31342,2,0.0625
31343,3,0.06875
31344,0,0.05
31345,1,0.05625
31346,1,0.05625
31347,2,0.0625
31348,1,0.05625
31349,2,0.0625
31350,2,0.0625
31351,3,0.06875
31352,1,0.05625
31353,2,0.0625
31354,2,0.0625
31355,3,0.06875
31356,2,0.0625
31357,3,0.06875
31358,3,0.06875
31359,4,0.075
31360,2,0.0375
31361,1,0.04375
31362,1,0.04375
31363,0,0.05
31364,1,0.04375
31365,0,0.05
31366,0,0.05
31367,1,0.05625
31368,1,0.04375
31369,0,0.05
31370,0,0.05
31371,1,0.05625
31372,0,0.05
31373,1,0.05625
31374,1,0.05625
31375,2,0.0625
31376,1,0.04375
31377,0,0.05
31378,0,0.05
31379,1,0.05625
31380,0,0.05
31381,1,0.05625
31382,1,0.05625
31383,2,0.0625
31384,0,0.05
31385,1,0.05625
31386,1,0.05625
31387,2,0.0625
31388,1,0.05625
31389,2,0.0625
31390,2,0.0625
31391,3,0.06875
31392,1,0.04375
31393,0,0.05
31394,0,0.05
31395,1,0.05625
31396,0,0.05
31397,1,0.05625
31398,1,0.05625
31399,2,0.0625
31400,0,0.05
31401,1,0.05625
31402,1,0.05625
31403,2,0.0625
31404,1,0.05625
31405,2,0.0625
31406,2,0.0625
31407,3,0.06875
31408,0,0.05
31409,1,0.05625
31410,1,0.05625
31411,2,0.0625
31412,1,0.05625
31413,2,0.0625
31414,2,0.0625
31415,3,0.06875
31416,1,0.05625
31417,2,0.0625
31418,2,0.0625
31419,3,0.06875
31420,2,0.0625
31421,3,0.06875
31422,3,0.06875
31423,4,0.075
31424,1,0.04375
31425,0,0.05
31426,0,0.05
31427,1,0.05625
31428,0,0.05
31429,1,0.05625
31430,1,0.05625
31431,2,0.0625
31432,0,0.05
31433,1,0.05625
31434,1,0.05625
31435,2,0.0625
31436,1,0.05625
31437,2,0.0625
31438,2,0.0625
31439,3,0.06875
31440,0,0.05
31441,1,0.05625
31442,1,0.05625
31443,2,0.0625
31444,1,0.05625
31445,2,0.0625
31446,2,0.0625
31447,3,0.06875
31448,1,0.05625
31449,2,0.0625
31450,2,0.0625
31451,3,0.06875
31452,2,0.0625
31453,3,0.06875
31454,3,0.06875
31455,4,0.075
31456,0,0.05
31457,1,0.05625
31458,1,0.05625
31459,2,0.0625
31460,1,0.05625
31461,2,0.0625
31462,2,0.0625
31463,3,0.06875
31464,1,0.05625
31465,2,0.0625
31466,2,0.0625
31467,3,0.06875
31468,2,0.0625
31469,3,0.06875
31470,3,0.06875
31471,4,0.075
31472,1,0.05625
31473,2,0.0625
31474,2,0.0625
31475,3,0.06875
31476,2,0.0625
31477,3,0.06875
31478,3,0.06875
31479,4,0.075
31480,2,0.0625
31481,3,0.06875
31482,3,0.06875
31483,4,0.075
31484,3,0.06875
31485,4,0.075
31486,4,0.075
31487,3,0.08125
31488,2,0.0375
31489,1,0.04375
31490,1,0.04375
31491,0,0.05
31492,1,0.04375
31493,0,0.05
31494,0,0.05
31495,1,0.05625
31496,1,0.04375
31497,0,0.05
31498,0,0.05
31499,1,0.05625
31500,0,0.05
31501,1,0.05625
31502,1,0.05625
31503,2,0.0625
31504,1,0.04375
31505,0,0.05
31506,0,0.05
31507,1,0.05625
31508,0,0.05
31509,1,0.05625
31510,1,0.05625
31511,2,0.0625
31512,0,0.05
31513,1,0.05625
31514,1,0.05625
31515,2,0.0625
31516,1,0.05625
31517,2,0.0625
31518,2,0.0625
31519,3,0.06875
31520,1,0.04375
31521,0,0.05
31522,0,0.05
31523,1,0.05625
31524,0,0.05
31525,1,0.05625
31526,1,0.05625
31527,2,0.0625
31528,0,0.05
31529,1,0.05625
31530,1,0.05625
31531,2,0.0625
31532,1,0.05625
31533,2,0.0625
31534,2,0.0625
31535,3,0.06875
31536,0,0.05
31537,1,0.05625
31538,1,0.05625
31539,2,0.0625
31540,1,0.05625
31541,2,0.0625
31542,2,0.0625
31543,3,0.06875
31544,1,0.05625
31545,2,0.0625
31546,2,0.0625
31547,3,0.06875
31548,2,0.0625
31549,3,0.06875
31550,3,0.06875
31551,4,0.075
31552,1,0.04375
31553,0,0.05
31554,0,0.05
31555,1,0.05625
31556,0,0.05
31557,1,0.05625
31558,1,0.05625
31559,2,0.0625
31560,0,0.05
31561,1,0.05625
31562,1,0.05625
31563,2,0.0625
31564,1,0.05625
31565,2,0.0625
31566,2,0.0625
31567,3,0.06875
31568,0,0.05
31569,1,0.05625
31570,1,0.05625
31571,2,0.0625
31572,1,0.05625
31573,2,0.0625
31574,2,0.0625
31575,3,0.06875
31576,1,0.05625
31577,2,0.0625
31578,2,0.0625
31579,3,0.06875
31580,2,0.0625
31581,3,0.06875
31582,3,0.06875
31583,4,0.075
31584,0,0.05
31585,1,0.05625
31586,1,0.05625
31587,2,0.0625
31588,1,0.05625
31589,2,0.0625
31590,2,0.0625
31591,3,0.06875
31592,1,0.05625
31593,2,0.0625
31594,2,0.0625
31595,3,0.06875
31596,2,0.0625
31597,3,0.06875
31598,3,0.06875
31599,4,0.075
31600,1,0.05625
31601,2,0.0625
31602,2,0.0625
31603,3,0.06875
31604,2,0.0625
31605,3,0.06875
31606,3,0.06875
31607,4,0.075
31608,2,0.0625
31609,3,0.06875
31610,3,0.06875
31611,4,0.075
31612,3,0.06875
31613,4,0.075
31614,4,0.075
31615,3,0.08125
31616,1,0.04375
31617,0,0.05
31618,0,0.05
31619,1,0.05625
31620,0,0.05
31621,1,0.05625
31622,1,0.05625
31623,2,0.0625
31624,0,0.05
31625,1,0.05625
31626,1,0.05625
31627,2,0.0625
31628,1,0.05625
31629,2,0.0625
31630,2,0.0625
31631,3,0.06875
31632,0,0.05
31633,1,0.05625
31634,1,0.05625
31635,2,0.0625
31636,1,0.05625
31637,2,0.0625
31638,2,0.0625
31639,3,0.06875
31640,1,0.05625
31641,2,0.0625
31642,2,0.0625
31643,3,0.06875
31644,2,0.0625
31645,3,0.06875
31646,3,0.06875
31647,4,0.075
31648,0,0.05
31649,1,0.05625
31650,1,0.05625
31651,2,0.0625
31652,1,0.05625
31653,2,0.0625
31654,2,0.0625
31655,3,0.06875
31656,1,0.05625
31657,2,0.0625
31658,2,0.0625
31659,3,0.06875
31660,2,0.0625
31661,3,0.06875
31662,3,0.06875
31663,4,0.075
31664,1,0.05625
31665,2,0.0625
31666,2,0.0625
31667,3,0.06875
31668,2,0.0625
31669,3,0.06875
31670,3,0.06875
31671,4,0.075
31672,2,0.0625
31673,3,0.06875
31674,3,0.06875
31675,4,0.075
31676,3,0.06875
31677,4,0.075
31678,4,0.075
31679,3,0.08125
31680,0,0.05
31681,1,0.05625
31682,1,0.05625
31683,2,0.0625
31684,1,0.05625
31685,2,0.0625
31686,2,0.0625
31687,3,0.06875
31688,1,0.05625
31689,2,0.0625
31690,2,0.0625
31691,3,0.06875
31692,2,0.0625
31693,3,0.06875
31694,3,0.06875
31695,4,0.075
31696,1,0.05625
31697,2,0.0625
31698,2,0.0625
31699,3,0.06875
31700,2,0.0625
31701,3,0.06875
31702,3,0.06875
31703,4,0.075
31704,2,0.0625
31705,3,0.06875
31706,3,0.06875
31707,4,0.075
31708,3,0.06875
31709,4,0.075
31710,4,0.075
31711,3,0.08125
31712,1,0.05625
31713,2,0.0625
31714,2,0.0625
31715,3,0.06875
31716,2,0.0625
31717,3,0.06875
31718,3,0.06875
31719,4,0.075
31720,2,0.0625
31721,3,0.06875
31722,3,0.06875
31723,4,0.075
31724,3,0.06875
31725,4,0.075
31726,4,0.075
31727,3,0.08125
31728,2,0.0625
31729,3,0.06875
31730,3,0.06875
31731,4,0.075
31732,3,0.06875
31733,4,0.075
31734,4,0.075
31735,3,0.08125
31736,3,0.06875
31737,4,0.075
31738,4,0.075
31739,3,0.08125
31740,4,0.075
31741,3,0.08125
31742,3,0.08125
31743,2,0.0875
31744,3,0.03125
31745,2,0.0375
31746,2,0.0375
31747,1,0.04375
31748,2,0.0375
31749,1,0.04375
31750,1,0.04375
31751,0,0.05
31752,2,0.0375
31753,1,0.04375
31754,1,0.04375
31755,0,0.05
31756,1,0.04375
31757,0,0.05
31758,0,0.05
31759,1,0.05625
31760,2,0.0375
31761,1,0.04375
31762,1,0.04375
31763,0,0.05
31764,1,0.04375
31765,0,0.05
31766,0,0.05
31767,1,0.05625
31768,1,0.04375
31769,0,0.05
31770,0,0.05
31771,1,0.05625
31772,0,0.05
31773,1,0.05625
31774,1,0.05625
31775,2,0.0625
31776,2,0.0375
31777,1,0.04375
31778,1,0.04375
31779,0,0.05
31780,1,0.04375
31781,0,0.05
31782,0,0.05
31783,1,0.05625
31784,1,0.04375
31785,0,0.05
31786,0,0.05
31787,1,0.05625
31788,0,0.05
31789,1,0.05625
31790,1,0.05625
31791,2,0.0625
31792,1,0.04375
31793,0,0.05
31794,0,0.05
31795,1,0.05625
31796,0,0.05
31797,1,0.05625
31798,1,0.05625
31799,2,0.0625
31800,0,0.05
31801,1,0.05625
31802,1,0.05625
31803,2,0.0625
31804,1,0.05625
31805,2,0.0625
31806,2,0.0625
31807,3,0.06875
31808,2,0.0375
31809,1,0.04375
31810,1,0.04375
31811,0,0.05
31812,1,0.04375
31813,0,0.05
31814,0,0.05
31815,1,0.05625
31816,1,0.04375
31817,0,0.05
31818,0,0.05
31819,1,0.05625
31820,0,0.05
31821,1,0.05625
31822,1,0.05625
31823,2,0.0625
31824,1,0.04375
31825,0,0.05
31826,0,0.05
31827,1,0.05625
31828,0,0.05
31829,1,0.05625
31830,1,0.05625
31831,2,0.0625
31832,0,0.05
31833,1,0.05625
31834,1,0.05625
31835,2,0.0625
31836,1,0.05625
31837,2,0.0625
31838,2,0.0625
31839,3,0.06875
31840,1,0.04375
31841,0,0.05
31842,0,0.05
31843,1,0.05625
31844,0,0.05
31845,1,0.05625
31846,1,0.05625
31847,2,0.0625
31848,0,0.05
31849,1,0.05625
31850,1,0.05625
31851,2,0.0625
31852,1,0.05625
31853,2,0.0625
31854,2,0.0625
31855,3,0.06875
31856,0,0.05
31857,1,0.05625
31858,1,0.05625
31859,2,0.0625
31860,1,0.05625
31861,2,0.0625
31862,2,0.0625
31863,3,0.06875
31864,1,0.05625
31865,2,0.0625
31866,2,0.0625
31867,3,0.06875
31868,2,0.0625
31869,3,0.06875
31870,3,0.06875
31871,4,0.075
31872,2,0.0375
31873,1,0.04375
31874,1,0.04375
31875,0,0.05
31876,1,0.04375
31877,0,0.05
31878,0,0.05
31879,1,0.05625
31880,1,0.04375
31881,0,0.05
31882,0,0.05
31883,1,0.05625
31884,0,0.05
31885,1,0.05625
31886,1,0.05625
31887,2,0.0625
31888,1,0.04375
31889,0,0.05
31890,0,0.05
31891,1,0.05625
31892,0,0.05
31893,1,0.05625
31894,1,0.05625
31895,2,0.0625
31896,0,0.05
31897,1,0.05625
31898,1,0.05625
31899,2,0.0625
31900,1,0.05625
31901,2,0.0625
31902,2,0.0625
31903,3,0.06875
31904,1,0.04375
31905,0,0.05
31906,0,0.05
31907,1,0.05625
31908,0,0.05
31909,1,0.05625
31910,1,0.05625
31911,2,0.0625
31912,0,0.05
31913,1,0.05625
31914,1,0.05625
31915,2,0.0625
31916,1,0.05625
31917,2,0.0625
31918,2,0.0625
31919,3,0.06875
31920,0,0.05
31921,1,0.05625
31922,1,0.05625
31923,2,0.0625
31924,1,0.05625
31925,2,0.0625
31926,2,0.0625
31927,3,0.06875
31928,1,0.05625
31929,2,0.0625
31930,2,0.0625
31931,3,0.06875
31932,2,0.0625
31933,3,0.06875
31934,3,0.06875
31935,4,0.075
31936,1,0.04375
31937,0,0.05
31938,0,0.05
31939,1,0.05625
31940,0,0.05
31941,1,0.05625
31942,1,0.05625
31943,2,0.0625
31944,0,0.05
31945,1,0.05625
31946,1,0.05625
31947,2,0.0625
31948,1,0.05625
31949,2,0.0625
31950,2,0.0625
31951,3,0.06875
31952,0,0.05
31953,1,0.05625
31954,1,0.05625
31955,2,0.0625
31956,1,0.05625
31957,2,0.0625
31958,2,0.0625
31959,3,0.06875
31960,1,0.05625
31961,2,0.0625
31962,2,0.0625
31963,3,0.06875
31964,2,0.0625
31965,3,0.06875
31966,3,0.06875
31967,4,0.075
31968,0,0.05
31969,1,0.05625
31970,1,0.05625
31971,2,0.0625
31972,1,0.05625
31973,2,0.0625
31974,2,0.0625
31975,3,0.06875
31976,1,0.05625
31977,2,0.0625
31978,2,0.0625
31979,3,0.06875
31980,2,0.0625
31981,3,0.06875
31982,3,0.06875
31983,4,0.075
31984,1,0.05625
31985,2,0.0625
31986,2,0.0625
31987,3,0.06875
31988,2,0.0625
31989,3,0.06875
31990,3,0.06875
31991,4,0.075
31992,2,0.0625
31993,3,0.06875
31994,3,0.06875
31995,4,0.075
31996,3,0.06875
31997,4,0.075
31998,4,0.075
31999,3,0.08125
32000,2,0.0375
32001,1,0.04375
32002,1,0.04375
32003,0,0.05
32004,1,0.04375
32005,0,0.05
32006,0,0.05
32007,1,0.05625
32008,1,0.04375
32009,0,0.05
32010,0,0.05
32011,1,0.05625
32012,0,0.05
32013,1,0.05625
32014,1,0.05625
32015,2,0.0625
32016,1,0.04375
32017,0,0.05
32018,0,0.05
32019,1,0.05625
32020,0,0.05
32021,1,0.05625
32022,1,0.05625
32023,2,0.0625
32024,0,0.05
32025,1,0.05625
32026,1,0.05625
32027,2,0.0625
32028,1,0.05625
32029,2,0.0625
32030,2,0.0625
32031,3,0.06875
32032,1,0.04375
32033,0,0.05
32034,0,0.05
32035,1,0.05625
32036,0,0.05
32037,1,0.05625
32038,1,0.05625
32039,2,0.0625
32040,0,0.05
32041,1,0.05625
32042,1,0.05625
32043,2,0.0625
32044,1,0.05625
32045,2,0.0625
32046,2,0.0625
32047,3,0.06875
32048,0,0.05
32049,1,0.05625
32050,1,0.05625
32051,2,0.0625
32052,1,0.05625
32053,2,0.0625
32054,2,0.0625
32055,3,0.06875
32056,1,0.05625
32057,2,0.0625
32058,2,0.0625
32059,3,0.06875
32060,2,0.0625
32061,3,0.06875
32062,3,0.06875
32063,4,0.075
32064,1,0.04375
32065,0,0.05
32066,0,0.05
32067,1,0.05625
32068,0,0.05
32069,1,0.05625
32070,1,0.05625
32071,2,0.0625
32072,0,0.05
32073,1,0.05625
32074,1,0.05625
32075,2,0.0625
32076,1,0.05625
32077,2,0.0625
32078,2,0.0625
32079,3,0.06875
32080,0,0.05
32081,1,0.05625
32082,1,0.05625
32083,2,0.0625
32084,1,0.05625
32085,2,0.0625
32086,2,0.0625
32087,3,0.06875
32088,1,0.05625
32089,2,0.0625
32090,2,0.0625
32091,3,0.06875
32092,2,0.0625
32093,3,0.06875
32094,3,0.06875
32095,4,0.075
32096,0,0.05
32097,1,0.05625
32098,1,0.05625
32099,2,0.0625
32100,1,0.05625
32101,2,0.0625
32102,2,0.0625
32103,3,0.06875
32104,1,0.05625
32105,2,0.0625
32106,2,0.0625
32107,3,0.06875
32108,2,0.0625
32109,3,0.06875
32110,3,0.06875
32111,4,0.075
32112,1,0.05625
32113,2,0.0625
32114,2,0.0625
32115,3,0.06875
32116,2,0.0625
32117,3,0.06875
32118,3,0.06875
32119,4,0.075
32120,2,0.0625
32121,3,0.06875
32122,3,0.06875
32123,4,0.075
32124,3,0.06875
32125,4,0.075
32126,4,0.075
32127,3,0.08125
32128,1,0.04375
32129,0,0.05
32130,0,0.05
32131,1,0.05625
32132,0,0.05
32133,1,0.05625
32134,1,0.05625
32135,2,0.0625
32136,0,0.05
32137,1,0.05625
32138,1,0.05625
32139,2,0.0625
32140,1,0.05625
32141,2,0.0625
32142,2,0.0625
32143,3,0.06875
32144,0,0.05
32145,1,0.05625
32146,1,0.05625
32147,2,0.0625
32148,1,0.05625
32149,2,0.0625
32150,2,0.0625
32151,3,0.06875
32152,1,0.05625
32153,2,0.0625
32154,2,0.0625
32155,3,0.06875
32156,2,0.0625
32157,3,0.06875
32158,3,0.06875
32159,4,0.075
32160,0,0.05
32161,1,0.05625
32162,1,0.05625
32163,2,0.0625
32164,1,0.05625
32165,2,0.0625
32166,2,0.0625
32167,3,0.06875
32168,1,0.05625
32169,2,0.0625
32170,2,0.0625
32171,3,0.06875
32172,2,0.0625
32173,3,0.06875
32174,3,0.06875
32175,4,0.075
32176,1,0.05625
32177,2,0.0625
32178,2,0.0625
32179,3,0.06875
32180,2,0.0625
32181,3,0.06875
32182,3,0.06875
32183,4,0.075
32184,2,0.0625
32185,3,0.06875
32186,3,0.06875
32187,4,0.075
32188,3,0.06875
32189,4,0.075
32190,4,0.075
32191,3,0.08125
32192,0,0.05
32193,1,0.05625
32194,1,0.05625
32195,2,0.0625
32196,1,0.05625
32197,2,0.0625
32198,2,0.0625
32199,3,0.06875
32200,1,0.05625
32201,2,0.0625
32202,2,0.0625
32203,3,0.06875
32204,2,0.0625
32205,3,0.06875
32206,3,0.06875
32207,4,0.075
32208,1,0.05625
32209,2,0.0625
32210,2,0.0625
32211,3,0.06875
32212,2,0.0625
32213,3,0.06875
32214,3,0.06875
32215,4,0.075
32216,2,0.0625
32217,3,0.06875
32218,3,0.06875
32219,4,0.075
32220,3,0.06875
32221,4,0.075
32222,4,0.075
32223,3,0.08125
32224,1,0.05625
32225,2,0.0625
32226,2,0.0625
32227,3,0.06875
32228,2,0.0625
32229,3,0.06875
32230,3,0.06875
32231,4,0.075
32232,2,0.0625
32233,3,0.06875
32234,3,0.06875
32235,4,0.075
32236,3,0.06875
32237,4,0.075
32238,4,0.075
32239,3,0.08125
32240,2,0.0625
32241,3,0.06875
32242,3,0.06875
32243,4,0.075
32244,3,0.06875
32245,4,0.075
32246,4,0.075
32247,3,0.08125
32248,3,0.06875
32249,4,0.075
32250,4,0.075
32251,3,0.08125
32252,4,0.075
32253,3,0.08125
32254,3,0.08125
32255,2,0.0875
32256,2,0.0375
32257,1,0.04375
32258,1,0.04375
32259,0,0.05
32260,1,0.04375
32261,0,0.05
32262,0,0.05
32263,1,0.05625
32264,1,0.04375
32265,0,0.05
32266,0,0.05
32267,1,0.05625
32268,0,0.05
32269,1,0.05625
32270,1,0.05625
32271,2,0.0625
32272,1,0.04375
32273,0,0.05
32274,0,0.05
32275,1,0.05625
32276,0,0.05
32277,1,0.05625
32278,1,0.05625
32279,2,0.0625
32280,0,0.05
32281,1,0.05625
32282,1,0.05625
32283,2,0.0625
32284,1,0.05625
32285,2,0.0625
32286,2,0.0625
32287,3,0.06875
32288,1,0.04375
32289,0,0.05
32290,0,0.05
32291,1,0.05625
32292,0,0.05
32293,1,0.05625
32294,1,0.05625
32295,2,0.0625
32296,0,0.05
32297,1,0.05625
32298,1,0.05625
32299,2,0.0625
32300,1,0.05625
32301,2,0.0625
32302,2,0.0625
32303,3,0.06875
32304,0,0.05
32305,1,0.05625
32306,1,0.05625
32307,2,0.0625
32308,1,0.05625
32309,2,0.0625
32310,2,0.0625
32311,3,0.06875
32312,1,0.05625
32313,2,0.0625
32314,2,0.0625
32315,3,0.06875
32316,2,0.0625
32317,3,0.06875
32318,3,0.06875
32319,4,0.075
32320,1,0.04375
32321,0,0.05
32322,0,0.05
32323,1,0.05625
32324,0,0.05
32325,1,0.05625
32326,1,0.05625
32327,2,0.0625
32328,0,0.05
32329,1,0.05625
32330,1,0.05625
32331,2,0.0625
32332,1,0.05625
32333,2,0.0625
32334,2,0.0625
32335,3,0.06875
32336,0,0.05
32337,1,0.05625
32338,1,0.05625
32339,2,0.0625
32340,1,0.05625
32341,2,0.0625
32342,2,0.0625
32343,3,0.06875
32344,1,0.05625
32345,2,0.0625
32346,2,0.0625
32347,3,0.06875
32348,2,0.0625
32349,3,0.06875
32350,3,0.06875
32351,4,0.075
32352,0,0.05
32353,1,0.05625
32354,1,0.05625
32355,2,0.0625
32356,1,0.05625
32357,2,0.0625
32358,2,0.0625
32359,3,0.06875
32360,1,0.05625
32361,2,0.0625
32362,2,0.0625
32363,3,0.06875
32364,2,0.0625
32365,3,0.06875
32366,3,0.06875
32367,4,0.075
32368,1,0.05625
32369,2,0.0625
32370,2,0.0625
32371,3,0.06875
32372,2,0.0625
32373,3,0.06875
32374,3,0.06875
32375,4,0.075
32376,2,0.0625
32377,3,0.06875
32378,3,0.06875
32379,4,0.075
32380,3,0.06875
32381,4,0.075
32382,4,0.075
32383,3,0.08125
32384,1,0.04375
32385,0,0.05
32386,0,0.05
32387,1,0.05625
32388,0,0.05
32389,1,0.05625
32390,1,0.05625
32391,2,0.0625
32392,0,0.05
32393,1,0.05625
32394,1,0.05625
32395,2,0.0625
32396,1,0.05625
32397,2,0.0625
32398,2,0.0625
32399,3,0.06875
32400,0,0.05
32401,1,0.05625
32402,1,0.05625
32403,2,0.0625
32404,1,0.05625
32405,2,0.0625
32406,2,0.0625
32407,3,0.06875
32408,1,0.05625
32409,2,0.0625
32410,2,0.0625
32411,3,0.06875
32412,2,0.0625
32413,3,0.06875
32414,3,0.06875
32415,4,0.075
32416,0,0.05
32417,1,0.05625
32418,1,0.05625
32419,2,0.0625
32420,1,0.05625
32421,2,0.0625
32422,2,0.0625
32423,3,0.06875
32424,1,0.05625
32425,2,0.0625
32426,2,0.0625
32427,3,0.06875
32428,2,0.0625
32429,3,0.06875
32430,3,0.06875
32431,4,0.075
32432,1,0.05625
32433,2,0.0625
32434,2,0.0625
32435,3,0.06875
32436,2,0.0625
32437,3,0.06875
32438,3,0.06875
32439,4,0.075
32440,2,0.0625
32441,3,0.06875
32442,3,0.06875
32443,4,0.075
32444,3,0.06875
32445,4,0.075
32446,4,0.075
32447,3,0.08125
32448,0,0.05
32449,1,0.05625
32450,1,0.05625
32451,2,0.0625
32452,1,0.05625
32453,2,0.0625
32454,2,0.0625
32455,3,0.06875
32456,1,0.05625
32457,2,0.0625
32458,2,0.0625
32459,3,0.06875
32460,2,0.0625
32461,3,0.06875
32462,3,0.06875
32463,4,0.075
32464,1,0.05625
32465,2,0.0625
32466,2,0.0625
32467,3,0.06875
32468,2,0.0625
32469,3,0.06875
32470,3,0.06875
32471,4,0.075
32472,2,0.0625
32473,3,0.06875
32474,3,0.06875
32475,4,0.075
32476,3,0.06875
32477,4,0.075
32478,4,0.075
32479,3,0.08125
32480,1,0.05625
32481,2,0.0625
32482,2,0.0625
32483,3,0.06875
32484,2,0.0625
32485,3,0.06875
32486,3,0.06875
32487,4,0.075
32488,2,0.0625
32489,3,0.06875
32490,3,0.06875
32491,4,0.075
32492,3,0.06875
32493,4,0.075
32494,4,0.075
32495,3,0.08125
32496,2,0.0625
32497,3,0.06875
32498,3,0.06875
32499,4,0.075
32500,3,0.06875
32501,4,0.075
32502,4,0.075
32503,3,0.08125
32504,3,0.06875
32505,4,0.075
32506,4,0.075
32507,3,0.08125
32508,4,0.075
32509,3,0.08125
32510,3,0.08125
32511,2,0.0875
32512,1,0.04375
32513,0,0.05
32514,0,0.05
32515,1,0.05625
32516,0,0.05
32517,1,0.05625
32518,1,0.05625
32519,2,0.0625
32520,0,0.05
32521,1,0.05625
32522,1,0.05625
32523,2,0.0625
32524,1,0.05625
32525,2,0.0625
32526,2,0.0625
32527,3,0.06875
32528,0,0.05
32529,1,0.05625
32530,1,0.05625
32531,2,0.0625
32532,1,0.05625
32533,2,0.0625
32534,2,0.0625
32535,3,0.06875
32536,1,0.05625
32537,2,0.0625
32538,2,0.0625
32539,3,0.06875
32540,2,0.0625
32541,3,0.06875
32542,3,0.06875
32543,4,0.075
32544,0,0.05
32545,1,0.05625
32546,1,0.05625
32547,2,0.0625
32548,1,0.05625
32549,2,0.0625
32550,2,0.0625
32551,3,0.06875
32552,1,0.05625
32553,2,0.0625
32554,2,0.0625
32555,3,0.06875
32556,2,0.0625
32557,3,0.06875
32558,3,0.06875
32559,4,0.075
32560,1,0.05625
32561,2,0.0625
32562,2,0.0625
32563,3,0.06875
32564,2,0.0625
32565,3,0.06875
32566,3,0.06875
32567,4,0.075
32568,2,0.0625
32569,3,0.06875
32570,3,0.06875
32571,4,0.075
32572,3,0.06875
32573,4,0.075
32574,4,0.075
32575,3,0.08125
32576,0,0.05
32577,1,0.05625
32578,1,0.05625
32579,2,0.0625
32580,1,0.05625
32581,2,0.0625
32582,2,0.0625
32583,3,0.06875
32584,1,0.05625
32585,2,0.0625
32586,2,0.0625
32587,3,0.06875
32588,2,0.0625
32589,3,0.06875
32590,3,0.06875
32591,4,0.075
32592,1,0.05625
32593,2,0.0625
32594,2,0.0625
32595,3,0.06875
32596,2,0.0625
32597,3,0.06875
32598,3,0.06875
32599,4,0.075
32600,2,0.0625
32601,3,0.06875
32602,3,0.06875
32603,4,0.075
32604,3,0.06875
32605,4,0.075
32606,4,0.075
32607,3,0.08125
32608,1,0.05625
32609,2,0.0625
32610,2,0.0625
32611,3,0.06875
32612,2,0.0625
32613,3,0.06875
32614,3,0.06875
32615,4,0.075
32616,2,0.0625
32617,3,0.06875
32618,3,0.06875
32619,4,0.075
32620,3,0.06875
32621,4,0.075
32622,4,0.075
32623,3,0.08125
32624,2,0.0625
32625,3,0.06875
32626,3,0.06875
32627,4,0.075
32628,3,0.06875
32629,4,0.075
32630,4,0.075
32631,3,0.08125
32632,3,0.06875
32633,4,0.075
32634,4,0.075
32635,3,0.08125
32636,4,0.075
32637,3,0.08125
32638,3,0.08125
32639,2,0.0875
32640,0,0.05
32641,1,0.05625
32642,1,0.05625
32643,2,0.0625
32644,1,0.05625
32645,2,0.0625
32646,2,0.0625
32647,3,0.06875
32648,1,0.05625
32649,2,0.0625
32650,2,0.0625
32651,3,0.06875
32652,2,0.0625
32653,3,0.06875
32654,3,0.06875
32655,4,0.075
32656,1,0.05625
32657,2,0.0625
32658,2,0.0625
32659,3,0.06875
32660,2,0.0625
32661,3,0.06875
32662,3,0.06875
32663,4,0.075
32664,2,0.0625
32665,3,0.06875
32666,3,0.06875
32667,4,0.075
32668,3,0.06875
32669,4,0.075
32670,4,0.075
32671,3,0.08125
32672,1,0.05625
32673,2,0.0625
32674,2,0.0625
32675,3,0.06875
32676,2,0.0625
32677,3,0.06875
32678,3,0.06875
32679,4,0.075
32680,2,0.0625
32681,3,0.06875
32682,3,0.06875
32683,4,0.075
32684,3,0.06875
32685,4,0.075
32686,4,0.075
32687,3,0.08125
32688,2,0.0625
32689,3,0.06875
32690,3,0.06875
32691,4,0.075
32692,3,0.06875
32693,4,0.075
32694,4,0.075
32695,3,0.08125
32696,3,0.06875
32697,4,0.075
32698,4,0.075
32699,3,0.08125
32700,4,0.075
32701,3,0.08125
32702,3,0.08125
32703,2,0.0875
32704,1,0.05625
32705,2,0.0625
32706,2,0.0625
32707,3,0.06875
32708,2,0.0625
32709,3,0.06875
32710,3,0.06875
32711,4,0.075
32712,2,0.0625
32713,3,0.06875
32714,3,0.06875
32715,4,0.075
32716,3,0.06875
32717,4,0.075
32718,4,0.075
32719,3,0.08125
32720,2,0.0625
32721,3,0.06875
32722,3,0.06875
32723,4,0.075
32724,3,0.06875
32725,4,0.075
32726,4,0.075
32727,3,0.08125
32728,3,0.06875
32729,4,0.075
32730,4,0.075
32731,3,0.08125
32732,4,0.075
32733,3,0.08125
32734,3,0.08125
32735,2,0.0875
32736,2,0.0625
32737,3,0.06875
32738,3,0.06875
32739,4,0.075
32740,3,0.06875
32741,4,0.075
32742,4,0.075
32743,3,0.08125
32744,3,0.06875
32745,4,0.075
32746,4,0.075
32747,3,0.08125
32748,4,0.075
32749,3,0.08125
32750,3,0.08125
32751,2,0.0875
32752,3,0.06875
32753,4,0.075
32754,4,0.075
32755,3,0.08125
32756,4,0.075
32757,3,0.08125
32758,3,0.08125
32759,2,0.0875
32760,4,0.075
32761,3,0.08125
32762,3,0.08125
32763,2,0.0875
32764,3,0.08125
32765,2,0.0875
32766,2,0.0875
32767,1,0.09375
32768,1,0.00625
32769,2,0.0125
32770,2,0.0125
32771,3,0.01875
32772,2,0.0125
32773,3,0.01875
32774,3,0.01875
32775,4,0.025
32776,2,0.0125
32777,3,0.01875
32778,3,0.01875
32779,4,0.025
32780,3,0.01875
32781,4,0.025
32782,4,0.025
32783,3,0.03125
32784,2,0.0125
32785,3,0.01875
32786,3,0.01875
32787,4,0.025
32788,3,0.01875
32789,4,0.025
32790,4,0.025
32791,3,0.03125
32792,3,0.01875
32793,4,0.025
32794,4,0.025
32795,3,0.03125
32796,4,0.025
32797,3,0.03125
32798,3,0.03125
32799,2,0.0375
32800,2,0.0125
32801,3,0.01875
32802,3,0.01875
32803,4,0.025
32804,3,0.01875
32805,4,0.025
32806,4,0.025
32807,3,0.03125
32808,3,0.01875
32809,4,0.025
32810,4,0.025
32811,3,0.03125
32812,4,0.025
32813,3,0.03125
32814,3,0.03125
32815,2,0.0375
32816,3,0.01875
32817,4,0.025
32818,4,0.025
32819,3,0.03125
32820,4,0.025
32821,3,0.03125
32822,3,0.03125
32823,2,0.0375
32824,4,0.025
32825,3,0.03125
32826,3,0.03125
32827,2,0.0375
32828,3,0.03125
32829,2,0.0375
32830,2,0.0375
32831,1,0.04375
32832,2,0.0125
32833,3,0.01875
32834,3,0.01875
32835,4,0.025
32836,3,0.01875
32837,4,0.025
32838,4,0.025
32839,3,0.03125
32840,3,0.01875
32841,4,0.025
32842,4,0.025
32843,3,0.03125
32844,4,0.025
32845,3,0.03125
32846,3,0.03125
32847,2,0.0375
32848,3,0.01875
32849,4,0.025
32850,4,0.025
32851,3,0.03125
32852,4,0.025
32853,3,0.03125
32854,3,0.03125
32855,2,0.0375
32856,4,0.025
32857,3,0.03125
32858,3,0.03125
32859,2,0.0375
32860,3,0.03125
32861,2,0.0375
32862,2,0.0375
32863,1,0.04375
32864,3,0.01875
32865,4,0.025
32866,4,0.025
32867,3,0.03125
32868,4,0.025
32869,3,0.03125
32870,3,0.03125
32871,2,0.0375
32872,4,0.025
32873,3,0.03125
32874,3,0.03125
32875,2,0.0375
32876,3,0.03125
32877,2,0.0375
32878,2,0.0375
32879,1,0.04375
32880,4,0.025
32881,3,0.03125
32882,3,0.03125
32883,2,0.0375
32884,3,0.03125
32885,2,0.0375
32886,2,0.0375
32887,1,0.04375
32888,3,0.03125
32889,2,0.0375
32890,2,0.0375
32891,1,0.04375
32892,2,0.0375
32893,1,0.04375
32894,1,0.04375
32895,0,0.05
32896,2,0.0125
32897,3,0.01875
32898,3,0.01875
32899,4,0.025
32900,3,0.01875
32901,4,0.025
32902,4,0.025
32903,3,0.03125
32904,3,0.01875
32905,4,0.025
32906,4,0.025
32907,3,0.03125
32908,4,0.025
32909,3,0.03125
32910,3,0.03125
32911,2,0.0375
32912,3,0.01875
32913,4,0.025
32914,4,0.025
32915,3,0.03125
32916,4,0.025
32917,3,0.03125
32918,3,0.03125
32919,2,0.0375
32920,4,0.025
32921,3,0.03125
32922,3,0.03125
32923,2,0.0375
32924,3,0.03125
32925,2,0.0375
32926,2,0.0375
32927,1,0.04375
32928,3,0.01875
32929,4,0.025
32930,4,0.025
32931,3,0.03125
32932,4,0.025
32933,3,0.03125
32934,3,0.03125
32935,2,0.0375
32936,4,0.025
32937,3,0.03125
32938,3,0.03125
32939,2,0.0375
32940,3,0.03125
32941,2,0.0375
32942,2,0.0375
32943,1,0.04375
32944,4,0.025
32945,3,0.03125
32946,3,0.03125
32947,2,0.0375
32948,3,0.03125
32949,2,0.0375
32950,2,0.0375
32951,1,0.04375
32952,3,0.03125
32953,2,0.0375
32954,2,0.0375
32955,1,0.04375
32956,2,0.0375
32957,1,0.04375
32958,1,0.04375
32959,0,0.05
32960,3,0.01875
32961,4,0.025
32962,4,0.025
32963,3,0.03125
32964,4,0.025
32965,3,0.03125
32966,3,0.03125
32967,2,0.0375
32968,4,0.025
32969,3,0.03125
32970,3,0.03125
32971,2,0.0375
32972,3,0.03125
32973,2,0.0375
32974,2,0.0375
32975,1,0.04375
32976,4,0.025
32977,3,0.03125
32978,3,0.03125
32979,2,0.0375
32980,3,0.03125
32981,2,0.0375
32982,2,0.0375
32983,1,0.04375
32984,3,0.03125
32985,2,0.0375
32986,2,0.0375
32987,1,0.04375
32988,2,0.0375
32989,1,0.04375
32990,1,0.04375
32991,0,0.05
32992,4,0.025
32993,3,0.03125
32994,3,0.03125
32995,2,0.0375
32996,3,0.03125
32997,2,0.0375
32998,2,0.0375
32999,1,0.04375
33000,3,0.03125
33001,2,0.0375
33002,2,0.0375
33003,1,0.04375
33004,2,0.0375
33005,1,0.04375
33006,1,0.04375
33007,0,0.05
33008,3,0.03125
33009,2,0.0375
33010,2,0.0375
33011,1,0.04375
33012,2,0.0375
33013,1,0.04375
33014,1,0.04375
33015,0,0.05
33016,2,0.0375
33017,1,0.04375
33018,1,0.04375
33019,0,0.05
33020,1,0.04375
33021,0,0.05
33022,0,0.05
33023,1,0.05625
33024,2,0.0125
33025,3,0.01875
33026,3,0.01875
33027,4,0.025
33028,3,0.01875
33029,4,0.025
33030,4,0.025
33031,3,0.03125
33032,3,0.01875
33033,4,0.025
33034,4,0.025
33035,3,0.03125
33036,4,0.025
33037,3,0.03125
33038,3,0.03125
33039,2,0.0375
33040,3,0.01875
33041,4,0.025
33042,4,0.025
33043,3,0.03125
33044,4,0.025
33045,3,0.03125
33046,3,0.03125
33047,2,0.0375
33048,4,0.025
33049,3,0.03125
33050,3,0.03125
33051,2,0.0375
33052,3,0.03125
33053,2,0.0375
33054,2,0.0375
33055,1,0.04375
33056,3,0.01875
33057,4,0.025
33058,4,0.025
33059,3,0.03125
33060,4,0.025
33061,3,0.03125
33062,3,0.03125
33063,2,0.0375
33064,4,0.025
33065,3,0.03125
33066,3,0.03125
33067,2,0.0375
33068,3,0.03125
33069,2,0.0375
33070,2,0.0375
33071,1,0.04375
33072,4,0.025
33073,3,0.03125
33074,3,0.03125
33075,2,0.0375
33076,3,0.03125
33077,2,0.0375
33078,2,0.0375
33079,1,0.04375
33080,3,0.03125
33081,2,0.0375
33082,2,0.0375
33083,1,0.04375
33084,2,0.0375
33085,1,0.04375
33086,1,0.04375
33087,0,0.05
33088,3,0.01875
33089,4,0.025
33090,4,0.025
33091,3,0.03125
33092,4,0.025
33093,3,0.03125
33094,3,0.03125
33095,2,0.0375
33096,4,0.025
33097,3,0.03125
33098,3,0.03125
33099,2,0.0375
33100,3,0.03125
33101,2,0.0375
33102,2,0.0375
33103,1,0.04375
33104,4,0.025
33105,3,0.03125
33106,3,0.03125
33107,2,0.0375
33108,3,0.03125
33109,2,0.0375
33110,2,0.0375
33111,1,0.04375
33112,3,0.03125
33113,2,0.0375
33114,2,0.0375
33115,1,0.04375
33116,2,0.0375
33117,1,0.04375
33118,1,0.04375
33119,0,0.05
33120,4,0.025
33121,3,0.03125
33122,3,0.03125
33123,2,0.0375
33124,3,0.03125
33125,2,0.0375
33126,2,0.0375
33127,1,0.04375
33128,3,0.03125
33129,2,0.0375
33130,2,0.0375
33131,1,0.04375
33132,2,0.0375
33133,1,0.04375
33134,1,0.04375
33135,0,0.05
33136,3,0.03125
33137,2,0.0375
33138,2,0.0375
33139,1,0.04375
33140,2,0.0375
33141,1,0.04375
33142,1,0.04375
33143,0,0.05
33144,2,0.0375
33145,1,0.04375
33146,1,0.04375
33147,0,0.05
33148,1,0.04375
33149,0,0.05
33150,0,0.05
33151,1,0.05625
33152,3,0.01875
33153,4,0.025
33154,4,0.025
33155,3,0.03125
33156,4,0.025
33157,3,0.03125
33158,3,0.03125
33159,2,0.0375
33160,4,0.025
33161,3,0.03125
33162,3,0.03125
33163,2,0.0375
33164,3,0.03125
33165,2,0.0375
33166,2,0.0375
33167,1,0.04375
33168,4,0.025
33169,3,0.03125
33170,3,0.03125
33171,2,0.0375
33172,3,0.03125
33173,2,0.0375
33174,2,0.0375
33175,1,0.04375
33176,3,0.03125
33177,2,0.0375
33178,2,0.0375
33179,1,0.04375
33180,2,0.0375
33181,1,0.04375
33182,1,0.04375
33183,0,0.05
33184,4,0.025
33185,3,0.03125
33186,3,0.03125
33187,2,0.0375
33188,3,0.03125
33189,2,0.0375
33190,2,0.0375
33191,1,0.04375
33192,3,0.03125
33193,2,0.0375
33194,2,0.0375
33195,1,0.04375
33196,2,0.0375
33197,1,0.04375
33198,1,0.04375
33199,0,0.05
33200,3,0.03125
33201,2,0.0375
33202,2,0.0375
33203,1,0.04375
33204,2,0.0375
33205,1,0.04375
33206,1,0.04375
33207,0,0.05
33208,2,0.0375
33209,1,0.04375
33210,1,0.04375
33211,0,0.05
33212,1,0.04375
33213,0,0.05
33214,0,0.05
33215,1,0.05625
33216,4,0.025
33217,3,0.03125
33218,3,0.03125
33219,2,0.0375
33220,3,0.03125
33221,2,0.0375
33222,2,0.0375
33223,1,0.04375
33224,3,0.03125
33225,2,0.0375
33226,2,0.0375
33227,1,0.04375
33228,2,0.0375
33229,1,0.04375
33230,1,0.04375
33231,0,0.05
33232,3,0.03125
33233,2,0.0375
33234,2,0.0375
33235,1,0.04375
33236,2,0.0375
33237,1,0.04375
33238,1,0.04375
33239,0,0.05
33240,2,0.0375
33241,1,0.04375
33242,1,0.04375
33243,0,0.05
33244,1,0.04375
33245,0,0.05
33246,0,0.05
33247,1,0.05625
33248,3,0.03125
33249,2,0.0375
33250,2,0.0375
33251,1,0.04375
33252,2,0.0375
33253,1,0.04375
33254,1,0.04375
33255,0,0.05
33256,2,0.0375
33257,1,0.04375
33258,1,0.04375
33259,0,0.05
33260,1,0.04375
33261,0,0.05
33262,0,0.05
33263,1,0.05625
33264,2,0.0375
33265,1,0.04375
33266,1,0.04375
33267,0,0.05
33268,1,0.04375
33269,0,0.05
33270,0,0.05
33271,1,0.05625
33272,1,0.04375
33273,0,0.05
33274,0,0.05
33275,1,0.05625
33276,0,0.05
33277,1,0.05625
33278,1,0.05625
33279,2,0.0625
33280,2,0.0125
33281,3,0.01875
33282,3,0.01875
33283,4,0.025
33284,3,0.01875
33285,4,0.025
33286,4,0.025
33287,3,0.03125
33288,3,0.01875
33289,4,0.025
33290,4,0.025
33291,3,0.03125
33292,4,0.025
33293,3,0.03125
33294,3,0.03125
33295,2,0.0375
33296,3,0.01875
33297,4,0.025
33298,4,0.025
33299,3,0.03125
33300,4,0.025
33301,3,0.03125
33302,3,0.03125
33303,2,0.0375
33304,4,0.025
33305,3,0.03125
33306,3,0.03125
33307,2,0.0375
33308,3,0.03125
33309,2,0.0375
33310,2,0.0375
33311,1,0.04375
33312,3,0.01875
33313,4,0.025
33314,4,0.025
33315,3,0.03125
33316,4,0.025
33317,3,0.03125
33318,3,0.03125
33319,2,0.0375
33320,4,0.025
33321,3,0.03125
33322,3,0.03125
33323,2,0.0375
33324,3,0.03125
33325,2,0.0375
33326,2,0.0375
33327,1,0.04375
33328,4,0.025
33329,3,0.03125
33330,3,0.03125
33331,2,0.0375
33332,3,0.03125
33333,2,0.0375
33334,2,0.0375
33335,1,0.04375
33336,3,0.03125
33337,2,0.0375
33338,2,0.0375
33339,1,0.04375
33340,2,0.0375
33341,1,0.04375
33342,1,0.04375
33343,0,0.05
33344,3,0.01875
33345,4,0.025
33346,4,0.025
33347,3,0.03125
33348,4,0.025
33349,3,0.03125
33350,3,0.03125
33351,2,0.0375
33352,4,0.025
33353,3,0.03125
33354,3,0.03125
33355,2,0.0375
33356,3,0.03125
33357,2,0.0375
33358,2,0.0375
33359,1,0.04375
33360,4,0.025
33361,3,0.03125
33362,3,0.03125
33363,2,0.0375
33364,3,0.03125
33365,2,0.0375
33366,2,0.0375
33367,1,0.04375
33368,3,0.03125
33369,2,0.0375
33370,2,0.0375
33371,1,0.04375
33372,2,0.0375
33373,1,0.04375
33374,1,0.04375
33375,0,0.05
33376,4,0.025
33377,3,0.03125
33378,3,0.03125
33379,2,0.0375
33380,3,0.03125
33381,2,0.0375
33382,2,0.0375
33383,1,0.04375
33384,3,0.03125
33385,2,0.0375
33386,2,0.0375
33387,1,0.04375
33388,2,0.0375
33389,1,0.04375
33390,1,0.04375
33391,0,0.05
33392,3,0.03125
33393,2,0.0375
33394,2,0.0375
33395,1,0.04375
33396,2,0.0375
33397,1,0.04375
33398,1,0.04375
33399,0,0.05
33400,2,0.0375
33401,1,0.04375
33402,1,0.04375
33403,0,0.05
33404,1,0.04375
33405,0,0.05
33406,0,0.05
33407,1,0.05625
33408,3,0.01875
33409,4,0.025
33410,4,0.025
33411,3,0.03125
33412,4,0.025
33413,3,0.03125
33414,3,0.03125
33415,2,0.0375
33416,4,0.025
33417,3,0.03125
33418,3,0.03125
33419,2,0.0375
33420,3,0.03125
33421,2,0.0375
33422,2,0.0375
33423,1,0.04375
33424,4,0.025
33425,3,0.03125
33426,3,0.03125
33427,2,0.0375
33428,3,0.03125
33429,2,0.0375
33430,2,0.0375
33431,1,0.04375
33432,3,0.03125
33433,2,0.0375
33434,2,0.0375
33435,1,0.04375
33436,2,0.0375
33437,1,0.04375
33438,1,0.04375
33439,0,0.05
33440,4,0.025
33441,3,0.03125
33442,3,0.03125
33443,2,0.0375
33444,3,0.03125
33445,2,0.0375
33446,2,0.0375
33447,1,0.04375
33448,3,0.03125
33449,2,0.0375
33450,2,0.0375
33451,1,0.04375
33452,2,0.0375
33453,1,0.04375
33454,1,0.04375
33455,0,0.05
33456,3,0.03125
33457,2,0.0375
33458,2,0.0375
33459,1,0.04375
33460,2,0.0375
33461,1,0.04375
33462,1,0.04375
33463,0,0.05
33464,2,0.0375
33465,1,0.04375
33466,1,0.04375
33467,0,0.05
33468,1,0.04375
33469,0,0.05
33470,0,0.05
33471,1,0.05625
33472,4,0.025
33473,3,0.03125
33474,3,0.03125
33475,2,0.0375
33476,3,0.03125
33477,2,0.0375
33478,2,0.0375
33479,1,0.04375
33480,3,0.03125
33481,2,0.0375
33482,2,0.0375
33483,1,0.04375
33484,2,0.0375
33485,1,0.04375
33486,1,0.04375
33487,0,0.05
33488,3,0.03125
33489,2,0.0375
33490,2,0.0375
33491,1,0.04375
33492,2,0.0375
33493,1,0.04375
33494,1,0.04375
33495,0,0.05
33496,2,0.0375
33497,1,0.04375
33498,1,0.04375
33499,0,0.05
33500,1,0.04375
33501,0,0.05
33502,0,0.05
33503,1,0.05625
33504,3,0.03125
33505,2,0.0375
33506,2,0.0375
33507,1,0.04375
33508,2,0.0375
33509,1,0.04375
33510,1,0.04375
33511,0,0.05
33512,2,0.0375
33513,1,0.04375
33514,1,0.04375
33515,0,0.05
33516,1,0.04375
33517,0,0.05
33518,0,0.05
33519,1,0.05625
33520,2,0.0375
33521,1,0.04375
33522,1,0.04375
33523,0,0.05
33524,1,0.04375
33525,0,0.05
33526,0,0.05
33527,1,0.05625
33528,1,0.04375
33529,0,0.05
33530,0,0.05
33531,1,0.05625
33532,0,0.05
33533,1,0.05625
33534,1,0.05625
33535,2,0.0625
33536,3,0.01875
33537,4,0.025
33538,4,0.025
33539,3,0.03125
33540,4,0.025
33541,3,0.03125
33542,3,0.03125
33543,2,0.0375
33544,4,0.025
33545,3,0.03125
33546,3,0.03125
33547,2,0.0375
33548,3,0.03125
33549,2,0.0375
33550,2,0.0375
33551,1,0.04375
33552,4,0.025
33553,3,0.03125
33554,3,0.03125
33555,2,0.0375
33556,3,0.03125
33557,2,0.0375
33558,2,0.0375
33559,1,0.04375
33560,3,0.03125
33561,2,0.0375
33562,2,0.0375
33563,1,0.04375
33564,2,0.0375
33565,1,0.04375
33566,1,0.04375
33567,0,0.05
33568,4,0.025
33569,3,0.03125
33570,3,0.03125
33571,2,0.0375
33572,3,0.03125
33573,2,0.0375
33574,2,0.0375
33575,1,0.04375
33576,3,0.03125
33577,2,0.0375
33578,2,0.0375
33579,1,0.04375
33580,2,0.0375
33581,1,0.04375
33582,1,0.04375
33583,0,0.05
33584,3,0.03125
33585,2,0.0375
33586,2,0.0375
33587,1,0.04375
33588,2,0.0375
33589,1,0.04375
33590,1,0.04375
33591,0,0.05
33592,2,0.0375
33593,1,0.04375
33594,1,0.04375
33595,0,0.05
33596,1,0.04375
33597,0,0.05
33598,0,0.05
33599,1,0.05625
33600,4,0.025
33601,3,0.03125
33602,3,0.03125
33603,2,0.0375
33604,3,0.03125
33605,2,0.0375
33606,2,0.0375
33607,1,0.04375
33608,3,0.03125
33609,2,0.0375
33610,2,0.0375
33611,1,0.04375
33612,2,0.0375
33613,1,0.04375
33614,1,0.04375
33615,0,0.05
33616,3,0.03125
33617,2,0.0375
33618,2,0.0375
33619,1,0.04375
33620,2,0.0375
33621,1,0.04375
33622,1,0.04375
33623,0,0.05
33624,2,0.0375
33625,1,0.04375
33626,1,0.04375
33627,0,0.05
33628,1,0.04375
33629,0,0.05
33630,0,0.05
33631,1,0.05625
33632,3,0.03125
33633,2,0.0375
33634,2,0.0375
33635,1,0.04375
33636,2,0.0375
33637,1,0.04375
33638,1,0.04375
33639,0,0.05
33640,2,0.0375
33641,1,0.04375
33642,1,0.04375
33643,0,0.05
33644,1,0.04375
33645,0,0.05
33646,0,0.05
33647,1,0.05625
33648,2,0.0375
33649,1,0.04375
33650,1,0.04375
33651,0,0.05
33652,1,0.04375
33653,0,0.05
33654,0,0.05
33655,1,0.05625
33656,1,0.04375
33657,0,0.05
33658,0,0.05
33659,1,0.05625
33660,0,0.05
33661,1,0.05625
33662,1,0.05625
33663,2,0.0625
33664,4,0.025
33665,3,0.03125
33666,3,0.03125
33667,2,0.0375
33668,3,0.03125
33669,2,0.0375
33670,2,0.0375
33671,1,0.04375
33672,3,0.03125
33673,2,0.0375
33674,2,0.0375
33675,1,0.04375
33676,2,0.0375
33677,1,0.04375
33678,1,0.04375
33679,0,0.05
33680,3,0.03125
33681,2,0.0375
33682,2,0.0375
33683,1,0.04375
33684,2,0.0375
33685,1,0.04375
33686,1,0.04375
33687,0,0.05
33688,2,0.0375
33689,1,0.04375
33690,1,0.04375
33691,0,0.05
33692,1,0.04375
33693,0,0.05
33694,0,0.05
33695,1,0.05625
33696,3,0.03125
33697,2,0.0375
33698,2,0.0375
33699,1,0.04375
33700,2,0.0375
33701,1,0.04375
33702,1,0.04375
33703,0,0.05
33704,2,0.0375
33705,1,0.04375
33706,1,0.04375
33707,0,0.05
33708,1,0.04375
33709,0,0.05
33710,0,0.05
33711,1,0.05625
33712,2,0.0375
33713,1,0.04375
33714,1,0.04375
33715,0,0.05
33716,1,0.04375
33717,0,0.05
33718,0,0.05
33719,1,0.05625
33720,1,0.04375
33721,0,0.05
33722,0,0.05
33723,1,0.05625
33724,0,0.05
33725,1,0.05625
33726,1,0.05625
33727,2,0.0625
33728,3,0.03125
33729,2,0.0375
33730,2,0.0375
33731,1,0.04375
33732,2,0.0375
33733,1,0.04375
33734,1,0.04375
33735,0,0.05
33736,2,0.0375
33737,1,0.04375
33738,1,0.04375
33739,0,0.05
33740,1,0.04375
33741,0,0.05
33742,0,0.05
33743,1,0.05625
33744,2,0.0375
33745,1,0.04375
33746,1,0.04375
33747,0,0.05
33748,1,0.04375
33749,0,0.05
33750,0,0.05
33751,1,0.05625
33752,1,0.04375
33753,0,0.05
33754,0,0.05
33755,1,0.05625
33756,0,0.05
33757,1,0.05625
33758,1,0.05625
33759,2,0.0625
33760,2,0.0375
33761,1,0.04375
33762,1,0.04375
33763,0,0.05
33764,1,0.04375
33765,0,0.05
33766,0,0.05
33767,1,0.05625
33768,1,0.04375
33769,0,0.05
33770,0,0.05
33771,1,0.05625
33772,0,0.05
33773,1,0.05625
33774,1,0.05625
33775,2,0.0625
33776,1,0.04375
33777,0,0.05
33778,0,0.05
33779,1,0.05625
33780,0,0.05
33781,1,0.05625
33782,1,0.05625
33783,2,0.0625
33784,0,0.05
33785,1,0.05625
33786,1,0.05625
33787,2,0.0625
33788,1,0.05625
33789,2,0.0625
33790,2,0.0625
33791,3,0.06875
33792,2,0.0125
33793,3,0.01875
33794,3,0.01875
33795,4,0.025
33796,3,0.01875
33797,4,0.025
33798,4,0.025
33799,3,0.03125
33800,3,0.01875
33801,4,0.025
33802,4,0.025
33803,3,0.03125
33804,4,0.025
33805,3,0.03125
33806,3,0.03125
33807,2,0.0375
33808,3,0.01875
33809,4,0.025
33810,4,0.025
33811,3,0.03125
33812,4,0.025
33813,3,0.03125
33814,3,0.03125
33815,2,0.0375
33816,4,0.025
33817,3,0.03125
33818,3,0.03125
33819,2,0.0375
33820,3,0.03125
33821,2,0.0375
33822,2,0.0375
33823,1,0.04375
33824,3,0.01875
33825,4,0.025
33826,4,0.025
33827,3,0.03125
33828,4,0.025
33829,3,0.03125
33830,3,0.03125
33831,2,0.0375
33832,4,0.025
33833,3,0.03125
33834,3,0.03125
33835,2,0.0375
33836,3,0.03125
33837,2,0.0375
33838,2,0.0375
33839,1,0.04375
33840,4,0.025
33841,3,0.03125
33842,3,0.03125
33843,2,0.0375
33844,3,0.03125
33845,2,0.0375
33846,2,0.0375
33847,1,0.04375
33848,3,0.03125
33849,2,0.0375
33850,2,0.0375
33851,1,0.04375
33852,2,0.0375
33853,1,0.04375
33854,1,0.04375
33855,0,0.05
33856,3,0.01875
33857,4,0.025
33858,4,0.025
33859,3,0.03125
33860,4,0.025
33861,3,0.03125
33862,3,0.03125
33863,2,0.0375
33864,4,0.025
33865,3,0.03125
33866,3,0.03125
33867,2,0.0375
33868,3,0.03125
33869,2,0.0375
33870,2,0.0375
33871,1,0.04375
33872,4,0.025
33873,3,0.03125
33874,3,0.03125
33875,2,0.0375
33876,3,0.03125
33877,2,0.0375
33878,2,0.0375
33879,1,0.04375
33880,3,0.03125
33881,2,0.0375
33882,2,0.0375
33883,1,0.04375
33884,2,0.0375
33885,1,0.04375
33886,1,0.04375
33887,0,0.05
33888,4,0.025
33889,3,0.03125
33890,3,0.03125
33891,2,0.0375
33892,3,0.03125
33893,2,0.0375
33894,2,0.0375
33895,1,0.04375
33896,3,0.03125
33897,2,0.0375
33898,2,0.0375
33899,1,0.04375
33900,2,0.0375
33901,1,0.04375
33902,1,0.04375
33903,0,0.05
33904,3,0.03125
33905,2,0.0375
33906,2,0.0375
33907,1,0.04375
33908,2,0.0375
33909,1,0.04375
33910,1,0.04375
33911,0,0.05
33912,2,0.0375
33913,1,0.04375
33914,1,0.04375
33915,0,0.05
33916,1,0.04375
33917,0,0.05
33918,0,0.05
33919,1,0.05625
33920,3,0.01875
33921,4,0.025
33922,4,0.025
33923,3,0.03125
33924,4,0.025
33925,3,0.03125
33926,3,0.03125
33927,2,0.0375
33928,4,0.025
33929,3,0.03125
33930,3,0.03125
33931,2,0.0375
33932,3,0.03125
33933,2,0.0375
33934,2,0.0375
33935,1,0.04375
33936,4,0.025
33937,3,0.03125
33938,3,0.03125
33939,2,0.0375
33940,3,0.03125
33941,2,0.0375
33942,2,0.0375
33943,1,0.04375
33944,3,0.03125
33945,2,0.0375
33946,2,0.0375
33947,1,0.04375
33948,2,0.0375
33949,1,0.04375
33950,1,0.04375
33951,0,0.05
33952,4,0.025
33953,3,0.03125
33954,3,0.03125
33955,2,0.0375
33956,3,0.03125
33957,2,0.0375
33958,2,0.0375
33959,1,0.04375
33960,3,0.03125
33961,2,0.0375
33962,2,0.0375
33963,1,0.04375
33964,2,0.0375
33965,1,0.04375
33966,1,0.04375
33967,0,0.05
33968,3,0.03125
33969,2,0.0375
33970,2,0.0375
33971,1,0.04375
33972,2,0.0375
33973,1,0.04375
33974,1,0.04375
33975,0,0.05
33976,2,0.0375
33977,1,0.04375
33978,1,0.04375
33979,0,0.05
33980,1,0.04375
33981,0,0.05
33982,0,0.05
33983,1,0.05625
33984,4,0.025
33985,3,0.03125
33986,3,0.03125
33987,2,0.0375
33988,3,0.03125
33989,2,0.0375
33990,2,0.0375
33991,1,0.04375
33992,3,0.03125
33993,2,0.0375
33994,2,0.0375
33995,1,0.04375
33996,2,0.0375
33997,1,0.04375
33998,1,0.04375
33999,0,0.05
34000,3,0.03125
34001,2,0.0375
34002,2,0.0375
34003,1,0.04375
34004,2,0.0375
34005,1,0.04375
34006,1,0.04375
34007,0,0.05
34008,2,0.0375
34009,1,0.04375
34010,1,0.04375
34011,0,0.05
34012,1,0.04375
34013,0,0.05
34014,0,0.05
34015,1,0.05625
34016,3,0.03125
34017,2,0.0375
34018,2,0.0375
34019,1,0.04375
34020,2,0.0375
34021,1,0.04375
34022,1,0.04375
34023,0,0.05
34024,2,0.0375
34025,1,0.04375
34026,1,0.04375
34027,0,0.05
34028,1,0.04375
34029,0,0.05
34030,0,0.05
34031,1,0.05625
34032,2,0.0375
34033,1,0.04375
34034,1,0.04375
34035,0,0.05
34036,1,0.04375
34037,0,0.05
34038,0,0.05
34039,1,0.05625
34040,1,0.04375
34041,0,0.05
34042,0,0.05
34043,1,0.05625
34044,0,0.05
34045,1,0.05625
34046,1,0.05625
34047,2,0.0625
34048,3,0.01875
34049,4,0.025
34050,4,0.025
34051,3,0.03125
34052,4,0.025
34053,3,0.03125
34054,3,0.03125
34055,2,0.0375
34056,4,0.025
34057,3,0.03125
34058,3,0.03125
34059,2,0.0375
34060,3,0.03125
34061,2,0.0375
34062,2,0.0375
34063,1,0.04375
34064,4,0.025
34065,3,0.03125
34066,3,0.03125
34067,2,0.0375
34068,3,0.03125
34069,2,0.0375
34070,2,0.0375
34071,1,0.04375
34072,3,0.03125
34073,2,0.0375
34074,2,0.0375
34075,1,0.04375
34076,2,0.0375
34077,1,0.04375
34078,1,0.04375
34079,0,0.05
34080,4,0.025
34081,3,0.03125
34082,3,0.03125
34083,2,0.0375
34084,3,0.03125
34085,2,0.0375
34086,2,0.0375
34087,1,0.04375
34088,3,0.03125
34089,2,0.0375
34090,2,0.0375
34091,1,0.04375
34092,2,0.0375
34093,1,0.04375
34094,1,0.04375
34095,0,0.05
34096,3,0.03125
34097,2,0.0375
34098,2,0.0375
34099,1,0.04375
34100,2,0.0375
34101,1,0.04375
34102,1,0.04375
34103,0,0.05
34104,2,0.0375
34105,1,0.04375
34106,1,0.04375
34107,0,0.05
34108,1,0.04375
34109,0,0.05
34110,0,0.05
34111,1,0.05625
34112,4,0.025
34113,3,0.03125
34114,3,0.03125
34115,2,0.0375
34116,3,0.03125
34117,2,0.0375
34118,2,0.0375
34119,1,0.04375
34120,3,0.03125
34121,2,0.0375
34122,2,0.0375
34123,1,0.04375
34124,2,0.0375
34125,1,0.04375
34126,1,0.04375
34127,0,0.05
34128,3,0.03125
34129,2,0.0375
34130,2,0.0375
34131,1,0.04375
34132,2,0.0375
34133,1,0.04375
34134,1,0.04375
34135,0,0.05
34136,2,0.0375
34137,1,0.04375
34138,1,0.04375
34139,0,0.05
34140,1,0.04375
34141,0,0.05
34142,0,0.05
34143,1,0.05625
34144,3,0.03125
34145,2,0.0375
34146,2,0.0375
34147,1,0.04375
34148,2,0.0375
34149,1,0.04375
34150,1,0.04375
34151,0,0.05
34152,2,0.0375
34153,1,0.04375
34154,1,0.04375
34155,0,0.05
34156,1,0.04375
34157,0,0.05
34158,0,0.05
34159,1,0.05625
34160,2,0.0375
34161,1,0.04375
34162,1,0.04375
34163,0,0.05
34164,1,0.04375
34165,0,0.05
34166,0,0.05
34167,1,0.05625
34168,1,0.04375
34169,0,0.05
34170,0,0.05
34171,1,0.05625
34172,0,0.05
34173,1,0.05625
34174,1,0.05625
34175,2,0.0625
34176,4,0.025
34177,3,0.03125
34178,3,0.03125
34179,2,0.0375
34180,3,0.03125
34181,2,0.0375
34182,2,0.0375
34183,1,0.04375
34184,3,0.03125
34185,2,0.0375
34186,2,0.0375
34187,1,0.04375
34188,2,0.0375
34189,1,0.04375
34190,1,0.04375
34191,0,0.05
34192,3,0.03125
34193,2,0.0375
34194,2,0.0375
34195,1,0.04375
34196,2,0.0375
34197,1,0.04375
34198,1,0.04375
34199,0,0.05
34200,2,0.0375
34201,1,0.04375
34202,1,0.04375
34203,0,0.05
34204,1,0.04375
34205,0,0.05
34206,0,0.05
34207,1,0.05625
34208,3,0.03125
34209,2,0.0375
34210,2,0.0375
34211,1,0.04375
34212,2,0.0375
34213,1,0.04375
34214,1,0.04375
34215,0,0.05
34216,2,0.0375
34217,1,0.04375
34218,1,0.04375
34219,0,0.05
34220,1,0.04375
34221,0,0.05
34222,0,0.05
34223,1,0.05625
34224,2,0.0375
34225,1,0.04375
34226,1,0.04375
34227,0,0.05
34228,1,0.04375
34229,0,0.05
34230,0,0.05
34231,1,0.05625
34232,1,0.04375
34233,0,0.05
34234,0,0.05
34235,1,0.05625
34236,0,0.05
34237,1,0.05625
34238,1,0.05625
34239,2,0.0625
34240,3,0.03125
34241,2,0.0375
34242,2,0.0375
34243,1,0.04375
34244,2,0.0375
34245,1,0.04375
34246,1,0.04375
34247,0,0.05
34248,2,0.0375
34249,1,0.04375
34250,1,0.04375
34251,0,0.05
34252,1,0.04375
34253,0,0.05
34254,0,0.05
34255,1,0.05625
34256,2,0.0375
34257,1,0.04375
34258,1,0.04375
34259,0,0.05
34260,1,0.04375
34261,0,0.05
34262,0,0.05
34263,1,0.05625
34264,1,0.04375
34265,0,0.05
34266,0,0.05
34267,1,0.05625
34268,0,0.05
34269,1,0.05625
34270,1,0.05625
34271,2,0.0625
34272,2,0.0375
34273,1,0.04375
34274,1,0.04375
34275,0,0.05
34276,1,0.04375
34277,0,0.05
34278,0,0.05
34279,1,0.05625
34280,1,0.04375
34281,0,0.05
34282,0,0.05
34283,1,0.05625
34284,0,0.05
34285,1,0.05625
34286,1,0.05625
34287,2,0.0625
34288,1,0.04375
34289,0,0.05
34290,0,0.05
34291,1,0.05625
34292,0,0.05
34293,1,0.05625
34294,1,0.05625
34295,2,0.0625
34296,0,0.05
34297,1,0.05625
34298,1,0.05625
34299,2,0.0625
34300,1,0.05625
34301,2,0.0625
34302,2,0.0625
34303,3,0.06875
34304,3,0.01875
34305,4,0.025
34306,4,0.025
34307,3,0.03125
34308,4,0.025
34309,3,0.03125
34310,3,0.03125
34311,2,0.0375
34312,4,0.025
34313,3,0.03125
34314,3,0.03125
34315,2,0.0375
34316,3,0.03125
34317,2,0.0375
34318,2,0.0375
34319,1,0.04375
34320,4,0.025
34321,3,0.03125
34322,3,0.03125
34323,2,0.0375
34324,3,0.03125
34325,2,0.0375
34326,2,0.0375
34327,1,0.04375
34328,3,0.03125
34329,2,0.0375
34330,2,0.0375
34331,1,0.04375
34332,2,0.0375
34333,1,0.04375
34334,1,0.04375
34335,0,0.05
34336,4,0.025
34337,3,0.03125
34338,3,0.03125
34339,2,0.0375
34340,3,0.03125
34341,2,0.0375
34342,2,0.0375
34343,1,0.04375
34344,3,0.03125
34345,2,0.0375
34346,2,0.0375
34347,1,0.04375
34348,2,0.0375
34349,1,0.04375
34350,1,0.04375
34351,0,0.05
34352,3,0.03125
34353,2,0.0375
34354,2,0.0375
34355,1,0.04375
34356,2,0.0375
34357,1,0.04375
34358,1,0.04375
34359,0,0.05
34360,2,0.0375
34361,1,0.04375
34362,1,0.04375
34363,0,0.05
34364,1,0.04375
34365,0,0.05
34366,0,0.05
34367,1,0.05625
34368,4,0.025
34369,3,0.03125
34370,3,0.03125
34371,2,0.0375
34372,3,0.03125
34373,2,0.0375
34374,2,0.0375
34375,1,0.04375
34376,3,0.03125
34377,2,0.0375
34378,2,0.0375
34379,1,0.04375
34380,2,0.0375
34381,1,0.04375
34382,1,0.04375
34383,0,0.05
34384,3,0.03125
34385,2,0.0375
34386,2,0.0375
34387,1,0.04375
34388,2,0.0375
34389,1,0.04375
34390,1,0.04375
34391,0,0.05
34392,2,0.0375
34393,1,0.04375
34394,1,0.04375
34395,0,0.05
34396,1,0.04375
34397,0,0.05
34398,0,0.05
34399,1,0.05625
34400,3,0.03125
34401,2,0.0375
34402,2,0.0375
34403,1,0.04375
34404,2,0.0375
34405,1,0.04375
34406,1,0.04375
34407,0,0.05
34408,2,0.0375
34409,1,0.04375
34410,1,0.04375
34411,0,0.05
34412,1,0.04375
34413,0,0.05
34414,0,0.05
34415,1,0.05625
34416,2,0.0375
34417,1,0.04375
34418,1,0.04375
34419,0,0.05
34420,1,0.04375
34421,0,0.05
34422,0,0.05
34423,1,0.05625
34424,1,0.04375
34425,0,0.05
34426,0,0.05
34427,1,0.05625
34428,0,0.05
34429,1,0.05625
34430,1,0.05625
34431,2,0.0625
34432,4,0.025
34433,3,0.03125
34434,3,0.03125
34435,2,0.0375
34436,3,0.03125
34437,2,0.0375
34438,2,0.0375
34439,1,0.04375
34440,3,0.03125
34441,2,0.0375
34442,2,0.0375
34443,1,0.04375
34444,2,0.0375
34445,1,0.04375
34446,1,0.04375
34447,0,0.05
34448,3,0.03125
34449,2,0.0375
34450,2,0.0375
34451,1,0.04375
34452,2,0.0375
34453,1,0.04375
34454,1,0.04375
34455,0,0.05
34456,2,0.0375
34457,1,0.04375
34458,1,0.04375
34459,0,0.05
34460,1,0.04375
34461,0,0.05
34462,0,0.05
34463,1,0.05625
34464,3,0.03125
34465,2,0.0375
34466,2,0.0375
34467,1,0.04375
34468,2,0.0375
34469,1,0.04375
34470,1,0.04375
34471,0,0.05
34472,2,0.0375
34473,1,0.04375
34474,1,0.04375
34475,0,0.05
34476,1,0.04375
34477,0,0.05
34478,0,0.05
34479,1,0.05625
34480,2,0.0375
34481,1,0.04375
34482,1,0.04375
34483,0,0.05
34484,1,0.04375
34485,0,0.05
34486,0,0.05
34487,1,0.05625
34488,1,0.04375
34489,0,0.05
34490,0,0.05
34491,1,0.05625
34492,0,0.05
34493,1,0.05625
34494,1,0.05625
34495,2,0.0625
34496,3,0.03125
34497,2,0.0375
34498,2,0.0375
34499,1,0.04375
34500,2,0.0375
34501,1,0.04375
34502,1,0.04375
34503,0,0.05
34504,2,0.0375
34505,1,0.04375
34506,1,0.04375
34507,0,0.05
34508,1,0.04375
34509,0,0.05
34510,0,0.05
34511,1,0.05625
34512,2,0.0375
34513,1,0.04375
34514,1,0.04375
34515,0,0.05
34516,1,0.04375
34517,0,0.05
34518,0,0.05
34519,1,0.05625
34520,1,0.04375
34521,0,0.05
34522,0,0.05
34523,1,0.05625
34524,0,0.05
34525,1,0.05625
34526,1,0.05625
34527,2,0.0625
34528,2,0.0375
34529,1,0.04375
34530,1,0.04375
34531,0,0.05
34532,1,0.04375
34533,0,0.05
34534,0,0.05
34535,1,0.05625
34536,1,0.04375
34537,0,0.05
34538,0,0.05
34539,1,0.05625
34540,0,0.05
34541,1,0.05625
34542,1,0.05625
34543,2,0.0625
34544,1,0.04375
34545,0,0.05
34546,0,0.05
34547,1,0.05625
34548,0,0.05
34549,1,0.05625
34550,1,0.05625
34551,2,0.0625
34552,0,0.05
34553,1,0.05625
34554,1,0.05625
34555,2,0.0625
34556,1,0.05625
34557,2,0.0625
34558,2,0.0625
34559,3,0.06875
34560,4,0.025
34561,3,0.03125
34562,3,0.03125
34563,2,0.0375
34564,3,0.03125
34565,2,0.0375
34566,2,0.0375
34567,1,0.04375
34568,3,0.03125
34569,2,0.0375
34570,2,0.0375
34571,1,0.04375
34572,2,0.0375
34573,1,0.04375
34574,1,0.04375
34575,0,0.05
34576,3,0.03125
34577,2,0.0375
34578,2,0.0375
34579,1,0.04375
34580,2,0.0375
34581,1,0.04375
34582,1,0.04375
34583,0,0.05
34584,2,0.0375
34585,1,0.04375
34586,1,0.04375
34587,0,0.05
34588,1,0.04375
34589,0,0.05
34590,0,0.05
34591,1,0.05625
34592,3,0.03125
34593,2,0.0375
34594,2,0.0375
34595,1,0.04375
34596,2,0.0375
34597,1,0.04375
34598,1,0.04375
34599,0,0.05
34600,2,0.0375
34601,1,0.04375
34602,1,0.04375
34603,0,0.05
34604,1,0.04375
34605,0,0.05
34606,0,0.05
34607,1,0.05625
34608,2,0.0375
34609,1,0.04375
34610,1,0.04375
34611,0,0.05
34612,1,0.04375
34613,0,0.05
34614,0,0.05
34615,1,0.05625
34616,1,0.04375
34617,0,0.05
34618,0,0.05
34619,1,0.05625
34620,0,0.05
34621,1,0.05625
34622,1,0.05625
34623,2,0.0625
34624,3,0.03125
34625,2,0.0375
34626,2,0.0375
34627,1,0.04375
34628,2,0.0375
34629,1,0.04375
34630,1,0.04375
34631,0,0.05
34632,2,0.0375
34633,1,0.04375
34634,1,0.04375
34635,0,0.05
34636,1,0.04375
34637,0,0.05
34638,0,0.05
34639,1,0.05625
34640,2,0.0375
34641,1,0.04375
34642,1,0.04375
34643,0,0.05
34644,1,0.04375
34645,0,0.05
34646,0,0.05
34647,1,0.05625
34648,1,0.04375
34649,0,0.05
34650,0,0.05
34651,1,0.05625
34652,0,0.05
34653,1,0.05625
34654,1,0.05625
34655,2,0.0625
34656,2,0.0375
34657,1,0.04375
34658,1,0.04375
34659,0,0.05
34660,1,0.04375
34661,0,0.05
34662,0,0.05
34663,1,0.05625
34664,1,0.04375
34665,0,0.05
34666,0,0.05
34667,1,0.05625
34668,0,0.05
34669,1,0.05625
34670,1,0.05625
34671,2,0.0625
34672,1,0.04375
34673,0,0.05
34674,0,0.05
34675,1,0.05625
34676,0,0.05
34677,1,0.05625
34678,1,0.05625
34679,2,0.0625
34680,0,0.05
34681,1,0.05625
34682,1,0.05625
34683,2,0.0625
34684,1,0.05625
34685,2,0.0625
34686,2,0.0625
34687,3,0.06875
34688,3,0.03125
34689,2,0.0375
34690,2,0.0375
34691,1,0.04375
34692,2,0.0375
34693,1,0.04375
34694,1,0.04375
34695,0,0.05
34696,2,0.0375
34697,1,0.04375
34698,1,0.04375
34699,0,0.05
34700,1,0.04375
34701,0,0.05
34702,0,0.05
34703,1,0.05625
34704,2,0.0375
34705,1,0.04375
34706,1,0.04375
34707,0,0.05
34708,1,0.04375
34709,0,0.05
34710,0,0.05
34711,1,0.05625
34712,1,0.04375
34713,0,0.05
34714,0,0.05
34715,1,0.05625
34716,0,0.05
34717,1,0.05625
34718,1,0.05625
34719,2,0.0625
34720,2,0.0375
34721,1,0.04375
34722,1,0.04375
34723,0,0.05
34724,1,0.04375
34725,0,0.05
34726,0,0.05
34727,1,0.05625
34728,1,0.04375
34729,0,0.05
34730,0,0.05
34731,1,0.05625
34732,0,0.05
34733,1,0.05625
34734,1,0.05625
34735,2,0.0625
34736,1,0.04375
34737,0,0.05
34738,0,0.05
34739,1,0.05625
34740,0,0.05
34741,1,0.05625
34742,1,0.05625
34743,2,0.0625
34744,0,0.05
34745,1,0.05625
34746,1,0.05625
34747,2,0.0625
34748,1,0.05625
34749,2,0.0625
34750,2,0.0625
34751,3,0.06875
34752,2,0.0375
34753,1,0.04375
34754,1,0.04375
34755,0,0.05
34756,1,0.04375
34757,0,0.05
34758,0,0.05
34759,1,0.05625
34760,1,0.04375
34761,0,0.05
34762,0,0.05
34763,1,0.05625
34764,0,0.05
34765,1,0.05625
34766,1,0.05625
34767,2,0.0625
34768,1,0.04375
34769,0,0.05
34770,0,0.05
34771,1,0.05625
34772,0,0.05
34773,1,0.05625
34774,1,0.05625
34775,2,0.0625
34776,0,0.05
34777,1,0.05625
34778,1,0.05625
34779,2,0.0625
34780,1,0.05625
34781,2,0.0625
34782,2,0.0625
34783,3,0.06875
34784,1,0.04375
34785,0,0.05
34786,0,0.05
34787,1,0.05625
34788,0,0.05
34789,1,0.05625
34790,1,0.05625
34791,2,0.0625
34792,0,0.05
34793,1,0.05625
34794,1,0.05625
34795,2,0.0625
34796,1,0.05625
34797,2,0.0625
34798,2,0.0625
34799,3,0.06875
34800,0,0.05
34801,1,0.05625
34802,1,0.05625
34803,2,0.0625
34804,1,0.05625
34805,2,0.0625
34806,2,0.0625
34807,3,0.06875
34808,1,0.05625
34809,2,0.0625
34810,2,0.0625
34811,3,0.06875
34812,2,0.0625
34813,3,0.06875
34814,3,0.06875
34815,4,0.075
34816,2,0.0125
34817,3,0.01875
34818,3,0.01875
34819,4,0.025
34820,3,0.01875
34821,4,0.025
34822,4,0.025
34823,3,0.03125
34824,3,0.01875
34825,4,0.025
34826,4,0.025
34827,3,0.03125
34828,4,0.025
34829,3,0.03125
34830,3,0.03125
34831,2,0.0375
34832,3,0.01875
34833,4,0.025
34834,4,0.025
34835,3,0.03125
34836,4,0.025
34837,3,0.03125
34838,3,0.03125
34839,2,0.0375
34840,4,0.025
34841,3,0.03125
34842,3,0.03125
34843,2,0.0375
34844,3,0.03125
34845,2,0.0375
34846,2,0.0375
34847,1,0.04375
34848,3,0.01875
34849,4,0.025
34850,4,0.025
34851,3,0.03125
34852,4,0.025
34853,3,0.03125
34854,3,0.03125
34855,2,0.0375
34856,4,0.025
34857,3,0.03125
34858,3,0.03125
34859,2,0.0375
34860,3,0.03125
34861,2,0.0375
34862,2,0.0375
34863,1,0.04375
34864,4,0.025
34865,3,0.03125
34866,3,0.03125
34867,2,0.0375
34868,3,0.03125
34869,2,0.0375
34870,2,0.0375
34871,1,0.04375
34872,3,0.03125
34873,2,0.0375
34874,2,0.0375
34875,1,0.04375
34876,2,0.0375
34877,1,0.04375
34878,1,0.04375
34879,0,0.05
34880,3,0.01875
34881,4,0.025
34882,4,0.025
34883,3,0.03125
34884,4,0.025
34885,3,0.03125
34886,3,0.03125
34887,2,0.0375
34888,4,0.025
34889,3,0.03125
34890,3,0.03125
34891,2,0.0375
34892,3,0.03125
34893,2,0.0375
34894,2,0.0375
34895,1,0.04375
34896,4,0.025
34897,3,0.03125
34898,3,0.03125
34899,2,0.0375
34900,3,0.03125
34901,2,0.0375
34902,2,0.0375
34903,1,0.04375
34904,3,0.03125
34905,2,0.0375
34906,2,0.0375
34907,1,0.04375
34908,2,0.0375
34909,1,0.04375
34910,1,0.04375
34911,0,0.05
34912,4,0.025
34913,3,0.03125
34914,3,0.03125
34915,2,0.0375
34916,3,0.03125
34917,2,0.0375
34918,2,0.0375
34919,1,0.04375
34920,3,0.03125
34921,2,0.0375
34922,2,0.0375
34923,1,0.04375
34924,2,0.0375
34925,1,0.04375
34926,1,0.04375
34927,0,0.05
34928,3,0.03125
34929,2,0.0375
34930,2,0.0375
34931,1,0.04375
34932,2,0.0375
34933,1,0.04375
34934,1,0.04375
34935,0,0.05
34936,2,0.0375
34937,1,0.04375
34938,1,0.04375
34939,0,0.05
34940,1,0.04375
34941,0,0.05
34942,0,0.05
34943,1,0.05625
34944,3,0.01875
34945,4,0.025
34946,4,0.025
34947,3,0.03125
34948,4,0.025
34949,3,0.03125
34950,3,0.03125
34951,2,0.0375
34952,4,0.025
34953,3,0.03125
34954,3,0.03125
34955,2,0.0375
34956,3,0.03125
34957,2,0.0375
34958,2,0.0375
34959,1,0.04375
34960,4,0.025
34961,3,0.03125
34962,3,0.03125
34963,2,0.0375
34964,3,0.03125
34965,2,0.0375
34966,2,0.0375
34967,1,0.04375
34968,3,0.03125
34969,2,0.0375
34970,2,0.0375
34971,1,0.04375
34972,2,0.0375
34973,1,0.04375
34974,1,0.04375
34975,0,0.05
34976,4,0.025
34977,3,0.03125
34978,3,0.03125
34979,2,0.0375
34980,3,0.03125
34981,2,0.0375
34982,2,0.0375
34983,1,0.04375
34984,3,0.03125
34985,2,0.0375
34986,2,0.0375
34987,1,0.04375
34988,2,0.0375
34989,1,0.04375
34990,1,0.04375
34991,0,0.05
34992,3,0.03125
34993,2,0.0375
34994,2,0.0375
34995,1,0.04375
34996,2,0.0375
34997,1,0.04375
34998,1,0.04375
34999,0,0.05
35000,2,0.0375
35001,1,0.04375
35002,1,0.04375
35003,0,0.05
35004,1,0.04375
35005,0,0.05
35006,0,0.05
35007,1,0.05625
35008,4,0.025
35009,3,0.03125
35010,3,0.03125
35011,2,0.0375
35012,3,0.03125
35013,2,0.0375
35014,2,0.0375
35015,1,0.04375
35016,3,0.03125
35017,2,0.0375
35018,2,0.0375
35019,1,0.04375
35020,2,0.0375
35021,1,0.04375
35022,1,0.04375
35023,0,0.05
35024,3,0.03125
35025,2,0.0375
35026,2,0.0375
35027,1,0.04375
35028,2,0.0375
35029,1,0.04375
35030,1,0.04375
35031,0,0.05
35032,2,0.0375
35033,1,0.04375
35034,1,0.04375
35035,0,0.05
35036,1,0.04375
35037,0,0.05
35038,0,0.05
35039,1,0.05625
35040,3,0.03125
35041,2,0.0375
35042,2,0.0375
35043,1,0.04375
35044,2,0.0375
35045,1,0.04375
35046,1,0.04375
35047,0,0.05
35048,2,0.0375
35049,1,0.04375
35050,1,0.04375
35051,0,0.05
35052,1,0.04375
35053,0,0.05
35054,0,0.05
35055,1,0.05625
35056,2,0.0375
35057,1,0.04375
35058,1,0.04375
35059,0,0.05
35060,1,0.04375
35061,0,0.05
35062,0,0.05
35063,1,0.05625
35064,1,0.04375
35065,0,0.05
35066,0,0.05
35067,1,0.05625
35068,0,0.05
35069,1,0.05625
35070,1,0.05625
35071,2,0.0625
35072,3,0.01875
35073,4,0.025
35074,4,0.025
35075,3,0.03125
35076,4,0.025
35077,3,0.03125
35078,3,0.03125
35079,2,0.0375
35080,4,0.025
35081,3,0.03125
35082,3,0.03125
35083,2,0.0375
35084,3,0.03125
35085,2,0.0375
35086,2,0.0375
35087,1,0.04375
35088,4,0.025
35089,3,0.03125
35090,3,0.03125
35091,2,0.0375
35092,3,0.03125
35093,2,0.0375
35094,2,0.0375
35095,1,0.04375
35096,3,0.03125
35097,2,0.0375
35098,2,0.0375
35099,1,0.04375
35100,2,0.0375
35101,1,0.04375
35102,1,0.04375
35103,0,0.05
35104,4,0.025
35105,3,0.03125
35106,3,0.03125
35107,2,0.0375
35108,3,0.03125
35109,2,0.0375
35110,2,0.0375
35111,1,0.04375
35112,3,0.03125
35113,2,0.0375
35114,2,0.0375
35115,1,0.04375
35116,2,0.0375
35117,1,0.04375
35118,1,0.04375
35119,0,0.05
35120,3,0.03125
35121,2,0.0375
35122,2,0.0375
35123,1,0.04375
35124,2,0.0375
35125,1,0.04375
35126,1,0.04375
35127,0,0.05
35128,2,0.0375
35129,1,0.04375
35130,1,0.04375
35131,0,0.05
35132,1,0.04375
35133,0,0.05
35134,0,0.05
35135,1,0.05625
35136,4,0.025
35137,3,0.03125
35138,3,0.03125
35139,2,0.0375
35140,3,0.03125
35141,2,0.0375
35142,2,0.0375
35143,1,0.04375
35144,3,0.03125
35145,2,0.0375
35146,2,0.0375
35147,1,0.04375
35148,2,0.0375
35149,1,0.04375
35150,1,0.04375
35151,0,0.05
35152,3,0.03125
35153,2,0.0375
35154,2,0.0375
35155,1,0.04375
35156,2,0.0375
35157,1,0.04375
35158,1,0.04375
35159,0,0.05
35160,2,0.0375
35161,1,0.04375
35162,1,0.04375
35163,0,0.05
35164,1,0.04375
35165,0,0.05
35166,0,0.05
35167,1,0.05625
35168,3,0.03125
35169,2,0.0375
35170,2,0.0375
35171,1,0.04375
35172,2,0.0375
35173,1,0.04375
35174,1,0.04375
35175,0,0.05
35176,2,0.0375
35177,1,0.04375
35178,1,0.04375
35179,0,0.05
35180,1,0.04375
35181,0,0.05
35182,0,0.05
35183,1,0.05625
35184,2,0.0375
35185,1,0.04375
35186,1,0.04375
35187,0,0.05
35188,1,0.04375
35189,0,0.05
35190,0,0.05
35191,1,0.05625
35192,1,0.04375
35193,0,0.05
35194,0,0.05
35195,1,0.05625
35196,0,0.05
35197,1,0.05625
35198,1,0.05625
35199,2,0.0625
35200,4,0.025
35201,3,0.03125
35202,3,0.03125
35203,2,0.0375
35204,3,0.03125
35205,2,0.0375
35206,2,0.0375
35207,1,0.04375
35208,3,0.03125
35209,2,0.0375
35210,2,0.0375
35211,1,0.04375
35212,2,0.0375
35213,1,0.04375
35214,1,0.04375
35215,0,0.05
35216,3,0.03125
35217,2,0.0375
35218,2,0.0375
35219,1,0.04375
35220,2,0.0375
35221,1,0.04375
35222,1,0.04375
35223,0,0.05
35224,2,0.0375
35225,1,0.04375
35226,1,0.04375
35227,0,0.05
35228,1,0.04375
35229,0,0.05
35230,0,0.05
35231,1,0.05625
35232,3,0.03125
35233,2,0.0375
35234,2,0.0375
35235,1,0.04375
35236,2,0.0375
35237,1,0.04375
35238,1,0.04375
35239,0,0.05
35240,2,0.0375
35241,1,0.04375
35242,1,0.04375
35243,0,0.05
35244,1,0.04375
35245,0,0.05
35246,0,0.05
35247,1,0.05625
35248,2,0.0375
35249,1,0.04375
35250,1,0.04375
35251,0,0.05
35252,1,0.04375
35253,0,0.05
35254,0,0.05
35255,1,0.05625
35256,1,0.04375
35257,0,0.05
35258,0,0.05
35259,1,0.05625
35260,0,0.05
35261,1,0.05625
35262,1,0.05625
35263,2,0.0625
35264,3,0.03125
35265,2,0.0375
35266,2,0.0375
35267,1,0.04375
35268,2,0.0375
35269,1,0.04375
35270,1,0.04375
35271,0,0.05
35272,2,0.0375
35273,1,0.04375
35274,1,0.04375
35275,0,0.05
35276,1,0.04375
35277,0,0.05
35278,0,0.05
35279,1,0.05625
35280,2,0.0375
35281,1,0.04375
35282,1,0.04375
35283,0,0.05
35284,1,0.04375
35285,0,0.05
35286,0,0.05
35287,1,0.05625
35288,1,0.04375
35289,0,0.05
35290,0,0.05
35291,1,0.05625
35292,0,0.05
35293,1,0.05625
35294,1,0.05625
35295,2,0.0625
35296,2,0.0375
35297,1,0.04375
35298,1,0.04375
35299,0,0.05
35300,1,0.04375
35301,0,0.05
35302,0,0.05
35303,1,0.05625
35304,1,0.04375
35305,0,0.05
35306,0,0.05
35307,1,0.05625
35308,0,0.05
35309,1,0.05625
35310,1,0.05625
35311,2,0.0625
35312,1,0.04375
35313,0,0.05
35314,0,0.05
35315,1,0.05625
35316,0,0.05
35317,1,0.05625
35318,1,0.05625
35319,2,0.0625
35320,0,0.05
35321,1,0.05625
35322,1,0.05625
35323,2,0.0625
35324,1,0.05625
35325,2,0.0625
35326,2,0.0625
35327,3,0.06875
35328,3,0.01875
35329,4,0.025
35330,4,0.025
35331,3,0.03125
35332,4,0.025
35333,3,0.03125
35334,3,0.03125
35335,2,0.0375
35336,4,0.025
35337,3,0.03125
35338,3,0.03125
35339,2,0.0375
35340,3,0.03125
35341,2,0.0375
35342,2,0.0375
35343,1,0.04375
35344,4,0.025
35345,3,0.03125
35346,3,0.03125
35347,2,0.0375
35348,3,0.03125
35349,2,0.0375
35350,2,0.0375
35351,1,0.04375
35352,3,0.03125
35353,2,0.0375
35354,2,0.0375
35355,1,0.04375
35356,2,0.0375
35357,1,0.04375
35358,1,0.04375
35359,0,0.05
35360,4,0.025
35361,3,0.03125
35362,3,0.03125
35363,2,0.0375
35364,3,0.03125
35365,2,0.0375
35366,2,0.0375
35367,1,0.04375
35368,3,0.03125
35369,2,0.0375
35370,2,0.0375
35371,1,0.04375
35372,2,0.0375
35373,1,0.04375
35374,1,0.04375
35375,0,0.05
35376,3,0.03125
35377,2,0.0375
35378,2,0.0375
35379,1,0.04375
35380,2,0.0375
35381,1,0.04375
35382,1,0.04375
35383,0,0.05
35384,2,0.0375
35385,1,0.04375
35386,1,0.04375
35387,0,0.05
35388,1,0.04375
35389,0,0.05
35390,0,0.05
35391,1,0.05625
35392,4,0.025
35393,3,0.03125
35394,3,0.03125
35395,2,0.0375
35396,3,0.03125
35397,2,0.0375
35398,2,0.0375
35399,1,0.04375
35400,3,0.03125
35401,2,0.0375
35402,2,0.0375
35403,1,0.04375
35404,2,0.0375
35405,1,0.04375
35406,1,0.04375
35407,0,0.05
35408,3,0.03125
35409,2,0.0375
35410,2,0.0375
35411,1,0.04375
35412,2,0.0375
35413,1,0.04375
35414,1,0.04375
35415,0,0.05
35416,2,0.0375
35417,1,0.04375
35418,1,0.04375
35419,0,0.05
35420,1,0.04375
35421,0,0.05
35422,0,0.05
35423,1,0.05625
35424,3,0.03125
35425,2,0.0375
35426,2,0.0375
35427,1,0.04375
35428,2,0.0375
35429,1,0.04375
35430,1,0.04375
35431,0,0.05
35432,2,0.0375
35433,1,0.04375
35434,1,0.04375
35435,0,0.05
35436,1,0.04375
35437,0,0.05
35438,0,0.05
35439,1,0.05625
35440,2,0.0375
35441,1,0.04375
35442,1,0.04375
35443,0,0.05
35444,1,0.04375
35445,0,0.05
35446,0,0.05
35447,1,0.05625
35448,1,0.04375
35449,0,0.05
35450,0,0.05
35451,1,0.05625
35452,0,0.05
35453,1,0.05625
35454,1,0.05625
35455,2,0.0625
35456,4,0.025
35457,3,0.03125
35458,3,0.03125
35459,2,0.0375
35460,3,0.03125
35461,2,0.0375
35462,2,0.0375
35463,1,0.04375
35464,3,0.03125
35465,2,0.0375
35466,2,0.0375
35467,1,0.04375
35468,2,0.0375
35469,1,0.04375
35470,1,0.04375
35471,0,0.05
35472,3,0.03125
35473,2,0.0375
35474,2,0.0375
35475,1,0.04375
35476,2,0.0375
35477,1,0.04375
35478,1,0.04375
35479,0,0.05
35480,2,0.0375
35481,1,0.04375
35482,1,0.04375
35483,0,0.05
35484,1,0.04375
35485,0,0.05
35486,0,0.05
35487,1,0.05625
35488,3,0.03125
35489,2,0.0375
35490,2,0.0375
35491,1,0.04375
35492,2,0.0375
35493,1,0.04375
35494,1,0.04375
35495,0,0.05
35496,2,0.0375
35497,1,0.04375
35498,1,0.04375
35499,0,0.05
35500,1,0.04375
35501,0,0.05
35502,0,0.05
35503,1,0.05625
35504,2,0.0375
35505,1,0.04375
35506,1,0.04375
35507,0,0.05
35508,1,0.04375
35509,0,0.05
35510,0,0.05
35511,1,0.05625
35512,1,0.04375
35513,0,0.05
35514,0,0.05
35515,1,0.05625
35516,0,0.05
35517,1,0.05625
35518,1,0.05625
35519,2,0.0625
35520,3,0.03125
35521,2,0.0375
35522,2,0.0375
35523,1,0.04375
35524,2,0.0375
35525,1,0.04375
35526,1,0.04375
35527,0,0.05
35528,2,0.0375
35529,1,0.04375
35530,1,0.04375
35531,0,0.05
35532,1,0.04375
35533,0,0.05
35534,0,0.05
35535,1,0.05625
35536,2,0.0375
35537,1,0.04375
35538,1,0.04375
35539,0,0.05
35540,1,0.04375
35541,0,0.05
35542,0,0.05
35543,1,0.05625
35544,1,0.04375
35545,0,0.05
35546,0,0.05
35547,1,0.05625
35548,0,0.05
35549,1,0.05625
35550,1,0.05625
35551,2,0.0625
35552,2,0.0375
35553,1,0.04375
35554,1,0.04375
35555,0,0.05
35556,1,0.04375
35557,0,0.05
35558,0,0.05
35559,1,0.05625
35560,1,0.04375
35561,0,0.05
35562,0,0.05
35563,1,0.05625
35564,0,0.05
35565,1,0.05625
35566,1,0.05625
35567,2,0.0625
35568,1,0.04375
35569,0,0.05
35570,0,0.05
35571,1,0.05625
35572,0,0.05
35573,1,0.05625
35574,1,0.05625
35575,2,0.0625
35576,0,0.05
35577,1,0.05625
35578,1,0.05625
35579,2,0.0625
35580,1,0.05625
35581,2,0.0625
35582,2,0.0625
35583,3,0.06875
35584,4,0.025
35585,3,0.03125
35586,3,0.03125
35587,2,0.0375
35588,3,0.03125
35589,2,0.0375
35590,2,0.0375
35591,1,0.04375
35592,3,0.03125
35593,2,0.0375
35594,2,0.0375
35595,1,0.04375
35596,2,0.0375
35597,1,0.04375
35598,1,0.04375
35599,0,0.05
35600,3,0.03125
35601,2,0.0375
35602,2,0.0375
35603,1,0.04375
35604,2,0.0375
35605,1,0.04375
35606,1,0.04375
35607,0,0.05
35608,2,0.0375
35609,1,0.04375
35610,1,0.04375
35611,0,0.05
35612,1,0.04375
35613,0,0.05
35614,0,0.05
35615,1,0.05625
35616,3,0.03125
35617,2,0.0375
35618,2,0.0375
35619,1,0.04375
35620,2,0.0375
35621,1,0.04375
35622,1,0.04375
35623,0,0.05
35624,2,0.0375
35625,1,0.04375
35626,1,0.04375
35627,0,0.05
35628,1,0.04375
35629,0,0.05
35630,0,0.05
35631,1,0.05625
35632,2,0.0375
35633,1,0.04375
35634,1,0.04375
35635,0,0.05
35636,1,0.04375
35637,0,0.05
35638,0,0.05
35639,1,0.05625
35640,1,0.04375
35641,0,0.05
35642,0,0.05
35643,1,0.05625
35644,0,0.05
35645,1,0.05625
35646,1,0.05625
35647,2,0.0625
35648,3,0.03125
35649,2,0.0375
35650,2,0.0375
35651,1,0.04375
35652,2,0.0375
35653,1,0.04375
35654,1,0.04375
35655,0,0.05
35656,2,0.0375
35657,1,0.04375
35658,1,0.04375
35659,0,0.05
35660,1,0.04375
35661,0,0.05
35662,0,0.05
35663,1,0.05625
35664,2,0.0375
35665,1,0.04375
35666,1,0.04375
35667,0,0.05
35668,1,0.04375
35669,0,0.05
35670,0,0.05
35671,1,0.05625
35672,1,0.04375
35673,0,0.05
35674,0,0.05
35675,1,0.05625
35676,0,0.05
35677,1,0.05625
35678,1,0.05625
35679,2,0.0625
35680,2,0.0375
35681,1,0.04375
35682,1,0.04375
35683,0,0.05
35684,1,0.04375
35685,0,0.05
35686,0,0.05
35687,1,0.05625
35688,1,0.04375
35689,0,0.05
35690,0,0.05
35691,1,0.05625
35692,0,0.05
35693,1,0.05625
35694,1,0.05625
35695,2,0.0625
35696,1,0.04375
35697,0,0.05
35698,0,0.05
35699,1,0.05625
35700,0,0.05
35701,1,0.05625
35702,1,0.05625
35703,2,0.0625
35704,0,0.05
35705,1,0.05625
35706,1,0.05625
35707,2,0.0625
35708,1,0.05625
35709,2,0.0625
35710,2,0.0625
35711,3,0.06875
35712,3,0.03125
35713,2,0.0375
35714,2,0.0375
35715,1,0.04375
35716,2,0.0375
35717,1,0.04375
35718,1,0.04375
35719,0,0.05
35720,2,0.0375
35721,1,0.04375
35722,1,0.04375
35723,0,0.05
35724,1,0.04375
35725,0,0.05
35726,0,0.05
35727,1,0.05625
35728,2,0.0375
35729,1,0.04375
35730,1,0.04375
35731,0,0.05
35732,1,0.04375
35733,0,0.05
35734,0,0.05
35735,1,0.05625
35736,1,0.04375
35737,0,0.05
35738,0,0.05
35739,1,0.05625
35740,0,0.05
35741,1,0.05625
35742,1,0.05625
35743,2,0.0625
35744,2,0.0375
35745,1,0.04375
35746,1,0.04375
35747,0,0.05
35748,1,0.04375
35749,0,0.05
35750,0,0.05
35751,1,0.05625
35752,1,0.04375
35753,0,0.05
35754,0,0.05
35755,1,0.05625
35756,0,0.05
35757,1,0.05625
35758,1,0.05625
35759,2,0.0625
35760,1,0.04375
35761,0,0.05
35762,0,0.05
35763,1,0.05625
35764,0,0.05
35765,1,0.05625
35766,1,0.05625
35767,2,0.0625
35768,0,0.05
35769,1,0.05625
35770,1,0.05625
35771,2,0.0625
35772,1,0.05625
35773,2,0.0625
35774,2,0.0625
35775,3,0.06875
35776,2,0.0375
35777,1,0.04375
35778,1,0.04375
35779,0,0.05
35780,1,0.04375
35781,0,0.05
35782,0,0.05
35783,1,0.05625
35784,1,0.04375
35785,0,0.05
35786,0,0.05
35787,1,0.05625
35788,0,0.05
35789,1,0.05625
35790,1,0.05625
35791,2,0.0625
35792,1,0.04375
35793,0,0.05
35794,0,0.05
35795,1,0.05625
35796,0,0.05
35797,1,0.05625
35798,1,0.05625
35799,2,0.0625
35800,0,0.05
35801,1,0.05625
35802,1,0.05625
35803,2,0.0625
35804,1,0.05625
35805,2,0.0625
35806,2,0.0625
35807,3,0.06875
35808,1,0.04375
35809,0,0.05
35810,0,0.05
35811,1,0.05625
35812,0,0.05
35813,1,0.05625
35814,1,0.05625
35815,2,0.0625
35816,0,0.05
35817,1,0.05625
35818,1,0.05625
35819,2,0.0625
35820,1,0.05625
35821,2,0.0625
35822,2,0.0625
35823,3,0.06875
35824,0,0.05
35825,1,0.05625
35826,1,0.05625
35827,2,0.0625
35828,1,0.05625
35829,2,0.0625
35830,2,0.0625
35831,3,0.06875
35832,1,0.05625
35833,2,0.0625
35834,2,0.0625
35835,3,0.06875
35836,2,0.0625
35837,3,0.06875
35838,3,0.06875
35839,4,0.075
35840,3,0.01875
35841,4,0.025
35842,4,0.025
35843,3,0.03125
35844,4,0.025
35845,3,0.03125
35846,3,0.03125
35847,2,0.0375
35848,4,0.025
35849,3,0.03125
35850,3,0.03125
35851,2,0.0375
35852,3,0.03125
35853,2,0.0375
35854,2,0.0375
35855,1,0.04375
35856,4,0.025
35857,3,0.03125
35858,3,0.03125
35859,2,0.0375
35860,3,0.03125
35861,2,0.0375
35862,2,0.0375
35863,1,0.04375
35864,3,0.03125
35865,2,0.0375
35866,2,0.0375
35867,1,0.04375
35868,2,0.0375
35869,1,0.04375
35870,1,0.04375
35871,0,0.05
35872,4,0.025
35873,3,0.03125
35874,3,0.03125
35875,2,0.0375
35876,3,0.03125
35877,2,0.0375
35878,2,0.0375
35879,1,0.04375
35880,3,0.03125
35881,2,0.0375
35882,2,0.0375
35883,1,0.04375
35884,2,0.0375
35885,1,0.04375
35886,1,0.04375
35887,0,0.05
35888,3,0.03125
35889,2,0.0375
35890,2,0.0375
35891,1,0.04375
35892,2,0.0375
35893,1,0.04375
35894,1,0.04375
35895,0,0.05
35896,2,0.0375
35897,1,0.04375
35898,1,0.04375
35899,0,0.05
35900,1,0.04375
35901,0,0.05
35902,0,0.05
35903,1,0.05625
35904,4,0.025
35905,3,0.03125
35906,3,0.03125
35907,2,0.0375
35908,3,0.03125
35909,2,0.0375
35910,2,0.0375
35911,1,0.04375
35912,3,0.03125
35913,2,0.0375
35914,2,0.0375
35915,1,0.04375
35916,2,0.0375
35917,1,0.04375
35918,1,0.04375
35919,0,0.05
35920,3,0.03125
35921,2,0.0375
35922,2,0.0375
35923,1,0.04375
35924,2,0.0375
35925,1,0.04375
35926,1,0.04375
35927,0,0.05
35928,2,0.0375
35929,1,0.04375
35930,1,0.04375
35931,0,0.05
35932,1,0.04375
35933,0,0.05
35934,0,0.05
35935,1,0.05625
35936,3,0.03125
35937,2,0.0375
35938,2,0.0375
35939,1,0.04375
35940,2,0.0375
35941,1,0.04375
35942,1,0.04375
35943,0,0.05
35944,2,0.0375
35945,1,0.04375
35946,1,0.04375
35947,0,0.05
35948,1,0.04375
35949,0,0.05
35950,0,0.05
35951,1,0.05625
35952,2,0.0375
35953,1,0.04375
35954,1,0.04375
35955,0,0.05
35956,1,0.04375
35957,0,0.05
35958,0,0.05
35959,1,0.05625
35960,1,0.04375
35961,0,0.05
35962,0,0.05
35963,1,0.05625
35964,0,0.05
35965,1,0.05625
35966,1,0.05625
35967,2,0.0625
35968,4,0.025
35969,3,0.03125
35970,3,0.03125
35971,2,0.0375
35972,3,0.03125
35973,2,0.0375
35974,2,0.0375
35975,1,0.04375
35976,3,0.03125
35977,2,0.0375
35978,2,0.0375
35979,1,0.04375
35980,2,0.0375
35981,1,0.04375
35982,1,0.04375
35983,0,0.05
35984,3,0.03125
35985,2,0.0375
35986,2,0.0375
35987,1,0.04375
35988,2,0.0375
35989,1,0.04375
35990,1,0.04375
35991,0,0.05
35992,2,0.0375
35993,1,0.04375
35994,1,0.04375
35995,0,0.05
35996,1,0.04375
35997,0,0.05
35998,0,0.05
35999,1,0.05625
36000,3,0.03125
36001,2,0.0375
36002,2,0.0375
36003,1,0.04375
36004,2,0.0375
36005,1,0.04375
36006,1,0.04375
36007,0,0.05
36008,2,0.0375
36009,1,0.04375
36010,1,0.04375
36011,0,0.05
36012,1,0.04375
36013,0,0.05
36014,0,0.05
36015,1,0.05625
36016,2,0.0375
36017,1,0.04375
36018,1,0.04375
36019,0,0.05
36020,1,0.04375
36021,0,0.05
36022,0,0.05
36023,1,0.05625
36024,1,0.04375
36025,0,0.05
36026,0,0.05
36027,1,0.05625
36028,0,0.05
36029,1,0.05625
36030,1,0.05625
36031,2,0.0625
36032,3,0.03125
36033,2,0.0375
36034,2,0.0375
36035,1,0.04375
36036,2,0.0375
36037,1,0.04375
36038,1,0.04375
36039,0,0.05
36040,2,0.0375
36041,1,0.04375
36042,1,0.04375
36043,0,0.05
36044,1,0.04375
36045,0,0.05
36046,0,0.05
36047,1,0.05625
36048,2,0.0375
36049,1,0.04375
36050,1,0.04375
36051,0,0.05
36052,1,0.04375
36053,0,0.05
36054,0,0.05
36055,1,0.05625
36056,1,0.04375
36057,0,0.05
36058,0,0.05
36059,1,0.05625
36060,0,0.05
36061,1,0.05625
36062,1,0.05625
36063,2,0.0625
36064,2,0.0375
36065,1,0.04375
36066,1,0.04375
36067,0,0.05
36068,1,0.04375
36069,0,0.05
36070,0,0.05
36071,1,0.05625
36072,1,0.04375
36073,0,0.05
36074,0,0.05
36075,1,0.05625
36076,0,0.05
36077,1,0.05625
36078,1,0.05625
36079,2,0.0625
36080,1,0.04375
36081,0,0.05
36082,0,0.05
36083,1,0.05625
36084,0,0.05
36085,1,0.05625
36086,1,0.05625
36087,2,0.0625
36088,0,0.05
36089,1,0.05625
36090,1,0.05625
36091,2,0.0625
36092,1,0.05625
36093,2,0.0625
36094,2,0.0625
36095,3,0.06875
36096,4,0.025
36097,3,0.03125
36098,3,0.03125
36099,2,0.0375
36100,3,0.03125
36101,2,0.0375
36102,2,0.0375
36103,1,0.04375
36104,3,0.03125
36105,2,0.0375
36106,2,0.0375
36107,1,0.04375
36108,2,0.0375
36109,1,0.04375
36110,1,0.04375
36111,0,0.05
36112,3,0.03125
36113,2,0.0375
36114,2,0.0375
36115,1,0.04375
36116,2,0.0375
36117,1,0.04375
36118,1,0.04375
36119,0,0.05
36120,2,0.0375
36121,1,0.04375
36122,1,0.04375
36123,0,0.05
36124,1,0.04375
36125,0,0.05
36126,0,0.05
36127,1,0.05625
36128,3,0.03125
36129,2,0.0375
36130,2,0.0375
36131,1,0.04375
36132,2,0.0375
36133,1,0.04375
36134,1,0.04375
36135,0,0.05
36136,2,0.0375
36137,1,0.04375
36138,1,0.04375
36139,0,0.05
36140,1,0.04375
36141,0,0.05
36142,0,0.05
36143,1,0.05625
36144,2,0.0375
36145,1,0.04375
36146,1,0.04375
36147,0,0.05
36148,1,0.04375
36149,0,0.05
36150,0,0.05
36151,1,0.05625
36152,1,0.04375
36153,0,0.05
36154,0,0.05
36155,1,0.05625
36156,0,0.05
36157,1,0.05625
36158,1,0.05625
36159,2,0.0625
36160,3,0.03125
36161,2,0.0375
36162,2,0.0375
36163,1,0.04375
36164,2,0.0375
36165,1,0.04375
36166,1,0.04375
36167,0,0.05
36168,2,0.0375
36169,1,0.04375
36170,1,0.04375
36171,0,0.05
36172,1,0.04375
36173,0,0.05
36174,0,0.05
36175,1,0.05625
36176,2,0.0375
36177,1,0.04375
36178,1,0.04375
36179,0,0.05
36180,1,0.04375
36181,0,0.05
36182,0,0.05
36183,1,0.05625
36184,1,0.04375
36185,0,0.05
36186,0,0.05
36187,1,0.05625
36188,0,0.05
36189,1,0.05625
36190,1,0.05625
36191,2,0.0625
36192,2,0.0375
36193,1,0.04375
36194,1,0.04375
36195,0,0.05
36196,1,0.04375
36197,0,0.05
36198,0,0.05
36199,1,0.05625
36200,1,0.04375
36201,0,0.05
36202,0,0.05
36203,1,0.05625
36204,0,0.05
36205,1,0.05625
36206,1,0.05625
36207,2,0.0625
36208,1,0.04375
36209,0,0.05
36210,0,0.05
36211,1,0.05625
36212,0,0.05
36213,1,0.05625
36214,1,0.05625
36215,2,0.0625
36216,0,0.05
36217,1,0.05625
36218,1,0.05625
36219,2,0.0625
36220,1,0.05625
36221,2,0.0625
36222,2,0.0625
36223,3,0.06875
36224,3,0.03125
36225,2,0.0375
36226,2,0.0375
36227,1,0.04375
36228,2,0.0375
36229,1,0.04375
36230,1,0.04375
36231,0,0.05
36232,2,0.0375
36233,1,0.04375
36234,1,0.04375
36235,0,0.05
36236,1,0.04375
36237,0,0.05
36238,0,0.05
36239,1,0.05625
36240,2,0.0375
36241,1,0.04375
36242,1,0.04375
36243,0,0.05
36244,1,0.04375
36245,0,0.05
36246,0,0.05
36247,1,0.05625
36248,1,0.04375
36249,0,0.05
36250,0,0.05
36251,1,0.05625
36252,0,0.05
36253,1,0.05625
36254,1,0.05625
36255,2,0.0625
36256,2,0.0375
36257,1,0.04375
36258,1,0.04375
36259,0,0.05
36260,1,0.04375
36261,0,0.05
36262,0,0.05
36263,1,0.05625
36264,1,0.04375
36265,0,0.05
36266,0,0.05
36267,1,0.05625
36268,0,0.05
36269,1,0.05625
36270,1,0.05625
36271,2,0.0625
36272,1,0.04375
36273,0,0.05
36274,0,0.05
36275,1,0.05625
36276,0,0.05
36277,1,0.05625
36278,1,0.05625
36279,2,0.0625
36280,0,0.05
36281,1,0.05625
36282,1,0.05625
36283,2,0.0625
36284,1,0.05625
36285,2,0.0625
36286,2,0.0625
36287,3,0.06875
36288,2,0.0375
36289,1,0.04375
36290,1,0.04375
36291,0,0.05
36292,1,0.04375
36293,0,0.05
36294,0,0.05
36295,1,0.05625
36296,1,0.04375
36297,0,0.05
36298,0,0.05
36299,1,0.05625
36300,0,0.05
36301,1,0.05625
36302,1,0.05625
36303,2,0.0625
36304,1,0.04375
36305,0,0.05
36306,0,0.05
36307,1,0.05625
36308,0,0.05
36309,1,0.05625
36310,1,0.05625
36311,2,0.0625
36312,0,0.05
36313,1,0.05625
36314,1,0.05625
36315,2,0.0625
36316,1,0.05625
36317,2,0.0625
36318,2,0.0625
36319,3,0.06875
36320,1,0.04375
36321,0,0.05
36322,0,0.05
36323,1,0.05625
36324,0,0.05
36325,1,0.05625
36326,1,0.05625
36327,2,0.0625
36328,0,0.05
36329,1,0.05625
36330,1,0.05625
36331,2,0.0625
36332,1,0.05625
36333,2,0.0625
36334,2,0.0625
36335,3,0.06875
36336,0,0.05
36337,1,0.05625
36338,1,0.05625
36339,2,0.0625
36340,1,0.05625
36341,2,0.0625
36342,2,0.0625
36343,3,0.06875
36344,1,0.05625
36345,2,0.0625
36346,2,0.0625
36347,3,0.06875
36348,2,0.0625
36349,3,0.06875
36350,3,0.06875
36351,4,0.075
36352,4,0.025
36353,3,0.03125
36354,3,0.03125
36355,2,0.0375
36356,3,0.03125
36357,2,0.0375
36358,2,0.0375
36359,1,0.04375
36360,3,0.03125
36361,2,0.0375
36362,2,0.0375
36363,1,0.04375
36364,2,0.0375
36365,1,0.04375
36366,1,0.04375
36367,0,0.05
36368,3,0.03125
36369,2,0.0375
36370,2,0.0375
36371,1,0.04375
36372,2,0.0375
36373,1,0.04375
36374,1,0.04375
36375,0,0.05
36376,2,0.0375
36377,1,0.04375
36378,1,0.04375
36379,0,0.05
36380,1,0.04375
36381,0,0.05
36382,0,0.05
36383,1,0.05625
36384,3,0.03125
36385,2,0.0375
36386,2,0.0375
36387,1,0.04375
36388,2,0.0375
36389,1,0.04375
36390,1,0.04375
36391,0,0.05
36392,2,0.0375
36393,1,0.04375
36394,1,0.04375
36395,0,0.05
36396,1,0.04375
36397,0,0.05
36398,0,0.05
36399,1,0.05625
36400,2,0.0375
36401,1,0.04375
36402,1,0.04375
36403,0,0.05
36404,1,0.04375
36405,0,0.05
36406,0,0.05
36407,1,0.05625
36408,1,0.04375
36409,0,0.05
36410,0,0.05
36411,1,0.05625
36412,0,0.05
36413,1,0.05625
36414,1,0.05625
36415,2,0.0625
36416,3,0.03125
36417,2,0.0375
36418,2,0.0375
36419,1,0.04375
36420,2,0.0375
36421,1,0.04375
36422,1,0.04375
36423,0,0.05
36424,2,0.0375
36425,1,0.04375
36426,1,0.04375
36427,0,0.05
36428,1,0.04375
36429,0,0.05
36430,0,0.05
36431,1,0.05625
36432,2,0.0375
36433,1,0.04375
36434,1,0.04375
36435,0,0.05
36436,1,0.04375
36437,0,0.05
36438,0,0.05
36439,1,0.05625
36440,1,0.04375
36441,0,0.05
36442,0,0.05
36443,1,0.05625
36444,0,0.05
36445,1,0.05625
36446,1,0.05625
36447,2,0.0625
36448,2,0.0375
36449,1,0.04375
36450,1,0.04375
36451,0,0.05
36452,1,0.04375
36453,0,0.05
36454,0,0.05
36455,1,0.05625
36456,1,0.04375
36457,0,0.05
36458,0,0.05
36459,1,0.05625
36460,0,0.05
36461,1,0.05625
36462,1,0.05625
36463,2,0.0625
36464,1,0.04375
36465,0,0.05
36466,0,0.05
36467,1,0.05625
36468,0,0.05
36469,1,0.05625
36470,1,0.05625
36471,2,0.0625
36472,0,0.05
36473,1,0.05625
36474,1,0.05625
36475,2,0.0625
36476,1,0.05625
36477,2,0.0625
36478,2,0.0625
36479,3,0.06875
36480,3,0.03125
36481,2,0.0375
36482,2,0.0375
36483,1,0.04375
36484,2,0.0375
36485,1,0.04375
36486,1,0.04375
36487,0,0.05
36488,2,0.0375
36489,1,0.04375
36490,1,0.04375
36491,0,0.05
36492,1,0.04375
36493,0,0.05
36494,0,0.05
36495,1,0.05625
36496,2,0.0375
36497,1,0.04375
36498,1,0.04375
36499,0,0.05
36500,1,0.04375
36501,0,0.05
36502,0,0.05
36503,1,0.05625
36504,1,0.04375
36505,0,0.05
36506,0,0.05
36507,1,0.05625
36508,0,0.05
36509,1,0.05625
36510,1,0.05625
36511,2,0.0625
36512,2,0.0375
36513,1,0.04375
36514,1,0.04375
36515,0,0.05
36516,1,0.04375
36517,0,0.05
36518,0,0.05
36519,1,0.05625
36520,1,0.04375
36521,0,0.05
36522,0,0.05
36523,1,0.05625
36524,0,0.05
36525,1,0.05625
36526,1,0.05625
36527,2,0.0625
36528,1,0.04375
36529,0,0.05
36530,0,0.05
36531,1,0.05625
36532,0,0.05
36533,1,0.05625
36534,1,0.05625
36535,2,0.0625
36536,0,0.05
36537,1,0.05625
36538,1,0.05625
36539,2,0.0625
36540,1,0.05625
36541,2,0.0625
36542,2,0.0625
36543,3,0.06875
36544,2,0.0375
36545,1,0.04375
36546,1,0.04375
36547,0,0.05
36548,1,0.04375
36549,0,0.05
36550,0,0.05
36551,1,0.05625
36552,1,0.04375
36553,0,0.05
36554,0,0.05
36555,1,0.05625
36556,0,0.05
36557,1,0.05625
36558,1,0.05625
36559,2,0.0625
36560,1,0.04375
36561,0,0.05
36562,0,0.05
36563,1,0.05625
36564,0,0.05
36565,1,0.05625
36566,1,0.05625
36567,2,0.0625
36568,0,0.05
36569,1,0.05625
36570,1,0.05625
36571,2,0.0625
36572,1,0.05625
36573,2,0.0625
36574,2,0.0625
36575,3,0.06875
36576,1,0.04375
36577,0,0.05
36578,0,0.05
36579,1,0.05625
36580,0,0.05
36581,1,0.05625
36582,1,0.05625
36583,2,0.0625
36584,0,0.05
36585,1,0.05625
36586,1,0.05625
36587,2,0.0625
36588,1,0.05625
36589,2,0.0625
36590,2,0.0625
36591,3,0.06875
36592,0,0.05
36593,1,0.05625
36594,1,0.05625
36595,2,0.0625
36596,1,0.05625
36597,2,0.0625
36598,2,0.0625
36599,3,0.06875
36600,1,0.05625
36601,2,0.0625
36602,2,0.0625
36603,3,0.06875
36604,2,0.0625
36605,3,0.06875
36606,3,0.06875
36607,4,0.075
36608,3,0.03125
36609,2,0.0375
36610,2,0.0375
36611,1,0.04375
36612,2,0.0375
36613,1,0.04375
36614,1,0.04375
36615,0,0.05
36616,2,0.0375
36617,1,0.04375
36618,1,0.04375
36619,0,0.05
36620,1,0.04375
36621,0,0.05
36622,0,0.05
36623,1,0.05625
36624,2,0.0375
36625,1,0.04375
36626,1,0.04375
36627,0,0.05
36628,1,0.04375
36629,0,0.05
36630,0,0.05
36631,1,0.05625
36632,1,0.04375
36633,0,0.05
36634,0,0.05
36635,1,0.05625
36636,0,0.05
36637,1,0.05625
36638,1,0.05625
36639,2,0.0625
36640,2,0.0375
36641,1,0.04375
36642,1,0.04375
36643,0,0.05
36644,1,0.04375
36645,0,0.05
36646,0,0.05
36647,1,0.05625
36648,1,0.04375
36649,0,0.05
36650,0,0.05
36651,1,0.05625
36652,0,0.05
36653,1,0.05625
36654,1,0.05625
36655,2,0.0625
36656,1,0.04375
36657,0,0.05
36658,0,0.05
36659,1,0.05625
36660,0,0.05
36661,1,0.05625
36662,1,0.05625
36663,2,0.0625
36664,0,0.05
36665,1,0.05625
36666,1,0.05625
36667,2,0.0625
36668,1,0.05625
36669,2,0.0625
36670,2,0.0625
36671,3,0.06875
36672,2,0.0375
36673,1,0.04375
36674,1,0.04375
36675,0,0.05
36676,1,0.04375
36677,0,0.05
36678,0,0.05
36679,1,0.05625
36680,1,0.04375
36681,0,0.05
36682,0,0.05
36683,1,0.05625
36684,0,0.05
36685,1,0.05625
36686,1,0.05625
36687,2,0.0625
36688,1,0.04375
36689,0,0.05
36690,0,0.05
36691,1,0.05625
36692,0,0.05
36693,1,0.05625
36694,1,0.05625
36695,2,0.0625
36696,0,0.05
36697,1,0.05625
36698,1,0.05625
36699,2,0.0625
36700,1,0.05625
36701,2,0.0625
36702,2,0.0625
36703,3,0.06875
36704,1,0.04375
36705,0,0.05
36706,0,0.05
36707,1,0.05625
36708,0,0.05
36709,1,0.05625
36710,1,0.05625
36711,2,0.0625
36712,0,0.05
36713,1,0.05625
36714,1,0.05625
36715,2,0.0625
36716,1,0.05625
36717,2,0.0625
36718,2,0.0625
36719,3,0.06875
36720,0,0.05
36721,1,0.05625
36722,1,0.05625
36723,2,0.0625
36724,1,0.05625
36725,2,0.0625
36726,2,0.0625
36727,3,0.06875
36728,1,0.05625
36729,2,0.0625
36730,2,0.0625
36731,3,0.06875
36732,2,0.0625
36733,3,0.06875
36734,3,0.06875
36735,4,0.075
36736,2,0.0375
36737,1,0.04375
36738,1,0.04375
36739,0,0.05
36740,1,0.04375
36741,0,0.05
36742,0,0.05
36743,1,0.05625
36744,1,0.04375
36745,0,0.05
36746,0,0.05
36747,1,0.05625
36748,0,0.05
36749,1,0.05625
36750,1,0.05625
36751,2,0.0625
36752,1,0.04375
36753,0,0.05
36754,0,0.05
36755,1,0.05625
36756,0,0.05
36757,1,0.05625
36758,1,0.05625
36759,2,0.0625
36760,0,0.05
36761,1,0.05625
36762,1,0.05625
36763,2,0.0625
36764,1,0.05625
36765,2,0.0625
36766,2,0.0625
36767,3,0.06875
36768,1,0.04375
36769,0,0.05
36770,0,0.05
36771,1,0.05625
36772,0,0.05
36773,1,0.05625
36774,1,0.05625
36775,2,0.0625
36776,0,0.05
36777,1,0.05625
36778,1,0.05625
36779,2,0.0625
36780,1,0.05625
36781,2,0.0625
36782,2,0.0625
36783,3,0.06875
36784,0,0.05
36785,1,0.05625
36786,1,0.05625
36787,2,0.0625
36788,1,0.05625
36789,2,0.0625
36790,2,0.0625
36791,3,0.06875
36792,1,0.05625
36793,2,0.0625
36794,2,0.0625
36795,3,0.06875
36796,2,0.0625
36797,3,0.06875
36798,3,0.06875
36799,4,0.075
36800,1,0.04375
36801,0,0.05
36802,0,0.05
36803,1,0.05625
36804,0,0.05
36805,1,0.05625
36806,1,0.05625
36807,2,0.0625
36808,0,0.05
36809,1,0.05625
36810,1,0.05625
36811,2,0.0625
36812,1,0.05625
36813,2,0.0625
36814,2,0.0625
36815,3,0.06875
36816,0,0.05
36817,1,0.05625
36818,1,0.05625
36819,2,0.0625
36820,1,0.05625
36821,2,0.0625
36822,2,0.0625
36823,3,0.06875
36824,1,0.05625
36825,2,0.0625
36826,2,0.0625
36827,3,0.06875
36828,2,0.0625
36829,3,0.06875
36830,3,0.06875
36831,4,0.075
36832,0,0.05
36833,1,0.05625
36834,1,0.05625
36835,2,0.0625
36836,1,0.05625
36837,2,0.0625
36838,2,0.0625
36839,3,0.06875
36840,1,0.05625
36841,2,0.0625
36842,2,0.0625
36843,3,0.06875
36844,2,0.0625
36845,3,0.06875
36846,3,0.06875
36847,4,0.075
36848,1,0.05625
36849,2,0.0625
36850,2,0.0625
36851,3,0.06875
36852,2,0.0625
36853,3,0.06875
36854,3,0.06875
36855,4,0.075
36856,2,0.0625
36857,3,0.06875
36858,3,0.06875
36859,4,0.075
36860,3,0.06875
36861,4,0.075
36862,4,0.075
36863,3,0.08125
36864,2,0.0125
36865,3,0.01875
36866,3,0.01875
36867,4,0.025
36868,3,0.01875
36869,4,0.025
36870,4,0.025
36871,3,0.03125
36872,3,0.01875
36873,4,0.025
36874,4,0.025
36875,3,0.03125
36876,4,0.025
36877,3,0.03125
36878,3,0.03125
36879,2,0.0375
36880,3,0.01875
36881,4,0.025
36882,4,0.025
36883,3,0.03125
36884,4,0.025
36885,3,0.03125
36886,3,0.03125
36887,2,0.0375
36888,4,0.025
36889,3,0.03125
36890,3,0.03125
36891,2,0.0375
36892,3,0.03125
36893,2,0.0375
36894,2,0.0375
36895,1,0.04375
36896,3,0.01875
36897,4,0.025
36898,4,0.025
36899,3,0.03125
36900,4,0.025
36901,3,0.03125
36902,3,0.03125
36903,2,0.0375
36904,4,0.025
36905,3,0.03125
36906,3,0.03125
36907,2,0.0375
36908,3,0.03125
36909,2,0.0375
36910,2,0.0375
36911,1,0.04375
36912,4,0.025
36913,3,0.03125
36914,3,0.03125
36915,2,0.0375
36916,3,0.03125
36917,2,0.0375
36918,2,0.0375
36919,1,0.04375
36920,3,0.03125
36921,2,0.0375
36922,2,0.0375
36923,1,0.04375
36924,2,0.0375
36925,1,0.04375
36926,1,0.04375
36927,0,0.05
36928,3,0.01875
36929,4,0.025
36930,4,0.025
36931,3,0.03125
36932,4,0.025
36933,3,0.03125
36934,3,0.03125
36935,2,0.0375
36936,4,0.025
36937,3,0.03125
36938,3,0.03125
36939,2,0.0375
36940,3,0.03125
36941,2,0.0375
36942,2,0.0375
36943,1,0.04375
36944,4,0.025
36945,3,0.03125
36946,3,0.03125
36947,2,0.0375
36948,3,0.03125
36949,2,0.0375
36950,2,0.0375
36951,1,0.04375
36952,3,0.03125
36953,2,0.0375
36954,2,0.0375
36955,1,0.04375
36956,2,0.0375
36957,1,0.04375
36958,1,0.04375
36959,0,0.05
36960,4,0.025
36961,3,0.03125
36962,3,0.03125
36963,2,0.0375
36964,3,0.03125
36965,2,0.0375
36966,2,0.0375
36967,1,0.04375
36968,3,0.03125
36969,2,0.0375
36970,2,0.0375
36971,1,0.04375
36972,2,0.0375
36973,1,0.04375
36974,1,0.04375
36975,0,0.05
36976,3,0.03125
36977,2,0.0375
36978,2,0.0375
36979,1,0.04375
36980,2,0.0375
36981,1,0.04375
36982,1,0.04375
36983,0,0.05
36984,2,0.0375
36985,1,0.04375
36986,1,0.04375
36987,0,0.05
36988,1,0.04375
36989,0,0.05
36990,0,0.05
36991,1,0.05625
36992,3,0.01875
36993,4,0.025
36994,4,0.025
36995,3,0.03125
36996,4,0.025
36997,3,0.03125
36998,3,0.03125
36999,2,0.0375
37000,4,0.025
37001,3,0.03125
37002,3,0.03125
37003,2,0.0375
37004,3,0.03125
37005,2,0.0375
37006,2,0.0375
37007,1,0.04375
37008,4,0.025
37009,3,0.03125
37010,3,0.03125
37011,2,0.0375
37012,3,0.03125
37013,2,0.0375
37014,2,0.0375
37015,1,0.04375
37016,3,0.03125
37017,2,0.0375
37018,2,0.0375
37019,1,0.04375
37020,2,0.0375
37021,1,0.04375
37022,1,0.04375
37023,0,0.05
37024,4,0.025
37025,3,0.03125
37026,3,0.03125
37027,2,0.0375
37028,3,0.03125
37029,2,0.0375
37030,2,0.0375
37031,1,0.04375
37032,3,0.03125
37033,2,0.0375
37034,2,0.0375
37035,1,0.04375
37036,2,0.0375
37037,1,0.04375
37038,1,0.04375
37039,0,0.05
37040,3,0.03125
37041,2,0.0375
37042,2,0.0375
37043,1,0.04375
37044,2,0.0375
37045,1,0.04375
37046,1,0.04375
37047,0,0.05
37048,2,0.0375
37049,1,0.04375
37050,1,0.04375
37051,0,0.05
37052,1,0.04375
37053,0,0.05
37054,0,0.05
37055,1,0.05625
37056,4,0.025
37057,3,0.03125
37058,3,0.03125
37059,2,0.0375
37060,3,0.03125
37061,2,0.0375
37062,2,0.0375
37063,1,0.04375
37064,3,0.03125
37065,2,0.0375
37066,2,0.0375
37067,1,0.04375
37068,2,0.0375
37069,1,0.04375
37070,1,0.04375
37071,0,0.05
37072,3,0.03125
37073,2,0.0375
37074,2,0.0375
37075,1,0.04375
37076,2,0.0375
37077,1,0.04375
37078,1,0.04375
37079,0,0.05
37080,2,0.0375
37081,1,0.04375
37082,1,0.04375
37083,0,0.05
37084,1,0.04375
37085,0,0.05
37086,0,0.05
37087,1,0.05625
37088,3,0.03125
37089,2,0.0375
37090,2,0.0375
37091,1,0.04375
37092,2,0.0375
37093,1,0.04375
37094,1,0.04375
37095,0,0.05
37096,2,0.0375
37097,1,0.04375
37098,1,0.04375
37099,0,0.05
37100,1,0.04375
37101,0,0.05
37102,0,0.05
37103,1,0.05625
37104,2,0.0375
37105,1,0.04375
37106,1,0.04375
37107,0,0.05
37108,1,0.04375
37109,0,0.05
37110,0,0.05
37111,1,0.05625
37112,1,0.04375
37113,0,0.05
37114,0,0.05
37115,1,0.05625
37116,0,0.05
37117,1,0.05625
37118,1,0.05625
37119,2,0.0625
37120,3,0.01875
37121,4,0.025
37122,4,0.025
37123,3,0.03125
37124,4,0.025
37125,3,0.03125
37126,3,0.03125
37127,2,0.0375
37128,4,0.025
37129,3,0.03125
37130,3,0.03125
37131,2,0.0375
37132,3,0.03125
37133,2,0.0375
37134,2,0.0375
37135,1,0.04375
37136,4,0.025
37137,3,0.03125
37138,3,0.03125
37139,2,0.0375
37140,3,0.03125
37141,2,0.0375
37142,2,0.0375
37143,1,0.04375
37144,3,0.03125
37145,2,0.0375
37146,2,0.0375
37147,1,0.04375
37148,2,0.0375
37149,1,0.04375
37150,1,0.04375
37151,0,0.05
37152,4,0.025
37153,3,0.03125
37154,3,0.03125
37155,2,0.0375
37156,3,0.03125
37157,2,0.0375
37158,2,0.0375
37159,1,0.04375
37160,3,0.03125
37161,2,0.0375
37162,2,0.0375
37163,1,0.04375
37164,2,0.0375
37165,1,0.04375
37166,1,0.04375
37167,0,0.05
37168,3,0.03125
37169,2,0.0375
37170,2,0.0375
37171,1,0.04375
37172,2,0.0375
37173,1,0.04375
37174,1,0.04375
37175,0,0.05
37176,2,0.0375
37177,1,0.04375
37178,1,0.04375
37179,0,0.05
37180,1,0.04375
37181,0,0.05
37182,0,0.05
37183,1,0.05625
37184,4,0.025
37185,3,0.03125
37186,3,0.03125
37187,2,0.0375
37188,3,0.03125
37189,2,0.0375
37190,2,0.0375
37191,1,0.04375
37192,3,0.03125
37193,2,0.0375
37194,2,0.0375
37195,1,0.04375
37196,2,0.0375
37197,1,0.04375
37198,1,0.04375
37199,0,0.05
37200,3,0.03125
37201,2,0.0375
37202,2,0.0375
37203,1,0.04375
37204,2,0.0375
37205,1,0.04375
37206,1,0.04375
37207,0,0.05
37208,2,0.0375
37209,1,0.04375
37210,1,0.04375
37211,0,0.05
37212,1,0.04375
37213,0,0.05
37214,0,0.05
37215,1,0.05625
37216,3,0.03125
37217,2,0.0375
37218,2,0.0375
37219,1,0.04375
37220,2,0.0375
37221,1,0.04375
37222,1,0.04375
37223,0,0.05
37224,2,0.0375
37225,1,0.04375
37226,1,0.04375
37227,0,0.05
37228,1,0.04375
37229,0,0.05
37230,0,0.05
37231,1,0.05625
37232,2,0.0375
37233,1,0.04375
37234,1,0.04375
37235,0,0.05
37236,1,0.04375
37237,0,0.05
37238,0,0.05
37239,1,0.05625
37240,1,0.04375
37241,0,0.05
37242,0,0.05
37243,1,0.05625
37244,0,0.05
37245,1,0.05625
37246,1,0.05625
37247,2,0.0625
37248,4,0.025
37249,3,0.03125
37250,3,0.03125
37251,2,0.0375
37252,3,0.03125
37253,2,0.0375
37254,2,0.0375
37255,1,0.04375
37256,3,0.03125
37257,2,0.0375
37258,2,0.0375
37259,1,0.04375
37260,2,0.0375
37261,1,0.04375
37262,1,0.04375
37263,0,0.05
37264,3,0.03125
37265,2,0.0375
37266,2,0.0375
37267,1,0.04375
37268,2,0.0375
37269,1,0.04375
37270,1,0.04375
37271,0,0.05
37272,2,0.0375
37273,1,0.04375
37274,1,0.04375
37275,0,0.05
37276,1,0.04375
37277,0,0.05
37278,0,0.05
37279,1,0.05625
37280,3,0.03125
37281,2,0.0375
37282,2,0.0375
37283,1,0.04375
37284,2,0.0375
37285,1,0.04375
37286,1,0.04375
37287,0,0.05
37288,2,0.0375
37289,1,0.04375
37290,1,0.04375
37291,0,0.05
37292,1,0.04375
37293,0,0.05
37294,0,0.05
37295,1,0.05625
37296,2,0.0375
37297,1,0.04375
37298,1,0.04375
37299,0,0.05
37300,1,0.04375
37301,0,0.05
37302,0,0.05
37303,1,0.05625
37304,1,0.04375
37305,0,0.05
37306,0,0.05
37307,1,0.05625
37308,0,0.05
37309,1,0.05625
37310,1,0.05625
37311,2,0.0625
37312,3,0.03125
37313,2,0.0375
37314,2,0.0375
37315,1,0.04375
37316,2,0.0375
37317,1,0.04375
37318,1,0.04375
37319,0,0.05
37320,2,0.0375
37321,1,0.04375
37322,1,0.04375
37323,0,0.05
37324,1,0.04375
37325,0,0.05
37326,0,0.05
37327,1,0.05625
37328,2,0.0375
37329,1,0.04375
37330,1,0.04375
37331,0,0.05
37332,1,0.04375
37333,0,0.05
37334,0,0.05
37335,1,0.05625
37336,1,0.04375
37337,0,0.05
37338,0,0.05
37339,1,0.05625
37340,0,0.05
37341,1,0.05625
37342,1,0.05625
37343,2,0.0625
37344,2,0.0375
37345,1,0.04375
37346,1,0.04375
37347,0,0.05
37348,1,0.04375
37349,0,0.05
37350,0,0.05
37351,1,0.05625
37352,1,0.04375
37353,0,0.05
37354,0,0.05
37355,1,0.05625
37356,0,0.05
37357,1,0.05625
37358,1,0.05625
37359,2,0.0625
37360,1,0.04375
37361,0,0.05
37362,0,0.05
37363,1,0.05625
37364,0,0.05
37365,1,0.05625
37366,1,0.05625
37367,2,0.0625
37368,0,0.05
37369,1,0.05625
37370,1,0.05625
37371,2,0.0625
37372,1,0.05625
37373,2,0.0625
37374,2,0.0625
37375,3,0.06875
37376,3,0.01875
37377,4,0.025
37378,4,0.025
37379,3,0.03125
37380,4,0.025
37381,3,0.03125
37382,3,0.03125
37383,2,0.0375
37384,4,0.025
37385,3,0.03125
37386,3,0.03125
37387,2,0.0375
37388,3,0.03125
37389,2,0.0375
37390,2,0.0375
37391,1,0.04375
37392,4,0.025
37393,3,0.03125
37394,3,0.03125
37395,2,0.0375
37396,3,0.03125
37397,2,0.0375
37398,2,0.0375
37399,1,0.04375
37400,3,0.03125
37401,2,0.0375
37402,2,0.0375
37403,1,0.04375
37404,2,0.0375
37405,1,0.04375
37406,1,0.04375
37407,0,0.05
37408,4,0.025
37409,3,0.03125
37410,3,0.03125
37411,2,0.0375
37412,3,0.03125
37413,2,0.0375
37414,2,0.0375
37415,1,0.04375
37416,3,0.03125
37417,2,0.0375
37418,2,0.0375
37419,1,0.04375
37420,2,0.0375
37421,1,0.04375
37422,1,0.04375
37423,0,0.05
37424,3,0.03125
37425,2,0.0375
37426,2,0.0375
37427,1,0.04375
37428,2,0.0375
37429,1,0.04375
37430,1,0.04375
37431,0,0.05
37432,2,0.0375
37433,1,0.04375
37434,1,0.04375
37435,0,0.05
37436,1,0.04375
37437,0,0.05
37438,0,0.05
37439,1,0.05625
37440,4,0.025
37441,3,0.03125
37442,3,0.03125
37443,2,0.0375
37444,3,0.03125
37445,2,0.0375
37446,2,0.0375
37447,1,0.04375
37448,3,0.03125
37449,2,0.0375
37450,2,0.0375
37451,1,0.04375
37452,2,0.0375
37453,1,0.04375
37454,1,0.04375
37455,0,0.05
37456,3,0.03125
37457,2,0.0375
37458,2,0.0375
37459,1,0.04375
37460,2,0.0375
37461,1,0.04375
37462,1,0.04375
37463,0,0.05
37464,2,0.0375
37465,1,0.04375
37466,1,0.04375
37467,0,0.05
37468,1,0.04375
37469,0,0.05
37470,0,0.05
37471,1,0.05625
37472,3,0.03125
37473,2,0.0375
37474,2,0.0375
37475,1,0.04375
37476,2,0.0375
37477,1,0.04375
37478,1,0.04375
37479,0,0.05
37480,2,0.0375
37481,1,0.04375
37482,1,0.04375
37483,0,0.05
37484,1,0.04375
37485,0,0.05
37486,0,0.05
37487,1,0.05625
37488,2,0.0375
37489,1,0.04375
37490,1,0.04375
37491,0,0.05
37492,1,0.04375
37493,0,0.05
37494,0,0.05
37495,1,0.05625
37496,1,0.04375
37497,0,0.05
37498,0,0.05
37499,1,0.05625
37500,0,0.05
37501,1,0.05625
37502,1,0.05625
37503,2,0.0625
37504,4,0.025
37505,3,0.03125
37506,3,0.03125
37507,2,0.0375
37508,3,0.03125
37509,2,0.0375
37510,2,0.0375
37511,1,0.04375
37512,3,0.03125
37513,2,0.0375
37514,2,0.0375
37515,1,0.04375
37516,2,0.0375
37517,1,0.04375
37518,1,0.04375
37519,0,0.05
37520,3,0.03125
37521,2,0.0375
37522,2,0.0375
37523,1,0.04375
37524,2,0.0375
37525,1,0.04375
37526,1,0.04375
37527,0,0.05
37528,2,0.0375
37529,1,0.04375
37530,1,0.04375
37531,0,0.05
37532,1,0.04375
37533,0,0.05
37534,0,0.05
37535,1,0.05625
37536,3,0.03125
37537,2,0.0375
37538,2,0.0375
37539,1,0.04375
37540,2,0.0375
37541,1,0.04375
37542,1,0.04375
37543,0,0.05
37544,2,0.0375
37545,1,0.04375
37546,1,0.04375
37547,0,0.05
37548,1,0.04375
37549,0,0.05
37550,0,0.05
37551,1,0.05625
37552,2,0.0375
37553,1,0.04375
37554,1,0.04375
37555,0,0.05
37556,1,0.04375
37557,0,0.05
37558,0,0.05
37559,1,0.05625
37560,1,0.04375
37561,0,0.05
37562,0,0.05
37563,1,0.05625
37564,0,0.05
37565,1,0.05625
37566,1,0.05625
37567,2,0.0625
37568,3,0.03125
37569,2,0.0375
37570,2,0.0375
37571,1,0.04375
37572,2,0.0375
37573,1,0.04375
37574,1,0.04375
37575,0,0.05
37576,2,0.0375
37577,1,0.04375
37578,1,0.04375
37579,0,0.05
37580,1,0.04375
37581,0,0.05
37582,0,0.05
37583,1,0.05625
37584,2,0.0375
37585,1,0.04375
37586,1,0.04375
37587,0,0.05
37588,1,0.04375
37589,0,0.05
37590,0,0.05
37591,1,0.05625
37592,1,0.04375
37593,0,0.05
37594,0,0.05
37595,1,0.05625
37596,0,0.05
37597,1,0.05625
37598,1,0.05625
37599,2,0.0625
37600,2,0.0375
37601,1,0.04375
37602,1,0.04375
37603,0,0.05
37604,1,0.04375
37605,0,0.05
37606,0,0.05
37607,1,0.05625
37608,1,0.04375
37609,0,0.05
37610,0,0.05
37611,1,0.05625
37612,0,0.05
37613,1,0.05625
37614,1,0.05625
37615,2,0.0625
37616,1,0.04375
37617,0,0.05
37618,0,0.05
37619,1,0.05625
37620,0,0.05
37621,1,0.05625
37622,1,0.05625
37623,2,0.0625
37624,0,0.05
37625,1,0.05625
37626,1,0.05625
37627,2,0.0625
37628,1,0.05625
37629,2,0.0625
37630,2,0.0625
37631,3,0.06875
37632,4,0.025
37633,3,0.03125
37634,3,0.03125
37635,2,0.0375
37636,3,0.03125
37637,2,0.0375
37638,2,0.0375
37639,1,0.04375
37640,3,0.03125
37641,2,0.0375
37642,2,0.0375
37643,1,0.04375
37644,2,0.0375
37645,1,0.04375
37646,1,0.04375
37647,0,0.05
37648,3,0.03125
37649,2,0.0375
37650,2,0.0375
37651,1,0.04375
37652,2,0.0375
37653,1,0.04375
37654,1,0.04375
37655,0,0.05
37656,2,0.0375
37657,1,0.04375
37658,1,0.04375
37659,0,0.05
37660,1,0.04375
37661,0,0.05
37662,0,0.05
37663,1,0.05625
37664,3,0.03125
37665,2,0.0375
37666,2,0.0375
37667,1,0.04375
37668,2,0.0375
37669,1,0.04375
37670,1,0.04375
37671,0,0.05
37672,2,0.0375
37673,1,0.04375
37674,1,0.04375
37675,0,0.05
37676,1,0.04375
37677,0,0.05
37678,0,0.05
37679,1,0.05625
37680,2,0.0375
37681,1,0.04375
37682,1,0.04375
37683,0,0.05
37684,1,0.04375
37685,0,0.05
37686,0,0.05
37687,1,0.05625
37688,1,0.04375
37689,0,0.05
37690,0,0.05
37691,1,0.05625
37692,0,0.05
37693,1,0.05625
37694,1,0.05625
37695,2,0.0625
37696,3,0.03125
37697,2,0.0375
37698,2,0.0375
37699,1,0.04375
37700,2,0.0375
37701,1,0.04375
37702,1,0.04375
37703,0,0.05
37704,2,0.0375
37705,1,0.04375
37706,1,0.04375
37707,0,0.05
37708,1,0.04375
37709,0,0.05
37710,0,0.05
37711,1,0.05625
37712,2,0.0375
37713,1,0.04375
37714,1,0.04375
37715,0,0.05
37716,1,0.04375
37717,0,0.05
37718,0,0.05
37719,1,0.05625
37720,1,0.04375
37721,0,0.05
37722,0,0.05
37723,1,0.05625
37724,0,0.05
37725,1,0.05625
37726,1,0.05625
37727,2,0.0625
37728,2,0.0375
37729,1,0.04375
37730,1,0.04375
37731,0,0.05
37732,1,0.04375
37733,0,0.05
37734,0,0.05
37735,1,0.05625
37736,1,0.04375
37737,0,0.05
37738,0,0.05
37739,1,0.05625
37740,0,0.05
37741,1,0.05625
37742,1,0.05625
37743,2,0.0625
37744,1,0.04375
37745,0,0.05
37746,0,0.05
37747,1,0.05625
37748,0,0.05
37749,1,0.05625
37750,1,0.05625
37751,2,0.0625
37752,0,0.05
37753,1,0.05625
37754,1,0.05625
37755,2,0.0625
37756,1,0.05625
37757,2,0.0625
37758,2,0.0625
37759,3,0.06875
37760,3,0.03125
37761,2,0.0375
37762,2,0.0375
37763,1,0.04375
37764,2,0.0375
37765,1,0.04375
37766,1,0.04375
37767,0,0.05
37768,2,0.0375
37769,1,0.04375
37770,1,0.04375
37771,0,0.05
37772,1,0.04375
37773,0,0.05
37774,0,0.05
37775,1,0.05625
37776,2,0.0375
37777,1,0.04375
37778,1,0.04375
37779,0,0.05
37780,1,0.04375
37781,0,0.05
37782,0,0.05
37783,1,0.05625
37784,1,0.04375
37785,0,0.05
37786,0,0.05
37787,1,0.05625
37788,0,0.05
37789,1,0.05625
37790,1,0.05625
37791,2,0.0625
37792,2,0.0375
37793,1,0.04375
37794,1,0.04375
37795,0,0.05
37796,1,0.04375
37797,0,0.05
37798,0,0.05
37799,1,0.05625
37800,1,0.04375
37801,0,0.05
37802,0,0.05
37803,1,0.05625
37804,0,0.05
37805,1,0.05625
37806,1,0.05625
37807,2,0.0625
37808,1,0.04375
37809,0,0.05
37810,0,0.05
37811,1,0.05625
37812,0,0.05
37813,1,0.05625
37814,1,0.05625
37815,2,0.0625
37816,0,0.05
37817,1,0.05625
37818,1,0.05625
37819,2,0.0625
37820,1,0.05625
37821,2,0.0625
37822,2,0.0625
37823,3,0.06875
37824,2,0.0375
37825,1,0.04375
37826,1,0.04375
37827,0,0.05
37828,1,0.04375
37829,0,0.05
37830,0,0.05
37831,1,0.05625
37832,1,0.04375
37833,0,0.05
37834,0,0.05
37835,1,0.05625
37836,0,0.05
37837,1,0.05625
37838,1,0.05625
37839,2,0.0625
37840,1,0.04375
37841,0,0.05
37842,0,0.05
37843,1,0.05625
37844,0,0.05
37845,1,0.05625
37846,1,0.05625
37847,2,0.0625
37848,0,0.05
37849,1,0.05625
37850,1,0.05625
37851,2,0.0625
37852,1,0.05625
37853,2,0.0625
37854,2,0.0625
37855,3,0.06875
37856,1,0.04375
37857,0,0.05
37858,0,0.05
37859,1,0.05625
37860,0,0.05
37861,1,0.05625
37862,1,0.05625
37863,2,0.0625
37864,0,0.05
37865,1,0.05625
37866,1,0.05625
37867,2,0.0625
37868,1,0.05625
37869,2,0.0625
37870,2,0.0625
37871,3,0.06875
37872,0,0.05
37873,1,0.05625
37874,1,0.05625
37875,2,0.0625
37876,1,0.05625
37877,2,0.0625
37878,2,0.0625
37879,3,0.06875
37880,1,0.05625
37881,2,0.0625
37882,2,0.0625
37883,3,0.06875
37884,2,0.0625
37885,3,0.06875
37886,3,0.06875
37887,4,0.075
37888,3,0.01875
37889,4,0.025
37890,4,0.025
37891,3,0.03125
37892,4,0.025
37893,3,0.03125
37894,3,0.03125
37895,2,0.0375
37896,4,0.025
37897,3,0.03125
37898,3,0.03125
37899,2,0.0375
37900,3,0.03125
37901,2,0.0375
37902,2,0.0375
37903,1,0.04375
37904,4,0.025
37905,3,0.03125
37906,3,0.03125
37907,2,0.0375
37908,3,0.03125
37909,2,0.0375
37910,2,0.0375
37911,1,0.04375
37912,3,0.03125
37913,2,0.0375
37914,2,0.0375
37915,1,0.04375
37916,2,0.0375
37917,1,0.04375
37918,1,0.04375
37919,0,0.05
37920,4,0.025
37921,3,0.03125
37922,3,0.03125
37923,2,0.0375
37924,3,0.03125
37925,2,0.0375
37926,2,0.0375
37927,1,0.04375
37928,3,0.03125
37929,2,0.0375
37930,2,0.0375
37931,1,0.04375
37932,2,0.0375
37933,1,0.04375
37934,1,0.04375
37935,0,0.05
37936,3,0.03125
37937,2,0.0375
37938,2,0.0375
37939,1,0.04375
37940,2,0.0375
37941,1,0.04375
37942,1,0.04375
37943,0,0.05
37944,2,0.0375
37945,1,0.04375
37946,1,0.04375
37947,0,0.05
37948,1,0.04375
37949,0,0.05
37950,0,0.05
37951,1,0.05625
37952,4,0.025
37953,3,0.03125
37954,3,0.03125
37955,2,0.0375
37956,3,0.03125
37957,2,0.0375
37958,2,0.0375
37959,1,0.04375
37960,3,0.03125
37961,2,0.0375
37962,2,0.0375
37963,1,0.04375
37964,2,0.0375
37965,1,0.04375
37966,1,0.04375
37967,0,0.05
37968,3,0.03125
37969,2,0.0375
37970,2,0.0375
37971,1,0.04375
37972,2,0.0375
37973,1,0.04375
37974,1,0.04375
37975,0,0.05
37976,2,0.0375
37977,1,0.04375
37978,1,0.04375
37979,0,0.05
37980,1,0.04375
37981,0,0.05
37982,0,0.05
37983,1,0.05625
37984,3,0.03125
37985,2,0.0375
37986,2,0.0375
37987,1,0.04375
37988,2,0.0375
37989,1,0.04375
37990,1,0.04375
37991,0,0.05
37992,2,0.0375
37993,1,0.04375
37994,1,0.04375
37995,0,0.05
37996,1,0.04375
37997,0,0.05
37998,0,0.05
37999,1,0.05625
38000,2,0.0375
38001,1,0.04375
38002,1,0.04375
38003,0,0.05
38004,1,0.04375
38005,0,0.05
38006,0,0.05
38007,1,0.05625
38008,1,0.04375
38009,0,0.05
38010,0,0.05
38011,1,0.05625
38012,0,0.05
38013,1,0.05625
38014,1,0.05625
38015,2,0.0625
38016,4,0.025
38017,3,0.03125
38018,3,0.03125
38019,2,0.0375
38020,3,0.03125
38021,2,0.0375
38022,2,0.0375
38023,1,0.04375
38024,3,0.03125
38025,2,0.0375
38026,2,0.0375
38027,1,0.04375
38028,2,0.0375
38029,1,0.04375
38030,1,0.04375
38031,0,0.05
38032,3,0.03125
38033,2,0.0375
38034,2,0.0375
38035,1,0.04375
38036,2,0.0375
38037,1,0.04375
38038,1,0.04375
38039,0,0.05
38040,2,0.0375
38041,1,0.04375
38042,1,0.04375
38043,0,0.05
38044,1,0.04375
38045,0,0.05
38046,0,0.05
38047,1,0.05625
38048,3,0.03125
38049,2,0.0375
38050,2,0.0375
38051,1,0.04375
38052,2,0.0375
38053,1,0.04375
38054,1,0.04375
38055,0,0.05
38056,2,0.0375
38057,1,0.04375
38058,1,0.04375
38059,0,0.05
38060,1,0.04375
38061,0,0.05
38062,0,0.05
38063,1,0.05625
38064,2,0.0375
38065,1,0.04375
38066,1,0.04375
38067,0,0.05
38068,1,0.04375
38069,0,0.05
38070,0,0.05
38071,1,0.05625
38072,1,0.04375
38073,0,0.05
38074,0,0.05
38075,1,0.05625
38076,0,0.05
38077,1,0.05625
38078,1,0.05625
38079,2,0.0625
38080,3,0.03125
38081,2,0.0375
38082,2,0.0375
38083,1,0.04375
38084,2,0.0375
38085,1,0.04375
38086,1,0.04375
38087,0,0.05
38088,2,0.0375
38089,1,0.04375
38090,1,0.04375
38091,0,0.05
38092,1,0.04375
38093,0,0.05
38094,0,0.05
38095,1,0.05625
38096,2,0.0375
38097,1,0.04375
38098,1,0.04375
38099,0,0.05
38100,1,0.04375
38101,0,0.05
38102,0,0.05
38103,1,0.05625
38104,1,0.04375
38105,0,0.05
38106,0,0.05
38107,1,0.05625
38108,0,0.05
38109,1,0.05625
38110,1,0.05625
38111,2,0.0625
38112,2,0.0375
38113,1,0.04375
38114,1,0.04375
38115,0,0.05
38116,1,0.04375
38117,0,0.05
38118,0,0.05
38119,1,0.05625
38120,1,0.04375
38121,0,0.05
38122,0,0.05
38123,1,0.05625
38124,0,0.05
38125,1,0.05625
38126,1,0.05625
38127,2,0.0625
38128,1,0.04375
38129,0,0.05
38130,0,0.05
38131,1,0.05625
38132,0,0.05
38133,1,0.05625
38134,1,0.05625
38135,2,0.0625
38136,0,0.05
38137,1,0.05625
38138,1,0.05625
38139,2,0.0625
38140,1,0.05625
38141,2,0.0625
38142,2,0.0625
38143,3,0.06875
38144,4,0.025
38145,3,0.03125
38146,3,0.03125
38147,2,0.0375
38148,3,0.03125
38149,2,0.0375
38150,2,0.0375
38151,1,0.04375
38152,3,0.03125
38153,2,0.0375
38154,2,0.0375
38155,1,0.04375
38156,2,0.0375
38157,1,0.04375
38158,1,0.04375
38159,0,0.05
38160,3,0.03125
38161,2,0.0375
38162,2,0.0375
38163,1,0.04375
38164,2,0.0375
38165,1,0.04375
38166,1,0.04375
38167,0,0.05
38168,2,0.0375
38169,1,0.04375
38170,1,0.04375
38171,0,0.05
38172,1,0.04375
38173,0,0.05
38174,0,0.05
38175,1,0.05625
38176,3,0.03125
38177,2,0.0375
38178,2,0.0375
38179,1,0.04375
38180,2,0.0375
38181,1,0.04375
38182,1,0.04375
38183,0,0.05
38184,2,0.0375
38185,1,0.04375
38186,1,0.04375
38187,0,0.05
38188,1,0.04375
38189,0,0.05
38190,0,0.05
38191,1,0.05625
38192,2,0.0375
38193,1,0.04375
38194,1,0.04375
38195,0,0.05
38196,1,0.04375
38197,0,0.05
38198,0,0.05
38199,1,0.05625
38200,1,0.04375
38201,0,0.05
38202,0,0.05
38203,1,0.05625
38204,0,0.05
38205,1,0.05625
38206,1,0.05625
38207,2,0.0625
38208,3,0.03125
38209,2,0.0375
38210,2,0.0375
38211,1,0.04375
38212,2,0.0375
38213,1,0.04375
38214,1,0.04375
38215,0,0.05
38216,2,0.0375
38217,1,0.04375
38218,1,0.04375
38219,0,0.05
38220,1,0.04375
38221,0,0.05
38222,0,0.05
38223,1,0.05625
38224,2,0.0375
38225,1,0.04375
38226,1,0.04375
38227,0,0.05
38228,1,0.04375
38229,0,0.05
38230,0,0.05
38231,1,0.05625
38232,1,0.04375
38233,0,0.05
38234,0,0.05
38235,1,0.05625
38236,0,0.05
38237,1,0.05625
38238,1,0.05625
38239,2,0.0625
38240,2,0.0375
38241,1,0.04375
38242,1,0.04375
38243,0,0.05
38244,1,0.04375
38245,0,0.05
38246,0,0.05
38247,1,0.05625
38248,1,0.04375
38249,0,0.05
38250,0,0.05
38251,1,0.05625
38252,0,0.05
38253,1,0.05625
38254,1,0.05625
38255,2,0.0625
38256,1,0.04375
38257,0,0.05
38258,0,0.05
38259,1,0.05625
38260,0,0.05
38261,1,0.05625
38262,1,0.05625
38263,2,0.0625
38264,0,0.05
38265,1,0.05625
38266,1,0.05625
38267,2,0.0625
38268,1,0.05625
38269,2,0.0625
38270,2,0.0625
38271,3,0.06875
38272,3,0.03125
38273,2,0.0375
38274,2,0.0375
38275,1,0.04375
38276,2,0.0375
38277,1,0.04375
38278,1,0.04375
38279,0,0.05
38280,2,0.0375
38281,1,0.04375
38282,1,0.04375
38283,0,0.05
38284,1,0.04375
38285,0,0.05
38286,0,0.05
38287,1,0.05625
38288,2,0.0375
38289,1,0.04375
38290,1,0.04375
38291,0,0.05
38292,1,0.04375
38293,0,0.05
38294,0,0.05
38295,1,0.05625
38296,1,0.04375
38297,0,0.05
38298,0,0.05
38299,1,0.05625
38300,0,0.05
38301,1,0.05625
38302,1,0.05625
38303,2,0.0625
38304,2,0.0375
38305,1,0.04375
38306,1,0.04375
38307,0,0.05
38308,1,0.04375
38309,0,0.05
38310,0,0.05
38311,1,0.05625
38312,1,0.04375
38313,0,0.05
38314,0,0.05
38315,1,0.05625
38316,0,0.05
38317,1,0.05625
38318,1,0.05625
38319,2,0.0625
38320,1,0.04375
38321,0,0.05
38322,0,0.05
38323,1,0.05625
38324,0,0.05
38325,1,0.05625
38326,1,0.05625
38327,2,0.0625
38328,0,0.05
38329,1,0.05625
38330,1,0.05625
38331,2,0.0625
38332,1,0.05625
38333,2,0.0625
38334,2,0.0625
38335,3,0.06875
38336,2,0.0375
38337,1,0.04375
38338,1,0.04375
38339,0,0.05
38340,1,0.04375
38341,0,0.05
38342,0,0.05
38343,1,0.05625
38344,1,0.04375
38345,0,0.05
38346,0,0.05
38347,1,0.05625
38348,0,0.05
38349,1,0.05625
38350,1,0.05625
38351,2,0.0625
38352,1,0.04375
38353,0,0.05
38354,0,0.05
38355,1,0.05625
38356,0,0.05
38357,1,0.05625
38358,1,0.05625
38359,2,0.0625
38360,0,0.05
38361,1,0.05625
38362,1,0.05625
38363,2,0.0625
38364,1,0.05625
38365,2,0.0625
38366,2,0.0625
38367,3,0.06875
38368,1,0.04375
38369,0,0.05
38370,0,0.05
38371,1,0.05625
38372,0,0.05
38373,1,0.05625
38374,1,0.05625
38375,2,0.0625
38376,0,0.05
38377,1,0.05625
38378,1,0.05625
38379,2,0.0625
38380,1,0.05625
38381,2,0.0625
38382,2,0.0625
38383,3,0.06875
38384,0,0.05
38385,1,0.05625
38386,1,0.05625
38387,2,0.0625
38388,1,0.05625
38389,2,0.0625
38390,2,0.0625
38391,3,0.06875
38392,1,0.05625
38393,2,0.0625
38394,2,0.0625
38395,3,0.06875
38396,2,0.0625
38397,3,0.06875
38398,3,0.06875
38399,4,0.075
38400,4,0.025
38401,3,0.03125
38402,3,0.03125
38403,2,0.0375
38404,3,0.03125
38405,2,0.0375
38406,2,0.0375
38407,1,0.04375
38408,3,0.03125
38409,2,0.0375
38410,2,0.0375
38411,1,0.04375
38412,2,0.0375
38413,1,0.04375
38414,1,0.04375
38415,0,0.05
38416,3,0.03125
38417,2,0.0375
38418,2,0.0375
38419,1,0.04375
38420,2,0.0375
38421,1,0.04375
38422,1,0.04375
38423,0,0.05
38424,2,0.0375
38425,1,0.04375
38426,1,0.04375
38427,0,0.05
38428,1,0.04375
38429,0,0.05
38430,0,0.05
38431,1,0.05625
38432,3,0.03125
38433,2,0.0375
38434,2,0.0375
38435,1,0.04375
38436,2,0.0375
38437,1,0.04375
38438,1,0.04375
38439,0,0.05
38440,2,0.0375
38441,1,0.04375
38442,1,0.04375
38443,0,0.05
38444,1,0.04375
38445,0,0.05
38446,0,0.05
38447,1,0.05625
38448,2,0.0375
38449,1,0.04375
38450,1,0.04375
38451,0,0.05
38452,1,0.04375
38453,0,0.05
38454,0,0.05
38455,1,0.05625
38456,1,0.04375
38457,0,0.05
38458,0,0.05
38459,1,0.05625
38460,0,0.05
38461,1,0.05625
38462,1,0.05625
38463,2,0.0625
38464,3,0.03125
38465,2,0.0375
38466,2,0.0375
38467,1,0.04375
38468,2,0.0375
38469,1,0.04375
38470,1,0.04375
38471,0,0.05
38472,2,0.0375
38473,1,0.04375
38474,1,0.04375
38475,0,0.05
38476,1,0.04375
38477,0,0.05
38478,0,0.05
38479,1,0.05625
38480,2,0.0375
38481,1,0.04375
38482,1,0.04375
38483,0,0.05
38484,1,0.04375
38485,0,0.05
38486,0,0.05
38487,1,0.05625
38488,1,0.04375
38489,0,0.05
38490,0,0.05
38491,1,0.05625
38492,0,0.05
38493,1,0.05625
38494,1,0.05625
38495,2,0.0625
38496,2,0.0375
38497,1,0.04375
38498,1,0.04375
38499,0,0.05
38500,1,0.04375
38501,0,0.05
38502,0,0.05
38503,1,0.05625
38504,1,0.04375
38505,0,0.05
38506,0,0.05
38507,1,0.05625
38508,0,0.05
38509,1,0.05625
38510,1,0.05625
38511,2,0.0625
38512,1,0.04375
38513,0,0.05
38514,0,0.05
38515,1,0.05625
38516,0,0.05
38517,1,0.05625
38518,1,0.05625
38519,2,0.0625
38520,0,0.05
38521,1,0.05625
38522,1,0.05625
38523,2,0.0625
38524,1,0.05625
38525,2,0.0625
38526,2,0.0625
38527,3,0.06875
38528,3,0.03125
38529,2,0.0375
38530,2,0.0375
38531,1,0.04375
38532,2,0.0375
38533,1,0.04375
38534,1,0.04375
38535,0,0.05
38536,2,0.0375
38537,1,0.04375
38538,1,0.04375
38539,0,0.05
38540,1,0.04375
38541,0,0.05
38542,0,0.05
38543,1,0.05625
38544,2,0.0375
38545,1,0.04375
38546,1,0.04375
38547,0,0.05
38548,1,0.04375
38549,0,0.05
38550,0,0.05
38551,1,0.05625
38552,1,0.04375
38553,0,0.05
38554,0,0.05
38555,1,0.05625
38556,0,0.05
38557,1,0.05625
38558,1,0.05625
38559,2,0.0625
38560,2,0.0375
38561,1,0.04375
38562,1,0.04375
38563,0,0.05
38564,1,0.04375
38565,0,0.05
38566,0,0.05
38567,1,0.05625
38568,1,0.04375
38569,0,0.05
38570,0,0.05
38571,1,0.05625
38572,0,0.05
38573,1,0.05625
38574,1,0.05625
38575,2,0.0625
38576,1,0.04375
38577,0,0.05
38578,0,0.05
38579,1,0.05625
38580,0,0.05
38581,1,0.05625
38582,1,0.05625
38583,2,0.0625
38584,0,0.05
38585,1,0.05625
38586,1,0.05625
38587,2,0.0625
38588,1,0.05625
38589,2,0.0625
38590,2,0.0625
38591,3,0.06875
38592,2,0.0375
38593,1,0.04375
38594,1,0.04375
38595,0,0.05
38596,1,0.04375
38597,0,0.05
38598,0,0.05
38599,1,0.05625
38600,1,0.04375
38601,0,0.05
38602,0,0.05
38603,1,0.05625
38604,0,0.05
38605,1,0.05625
38606,1,0.05625
38607,2,0.0625
38608,1,0.04375
38609,0,0.05
38610,0,0.05
38611,1,0.05625
38612,0,0.05
38613,1,0.05625
38614,1,0.05625
38615,2,0.0625
38616,0,0.05
38617,1,0.05625
38618,1,0.05625
38619,2,0.0625
38620,1,0.05625
38621,2,0.0625
38622,2,0.0625
38623,3,0.06875
38624,1,0.04375
38625,0,0.05
38626,0,0.05
38627,1,0.05625
38628,0,0.05
38629,1,0.05625
38630,1,0.05625
38631,2,0.0625
38632,0,0.05
38633,1,0.05625
38634,1,0.05625
38635,2,0.0625
38636,1,0.05625
38637,2,0.0625
38638,2,0.0625
38639,3,0.06875
38640,0,0.05
38641,1,0.05625
38642,1,0.05625
38643,2,0.0625
38644,1,0.05625
38645,2,0.0625
38646,2,0.0625
38647,3,0.06875
38648,1,0.05625
38649,2,0.0625
38650,2,0.0625
38651,3,0.06875
38652,2,0.0625
38653,3,0.06875
38654,3,0.06875
38655,4,0.075
38656,3,0.03125
38657,2,0.0375
38658,2,0.0375
38659,1,0.04375
38660,2,0.0375
38661,1,0.04375
38662,1,0.04375
38663,0,0.05
38664,2,0.0375
38665,1,0.04375
38666,1,0.04375
38667,0,0.05
38668,1,0.04375
38669,0,0.05
38670,0,0.05
38671,1,0.05625
38672,2,0.0375
38673,1,0.04375
38674,1,0.04375
38675,0,0.05
38676,1,0.04375
38677,0,0.05
38678,0,0.05
38679,1,0.05625
38680,1,0.04375
38681,0,0.05
38682,0,0.05
38683,1,0.05625
38684,0,0.05
38685,1,0.05625
38686,1,0.05625
38687,2,0.0625
38688,2,0.0375
38689,1,0.04375
38690,1,0.04375
38691,0,0.05
38692,1,0.04375
38693,0,0.05
38694,0,0.05
38695,1,0.05625
38696,1,0.04375
38697,0,0.05
38698,0,0.05
38699,1,0.05625
38700,0,0.05
38701,1,0.05625
38702,1,0.05625
38703,2,0.0625
38704,1,0.04375
38705,0,0.05
38706,0,0.05
38707,1,0.05625
38708,0,0.05
38709,1,0.05625
38710,1,0.05625
38711,2,0.0625
38712,0,0.05
38713,1,0.05625
38714,1,0.05625
38715,2,0.0625
38716,1,0.05625
38717,2,0.0625
38718,2,0.0625
38719,3,0.06875
38720,2,0.0375
38721,1,0.04375
38722,1,0.04375
38723,0,0.05
38724,1,0.04375
38725,0,0.05
38726,0,0.05
38727,1,0.05625
38728,1,0.04375
38729,0,0.05
38730,0,0.05
38731,1,0.05625
38732,0,0.05
38733,1,0.05625
38734,1,0.05625
38735,2,0.0625
38736,1,0.04375
38737,0,0.05
38738,0,0.05
38739,1,0.05625
38740,0,0.05
38741,1,0.05625
38742,1,0.05625
38743,2,0.0625
38744,0,0.05
38745,1,0.05625
38746,1,0.05625
38747,2,0.0625
38748,1,0.05625
38749,2,0.0625
38750,2,0.0625
38751,3,0.06875
38752,1,0.04375
38753,0,0.05
38754,0,0.05
38755,1,0.05625
38756,0,0.05
38757,1,0.05625
38758,1,0.05625
38759,2,0.0625
38760,0,0.05
38761,1,0.05625
38762,1,0.05625
38763,2,0.0625
38764,1,0.05625
38765,2,0.0625
38766,2,0.0625
38767,3,0.06875
38768,0,0.05
38769,1,0.05625
38770,1,0.05625
38771,2,0.0625
38772,1,0.05625
38773,2,0.0625
38774,2,0.0625
38775,3,0.06875
38776,1,0.05625
38777,2,0.0625
38778,2,0.0625
38779,3,0.06875
38780,2,0.0625
38781,3,0.06875
38782,3,0.06875
38783,4,0.075
38784,2,0.0375
38785,1,0.04375
38786,1,0.04375
38787,0,0.05
38788,1,0.04375
38789,0,0.05
38790,0,0.05
38791,1,0.05625
38792,1,0.04375
38793,0,0.05
38794,0,0.05
38795,1,0.05625
38796,0,0.05
38797,1,0.05625
38798,1,0.05625
38799,2,0.0625
38800,1,0.04375
38801,0,0.05
38802,0,0.05
38803,1,0.05625
38804,0,0.05
38805,1,0.05625
38806,1,0.05625
38807,2,0.0625
38808,0,0.05
38809,1,0.05625
38810,1,0.05625
38811,2,0.0625
38812,1,0.05625
38813,2,0.0625
38814,2,0.0625
38815,3,0.06875
38816,1,0.04375
38817,0,0.05
38818,0,0.05
38819,1,0.05625
38820,0,0.05
38821,1,0.05625
38822,1,0.05625
38823,2,0.0625
38824,0,0.05
38825,1,0.05625
38826,1,0.05625
38827,2,0.0625
38828,1,0.05625
38829,2,0.0625
38830,2,0.0625
38831,3,0.06875
38832,0,0.05
38833,1,0.05625
38834,1,0.05625
38835,2,0.0625
38836,1,0.05625
38837,2,0.0625
38838,2,0.0625
38839,3,0.06875
38840,1,0.05625
38841,2,0.0625
38842,2,0.0625
38843,3,0.06875
38844,2,0.0625
38845,3,0.06875
38846,3,0.06875
38847,4,0.075
38848,1,0.04375
38849,0,0.05
38850,0,0.05
38851,1,0.05625
38852,0,0.05
38853,1,0.05625
38854,1,0.05625
38855,2,0.0625
38856,0,0.05
38857,1,0.05625
38858,1,0.05625
38859,2,0.0625
38860,1,0.05625
38861,2,0.0625
38862,2,0.0625
38863,3,0.06875
38864,0,0.05
38865,1,0.05625
38866,1,0.05625
38867,2,0.0625
38868,1,0.05625
38869,2,0.0625
38870,2,0.0625
38871,3,0.06875
38872,1,0.05625
38873,2,0.0625
38874,2,0.0625
38875,3,0.06875
38876,2,0.0625
38877,3,0.06875
38878,3,0.06875
38879,4,0.075
38880,0,0.05
38881,1,0.05625
38882,1,0.05625
38883,2,0.0625
38884,1,0.05625
38885,2,0.0625
38886,2,0.0625
38887,3,0.06875
38888,1,0.05625
38889,2,0.0625
38890,2,0.0625
38891,3,0.06875
38892,2,0.0625
38893,3,0.06875
38894,3,0.06875
38895,4,0.075
38896,1,0.05625
38897,2,0.0625
38898,2,0.0625
38899,3,0.06875
38900,2,0.0625
38901,3,0.06875
38902,3,0.06875
38903,4,0.075
38904,2,0.0625
38905,3,0.06875
38906,3,0.06875
38907,4,0.075
38908,3,0.06875
38909,4,0.075
38910,4,0.075
38911,3,0.08125
38912,3,0.01875
38913,4,0.025
38914,4,0.025
38915,3,0.03125
38916,4,0.025
38917,3,0.03125
38918,3,0.03125
38919,2,0.0375
38920,4,0.025
38921,3,0.03125
38922,3,0.03125
38923,2,0.0375
38924,3,0.03125
38925,2,0.0375
38926,2,0.0375
38927,1,0.04375
38928,4,0.025
38929,3,0.03125
38930,3,0.03125
38931,2,0.0375
38932,3,0.03125
38933,2,0.0375
38934,2,0.0375
38935,1,0.04375
38936,3,0.03125
38937,2,0.0375
38938,2,0.0375
38939,1,0.04375
38940,2,0.0375
38941,1,0.04375
38942,1,0.04375
38943,0,0.05
38944,4,0.025
38945,3,0.03125
38946,3,0.03125
38947,2,0.0375
38948,3,0.03125
38949,2,0.0375
38950,2,0.0375
38951,1,0.04375
38952,3,0.03125
38953,2,0.0375
38954,2,0.0375
38955,1,0.04375
38956,2,0.0375
38957,1,0.04375
38958,1,0.04375
38959,0,0.05
38960,3,0.03125
38961,2,0.0375
38962,2,0.0375
38963,1,0.04375
38964,2,0.0375
38965,1,0.04375
38966,1,0.04375
38967,0,0.05
38968,2,0.0375
38969,1,0.04375
38970,1,0.04375
38971,0,0.05
38972,1,0.04375
38973,0,0.05
38974,0,0.05
38975,1,0.05625
38976,4,0.025
38977,3,0.03125
38978,3,0.03125
38979,2,0.0375
38980,3,0.03125
38981,2,0.0375
38982,2,0.0375
38983,1,0.04375
38984,3,0.03125
38985,2,0.0375
38986,2,0.0375
38987,1,0.04375
38988,2,0.0375
38989,1,0.04375
38990,1,0.04375
38991,0,0.05
38992,3,0.03125
38993,2,0.0375
38994,2,0.0375
38995,1,0.04375
38996,2,0.0375
38997,1,0.04375
38998,1,0.04375
38999,0,0.05
39000,2,0.0375
39001,1,0.04375
39002,1,0.04375
39003,0,0.05
39004,1,0.04375
39005,0,0.05
39006,0,0.05
39007,1,0.05625
39008,3,0.03125
39009,2,0.0375
39010,2,0.0375
39011,1,0.04375
39012,2,0.0375
39013,1,0.04375
39014,1,0.04375
39015,0,0.05
39016,2,0.0375
39017,1,0.04375
39018,1,0.04375
39019,0,0.05
39020,1,0.04375
39021,0,0.05
39022,0,0.05
39023,1,0.05625
39024,2,0.0375
39025,1,0.04375
39026,1,0.04375
39027,0,0.05
39028,1,0.04375
39029,0,0.05
39030,0,0.05
39031,1,0.05625
39032,1,0.04375
39033,0,0.05
39034,0,0.05
39035,1,0.05625
39036,0,0.05
39037,1,0.05625
39038,1,0.05625
39039,2,0.0625
39040,4,0.025
39041,3,0.03125
39042,3,0.03125
39043,2,0.0375
39044,3,0.03125
39045,2,0.0375
39046,2,0.0375
39047,1,0.04375
39048,3,0.03125
39049,2,0.0375
39050,2,0.0375
39051,1,0.04375
39052,2,0.0375
39053,1,0.04375
39054,1,0.04375
39055,0,0.05
39056,3,0.03125
39057,2,0.0375
39058,2,0.0375
39059,1,0.04375
39060,2,0.0375
39061,1,0.04375
39062,1,0.04375
39063,0,0.05
39064,2,0.0375
39065,1,0.04375
39066,1,0.04375
39067,0,0.05
39068,1,0.04375
39069,0,0.05
39070,0,0.05
39071,1,0.05625
39072,3,0.03125
39073,2,0.0375
39074,2,0.0375
39075,1,0.04375
39076,2,0.0375
39077,1,0.04375
39078,1,0.04375
39079,0,0.05
39080,2,0.0375
39081,1,0.04375
39082,1,0.04375
39083,0,0.05
39084,1,0.04375
39085,0,0.05
39086,0,0.05
39087,1,0.05625
39088,2,0.0375
39089,1,0.04375
39090,1,0.04375
39091,0,0.05
39092,1,0.04375
39093,0,0.05
39094,0,0.05
39095,1,0.05625
39096,1,0.04375
39097,0,0.05
39098,0,0.05
39099,1,0.05625
39100,0,0.05
39101,1,0.05625
39102,1,0.05625
39103,2,0.0625
39104,3,0.03125
39105,2,0.0375
39106,2,0.0375
39107,1,0.04375
39108,2,0.0375
39109,1,0.04375
39110,1,0.04375
39111,0,0.05
39112,2,0.0375
39113,1,0.04375
39114,1,0.04375
39115,0,0.05
39116,1,0.04375
39117,0,0.05
39118,0,0.05
39119,1,0.05625
39120,2,0.0375
39121,1,0.04375
39122,1,0.04375
39123,0,0.05
39124,1,0.04375
39125,0,0.05
39126,0,0.05
39127,1,0.05625
39128,1,0.04375
39129,0,0.05
39130,0,0.05
39131,1,0.05625
39132,0,0.05
39133,1,0.05625
39134,1,0.05625
39135,2,0.0625
39136,2,0.0375
39137,1,0.04375
39138,1,0.04375
39139,0,0.05
39140,1,0.04375
39141,0,0.05
39142,0,0.05
39143,1,0.05625
39144,1,0.04375
39145,0,0.05
39146,0,0.05
39147,1,0.05625
39148,0,0.05
39149,1,0.05625
39150,1,0.05625
39151,2,0.0625
39152,1,0.04375
39153,0,0.05
39154,0,0.05
39155,1,0.05625
39156,0,0.05
39157,1,0.05625
39158,1,0.05625
39159,2,0.0625
39160,0,0.05
39161,1,0.05625
39162,1,0.05625
39163,2,0.0625
39164,1,0.05625
39165,2,0.0625
39166,2,0.0625
39167,3,0.06875
39168,4,0.025
39169,3,0.03125
39170,3,0.03125
39171,2,0.0375
39172,3,0.03125
39173,2,0.0375
39174,2,0.0375
39175,1,0.04375
39176,3,0.03125
39177,2,0.0375
39178,2,0.0375
39179,1,0.04375
39180,2,0.0375
39181,1,0.04375
39182,1,0.04375
39183,0,0.05
39184,3,0.03125
39185,2,0.0375
39186,2,0.0375
39187,1,0.04375
39188,2,0.0375
39189,1,0.04375
39190,1,0.04375
39191,0,0.05
39192,2,0.0375
39193,1,0.04375
39194,1,0.04375
39195,0,0.05
39196,1,0.04375
39197,0,0.05
39198,0,0.05
39199,1,0.05625
39200,3,0.03125
39201,2,0.0375
39202,2,0.0375
39203,1,0.04375
39204,2,0.0375
39205,1,0.04375
39206,1,0.04375
39207,0,0.05
39208,2,0.0375
39209,1,0.04375
39210,1,0.04375
39211,0,0.05
39212,1,0.04375
39213,0,0.05
39214,0,0.05
39215,1,0.05625
39216,2,0.0375
39217,1,0.04375
39218,1,0.04375
39219,0,0.05
39220,1,0.04375
39221,0,0.05
39222,0,0.05
39223,1,0.05625
39224,1,0.04375
39225,0,0.05
39226,0,0.05
39227,1,0.05625
39228,0,0.05
39229,1,0.05625
39230,1,0.05625
39231,2,0.0625
39232,3,0.03125
39233,2,0.0375
39234,2,0.0375
39235,1,0.04375
39236,2,0.0375
39237,1,0.04375
39238,1,0.04375
39239,0,0.05
39240,2,0.0375
39241,1,0.04375
39242,1,0.04375
39243,0,0.05
39244,1,0.04375
39245,0,0.05
39246,0,0.05
39247,1,0.05625
39248,2,0.0375
39249,1,0.04375
39250,1,0.04375
39251,0,0.05
39252,1,0.04375
39253,0,0.05
39254,0,0.05
39255,1,0.05625
39256,1,0.04375
39257,0,0.05
39258,0,0.05
39259,1,0.05625
39260,0,0.05
39261,1,0.05625
39262,1,0.05625
39263,2,0.0625
39264,2,0.0375
39265,1,0.04375
39266,1,0.04375
39267,0,0.05
39268,1,0.04375
39269,0,0.05
39270,0,0.05
39271,1,0.05625
39272,1,0.04375
39273,0,0.05
39274,0,0.05
39275,1,0.05625
39276,0,0.05
39277,1,0.05625
39278,1,0.05625
39279,2,0.0625
39280,1,0.04375
39281,0,0.05
39282,0,0.05
39283,1,0.05625
39284,0,0.05
39285,1,0.05625
39286,1,0.05625
39287,2,0.0625
39288,0,0.05
39289,1,0.05625
39290,1,0.05625
39291,2,0.0625
39292,1,0.05625
39293,2,0.0625
39294,2,0.0625
39295,3,0.06875
39296,3,0.03125
39297,2,0.0375
39298,2,0.0375
39299,1,0.04375
39300,2,0.0375
39301,1,0.04375
39302,1,0.04375
39303,0,0.05
39304,2,0.0375
39305,1,0.04375
39306,1,0.04375
39307,0,0.05
39308,1,0.04375
39309,0,0.05
39310,0,0.05
39311,1,0.05625
39312,2,0.0375
39313,1,0.04375
39314,1,0.04375
39315,0,0.05
39316,1,0.04375
39317,0,0.05
39318,0,0.05
39319,1,0.05625
39320,1,0.04375
39321,0,0.05
39322,0,0.05
39323,1,0.05625
39324,0,0.05
39325,1,0.05625
39326,1,0.05625
39327,2,0.0625
39328,2,0.0375
39329,1,0.04375
39330,1,0.04375
39331,0,0.05
39332,1,0.04375
39333,0,0.05
39334,0,0.05
39335,1,0.05625
39336,1,0.04375
39337,0,0.05
39338,0,0.05
39339,1,0.05625
39340,0,0.05
39341,1,0.05625
39342,1,0.05625
39343,2,0.0625
39344,1,0.04375
39345,0,0.05
39346,0,0.05
39347,1,0.05625
39348,0,0.05
39349,1,0.05625
39350,1,0.05625
39351,2,0.0625
39352,0,0.05
39353,1,0.05625
39354,1,0.05625
39355,2,0.0625
39356,1,0.05625
39357,2,0.0625
39358,2,0.0625
39359,3,0.06875
39360,2,0.0375
39361,1,0.04375
39362,1,0.04375
39363,0,0.05
39364,1,0.04375
39365,0,0.05
39366,0,0.05
39367,1,0.05625
39368,1,0.04375
39369,0,0.05
39370,0,0.05
39371,1,0.05625
39372,0,0.05
39373,1,0.05625
39374,1,0.05625
39375,2,0.0625
39376,1,0.04375
39377,0,0.05
39378,0,0.05
39379,1,0.05625
39380,0,0.05
39381,1,0.05625
39382,1,0.05625
39383,2,0.0625
39384,0,0.05
39385,1,0.05625
39386,1,0.05625
39387,2,0.0625
39388,1,0.05625
39389,2,0.0625
39390,2,0.0625
39391,3,0.06875
39392,1,0.04375
39393,0,0.05
39394,0,0.05
39395,1,0.05625
39396,0,0.05
39397,1,0.05625
39398,1,0.05625
39399,2,0.0625
39400,0,0.05
39401,1,0.05625
39402,1,0.05625
39403,2,0.0625
39404,1,0.05625
39405,2,0.0625
39406,2,0.0625
39407,3,0.06875
39408,0,0.05
39409,1,0.05625
39410,1,0.05625
39411,2,0.0625
39412,1,0.05625
39413,2,0.0625
39414,2,0.0625
39415,3,0.06875
39416,1,0.05625
39417,2,0.0625
39418,2,0.0625
39419,3,0.06875
39420,2,0.0625
39421,3,0.06875
39422,3,0.06875
39423,4,0.075
39424,4,0.025
39425,3,0.03125
39426,3,0.03125
39427,2,0.0375
39428,3,0.03125
39429,2,0.0375
39430,2,0.0375
39431,1,0.04375
39432,3,0.03125
39433,2,0.0375
39434,2,0.0375
39435,1,0.04375
39436,2,0.0375
39437,1,0.04375
39438,1,0.04375
39439,0,0.05
39440,3,0.03125
39441,2,0.0375
39442,2,0.0375
39443,1,0.04375
39444,2,0.0375
39445,1,0.04375
39446,1,0.04375
39447,0,0.05
39448,2,0.0375
39449,1,0.04375
39450,1,0.04375
39451,0,0.05
39452,1,0.04375
39453,0,0.05
39454,0,0.05
39455,1,0.05625
39456,3,0.03125
39457,2,0.0375
39458,2,0.0375
39459,1,0.04375
39460,2,0.0375
39461,1,0.04375
39462,1,0.04375
39463,0,0.05
39464,2,0.0375
39465,1,0.04375
39466,1,0.04375
39467,0,0.05
39468,1,0.04375
39469,0,0.05
39470,0,0.05
39471,1,0.05625
39472,2,0.0375
39473,1,0.04375
39474,1,0.04375
39475,0,0.05
39476,1,0.04375
39477,0,0.05
39478,0,0.05
39479,1,0.05625
39480,1,0.04375
39481,0,0.05
39482,0,0.05
39483,1,0.05625
39484,0,0.05
39485,1,0.05625
39486,1,0.05625
39487,2,0.0625
39488,3,0.03125
39489,2,0.0375
39490,2,0.0375
39491,1,0.04375
39492,2,0.0375
39493,1,0.04375
39494,1,0.04375
39495,0,0.05
39496,2,0.0375
39497,1,0.04375
39498,1,0.04375
39499,0,0.05
39500,1,0.04375
39501,0,0.05
39502,0,0.05
39503,1,0.05625
39504,2,0.0375
39505,1,0.04375
39506,1,0.04375
39507,0,0.05
39508,1,0.04375
39509,0,0.05
39510,0,0.05
39511,1,0.05625
39512,1,0.04375
39513,0,0.05
39514,0,0.05
39515,1,0.05625
39516,0,0.05
39517,1,0.05625
39518,1,0.05625
39519,2,0.0625
39520,2,0.0375
39521,1,0.04375
39522,1,0.04375
39523,0,0.05
39524,1,0.04375
39525,0,0.05
39526,0,0.05
39527,1,0.05625
39528,1,0.04375
39529,0,0.05
39530,0,0.05
39531,1,0.05625
39532,0,0.05
39533,1,0.05625
39534,1,0.05625
39535,2,0.0625
39536,1,0.04375
39537,0,0.05
39538,0,0.05
39539,1,0.05625
39540,0,0.05
39541,1,0.05625
39542,1,0.05625
39543,2,0.0625
39544,0,0.05
39545,1,0.05625
39546,1,0.05625
39547,2,0.0625
39548,1,0.05625
39549,2,0.0625
39550,2,0.0625
39551,3,0.06875
39552,3,0.03125
39553,2,0.0375
39554,2,0.0375
39555,1,0.04375
39556,2,0.0375
39557,1,0.04375
39558,1,0.04375
39559,0,0.05
39560,2,0.0375
39561,1,0.04375
39562,1,0.04375
39563,0,0.05
39564,1,0.04375
39565,0,0.05
39566,0,0.05
39567,1,0.05625
39568,2,0.0375
39569,1,0.04375
39570,1,0.04375
39571,0,0.05
39572,1,0.04375
39573,0,0.05
39574,0,0.05
39575,1,0.05625
39576,1,0.04375
39577,0,0.05
39578,0,0.05
39579,1,0.05625
39580,0,0.05
39581,1,0.05625
39582,1,0.05625
39583,2,0.0625
39584,2,0.0375
39585,1,0.04375
39586,1,0.04375
39587,0,0.05
39588,1,0.04375
39589,0,0.05
39590,0,0.05
39591,1,0.05625
39592,1,0.04375
39593,0,0.05
39594,0,0.05
39595,1,0.05625
39596,0,0.05
39597,1,0.05625
39598,1,0.05625
39599,2,0.0625
39600,1,0.04375
39601,0,0.05
39602,0,0.05
39603,1,0.05625
39604,0,0.05
39605,1,0.05625
39606,1,0.05625
39607,2,0.0625
39608,0,0.05
39609,1,0.05625
39610,1,0.05625
39611,2,0.0625
39612,1,0.05625
39613,2,0.0625
39614,2,0.0625
39615,3,0.06875
39616,2,0.0375
39617,1,0.04375
39618,1,0.04375
39619,0,0.05
39620,1,0.04375
39621,0,0.05
39622,0,0.05
39623,1,0.05625
39624,1,0.04375
39625,0,0.05
39626,0,0.05
39627,1,0.05625
39628,0,0.05
39629,1,0.05625
39630,1,0.05625
39631,2,0.0625
39632,1,0.04375
39633,0,0.05
39634,0,0.05
39635,1,0.05625
39636,0,0.05
39637,1,0.05625
39638,1,0.05625
39639,2,0.0625
39640,0,0.05
39641,1,0.05625
39642,1,0.05625
39643,2,0.0625
39644,1,0.05625
39645,2,0.0625
39646,2,0.0625
39647,3,0.06875
39648,1,0.04375
39649,0,0.05
39650,0,0.05
39651,1,0.05625
39652,0,0.05
39653,1,0.05625
39654,1,0.05625
39655,2,0.0625
39656,0,0.05
39657,1,0.05625
39658,1,0.05625
39659,2,0.0625
39660,1,0.05625
39661,2,0.0625
39662,2,0.0625
39663,3,0.06875
39664,0,0.05
39665,1,0.05625
39666,1,0.05625
39667,2,0.0625
39668,1,0.05625
39669,2,0.0625
39670,2,0.0625
39671,3,0.06875
39672,1,0.05625
39673,2,0.0625
39674,2,0.0625
39675,3,0.06875
39676,2,0.0625
39677,3,0.06875
39678,3,0.06875
39679,4,0.075
39680,3,0.03125
39681,2,0.0375
39682,2,0.0375
39683,1,0.04375
39684,2,0.0375
39685,1,0.04375
39686,1,0.04375
39687,0,0.05
39688,2,0.0375
39689,1,0.04375
39690,1,0.04375
39691,0,0.05
39692,1,0.04375
39693,0,0.05
39694,0,0.05
39695,1,0.05625
39696,2,0.0375
39697,1,0.04375
39698,1,0.04375
39699,0,0.05
39700,1,0.04375
39701,0,0.05
39702,0,0.05
39703,1,0.05625
39704,1,0.04375
39705,0,0.05
39706,0,0.05
39707,1,0.05625
39708,0,0.05
39709,1,0.05625
39710,1,0.05625
39711,2,0.0625
39712,2,0.0375
39713,1,0.04375
39714,1,0.04375
39715,0,0.05
39716,1,0.04375
39717,0,0.05
39718,0,0.05
39719,1,0.05625
39720,1,0.04375
39721,0,0.05
39722,0,0.05
39723,1,0.05625
39724,0,0.05
39725,1,0.05625
39726,1,0.05625
39727,2,0.0625
39728,1,0.04375
39729,0,0.05
39730,0,0.05
39731,1,0.05625
39732,0,0.05
39733,1,0.05625
39734,1,0.05625
39735,2,0.0625
39736,0,0.05
39737,1,0.05625
39738,1,0.05625
39739,2,0.0625
39740,1,0.05625
39741,2,0.0625
39742,2,0.0625
39743,3,0.06875
39744,2,0.0375
39745,1,0.04375
39746,1,0.04375
39747,0,0.05
39748,1,0.04375
39749,0,0.05
39750,0,0.05
39751,1,0.05625
39752,1,0.04375
39753,0,0.05
39754,0,0.05
39755,1,0.05625
39756,0,0.05
39757,1,0.05625
39758,1,0.05625
39759,2,0.0625
39760,1,0.04375
39761,0,0.05
39762,0,0.05
39763,1,0.05625
39764,0,0.05
39765,1,0.05625
39766,1,0.05625
39767,2,0.0625
39768,0,0.05
39769,1,0.05625
39770,1,0.05625
39771,2,0.0625
39772,1,0.05625
39773,2,0.0625
39774,2,0.0625
39775,3,0.06875
39776,1,0.04375
39777,0,0.05
39778,0,0.05
39779,1,0.05625
39780,0,0.05
39781,1,0.05625
39782,1,0.05625
39783,2,0.0625
39784,0,0.05
39785,1,0.05625
39786,1,0.05625
39787,2,0.0625
39788,1,0.05625
39789,2,0.0625
39790,2,0.0625
39791,3,0.06875
39792,0,0.05
39793,1,0.05625
39794,1,0.05625
39795,2,0.0625
39796,1,0.05625
39797,2,0.0625
39798,2,0.0625
39799,3,0.06875
39800,1,0.05625
39801,2,0.0625
39802,2,0.0625
39803,3,0.06875
39804,2,0.0625
39805,3,0.06875
39806,3,0.06875
39807,4,0.075
39808,2,0.0375
39809,1,0.04375
39810,1,0.04375
39811,0,0.05
39812,1,0.04375
39813,0,0.05
39814,0,0.05
39815,1,0.05625
39816,1,0.04375
39817,0,0.05
39818,0,0.05
39819,1,0.05625
39820,0,0.05
39821,1,0.05625
39822,1,0.05625
39823,2,0.0625
39824,1,0.04375
39825,0,0.05
39826,0,0.05
39827,1,0.05625
39828,0,0.05
39829,1,0.05625
39830,1,0.05625
39831,2,0.0625
39832,0,0.05
39833,1,0.05625
39834,1,0.05625
39835,2,0.0625
39836,1,0.05625
39837,2,0.0625
39838,2,0.0625
39839,3,0.06875
39840,1,0.04375
39841,0,0.05
39842,0,0.05
39843,1,0.05625
39844,0,0.05
39845,1,0.05625
39846,1,0.05625
39847,2,0.0625
39848,0,0.05
39849,1,0.05625
39850,1,0.05625
39851,2,0.0625
39852,1,0.05625
39853,2,0.0625
39854,2,0.0625
39855,3,0.06875
39856,0,0.05
39857,1,0.05625
39858,1,0.05625
39859,2,0.0625
39860,1,0.05625
39861,2,0.0625
39862,2,0.0625
39863,3,0.06875
39864,1,0.05625
39865,2,0.0625
39866,2,0.0625
39867,3,0.06875
39868,2,0.0625
39869,3,0.06875
39870,3,0.06875
39871,4,0.075
39872,1,0.04375
39873,0,0.05
39874,0,0.05
39875,1,0.05625
39876,0,0.05
39877,1,0.05625
39878,1,0.05625
39879,2,0.0625
39880,0,0.05
39881,1,0.05625
39882,1,0.05625
39883,2,0.0625
39884,1,0.05625
39885,2,0.0625
39886,2,0.0625
39887,3,0.06875
39888,0,0.05
39889,1,0.05625
39890,1,0.05625
39891,2,0.0625
39892,1,0.05625
39893,2,0.0625
39894,2,0.0625
39895,3,0.06875
39896,1,0.05625
39897,2,0.0625
39898,2,0.0625
39899,3,0.06875
39900,2,0.0625
39901,3,0.06875
39902,3,0.06875
39903,4,0.075
39904,0,0.05
39905,1,0.05625
39906,1,0.05625
39907,2,0.0625
39908,1,0.05625
39909,2,0.0625
39910,2,0.0625
39911,3,0.06875
39912,1,0.05625
39913,2,0.0625
39914,2,0.0625
39915,3,0.06875
39916,2,0.0625
39917,3,0.06875
39918,3,0.06875
39919,4,0.075
39920,1,0.05625
39921,2,0.0625
39922,2,0.0625
39923,3,0.06875
39924,2,0.0625
39925,3,0.06875
39926,3,0.06875
39927,4,0.075
39928,2,0.0625
39929,3,0.06875
39930,3,0.06875
39931,4,0.075
39932,3,0.06875
39933,4,0.075
39934,4,0.075
39935,3,0.08125
39936,4,0.025
39937,3,0.03125
39938,3,0.03125
39939,2,0.0375
39940,3,0.03125
39941,2,0.0375
39942,2,0.0375
39943,1,0.04375
39944,3,0.03125
39945,2,0.0375
39946,2,0.0375
39947,1,0.04375
39948,2,0.0375
39949,1,0.04375
39950,1,0.04375
39951,0,0.05
39952,3,0.03125
39953,2,0.0375
39954,2,0.0375
39955,1,0.04375
39956,2,0.0375
39957,1,0.04375
39958,1,0.04375
39959,0,0.05
39960,2,0.0375
39961,1,0.04375
39962,1,0.04375
39963,0,0.05
39964,1,0.04375
39965,0,0.05
39966,0,0.05
39967,1,0.05625
39968,3,0.03125
39969,2,0.0375
39970,2,0.0375
39971,1,0.04375
39972,2,0.0375
39973,1,0.04375
39974,1,0.04375
39975,0,0.05
39976,2,0.0375
39977,1,0.04375
39978,1,0.04375
39979,0,0.05
39980,1,0.04375
39981,0,0.05
39982,0,0.05
39983,1,0.05625
39984,2,0.0375
39985,1,0.04375
39986,1,0.04375
39987,0,0.05
39988,1,0.04375
39989,0,0.05
39990,0,0.05
39991,1,0.05625
39992,1,0.04375
39993,0,0.05
39994,0,0.05
39995,1,0.05625
39996,0,0.05
39997,1,0.05625
39998,1,0.05625
39999,2,0.0625
40000,3,0.03125
40001,2,0.0375
40002,2,0.0375
40003,1,0.04375
40004,2,0.0375
40005,1,0.04375
40006,1,0.04375
40007,0,0.05
40008,2,0.0375
40009,1,0.04375
40010,1,0.04375
40011,0,0.05
40012,1,0.04375
40013,0,0.05
40014,0,0.05
40015,1,0.05625
40016,2,0.0375
40017,1,0.04375
40018,1,0.04375
40019,0,0.05
40020,1,0.04375
40021,0,0.05
40022,0,0.05
40023,1,0.05625
40024,1,0.04375
40025,0,0.05
40026,0,0.05
40027,1,0.05625
40028,0,0.05
40029,1,0.05625
40030,1,0.05625
40031,2,0.0625
40032,2,0.0375
40033,1,0.04375
40034,1,0.04375
40035,0,0.05
40036,1,0.04375
40037,0,0.05
40038,0,0.05
40039,1,0.05625
40040,1,0.04375
40041,0,0.05
40042,0,0.05
40043,1,0.05625
40044,0,0.05
40045,1,0.05625
40046,1,0.05625
40047,2,0.0625
40048,1,0.04375
40049,0,0.05
40050,0,0.05
40051,1,0.05625
40052,0,0.05
40053,1,0.05625
40054,1,0.05625
40055,2,0.0625
40056,0,0.05
40057,1,0.05625
40058,1,0.05625
40059,2,0.0625
40060,1,0.05625
40061,2,0.0625
40062,2,0.0625
40063,3,0.06875
40064,3,0.03125
40065,2,0.0375
40066,2,0.0375
40067,1,0.04375
40068,2,0.0375
40069,1,0.04375
40070,1,0.04375
40071,0,0.05
40072,2,0.0375
40073,1,0.04375
40074,1,0.04375
40075,0,0.05
40076,1,0.04375
40077,0,0.05
40078,0,0.05
40079,1,0.05625
40080,2,0.0375
40081,1,0.04375
40082,1,0.04375
40083,0,0.05
40084,1,0.04375
40085,0,0.05
40086,0,0.05
40087,1,0.05625
40088,1,0.04375
40089,0,0.05
40090,0,0.05
40091,1,0.05625
40092,0,0.05
40093,1,0.05625
40094,1,0.05625
40095,2,0.0625
40096,2,0.0375
40097,1,0.04375
40098,1,0.04375
40099,0,0.05
40100,1,0.04375
40101,0,0.05
40102,0,0.05
40103,1,0.05625
40104,1,0.04375
40105,0,0.05
40106,0,0.05
40107,1,0.05625
40108,0,0.05
40109,1,0.05625
40110,1,0.05625
40111,2,0.0625
40112,1,0.04375
40113,0,0.05
40114,0,0.05
40115,1,0.05625
40116,0,0.05
40117,1,0.05625
40118,1,0.05625
40119,2,0.0625
40120,0,0.05
40121,1,0.05625
40122,1,0.05625
40123,2,0.0625
40124,1,0.05625
40125,2,0.0625
40126,2,0.0625
40127,3,0.06875
40128,2,0.0375
40129,1,0.04375
40130,1,0.04375
40131,0,0.05
40132,1,0.04375
40133,0,0.05
40134,0,0.05
40135,1,0.05625
40136,1,0.04375
40137,0,0.05
40138,0,0.05
40139,1,0.05625
40140,0,0.05
40141,1,0.05625
40142,1,0.05625
40143,2,0.0625
40144,1,0.04375
40145,0,0.05
40146,0,0.05
40147,1,0.05625
40148,0,0.05
40149,1,0.05625
40150,1,0.05625
40151,2,0.0625
40152,0,0.05
40153,1,0.05625
40154,1,0.05625
40155,2,0.0625
40156,1,0.05625
40157,2,0.0625
40158,2,0.0625
40159,3,0.06875
40160,1,0.04375
40161,0,0.05
40162,0,0.05
40163,1,0.05625
40164,0,0.05
40165,1,0.05625
40166,1,0.05625
40167,2,0.0625
40168,0,0.05
40169,1,0.05625
40170,1,0.05625
40171,2,0.0625
40172,1,0.05625
40173,2,0.0625
40174,2,0.0625
40175,3,0.06875
40176,0,0.05
40177,1,0.05625
40178,1,0.05625
40179,2,0.0625
40180,1,0.05625
40181,2,0.0625
40182,2,0.0625
40183,3,0.06875
40184,1,0.05625
40185,2,0.0625
40186,2,0.0625
40187,3,0.06875
40188,2,0.0625
40189,3,0.06875
40190,3,0.06875
40191,4,0.075
40192,3,0.03125
40193,2,0.0375
40194,2,0.0375
40195,1,0.04375
40196,2,0.0375
40197,1,0.04375
40198,1,0.04375
40199,0,0.05
40200,2,0.0375
40201,1,0.04375
40202,1,0.04375
40203,0,0.05
40204,1,0.04375
40205,0,0.05
40206,0,0.05
40207,1,0.05625
40208,2,0.0375
40209,1,0.04375
40210,1,0.04375
40211,0,0.05
40212,1,0.04375
40213,0,0.05
40214,0,0.05
40215,1,0.05625
40216,1,0.04375
40217,0,0.05
40218,0,0.05
40219,1,0.05625
40220,0,0.05
40221,1,0.05625
40222,1,0.05625
40223,2,0.0625
40224,2,0.0375
40225,1,0.04375
40226,1,0.04375
40227,0,0.05
40228,1,0.04375
40229,0,0.05
40230,0,0.05
40231,1,0.05625
40232,1,0.04375
40233,0,0.05
40234,0,0.05
40235,1,0.05625
40236,0,0.05
40237,1,0.05625
40238,1,0.05625
40239,2,0.0625
40240,1,0.04375
40241,0,0.05
40242,0,0.05
40243,1,0.05625
40244,0,0.05
40245,1,0.05625
40246,1,0.05625
40247,2,0.0625
40248,0,0.05
40249,1,0.05625
40250,1,0.05625
40251,2,0.0625
40252,1,0.05625
40253,2,0.0625
40254,2,0.0625
40255,3,0.06875
40256,2,0.0375
40257,1,0.04375
40258,1,0.04375
40259,0,0.05
40260,1,0.04375
40261,0,0.05
40262,0,0.05
40263,1,0.05625
40264,1,0.04375
40265,0,0.05
40266,0,0.05
40267,1,0.05625
40268,0,0.05
40269,1,0.05625
40270,1,0.05625
40271,2,0.0625
40272,1,0.04375
40273,0,0.05
40274,0,0.05
40275,1,0.05625
40276,0,0.05
40277,1,0.05625
40278,1,0.05625
40279,2,0.0625
40280,0,0.05
40281,1,0.05625
40282,1,0.05625
40283,2,0.0625
40284,1,0.05625
40285,2,0.0625
40286,2,0.0625
40287,3,0.06875
40288,1,0.04375
40289,0,0.05
40290,0,0.05
40291,1,0.05625
40292,0,0.05
40293,1,0.05625
40294,1,0.05625
40295,2,0.0625
40296,0,0.05
40297,1,0.05625
40298,1,0.05625
40299,2,0.0625
40300,1,0.05625
40301,2,0.0625
40302,2,0.0625
40303,3,0.06875
40304,0,0.05
40305,1,0.05625
40306,1,0.05625
40307,2,0.0625
40308,1,0.05625
40309,2,0.0625
40310,2,0.0625
40311,3,0.06875
40312,1,0.05625
40313,2,0.0625
40314,2,0.0625
40315,3,0.06875
40316,2,0.0625
40317,3,0.06875
40318,3,0.06875
40319,4,0.075
40320,2,0.0375
40321,1,0.04375
40322,1,0.04375
40323,0,0.05
40324,1,0.04375
40325,0,0.05
40326,0,0.05
40327,1,0.05625
40328,1,0.04375
40329,0,0.05
40330,0,0.05
40331,1,0.05625
40332,0,0.05
40333,1,0.05625
40334,1,0.05625
40335,2,0.0625
40336,1,0.04375
40337,0,0.05
40338,0,0.05
40339,1,0.05625
40340,0,0.05
40341,1,0.05625
40342,1,0.05625
40343,2,0.0625
40344,0,0.05
40345,1,0.05625
40346,1,0.05625
40347,2,0.0625
40348,1,0.05625
40349,2,0.0625
40350,2,0.0625
40351,3,0.06875
40352,1,0.04375
40353,0,0.05
40354,0,0.05
40355,1,0.05625
40356,0,0.05
40357,1,0.05625
40358,1,0.05625
40359,2,0.0625
40360,0,0.05
40361,1,0.05625
40362,1,0.05625
40363,2,0.0625
40364,1,0.05625
40365,2,0.0625
40366,2,0.0625
40367,3,0.06875
40368,0,0.05
40369,1,0.05625
40370,1,0.05625
40371,2,0.0625
40372,1,0.05625
40373,2,0.0625
40374,2,0.0625
40375,3,0.06875
40376,1,0.05625
40377,2,0.0625
40378,2,0.0625
40379,3,0.06875
40380,2,0.0625
40381,3,0.06875
40382,3,0.06875
40383,4,0.075
40384,1,0.04375
40385,0,0.05
40386,0,0.05
40387,1,0.05625
40388,0,0.05
40389,1,0.05625
40390,1,0.05625
40391,2,0.0625
40392,0,0.05
40393,1,0.05625
40394,1,0.05625
40395,2,0.0625
40396,1,0.05625
40397,2,0.0625
40398,2,0.0625
40399,3,0.06875
40400,0,0.05
40401,1,0.05625
40402,1,0.05625
40403,2,0.0625
40404,1,0.05625
40405,2,0.0625
40406,2,0.0625
40407,3,0.06875
40408,1,0.05625
40409,2,0.0625
40410,2,0.0625
40411,3,0.06875
40412,2,0.0625
40413,3,0.06875
40414,3,0.06875
40415,4,0.075
40416,0,0.05
40417,1,0.05625
40418,1,0.05625
40419,2,0.0625
40420,1,0.05625
40421,2,0.0625
40422,2,0.0625
40423,3,0.06875
40424,1,0.05625
40425,2,0.0625
40426,2,0.0625
40427,3,0.06875
40428,2,0.0625
40429,3,0.06875
40430,3,0.06875
40431,4,0.075
40432,1,0.05625
40433,2,0.0625
40434,2,0.0625
40435,3,0.06875
40436,2,0.0625
40437,3,0.06875
40438,3,0.06875
40439,4,0.075
40440,2,0.0625
40441,3,0.06875
40442,3,0.06875
40443,4,0.075
40444,3,0.06875
40445,4,0.075
40446,4,0.075
40447,3,0.08125
40448,3,0.03125
40449,2,0.0375
40450,2,0.0375
40451,1,0.04375
40452,2,0.0375
40453,1,0.04375
40454,1,0.04375
40455,0,0.05
40456,2,0.0375
40457,1,0.04375
40458,1,0.04375
40459,0,0.05
40460,1,0.04375
40461,0,0.05
40462,0,0.05
40463,1,0.05625
40464,2,0.0375
40465,1,0.04375
40466,1,0.04375
40467,0,0.05
40468,1,0.04375
40469,0,0.05
40470,0,0.05
40471,1,0.05625
40472,1,0.04375
40473,0,0.05
40474,0,0.05
40475,1,0.05625
40476,0,0.05
40477,1,0.05625
40478,1,0.05625
40479,2,0.0625
40480,2,0.0375
40481,1,0.04375
40482,1,0.04375
40483,0,0.05
40484,1,0.04375
40485,0,0.05
40486,0,0.05
40487,1,0.05625
40488,1,0.04375
40489,0,0.05
40490,0,0.05
40491,1,0.05625
40492,0,0.05
40493,1,0.05625
40494,1,0.05625
40495,2,0.0625
40496,1,0.04375
40497,0,0.05
40498,0,0.05
40499,1,0.05625
40500,0,0.05
40501,1,0.05625
40502,1,0.05625
40503,2,0.0625
40504,0,0.05
40505,1,0.05625
40506,1,0.05625
40507,2,0.0625
40508,1,0.05625
40509,2,0.0625
40510,2,0.0625
40511,3,0.06875
40512,2,0.0375
40513,1,0.04375
40514,1,0.04375
40515,0,0.05
40516,1,0.04375
40517,0,0.05
40518,0,0.05
40519,1,0.05625
40520,1,0.04375
40521,0,0.05
40522,0,0.05
40523,1,0.05625
40524,0,0.05
40525,1,0.05625
40526,1,0.05625
40527,2,0.0625
40528,1,0.04375
40529,0,0.05
40530,0,0.05
40531,1,0.05625
40532,0,0.05
40533,1,0.05625
40534,1,0.05625
40535,2,0.0625
40536,0,0.05
40537,1,0.05625
40538,1,0.05625
40539,2,0.0625
40540,1,0.05625
40541,2,0.0625
40542,2,0.0625
40543,3,0.06875
40544,1,0.04375
40545,0,0.05
40546,0,0.05
40547,1,0.05625
40548,0,0.05
40549,1,0.05625
40550,1,0.05625
40551,2,0.0625
40552,0,0.05
40553,1,0.05625
40554,1,0.05625
40555,2,0.0625
40556,1,0.05625
40557,2,0.0625
40558,2,0.0625
40559,3,0.06875
40560,0,0.05
40561,1,0.05625
40562,1,0.05625
40563,2,0.0625
40564,1,0.05625
40565,2,0.0625
40566,2,0.0625
40567,3,0.06875
40568,1,0.05625
40569,2,0.0625
40570,2,0.0625
40571,3,0.06875
40572,2,0.0625
40573,3,0.06875
40574,3,0.06875
40575,4,0.075
40576,2,0.0375
40577,1,0.04375
40578,1,0.04375
40579,0,0.05
40580,1,0.04375
40581,0,0.05
40582,0,0.05
40583,1,0.05625
40584,1,0.04375
40585,0,0.05
40586,0,0.05
40587,1,0.05625
40588,0,0.05
40589,1,0.05625
40590,1,0.05625
40591,2,0.0625
40592,1,0.04375
40593,0,0.05
40594,0,0.05
40595,1,0.05625
40596,0,0.05
40597,1,0.05625
40598,1,0.05625
40599,2,0.0625
40600,0,0.05
40601,1,0.05625
40602,1,0.05625
40603,2,0.0625
40604,1,0.05625
40605,2,0.0625
40606,2,0.0625
40607,3,0.06875
40608,1,0.04375
40609,0,0.05
40610,0,0.05
40611,1,0.05625
40612,0,0.05
40613,1,0.05625
40614,1,0.05625
40615,2,0.0625
40616,0,0.05
40617,1,0.05625
40618,1,0.05625
40619,2,0.0625
40620,1,0.05625
40621,2,0.0625
40622,2,0.0625
40623,3,0.06875
40624,0,0.05
40625,1,0.05625
40626,1,0.05625
40627,2,0.0625
40628,1,0.05625
40629,2,0.0625
40630,2,0.0625
40631,3,0.06875
40632,1,0.05625
40633,2,0.0625
40634,2,0.0625
40635,3,0.06875
40636,2,0.0625
40637,3,0.06875
40638,3,0.06875
40639,4,0.075
40640,1,0.04375
40641,0,0.05
40642,0,0.05
40643,1,0.05625
40644,0,0.05
40645,1,0.05625
40646,1,0.05625
40647,2,0.0625
40648,0,0.05
40649,1,0.05625
40650,1,0.05625
40651,2,0.0625
40652,1,0.05625
40653,2,0.0625
40654,2,0.0625
40655,3,0.06875
40656,0,0.05
40657,1,0.05625
40658,1,0.05625
40659,2,0.0625
40660,1,0.05625
40661,2,0.0625
40662,2,0.0625
40663,3,0.06875
40664,1,0.05625
40665,2,0.0625
40666,2,0.0625
40667,3,0.06875
40668,2,0.0625
40669,3,0.06875
40670,3,0.06875
40671,4,0.075
40672,0,0.05
40673,1,0.05625
40674,1,0.05625
40675,2,0.0625
40676,1,0.05625
40677,2,0.0625
40678,2,0.0625
40679,3,0.06875
40680,1,0.05625
40681,2,0.0625
40682,2,0.0625
40683,3,0.06875
40684,2,0.0625
40685,3,0.06875
40686,3,0.06875
40687,4,0.075
40688,1,0.05625
40689,2,0.0625
40690,2,0.0625
40691,3,0.06875
40692,2,0.0625
40693,3,0.06875
40694,3,0.06875
40695,4,0.075
40696,2,0.0625
40697,3,0.06875
40698,3,0.06875
40699,4,0.075
40700,3,0.06875
40701,4,0.075
40702,4,0.075
40703,3,0.08125
40704,2,0.0375
40705,1,0.04375
40706,1,0.04375
40707,0,0.05
40708,1,0.04375
40709,0,0.05
40710,0,0.05
40711,1,0.05625
40712,1,0.04375
40713,0,0.05
40714,0,0.05
40715,1,0.05625
40716,0,0.05
40717,1,0.05625
40718,1,0.05625
40719,2,0.0625
40720,1,0.04375
40721,0,0.05
40722,0,0.05
40723,1,0.05625
40724,0,0.05
40725,1,0.05625
40726,1,0.05625
40727,2,0.0625
40728,0,0.05
40729,1,0.05625
40730,1,0.05625
40731,2,0.0625
40732,1,0.05625
40733,2,0.0625
40734,2,0.0625
40735,3,0.06875
40736,1,0.04375
40737,0,0.05
40738,0,0.05
40739,1,0.05625
40740,0,0.05
40741,1,0.05625
40742,1,0.05625
40743,2,0.0625
40744,0,0.05
40745,1,0.05625
40746,1,0.05625
40747,2,0.0625
40748,1,0.05625
40749,2,0.0625
40750,2,0.0625
40751,3,0.06875
40752,0,0.05
40753,1,0.05625
40754,1,0.05625
40755,2,0.0625
40756,1,0.05625
40757,2,0.0625
40758,2,0.0625
40759,3,0.06875
40760,1,0.05625
40761,2,0.0625
40762,2,0.0625
40763,3,0.06875
40764,2,0.0625
40765,3,0.06875
40766,3,0.06875
40767,4,0.075
40768,1,0.04375
40769,0,0.05
40770,0,0.05
40771,1,0.05625
40772,0,0.05
40773,1,0.05625
40774,1,0.05625
40775,2,0.0625
40776,0,0.05
40777,1,0.05625
40778,1,0.05625
40779,2,0.0625
40780,1,0.05625
40781,2,0.0625
40782,2,0.0625
40783,3,0.06875
40784,0,0.05
40785,1,0.05625
40786,1,0.05625
40787,2,0.0625
40788,1,0.05625
40789,2,0.0625
40790,2,0.0625
40791,3,0.06875
40792,1,0.05625
40793,2,0.0625
40794,2,0.0625
40795,3,0.06875
40796,2,0.0625
40797,3,0.06875
40798,3,0.06875
40799,4,0.075
40800,0,0.05
40801,1,0.05625
40802,1,0.05625
40803,2,0.0625
40804,1,0.05625
40805,2,0.0625
40806,2,0.0625
40807,3,0.06875
40808,1,0.05625
40809,2,0.0625
40810,2,0.0625
40811,3,0.06875
40812,2,0.0625
40813,3,0.06875
40814,3,0.06875
40815,4,0.075
40816,1,0.05625
40817,2,0.0625
40818,2,0.0625
40819,3,0.06875
40820,2,0.0625
40821,3,0.06875
40822,3,0.06875
40823,4,0.075
40824,2,0.0625
40825,3,0.06875
40826,3,0.06875
40827,4,0.075
40828,3,0.06875
40829,4,0.075
40830,4,0.075
40831,3,0.08125
40832,1,0.04375
40833,0,0.05
40834,0,0.05
40835,1,0.05625
40836,0,0.05
40837,1,0.05625
40838,1,0.05625
40839,2,0.0625
40840,0,0.05
40841,1,0.05625
40842,1,0.05625
40843,2,0.0625
40844,1,0.05625
40845,2,0.0625
40846,2,0.0625
40847,3,0.06875
40848,0,0.05
40849,1,0.05625
40850,1,0.05625
40851,2,0.0625
40852,1,0.05625
40853,2,0.0625
40854,2,0.0625
40855,3,0.06875
40856,1,0.05625
40857,2,0.0625
40858,2,0.0625
40859,3,0.06875
40860,2,0.0625
40861,3,0.06875
40862,3,0.06875
40863,4,0.075
40864,0,0.05
40865,1,0.05625
40866,1,0.05625
40867,2,0.0625
40868,1,0.05625
40869,2,0.0625
40870,2,0.0625
40871,3,0.06875
40872,1,0.05625
40873,2,0.0625
40874,2,0.0625
40875,3,0.06875
40876,2,0.0625
40877,3,0.06875
40878,3,0.06875
40879,4,0.075
40880,1,0.05625
40881,2,0.0625
40882,2,0.0625
40883,3,0.06875
40884,2,0.0625
40885,3,0.06875
40886,3,0.06875
40887,4,0.075
40888,2,0.0625
40889,3,0.06875
40890,3,0.06875
40891,4,0.075
40892,3,0.06875
40893,4,0.075
40894,4,0.075
40895,3,0.08125
40896,0,0.05
40897,1,0.05625
40898,1,0.05625
40899,2,0.0625
40900,1,0.05625
40901,2,0.0625
40902,2,0.0625
40903,3,0.06875
40904,1,0.05625
40905,2,0.0625
40906,2,0.0625
40907,3,0.06875
40908,2,0.0625
40909,3,0.06875
40910,3,0.06875
40911,4,0.075
40912,1,0.05625
40913,2,0.0625
40914,2,0.0625
40915,3,0.06875
40916,2,0.0625
40917,3,0.06875
40918,3,0.06875
40919,4,0.075
40920,2,0.0625
40921,3,0.06875
40922,3,0.06875
40923,4,0.075
40924,3,0.06875
40925,4,0.075
40926,4,0.075
40927,3,0.08125
40928,1,0.05625
40929,2,0.0625
40930,2,0.0625
40931,3,0.06875
40932,2,0.0625
40933,3,0.06875
40934,3,0.06875
40935,4,0.075
40936,2,0.0625
40937,3,0.06875
40938,3,0.06875
40939,4,0.075
40940,3,0.06875
40941,4,0.075
40942,4,0.075
40943,3,0.08125
40944,2,0.0625
40945,3,0.06875
40946,3,0.06875
40947,4,0.075
40948,3,0.06875
40949,4,0.075
40950,4,0.075
40951,3,0.08125
40952,3,0.06875
40953,4,0.075
40954,4,0.075
40955,3,0.08125
40956,4,0.075
40957,3,0.08125
40958,3,0.08125
40959,2,0.0875
40960,2,0.0125
40961,3,0.01875
40962,3,0.01875
40963,4,0.025
40964,3,0.01875
40965,4,0.025
40966,4,0.025
40967,3,0.03125
40968,3,0.01875
40969,4,0.025
40970,4,0.025
40971,3,0.03125
40972,4,0.025
40973,3,0.03125
40974,3,0.03125
40975,2,0.0375
40976,3,0.01875
40977,4,0.025
40978,4,0.025
40979,3,0.03125
40980,4,0.025
40981,3,0.03125
40982,3,0.03125
40983,2,0.0375
40984,4,0.025
40985,3,0.03125
40986,3,0.03125
40987,2,0.0375
40988,3,0.03125
40989,2,0.0375
40990,2,0.0375
40991,1,0.04375
40992,3,0.01875
40993,4,0.025
40994,4,0.025
40995,3,0.03125
40996,4,0.025
40997,3,0.03125
40998,3,0.03125
40999,2,0.0375
41000,4,0.025
41001,3,0.03125
41002,3,0.03125
41003,2,0.0375
41004,3,0.03125
41005,2,0.0375
41006,2,0.0375
41007,1,0.04375
41008,4,0.025
41009,3,0.03125
41010,3,0.03125
41011,2,0.0375
41012,3,0.03125
41013,2,0.0375
41014,2,0.0375
41015,1,0.04375
41016,3,0.03125
41017,2,0.0375
41018,2,0.0375
41019,1,0.04375
41020,2,0.0375
41021,1,0.04375
41022,1,0.04375
41023,0,0.05
41024,3,0.01875
41025,4,0.025
41026,4,0.025
41027,3,0.03125
41028,4,0.025
41029,3,0.03125
41030,3,0.03125
41031,2,0.0375
41032,4,0.025
41033,3,0.03125
41034,3,0.03125
41035,2,0.0375
41036,3,0.03125
41037,2,0.0375
41038,2,0.0375
41039,1,0.04375
41040,4,0.025
41041,3,0.03125
41042,3,0.03125
41043,2,0.0375
41044,3,0.03125
41045,2,0.0375
41046,2,0.0375
41047,1,0.04375
41048,3,0.03125
41049,2,0.0375
41050,2,0.0375
41051,1,0.04375
41052,2,0.0375
41053,1,0.04375
41054,1,0.04375
41055,0,0.05
41056,4,0.025
41057,3,0.03125
41058,3,0.03125
41059,2,0.0375
41060,3,0.03125
41061,2,0.0375
41062,2,0.0375
41063,1,0.04375
41064,3,0.03125
41065,2,0.0375
41066,2,0.0375
41067,1,0.04375
41068,2,0.0375
41069,1,0.04375
41070,1,0.04375
41071,0,0.05
41072,3,0.03125
41073,2,0.0375
41074,2,0.0375
41075,1,0.04375
41076,2,0.0375
41077,1,0.04375
41078,1,0.04375
41079,0,0.05
41080,2,0.0375
41081,1,0.04375
41082,1,0.04375
41083,0,0.05
41084,1,0.04375
41085,0,0.05
41086,0,0.05
41087,1,0.05625
41088,3,0.01875
41089,4,0.025
41090,4,0.025
41091,3,0.03125
41092,4,0.025
41093,3,0.03125
41094,3,0.03125
41095,2,0.0375
41096,4,0.025
41097,3,0.03125
41098,3,0.03125
41099,2,0.0375
41100,3,0.03125
41101,2,0.0375
41102,2,0.0375
41103,1,0.04375
41104,4,0.025
41105,3,0.03125
41106,3,0.03125
41107,2,0.0375
41108,3,0.03125
41109,2,0.0375
41110,2,0.0375
41111,1,0.04375
41112,3,0.03125
41113,2,0.0375
41114,2,0.0375
41115,1,0.04375
41116,2,0.0375
41117,1,0.04375
41118,1,0.04375
41119,0,0.05
41120,4,0.025
41121,3,0.03125
41122,3,0.03125
41123,2,0.0375
41124,3,0.03125
41125,2,0.0375
41126,2,0.0375
41127,1,0.04375
41128,3,0.03125
41129,2,0.0375
41130,2,0.0375
41131,1,0.04375
41132,2,0.0375
41133,1,0.04375
41134,1,0.04375
41135,0,0.05
41136,3,0.03125
41137,2,0.0375
41138,2,0.0375
41139,1,0.04375
41140,2,0.0375
41141,1,0.04375
41142,1,0.04375
41143,0,0.05
41144,2,0.0375
41145,1,0.04375
41146,1,0.04375
41147,0,0.05
41148,1,0.04375
41149,0,0.05
41150,0,0.05
41151,1,0.05625
41152,4,0.025
41153,3,0.03125
41154,3,0.03125
41155,2,0.0375
41156,3,0.03125
41157,2,0.0375
41158,2,0.0375
41159,1,0.04375
41160,3,0.03125
41161,2,0.0375
41162,2,0.0375
41163,1,0.04375
41164,2,0.0375
41165,1,0.04375
41166,1,0.04375
41167,0,0.05
41168,3,0.03125
41169,2,0.0375
41170,2,0.0375
41171,1,0.04375
41172,2,0.0375
41173,1,0.04375
41174,1,0.04375
41175,0,0.05
41176,2,0.0375
41177,1,0.04375
41178,1,0.04375
41179,0,0.05
41180,1,0.04375
41181,0,0.05
41182,0,0.05
41183,1,0.05625
41184,3,0.03125
41185,2,0.0375
41186,2,0.0375
41187,1,0.04375
41188,2,0.0375
41189,1,0.04375
41190,1,0.04375
41191,0,0.05
41192,2,0.0375
41193,1,0.04375
41194,1,0.04375
41195,0,0.05
41196,1,0.04375
41197,0,0.05
41198,0,0.05
41199,1,0.05625
41200,2,0.0375
41201,1,0.04375
41202,1,0.04375
41203,0,0.05
41204,1,0.04375
41205,0,0.05
41206,0,0.05
41207,1,0.05625
41208,1,0.04375
41209,0,0.05
41210,0,0.05
41211,1,0.05625
41212,0,0.05
41213,1,0.05625
41214,1,0.05625
41215,2,0.0625
41216,3,0.01875
41217,4,0.025
41218,4,0.025
41219,3,0.03125
41220,4,0.025
41221,3,0.03125
41222,3,0.03125
41223,2,0.0375
41224,4,0.025
41225,3,0.03125
41226,3,0.03125
41227,2,0.0375
41228,3,0.03125
41229,2,0.0375
41230,2,0.0375
41231,1,0.04375
41232,4,0.025
41233,3,0.03125
41234,3,0.03125
41235,2,0.0375
41236,3,0.03125
41237,2,0.0375
41238,2,0.0375
41239,1,0.04375
41240,3,0.03125
41241,2,0.0375
41242,2,0.0375
41243,1,0.04375
41244,2,0.0375
41245,1,0.04375
41246,1,0.04375
41247,0,0.05
41248,4,0.025
41249,3,0.03125
41250,3,0.03125
41251,2,0.0375
41252,3,0.03125
41253,2,0.0375
41254,2,0.0375
41255,1,0.04375
41256,3,0.03125
41257,2,0.0375
41258,2,0.0375
41259,1,0.04375
41260,2,0.0375
41261,1,0.04375
41262,1,0.04375
41263,0,0.05
41264,3,0.03125
41265,2,0.0375
41266,2,0.0375
41267,1,0.04375
41268,2,0.0375
41269,1,0.04375
41270,1,0.04375
41271,0,0.05
41272,2,0.0375
41273,1,0.04375
41274,1,0.04375
41275,0,0.05
41276,1,0.04375
41277,0,0.05
41278,0,0.05
41279,1,0.05625
41280,4,0.025
41281,3,0.03125
41282,3,0.03125
41283,2,0.0375
41284,3,0.03125
41285,2,0.0375
41286,2,0.0375
41287,1,0.04375
41288,3,0.03125
41289,2,0.0375
41290,2,0.0375
41291,1,0.04375
41292,2,0.0375
41293,1,0.04375
41294,1,0.04375
41295,0,0.05
41296,3,0.03125
41297,2,0.0375
41298,2,0.0375
41299,1,0.04375
41300,2,0.0375
41301,1,0.04375
41302,1,0.04375
41303,0,0.05
41304,2,0.0375
41305,1,0.04375
41306,1,0.04375
41307,0,0.05
41308,1,0.04375
41309,0,0.05
41310,0,0.05
41311,1,0.05625
41312,3,0.03125
41313,2,0.0375
41314,2,0.0375
41315,1,0.04375
41316,2,0.0375
41317,1,0.04375
41318,1,0.04375
41319,0,0.05
41320,2,0.0375
41321,1,0.04375
41322,1,0.04375
41323,0,0.05
41324,1,0.04375
41325,0,0.05
41326,0,0.05
41327,1,0.05625
41328,2,0.0375
41329,1,0.04375
41330,1,0.04375
41331,0,0.05
41332,1,0.04375
41333,0,0.05
41334,0,0.05
41335,1,0.05625
41336,1,0.04375
41337,0,0.05
41338,0,0.05
41339,1,0.05625
41340,0,0.05
41341,1,0.05625
41342,1,0.05625
41343,2,0.0625
41344,4,0.025
41345,3,0.03125
41346,3,0.03125
41347,2,0.0375
41348,3,0.03125
41349,2,0.0375
41350,2,0.0375
41351,1,0.04375
41352,3,0.03125
41353,2,0.0375
41354,2,0.0375
41355,1,0.04375
41356,2,0.0375
41357,1,0.04375
41358,1,0.04375
41359,0,0.05
41360,3,0.03125
41361,2,0.0375
41362,2,0.0375
41363,1,0.04375
41364,2,0.0375
41365,1,0.04375
41366,1,0.04375
41367,0,0.05
41368,2,0.0375
41369,1,0.04375
41370,1,0.04375
41371,0,0.05
41372,1,0.04375
41373,0,0.05
41374,0,0.05
41375,1,0.05625
41376,3,0.03125
41377,2,0.0375
41378,2,0.0375
41379,1,0.04375
41380,2,0.0375
41381,1,0.04375
41382,1,0.04375
41383,0,0.05
41384,2,0.0375
41385,1,0.04375
41386,1,0.04375
41387,0,0.05
41388,1,0.04375
41389,0,0.05
41390,0,0.05
41391,1,0.05625
41392,2,0.0375
41393,1,0.04375
41394,1,0.04375
41395,0,0.05
41396,1,0.04375
41397,0,0.05
41398,0,0.05
41399,1,0.05625
41400,1,0.04375
41401,0,0.05
41402,0,0.05
41403,1,0.05625
41404,0,0.05
41405,1,0.05625
41406,1,0.05625
41407,2,0.0625
41408,3,0.03125
41409,2,0.0375
41410,2,0.0375
41411,1,0.04375
41412,2,0.0375
41413,1,0.04375
41414,1,0.04375
41415,0,0.05
41416,2,0.0375
41417,1,0.04375
41418,1,0.04375
41419,0,0.05
41420,1,0.04375
41421,0,0.05
41422,0,0.05
41423,1,0.05625
41424,2,0.0375
41425,1,0.04375
41426,1,0.04375
41427,0,0.05
41428,1,0.04375
41429,0,0.05
41430,0,0.05
41431,1,0.05625
41432,1,0.04375
41433,0,0.05
41434,0,0.05
41435,1,0.05625
41436,0,0.05
41437,1,0.05625
41438,1,0.05625
41439,2,0.0625
41440,2,0.0375
41441,1,0.04375
41442,1,0.04375
41443,0,0.05
41444,1,0.04375
41445,0,0.05
41446,0,0.05
41447,1,0.05625
41448,1,0.04375
41449,0,0.05
41450,0,0.05
41451,1,0.05625
41452,0,0.05
41453,1,0.05625
41454,1,0.05625
41455,2,0.0625
41456,1,0.04375
41457,0,0.05
41458,0,0.05
41459,1,0.05625
41460,0,0.05
41461,1,0.05625
41462,1,0.05625
41463,2,0.0625
41464,0,0.05
41465,1,0.05625
41466,1,0.05625
41467,2,0.0625
41468,1,0.05625
41469,2,0.0625
41470,2,0.0625
41471,3,0.06875
41472,3,0.01875
41473,4,0.025
41474,4,0.025
41475,3,0.03125
41476,4,0.025
41477,3,0.03125
41478,3,0.03125
41479,2,0.0375
41480,4,0.025
41481,3,0.03125
41482,3,0.03125
41483,2,0.0375
41484,3,0.03125
41485,2,0.0375
41486,2,0.0375
41487,1,0.04375
41488,4,0.025
41489,3,0.03125
41490,3,0.03125
41491,2,0.0375
41492,3,0.03125
41493,2,0.0375
41494,2,0.0375
41495,1,0.04375
41496,3,0.03125
41497,2,0.0375
41498,2,0.0375
41499,1,0.04375
41500,2,0.0375
41501,1,0.04375
41502,1,0.04375
41503,0,0.05
41504,4,0.025
41505,3,0.03125
41506,3,0.03125
41507,2,0.0375
41508,3,0.03125
41509,2,0.0375
41510,2,0.0375
41511,1,0.04375
41512,3,0.03125
41513,2,0.0375
41514,2,0.0375
41515,1,0.04375
41516,2,0.0375
41517,1,0.04375
41518,1,0.04375
41519,0,0.05
41520,3,0.03125
41521,2,0.0375
41522,2,0.0375
41523,1,0.04375
41524,2,0.0375
41525,1,0.04375
41526,1,0.04375
41527,0,0.05
41528,2,0.0375
41529,1,0.04375
41530,1,0.04375
41531,0,0.05
41532,1,0.04375
41533,0,0.05
41534,0,0.05
41535,1,0.05625
41536,4,0.025
41537,3,0.03125
41538,3,0.03125
41539,2,0.0375
41540,3,0.03125
41541,2,0.0375
41542,2,0.0375
41543,1,0.04375
41544,3,0.03125
41545,2,0.0375
41546,2,0.0375
41547,1,0.04375
41548,2,0.0375
41549,1,0.04375
41550,1,0.04375
41551,0,0.05
41552,3,0.03125
41553,2,0.0375
41554,2,0.0375
41555,1,0.04375
41556,2,0.0375
41557,1,0.04375
41558,1,0.04375
41559,0,0.05
41560,2,0.0375
41561,1,0.04375
41562,1,0.04375
41563,0,0.05
41564,1,0.04375
41565,0,0.05
41566,0,0.05
41567,1,0.05625
41568,3,0.03125
41569,2,0.0375
41570,2,0.0375
41571,1,0.04375
41572,2,0.0375
41573,1,0.04375
41574,1,0.04375
41575,0,0.05
41576,2,0.0375
41577,1,0.04375
41578,1,0.04375
41579,0,0.05
41580,1,0.04375
41581,0,0.05
41582,0,0.05
41583,1,0.05625
41584,2,0.0375
41585,1,0.04375
41586,1,0.04375
41587,0,0.05
41588,1,0.04375
41589,0,0.05
41590,0,0.05
41591,1,0.05625
41592,1,0.04375
41593,0,0.05
41594,0,0.05
41595,1,0.05625
41596,0,0.05
41597,1,0.05625
41598,1,0.05625
41599,2,0.0625
41600,4,0.025
41601,3,0.03125
41602,3,0.03125
41603,2,0.0375
41604,3,0.03125
41605,2,0.0375
41606,2,0.0375
41607,1,0.04375
41608,3,0.03125
41609,2,0.0375
41610,2,0.0375
41611,1,0.04375
41612,2,0.0375
41613,1,0.04375
41614,1,0.04375
41615,0,0.05
41616,3,0.03125
41617,2,0.0375
41618,2,0.0375
41619,1,0.04375
41620,2,0.0375
41621,1,0.04375
41622,1,0.04375
41623,0,0.05
41624,2,0.0375
41625,1,0.04375
41626,1,0.04375
41627,0,0.05
41628,1,0.04375
41629,0,0.05
41630,0,0.05
41631,1,0.05625
41632,3,0.03125
41633,2,0.0375
41634,2,0.0375
41635,1,0.04375
41636,2,0.0375
41637,1,0.04375
41638,1,0.04375
41639,0,0.05
41640,2,0.0375
41641,1,0.04375
41642,1,0.04375
41643,0,0.05
41644,1,0.04375
41645,0,0.05
41646,0,0.05
41647,1,0.05625
41648,2,0.0375
41649,1,0.04375
41650,1,0.04375
41651,0,0.05
41652,1,0.04375
41653,0,0.05
41654,0,0.05
41655,1,0.05625
41656,1,0.04375
41657,0,0.05
41658,0,0.05
41659,1,0.05625
41660,0,0.05
41661,1,0.05625
41662,1,0.05625
41663,2,0.0625
41664,3,0.03125
41665,2,0.0375
41666,2,0.0375
41667,1,0.04375
41668,2,0.0375
41669,1,0.04375
41670,1,0.04375
41671,0,0.05
41672,2,0.0375
41673,1,0.04375
41674,1,0.04375
41675,0,0.05
41676,1,0.04375
41677,0,0.05
41678,0,0.05
41679,1,0.05625
41680,2,0.0375
41681,1,0.04375
41682,1,0.04375
41683,0,0.05
41684,1,0.04375
41685,0,0.05
41686,0,0.05
41687,1,0.05625
41688,1,0.04375
41689,0,0.05
41690,0,0.05
41691,1,0.05625
41692,0,0.05
41693,1,0.05625
41694,1,0.05625
41695,2,0.0625
41696,2,0.0375
41697,1,0.04375
41698,1,0.04375
41699,0,0.05
41700,1,0.04375
41701,0,0.05
41702,0,0.05
41703,1,0.05625
41704,1,0.04375
41705,0,0.05
41706,0,0.05
41707,1,0.05625
41708,0,0.05
41709,1,0.05625
41710,1,0.05625
41711,2,0.0625
41712,1,0.04375
41713,0,0.05
41714,0,0.05
41715,1,0.05625
41716,0,0.05
41717,1,0.05625
41718,1,0.05625
41719,2,0.0625
41720,0,0.05
41721,1,0.05625
41722,1,0.05625
41723,2,0.0625
41724,1,0.05625
41725,2,0.0625
41726,2,0.0625
41727,3,0.06875
41728,4,0.025
41729,3,0.03125
41730,3,0.03125
41731,2,0.0375
41732,3,0.03125
41733,2,0.0375
41734,2,0.0375
41735,1,0.04375
41736,3,0.03125
41737,2,0.0375
41738,2,0.0375
41739,1,0.04375
41740,2,0.0375
41741,1,0.04375
41742,1,0.04375
41743,0,0.05
41744,3,0.03125
41745,2,0.0375
41746,2,0.0375
41747,1,0.04375
41748,2,0.0375
41749,1,0.04375
41750,1,0.04375
41751,0,0.05
41752,2,0.0375
41753,1,0.04375
41754,1,0.04375
41755,0,0.05
41756,1,0.04375
41757,0,0.05
41758,0,0.05
41759,1,0.05625
41760,3,0.03125
41761,2,0.0375
41762,2,0.0375
41763,1,0.04375
41764,2,0.0375
41765,1,0.04375
41766,1,0.04375
41767,0,0.05
41768,2,0.0375
41769,1,0.04375
41770,1,0.04375
41771,0,0.05
41772,1,0.04375
41773,0,0.05
41774,0,0.05
41775,1,0.05625
41776,2,0.0375
41777,1,0.04375
41778,1,0.04375
41779,0,0.05
41780,1,0.04375
41781,0,0.05
41782,0,0.05
41783,1,0.05625
41784,1,0.04375
41785,0,0.05
41786,0,0.05
41787,1,0.05625
41788,0,0.05
41789,1,0.05625
41790,1,0.05625
41791,2,0.0625
41792,3,0.03125
41793,2,0.0375
41794,2,0.0375
41795,1,0.04375
41796,2,0.0375
41797,1,0.04375
41798,1,0.04375
41799,0,0.05
41800,2,0.0375
41801,1,0.04375
41802,1,0.04375
41803,0,0.05
41804,1,0.04375
41805,0,0.05
41806,0,0.05
41807,1,0.05625
41808,2,0.0375
41809,1,0.04375
41810,1,0.04375
41811,0,0.05
41812,1,0.04375
41813,0,0.05
41814,0,0.05
41815,1,0.05625
41816,1,0.04375
41817,0,0.05
41818,0,0.05
41819,1,0.05625
41820,0,0.05
41821,1,0.05625
41822,1,0.05625
41823,2,0.0625
41824,2,0.0375
41825,1,0.04375
41826,1,0.04375
41827,0,0.05
41828,1,0.04375
41829,0,0.05
41830,0,0.05
41831,1,0.05625
41832,1,0.04375
41833,0,0.05
41834,0,0.05
41835,1,0.05625
41836,0,0.05
41837,1,0.05625
41838,1,0.05625
41839,2,0.0625
41840,1,0.04375
41841,0,0.05
41842,0,0.05
41843,1,0.05625
41844,0,0.05
41845,1,0.05625
41846,1,0.05625
41847,2,0.0625
41848,0,0.05
41849,1,0.05625
41850,1,0.05625
41851,2,0.0625
41852,1,0.05625
41853,2,0.0625
41854,2,0.0625
41855,3,0.06875
41856,3,0.03125
41857,2,0.0375
41858,2,0.0375
41859,1,0.04375
41860,2,0.0375
41861,1,0.04375
41862,1,0.04375
41863,0,0.05
41864,2,0.0375
41865,1,0.04375
41866,1,0.04375
41867,0,0.05
41868,1,0.04375
41869,0,0.05
41870,0,0.05
41871,1,0.05625
41872,2,0.0375
41873,1,0.04375
41874,1,0.04375
41875,0,0.05
41876,1,0.04375
41877,0,0.05
41878,0,0.05
41879,1,0.05625
41880,1,0.04375
41881,0,0.05
41882,0,0.05
41883,1,0.05625
41884,0,0.05
41885,1,0.05625
41886,1,0.05625
41887,2,0.0625
41888,2,0.0375
41889,1,0.04375
41890,1,0.04375
41891,0,0.05
41892,1,0.04375
41893,0,0.05
41894,0,0.05
41895,1,0.05625
41896,1,0.04375
41897,0,0.05
41898,0,0.05
41899,1,0.05625
41900,0,0.05
41901,1,0.05625
41902,1,0.05625
41903,2,0.0625
41904,1,0.04375
41905,0,0.05
41906,0,0.05
41907,1,0.05625
41908,0,0.05
41909,1,0.05625
41910,1,0.05625
41911,2,0.0625
41912,0,0.05
41913,1,0.05625
41914,1,0.05625
41915,2,0.0625
41916,1,0.05625
41917,2,0.0625
41918,2,0.0625
41919,3,0.06875
41920,2,0.0375
41921,1,0.04375
41922,1,0.04375
41923,0,0.05
41924,1,0.04375
41925,0,0.05
41926,0,0.05
41927,1,0.05625
41928,1,0.04375
41929,0,0.05
41930,0,0.05
41931,1,0.05625
41932,0,0.05
41933,1,0.05625
41934,1,0.05625
41935,2,0.0625
41936,1,0.04375
41937,0,0.05
41938,0,0.05
41939,1,0.05625
41940,0,0.05
41941,1,0.05625
41942,1,0.05625
41943,2,0.0625
41944,0,0.05
41945,1,0.05625
41946,1,0.05625
41947,2,0.0625
41948,1,0.05625
41949,2,0.0625
41950,2,0.0625
41951,3,0.06875
41952,1,0.04375
41953,0,0.05
41954,0,0.05
41955,1,0.05625
41956,0,0.05
41957,1,0.05625
41958,1,0.05625
41959,2,0.0625
41960,0,0.05
41961,1,0.05625
41962,1,0.05625
41963,2,0.0625
41964,1,0.05625
41965,2,0.0625
41966,2,0.0625
41967,3,0.06875
41968,0,0.05
41969,1,0.05625
41970,1,0.05625
41971,2,0.0625
41972,1,0.05625
41973,2,0.0625
41974,2,0.0625
41975,3,0.06875
41976,1,0.05625
41977,2,0.0625
41978,2,0.0625
41979,3,0.06875
41980,2,0.0625
41981,3,0.06875
41982,3,0.06875
41983,4,0.075
41984,3,0.01875
41985,4,0.025
41986,4,0.025
41987,3,0.03125
41988,4,0.025
41989,3,0.03125
41990,3,0.03125
41991,2,0.0375
41992,4,0.025
41993,3,0.03125
41994,3,0.03125
41995,2,0.0375
41996,3,0.03125
41997,2,0.0375
41998,2,0.0375
41999,1,0.04375
42000,4,0.025
42001,3,0.03125
42002,3,0.03125
42003,2,0.0375
42004,3,0.03125
42005,2,0.0375
42006,2,0.0375
42007,1,0.04375
42008,3,0.03125
42009,2,0.0375
42010,2,0.0375
42011,1,0.04375
42012,2,0.0375
42013,1,0.04375
42014,1,0.04375
42015,0,0.05
42016,4,0.025
42017,3,0.03125
42018,3,0.03125
42019,2,0.0375
42020,3,0.03125
42021,2,0.0375
42022,2,0.0375
42023,1,0.04375
42024,3,0.03125
42025,2,0.0375
42026,2,0.0375
42027,1,0.04375
42028,2,0.0375
42029,1,0.04375
42030,1,0.04375
42031,0,0.05
42032,3,0.03125
42033,2,0.0375
42034,2,0.0375
42035,1,0.04375
42036,2,0.0375
42037,1,0.04375
42038,1,0.04375
42039,0,0.05
42040,2,0.0375
42041,1,0.04375
42042,1,0.04375
42043,0,0.05
42044,1,0.04375
42045,0,0.05
42046,0,0.05
42047,1,0.05625
42048,4,0.025
42049,3,0.03125
42050,3,0.03125
42051,2,0.0375
42052,3,0.03125
42053,2,0.0375
42054,2,0.0375
42055,1,0.04375
42056,3,0.03125
42057,2,0.0375
42058,2,0.0375
42059,1,0.04375
42060,2,0.0375
42061,1,0.04375
42062,1,0.04375
42063,0,0.05
42064,3,0.03125
42065,2,0.0375
42066,2,0.0375
42067,1,0.04375
42068,2,0.0375
42069,1,0.04375
42070,1,0.04375
42071,0,0.05
42072,2,0.0375
42073,1,0.04375
42074,1,0.04375
42075,0,0.05
42076,1,0.04375
42077,0,0.05
42078,0,0.05
42079,1,0.05625
42080,3,0.03125
42081,2,0.0375
42082,2,0.0375
42083,1,0.04375
42084,2,0.0375
42085,1,0.04375
42086,1,0.04375
42087,0,0.05
42088,2,0.0375
42089,1,0.04375
42090,1,0.04375
42091,0,0.05
42092,1,0.04375
42093,0,0.05
42094,0,0.05
42095,1,0.05625
42096,2,0.0375
42097,1,0.04375
42098,1,0.04375
42099,0,0.05
42100,1,0.04375
42101,0,0.05
42102,0,0.05
42103,1,0.05625
42104,1,0.04375
42105,0,0.05
42106,0,0.05
42107,1,0.05625
42108,0,0.05
42109,1,0.05625
42110,1,0.05625
42111,2,0.0625
42112,4,0.025
42113,3,0.03125
42114,3,0.03125
42115,2,0.0375
42116,3,0.03125
42117,2,0.0375
42118,2,0.0375
42119,1,0.04375
42120,3,0.03125
42121,2,0.0375
42122,2,0.0375
42123,1,0.04375
42124,2,0.0375
42125,1,0.04375
42126,1,0.04375
42127,0,0.05
42128,3,0.03125
42129,2,0.0375
42130,2,0.0375
42131,1,0.04375
42132,2,0.0375
42133,1,0.04375
42134,1,0.04375
42135,0,0.05
42136,2,0.0375
42137,1,0.04375
42138,1,0.04375
42139,0,0.05
42140,1,0.04375
42141,0,0.05
42142,0,0.05
42143,1,0.05625
42144,3,0.03125
42145,2,0.0375
42146,2,0.0375
42147,1,0.04375
42148,2,0.0375
42149,1,0.04375
42150,1,0.04375
42151,0,0.05
42152,2,0.0375
42153,1,0.04375
42154,1,0.04375
42155,0,0.05
42156,1,0.04375
42157,0,0.05
42158,0,0.05
42159,1,0.05625
42160,2,0.0375
42161,1,0.04375
42162,1,0.04375
42163,0,0.05
42164,1,0.04375
42165,0,0.05
42166,0,0.05
42167,1,0.05625
42168,1,0.04375
42169,0,0.05
42170,0,0.05
42171,1,0.05625
42172,0,0.05
42173,1,0.05625
42174,1,0.05625
42175,2,0.0625
42176,3,0.03125
42177,2,0.0375
42178,2,0.0375
42179,1,0.04375
42180,2,0.0375
42181,1,0.04375
42182,1,0.04375
42183,0,0.05
42184,2,0.0375
42185,1,0.04375
42186,1,0.04375
42187,0,0.05
42188,1,0.04375
42189,0,0.05
42190,0,0.05
42191,1,0.05625
42192,2,0.0375
42193,1,0.04375
42194,1,0.04375
42195,0,0.05
42196,1,0.04375
42197,0,0.05
42198,0,0.05
42199,1,0.05625
42200,1,0.04375
42201,0,0.05
42202,0,0.05
42203,1,0.05625
42204,0,0.05
42205,1,0.05625
42206,1,0.05625
42207,2,0.0625
42208,2,0.0375
42209,1,0.04375
42210,1,0.04375
42211,0,0.05
42212,1,0.04375
42213,0,0.05
42214,0,0.05
42215,1,0.05625
42216,1,0.04375
42217,0,0.05
42218,0,0.05
42219,1,0.05625
42220,0,0.05
42221,1,0.05625
42222,1,0.05625
42223,2,0.0625
42224,1,0.04375
42225,0,0.05
42226,0,0.05
42227,1,0.05625
42228,0,0.05
42229,1,0.05625
42230,1,0.05625
42231,2,0.0625
42232,0,0.05
42233,1,0.05625
42234,1,0.05625
42235,2,0.0625
42236,1,0.05625
42237,2,0.0625
42238,2,0.0625
42239,3,0.06875
42240,4,0.025
42241,3,0.03125
42242,3,0.03125
42243,2,0.0375
42244,3,0.03125
42245,2,0.0375
42246,2,0.0375
42247,1,0.04375
42248,3,0.03125
42249,2,0.0375
42250,2,0.0375
42251,1,0.04375
42252,2,0.0375
42253,1,0.04375
42254,1,0.04375
42255,0,0.05
42256,3,0.03125
42257,2,0.0375
42258,2,0.0375
42259,1,0.04375
42260,2,0.0375
42261,1,0.04375
42262,1,0.04375
42263,0,0.05
42264,2,0.0375
42265,1,0.04375
42266,1,0.04375
42267,0,0.05
42268,1,0.04375
42269,0,0.05
42270,0,0.05
42271,1,0.05625
42272,3,0.03125
42273,2,0.0375
42274,2,0.0375
42275,1,0.04375
42276,2,0.0375
42277,1,0.04375
42278,1,0.04375
42279,0,0.05
42280,2,0.0375
42281,1,0.04375
42282,1,0.04375
42283,0,0.05
42284,1,0.04375
42285,0,0.05
42286,0,0.05
42287,1,0.05625
42288,2,0.0375
42289,1,0.04375
42290,1,0.04375
42291,0,0.05
42292,1,0.04375
42293,0,0.05
42294,0,0.05
42295,1,0.05625
42296,1,0.04375
42297,0,0.05
42298,0,0.05
42299,1,0.05625
42300,0,0.05
42301,1,0.05625
42302,1,0.05625
42303,2,0.0625
42304,3,0.03125
42305,2,0.0375
42306,2,0.0375
42307,1,0.04375
42308,2,0.0375
42309,1,0.04375
42310,1,0.04375
42311,0,0.05
42312,2,0.0375
42313,1,0.04375
42314,1,0.04375
42315,0,0.05
42316,1,0.04375
42317,0,0.05
42318,0,0.05
42319,1,0.05625
42320,2,0.0375
42321,1,0.04375
42322,1,0.04375
42323,0,0.05
42324,1,0.04375
42325,0,0.05
42326,0,0.05
42327,1,0.05625
42328,1,0.04375
42329,0,0.05
42330,0,0.05
42331,1,0.05625
42332,0,0.05
42333,1,0.05625
42334,1,0.05625
42335,2,0.0625
42336,2,0.0375
42337,1,0.04375
42338,1,0.04375
42339,0,0.05
42340,1,0.04375
42341,0,0.05
42342,0,0.05
42343,1,0.05625
42344,1,0.04375
42345,0,0.05
42346,0,0.05
42347,1,0.05625
42348,0,0.05
42349,1,0.05625
42350,1,0.05625
42351,2,0.0625
42352,1,0.04375
42353,0,0.05
42354,0,0.05
42355,1,0.05625
42356,0,0.05
42357,1,0.05625
42358,1,0.05625
42359,2,0.0625
42360,0,0.05
42361,1,0.05625
42362,1,0.05625
42363,2,0.0625
42364,1,0.05625
42365,2,0.0625
42366,2,0.0625
42367,3,0.06875
42368,3,0.03125
42369,2,0.0375
42370,2,0.0375
42371,1,0.04375
42372,2,0.0375
42373,1,0.04375
42374,1,0.04375
42375,0,0.05
42376,2,0.0375
42377,1,0.04375
42378,1,0.04375
42379,0,0.05
42380,1,0.04375
42381,0,0.05
42382,0,0.05
42383,1,0.05625
42384,2,0.0375
42385,1,0.04375
42386,1,0.04375
42387,0,0.05
42388,1,0.04375
42389,0,0.05
42390,0,0.05
42391,1,0.05625
42392,1,0.04375
42393,0,0.05
42394,0,0.05
42395,1,0.05625
42396,0,0.05
42397,1,0.05625
42398,1,0.05625
42399,2,0.0625
42400,2,0.0375
42401,1,0.04375
42402,1,0.04375
42403,0,0.05
42404,1,0.04375
42405,0,0.05
42406,0,0.05
42407,1,0.05625
42408,1,0.04375
42409,0,0.05
42410,0,0.05
42411,1,0.05625
42412,0,0.05
42413,1,0.05625
42414,1,0.05625
42415,2,0.0625
42416,1,0.04375
42417,0,0.05
42418,0,0.05
42419,1,0.05625
42420,0,0.05
42421,1,0.05625
42422,1,0.05625
42423,2,0.0625
42424,0,0.05
42425,1,0.05625
42426,1,0.05625
42427,2,0.0625
42428,1,0.05625
42429,2,0.0625
42430,2,0.0625
42431,3,0.06875
42432,2,0.0375
42433,1,0.04375
42434,1,0.04375
42435,0,0.05
42436,1,0.04375
42437,0,0.05
42438,0,0.05
42439,1,0.05625
42440,1,0.04375
42441,0,0.05
42442,0,0.05
42443,1,0.05625
42444,0,0.05
42445,1,0.05625
42446,1,0.05625
42447,2,0.0625
42448,1,0.04375
42449,0,0.05
42450,0,0.05
42451,1,0.05625
42452,0,0.05
42453,1,0.05625
42454,1,0.05625
42455,2,0.0625
42456,0,0.05
42457,1,0.05625
42458,1,0.05625
42459,2,0.0625
42460,1,0.05625
42461,2,0.0625
42462,2,0.0625
42463,3,0.06875
42464,1,0.04375
42465,0,0.05
42466,0,0.05
42467,1,0.05625
42468,0,0.05
42469,1,0.05625
42470,1,0.05625
42471,2,0.0625
42472,0,0.05
42473,1,0.05625
42474,1,0.05625
42475,2,0.0625
42476,1,0.05625
42477,2,0.0625
42478,2,0.0625
42479,3,0.06875
42480,0,0.05
42481,1,0.05625
42482,1,0.05625
42483,2,0.0625
42484,1,0.05625
42485,2,0.0625
42486,2,0.0625
42487,3,0.06875
42488,1,0.05625
42489,2,0.0625
42490,2,0.0625
42491,3,0.06875
42492,2,0.0625
42493,3,0.06875
42494,3,0.06875
42495,4,0.075
42496,4,0.025
42497,3,0.03125
42498,3,0.03125
42499,2,0.0375
42500,3,0.03125
42501,2,0.0375
42502,2,0.0375
42503,1,0.04375
42504,3,0.03125
42505,2,0.0375
42506,2,0.0375
42507,1,0.04375
42508,2,0.0375
42509,1,0.04375
42510,1,0.04375
42511,0,0.05
42512,3,0.03125
42513,2,0.0375
42514,2,0.0375
42515,1,0.04375
42516,2,0.0375
42517,1,0.04375
42518,1,0.04375
42519,0,0.05
42520,2,0.0375
42521,1,0.04375
42522,1,0.04375
42523,0,0.05
42524,1,0.04375
42525,0,0.05
42526,0,0.05
42527,1,0.05625
42528,3,0.03125
42529,2,0.0375
42530,2,0.0375
42531,1,0.04375
42532,2,0.0375
42533,1,0.04375
42534,1,0.04375
42535,0,0.05
42536,2,0.0375
42537,1,0.04375
42538,1,0.04375
42539,0,0.05
42540,1,0.04375
42541,0,0.05
42542,0,0.05
42543,1,0.05625
42544,2,0.0375
42545,1,0.04375
42546,1,0.04375
42547,0,0.05
42548,1,0.04375
42549,0,0.05
42550,0,0.05
42551,1,0.05625
42552,1,0.04375
42553,0,0.05
42554,0,0.05
42555,1,0.05625
42556,0,0.05
42557,1,0.05625
42558,1,0.05625
42559,2,0.0625
42560,3,0.03125
42561,2,0.0375
42562,2,0.0375
42563,1,0.04375
42564,2,0.0375
42565,1,0.04375
42566,1,0.04375
42567,0,0.05
42568,2,0.0375
42569,1,0.04375
42570,1,0.04375
42571,0,0.05
42572,1,0.04375
42573,0,0.05
42574,0,0.05
42575,1,0.05625
42576,2,0.0375
42577,1,0.04375
42578,1,0.04375
42579,0,0.05
42580,1,0.04375
42581,0,0.05
42582,0,0.05
42583,1,0.05625
42584,1,0.04375
42585,0,0.05
42586,0,0.05
42587,1,0.05625
42588,0,0.05
42589,1,0.05625
42590,1,0.05625
42591,2,0.0625
42592,2,0.0375
42593,1,0.04375
42594,1,0.04375
42595,0,0.05
42596,1,0.04375
42597,0,0.05
42598,0,0.05
42599,1,0.05625
42600,1,0.04375
42601,0,0.05
42602,0,0.05
42603,1,0.05625
42604,0,0.05
42605,1,0.05625
42606,1,0.05625
42607,2,0.0625
42608,1,0.04375
42609,0,0.05
42610,0,0.05
42611,1,0.05625
42612,0,0.05
42613,1,0.05625
42614,1,0.05625
42615,2,0.0625
42616,0,0.05
42617,1,0.05625
42618,1,0.05625
42619,2,0.0625
42620,1,0.05625
42621,2,0.0625
42622,2,0.0625
42623,3,0.06875
42624,3,0.03125
42625,2,0.0375
42626,2,0.0375
42627,1,0.04375
42628,2,0.0375
42629,1,0.04375
42630,1,0.04375
42631,0,0.05
42632,2,0.0375
42633,1,0.04375
42634,1,0.04375
42635,0,0.05
42636,1,0.04375
42637,0,0.05
42638,0,0.05
42639,1,0.05625
42640,2,0.0375
42641,1,0.04375
42642,1,0.04375
42643,0,0.05
42644,1,0.04375
42645,0,0.05
42646,0,0.05
42647,1,0.05625
42648,1,0.04375
42649,0,0.05
42650,0,0.05
42651,1,0.05625
42652,0,0.05
42653,1,0.05625
42654,1,0.05625
42655,2,0.0625
42656,2,0.0375
42657,1,0.04375
42658,1,0.04375
42659,0,0.05
42660,1,0.04375
42661,0,0.05
42662,0,0.05
42663,1,0.05625
42664,1,0.04375
42665,0,0.05
42666,0,0.05
42667,1,0.05625
42668,0,0.05
42669,1,0.05625
42670,1,0.05625
42671,2,0.0625
42672,1,0.04375
42673,0,0.05
42674,0,0.05
42675,1,0.05625
42676,0,0.05
42677,1,0.05625
42678,1,0.05625
42679,2,0.0625
42680,0,0.05
42681,1,0.05625
42682,1,0.05625
42683,2,0.0625
42684,1,0.05625
42685,2,0.0625
42686,2,0.0625
42687,3,0.06875
42688,2,0.0375
42689,1,0.04375
42690,1,0.04375
42691,0,0.05
42692,1,0.04375
42693,0,0.05
42694,0,0.05
42695,1,0.05625
42696,1,0.04375
42697,0,0.05
42698,0,0.05
42699,1,0.05625
42700,0,0.05
42701,1,0.05625
42702,1,0.05625
42703,2,0.0625
42704,1,0.04375
42705,0,0.05
42706,0,0.05
42707,1,0.05625
42708,0,0.05
42709,1,0.05625
42710,1,0.05625
42711,2,0.0625
42712,0,0.05
42713,1,0.05625
42714,1,0.05625
42715,2,0.0625
42716,1,0.05625
42717,2,0.0625
42718,2,0.0625
42719,3,0.06875
42720,1,0.04375
42721,0,0.05
42722,0,0.05
42723,1,0.05625
42724,0,0.05
42725,1,0.05625
42726,1,0.05625
42727,2,0.0625
42728,0,0.05
42729,1,0.05625
42730,1,0.05625
42731,2,0.0625
42732,1,0.05625
42733,2,0.0625
42734,2,0.0625
42735,3,0.06875
42736,0,0.05
42737,1,0.05625
42738,1,0.05625
42739,2,0.0625
42740,1,0.05625
42741,2,0.0625
42742,2,0.0625
42743,3,0.06875
42744,1,0.05625
42745,2,0.0625
42746,2,0.0625
42747,3,0.06875
42748,2,0.0625
42749,3,0.06875
42750,3,0.06875
42751,4,0.075
42752,3,0.03125
42753,2,0.0375
42754,2,0.0375
42755,1,0.04375
42756,2,0.0375
42757,1,0.04375
42758,1,0.04375
42759,0,0.05
42760,2,0.0375
42761,1,0.04375
42762,1,0.04375
42763,0,0.05
42764,1,0.04375
42765,0,0.05
42766,0,0.05
42767,1,0.05625
42768,2,0.0375
42769,1,0.04375
42770,1,0.04375
42771,0,0.05
42772,1,0.04375
42773,0,0.05
42774,0,0.05
42775,1,0.05625
42776,1,0.04375
42777,0,0.05
42778,0,0.05
42779,1,0.05625
42780,0,0.05
42781,1,0.05625
42782,1,0.05625
42783,2,0.0625
42784,2,0.0375
42785,1,0.04375
42786,1,0.04375
42787,0,0.05
42788,1,0.04375
42789,0,0.05
42790,0,0.05
42791,1,0.05625
42792,1,0.04375
42793,0,0.05
42794,0,0.05
42795,1,0.05625
42796,0,0.05
42797,1,0.05625
42798,1,0.05625
42799,2,0.0625
42800,1,0.04375
42801,0,0.05
42802,0,0.05
42803,1,0.05625
42804,0,0.05
42805,1,0.05625
42806,1,0.05625
42807,2,0.0625
42808,0,0.05
42809,1,0.05625
42810,1,0.05625
42811,2,0.0625
42812,1,0.05625
42813,2,0.0625
42814,2,0.0625
42815,3,0.06875
42816,2,0.0375
42817,1,0.04375
42818,1,0.04375
42819,0,0.05
42820,1,0.04375
42821,0,0.05
42822,0,0.05
42823,1,0.05625
42824,1,0.04375
42825,0,0.05
42826,0,0.05
42827,1,0.05625
42828,0,0.05
42829,1,0.05625
42830,1,0.05625
42831,2,0.0625
42832,1,0.04375
42833,0,0.05
42834,0,0.05
42835,1,0.05625
42836,0,0.05
42837,1,0.05625
42838,1,0.05625
42839,2,0.0625
42840,0,0.05
42841,1,0.05625
42842,1,0.05625
42843,2,0.0625
42844,1,0.05625
42845,2,0.0625
42846,2,0.0625
42847,3,0.06875
42848,1,0.04375
42849,0,0.05
42850,0,0.05
42851,1,0.05625
42852,0,0.05
42853,1,0.05625
42854,1,0.05625
42855,2,0.0625
42856,0,0.05
42857,1,0.05625
42858,1,0.05625
42859,2,0.0625
42860,1,0.05625
42861,2,0.0625
42862,2,0.0625
42863,3,0.06875
42864,0,0.05
42865,1,0.05625
42866,1,0.05625
42867,2,0.0625
42868,1,0.05625
42869,2,0.0625
42870,2,0.0625
42871,3,0.06875
42872,1,0.05625
42873,2,0.0625
42874,2,0.0625
42875,3,0.06875
42876,2,0.0625
42877,3,0.06875
42878,3,0.06875
42879,4,0.075
42880,2,0.0375
42881,1,0.04375
42882,1,0.04375
42883,0,0.05
42884,1,0.04375
42885,0,0.05
42886,0,0.05
42887,1,0.05625
42888,1,0.04375
42889,0,0.05
42890,0,0.05
42891,1,0.05625
42892,0,0.05
42893,1,0.05625
42894,1,0.05625
42895,2,0.0625
42896,1,0.04375
42897,0,0.05
42898,0,0.05
42899,1,0.05625
42900,0,0.05
42901,1,0.05625
42902,1,0.05625
42903,2,0.0625
42904,0,0.05
42905,1,0.05625
42906,1,0.05625
42907,2,0.0625
42908,1,0.05625
42909,2,0.0625
42910,2,0.0625
42911,3,0.06875
42912,1,0.04375
42913,0,0.05
42914,0,0.05
42915,1,0.05625
42916,0,0.05
42917,1,0.05625
42918,1,0.05625
42919,2,0.0625
42920,0,0.05
42921,1,0.05625
42922,1,0.05625
42923,2,0.0625
42924,1,0.05625
42925,2,0.0625
42926,2,0.0625
42927,3,0.06875
42928,0,0.05
42929,1,0.05625
42930,1,0.05625
42931,2,0.0625
42932,1,0.05625
42933,2,0.0625
42934,2,0.0625
42935,3,0.06875
42936,1,0.05625
42937,2,0.0625
42938,2,0.0625
42939,3,0.06875
42940,2,0.0625
42941,3,0.06875
42942,3,0.06875
42943,4,0.075
42944,1,0.04375
42945,0,0.05
42946,0,0.05
42947,1,0.05625
42948,0,0.05
42949,1,0.05625
42950,1,0.05625
42951,2,0.0625
42952,0,0.05
42953,1,0.05625
42954,1,0.05625
42955,2,0.0625
42956,1,0.05625
42957,2,0.0625
42958,2,0.0625
42959,3,0.06875
42960,0,0.05
42961,1,0.05625
42962,1,0.05625
42963,2,0.0625
42964,1,0.05625
42965,2,0.0625
42966,2,0.0625
42967,3,0.06875
42968,1,0.05625
42969,2,0.0625
42970,2,0.0625
42971,3,0.06875
42972,2,0.0625
42973,3,0.06875
42974,3,0.06875
42975,4,0.075
42976,0,0.05
42977,1,0.05625
42978,1,0.05625
42979,2,0.0625
42980,1,0.05625
42981,2,0.0625
42982,2,0.0625
42983,3,0.06875
42984,1,0.05625
42985,2,0.0625
42986,2,0.0625
42987,3,0.06875
42988,2,0.0625
42989,3,0.06875
42990,3,0.06875
42991,4,0.075
42992,1,0.05625
42993,2,0.0625
42994,2,0.0625
42995,3,0.06875
42996,2,0.0625
42997,3,0.06875
42998,3,0.06875
42999,4,0.075
43000,2,0.0625
43001,3,0.06875
43002,3,0.06875
43003,4,0.075
43004,3,0.06875
43005,4,0.075
43006,4,0.075
43007,3,0.08125
43008,3,0.01875
43009,4,0.025
43010,4,0.025
43011,3,0.03125
43012,4,0.025
43013,3,0.03125
43014,3,0.03125
43015,2,0.0375
43016,4,0.025
43017,3,0.03125
43018,3,0.03125
43019,2,0.0375
43020,3,0.03125
43021,2,0.0375
43022,2,0.0375
43023,1,0.04375
43024,4,0.025
43025,3,0.03125
43026,3,0.03125
43027,2,0.0375
43028,3,0.03125
43029,2,0.0375
43030,2,0.0375
43031,1,0.04375
43032,3,0.03125
43033,2,0.0375
43034,2,0.0375
43035,1,0.04375
43036,2,0.0375
43037,1,0.04375
43038,1,0.04375
43039,0,0.05
43040,4,0.025
43041,3,0.03125
43042,3,0.03125
43043,2,0.0375
43044,3,0.03125
43045,2,0.0375
43046,2,0.0375
43047,1,0.04375
43048,3,0.03125
43049,2,0.0375
43050,2,0.0375
43051,1,0.04375
43052,2,0.0375
43053,1,0.04375
43054,1,0.04375
43055,0,0.05
43056,3,0.03125
43057,2,0.0375
43058,2,0.0375
43059,1,0.04375
43060,2,0.0375
43061,1,0.04375
43062,1,0.04375
43063,0,0.05
43064,2,0.0375
43065,1,0.04375
43066,1,0.04375
43067,0,0.05
43068,1,0.04375
43069,0,0.05
43070,0,0.05
43071,1,0.05625
43072,4,0.025
43073,3,0.03125
43074,3,0.03125
43075,2,0.0375
43076,3,0.03125
43077,2,0.0375
43078,2,0.0375
43079,1,0.04375
43080,3,0.03125
43081,2,0.0375
43082,2,0.0375
43083,1,0.04375
43084,2,0.0375
43085,1,0.04375
43086,1,0.04375
43087,0,0.05
43088,3,0.03125
43089,2,0.0375
43090,2,0.0375
43091,1,0.04375
43092,2,0.0375
43093,1,0.04375
43094,1,0.04375
43095,0,0.05
43096,2,0.0375
43097,1,0.04375
43098,1,0.04375
43099,0,0.05
43100,1,0.04375
43101,0,0.05
43102,0,0.05
43103,1,0.05625
43104,3,0.03125
43105,2,0.0375
43106,2,0.0375
43107,1,0.04375
43108,2,0.0375
43109,1,0.04375
43110,1,0.04375
43111,0,0.05
43112,2,0.0375
43113,1,0.04375
43114,1,0.04375
43115,0,0.05
43116,1,0.04375
43117,0,0.05
43118,0,0.05
43119,1,0.05625
43120,2,0.0375
43121,1,0.04375
43122,1,0.04375
43123,0,0.05
43124,1,0.04375
43125,0,0.05
43126,0,0.05
43127,1,0.05625
43128,1,0.04375
43129,0,0.05
43130,0,0.05
43131,1,0.05625
43132,0,0.05
43133,1,0.05625
43134,1,0.05625
43135,2,0.0625
43136,4,0.025
43137,3,0.03125
43138,3,0.03125
43139,2,0.0375
43140,3,0.03125
43141,2,0.0375
43142,2,0.0375
43143,1,0.04375
43144,3,0.03125
43145,2,0.0375
43146,2,0.0375
43147,1,0.04375
43148,2,0.0375
43149,1,0.04375
43150,1,0.04375
43151,0,0.05
43152,3,0.03125
43153,2,0.0375
43154,2,0.0375
43155,1,0.04375
43156,2,0.0375
43157,1,0.04375
43158,1,0.04375
43159,0,0.05
43160,2,0.0375
43161,1,0.04375
43162,1,0.04375
43163,0,0.05
43164,1,0.04375
43165,0,0.05
43166,0,0.05
43167,1,0.05625
43168,3,0.03125
43169,2,0.0375
43170,2,0.0375
43171,1,0.04375
43172,2,0.0375
43173,1,0.04375
43174,1,0.04375
43175,0,0.05
43176,2,0.0375
43177,1,0.04375
43178,1,0.04375
43179,0,0.05
43180,1,0.04375
43181,0,0.05
43182,0,0.05
43183,1,0.05625
43184,2,0.0375
43185,1,0.04375
43186,1,0.04375
43187,0,0.05
43188,1,0.04375
43189,0,0.05
43190,0,0.05
43191,1,0.05625
43192,1,0.04375
43193,0,0.05
43194,0,0.05
43195,1,0.05625
43196,0,0.05
43197,1,0.05625
43198,1,0.05625
43199,2,0.0625
43200,3,0.03125
43201,2,0.0375
43202,2,0.0375
43203,1,0.04375
43204,2,0.0375
43205,1,0.04375
43206,1,0.04375
43207,0,0.05
43208,2,0.0375
43209,1,0.04375
43210,1,0.04375
43211,0,0.05
43212,1,0.04375
43213,0,0.05
43214,0,0.05
43215,1,0.05625
43216,2,0.0375
43217,1,0.04375
43218,1,0.04375
43219,0,0.05
43220,1,0.04375
43221,0,0.05
43222,0,0.05
43223,1,0.05625
43224,1,0.04375
43225,0,0.05
43226,0,0.05
43227,1,0.05625
43228,0,0.05
43229,1,0.05625
43230,1,0.05625
43231,2,0.0625
43232,2,0.0375
43233,1,0.04375
43234,1,0.04375
43235,0,0.05
43236,1,0.04375
43237,0,0.05
43238,0,0.05
43239,1,0.05625
43240,1,0.04375
43241,0,0.05
43242,0,0.05
43243,1,0.05625
43244,0,0.05
43245,1,0.05625
43246,1,0.05625
43247,2,0.0625
43248,1,0.04375
43249,0,0.05
43250,0,0.05
43251,1,0.05625
43252,0,0.05
43253,1,0.05625
43254,1,0.05625
43255,2,0.0625
43256,0,0.05
43257,1,0.05625
43258,1,0.05625
43259,2,0.0625
43260,1,0.05625
43261,2,0.0625
43262,2,0.0625
43263,3,0.06875
43264,4,0.025
43265,3,0.03125
43266,3,0.03125
43267,2,0.0375
43268,3,0.03125
43269,2,0.0375
43270,2,0.0375
43271,1,0.04375
43272,3,0.03125
43273,2,0.0375
43274,2,0.0375
43275,1,0.04375
43276,2,0.0375
43277,1,0.04375
43278,1,0.04375
43279,0,0.05
43280,3,0.03125
43281,2,0.0375
43282,2,0.0375
43283,1,0.04375
43284,2,0.0375
43285,1,0.04375
43286,1,0.04375
43287,0,0.05
43288,2,0.0375
43289,1,0.04375
43290,1,0.04375
43291,0,0.05
43292,1,0.04375
43293,0,0.05
43294,0,0.05
43295,1,0.05625
43296,3,0.03125
43297,2,0.0375
43298,2,0.0375
43299,1,0.04375
43300,2,0.0375
43301,1,0.04375
43302,1,0.04375
43303,0,0.05
43304,2,0.0375
43305,1,0.04375
43306,1,0.04375
43307,0,0.05
43308,1,0.04375
43309,0,0.05
43310,0,0.05
43311,1,0.05625
43312,2,0.0375
43313,1,0.04375
43314,1,0.04375
43315,0,0.05
43316,1,0.04375
43317,0,0.05
43318,0,0.05
43319,1,0.05625
43320,1,0.04375
43321,0,0.05
43322,0,0.05
43323,1,0.05625
43324,0,0.05
43325,1,0.05625
43326,1,0.05625
43327,2,0.0625
43328,3,0.03125
43329,2,0.0375
43330,2,0.0375
43331,1,0.04375
43332,2,0.0375
43333,1,0.04375
43334,1,0.04375
43335,0,0.05
43336,2,0.0375
43337,1,0.04375
43338,1,0.04375
43339,0,0.05
43340,1,0.04375
43341,0,0.05
43342,0,0.05
43343,1,0.05625
43344,2,0.0375
43345,1,0.04375
43346,1,0.04375
43347,0,0.05
43348,1,0.04375
43349,0,0.05
43350,0,0.05
43351,1,0.05625
43352,1,0.04375
43353,0,0.05
43354,0,0.05
43355,1,0.05625
43356,0,0.05
43357,1,0.05625
43358,1,0.05625
43359,2,0.0625
43360,2,0.0375
43361,1,0.04375
43362,1,0.04375
43363,0,0.05
43364,1,0.04375
43365,0,0.05
43366,0,0.05
43367,1,0.05625
43368,1,0.04375
43369,0,0.05
43370,0,0.05
43371,1,0.05625
43372,0,0.05
43373,1,0.05625
43374,1,0.05625
43375,2,0.0625
43376,1,0.04375
43377,0,0.05
43378,0,0.05
43379,1,0.05625
43380,0,0.05
43381,1,0.05625
43382,1,0.05625
43383,2,0.0625
43384,0,0.05
43385,1,0.05625
43386,1,0.05625
43387,2,0.0625
43388,1,0.05625
43389,2,0.0625
43390,2,0.0625
43391,3,0.06875
43392,3,0.03125
43393,2,0.0375
43394,2,0.0375
43395,1,0.04375
43396,2,0.0375
43397,1,0.04375
43398,1,0.04375
43399,0,0.05
43400,2,0.0375
43401,1,0.04375
43402,1,0.04375
43403,0,0.05
43404,1,0.04375
43405,0,0.05
43406,0,0.05
43407,1,0.05625
43408,2,0.0375
43409,1,0.04375
43410,1,0.04375
43411,0,0.05
43412,1,0.04375
43413,0,0.05
43414,0,0.05
43415,1,0.05625
43416,1,0.04375
43417,0,0.05
43418,0,0.05
43419,1,0.05625
43420,0,0.05
43421,1,0.05625
43422,1,0.05625
43423,2,0.0625
43424,2,0.0375
43425,1,0.04375
43426,1,0.04375
43427,0,0.05
43428,1,0.04375
43429,0,0.05
43430,0,0.05
43431,1,0.05625
43432,1,0.04375
43433,0,0.05
43434,0,0.05
43435,1,0.05625
43436,0,0.05
43437,1,0.05625
43438,1,0.05625
43439,2,0.0625
43440,1,0.04375
43441,0,0.05
43442,0,0.05
43443,1,0.05625
43444,0,0.05
43445,1,0.05625
43446,1,0.05625
43447,2,0.0625
43448,0,0.05
43449,1,0.05625
43450,1,0.05625
43451,2,0.0625
43452,1,0.05625
43453,2,0.0625
43454,2,0.0625
43455,3,0.06875
43456,2,0.0375
43457,1,0.04375
43458,1,0.04375
43459,0,0.05
43460,1,0.04375
43461,0,0.05
43462,0,0.05
43463,1,0.05625
43464,1,0.04375
43465,0,0.05
43466,0,0.05
43467,1,0.05625
43468,0,0.05
43469,1,0.05625
43470,1,0.05625
43471,2,0.0625
43472,1,0.04375
43473,0,0.05
43474,0,0.05
43475,1,0.05625
43476,0,0.05
43477,1,0.05625
43478,1,0.05625
43479,2,0.0625
43480,0,0.05
43481,1,0.05625
43482,1,0.05625
43483,2,0.0625
43484,1,0.05625
43485,2,0.0625
43486,2,0.0625
43487,3,0.06875
43488,1,0.04375
43489,0,0.05
43490,0,0.05
43491,1,0.05625
43492,0,0.05
43493,1,0.05625
43494,1,0.05625
43495,2,0.0625
43496,0,0.05
43497,1,0.05625
43498,1,0.05625
43499,2,0.0625
43500,1,0.05625
43501,2,0.0625
43502,2,0.0625
43503,3,0.06875
43504,0,0.05
43505,1,0.05625
43506,1,0.05625
43507,2,0.0625
43508,1,0.05625
43509,2,0.0625
43510,2,0.0625
43511,3,0.06875
43512,1,0.05625
43513,2,0.0625
43514,2,0.0625
43515,3,0.06875
43516,2,0.0625
43517,3,0.06875
43518,3,0.06875
43519,4,0.075
43520,4,0.025
43521,3,0.03125
43522,3,0.03125
43523,2,0.0375
43524,3,0.03125
43525,2,0.0375
43526,2,0.0375
43527,1,0.04375
43528,3,0.03125
43529,2,0.0375
43530,2,0.0375
43531,1,0.04375
43532,2,0.0375
43533,1,0.04375
43534,1,0.04375
43535,0,0.05
43536,3,0.03125
43537,2,0.0375
43538,2,0.0375
43539,1,0.04375
43540,2,0.0375
43541,1,0.04375
43542,1,0.04375
43543,0,0.05
43544,2,0.0375
43545,1,0.04375
43546,1,0.04375
43547,0,0.05
43548,1,0.04375
43549,0,0.05
43550,0,0.05
43551,1,0.05625
43552,3,0.03125
43553,2,0.0375
43554,2,0.0375
43555,1,0.04375
43556,2,0.0375
43557,1,0.04375
43558,1,0.04375
43559,0,0.05
43560,2,0.0375
43561,1,0.04375
43562,1,0.04375
43563,0,0.05
43564,1,0.04375
43565,0,0.05
43566,0,0.05
43567,1,0.05625
43568,2,0.0375
43569,1,0.04375
43570,1,0.04375
43571,0,0.05
43572,1,0.04375
43573,0,0.05
43574,0,0.05
43575,1,0.05625
43576,1,0.04375
43577,0,0.05
43578,0,0.05
43579,1,0.05625
43580,0,0.05
43581,1,0.05625
43582,1,0.05625
43583,2,0.0625
43584,3,0.03125
43585,2,0.0375
43586,2,0.0375
43587,1,0.04375
43588,2,0.0375
43589,1,0.04375
43590,1,0.04375
43591,0,0.05
43592,2,0.0375
43593,1,0.04375
43594,1,0.04375
43595,0,0.05
43596,1,0.04375
43597,0,0.05
43598,0,0.05
43599,1,0.05625
43600,2,0.0375
43601,1,0.04375
43602,1,0.04375
43603,0,0.05
43604,1,0.04375
43605,0,0.05
43606,0,0.05
43607,1,0.05625
43608,1,0.04375
43609,0,0.05
43610,0,0.05
43611,1,0.05625
43612,0,0.05
43613,1,0.05625
43614,1,0.05625
43615,2,0.0625
43616,2,0.0375
43617,1,0.04375
43618,1,0.04375
43619,0,0.05
43620,1,0.04375
43621,0,0.05
43622,0,0.05
43623,1,0.05625
43624,1,0.04375
43625,0,0.05
43626,0,0.05
43627,1,0.05625
43628,0,0.05
43629,1,0.05625
43630,1,0.05625
43631,2,0.0625
43632,1,0.04375
43633,0,0.05
43634,0,0.05
43635,1,0.05625
43636,0,0.05
43637,1,0.05625
43638,1,0.05625
43639,2,0.0625
43640,0,0.05
43641,1,0.05625
43642,1,0.05625
43643,2,0.0625
43644,1,0.05625
43645,2,0.0625
43646,2,0.0625
43647,3,0.06875
43648,3,0.03125
43649,2,0.0375
43650,2,0.0375
43651,1,0.04375
43652,2,0.0375
43653,1,0.04375
43654,1,0.04375
43655,0,0.05
43656,2,0.0375
43657,1,0.04375
43658,1,0.04375
43659,0,0.05
43660,1,0.04375
43661,0,0.05
43662,0,0.05
43663,1,0.05625
43664,2,0.0375
43665,1,0.04375
43666,1,0.04375
43667,0,0.05
43668,1,0.04375
43669,0,0.05
43670,0,0.05
43671,1,0.05625
43672,1,0.04375
43673,0,0.05
43674,0,0.05
43675,1,0.05625
43676,0,0.05
43677,1,0.05625
43678,1,0.05625
43679,2,0.0625
43680,2,0.0375
43681,1,0.04375
43682,1,0.04375
43683,0,0.05
43684,1,0.04375
43685,0,0.05
43686,0,0.05
43687,1,0.05625
43688,1,0.04375
43689,0,0.05
43690,0,0.05
43691,1,0.05625
43692,0,0.05
43693,1,0.05625
43694,1,0.05625
43695,2,0.0625
43696,1,0.04375
43697,0,0.05
43698,0,0.05
43699,1,0.05625
43700,0,0.05
43701,1,0.05625
43702,1,0.05625
43703,2,0.0625
43704,0,0.05
43705,1,0.05625
43706,1,0.05625
43707,2,0.0625
43708,1,0.05625
43709,2,0.0625
43710,2,0.0625
43711,3,0.06875
43712,2,0.0375
43713,1,0.04375
43714,1,0.04375
43715,0,0.05
43716,1,0.04375
43717,0,0.05
43718,0,0.05
43719,1,0.05625
43720,1,0.04375
43721,0,0.05
43722,0,0.05
43723,1,0.05625
43724,0,0.05
43725,1,0.05625
43726,1,0.05625
43727,2,0.0625
43728,1,0.04375
43729,0,0.05
43730,0,0.05
43731,1,0.05625
43732,0,0.05
43733,1,0.05625
43734,1,0.05625
43735,2,0.0625
43736,0,0.05
43737,1,0.05625
43738,1,0.05625
43739,2,0.0625
43740,1,0.05625
43741,2,0.0625
43742,2,0.0625
43743,3,0.06875
43744,1,0.04375
43745,0,0.05
43746,0,0.05
43747,1,0.05625
43748,0,0.05
43749,1,0.05625
43750,1,0.05625
43751,2,0.0625
43752,0,0.05
43753,1,0.05625
43754,1,0.05625
43755,2,0.0625
43756,1,0.05625
43757,2,0.0625
43758,2,0.0625
43759,3,0.06875
43760,0,0.05
43761,1,0.05625
43762,1,0.05625
43763,2,0.0625
43764,1,0.05625
43765,2,0.0625
43766,2,0.0625
43767,3,0.06875
43768,1,0.05625
43769,2,0.0625
43770,2,0.0625
43771,3,0.06875
43772,2,0.0625
43773,3,0.06875
43774,3,0.06875
43775,4,0.075
43776,3,0.03125
43777,2,0.0375
43778,2,0.0375
43779,1,0.04375
43780,2,0.0375
43781,1,0.04375
43782,1,0.04375
43783,0,0.05
43784,2,0.0375
43785,1,0.04375
43786,1,0.04375
43787,0,0.05
43788,1,0.04375
43789,0,0.05
43790,0,0.05
43791,1,0.05625
43792,2,0.0375
43793,1,0.04375
43794,1,0.04375
43795,0,0.05
43796,1,0.04375
43797,0,0.05
43798,0,0.05
43799,1,0.05625
43800,1,0.04375
43801,0,0.05
43802,0,0.05
43803,1,0.05625
43804,0,0.05
43805,1,0.05625
43806,1,0.05625
43807,2,0.0625
43808,2,0.0375
43809,1,0.04375
43810,1,0.04375
43811,0,0.05
43812,1,0.04375
43813,0,0.05
43814,0,0.05
43815,1,0.05625
43816,1,0.04375
43817,0,0.05
43818,0,0.05
43819,1,0.05625
43820,0,0.05
43821,1,0.05625
43822,1,0.05625
43823,2,0.0625
43824,1,0.04375
43825,0,0.05
43826,0,0.05
43827,1,0.05625
43828,0,0.05
43829,1,0.05625
43830,1,0.05625
43831,2,0.0625
43832,0,0.05
43833,1,0.05625
43834,1,0.05625
43835,2,0.0625
43836,1,0.05625
43837,2,0.0625
43838,2,0.0625
43839,3,0.06875
43840,2,0.0375
43841,1,0.04375
43842,1,0.04375
43843,0,0.05
43844,1,0.04375
43845,0,0.05
43846,0,0.05
43847,1,0.05625
43848,1,0.04375
43849,0,0.05
43850,0,0.05
43851,1,0.05625
43852,0,0.05
43853,1,0.05625
43854,1,0.05625
43855,2,0.0625
43856,1,0.04375
43857,0,0.05
43858,0,0.05
43859,1,0.05625
43860,0,0.05
43861,1,0.05625
43862,1,0.05625
43863,2,0.0625
43864,0,0.05
43865,1,0.05625
43866,1,0.05625
43867,2,0.0625
43868,1,0.05625
43869,2,0.0625
43870,2,0.0625
43871,3,0.06875
43872,1,0.04375
43873,0,0.05
43874,0,0.05
43875,1,0.05625
43876,0,0.05
43877,1,0.05625
43878,1,0.05625
43879,2,0.0625
43880,0,0.05
43881,1,0.05625
43882,1,0.05625
43883,2,0.0625
43884,1,0.05625
43885,2,0.0625
43886,2,0.0625
43887,3,0.06875
43888,0,0.05
43889,1,0.05625
43890,1,0.05625
43891,2,0.0625
43892,1,0.05625
43893,2,0.0625
43894,2,0.0625
43895,3,0.06875
43896,1,0.05625
43897,2,0.0625
43898,2,0.0625
43899,3,0.06875
43900,2,0.0625
43901,3,0.06875
43902,3,0.06875
43903,4,0.075
43904,2,0.0375
43905,1,0.04375
43906,1,0.04375
43907,0,0.05
43908,1,0.04375
43909,0,0.05
43910,0,0.05
43911,1,0.05625
43912,1,0.04375
43913,0,0.05
43914,0,0.05
43915,1,0.05625
43916,0,0.05
43917,1,0.05625
43918,1,0.05625
43919,2,0.0625
43920,1,0.04375
43921,0,0.05
43922,0,0.05
43923,1,0.05625
43924,0,0.05
43925,1,0.05625
43926,1,0.05625
43927,2,0.0625
43928,0,0.05
43929,1,0.05625
43930,1,0.05625
43931,2,0.0625
43932,1,0.05625
43933,2,0.0625
43934,2,0.0625
43935,3,0.06875
43936,1,0.04375
43937,0,0.05
43938,0,0.05
43939,1,0.05625
43940,0,0.05
43941,1,0.05625
43942,1,0.05625
43943,2,0.0625
43944,0,0.05
43945,1,0.05625
43946,1,0.05625
43947,2,0.0625
43948,1,0.05625
43949,2,0.0625
43950,2,0.0625
43951,3,0.06875
43952,0,0.05
43953,1,0.05625
43954,1,0.05625
43955,2,0.0625
43956,1,0.05625
43957,2,0.0625
43958,2,0.0625
43959,3,0.06875
43960,1,0.05625
43961,2,0.0625
43962,2,0.0625
43963,3,0.06875
43964,2,0.0625
43965,3,0.06875
43966,3,0.06875
43967,4,0.075
43968,1,0.04375
43969,0,0.05
43970,0,0.05
43971,1,0.05625
43972,0,0.05
43973,1,0.05625
43974,1,0.05625
43975,2,0.0625
43976,0,0.05
43977,1,0.05625
43978,1,0.05625
43979,2,0.0625
43980,1,0.05625
43981,2,0.0625
43982,2,0.0625
43983,3,0.06875
43984,0,0.05
43985,1,0.05625
43986,1,0.05625
43987,2,0.0625
43988,1,0.05625
43989,2,0.0625
43990,2,0.0625
43991,3,0.06875
43992,1,0.05625
43993,2,0.0625
43994,2,0.0625
43995,3,0.06875
43996,2,0.0625
43997,3,0.06875
43998,3,0.06875
43999,4,0.075
44000,0,0.05
44001,1,0.05625
44002,1,0.05625
44003,2,0.0625
44004,1,0.05625
44005,2,0.0625
44006,2,0.0625
44007,3,0.06875
44008,1,0.05625
44009,2,0.0625
44010,2,0.0625
44011,3,0.06875
44012,2,0.0625
44013,3,0.06875
44014,3,0.06875
44015,4,0.075
44016,1,0.05625
44017,2,0.0625
44018,2,0.0625
44019,3,0.06875
44020,2,0.0625
44021,3,0.06875
44022,3,0.06875
44023,4,0.075
44024,2,0.0625
44025,3,0.06875
44026,3,0.06875
44027,4,0.075
44028,3,0.06875
44029,4,0.075
44030,4,0.075
44031,3,0.08125
44032,4,0.025
44033,3,0.03125
44034,3,0.03125
44035,2,0.0375
44036,3,0.03125
44037,2,0.0375
44038,2,0.0375
44039,1,0.04375
44040,3,0.03125
44041,2,0.0375
44042,2,0.0375
44043,1,0.04375
44044,2,0.0375
44045,1,0.04375
44046,1,0.04375
44047,0,0.05
44048,3,0.03125
44049,2,0.0375
44050,2,0.0375
44051,1,0.04375
44052,2,0.0375
44053,1,0.04375
44054,1,0.04375
44055,0,0.05
44056,2,0.0375
44057,1,0.04375
44058,1,0.04375
44059,0,0.05
44060,1,0.04375
44061,0,0.05
44062,0,0.05
44063,1,0.05625
44064,3,0.03125
44065,2,0.0375
44066,2,0.0375
44067,1,0.04375
44068,2,0.0375
44069,1,0.04375
44070,1,0.04375
44071,0,0.05
44072,2,0.0375
44073,1,0.04375
44074,1,0.04375
44075,0,0.05
44076,1,0.04375
44077,0,0.05
44078,0,0.05
44079,1,0.05625
44080,2,0.0375
44081,1,0.04375
44082,1,0.04375
44083,0,0.05
44084,1,0.04375
44085,0,0.05
44086,0,0.05
44087,1,0.05625
44088,1,0.04375
44089,0,0.05
44090,0,0.05
44091,1,0.05625
44092,0,0.05
44093,1,0.05625
44094,1,0.05625
44095,2,0.0625
44096,3,0.03125
44097,2,0.0375
44098,2,0.0375
44099,1,0.04375
44100,2,0.0375
44101,1,0.04375
44102,1,0.04375
44103,0,0.05
44104,2,0.0375
44105,1,0.04375
44106,1,0.04375
44107,0,0.05
44108,1,0.04375
44109,0,0.05
44110,0,0.05
44111,1,0.05625
44112,2,0.0375
44113,1,0.04375
44114,1,0.04375
44115,0,0.05
44116,1,0.04375
44117,0,0.05
44118,0,0.05
44119,1,0.05625
44120,1,0.04375
44121,0,0.05
44122,0,0.05
44123,1,0.05625
44124,0,0.05
44125,1,0.05625
44126,1,0.05625
44127,2,0.0625
44128,2,0.0375
44129,1,0.04375
44130,1,0.04375
44131,0,0.05
44132,1,0.04375
44133,0,0.05
44134,0,0.05
44135,1,0.05625
44136,1,0.04375
44137,0,0.05
44138,0,0.05
44139,1,0.05625
44140,0,0.05
44141,1,0.05625
44142,1,0.05625
44143,2,0.0625
44144,1,0.04375
44145,0,0.05
44146,0,0.05
44147,1,0.05625
44148,0,0.05
44149,1,0.05625
44150,1,0.05625
44151,2,0.0625
44152,0,0.05
44153,1,0.05625
44154,1,0.05625
44155,2,0.0625
44156,1,0.05625
44157,2,0.0625
44158,2,0.0625
44159,3,0.06875
44160,3,0.03125
44161,2,0.0375
44162,2,0.0375
44163,1,0.04375
44164,2,0.0375
44165,1,0.04375
44166,1,0.04375
44167,0,0.05
44168,2,0.0375
44169,1,0.04375
44170,1,0.04375
44171,0,0.05
44172,1,0.04375
44173,0,0.05
44174,0,0.05
44175,1,0.05625
44176,2,0.0375
44177,1,0.04375
44178,1,0.04375
44179,0,0.05
44180,1,0.04375
44181,0,0.05
44182,0,0.05
44183,1,0.05625
44184,1,0.04375
44185,0,0.05
44186,0,0.05
44187,1,0.05625
44188,0,0.05
44189,1,0.05625
44190,1,0.05625
44191,2,0.0625
44192,2,0.0375
44193,1,0.04375
44194,1,0.04375
44195,0,0.05
44196,1,0.04375
44197,0,0.05
44198,0,0.05
44199,1,0.05625
44200,1,0.04375
44201,0,0.05
44202,0,0.05
44203,1,0.05625
44204,0,0.05
44205,1,0.05625
44206,1,0.05625
44207,2,0.0625
44208,1,0.04375
44209,0,0.05
44210,0,0.05
44211,1,0.05625
44212,0,0.05
44213,1,0.05625
44214,1,0.05625
44215,2,0.0625
44216,0,0.05
44217,1,0.05625
44218,1,0.05625
44219,2,0.0625
44220,1,0.05625
44221,2,0.0625
44222,2,0.0625
44223,3,0.06875
44224,2,0.0375
44225,1,0.04375
44226,1,0.04375
44227,0,0.05
44228,1,0.04375
44229,0,0.05
44230,0,0.05
44231,1,0.05625
44232,1,0.04375
44233,0,0.05
44234,0,0.05
44235,1,0.05625
44236,0,0.05
44237,1,0.05625
44238,1,0.05625
44239,2,0.0625
44240,1,0.04375
44241,0,0.05
44242,0,0.05
44243,1,0.05625
44244,0,0.05
44245,1,0.05625
44246,1,0.05625
44247,2,0.0625
44248,0,0.05
44249,1,0.05625
44250,1,0.05625
44251,2,0.0625
44252,1,0.05625
44253,2,0.0625
44254,2,0.0625
44255,3,0.06875
44256,1,0.04375
44257,0,0.05
44258,0,0.05
44259,1,0.05625
44260,0,0.05
44261,1,0.05625
44262,1,0.05625
44263,2,0.0625
44264,0,0.05
44265,1,0.05625
44266,1,0.05625
44267,2,0.0625
44268,1,0.05625
44269,2,0.0625
44270,2,0.0625
44271,3,0.06875
44272,0,0.05
44273,1,0.05625
44274,1,0.05625
44275,2,0.0625
44276,1,0.05625
44277,2,0.0625
44278,2,0.0625
44279,3,0.06875
44280,1,0.05625
44281,2,0.0625
44282,2,0.0625
44283,3,0.06875
44284,2,0.0625
44285,3,0.06875
44286,3,0.06875
44287,4,0.075
44288,3,0.03125
44289,2,0.0375
44290,2,0.0375
44291,1,0.04375
44292,2,0.0375
44293,1,0.04375
44294,1,0.04375
44295,0,0.05
44296,2,0.0375
44297,1,0.04375
44298,1,0.04375
44299,0,0.05
44300,1,0.04375
44301,0,0.05
44302,0,0.05
44303,1,0.05625
44304,2,0.0375
44305,1,0.04375
44306,1,0.04375
44307,0,0.05
44308,1,0.04375
44309,0,0.05
44310,0,0.05
44311,1,0.05625
44312,1,0.04375
44313,0,0.05
44314,0,0.05
44315,1,0.05625
44316,0,0.05
44317,1,0.05625
44318,1,0.05625
44319,2,0.0625
44320,2,0.0375
44321,1,0.04375
44322,1,0.04375
44323,0,0.05
44324,1,0.04375
44325,0,0.05
44326,0,0.05
44327,1,0.05625
44328,1,0.04375
44329,0,0.05
44330,0,0.05
44331,1,0.05625
44332,0,0.05
44333,1,0.05625
44334,1,0.05625
44335,2,0.0625
44336,1,0.04375
44337,0,0.05
44338,0,0.05
44339,1,0.05625
44340,0,0.05
44341,1,0.05625
44342,1,0.05625
44343,2,0.0625
44344,0,0.05
44345,1,0.05625
44346,1,0.05625
44347,2,0.0625
44348,1,0.05625
44349,2,0.0625
44350,2,0.0625
44351,3,0.06875
44352,2,0.0375
44353,1,0.04375
44354,1,0.04375
44355,0,0.05
44356,1,0.04375
44357,0,0.05
44358,0,0.05
44359,1,0.05625
44360,1,0.04375
44361,0,0.05
44362,0,0.05
44363,1,0.05625
44364,0,0.05
44365,1,0.05625
44366,1,0.05625
44367,2,0.0625
44368,1,0.04375
44369,0,0.05
44370,0,0.05
44371,1,0.05625
44372,0,0.05
44373,1,0.05625
44374,1,0.05625
44375,2,0.0625
44376,0,0.05
44377,1,0.05625
44378,1,0.05625
44379,2,0.0625
44380,1,0.05625
44381,2,0.0625
44382,2,0.0625
44383,3,0.06875
44384,1,0.04375
44385,0,0.05
44386,0,0.05
44387,1,0.05625
44388,0,0.05
44389,1,0.05625
44390,1,0.05625
44391,2,0.0625
44392,0,0.05
44393,1,0.05625
44394,1,0.05625
44395,2,0.0625
44396,1,0.05625
44397,2,0.0625
44398,2,0.0625
44399,3,0.06875
44400,0,0.05
44401,1,0.05625
44402,1,0.05625
44403,2,0.0625
44404,1,0.05625
44405,2,0.0625
44406,2,0.0625
44407,3,0.06875
44408,1,0.05625
44409,2,0.0625
44410,2,0.0625
44411,3,0.06875
44412,2,0.0625
44413,3,0.06875
44414,3,0.06875
44415,4,0.075
44416,2,0.0375
44417,1,0.04375
44418,1,0.04375
44419,0,0.05
44420,1,0.04375
44421,0,0.05
44422,0,0.05
44423,1,0.05625
44424,1,0.04375
44425,0,0.05
44426,0,0.05
44427,1,0.05625
44428,0,0.05
44429,1,0.05625
44430,1,0.05625
44431,2,0.0625
44432,1,0.04375
44433,0,0.05
44434,0,0.05
44435,1,0.05625
44436,0,0.05
44437,1,0.05625
44438,1,0.05625
44439,2,0.0625
44440,0,0.05
44441,1,0.05625
44442,1,0.05625
44443,2,0.0625
44444,1,0.05625
44445,2,0.0625
44446,2,0.0625
44447,3,0.06875
44448,1,0.04375
44449,0,0.05
44450,0,0.05
44451,1,0.05625
44452,0,0.05
44453,1,0.05625
44454,1,0.05625
44455,2,0.0625
44456,0,0.05
44457,1,0.05625
44458,1,0.05625
44459,2,0.0625
44460,1,0.05625
44461,2,0.0625
44462,2,0.0625
44463,3,0.06875
44464,0,0.05
44465,1,0.05625
44466,1,0.05625
44467,2,0.0625
44468,1,0.05625
44469,2,0.0625
44470,2,0.0625
44471,3,0.06875
44472,1,0.05625
44473,2,0.0625
44474,2,0.0625
44475,3,0.06875
44476,2,0.0625
44477,3,0.06875
44478,3,0.06875
44479,4,0.075
44480,1,0.04375
44481,0,0.05
44482,0,0.05
44483,1,0.05625
44484,0,0.05
44485,1,0.05625
44486,1,0.05625
44487,2,0.0625
44488,0,0.05
44489,1,0.05625
44490,1,0.05625
44491,2,0.0625
44492,1,0.05625
44493,2,0.0625
44494,2,0.0625
44495,3,0.06875
44496,0,0.05
44497,1,0.05625
44498,1,0.05625
44499,2,0.0625
44500,1,0.05625
44501,2,0.0625
44502,2,0.0625
44503,3,0.06875
44504,1,0.05625
44505,2,0.0625
44506,2,0.0625
44507,3,0.06875
44508,2,0.0625
44509,3,0.06875
44510,3,0.06875
44511,4,0.075
44512,0,0.05
44513,1,0.05625
44514,1,0.05625
44515,2,0.0625
44516,1,0.05625
44517,2,0.0625
44518,2,0.0625
44519,3,0.06875
44520,1,0.05625
44521,2,0.0625
44522,2,0.0625
44523,3,0.06875
44524,2,0.0625
44525,3,0.06875
44526,3,0.06875
44527,4,0.075
44528,1,0.05625
44529,2,0.0625
44530,2,0.0625
44531,3,0.06875
44532,2,0.0625
44533,3,0.06875
44534,3,0.06875
44535,4,0.075
44536,2,0.0625
44537,3,0.06875
44538,3,0.06875
44539,4,0.075
44540,3,0.06875
44541,4,0.075
44542,4,0.075
44543,3,0.08125
44544,3,0.03125
44545,2,0.0375
44546,2,0.0375
44547,1,0.04375
44548,2,0.0375
44549,1,0.04375
44550,1,0.04375
44551,0,0.05
44552,2,0.0375
44553,1,0.04375
44554,1,0.04375
44555,0,0.05
44556,1,0.04375
44557,0,0.05
44558,0,0.05
44559,1,0.05625
44560,2,0.0375
44561,1,0.04375
44562,1,0.04375
44563,0,0.05
44564,1,0.04375
44565,0,0.05
44566,0,0.05
44567,1,0.05625
44568,1,0.04375
44569,0,0.05
44570,0,0.05
44571,1,0.05625
44572,0,0.05
44573,1,0.05625
44574,1,0.05625
44575,2,0.0625
44576,2,0.0375
44577,1,0.04375
44578,1,0.04375
44579,0,0.05
44580,1,0.04375
44581,0,0.05
44582,0,0.05
44583,1,0.05625
44584,1,0.04375
44585,0,0.05
44586,0,0.05
44587,1,0.05625
44588,0,0.05
44589,1,0.05625
44590,1,0.05625
44591,2,0.0625
44592,1,0.04375
44593,0,0.05
44594,0,0.05
44595,1,0.05625
44596,0,0.05
44597,1,0.05625
44598,1,0.05625
44599,2,0.0625
44600,0,0.05
44601,1,0.05625
44602,1,0.05625
44603,2,0.0625
44604,1,0.05625
44605,2,0.0625
44606,2,0.0625
44607,3,0.06875
44608,2,0.0375
44609,1,0.04375
44610,1,0.04375
44611,0,0.05
44612,1,0.04375
44613,0,0.05
44614,0,0.05
44615,1,0.05625
44616,1,0.04375
44617,0,0.05
44618,0,0.05
44619,1,0.05625
44620,0,0.05
44621,1,0.05625
44622,1,0.05625
44623,2,0.0625
44624,1,0.04375
44625,0,0.05
44626,0,0.05
44627,1,0.05625
44628,0,0.05
44629,1,0.05625
44630,1,0.05625
44631,2,0.0625
44632,0,0.05
44633,1,0.05625
44634,1,0.05625
44635,2,0.0625
44636,1,0.05625
44637,2,0.0625
44638,2,0.0625
44639,3,0.06875
44640,1,0.04375
44641,0,0.05
44642,0,0.05
44643,1,0.05625
44644,0,0.05
44645,1,0.05625
44646,1,0.05625
44647,2,0.0625
44648,0,0.05
44649,1,0.05625
44650,1,0.05625
44651,2,0.0625
44652,1,0.05625
44653,2,0.0625
44654,2,0.0625
44655,3,0.06875
44656,0,0.05
44657,1,0.05625
44658,1,0.05625
44659,2,0.0625
44660,1,0.05625
44661,2,0.0625
44662,2,0.0625
44663,3,0.06875
44664,1,0.05625
44665,2,0.0625
44666,2,0.0625
44667,3,0.06875
44668,2,0.0625
44669,3,0.06875
44670,3,0.06875
44671,4,0.075
44672,2,0.0375
44673,1,0.04375
44674,1,0.04375
44675,0,0.05
44676,1,0.04375
44677,0,0.05
44678,0,0.05
44679,1,0.05625
44680,1,0.04375
44681,0,0.05
44682,0,0.05
44683,1,0.05625
44684,0,0.05
44685,1,0.05625
44686,1,0.05625
44687,2,0.0625
44688,1,0.04375
44689,0,0.05
44690,0,0.05
44691,1,0.05625
44692,0,0.05
44693,1,0.05625
44694,1,0.05625
44695,2,0.0625
44696,0,0.05
44697,1,0.05625
44698,1,0.05625
44699,2,0.0625
44700,1,0.05625
44701,2,0.0625
44702,2,0.0625
44703,3,0.06875
44704,1,0.04375
44705,0,0.05
44706,0,0.05
44707,1,0.05625
44708,0,0.05
44709,1,0.05625
44710,1,0.05625
44711,2,0.0625
44712,0,0.05
44713,1,0.05625
44714,1,0.05625
44715,2,0.0625
44716,1,0.05625
44717,2,0.0625
44718,2,0.0625
44719,3,0.06875
44720,0,0.05
44721,1,0.05625
44722,1,0.05625
44723,2,0.0625
44724,1,0.05625
44725,2,0.0625
44726,2,0.0625
44727,3,0.06875
44728,1,0.05625
44729,2,0.0625
44730,2,0.0625
44731,3,0.06875
44732,2,0.0625
44733,3,0.06875
44734,3,0.06875
44735,4,0.075
44736,1,0.04375
44737,0,0.05
44738,0,0.05
44739,1,0.05625
44740,0,0.05
44741,1,0.05625
44742,1,0.05625
44743,2,0.0625
44744,0,0.05
44745,1,0.05625
44746,1,0.05625
44747,2,0.0625
44748,1,0.05625
44749,2,0.0625
44750,2,0.0625
44751,3,0.06875
44752,0,0.05
44753,1,0.05625
44754,1,0.05625
44755,2,0.0625
44756,1,0.05625
44757,2,0.0625
44758,2,0.0625
44759,3,0.06875
44760,1,0.05625
44761,2,0.0625
44762,2,0.0625
44763,3,0.06875
44764,2,0.0625
44765,3,0.06875
44766,3,0.06875
44767,4,0.075
44768,0,0.05
44769,1,0.05625
44770,1,0.05625
44771,2,0.0625
44772,1,0.05625
44773,2,0.0625
44774,2,0.0625
44775,3,0.06875
44776,1,0.05625
44777,2,0.0625
44778,2,0.0625
44779,3,0.06875
44780,2,0.0625
44781,3,0.06875
44782,3,0.06875
44783,4,0.075
44784,1,0.05625
44785,2,0.0625
44786,2,0.0625
44787,3,0.06875
44788,2,0.0625
44789,3,0.06875
44790,3,0.06875
44791,4,0.075
44792,2,0.0625
44793,3,0.06875
44794,3,0.06875
44795,4,0.075
44796,3,0.06875
44797,4,0.075
44798,4,0.075
44799,3,0.08125
44800,2,0.0375
44801,1,0.04375
44802,1,0.04375
44803,0,0.05
44804,1,0.04375
44805,0,0.05
44806,0,0.05
44807,1,0.05625
44808,1,0.04375
44809,0,0.05
44810,0,0.05
44811,1,0.05625
44812,0,0.05
44813,1,0.05625
44814,1,0.05625
44815,2,0.0625
44816,1,0.04375
44817,0,0.05
44818,0,0.05
44819,1,0.05625
44820,0,0.05
44821,1,0.05625
44822,1,0.05625
44823,2,0.0625
44824,0,0.05
44825,1,0.05625
44826,1,0.05625
44827,2,0.0625
44828,1,0.05625
44829,2,0.0625
44830,2,0.0625
44831,3,0.06875
44832,1,0.04375
44833,0,0.05
44834,0,0.05
44835,1,0.05625
44836,0,0.05
44837,1,0.05625
44838,1,0.05625
44839,2,0.0625
44840,0,0.05
44841,1,0.05625
44842,1,0.05625
44843,2,0.0625
44844,1,0.05625
44845,2,0.0625
44846,2,0.0625
44847,3,0.06875
44848,0,0.05
44849,1,0.05625
44850,1,0.05625
44851,2,0.0625
44852,1,0.05625
44853,2,0.0625
44854,2,0.0625
44855,3,0.06875
44856,1,0.05625
44857,2,0.0625
44858,2,0.0625
44859,3,0.06875
44860,2,0.0625
44861,3,0.06875
44862,3,0.06875
44863,4,0.075
44864,1,0.04375
44865,0,0.05
44866,0,0.05
44867,1,0.05625
44868,0,0.05
44869,1,0.05625
44870,1,0.05625
44871,2,0.0625
44872,0,0.05
44873,1,0.05625
44874,1,0.05625
44875,2,0.0625
44876,1,0.05625
44877,2,0.0625
44878,2,0.0625
44879,3,0.06875
44880,0,0.05
44881,1,0.05625
44882,1,0.05625
44883,2,0.0625
44884,1,0.05625
44885,2,0.0625
44886,2,0.0625
44887,3,0.06875
44888,1,0.05625
44889,2,0.0625
44890,2,0.0625
44891,3,0.06875
44892,2,0.0625
44893,3,0.06875
44894,3,0.06875
44895,4,0.075
44896,0,0.05
44897,1,0.05625
44898,1,0.05625
44899,2,0.0625
44900,1,0.05625
44901,2,0.0625
44902,2,0.0625
44903,3,0.06875
44904,1,0.05625
44905,2,0.0625
44906,2,0.0625
44907,3,0.06875
44908,2,0.0625
44909,3,0.06875
44910,3,0.06875
44911,4,0.075
44912,1,0.05625
44913,2,0.0625
44914,2,0.0625
44915,3,0.06875
44916,2,0.0625
44917,3,0.06875
44918,3,0.06875
44919,4,0.075
44920,2,0.0625
44921,3,0.06875
44922,3,0.06875
44923,4,0.075
44924,3,0.06875
44925,4,0.075
44926,4,0.075
44927,3,0.08125
44928,1,0.04375
44929,0,0.05
44930,0,0.05
44931,1,0.05625
44932,0,0.05
44933,1,0.05625
44934,1,0.05625
44935,2,0.0625
44936,0,0.05
44937,1,0.05625
44938,1,0.05625
44939,2,0.0625
44940,1,0.05625
44941,2,0.0625
44942,2,0.0625
44943,3,0.06875
44944,0,0.05
44945,1,0.05625
44946,1,0.05625
44947,2,0.0625
44948,1,0.05625
44949,2,0.0625
44950,2,0.0625
44951,3,0.06875
44952,1,0.05625
44953,2,0.0625
44954,2,0.0625
44955,3,0.06875
44956,2,0.0625
44957,3,0.06875
44958,3,0.06875
44959,4,0.075
44960,0,0.05
44961,1,0.05625
44962,1,0.05625
44963,2,0.0625
44964,1,0.05625
44965,2,0.0625
44966,2,0.0625
44967,3,0.06875
44968,1,0.05625
44969,2,0.0625
44970,2,0.0625
44971,3,0.06875
44972,2,0.0625
44973,3,0.06875
44974,3,0.06875
44975,4,0.075
44976,1,0.05625
44977,2,0.0625
44978,2,0.0625
44979,3,0.06875
44980,2,0.0625
44981,3,0.06875
44982,3,0.06875
44983,4,0.075
44984,2,0.0625
44985,3,0.06875
44986,3,0.06875
44987,4,0.075
44988,3,0.06875
44989,4,0.075
44990,4,0.075
44991,3,0.08125
44992,0,0.05
44993,1,0.05625
44994,1,0.05625
44995,2,0.0625
44996,1,0.05625
44997,2,0.0625
44998,2,0.0625
44999,3,0.06875
45000,1,0.05625
45001,2,0.0625
45002,2,0.0625
45003,3,0.06875
45004,2,0.0625
45005,3,0.06875
45006,3,0.06875
45007,4,0.075
45008,1,0.05625
45009,2,0.0625
45010,2,0.0625
45011,3,0.06875
45012,2,0.0625
45013,3,0.06875
45014,3,0.06875
45015,4,0.075
45016,2,0.0625
45017,3,0.06875
45018,3,0.06875
45019,4,0.075
45020,3,0.06875
45021,4,0.075
45022,4,0.075
45023,3,0.08125
45024,1,0.05625
45025,2,0.0625
45026,2,0.0625
45027,3,0.06875
45028,2,0.0625
45029,3,0.06875
45030,3,0.06875
45031,4,0.075
45032,2,0.0625
45033,3,0.06875
45034,3,0.06875
45035,4,0.075
45036,3,0.06875
45037,4,0.075
45038,4,0.075
45039,3,0.08125
45040,2,0.0625
45041,3,0.06875
45042,3,0.06875
45043,4,0.075
45044,3,0.06875
45045,4,0.075
45046,4,0.075
45047,3,0.08125
45048,3,0.06875
45049,4,0.075
45050,4,0.075
45051,3,0.08125
45052,4,0.075
45053,3,0.08125
45054,3,0.08125
45055,2,0.0875
45056,3,0.01875
45057,4,0.025
45058,4,0.025
45059,3,0.03125
45060,4,0.025
45061,3,0.03125
45062,3,0.03125
45063,2,0.0375
45064,4,0.025
45065,3,0.03125
45066,3,0.03125
45067,2,0.0375
45068,3,0.03125
45069,2,0.0375
45070,2,0.0375
45071,1,0.04375
45072,4,0.025
45073,3,0.03125
45074,3,0.03125
45075,2,0.0375
45076,3,0.03125
45077,2,0.0375
45078,2,0.0375
45079,1,0.04375
45080,3,0.03125
45081,2,0.0375
45082,2,0.0375
45083,1,0.04375
45084,2,0.0375
45085,1,0.04375
45086,1,0.04375
45087,0,0.05
45088,4,0.025
45089,3,0.03125
45090,3,0.03125
45091,2,0.0375
45092,3,0.03125
45093,2,0.0375
45094,2,0.0375
45095,1,0.04375
45096,3,0.03125
45097,2,0.0375
45098,2,0.0375
45099,1,0.04375
45100,2,0.0375
45101,1,0.04375
45102,1,0.04375
45103,0,0.05
45104,3,0.03125
45105,2,0.0375
45106,2,0.0375
45107,1,0.04375
45108,2,0.0375
45109,1,0.04375
45110,1,0.04375
45111,0,0.05
45112,2,0.0375
45113,1,0.04375
45114,1,0.04375
45115,0,0.05
45116,1,0.04375
45117,0,0.05
45118,0,0.05
45119,1,0.05625
45120,4,0.025
45121,3,0.03125
45122,3,0.03125
45123,2,0.0375
45124,3,0.03125
45125,2,0.0375
45126,2,0.0375
45127,1,0.04375
45128,3,0.03125
45129,2,0.0375
45130,2,0.0375
45131,1,0.04375
45132,2,0.0375
45133,1,0.04375
45134,1,0.04375
45135,0,0.05
45136,3,0.03125
45137,2,0.0375
45138,2,0.0375
45139,1,0.04375
45140,2,0.0375
45141,1,0.04375
45142,1,0.04375
45143,0,0.05
45144,2,0.0375
45145,1,0.04375
45146,1,0.04375
45147,0,0.05
45148,1,0.04375
45149,0,0.05
45150,0,0.05
45151,1,0.05625
45152,3,0.03125
45153,2,0.0375
45154,2,0.0375
45155,1,0.04375
45156,2,0.0375
45157,1,0.04375
45158,1,0.04375
45159,0,0.05
45160,2,0.0375
45161,1,0.04375
45162,1,0.04375
45163,0,0.05
45164,1,0.04375
45165,0,0.05
45166,0,0.05
45167,1,0.05625
45168,2,0.0375
45169,1,0.04375
45170,1,0.04375
45171,0,0.05
45172,1,0.04375
45173,0,0.05
45174,0,0.05
45175,1,0.05625
45176,1,0.04375
45177,0,0.05
45178,0,0.05
45179,1,0.05625
45180,0,0.05
45181,1,0.05625
45182,1,0.05625
45183,2,0.0625
45184,4,0.025
45185,3,0.03125
45186,3,0.03125
45187,2,0.0375
45188,3,0.03125
45189,2,0.0375
45190,2,0.0375
45191,1,0.04375
45192,3,0.03125
45193,2,0.0375
45194,2,0.0375
45195,1,0.04375
45196,2,0.0375
45197,1,0.04375
45198,1,0.04375
45199,0,0.05
45200,3,0.03125
45201,2,0.0375
45202,2,0.0375
45203,1,0.04375
45204,2,0.0375
45205,1,0.04375
45206,1,0.04375
45207,0,0.05
45208,2,0.0375
45209,1,0.04375
45210,1,0.04375
45211,0,0.05
45212,1,0.04375
45213,0,0.05
45214,0,0.05
45215,1,0.05625
45216,3,0.03125
45217,2,0.0375
45218,2,0.0375
45219,1,0.04375
45220,2,0.0375
45221,1,0.04375
45222,1,0.04375
45223,0,0.05
45224,2,0.0375
45225,1,0.04375
45226,1,0.04375
45227,0,0.05
45228,1,0.04375
45229,0,0.05
45230,0,0.05
45231,1,0.05625
45232,2,0.0375
45233,1,0.04375
45234,1,0.04375
45235,0,0.05
45236,1,0.04375
45237,0,0.05
45238,0,0.05
45239,1,0.05625
45240,1,0.04375
45241,0,0.05
45242,0,0.05
45243,1,0.05625
45244,0,0.05
45245,1,0.05625
45246,1,0.05625
45247,2,0.0625
45248,3,0.03125
45249,2,0.0375
45250,2,0.0375
45251,1,0.04375
45252,2,0.0375
45253,1,0.04375
45254,1,0.04375
45255,0,0.05
45256,2,0.0375
45257,1,0.04375
45258,1,0.04375
45259,0,0.05
45260,1,0.04375
45261,0,0.05
45262,0,0.05
45263,1,0.05625
45264,2,0.0375
45265,1,0.04375
45266,1,0.04375
45267,0,0.05
45268,1,0.04375
45269,0,0.05
45270,0,0.05
45271,1,0.05625
45272,1,0.04375
45273,0,0.05
45274,0,0.05
45275,1,0.05625
45276,0,0.05
45277,1,0.05625
45278,1,0.05625
45279,2,0.0625
45280,2,0.0375
45281,1,0.04375
45282,1,0.04375
45283,0,0.05
45284,1,0.04375
45285,0,0.05
45286,0,0.05
45287,1,0.05625
45288,1,0.04375
45289,0,0.05
45290,0,0.05
45291,1,0.05625
45292,0,0.05
45293,1,0.05625
45294,1,0.05625
45295,2,0.0625
45296,1,0.04375
45297,0,0.05
45298,0,0.05
45299,1,0.05625
45300,0,0.05
45301,1,0.05625
45302,1,0.05625
45303,2,0.0625
45304,0,0.05
45305,1,0.05625
45306,1,0.05625
45307,2,0.0625
45308,1,0.05625
45309,2,0.0625
45310,2,0.0625
45311,3,0.06875
45312,4,0.025
45313,3,0.03125
45314,3,0.03125
45315,2,0.0375
45316,3,0.03125
45317,2,0.0375
45318,2,0.0375
45319,1,0.04375
45320,3,0.03125
45321,2,0.0375
45322,2,0.0375
45323,1,0.04375
45324,2,0.0375
45325,1,0.04375
45326,1,0.04375
45327,0,0.05
45328,3,0.03125
45329,2,0.0375
45330,2,0.0375
45331,1,0.04375
45332,2,0.0375
45333,1,0.04375
45334,1,0.04375
45335,0,0.05
45336,2,0.0375
45337,1,0.04375
45338,1,0.04375
45339,0,0.05
45340,1,0.04375
45341,0,0.05
45342,0,0.05
45343,1,0.05625
45344,3,0.03125
45345,2,0.0375
45346,2,0.0375
45347,1,0.04375
45348,2,0.0375
45349,1,0.04375
45350,1,0.04375
45351,0,0.05
45352,2,0.0375
45353,1,0.04375
45354,1,0.04375
45355,0,0.05
45356,1,0.04375
45357,0,0.05
45358,0,0.05
45359,1,0.05625
45360,2,0.0375
45361,1,0.04375
45362,1,0.04375
45363,0,0.05
45364,1,0.04375
45365,0,0.05
45366,0,0.05
45367,1,0.05625
45368,1,0.04375
45369,0,0.05
45370,0,0.05
45371,1,0.05625
45372,0,0.05
45373,1,0.05625
45374,1,0.05625
45375,2,0.0625
45376,3,0.03125
45377,2,0.0375
45378,2,0.0375
45379,1,0.04375
45380,2,0.0375
45381,1,0.04375
45382,1,0.04375
45383,0,0.05
45384,2,0.0375
45385,1,0.04375
45386,1,0.04375
45387,0,0.05
45388,1,0.04375
45389,0,0.05
45390,0,0.05
45391,1,0.05625
45392,2,0.0375
45393,1,0.04375
45394,1,0.04375
45395,0,0.05
45396,1,0.04375
45397,0,0.05
45398,0,0.05
45399,1,0.05625
45400,1,0.04375
45401,0,0.05
45402,0,0.05
45403,1,0.05625
45404,0,0.05
45405,1,0.05625
45406,1,0.05625
45407,2,0.0625
45408,2,0.0375
45409,1,0.04375
45410,1,0.04375
45411,0,0.05
45412,1,0.04375
45413,0,0.05
45414,0,0.05
45415,1,0.05625
45416,1,0.04375
45417,0,0.05
45418,0,0.05
45419,1,0.05625
45420,0,0.05
45421,1,0.05625
45422,1,0.05625
45423,2,0.0625
45424,1,0.04375
45425,0,0.05
45426,0,0.05
45427,1,0.05625
45428,0,0.05
45429,1,0.05625
45430,1,0.05625
45431,2,0.0625
45432,0,0.05
45433,1,0.05625
45434,1,0.05625
45435,2,0.0625
45436,1,0.05625
45437,2,0.0625
45438,2,0.0625
45439,3,0.06875
45440,3,0.03125
45441,2,0.0375
45442,2,0.0375
45443,1,0.04375
45444,2,0.0375
45445,1,0.04375
45446,1,0.04375
45447,0,0.05
45448,2,0.0375
45449,1,0.04375
45450,1,0.04375
45451,0,0.05
45452,1,0.04375
45453,0,0.05
45454,0,0.05
45455,1,0.05625
45456,2,0.0375
45457,1,0.04375
45458,1,0.04375
45459,0,0.05
45460,1,0.04375
45461,0,0.05
45462,0,0.05
45463,1,0.05625
45464,1,0.04375
45465,0,0.05
45466,0,0.05
45467,1,0.05625
45468,0,0.05
45469,1,0.05625
45470,1,0.05625
45471,2,0.0625
45472,2,0.0375
45473,1,0.04375
45474,1,0.04375
45475,0,0.05
45476,1,0.04375
45477,0,0.05
45478,0,0.05
45479,1,0.05625
45480,1,0.04375
45481,0,0.05
45482,0,0.05
45483,1,0.05625
45484,0,0.05
45485,1,0.05625
45486,1,0.05625
45487,2,0.0625
45488,1,0.04375
45489,0,0.05
45490,0,0.05
45491,1,0.05625
45492,0,0.05
45493,1,0.05625
45494,1,0.05625
45495,2,0.0625
45496,0,0.05
45497,1,0.05625
45498,1,0.05625
45499,2,0.0625
45500,1,0.05625
45501,2,0.0625
45502,2,0.0625
45503,3,0.06875
45504,2,0.0375
45505,1,0.04375
45506,1,0.04375
45507,0,0.05
45508,1,0.04375
45509,0,0.05
45510,0,0.05
45511,1,0.05625
45512,1,0.04375
45513,0,0.05
45514,0,0.05
45515,1,0.05625
45516,0,0.05
45517,1,0.05625
45518,1,0.05625
45519,2,0.0625
45520,1,0.04375
45521,0,0.05
45522,0,0.05
45523,1,0.05625
45524,0,0.05
45525,1,0.05625
45526,1,0.05625
45527,2,0.0625
45528,0,0.05
45529,1,0.05625
45530,1,0.05625
45531,2,0.0625
45532,1,0.05625
45533,2,0.0625
45534,2,0.0625
45535,3,0.06875
45536,1,0.04375
45537,0,0.05
45538,0,0.05
45539,1,0.05625
45540,0,0.05
45541,1,0.05625
45542,1,0.05625
45543,2,0.0625
45544,0,0.05
45545,1,0.05625
45546,1,0.05625
45547,2,0.0625
45548,1,0.05625
45549,2,0.0625
45550,2,0.0625
45551,3,0.06875
45552,0,0.05
45553,1,0.05625
45554,1,0.05625
45555,2,0.0625
45556,1,0.05625
45557,2,0.0625
45558,2,0.0625
45559,3,0.06875
45560,1,0.05625
45561,2,0.0625
45562,2,0.0625
45563,3,0.06875
45564,2,0.0625
45565,3,0.06875
45566,3,0.06875
45567,4,0.075
45568,4,0.025
45569,3,0.03125
45570,3,0.03125
45571,2,0.0375
45572,3,0.03125
45573,2,0.0375
45574,2,0.0375
45575,1,0.04375
45576,3,0.03125
45577,2,0.0375
45578,2,0.0375
45579,1,0.04375
45580,2,0.0375
45581,1,0.04375
45582,1,0.04375
45583,0,0.05
45584,3,0.03125
45585,2,0.0375
45586,2,0.0375
45587,1,0.04375
45588,2,0.0375
45589,1,0.04375
45590,1,0.04375
45591,0,0.05
45592,2,0.0375
45593,1,0.04375
45594,1,0.04375
45595,0,0.05
45596,1,0.04375
45597,0,0.05
45598,0,0.05
45599,1,0.05625
45600,3,0.03125
45601,2,0.0375
45602,2,0.0375
45603,1,0.04375
45604,2,0.0375
45605,1,0.04375
45606,1,0.04375
45607,0,0.05
45608,2,0.0375
45609,1,0.04375
45610,1,0.04375
45611,0,0.05
45612,1,0.04375
45613,0,0.05
45614,0,0.05
45615,1,0.05625
45616,2,0.0375
45617,1,0.04375
45618,1,0.04375
45619,0,0.05
45620,1,0.04375
45621,0,0.05
45622,0,0.05
45623,1,0.05625
45624,1,0.04375
45625,0,0.05
45626,0,0.05
45627,1,0.05625
45628,0,0.05
45629,1,0.05625
45630,1,0.05625
45631,2,0.0625
45632,3,0.03125
45633,2,0.0375
45634,2,0.0375
45635,1,0.04375
45636,2,0.0375
45637,1,0.04375
45638,1,0.04375
45639,0,0.05
45640,2,0.0375
45641,1,0.04375
45642,1,0.04375
45643,0,0.05
45644,1,0.04375
45645,0,0.05
45646,0,0.05
45647,1,0.05625
45648,2,0.0375
45649,1,0.04375
45650,1,0.04375
45651,0,0.05
45652,1,0.04375
45653,0,0.05
45654,0,0.05
45655,1,0.05625
45656,1,0.04375
45657,0,0.05
45658,0,0.05
45659,1,0.05625
45660,0,0.05
45661,1,0.05625
45662,1,0.05625
45663,2,0.0625
45664,2,0.0375
45665,1,0.04375
45666,1,0.04375
45667,0,0.05
45668,1,0.04375
45669,0,0.05
45670,0,0.05
45671,1,0.05625
45672,1,0.04375
45673,0,0.05
45674,0,0.05
45675,1,0.05625
45676,0,0.05
45677,1,0.05625
45678,1,0.05625
45679,2,0.0625
45680,1,0.04375
45681,0,0.05
45682,0,0.05
45683,1,0.05625
45684,0,0.05
45685,1,0.05625
45686,1,0.05625
45687,2,0.0625
45688,0,0.05
45689,1,0.05625
45690,1,0.05625
45691,2,0.0625
45692,1,0.05625
45693,2,0.0625
45694,2,0.0625
45695,3,0.06875
45696,3,0.03125
45697,2,0.0375
45698,2,0.0375
45699,1,0.04375
45700,2,0.0375
45701,1,0.04375
45702,1,0.04375
45703,0,0.05
45704,2,0.0375
45705,1,0.04375
45706,1,0.04375
45707,0,0.05
45708,1,0.04375
45709,0,0.05
45710,0,0.05
45711,1,0.05625
45712,2,0.0375
45713,1,0.04375
45714,1,0.04375
45715,0,0.05
45716,1,0.04375
45717,0,0.05
45718,0,0.05
45719,1,0.05625
45720,1,0.04375
45721,0,0.05
45722,0,0.05
45723,1,0.05625
45724,0,0.05
45725,1,0.05625
45726,1,0.05625
45727,2,0.0625
45728,2,0.0375
45729,1,0.04375
45730,1,0.04375
45731,0,0.05
45732,1,0.04375
45733,0,0.05
45734,0,0.05
45735,1,0.05625
45736,1,0.04375
45737,0,0.05
45738,0,0.05
45739,1,0.05625
45740,0,0.05
45741,1,0.05625
45742,1,0.05625
45743,2,0.0625
45744,1,0.04375
45745,0,0.05
45746,0,0.05
45747,1,0.05625
45748,0,0.05
45749,1,0.05625
45750,1,0.05625
45751,2,0.0625
45752,0,0.05
45753,1,0.05625
45754,1,0.05625
45755,2,0.0625
45756,1,0.05625
45757,2,0.0625
45758,2,0.0625
45759,3,0.06875
45760,2,0.0375
45761,1,0.04375
45762,1,0.04375
45763,0,0.05
45764,1,0.04375
45765,0,0.05
45766,0,0.05
45767,1,0.05625
45768,1,0.04375
45769,0,0.05
45770,0,0.05
45771,1,0.05625
45772,0,0.05
45773,1,0.05625
45774,1,0.05625
45775,2,0.0625
45776,1,0.04375
45777,0,0.05
45778,0,0.05
45779,1,0.05625
45780,0,0.05
45781,1,0.05625
45782,1,0.05625
45783,2,0.0625
45784,0,0.05
45785,1,0.05625
45786,1,0.05625
45787,2,0.0625
45788,1,0.05625
45789,2,0.0625
45790,2,0.0625
45791,3,0.06875
45792,1,0.04375
45793,0,0.05
45794,0,0.05
45795,1,0.05625
45796,0,0.05
45797,1,0.05625
45798,1,0.05625
45799,2,0.0625
45800,0,0.05
45801,1,0.05625
45802,1,0.05625
45803,2,0.0625
45804,1,0.05625
45805,2,0.0625
45806,2,0.0625
45807,3,0.06875
45808,0,0.05
45809,1,0.05625
45810,1,0.05625
45811,2,0.0625
45812,1,0.05625
45813,2,0.0625
45814,2,0.0625
45815,3,0.06875
45816,1,0.05625
45817,2,0.0625
45818,2,0.0625
45819,3,0.06875
45820,2,0.0625
45821,3,0.06875
45822,3,0.06875
45823,4,0.075
45824,3,0.03125
45825,2,0.0375
45826,2,0.0375
45827,1,0.04375
45828,2,0.0375
45829,1,0.04375
45830,1,0.04375
45831,0,0.05
45832,2,0.0375
45833,1,0.04375
45834,1,0.04375
45835,0,0.05
45836,1,0.04375
45837,0,0.05
45838,0,0.05
45839,1,0.05625
45840,2,0.0375
45841,1,0.04375
45842,1,0.04375
45843,0,0.05
45844,1,0.04375
45845,0,0.05
45846,0,0.05
45847,1,0.05625
45848,1,0.04375
45849,0,0.05
45850,0,0.05
45851,1,0.05625
45852,0,0.05
45853,1,0.05625
45854,1,0.05625
45855,2,0.0625
45856,2,0.0375
45857,1,0.04375
45858,1,0.04375
45859,0,0.05
45860,1,0.04375
45861,0,0.05
45862,0,0.05
45863,1,0.05625
45864,1,0.04375
45865,0,0.05
45866,0,0.05
45867,1,0.05625
45868,0,0.05
45869,1,0.05625
45870,1,0.05625
45871,2,0.0625
45872,1,0.04375
45873,0,0.05
45874,0,0.05
45875,1,0.05625
45876,0,0.05
45877,1,0.05625
45878,1,0.05625
45879,2,0.0625
45880,0,0.05
45881,1,0.05625
45882,1,0.05625
45883,2,0.0625
45884,1,0.05625
45885,2,0.0625
45886,2,0.0625
45887,3,0.06875
45888,2,0.0375
45889,1,0.04375
45890,1,0.04375
45891,0,0.05
45892,1,0.04375
45893,0,0.05
45894,0,0.05
45895,1,0.05625
45896,1,0.04375
45897,0,0.05
45898,0,0.05
45899,1,0.05625
45900,0,0.05
45901,1,0.05625
45902,1,0.05625
45903,2,0.0625
45904,1,0.04375
45905,0,0.05
45906,0,0.05
45907,1,0.05625
45908,0,0.05
45909,1,0.05625
45910,1,0.05625
45911,2,0.0625
45912,0,0.05
45913,1,0.05625
45914,1,0.05625
45915,2,0.0625
45916,1,0.05625
45917,2,0.0625
45918,2,0.0625
45919,3,0.06875
45920,1,0.04375
45921,0,0.05
45922,0,0.05
45923,1,0.05625
45924,0,0.05
45925,1,0.05625
45926,1,0.05625
45927,2,0.0625
45928,0,0.05
45929,1,0.05625
45930,1,0.05625
45931,2,0.0625
45932,1,0.05625
45933,2,0.0625
45934,2,0.0625
45935,3,0.06875
45936,0,0.05
45937,1,0.05625
45938,1,0.05625
45939,2,0.0625
45940,1,0.05625
45941,2,0.0625
45942,2,0.0625
45943,3,0.06875
45944,1,0.05625
45945,2,0.0625
45946,2,0.0625
45947,3,0.06875
45948,2,0.0625
45949,3,0.06875
45950,3,0.06875
45951,4,0.075
45952,2,0.0375
45953,1,0.04375
45954,1,0.04375
45955,0,0.05
45956,1,0.04375
45957,0,0.05
45958,0,0.05
45959,1,0.05625
45960,1,0.04375
45961,0,0.05
45962,0,0.05
45963,1,0.05625
45964,0,0.05
45965,1,0.05625
45966,1,0.05625
45967,2,0.0625
45968,1,0.04375
45969,0,0.05
45970,0,0.05
45971,1,0.05625
45972,0,0.05
45973,1,0.05625
45974,1,0.05625
45975,2,0.0625
45976,0,0.05
45977,1,0.05625
45978,1,0.05625
45979,2,0.0625
45980,1,0.05625
45981,2,0.0625
45982,2,0.0625
45983,3,0.06875
45984,1,0.04375
45985,0,0.05
45986,0,0.05
45987,1,0.05625
45988,0,0.05
45989,1,0.05625
45990,1,0.05625
45991,2,0.0625
45992,0,0.05
45993,1,0.05625
45994,1,0.05625
45995,2,0.0625
45996,1,0.05625
45997,2,0.0625
45998,2,0.0625
45999,3,0.06875
46000,0,0.05
46001,1,0.05625
46002,1,0.05625
46003,2,0.0625
46004,1,0.05625
46005,2,0.0625
46006,2,0.0625
46007,3,0.06875
46008,1,0.05625
46009,2,0.0625
46010,2,0.0625
46011,3,0.06875
46012,2,0.0625
46013,3,0.06875
46014,3,0.06875
46015,4,0.075
46016,1,0.04375
46017,0,0.05
46018,0,0.05
46019,1,0.05625
46020,0,0.05
46021,1,0.05625
46022,1,0.05625
46023,2,0.0625
46024,0,0.05
46025,1,0.05625
46026,1,0.05625
46027,2,0.0625
46028,1,0.05625
46029,2,0.0625
46030,2,0.0625
46031,3,0.06875
46032,0,0.05
46033,1,0.05625
46034,1,0.05625
46035,2,0.0625
46036,1,0.05625
46037,2,0.0625
46038,2,0.0625
46039,3,0.06875
46040,1,0.05625
46041,2,0.0625
46042,2,0.0625
46043,3,0.06875
46044,2,0.0625
46045,3,0.06875
46046,3,0.06875
46047,4,0.075
46048,0,0.05
46049,1,0.05625
46050,1,0.05625
46051,2,0.0625
46052,1,0.05625
46053,2,0.0625
46054,2,0.0625
46055,3,0.06875
46056,1,0.05625
46057,2,0.0625
46058,2,0.0625
46059,3,0.06875
46060,2,0.0625
46061,3,0.06875
46062,3,0.06875
46063,4,0.075
46064,1,0.05625
46065,2,0.0625
46066,2,0.0625
46067,3,0.06875
46068,2,0.0625
46069,3,0.06875
46070,3,0.06875
46071,4,0.075
46072,2,0.0625
46073,3,0.06875
46074,3,0.06875
46075,4,0.075
46076,3,0.06875
46077,4,0.075
46078,4,0.075
46079,3,0.08125
46080,4,0.025
46081,3,0.03125
46082,3,0.03125
46083,2,0.0375
46084,3,0.03125
46085,2,0.0375
46086,2,0.0375
46087,1,0.04375
46088,3,0.03125
46089,2,0.0375
46090,2,0.0375
46091,1,0.04375
46092,2,0.0375
46093,1,0.04375
46094,1,0.04375
46095,0,0.05
46096,3,0.03125
46097,2,0.0375
46098,2,0.0375
46099,1,0.04375
46100,2,0.0375
46101,1,0.04375
46102,1,0.04375
46103,0,0.05
46104,2,0.0375
46105,1,0.04375
46106,1,0.04375
46107,0,0.05
46108,1,0.04375
46109,0,0.05
46110,0,0.05
46111,1,0.05625
46112,3,0.03125
46113,2,0.0375
46114,2,0.0375
46115,1,0.04375
46116,2,0.0375
46117,1,0.04375
46118,1,0.04375
46119,0,0.05
46120,2,0.0375
46121,1,0.04375
46122,1,0.04375
46123,0,0.05
46124,1,0.04375
46125,0,0.05
46126,0,0.05
46127,1,0.05625
46128,2,0.0375
46129,1,0.04375
46130,1,0.04375
46131,0,0.05
46132,1,0.04375
46133,0,0.05
46134,0,0.05
46135,1,0.05625
46136,1,0.04375
46137,0,0.05
46138,0,0.05
46139,1,0.05625
46140,0,0.05
46141,1,0.05625
46142,1,0.05625
46143,2,0.0625
46144,3,0.03125
46145,2,0.0375
46146,2,0.0375
46147,1,0.04375
46148,2,0.0375
46149,1,0.04375
46150,1,0.04375
46151,0,0.05
46152,2,0.0375
46153,1,0.04375
46154,1,0.04375
46155,0,0.05
46156,1,0.04375
46157,0,0.05
46158,0,0.05
46159,1,0.05625
46160,2,0.0375
46161,1,0.04375
46162,1,0.04375
46163,0,0.05
46164,1,0.04375
46165,0,0.05
46166,0,0.05
46167,1,0.05625
46168,1,0.04375
46169,0,0.05
46170,0,0.05
46171,1,0.05625
46172,0,0.05
46173,1,0.05625
46174,1,0.05625
46175,2,0.0625
46176,2,0.0375
46177,1,0.04375
46178,1,0.04375
46179,0,0.05
46180,1,0.04375
46181,0,0.05
46182,0,0.05
46183,1,0.05625
46184,1,0.04375
46185,0,0.05
46186,0,0.05
46187,1,0.05625
46188,0,0.05
46189,1,0.05625
46190,1,0.05625
46191,2,0.0625
46192,1,0.04375
46193,0,0.05
46194,0,0.05
46195,1,0.05625
46196,0,0.05
46197,1,0.05625
46198,1,0.05625
46199,2,0.0625
46200,0,0.05
46201,1,0.05625
46202,1,0.05625
46203,2,0.0625
46204,1,0.05625
46205,2,0.0625
46206,2,0.0625
46207,3,0.06875
46208,3,0.03125
46209,2,0.0375
46210,2,0.0375
46211,1,0.04375
46212,2,0.0375
46213,1,0.04375
46214,1,0.04375
46215,0,0.05
46216,2,0.0375
46217,1,0.04375
46218,1,0.04375
46219,0,0.05
46220,1,0.04375
46221,0,0.05
46222,0,0.05
46223,1,0.05625
46224,2,0.0375
46225,1,0.04375
46226,1,0.04375
46227,0,0.05
46228,1,0.04375
46229,0,0.05
46230,0,0.05
46231,1,0.05625
46232,1,0.04375
46233,0,0.05
46234,0,0.05
46235,1,0.05625
46236,0,0.05
46237,1,0.05625
46238,1,0.05625
46239,2,0.0625
46240,2,0.0375
46241,1,0.04375
46242,1,0.04375
46243,0,0.05
46244,1,0.04375
46245,0,0.05
46246,0,0.05
46247,1,0.05625
46248,1,0.04375
46249,0,0.05
46250,0,0.05
46251,1,0.05625
46252,0,0.05
46253,1,0.05625
46254,1,0.05625
46255,2,0.0625
46256,1,0.04375
46257,0,0.05
46258,0,0.05
46259,1,0.05625
46260,0,0.05
46261,1,0.05625
46262,1,0.05625
46263,2,0.0625
46264,0,0.05
46265,1,0.05625
46266,1,0.05625
46267,2,0.0625
46268,1,0.05625
46269,2,0.0625
46270,2,0.0625
46271,3,0.06875
46272,2,0.0375
46273,1,0.04375
46274,1,0.04375
46275,0,0.05
46276,1,0.04375
46277,0,0.05
46278,0,0.05
46279,1,0.05625
46280,1,0.04375
46281,0,0.05
46282,0,0.05
46283,1,0.05625
46284,0,0.05
46285,1,0.05625
46286,1,0.05625
46287,2,0.0625
46288,1,0.04375
46289,0,0.05
46290,0,0.05
46291,1,0.05625
46292,0,0.05
46293,1,0.05625
46294,1,0.05625
46295,2,0.0625
46296,0,0.05
46297,1,0.05625
46298,1,0.05625
46299,2,0.0625
46300,1,0.05625
46301,2,0.0625
46302,2,0.0625
46303,3,0.06875
46304,1,0.04375
46305,0,0.05
46306,0,0.05
46307,1,0.05625
46308,0,0.05
46309,1,0.05625
46310,1,0.05625
46311,2,0.0625
46312,0,0.05
46313,1,0.05625
46314,1,0.05625
46315,2,0.0625
46316,1,0.05625
46317,2,0.0625
46318,2,0.0625
46319,3,0.06875
46320,0,0.05
46321,1,0.05625
46322,1,0.05625
46323,2,0.0625
46324,1,0.05625
46325,2,0.0625
46326,2,0.0625
46327,3,0.06875
46328,1,0.05625
46329,2,0.0625
46330,2,0.0625
46331,3,0.06875
46332,2,0.0625
46333,3,0.06875
46334,3,0.06875
46335,4,0.075
46336,3,0.03125
46337,2,0.0375
46338,2,0.0375
46339,1,0.04375
46340,2,0.0375
46341,1,0.04375
46342,1,0.04375
46343,0,0.05
46344,2,0.0375
46345,1,0.04375
46346,1,0.04375
46347,0,0.05
46348,1,0.04375
46349,0,0.05
46350,0,0.05
46351,1,0.05625
46352,2,0.0375
46353,1,0.04375
46354,1,0.04375
46355,0,0.05
46356,1,0.04375
46357,0,0.05
46358,0,0.05
46359,1,0.05625
46360,1,0.04375
46361,0,0.05
46362,0,0.05
46363,1,0.05625
46364,0,0.05
46365,1,0.05625
46366,1,0.05625
46367,2,0.0625
46368,2,0.0375
46369,1,0.04375
46370,1,0.04375
46371,0,0.05
46372,1,0.04375
46373,0,0.05
46374,0,0.05
46375,1,0.05625
46376,1,0.04375
46377,0,0.05
46378,0,0.05
46379,1,0.05625
46380,0,0.05
46381,1,0.05625
46382,1,0.05625
46383,2,0.0625
46384,1,0.04375
46385,0,0.05
46386,0,0.05
46387,1,0.05625
46388,0,0.05
46389,1,0.05625
46390,1,0.05625
46391,2,0.0625
46392,0,0.05
46393,1,0.05625
46394,1,0.05625
46395,2,0.0625
46396,1,0.05625
46397,2,0.0625
46398,2,0.0625
46399,3,0.06875
46400,2,0.0375
46401,1,0.04375
46402,1,0.04375
46403,0,0.05
46404,1,0.04375
46405,0,0.05
46406,0,0.05
46407,1,0.05625
46408,1,0.04375
46409,0,0.05
46410,0,0.05
46411,1,0.05625
46412,0,0.05
46413,1,0.05625
46414,1,0.05625
46415,2,0.0625
46416,1,0.04375
46417,0,0.05
46418,0,0.05
46419,1,0.05625
46420,0,0.05
46421,1,0.05625
46422,1,0.05625
46423,2,0.0625
46424,0,0.05
46425,1,0.05625
46426,1,0.05625
46427,2,0.0625
46428,1,0.05625
46429,2,0.0625
46430,2,0.0625
46431,3,0.06875
46432,1,0.04375
46433,0,0.05
46434,0,0.05
46435,1,0.05625
46436,0,0.05
46437,1,0.05625
46438,1,0.05625
46439,2,0.0625
46440,0,0.05
46441,1,0.05625
46442,1,0.05625
46443,2,0.0625
46444,1,0.05625
46445,2,0.0625
46446,2,0.0625
46447,3,0.06875
46448,0,0.05
46449,1,0.05625
46450,1,0.05625
46451,2,0.0625
46452,1,0.05625
46453,2,0.0625
46454,2,0.0625
46455,3,0.06875
46456,1,0.05625
46457,2,0.0625
46458,2,0.0625
46459,3,0.06875
46460,2,0.0625
46461,3,0.06875
46462,3,0.06875
46463,4,0.075
46464,2,0.0375
46465,1,0.04375
46466,1,0.04375
46467,0,0.05
46468,1,0.04375
46469,0,0.05
46470,0,0.05
46471,1,0.05625
46472,1,0.04375
46473,0,0.05
46474,0,0.05
46475,1,0.05625
46476,0,0.05
46477,1,0.05625
46478,1,0.05625
46479,2,0.0625
46480,1,0.04375
46481,0,0.05
46482,0,0.05
46483,1,0.05625
46484,0,0.05
46485,1,0.05625
46486,1,0.05625
46487,2,0.0625
46488,0,0.05
46489,1,0.05625
46490,1,0.05625
46491,2,0.0625
46492,1,0.05625
46493,2,0.0625
46494,2,0.0625
46495,3,0.06875
46496,1,0.04375
46497,0,0.05
46498,0,0.05
46499,1,0.05625
46500,0,0.05
46501,1,0.05625
46502,1,0.05625
46503,2,0.0625
46504,0,0.05
46505,1,0.05625
46506,1,0.05625
46507,2,0.0625
46508,1,0.05625
46509,2,0.0625
46510,2,0.0625
46511,3,0.06875
46512,0,0.05
46513,1,0.05625
46514,1,0.05625
46515,2,0.0625
46516,1,0.05625
46517,2,0.0625
46518,2,0.0625
46519,3,0.06875
46520,1,0.05625
46521,2,0.0625
46522,2,0.0625
46523,3,0.06875
46524,2,0.0625
46525,3,0.06875
46526,3,0.06875
46527,4,0.075
46528,1,0.04375
46529,0,0.05
46530,0,0.05
46531,1,0.05625
46532,0,0.05
46533,1,0.05625
46534,1,0.05625
46535,2,0.0625
46536,0,0.05
46537,1,0.05625
46538,1,0.05625
46539,2,0.0625
46540,1,0.05625
46541,2,0.0625
46542,2,0.0625
46543,3,0.06875
46544,0,0.05
46545,1,0.05625
46546,1,0.05625
46547,2,0.0625
46548,1,0.05625
46549,2,0.0625
46550,2,0.0625
46551,3,0.06875
46552,1,0.05625
46553,2,0.0625
46554,2,0.0625
46555,3,0.06875
46556,2,0.0625
46557,3,0.06875
46558,3,0.06875
46559,4,0.075
46560,0,0.05
46561,1,0.05625
46562,1,0.05625
46563,2,0.0625
46564,1,0.05625
46565,2,0.0625
46566,2,0.0625
46567,3,0.06875
46568,1,0.05625
46569,2,0.0625
46570,2,0.0625
46571,3,0.06875
46572,2,0.0625
46573,3,0.06875
46574,3,0.06875
46575,4,0.075
46576,1,0.05625
46577,2,0.0625
46578,2,0.0625
46579,3,0.06875
46580,2,0.0625
46581,3,0.06875
46582,3,0.06875
46583,4,0.075
46584,2,0.0625
46585,3,0.06875
46586,3,0.06875
46587,4,0.075
46588,3,0.06875
46589,4,0.075
46590,4,0.075
46591,3,0.08125
46592,3,0.03125
46593,2,0.0375
46594,2,0.0375
46595,1,0.04375
46596,2,0.0375
46597,1,0.04375
46598,1,0.04375
46599,0,0.05
46600,2,0.0375
46601,1,0.04375
46602,1,0.04375
46603,0,0.05
46604,1,0.04375
46605,0,0.05
46606,0,0.05
46607,1,0.05625
46608,2,0.0375
46609,1,0.04375
46610,1,0.04375
46611,0,0.05
46612,1,0.04375
46613,0,0.05
46614,0,0.05
46615,1,0.05625
46616,1,0.04375
46617,0,0.05
46618,0,0.05
46619,1,0.05625
46620,0,0.05
46621,1,0.05625
46622,1,0.05625
46623,2,0.0625
46624,2,0.0375
46625,1,0.04375
46626,1,0.04375
46627,0,0.05
46628,1,0.04375
46629,0,0.05
46630,0,0.05
46631,1,0.05625
46632,1,0.04375
46633,0,0.05
46634,0,0.05
46635,1,0.05625
46636,0,0.05
46637,1,0.05625
46638,1,0.05625
46639,2,0.0625
46640,1,0.04375
46641,0,0.05
46642,0,0.05
46643,1,0.05625
46644,0,0.05
46645,1,0.05625
46646,1,0.05625
46647,2,0.0625
46648,0,0.05
46649,1,0.05625
46650,1,0.05625
46651,2,0.0625
46652,1,0.05625
46653,2,0.0625
46654,2,0.0625
46655,3,0.06875
46656,2,0.0375
46657,1,0.04375
46658,1,0.04375
46659,0,0.05
46660,1,0.04375
46661,0,0.05
46662,0,0.05
46663,1,0.05625
46664,1,0.04375
46665,0,0.05
46666,0,0.05
46667,1,0.05625
46668,0,0.05
46669,1,0.05625
46670,1,0.05625
46671,2,0.0625
46672,1,0.04375
46673,0,0.05
46674,0,0.05
46675,1,0.05625
46676,0,0.05
46677,1,0.05625
46678,1,0.05625
46679,2,0.0625
46680,0,0.05
46681,1,0.05625
46682,1,0.05625
46683,2,0.0625
46684,1,0.05625
46685,2,0.0625
46686,2,0.0625
46687,3,0.06875
46688,1,0.04375
46689,0,0.05
46690,0,0.05
46691,1,0.05625
46692,0,0.05
46693,1,0.05625
46694,1,0.05625
46695,2,0.0625
46696,0,0.05
46697,1,0.05625
46698,1,0.05625
46699,2,0.0625
46700,1,0.05625
46701,2,0.0625
46702,2,0.0625
46703,3,0.06875
46704,0,0.05
46705,1,0.05625
46706,1,0.05625
46707,2,0.0625
46708,1,0.05625
46709,2,0.0625
46710,2,0.0625
46711,3,0.06875
46712,1,0.05625
46713,2,0.0625
46714,2,0.0625
46715,3,0.06875
46716,2,0.0625
46717,3,0.06875
46718,3,0.06875
46719,4,0.075
46720,2,0.0375
46721,1,0.04375
46722,1,0.04375
46723,0,0.05
46724,1,0.04375
46725,0,0.05
46726,0,0.05
46727,1,0.05625
46728,1,0.04375
46729,0,0.05
46730,0,0.05
46731,1,0.05625
46732,0,0.05
46733,1,0.05625
46734,1,0.05625
46735,2,0.0625
46736,1,0.04375
46737,0,0.05
46738,0,0.05
46739,1,0.05625
46740,0,0.05
46741,1,0.05625
46742,1,0.05625
46743,2,0.0625
46744,0,0.05
46745,1,0.05625
46746,1,0.05625
46747,2,0.0625
46748,1,0.05625
46749,2,0.0625
46750,2,0.0625
46751,3,0.06875
46752,1,0.04375
46753,0,0.05
46754,0,0.05
46755,1,0.05625
46756,0,0.05
46757,1,0.05625
46758,1,0.05625
46759,2,0.0625
46760,0,0.05
46761,1,0.05625
46762,1,0.05625
46763,2,0.0625
46764,1,0.05625
46765,2,0.0625
46766,2,0.0625
46767,3,0.06875
46768,0,0.05
46769,1,0.05625
46770,1,0.05625
46771,2,0.0625
46772,1,0.05625
46773,2,0.0625
46774,2,0.0625
46775,3,0.06875
46776,1,0.05625
46777,2,0.0625
46778,2,0.0625
46779,3,0.06875
46780,2,0.0625
46781,3,0.06875
46782,3,0.06875
46783,4,0.075
46784,1,0.04375
46785,0,0.05
46786,0,0.05
46787,1,0.05625
46788,0,0.05
46789,1,0.05625
46790,1,0.05625
46791,2,0.0625
46792,0,0.05
46793,1,0.05625
46794,1,0.05625
46795,2,0.0625
46796,1,0.05625
46797,2,0.0625
46798,2,0.0625
46799,3,0.06875
46800,0,0.05
46801,1,0.05625
46802,1,0.05625
46803,2,0.0625
46804,1,0.05625
46805,2,0.0625
46806,2,0.0625
46807,3,0.06875
46808,1,0.05625
46809,2,0.0625
46810,2,0.0625
46811,3,0.06875
46812,2,0.0625
46813,3,0.06875
46814,3,0.06875
46815,4,0.075
46816,0,0.05
46817,1,0.05625
46818,1,0.05625
46819,2,0.0625
46820,1,0.05625
46821,2,0.0625
46822,2,0.0625
46823,3,0.06875
46824,1,0.05625
46825,2,0.0625
46826,2,0.0625
46827,3,0.06875
46828,2,0.0625
46829,3,0.06875
46830,3,0.06875
46831,4,0.075
46832,1,0.05625
46833,2,0.0625
46834,2,0.0625
46835,3,0.06875
46836,2,0.0625
46837,3,0.06875
46838,3,0.06875
46839,4,0.075
46840,2,0.0625
46841,3,0.06875
46842,3,0.06875
46843,4,0.075
46844,3,0.06875
46845,4,0.075
46846,4,0.075
46847,3,0.08125
46848,2,0.0375
46849,1,0.04375
46850,1,0.04375
46851,0,0.05
46852,1,0.04375
46853,0,0.05
46854,0,0.05
46855,1,0.05625
46856,1,0.04375
46857,0,0.05
46858,0,0.05
46859,1,0.05625
46860,0,0.05
46861,1,0.05625
46862,1,0.05625
46863,2,0.0625
46864,1,0.04375
46865,0,0.05
46866,0,0.05
46867,1,0.05625
46868,0,0.05
46869,1,0.05625
46870,1,0.05625
46871,2,0.0625
46872,0,0.05
46873,1,0.05625
46874,1,0.05625
46875,2,0.0625
46876,1,0.05625
46877,2,0.0625
46878,2,0.0625
46879,3,0.06875
46880,1,0.04375
46881,0,0.05
46882,0,0.05
46883,1,0.05625
46884,0,0.05
46885,1,0.05625
46886,1,0.05625
46887,2,0.0625
46888,0,0.05
46889,1,0.05625
46890,1,0.05625
46891,2,0.0625
46892,1,0.05625
46893,2,0.0625
46894,2,0.0625
46895,3,0.06875
46896,0,0.05
46897,1,0.05625
46898,1,0.05625
46899,2,0.0625
46900,1,0.05625
46901,2,0.0625
46902,2,0.0625
46903,3,0.06875
46904,1,0.05625
46905,2,0.0625
46906,2,0.0625
46907,3,0.06875
46908,2,0.0625
46909,3,0.06875
46910,3,0.06875
46911,4,0.075
46912,1,0.04375
46913,0,0.05
46914,0,0.05
46915,1,0.05625
46916,0,0.05
46917,1,0.05625
46918,1,0.05625
46919,2,0.0625
46920,0,0.05
46921,1,0.05625
46922,1,0.05625
46923,2,0.0625
46924,1,0.05625
46925,2,0.0625
46926,2,0.0625
46927,3,0.06875
46928,0,0.05
46929,1,0.05625
46930,1,0.05625
46931,2,0.0625
46932,1,0.05625
46933,2,0.0625
46934,2,0.0625
46935,3,0.06875
46936,1,0.05625
46937,2,0.0625
46938,2,0.0625
46939,3,0.06875
46940,2,0.0625
46941,3,0.06875
46942,3,0.06875
46943,4,0.075
46944,0,0.05
46945,1,0.05625
46946,1,0.05625
46947,2,0.0625
46948,1,0.05625
46949,2,0.0625
46950,2,0.0625
46951,3,0.06875
46952,1,0.05625
46953,2,0.0625
46954,2,0.0625
46955,3,0.06875
46956,2,0.0625
46957,3,0.06875
46958,3,0.06875
46959,4,0.075
46960,1,0.05625
46961,2,0.0625
46962,2,0.0625
46963,3,0.06875
46964,2,0.0625
46965,3,0.06875
46966,3,0.06875
46967,4,0.075
46968,2,0.0625
46969,3,0.06875
46970,3,0.06875
46971,4,0.075
46972,3,0.06875
46973,4,0.075
46974,4,0.075
46975,3,0.08125
46976,1,0.04375
46977,0,0.05
46978,0,0.05
46979,1,0.05625
46980,0,0.05
46981,1,0.05625
46982,1,0.05625
46983,2,0.0625
46984,0,0.05
46985,1,0.05625
46986,1,0.05625
46987,2,0.0625
46988,1,0.05625
46989,2,0.0625
46990,2,0.0625
46991,3,0.06875
46992,0,0.05
46993,1,0.05625
46994,1,0.05625
46995,2,0.0625
46996,1,0.05625
46997,2,0.0625
46998,2,0.0625
46999,3,0.06875
47000,1,0.05625
47001,2,0.0625
47002,2,0.0625
47003,3,0.06875
47004,2,0.0625
47005,3,0.06875
47006,3,0.06875
47007,4,0.075
47008,0,0.05
47009,1,0.05625
47010,1,0.05625
47011,2,0.0625
47012,1,0.05625
47013,2,0.0625
47014,2,0.0625
47015,3,0.06875
47016,1,0.05625
47017,2,0.0625
47018,2,0.0625
47019,3,0.06875
47020,2,0.0625
47021,3,0.06875
47022,3,0.06875
47023,4,0.075
47024,1,0.05625
47025,2,0.0625
47026,2,0.0625
47027,3,0.06875
47028,2,0.0625
47029,3,0.06875
47030,3,0.06875
47031,4,0.075
47032,2,0.0625
47033,3,0.06875
47034,3,0.06875
47035,4,0.075
47036,3,0.06875
47037,4,0.075
47038,4,0.075
47039,3,0.08125
47040,0,0.05
47041,1,0.05625
47042,1,0.05625
47043,2,0.0625
47044,1,0.05625
47045,2,0.0625
47046,2,0.0625
47047,3,0.06875
47048,1,0.05625
47049,2,0.0625
47050,2,0.0625
47051,3,0.06875
47052,2,0.0625
47053,3,0.06875
47054,3,0.06875
47055,4,0.075
47056,1,0.05625
47057,2,0.0625
47058,2,0.0625
47059,3,0.06875
47060,2,0.0625
47061,3,0.06875
47062,3,0.06875
47063,4,0.075
47064,2,0.0625
47065,3,0.06875
47066,3,0.06875
47067,4,0.075
47068,3,0.06875
47069,4,0.075
47070,4,0.075
47071,3,0.08125
47072,1,0.05625
47073,2,0.0625
47074,2,0.0625
47075,3,0.06875
47076,2,0.0625
47077,3,0.06875
47078,3,0.06875
47079,4,0.075
47080,2,0.0625
47081,3,0.06875
47082,3,0.06875
47083,4,0.075
47084,3,0.06875
47085,4,0.075
47086,4,0.075
47087,3,0.08125
47088,2,0.0625
47089,3,0.06875
47090,3,0.06875
47091,4,0.075
47092,3,0.06875
47093,4,0.075
47094,4,0.075
47095,3,0.08125
47096,3,0.06875
47097,4,0.075
47098,4,0.075
47099,3,0.08125
47100,4,0.075
47101,3,0.08125
47102,3,0.08125
47103,2,0.0875
47104,4,0.025
47105,3,0.03125
47106,3,0.03125
47107,2,0.0375
47108,3,0.03125
47109,2,0.0375
47110,2,0.0375
47111,1,0.04375
47112,3,0.03125
47113,2,0.0375
47114,2,0.0375
47115,1,0.04375
47116,2,0.0375
47117,1,0.04375
47118,1,0.04375
47119,0,0.05
47120,3,0.03125
47121,2,0.0375
47122,2,0.0375
47123,1,0.04375
47124,2,0.0375
47125,1,0.04375
47126,1,0.04375
47127,0,0.05
47128,2,0.0375
47129,1,0.04375
47130,1,0.04375
47131,0,0.05
47132,1,0.04375
47133,0,0.05
47134,0,0.05
47135,1,0.05625
47136,3,0.03125
47137,2,0.0375
47138,2,0.0375
47139,1,0.04375
47140,2,0.0375
47141,1,0.04375
47142,1,0.04375
47143,0,0.05
47144,2,0.0375
47145,1,0.04375
47146,1,0.04375
47147,0,0.05
47148,1,0.04375
47149,0,0.05
47150,0,0.05
47151,1,0.05625
47152,2,0.0375
47153,1,0.04375
47154,1,0.04375
47155,0,0.05
47156,1,0.04375
47157,0,0.05
47158,0,0.05
47159,1,0.05625
47160,1,0.04375
47161,0,0.05
47162,0,0.05
47163,1,0.05625
47164,0,0.05
47165,1,0.05625
47166,1,0.05625
47167,2,0.0625
47168,3,0.03125
47169,2,0.0375
47170,2,0.0375
47171,1,0.04375
47172,2,0.0375
47173,1,0.04375
47174,1,0.04375
47175,0,0.05
47176,2,0.0375
47177,1,0.04375
47178,1,0.04375
47179,0,0.05
47180,1,0.04375
47181,0,0.05
47182,0,0.05
47183,1,0.05625
47184,2,0.0375
47185,1,0.04375
47186,1,0.04375
47187,0,0.05
47188,1,0.04375
47189,0,0.05
47190,0,0.05
47191,1,0.05625
47192,1,0.04375
47193,0,0.05
47194,0,0.05
47195,1,0.05625
47196,0,0.05
47197,1,0.05625
47198,1,0.05625
47199,2,0.0625
47200,2,0.0375
47201,1,0.04375
47202,1,0.04375
47203,0,0.05
47204,1,0.04375
47205,0,0.05
47206,0,0.05
47207,1,0.05625
47208,1,0.04375
47209,0,0.05
47210,0,0.05
47211,1,0.05625
47212,0,0.05
47213,1,0.05625
47214,1,0.05625
47215,2,0.0625
47216,1,0.04375
47217,0,0.05
47218,0,0.05
47219,1,0.05625
47220,0,0.05
47221,1,0.05625
47222,1,0.05625
47223,2,0.0625
47224,0,0.05
47225,1,0.05625
47226,1,0.05625
47227,2,0.0625
47228,1,0.05625
47229,2,0.0625
47230,2,0.0625
47231,3,0.06875
47232,3,0.03125
47233,2,0.0375
47234,2,0.0375
47235,1,0.04375
47236,2,0.0375
47237,1,0.04375
47238,1,0.04375
47239,0,0.05
47240,2,0.0375
47241,1,0.04375
47242,1,0.04375
47243,0,0.05
47244,1,0.04375
47245,0,0.05
47246,0,0.05
47247,1,0.05625
47248,2,0.0375
47249,1,0.04375
47250,1,0.04375
47251,0,0.05
47252,1,0.04375
47253,0,0.05
47254,0,0.05
47255,1,0.05625
47256,1,0.04375
47257,0,0.05
47258,0,0.05
47259,1,0.05625
47260,0,0.05
47261,1,0.05625
47262,1,0.05625
47263,2,0.0625
47264,2,0.0375
47265,1,0.04375
47266,1,0.04375
47267,0,0.05
47268,1,0.04375
47269,0,0.05
47270,0,0.05
47271,1,0.05625
47272,1,0.04375
47273,0,0.05
47274,0,0.05
47275,1,0.05625
47276,0,0.05
47277,1,0.05625
47278,1,0.05625
47279,2,0.0625
47280,1,0.04375
47281,0,0.05
47282,0,0.05
47283,1,0.05625
47284,0,0.05
47285,1,0.05625
47286,1,0.05625
47287,2,0.0625
47288,0,0.05
47289,1,0.05625
47290,1,0.05625
47291,2,0.0625
47292,1,0.05625
47293,2,0.0625
47294,2,0.0625
47295,3,0.06875
47296,2,0.0375
47297,1,0.04375
47298,1,0.04375
47299,0,0.05
47300,1,0.04375
47301,0,0.05
47302,0,0.05
47303,1,0.05625
47304,1,0.04375
47305,0,0.05
47306,0,0.05
47307,1,0.05625
47308,0,0.05
47309,1,0.05625
47310,1,0.05625
47311,2,0.0625
47312,1,0.04375
47313,0,0.05
47314,0,0.05
47315,1,0.05625
47316,0,0.05
47317,1,0.05625
47318,1,0.05625
47319,2,0.0625
47320,0,0.05
47321,1,0.05625
47322,1,0.05625
47323,2,0.0625
47324,1,0.05625
47325,2,0.0625
47326,2,0.0625
47327,3,0.06875
47328,1,0.04375
47329,0,0.05
47330,0,0.05
47331,1,0.05625
47332,0,0.05
47333,1,0.05625
47334,1,0.05625
47335,2,0.0625
47336,0,0.05
47337,1,0.05625
47338,1,0.05625
47339,2,0.0625
47340,1,0.05625
47341,2,0.0625
47342,2,0.0625
47343,3,0.06875
47344,0,0.05
47345,1,0.05625
47346,1,0.05625
47347,2,0.0625
47348,1,0.05625
47349,2,0.0625
47350,2,0.0625
47351,3,0.06875
47352,1,0.05625
47353,2,0.0625
47354,2,0.0625
47355,3,0.06875
47356,2,0.0625
47357,3,0.06875
47358,3,0.06875
47359,4,0.075
47360,3,0.03125
47361,2,0.0375
47362,2,0.0375
47363,1,0.04375
47364,2,0.0375
47365,1,0.04375
47366,1,0.04375
47367,0,0.05
47368,2,0.0375
47369,1,0.04375
47370,1,0.04375
47371,0,0.05
47372,1,0.04375
47373,0,0.05
47374,0,0.05
47375,1,0.05625
47376,2,0.0375
47377,1,0.04375
47378,1,0.04375
47379,0,0.05
47380,1,0.04375
47381,0,0.05
47382,0,0.05
47383,1,0.05625
47384,1,0.04375
47385,0,0.05
47386,0,0.05
47387,1,0.05625
47388,0,0.05
47389,1,0.05625
47390,1,0.05625
47391,2,0.0625
47392,2,0.0375
47393,1,0.04375
47394,1,0.04375
47395,0,0.05
47396,1,0.04375
47397,0,0.05
47398,0,0.05
47399,1,0.05625
47400,1,0.04375
47401,0,0.05
47402,0,0.05
47403,1,0.05625
47404,0,0.05
47405,1,0.05625
47406,1,0.05625
47407,2,0.0625
47408,1,0.04375
47409,0,0.05
47410,0,0.05
47411,1,0.05625
47412,0,0.05
47413,1,0.05625
47414,1,0.05625
47415,2,0.0625
47416,0,0.05
47417,1,0.05625
47418,1,0.05625
47419,2,0.0625
47420,1,0.05625
47421,2,0.0625
47422,2,0.0625
47423,3,0.06875
47424,2,0.0375
47425,1,0.04375
47426,1,0.04375
47427,0,0.05
47428,1,0.04375
47429,0,0.05
47430,0,0.05
47431,1,0.05625
47432,1,0.04375
47433,0,0.05
47434,0,0.05
47435,1,0.05625
47436,0,0.05
47437,1,0.05625
47438,1,0.05625
47439,2,0.0625
47440,1,0.04375
47441,0,0.05
47442,0,0.05
47443,1,0.05625
47444,0,0.05
47445,1,0.05625
47446,1,0.05625
47447,2,0.0625
47448,0,0.05
47449,1,0.05625
47450,1,0.05625
47451,2,0.0625
47452,1,0.05625
47453,2,0.0625
47454,2,0.0625
47455,3,0.06875
47456,1,0.04375
47457,0,0.05
47458,0,0.05
47459,1,0.05625
47460,0,0.05
47461,1,0.05625
47462,1,0.05625
47463,2,0.0625
47464,0,0.05
47465,1,0.05625
47466,1,0.05625
47467,2,0.0625
47468,1,0.05625
47469,2,0.0625
47470,2,0.0625
47471,3,0.06875
47472,0,0.05
47473,1,0.05625
47474,1,0.05625
47475,2,0.0625
47476,1,0.05625
47477,2,0.0625
47478,2,0.0625
47479,3,0.06875
47480,1,0.05625
47481,2,0.0625
47482,2,0.0625
47483,3,0.06875
47484,2,0.0625
47485,3,0.06875
47486,3,0.06875
47487,4,0.075
47488,2,0.0375
47489,1,0.04375
47490,1,0.04375
47491,0,0.05
47492,1,0.04375
47493,0,0.05
47494,0,0.05
47495,1,0.05625
47496,1,0.04375
47497,0,0.05
47498,0,0.05
47499,1,0.05625
47500,0,0.05
47501,1,0.05625
47502,1,0.05625
47503,2,0.0625
47504,1,0.04375
47505,0,0.05
47506,0,0.05
47507,1,0.05625
47508,0,0.05
47509,1,0.05625
47510,1,0.05625
47511,2,0.0625
47512,0,0.05
47513,1,0.05625
47514,1,0.05625
47515,2,0.0625
47516,1,0.05625
47517,2,0.0625
47518,2,0.0625
47519,3,0.06875
47520,1,0.04375
47521,0,0.05
47522,0,0.05
47523,1,0.05625
47524,0,0.05
47525,1,0.05625
47526,1,0.05625
47527,2,0.0625
47528,0,0.05
47529,1,0.05625
47530,1,0.05625
47531,2,0.0625
47532,1,0.05625
47533,2,0.0625
47534,2,0.0625
47535,3,0.06875
47536,0,0.05
47537,1,0.05625
47538,1,0.05625
47539,2,0.0625
47540,1,0.05625
47541,2,0.0625
47542,2,0.0625
47543,3,0.06875
47544,1,0.05625
47545,2,0.0625
47546,2,0.0625
47547,3,0.06875
47548,2,0.0625
47549,3,0.06875
47550,3,0.06875
47551,4,0.075
47552,1,0.04375
47553,0,0.05
47554,0,0.05
47555,1,0.05625
47556,0,0.05
47557,1,0.05625
47558,1,0.05625
47559,2,0.0625
47560,0,0.05
47561,1,0.05625
47562,1,0.05625
47563,2,0.0625
47564,1,0.05625
47565,2,0.0625
47566,2,0.0625
47567,3,0.06875
47568,0,0.05
47569,1,0.05625
47570,1,0.05625
47571,2,0.0625
47572,1,0.05625
47573,2,0.0625
47574,2,0.0625
47575,3,0.06875
47576,1,0.05625
47577,2,0.0625
47578,2,0.0625
47579,3,0.06875
47580,2,0.0625
47581,3,0.06875
47582,3,0.06875
47583,4,0.075
47584,0,0.05
47585,1,0.05625
47586,1,0.05625
47587,2,0.0625
47588,1,0.05625
47589,2,0.0625
47590,2,0.0625
47591,3,0.06875
47592,1,0.05625
47593,2,0.0625
47594,2,0.0625
47595,3,0.06875
47596,2,0.0625
47597,3,0.06875
47598,3,0.06875
47599,4,0.075
47600,1,0.05625
47601,2,0.0625
47602,2,0.0625
47603,3,0.06875
47604,2,0.0625
47605,3,0.06875
47606,3,0.06875
47607,4,0.075
47608,2,0.0625
47609,3,0.06875
47610,3,0.06875
47611,4,0.075
47612,3,0.06875
47613,4,0.075
47614,4,0.075
47615,3,0.08125
47616,3,0.03125
47617,2,0.0375
47618,2,0.0375
47619,1,0.04375
47620,2,0.0375
47621,1,0.04375
47622,1,0.04375
47623,0,0.05
47624,2,0.0375
47625,1,0.04375
47626,1,0.04375
47627,0,0.05
47628,1,0.04375
47629,0,0.05
47630,0,0.05
47631,1,0.05625
47632,2,0.0375
47633,1,0.04375
47634,1,0.04375
47635,0,0.05
47636,1,0.04375
47637,0,0.05
47638,0,0.05
47639,1,0.05625
47640,1,0.04375
47641,0,0.05
47642,0,0.05
47643,1,0.05625
47644,0,0.05
47645,1,0.05625
47646,1,0.05625
47647,2,0.0625
47648,2,0.0375
47649,1,0.04375
47650,1,0.04375
47651,0,0.05
47652,1,0.04375
47653,0,0.05
47654,0,0.05
47655,1,0.05625
47656,1,0.04375
47657,0,0.05
47658,0,0.05
47659,1,0.05625
47660,0,0.05
47661,1,0.05625
47662,1,0.05625
47663,2,0.0625
47664,1,0.04375
47665,0,0.05
47666,0,0.05
47667,1,0.05625
47668,0,0.05
47669,1,0.05625
47670,1,0.05625
47671,2,0.0625
47672,0,0.05
47673,1,0.05625
47674,1,0.05625
47675,2,0.0625
47676,1,0.05625
47677,2,0.0625
47678,2,0.0625
47679,3,0.06875
47680,2,0.0375
47681,1,0.04375
47682,1,0.04375
47683,0,0.05
47684,1,0.04375
47685,0,0.05
47686,0,0.05
47687,1,0.05625
47688,1,0.04375
47689,0,0.05
47690,0,0.05
47691,1,0.05625
47692,0,0.05
47693,1,0.05625
47694,1,0.05625
47695,2,0.0625
47696,1,0.04375
47697,0,0.05
47698,0,0.05
47699,1,0.05625
47700,0,0.05
47701,1,0.05625
47702,1,0.05625
47703,2,0.0625
47704,0,0.05
47705,1,0.05625
47706,1,0.05625
47707,2,0.0625
47708,1,0.05625
47709,2,0.0625
47710,2,0.0625
47711,3,0.06875
47712,1,0.04375
47713,0,0.05
47714,0,0.05
47715,1,0.05625
47716,0,0.05
47717,1,0.05625
47718,1,0.05625
47719,2,0.0625
47720,0,0.05
47721,1,0.05625
47722,1,0.05625
47723,2,0.0625
47724,1,0.05625
47725,2,0.0625
47726,2,0.0625
47727,3,0.06875
47728,0,0.05
47729,1,0.05625
47730,1,0.05625
47731,2,0.0625
47732,1,0.05625
47733,2,0.0625
47734,2,0.0625
47735,3,0.06875
47736,1,0.05625
47737,2,0.0625
47738,2,0.0625
47739,3,0.06875
47740,2,0.0625
47741,3,0.06875
47742,3,0.06875
47743,4,0.075
47744,2,0.0375
47745,1,0.04375
47746,1,0.04375
47747,0,0.05
47748,1,0.04375
47749,0,0.05
47750,0,0.05
47751,1,0.05625
47752,1,0.04375
47753,0,0.05
47754,0,0.05
47755,1,0.05625
47756,0,0.05
47757,1,0.05625
47758,1,0.05625
47759,2,0.0625
47760,1,0.04375
47761,0,0.05
47762,0,0.05
47763,1,0.05625
47764,0,0.05
47765,1,0.05625
47766,1,0.05625
47767,2,0.0625
47768,0,0.05
47769,1,0.05625
47770,1,0.05625
47771,2,0.0625
47772,1,0.05625
47773,2,0.0625
47774,2,0.0625
47775,3,0.06875
47776,1,0.04375
47777,0,0.05
47778,0,0.05
47779,1,0.05625
47780,0,0.05
47781,1,0.05625
47782,1,0.05625
47783,2,0.0625
47784,0,0.05
47785,1,0.05625
47786,1,0.05625
47787,2,0.0625
47788,1,0.05625
47789,2,0.0625
47790,2,0.0625
47791,3,0.06875
47792,0,0.05
47793,1,0.05625
47794,1,0.05625
47795,2,0.0625
47796,1,0.05625
47797,2,0.0625
47798,2,0.0625
47799,3,0.06875
47800,1,0.05625
47801,2,0.0625
47802,2,0.0625
47803,3,0.06875
47804,2,0.0625
47805,3,0.06875
47806,3,0.06875
47807,4,0.075
47808,1,0.04375
47809,0,0.05
47810,0,0.05
47811,1,0.05625
47812,0,0.05
47813,1,0.05625
47814,1,0.05625
47815,2,0.0625
47816,0,0.05
47817,1,0.05625
47818,1,0.05625
47819,2,0.0625
47820,1,0.05625
47821,2,0.0625
47822,2,0.0625
47823,3,0.06875
47824,0,0.05
47825,1,0.05625
47826,1,0.05625
47827,2,0.0625
47828,1,0.05625
47829,2,0.0625
47830,2,0.0625
47831,3,0.06875
47832,1,0.05625
47833,2,0.0625
47834,2,0.0625
47835,3,0.06875
47836,2,0.0625
47837,3,0.06875
47838,3,0.06875
47839,4,0.075
47840,0,0.05
47841,1,0.05625
47842,1,0.05625
47843,2,0.0625
47844,1,0.05625
47845,2,0.0625
47846,2,0.0625
47847,3,0.06875
47848,1,0.05625
47849,2,0.0625
47850,2,0.0625
47851,3,0.06875
47852,2,0.0625
47853,3,0.06875
47854,3,0.06875
47855,4,0.075
47856,1,0.05625
47857,2,0.0625
47858,2,0.0625
47859,3,0.06875
47860,2,0.0625
47861,3,0.06875
47862,3,0.06875
47863,4,0.075
47864,2,0.0625
47865,3,0.06875
47866,3,0.06875
47867,4,0.075
47868,3,0.06875
47869,4,0.075
47870,4,0.075
47871,3,0.08125
47872,2,0.0375
47873,1,0.04375
47874,1,0.04375
47875,0,0.05
47876,1,0.04375
47877,0,0.05
47878,0,0.05
47879,1,0.05625
47880,1,0.04375
47881,0,0.05
47882,0,0.05
47883,1,0.05625
47884,0,0.05
47885,1,0.05625
47886,1,0.05625
47887,2,0.0625
47888,1,0.04375
47889,0,0.05
47890,0,0.05
47891,1,0.05625
47892,0,0.05
47893,1,0.05625
47894,1,0.05625
47895,2,0.0625
47896,0,0.05
47897,1,0.05625
47898,1,0.05625
47899,2,0.0625
47900,1,0.05625
47901,2,0.0625
47902,2,0.0625
47903,3,0.06875
47904,1,0.04375
47905,0,0.05
47906,0,0.05
47907,1,0.05625
47908,0,0.05
47909,1,0.05625
47910,1,0.05625
47911,2,0.0625
47912,0,0.05
47913,1,0.05625
47914,1,0.05625
47915,2,0.0625
47916,1,0.05625
47917,2,0.0625
47918,2,0.0625
47919,3,0.06875
47920,0,0.05
47921,1,0.05625
47922,1,0.05625
47923,2,0.0625
47924,1,0.05625
47925,2,0.0625
47926,2,0.0625
47927,3,0.06875
47928,1,0.05625
47929,2,0.0625
47930,2,0.0625
47931,3,0.06875
47932,2,0.0625
47933,3,0.06875
47934,3,0.06875
47935,4,0.075
47936,1,0.04375
47937,0,0.05
47938,0,0.05
47939,1,0.05625
47940,0,0.05
47941,1,0.05625
47942,1,0.05625
47943,2,0.0625
47944,0,0.05
47945,1,0.05625
47946,1,0.05625
47947,2,0.0625
47948,1,0.05625
47949,2,0.0625
47950,2,0.0625
47951,3,0.06875
47952,0,0.05
47953,1,0.05625
47954,1,0.05625
47955,2,0.0625
47956,1,0.05625
47957,2,0.0625
47958,2,0.0625
47959,3,0.06875
47960,1,0.05625
47961,2,0.0625
47962,2,0.0625
47963,3,0.06875
47964,2,0.0625
47965,3,0.06875
47966,3,0.06875
47967,4,0.075
47968,0,0.05
47969,1,0.05625
47970,1,0.05625
47971,2,0.0625
47972,1,0.05625
47973,2,0.0625
47974,2,0.0625
47975,3,0.06875
47976,1,0.05625
47977,2,0.0625
47978,2,0.0625
47979,3,0.06875
47980,2,0.0625
47981,3,0.06875
47982,3,0.06875
47983,4,0.075
47984,1,0.05625
47985,2,0.0625
47986,2,0.0625
47987,3,0.06875
47988,2,0.0625
47989,3,0.06875
47990,3,0.06875
47991,4,0.075
47992,2,0.0625
47993,3,0.06875
47994,3,0.06875
47995,4,0.075
47996,3,0.06875
47997,4,0.075
47998,4,0.075
47999,3,0.08125
48000,1,0.04375
48001,0,0.05
48002,0,0.05
48003,1,0.05625
48004,0,0.05
48005,1,0.05625
48006,1,0.05625
48007,2,0.0625
48008,0,0.05
48009,1,0.05625
48010,1,0.05625
48011,2,0.0625
48012,1,0.05625
48013,2,0.0625
48014,2,0.0625
48015,3,0.06875
48016,0,0.05
48017,1,0.05625
48018,1,0.05625
48019,2,0.0625
48020,1,0.05625
48021,2,0.0625
48022,2,0.0625
48023,3,0.06875
48024,1,0.05625
48025,2,0.0625
48026,2,0.0625
48027,3,0.06875
48028,2,0.0625
48029,3,0.06875
48030,3,0.06875
48031,4,0.075
48032,0,0.05
48033,1,0.05625
48034,1,0.05625
48035,2,0.0625
48036,1,0.05625
48037,2,0.0625
48038,2,0.0625
48039,3,0.06875
48040,1,0.05625
48041,2,0.0625
48042,2,0.0625
48043,3,0.06875
48044,2,0.0625
48045,3,0.06875
48046,3,0.06875
48047,4,0.075
48048,1,0.05625
48049,2,0.0625
48050,2,0.0625
48051,3,0.06875
48052,2,0.0625
48053,3,0.06875
48054,3,0.06875
48055,4,0.075
48056,2,0.0625
48057,3,0.06875
48058,3,0.06875
48059,4,0.075
48060,3,0.06875
48061,4,0.075
48062,4,0.075
48063,3,0.08125
48064,0,0.05
48065,1,0.05625
48066,1,0.05625
48067,2,0.0625
48068,1,0.05625
48069,2,0.0625
48070,2,0.0625
48071,3,0.06875
48072,1,0.05625
48073,2,0.0625
48074,2,0.0625
48075,3,0.06875
48076,2,0.0625
48077,3,0.06875
48078,3,0.06875
48079,4,0.075
48080,1,0.05625
48081,2,0.0625
48082,2,0.0625
48083,3,0.06875
48084,2,0.0625
48085,3,0.06875
48086,3,0.06875
48087,4,0.075
48088,2,0.0625
48089,3,0.06875
48090,3,0.06875
48091,4,0.075
48092,3,0.06875
48093,4,0.075
48094,4,0.075
48095,3,0.08125
48096,1,0.05625
48097,2,0.0625
48098,2,0.0625
48099,3,0.06875
48100,2,0.0625
48101,3,0.06875
48102,3,0.06875
48103,4,0.075
48104,2,0.0625
48105,3,0.06875
48106,3,0.06875
48107,4,0.075
48108,3,0.06875
48109,4,0.075
48110,4,0.075
48111,3,0.08125
48112,2,0.0625
48113,3,0.06875
48114,3,0.06875
48115,4,0.075
48116,3,0.06875
48117,4,0.075
48118,4,0.075
48119,3,0.08125
48120,3,0.06875
48121,4,0.075
48122,4,0.075
48123,3,0.08125
48124,4,0.075
48125,3,0.08125
48126,3,0.08125
48127,2,0.0875
48128,3,0.03125
48129,2,0.0375
48130,2,0.0375
48131,1,0.04375
48132,2,0.0375
48133,1,0.04375
48134,1,0.04375
48135,0,0.05
48136,2,0.0375
48137,1,0.04375
48138,1,0.04375
48139,0,0.05
48140,1,0.04375
48141,0,0.05
48142,0,0.05
48143,1,0.05625
48144,2,0.0375
48145,1,0.04375
48146,1,0.04375
48147,0,0.05
48148,1,0.04375
48149,0,0.05
48150,0,0.05
48151,1,0.05625
48152,1,0.04375
48153,0,0.05
48154,0,0.05
48155,1,0.05625
48156,0,0.05
48157,1,0.05625
48158,1,0.05625
48159,2,0.0625
48160,2,0.0375
48161,1,0.04375
48162,1,0.04375
48163,0,0.05
48164,1,0.04375
48165,0,0.05
48166,0,0.05
48167,1,0.05625
48168,1,0.04375
48169,0,0.05
48170,0,0.05
48171,1,0.05625
48172,0,0.05
48173,1,0.05625
48174,1,0.05625
48175,2,0.0625
48176,1,0.04375
48177,0,0.05
48178,0,0.05
48179,1,0.05625
48180,0,0.05
48181,1,0.05625
48182,1,0.05625
48183,2,0.0625
48184,0,0.05
48185,1,0.05625
48186,1,0.05625
48187,2,0.0625
48188,1,0.05625
48189,2,0.0625
48190,2,0.0625
48191,3,0.06875
48192,2,0.0375
48193,1,0.04375
48194,1,0.04375
48195,0,0.05
48196,1,0.04375
48197,0,0.05
48198,0,0.05
48199,1,0.05625
48200,1,0.04375
48201,0,0.05
48202,0,0.05
48203,1,0.05625
48204,0,0.05
48205,1,0.05625
48206,1,0.05625
48207,2,0.0625
48208,1,0.04375
48209,0,0.05
48210,0,0.05
48211,1,0.05625
48212,0,0.05
48213,1,0.05625
48214,1,0.05625
48215,2,0.0625
48216,0,0.05
48217,1,0.05625
48218,1,0.05625
48219,2,0.0625
48220,1,0.05625
48221,2,0.0625
48222,2,0.0625
48223,3,0.06875
48224,1,0.04375
48225,0,0.05
48226,0,0.05
48227,1,0.05625
48228,0,0.05
48229,1,0.05625
48230,1,0.05625
48231,2,0.0625
48232,0,0.05
48233,1,0.05625
48234,1,0.05625
48235,2,0.0625
48236,1,0.05625
48237,2,0.0625
48238,2,0.0625
48239,3,0.06875
48240,0,0.05
48241,1,0.05625
48242,1,0.05625
48243,2,0.0625
48244,1,0.05625
48245,2,0.0625
48246,2,0.0625
48247,3,0.06875
48248,1,0.05625
48249,2,0.0625
48250,2,0.0625
48251,3,0.06875
48252,2,0.0625
48253,3,0.06875
48254,3,0.06875
48255,4,0.075
48256,2,0.0375
48257,1,0.04375
48258,1,0.04375
48259,0,0.05
48260,1,0.04375
48261,0,0.05
48262,0,0.05
48263,1,0.05625
48264,1,0.04375
48265,0,0.05
48266,0,0.05
48267,1,0.05625
48268,0,0.05
48269,1,0.05625
48270,1,0.05625
48271,2,0.0625
48272,1,0.04375
48273,0,0.05
48274,0,0.05
48275,1,0.05625
48276,0,0.05
48277,1,0.05625
48278,1,0.05625
48279,2,0.0625
48280,0,0.05
48281,1,0.05625
48282,1,0.05625
48283,2,0.0625
48284,1,0.05625
48285,2,0.0625
48286,2,0.0625
48287,3,0.06875
48288,1,0.04375
48289,0,0.05
48290,0,0.05
48291,1,0.05625
48292,0,0.05
48293,1,0.05625
48294,1,0.05625
48295,2,0.0625
48296,0,0.05
48297,1,0.05625
48298,1,0.05625
48299,2,0.0625
48300,1,0.05625
48301,2,0.0625
48302,2,0.0625
48303,3,0.06875
48304,0,0.05
48305,1,0.05625
48306,1,0.05625
48307,2,0.0625
48308,1,0.05625
48309,2,0.0625
48310,2,0.0625
48311,3,0.06875
48312,1,0.05625
48313,2,0.0625
48314,2,0.0625
48315,3,0.06875
48316,2,0.0625
48317,3,0.06875
48318,3,0.06875
48319,4,0.075
48320,1,0.04375
48321,0,0.05
48322,0,0.05
48323,1,0.05625
48324,0,0.05
48325,1,0.05625
48326,1,0.05625
48327,2,0.0625
48328,0,0.05
48329,1,0.05625
48330,1,0.05625
48331,2,0.0625
48332,1,0.05625
48333,2,0.0625
48334,2,0.0625
48335,3,0.06875
48336,0,0.05
48337,1,0.05625
48338,1,0.05625
48339,2,0.0625
48340,1,0.05625
48341,2,0.0625
48342,2,0.0625
48343,3,0.06875
48344,1,0.05625
48345,2,0.0625
48346,2,0.0625
48347,3,0.06875
48348,2,0.0625
48349,3,0.06875
48350,3,0.06875
48351,4,0.075
48352,0,0.05
48353,1,0.05625
48354,1,0.05625
48355,2,0.0625
48356,1,0.05625
48357,2,0.0625
48358,2,0.0625
48359,3,0.06875
48360,1,0.05625
48361,2,0.0625
48362,2,0.0625
48363,3,0.06875
48364,2,0.0625
48365,3,0.06875
48366,3,0.06875
48367,4,0.075
48368,1,0.05625
48369,2,0.0625
48370,2,0.0625
48371,3,0.06875
48372,2,0.0625
48373,3,0.06875
48374,3,0.06875
48375,4,0.075
48376,2,0.0625
48377,3,0.06875
48378,3,0.06875
48379,4,0.075
48380,3,0.06875
48381,4,0.075
48382,4,0.075
48383,3,0.08125
48384,2,0.0375
48385,1,0.04375
48386,1,0.04375
48387,0,0.05
48388,1,0.04375
48389,0,0.05
48390,0,0.05
48391,1,0.05625
48392,1,0.04375
48393,0,0.05
48394,0,0.05
48395,1,0.05625
48396,0,0.05
48397,1,0.05625
48398,1,0.05625
48399,2,0.0625
48400,1,0.04375
48401,0,0.05
48402,0,0.05
48403,1,0.05625
48404,0,0.05
48405,1,0.05625
48406,1,0.05625
48407,2,0.0625
48408,0,0.05
48409,1,0.05625
48410,1,0.05625
48411,2,0.0625
48412,1,0.05625
48413,2,0.0625
48414,2,0.0625
48415,3,0.06875
48416,1,0.04375
48417,0,0.05
48418,0,0.05
48419,1,0.05625
48420,0,0.05
48421,1,0.05625
48422,1,0.05625
48423,2,0.0625
48424,0,0.05
48425,1,0.05625
48426,1,0.05625
48427,2,0.0625
48428,1,0.05625
48429,2,0.0625
48430,2,0.0625
48431,3,0.06875
48432,0,0.05
48433,1,0.05625
48434,1,0.05625
48435,2,0.0625
48436,1,0.05625
48437,2,0.0625
48438,2,0.0625
48439,3,0.06875
48440,1,0.05625
48441,2,0.0625
48442,2,0.0625
48443,3,0.06875
48444,2,0.0625
48445,3,0.06875
48446,3,0.06875
48447,4,0.075
48448,1,0.04375
48449,0,0.05
48450,0,0.05
48451,1,0.05625
48452,0,0.05
48453,1,0.05625
48454,1,0.05625
48455,2,0.0625
48456,0,0.05
48457,1,0.05625
48458,1,0.05625
48459,2,0.0625
48460,1,0.05625
48461,2,0.0625
48462,2,0.0625
48463,3,0.06875
48464,0,0.05
48465,1,0.05625
48466,1,0.05625
48467,2,0.0625
48468,1,0.05625
48469,2,0.0625
48470,2,0.0625
48471,3,0.06875
48472,1,0.05625
48473,2,0.0625
48474,2,0.0625
48475,3,0.06875
48476,2,0.0625
48477,3,0.06875
48478,3,0.06875
48479,4,0.075
48480,0,0.05
48481,1,0.05625
48482,1,0.05625
48483,2,0.0625
48484,1,0.05625
48485,2,0.0625
48486,2,0.0625
48487,3,0.06875
48488,1,0.05625
48489,2,0.0625
48490,2,0.0625
48491,3,0.06875
48492,2,0.0625
48493,3,0.06875
48494,3,0.06875
48495,4,0.075
48496,1,0.05625
48497,2,0.0625
48498,2,0.0625
48499,3,0.06875
48500,2,0.0625
48501,3,0.06875
48502,3,0.06875
48503,4,0.075
48504,2,0.0625
48505,3,0.06875
48506,3,0.06875
48507,4,0.075
48508,3,0.06875
48509,4,0.075
48510,4,0.075
48511,3,0.08125
48512,1,0.04375
48513,0,0.05
48514,0,0.05
48515,1,0.05625
48516,0,0.05
48517,1,0.05625
48518,1,0.05625
48519,2,0.0625
48520,0,0.05
48521,1,0.05625
48522,1,0.05625
48523,2,0.0625
48524,1,0.05625
48525,2,0.0625
48526,2,0.0625
48527,3,0.06875
48528,0,0.05
48529,1,0.05625
48530,1,0.05625
48531,2,0.0625
48532,1,0.05625
48533,2,0.0625
48534,2,0.0625
48535,3,0.06875
48536,1,0.05625
48537,2,0.0625
48538,2,0.0625
48539,3,0.06875
48540,2,0.0625
48541,3,0.06875
48542,3,0.06875
48543,4,0.075
48544,0,0.05
48545,1,0.05625
48546,1,0.05625
48547,2,0.0625
48548,1,0.05625
48549,2,0.0625
48550,2,0.0625
48551,3,0.06875
48552,1,0.05625
48553,2,0.0625
48554,2,0.0625
48555,3,0.06875
48556,2,0.0625
48557,3,0.06875
48558,3,0.06875
48559,4,0.075
48560,1,0.05625
48561,2,0.0625
48562,2,0.0625
48563,3,0.06875
48564,2,0.0625
48565,3,0.06875
48566,3,0.06875
48567,4,0.075
48568,2,0.0625
48569,3,0.06875
48570,3,0.06875
48571,4,0.075
48572,3,0.06875
48573,4,0.075
48574,4,0.075
48575,3,0.08125
48576,0,0.05
48577,1,0.05625
48578,1,0.05625
48579,2,0.0625
48580,1,0.05625
48581,2,0.0625
48582,2,0.0625
48583,3,0.06875
48584,1,0.05625
48585,2,0.0625
48586,2,0.0625
48587,3,0.06875
48588,2,0.0625
48589,3,0.06875
48590,3,0.06875
48591,4,0.075
48592,1,0.05625
48593,2,0.0625
48594,2,0.0625
48595,3,0.06875
48596,2,0.0625
48597,3,0.06875
48598,3,0.06875
48599,4,0.075
48600,2,0.0625
48601,3,0.06875
48602,3,0.06875
48603,4,0.075
48604,3,0.06875
48605,4,0.075
48606,4,0.075
48607,3,0.08125
48608,1,0.05625
48609,2,0.0625
48610,2,0.0625
48611,3,0.06875
48612,2,0.0625
48613,3,0.06875
48614,3,0.06875
48615,4,0.075
48616,2,0.0625
48617,3,0.06875
48618,3,0.06875
48619,4,0.075
48620,3,0.06875
48621,4,0.075
48622,4,0.075
48623,3,0.08125
48624,2,0.0625
48625,3,0.06875
48626,3,0.06875
48627,4,0.075
48628,3,0.06875
48629,4,0.075
48630,4,0.075
48631,3,0.08125
48632,3,0.06875
48633,4,0.075
48634,4,0.075
48635,3,0.08125
48636,4,0.075
48637,3,0.08125
48638,3,0.08125
48639,2,0.0875
48640,2,0.0375
48641,1,0.04375
48642,1,0.04375
48643,0,0.05
48644,1,0.04375
48645,0,0.05
48646,0,0.05
48647,1,0.05625
48648,1,0.04375
48649,0,0.05
48650,0,0.05
48651,1,0.05625
48652,0,0.05
48653,1,0.05625
48654,1,0.05625
48655,2,0.0625
48656,1,0.04375
48657,0,0.05
48658,0,0.05
48659,1,0.05625
48660,0,0.05
48661,1,0.05625
48662,1,0.05625
48663,2,0.0625
48664,0,0.05
48665,1,0.05625
48666,1,0.05625
48667,2,0.0625
48668,1,0.05625
48669,2,0.0625
48670,2,0.0625
48671,3,0.06875
48672,1,0.04375
48673,0,0.05
48674,0,0.05
48675,1,0.05625
48676,0,0.05
48677,1,0.05625
48678,1,0.05625
48679,2,0.0625
48680,0,0.05
48681,1,0.05625
48682,1,0.05625
48683,2,0.0625
48684,1,0.05625
48685,2,0.0625
48686,2,0.0625
48687,3,0.06875
48688,0,0.05
48689,1,0.05625
48690,1,0.05625
48691,2,0.0625
48692,1,0.05625
48693,2,0.0625
48694,2,0.0625
48695,3,0.06875
48696,1,0.05625
48697,2,0.0625
48698,2,0.0625
48699,3,0.06875
48700,2,0.0625
48701,3,0.06875
48702,3,0.06875
48703,4,0.075
48704,1,0.04375
48705,0,0.05
48706,0,0.05
48707,1,0.05625
48708,0,0.05
48709,1,0.05625
48710,1,0.05625
48711,2,0.0625
48712,0,0.05
48713,1,0.05625
48714,1,0.05625
48715,2,0.0625
48716,1,0.05625
48717,2,0.0625
48718,2,0.0625
48719,3,0.06875
48720,0,0.05
48721,1,0.05625
48722,1,0.05625
48723,2,0.0625
48724,1,0.05625
48725,2,0.0625
48726,2,0.0625
48727,3,0.06875
48728,1,0.05625
48729,2,0.0625
48730,2,0.0625
48731,3,0.06875
48732,2,0.0625
48733,3,0.06875
48734,3,0.06875
48735,4,0.075
48736,0,0.05
48737,1,0.05625
48738,1,0.05625
48739,2,0.0625
48740,1,0.05625
48741,2,0.0625
48742,2,0.0625
48743,3,0.06875
48744,1,0.05625
48745,2,0.0625
48746,2,0.0625
48747,3,0.06875
48748,2,0.0625
48749,3,0.06875
48750,3,0.06875
48751,4,0.075
48752,1,0.05625
48753,2,0.0625
48754,2,0.0625
48755,3,0.06875
48756,2,0.0625
48757,3,0.06875
48758,3,0.06875
48759,4,0.075
48760,2,0.0625
48761,3,0.06875
48762,3,0.06875
48763,4,0.075
48764,3,0.06875
48765,4,0.075
48766,4,0.075
48767,3,0.08125
48768,1,0.04375
48769,0,0.05
48770,0,0.05
48771,1,0.05625
48772,0,0.05
48773,1,0.05625
48774,1,0.05625
48775,2,0.0625
48776,0,0.05
48777,1,0.05625
48778,1,0.05625
48779,2,0.0625
48780,1,0.05625
48781,2,0.0625
48782,2,0.0625
48783,3,0.06875
48784,0,0.05
48785,1,0.05625
48786,1,0.05625
48787,2,0.0625
48788,1,0.05625
48789,2,0.0625
48790,2,0.0625
48791,3,0.06875
48792,1,0.05625
48793,2,0.0625
48794,2,0.0625
48795,3,0.06875
48796,2,0.0625
48797,3,0.06875
48798,3,0.06875
48799,4,0.075
48800,0,0.05
48801,1,0.05625
48802,1,0.05625
48803,2,0.0625
48804,1,0.05625
48805,2,0.0625
48806,2,0.0625
48807,3,0.06875
48808,1,0.05625
48809,2,0.0625
48810,2,0.0625
48811,3,0.06875
48812,2,0.0625
48813,3,0.06875
48814,3,0.06875
48815,4,0.075
48816,1,0.05625
48817,2,0.0625
48818,2,0.0625
48819,3,0.06875
48820,2,0.0625
48821,3,0.06875
48822,3,0.06875
48823,4,0.075
48824,2,0.0625
48825,3,0.06875
48826,3,0.06875
48827,4,0.075
48828,3,0.06875
48829,4,0.075
48830,4,0.075
48831,3,0.08125
48832,0,0.05
48833,1,0.05625
48834,1,0.05625
48835,2,0.0625
48836,1,0.05625
48837,2,0.0625
48838,2,0.0625
48839,3,0.06875
48840,1,0.05625
48841,2,0.0625
48842,2,0.0625
48843,3,0.06875
48844,2,0.0625
48845,3,0.06875
48846,3,0.06875
48847,4,0.075
48848,1,0.05625
48849,2,0.0625
48850,2,0.0625
48851,3,0.06875
48852,2,0.0625
48853,3,0.06875
48854,3,0.06875
48855,4,0.075
48856,2,0.0625
48857,3,0.06875
48858,3,0.06875
48859,4,0.075
48860,3,0.06875
48861,4,0.075
48862,4,0.075
48863,3,0.08125
48864,1,0.05625
48865,2,0.0625
48866,2,0.0625
48867,3,0.06875
48868,2,0.0625
48869,3,0.06875
48870,3,0.06875
48871,4,0.075
48872,2,0.0625
48873,3,0.06875
48874,3,0.06875
48875,4,0.075
48876,3,0.06875
48877,4,0.075
48878,4,0.075
48879,3,0.08125
48880,2,0.0625
48881,3,0.06875
48882,3,0.06875
48883,4,0.075
48884,3,0.06875
48885,4,0.075
48886,4,0.075
48887,3,0.08125
48888,3,0.06875
48889,4,0.075
48890,4,0.075
48891,3,0.08125
48892,4,0.075
48893,3,0.08125
48894,3,0.08125
48895,2,0.0875
48896,1,0.04375
48897,0,0.05
48898,0,0.05
48899,1,0.05625
48900,0,0.05
48901,1,0.05625
48902,1,0.05625
48903,2,0.0625
48904,0,0.05
48905,1,0.05625
48906,1,0.05625
48907,2,0.0625
48908,1,0.05625
48909,2,0.0625
48910,2,0.0625
48911,3,0.06875
48912,0,0.05
48913,1,0.05625
48914,1,0.05625
48915,2,0.0625
48916,1,0.05625
48917,2,0.0625
48918,2,0.0625
48919,3,0.06875
48920,1,0.05625
48921,2,0.0625
48922,2,0.0625
48923,3,0.06875
48924,2,0.0625
48925,3,0.06875
48926,3,0.06875
48927,4,0.075
48928,0,0.05
48929,1,0.05625
48930,1,0.05625
48931,2,0.0625
48932,1,0.05625
48933,2,0.0625
48934,2,0.0625
48935,3,0.06875
48936,1,0.05625
48937,2,0.0625
48938,2,0.0625
48939,3,0.06875
48940,2,0.0625
48941,3,0.06875
48942,3,0.06875
48943,4,0.075
48944,1,0.05625
48945,2,0.0625
48946,2,0.0625
48947,3,0.06875
48948,2,0.0625
48949,3,0.06875
48950,3,0.06875
48951,4,0.075
48952,2,0.0625
48953,3,0.06875
48954,3,0.06875
48955,4,0.075
48956,3,0.06875
48957,4,0.075
48958,4,0.075
48959,3,0.08125
48960,0,0.05
48961,1,0.05625
48962,1,0.05625
48963,2,0.0625
48964,1,0.05625
48965,2,0.0625
48966,2,0.0625
48967,3,0.06875
48968,1,0.05625
48969,2,0.0625
48970,2,0.0625
48971,3,0.06875
48972,2,0.0625
48973,3,0.06875
48974,3,0.06875
48975,4,0.075
48976,1,0.05625
48977,2,0.0625
48978,2,0.0625
48979,3,0.06875
48980,2,0.0625
48981,3,0.06875
48982,3,0.06875
48983,4,0.075
48984,2,0.0625
48985,3,0.06875
48986,3,0.06875
48987,4,0.075
48988,3,0.06875
48989,4,0.075
48990,4,0.075
48991,3,0.08125
48992,1,0.05625
48993,2,0.0625
48994,2,0.0625
48995,3,0.06875
48996,2,0.0625
48997,3,0.06875
48998,3,0.06875
48999,4,0.075
49000,2,0.0625
49001,3,0.06875
49002,3,0.06875
49003,4,0.075
49004,3,0.06875
49005,4,0.075
49006,4,0.075
49007,3,0.08125
49008,2,0.0625
49009,3,0.06875
49010,3,0.06875
49011,4,0.075
49012,3,0.06875
49013,4,0.075
49014,4,0.075
49015,3,0.08125
49016,3,0.06875
49017,4,0.075
49018,4,0.075
49019,3,0.08125
49020,4,0.075
49021,3,0.08125
49022,3,0.08125
49023,2,0.0875
49024,0,0.05
49025,1,0.05625
49026,1,0.05625
49027,2,0.0625
49028,1,0.05625
49029,2,0.0625
49030,2,0.0625
49031,3,0.06875
49032,1,0.05625
49033,2,0.0625
49034,2,0.0625
49035,3,0.06875
49036,2,0.0625
49037,3,0.06875
49038,3,0.06875
49039,4,0.075
49040,1,0.05625
49041,2,0.0625
49042,2,0.0625
49043,3,0.06875
49044,2,0.0625
49045,3,0.06875
49046,3,0.06875
49047,4,0.075
49048,2,0.0625
49049,3,0.06875
49050,3,0.06875
49051,4,0.075
49052,3,0.06875
49053,4,0.075
49054,4,0.075
49055,3,0.08125
49056,1,0.05625
49057,2,0.0625
49058,2,0.0625
49059,3,0.06875
49060,2,0.0625
49061,3,0.06875
49062,3,0.06875
49063,4,0.075
49064,2,0.0625
49065,3,0.06875
49066,3,0.06875
49067,4,0.075
49068,3,0.06875
49069,4,0.075
49070,4,0.075
49071,3,0.08125
49072,2,0.0625
49073,3,0.06875
49074,3,0.06875
49075,4,0.075
49076,3,0.06875
49077,4,0.075
49078,4,0.075
49079,3,0.08125
49080,3,0.06875
49081,4,0.075
49082,4,0.075
49083,3,0.08125
49084,4,0.075
49085,3,0.08125
49086,3,0.08125
49087,2,0.0875
49088,1,0.05625
49089,2,0.0625
49090,2,0.0625
49091,3,0.06875
49092,2,0.0625
49093,3,0.06875
49094,3,0.06875
49095,4,0.075
49096,2,0.0625
49097,3,0.06875
49098,3,0.06875
49099,4,0.075
49100,3,0.06875
49101,4,0.075
49102,4,0.075
49103,3,0.08125
49104,2,0.0625
49105,3,0.06875
49106,3,0.06875
49107,4,0.075
49108,3,0.06875
49109,4,0.075
49110,4,0.075
49111,3,0.08125
49112,3,0.06875
49113,4,0.075
49114,4,0.075
49115,3,0.08125
49116,4,0.075
49117,3,0.08125
49118,3,0.08125
49119,2,0.0875
49120,2,0.0625
49121,3,0.06875
49122,3,0.06875
49123,4,0.075
49124,3,0.06875
49125,4,0.075
49126,4,0.075
49127,3,0.08125
49128,3,0.06875
49129,4,0.075
49130,4,0.075
49131,3,0.08125
49132,4,0.075
49133,3,0.08125
49134,3,0.08125
49135,2,0.0875
49136,3,0.06875
49137,4,0.075
49138,4,0.075
49139,3,0.08125
49140,4,0.075
49141,3,0.08125
49142,3,0.08125
49143,2,0.0875
49144,4,0.075
49145,3,0.08125
49146,3,0.08125
49147,2,0.0875
49148,3,0.08125
49149,2,0.0875
49150,2,0.0875
49151,1,0.09375
49152,2,0.0125
49153,3,0.01875
49154,3,0.01875
49155,4,0.025
49156,3,0.01875
49157,4,0.025
49158,4,0.025
49159,3,0.03125
49160,3,0.01875
49161,4,0.025
49162,4,0.025
49163,3,0.03125
49164,4,0.025
49165,3,0.03125
49166,3,0.03125
49167,2,0.0375
49168,3,0.01875
49169,4,0.025
49170,4,0.025
49171,3,0.03125
49172,4,0.025
49173,3,0.03125
49174,3,0.03125
49175,2,0.0375
49176,4,0.025
49177,3,0.03125
49178,3,0.03125
49179,2,0.0375
49180,3,0.03125
49181,2,0.0375
49182,2,0.0375
49183,1,0.04375
49184,3,0.01875
49185,4,0.025
49186,4,0.025
49187,3,0.03125
49188,4,0.025
49189,3,0.03125
49190,3,0.03125
49191,2,0.0375
49192,4,0.025
49193,3,0.03125
49194,3,0.03125
49195,2,0.0375
49196,3,0.03125
49197,2,0.0375
49198,2,0.0375
49199,1,0.04375
49200,4,0.025
49201,3,0.03125
49202,3,0.03125
49203,2,0.0375
49204,3,0.03125
49205,2,0.0375
49206,2,0.0375
49207,1,0.04375
49208,3,0.03125
49209,2,0.0375
49210,2,0.0375
49211,1,0.04375
49212,2,0.0375
49213,1,0.04375
49214,1,0.04375
49215,0,0.05
49216,3,0.01875
49217,4,0.025
49218,4,0.025
49219,3,0.03125
49220,4,0.025
49221,3,0.03125
49222,3,0.03125
49223,2,0.0375
49224,4,0.025
49225,3,0.03125
49226,3,0.03125
49227,2,0.0375
49228,3,0.03125
49229,2,0.0375
49230,2,0.0375
49231,1,0.04375
49232,4,0.025
49233,3,0.03125
49234,3,0.03125
49235,2,0.0375
49236,3,0.03125
49237,2,0.0375
49238,2,0.0375
49239,1,0.04375
49240,3,0.03125
49241,2,0.0375
49242,2,0.0375
49243,1,0.04375
49244,2,0.0375
49245,1,0.04375
49246,1,0.04375
49247,0,0.05
49248,4,0.025
49249,3,0.03125
49250,3,0.03125
49251,2,0.0375
49252,3,0.03125
49253,2,0.0375
49254,2,0.0375
49255,1,0.04375
49256,3,0.03125
49257,2,0.0375
49258,2,0.0375
49259,1,0.04375
49260,2,0.0375
49261,1,0.04375
49262,1,0.04375
49263,0,0.05
49264,3,0.03125
49265,2,0.0375
49266,2,0.0375
49267,1,0.04375
49268,2,0.0375
49269,1,0.04375
49270,1,0.04375
49271,0,0.05
49272,2,0.0375
49273,1,0.04375
49274,1,0.04375
49275,0,0.05
49276,1,0.04375
49277,0,0.05
49278,0,0.05
49279,1,0.05625
49280,3,0.01875
49281,4,0.025
49282,4,0.025
49283,3,0.03125
49284,4,0.025
49285,3,0.03125
49286,3,0.03125
49287,2,0.0375
49288,4,0.025
49289,3,0.03125
49290,3,0.03125
49291,2,0.0375
49292,3,0.03125
49293,2,0.0375
49294,2,0.0375
49295,1,0.04375
49296,4,0.025
49297,3,0.03125
49298,3,0.03125
49299,2,0.0375
49300,3,0.03125
49301,2,0.0375
49302,2,0.0375
49303,1,0.04375
49304,3,0.03125
49305,2,0.0375
49306,2,0.0375
49307,1,0.04375
49308,2,0.0375
49309,1,0.04375
49310,1,0.04375
49311,0,0.05
49312,4,0.025
49313,3,0.03125
49314,3,0.03125
49315,2,0.0375
49316,3,0.03125
49317,2,0.0375
49318,2,0.0375
49319,1,0.04375
49320,3,0.03125
49321,2,0.0375
49322,2,0.0375
49323,1,0.04375
49324,2,0.0375
49325,1,0.04375
49326,1,0.04375
49327,0,0.05
49328,3,0.03125
49329,2,0.0375
49330,2,0.0375
49331,1,0.04375
49332,2,0.0375
49333,1,0.04375
49334,1,0.04375
49335,0,0.05
49336,2,0.0375
49337,1,0.04375
49338,1,0.04375
49339,0,0.05
49340,1,0.04375
49341,0,0.05
49342,0,0.05
49343,1,0.05625
49344,4,0.025
49345,3,0.03125
49346,3,0.03125
49347,2,0.0375
49348,3,0.03125
49349,2,0.0375
49350,2,0.0375
49351,1,0.04375
49352,3,0.03125
49353,2,0.0375
49354,2,0.0375
49355,1,0.04375
49356,2,0.0375
49357,1,0.04375
49358,1,0.04375
49359,0,0.05
49360,3,0.03125
49361,2,0.0375
49362,2,0.0375
49363,1,0.04375
49364,2,0.0375
49365,1,0.04375
49366,1,0.04375
49367,0,0.05
49368,2,0.0375
49369,1,0.04375
49370,1,0.04375
49371,0,0.05
49372,1,0.04375
49373,0,0.05
49374,0,0.05
49375,1,0.05625
49376,3,0.03125
49377,2,0.0375
49378,2,0.0375
49379,1,0.04375
49380,2,0.0375
49381,1,0.04375
49382,1,0.04375
49383,0,0.05
49384,2,0.0375
49385,1,0.04375
49386,1,0.04375
49387,0,0.05
49388,1,0.04375
49389,0,0.05
49390,0,0.05
49391,1,0.05625
49392,2,0.0375
49393,1,0.04375
49394,1,0.04375
49395,0,0.05
49396,1,0.04375
49397,0,0.05
49398,0,0.05
49399,1,0.05625
49400,1,0.04375
49401,0,0.05
49402,0,0.05
49403,1,0.05625
49404,0,0.05
49405,1,0.05625
49406,1,0.05625
49407,2,0.0625
49408,3,0.01875
49409,4,0.025
49410,4,0.025
49411,3,0.03125
49412,4,0.025
49413,3,0.03125
49414,3,0.03125
49415,2,0.0375
49416,4,0.025
49417,3,0.03125
49418,3,0.03125
49419,2,0.0375
49420,3,0.03125
49421,2,0.0375
49422,2,0.0375
49423,1,0.04375
49424,4,0.025
49425,3,0.03125
49426,3,0.03125
49427,2,0.0375
49428,3,0.03125
49429,2,0.0375
49430,2,0.0375
49431,1,0.04375
49432,3,0.03125
49433,2,0.0375
49434,2,0.0375
49435,1,0.04375
49436,2,0.0375
49437,1,0.04375
49438,1,0.04375
49439,0,0.05
49440,4,0.025
49441,3,0.03125
49442,3,0.03125
49443,2,0.0375
49444,3,0.03125
49445,2,0.0375
49446,2,0.0375
49447,1,0.04375
49448,3,0.03125
49449,2,0.0375
49450,2,0.0375
49451,1,0.04375
49452,2,0.0375
49453,1,0.04375
49454,1,0.04375
49455,0,0.05
49456,3,0.03125
49457,2,0.0375
49458,2,0.0375
49459,1,0.04375
49460,2,0.0375
49461,1,0.04375
49462,1,0.04375
49463,0,0.05
49464,2,0.0375
49465,1,0.04375
49466,1,0.04375
49467,0,0.05
49468,1,0.04375
49469,0,0.05
49470,0,0.05
49471,1,0.05625
49472,4,0.025
49473,3,0.03125
49474,3,0.03125
49475,2,0.0375
49476,3,0.03125
49477,2,0.0375
49478,2,0.0375
49479,1,0.04375
49480,3,0.03125
49481,2,0.0375
49482,2,0.0375
49483,1,0.04375
49484,2,0.0375
49485,1,0.04375
49486,1,0.04375
49487,0,0.05
49488,3,0.03125
49489,2,0.0375
49490,2,0.0375
49491,1,0.04375
49492,2,0.0375
49493,1,0.04375
49494,1,0.04375
49495,0,0.05
49496,2,0.0375
49497,1,0.04375
49498,1,0.04375
49499,0,0.05
49500,1,0.04375
49501,0,0.05
49502,0,0.05
49503,1,0.05625
49504,3,0.03125
49505,2,0.0375
49506,2,0.0375
49507,1,0.04375
49508,2,0.0375
49509,1,0.04375
49510,1,0.04375
49511,0,0.05
49512,2,0.0375
49513,1,0.04375
49514,1,0.04375
49515,0,0.05
49516,1,0.04375
49517,0,0.05
49518,0,0.05
49519,1,0.05625
49520,2,0.0375
49521,1,0.04375
49522,1,0.04375
49523,0,0.05
49524,1,0.04375
49525,0,0.05
49526,0,0.05
49527,1,0.05625
49528,1,0.04375
49529,0,0.05
49530,0,0.05
49531,1,0.05625
49532,0,0.05
49533,1,0.05625
49534,1,0.05625
49535,2,0.0625
49536,4,0.025
49537,3,0.03125
49538,3,0.03125
49539,2,0.0375
49540,3,0.03125
49541,2,0.0375
49542,2,0.0375
49543,1,0.04375
49544,3,0.03125
49545,2,0.0375
49546,2,0.0375
49547,1,0.04375
49548,2,0.0375
49549,1,0.04375
49550,1,0.04375
49551,0,0.05
49552,3,0.03125
49553,2,0.0375
49554,2,0.0375
49555,1,0.04375
49556,2,0.0375
49557,1,0.04375
49558,1,0.04375
49559,0,0.05
49560,2,0.0375
49561,1,0.04375
49562,1,0.04375
49563,0,0.05
49564,1,0.04375
49565,0,0.05
49566,0,0.05
49567,1,0.05625
49568,3,0.03125
49569,2,0.0375
49570,2,0.0375
49571,1,0.04375
49572,2,0.0375
49573,1,0.04375
49574,1,0.04375
49575,0,0.05
49576,2,0.0375
49577,1,0.04375
49578,1,0.04375
49579,0,0.05
49580,1,0.04375
49581,0,0.05
49582,0,0.05
49583,1,0.05625
49584,2,0.0375
49585,1,0.04375
49586,1,0.04375
49587,0,0.05
49588,1,0.04375
49589,0,0.05
49590,0,0.05
49591,1,0.05625
49592,1,0.04375
49593,0,0.05
49594,0,0.05
49595,1,0.05625
49596,0,0.05
49597,1,0.05625
49598,1,0.05625
49599,2,0.0625
49600,3,0.03125
49601,2,0.0375
49602,2,0.0375
49603,1,0.04375
49604,2,0.0375
49605,1,0.04375
49606,1,0.04375
49607,0,0.05
49608,2,0.0375
49609,1,0.04375
49610,1,0.04375
49611,0,0.05
49612,1,0.04375
49613,0,0.05
49614,0,0.05
49615,1,0.05625
49616,2,0.0375
49617,1,0.04375
49618,1,0.04375
49619,0,0.05
49620,1,0.04375
49621,0,0.05
49622,0,0.05
49623,1,0.05625
49624,1,0.04375
49625,0,0.05
49626,0,0.05
49627,1,0.05625
49628,0,0.05
49629,1,0.05625
49630,1,0.05625
49631,2,0.0625
49632,2,0.0375
49633,1,0.04375
49634,1,0.04375
49635,0,0.05
49636,1,0.04375
49637,0,0.05
49638,0,0.05
49639,1,0.05625
49640,1,0.04375
49641,0,0.05
49642,0,0.05
49643,1,0.05625
49644,0,0.05
49645,1,0.05625
49646,1,0.05625
49647,2,0.0625
49648,1,0.04375
49649,0,0.05
49650,0,0.05
49651,1,0.05625
49652,0,0.05
49653,1,0.05625
49654,1,0.05625
49655,2,0.0625
49656,0,0.05
49657,1,0.05625
49658,1,0.05625
49659,2,0.0625
49660,1,0.05625
49661,2,0.0625
49662,2,0.0625
49663,3,0.06875
49664,3,0.01875
49665,4,0.025
49666,4,0.025
49667,3,0.03125
49668,4,0.025
49669,3,0.03125
49670,3,0.03125
49671,2,0.0375
49672,4,0.025
49673,3,0.03125
49674,3,0.03125
49675,2,0.0375
49676,3,0.03125
49677,2,0.0375
49678,2,0.0375
49679,1,0.04375
49680,4,0.025
49681,3,0.03125
49682,3,0.03125
49683,2,0.0375
49684,3,0.03125
49685,2,0.0375
49686,2,0.0375
49687,1,0.04375
49688,3,0.03125
49689,2,0.0375
49690,2,0.0375
49691,1,0.04375
49692,2,0.0375
49693,1,0.04375
49694,1,0.04375
49695,0,0.05
49696,4,0.025
49697,3,0.03125
49698,3,0.03125
49699,2,0.0375
49700,3,0.03125
49701,2,0.0375
49702,2,0.0375
49703,1,0.04375
49704,3,0.03125
49705,2,0.0375
49706,2,0.0375
49707,1,0.04375
49708,2,0.0375
49709,1,0.04375
49710,1,0.04375
49711,0,0.05
49712,3,0.03125
49713,2,0.0375
49714,2,0.0375
49715,1,0.04375
49716,2,0.0375
49717,1,0.04375
49718,1,0.04375
49719,0,0.05
49720,2,0.0375
49721,1,0.04375
49722,1,0.04375
49723,0,0.05
49724,1,0.04375
49725,0,0.05
49726,0,0.05
49727,1,0.05625
49728,4,0.025
49729,3,0.03125
49730,3,0.03125
49731,2,0.0375
49732,3,0.03125
49733,2,0.0375
49734,2,0.0375
49735,1,0.04375
49736,3,0.03125
49737,2,0.0375
49738,2,0.0375
49739,1,0.04375
49740,2,0.0375
49741,1,0.04375
49742,1,0.04375
49743,0,0.05
49744,3,0.03125
49745,2,0.0375
49746,2,0.0375
49747,1,0.04375
49748,2,0.0375
49749,1,0.04375
49750,1,0.04375
49751,0,0.05
49752,2,0.0375
49753,1,0.04375
49754,1,0.04375
49755,0,0.05
49756,1,0.04375
49757,0,0.05
49758,0,0.05
49759,1,0.05625
49760,3,0.03125
49761,2,0.0375
49762,2,0.0375
49763,1,0.04375
49764,2,0.0375
49765,1,0.04375
49766,1,0.04375
49767,0,0.05
49768,2,0.0375
49769,1,0.04375
49770,1,0.04375
49771,0,0.05
49772,1,0.04375
49773,0,0.05
49774,0,0.05
49775,1,0.05625
49776,2,0.0375
49777,1,0.04375
49778,1,0.04375
49779,0,0.05
49780,1,0.04375
49781,0,0.05
49782,0,0.05
49783,1,0.05625
49784,1,0.04375
49785,0,0.05
49786,0,0.05
49787,1,0.05625
49788,0,0.05
49789,1,0.05625
49790,1,0.05625
49791,2,0.0625
49792,4,0.025
49793,3,0.03125
49794,3,0.03125
49795,2,0.0375
49796,3,0.03125
49797,2,0.0375
49798,2,0.0375
49799,1,0.04375
49800,3,0.03125
49801,2,0.0375
49802,2,0.0375
49803,1,0.04375
49804,2,0.0375
49805,1,0.04375
49806,1,0.04375
49807,0,0.05
49808,3,0.03125
49809,2,0.0375
49810,2,0.0375
49811,1,0.04375
49812,2,0.0375
49813,1,0.04375
49814,1,0.04375
49815,0,0.05
49816,2,0.0375
49817,1,0.04375
49818,1,0.04375
49819,0,0.05
49820,1,0.04375
49821,0,0.05
49822,0,0.05
49823,1,0.05625
49824,3,0.03125
49825,2,0.0375
49826,2,0.0375
49827,1,0.04375
49828,2,0.0375
49829,1,0.04375
49830,1,0.04375
49831,0,0.05
49832,2,0.0375
49833,1,0.04375
49834,1,0.04375
49835,0,0.05
49836,1,0.04375
49837,0,0.05
49838,0,0.05
49839,1,0.05625
49840,2,0.0375
49841,1,0.04375
49842,1,0.04375
49843,0,0.05
49844,1,0.04375
49845,0,0.05
49846,0,0.05
49847,1,0.05625
49848,1,0.04375
49849,0,0.05
49850,0,0.05
49851,1,0.05625
49852,0,0.05
49853,1,0.05625
49854,1,0.05625
49855,2,0.0625
49856,3,0.03125
49857,2,0.0375
49858,2,0.0375
49859,1,0.04375
49860,2,0.0375
49861,1,0.04375
49862,1,0.04375
49863,0,0.05
49864,2,0.0375
49865,1,0.04375
49866,1,0.04375
49867,0,0.05
49868,1,0.04375
49869,0,0.05
49870,0,0.05
49871,1,0.05625
49872,2,0.0375
49873,1,0.04375
49874,1,0.04375
49875,0,0.05
49876,1,0.04375
49877,0,0.05
49878,0,0.05
49879,1,0.05625
49880,1,0.04375
49881,0,0.05
49882,0,0.05
49883,1,0.05625
49884,0,0.05
49885,1,0.05625
49886,1,0.05625
49887,2,0.0625
49888,2,0.0375
49889,1,0.04375
49890,1,0.04375
49891,0,0.05
49892,1,0.04375
49893,0,0.05
49894,0,0.05
49895,1,0.05625
49896,1,0.04375
49897,0,0.05
49898,0,0.05
49899,1,0.05625
49900,0,0.05
49901,1,0.05625
49902,1,0.05625
49903,2,0.0625
49904,1,0.04375
49905,0,0.05
49906,0,0.05
49907,1,0.05625
49908,0,0.05
49909,1,0.05625
49910,1,0.05625
49911,2,0.0625
49912,0,0.05
49913,1,0.05625
49914,1,0.05625
49915,2,0.0625
49916,1,0.05625
49917,2,0.0625
49918,2,0.0625
49919,3,0.06875
49920,4,0.025
49921,3,0.03125
49922,3,0.03125
49923,2,0.0375
49924,3,0.03125
49925,2,0.0375
49926,2,0.0375
49927,1,0.04375
49928,3,0.03125
49929,2,0.0375
49930,2,0.0375
49931,1,0.04375
49932,2,0.0375
49933,1,0.04375
49934,1,0.04375
49935,0,0.05
49936,3,0.03125
49937,2,0.0375
49938,2,0.0375
49939,1,0.04375
49940,2,0.0375
49941,1,0.04375
49942,1,0.04375
49943,0,0.05
49944,2,0.0375
49945,1,0.04375
49946,1,0.04375
49947,0,0.05
49948,1,0.04375
49949,0,0.05
49950,0,0.05
49951,1,0.05625
49952,3,0.03125
49953,2,0.0375
49954,2,0.0375
49955,1,0.04375
49956,2,0.0375
49957,1,0.04375
49958,1,0.04375
49959,0,0.05
49960,2,0.0375
49961,1,0.04375
49962,1,0.04375
49963,0,0.05
49964,1,0.04375
49965,0,0.05
49966,0,0.05
49967,1,0.05625
49968,2,0.0375
49969,1,0.04375
49970,1,0.04375
49971,0,0.05
49972,1,0.04375
49973,0,0.05
49974,0,0.05
49975,1,0.05625
49976,1,0.04375
49977,0,0.05
49978,0,0.05
49979,1,0.05625
49980,0,0.05
49981,1,0.05625
49982,1,0.05625
49983,2,0.0625
49984,3,0.03125
49985,2,0.0375
49986,2,0.0375
49987,1,0.04375
49988,2,0.0375
49989,1,0.04375
49990,1,0.04375
49991,0,0.05
49992,2,0.0375
49993,1,0.04375
49994,1,0.04375
49995,0,0.05
49996,1,0.04375
49997,0,0.05
49998,0,0.05
49999,1,0.05625
50000,2,0.0375
50001,1,0.04375
50002,1,0.04375
50003,0,0.05
50004,1,0.04375
50005,0,0.05
50006,0,0.05
50007,1,0.05625
50008,1,0.04375
50009,0,0.05
50010,0,0.05
50011,1,0.05625
50012,0,0.05
50013,1,0.05625
50014,1,0.05625
50015,2,0.0625
50016,2,0.0375
50017,1,0.04375
50018,1,0.04375
50019,0,0.05
50020,1,0.04375
50021,0,0.05
50022,0,0.05
50023,1,0.05625
50024,1,0.04375
50025,0,0.05
50026,0,0.05
50027,1,0.05625
50028,0,0.05
50029,1,0.05625
50030,1,0.05625
50031,2,0.0625
50032,1,0.04375
50033,0,0.05
50034,0,0.05
50035,1,0.05625
50036,0,0.05
50037,1,0.05625
50038,1,0.05625
50039,2,0.0625
50040,0,0.05
50041,1,0.05625
50042,1,0.05625
50043,2,0.0625
50044,1,0.05625
50045,2,0.0625
50046,2,0.0625
50047,3,0.06875
50048,3,0.03125
50049,2,0.0375
50050,2,0.0375
50051,1,0.04375
50052,2,0.0375
50053,1,0.04375
50054,1,0.04375
50055,0,0.05
50056,2,0.0375
50057,1,0.04375
50058,1,0.04375
50059,0,0.05
50060,1,0.04375
50061,0,0.05
50062,0,0.05
50063,1,0.05625
50064,2,0.0375
50065,1,0.04375
50066,1,0.04375
50067,0,0.05
50068,1,0.04375
50069,0,0.05
50070,0,0.05
50071,1,0.05625
50072,1,0.04375
50073,0,0.05
50074,0,0.05
50075,1,0.05625
50076,0,0.05
50077,1,0.05625
50078,1,0.05625
50079,2,0.0625
50080,2,0.0375
50081,1,0.04375
50082,1,0.04375
50083,0,0.05
50084,1,0.04375
50085,0,0.05
50086,0,0.05
50087,1,0.05625
50088,1,0.04375
50089,0,0.05
50090,0,0.05
50091,1,0.05625
50092,0,0.05
50093,1,0.05625
50094,1,0.05625
50095,2,0.0625
50096,1,0.04375
50097,0,0.05
50098,0,0.05
50099,1,0.05625
50100,0,0.05
50101,1,0.05625
50102,1,0.05625
50103,2,0.0625
50104,0,0.05
50105,1,0.05625
50106,1,0.05625
50107,2,0.0625
50108,1,0.05625
50109,2,0.0625
50110,2,0.0625
50111,3,0.06875
50112,2,0.0375
50113,1,0.04375
50114,1,0.04375
50115,0,0.05
50116,1,0.04375
50117,0,0.05
50118,0,0.05
50119,1,0.05625
50120,1,0.04375
50121,0,0.05
50122,0,0.05
50123,1,0.05625
50124,0,0.05
50125,1,0.05625
50126,1,0.05625
50127,2,0.0625
50128,1,0.04375
50129,0,0.05
50130,0,0.05
50131,1,0.05625
50132,0,0.05
50133,1,0.05625
50134,1,0.05625
50135,2,0.0625
50136,0,0.05
50137,1,0.05625
50138,1,0.05625
50139,2,0.0625
50140,1,0.05625
50141,2,0.0625
50142,2,0.0625
50143,3,0.06875
50144,1,0.04375
50145,0,0.05
50146,0,0.05
50147,1,0.05625
50148,0,0.05
50149,1,0.05625
50150,1,0.05625
50151,2,0.0625
50152,0,0.05
50153,1,0.05625
50154,1,0.05625
50155,2,0.0625
50156,1,0.05625
50157,2,0.0625
50158,2,0.0625
50159,3,0.06875
50160,0,0.05
50161,1,0.05625
50162,1,0.05625
50163,2,0.0625
50164,1,0.05625
50165,2,0.0625
50166,2,0.0625
50167,3,0.06875
50168,1,0.05625
50169,2,0.0625
50170,2,0.0625
50171,3,0.06875
50172,2,0.0625
50173,3,0.06875
50174,3,0.06875
50175,4,0.075
50176,3,0.01875
50177,4,0.025
50178,4,0.025
50179,3,0.03125
50180,4,0.025
50181,3,0.03125
50182,3,0.03125
50183,2,0.0375
50184,4,0.025
50185,3,0.03125
50186,3,0.03125
50187,2,0.0375
50188,3,0.03125
50189,2,0.0375
50190,2,0.0375
50191,1,0.04375
50192,4,0.025
50193,3,0.03125
50194,3,0.03125
50195,2,0.0375
50196,3,0.03125
50197,2,0.0375
50198,2,0.0375
50199,1,0.04375
50200,3,0.03125
50201,2,0.0375
50202,2,0.0375
50203,1,0.04375
50204,2,0.0375
50205,1,0.04375
50206,1,0.04375
50207,0,0.05
50208,4,0.025
50209,3,0.03125
50210,3,0.03125
50211,2,0.0375
50212,3,0.03125
50213,2,0.0375
50214,2,0.0375
50215,1,0.04375
50216,3,0.03125
50217,2,0.0375
50218,2,0.0375
50219,1,0.04375
50220,2,0.0375
50221,1,0.04375
50222,1,0.04375
50223,0,0.05
50224,3,0.03125
50225,2,0.0375
50226,2,0.0375
50227,1,0.04375
50228,2,0.0375
50229,1,0.04375
50230,1,0.04375
50231,0,0.05
50232,2,0.0375
50233,1,0.04375
50234,1,0.04375
50235,0,0.05
50236,1,0.04375
50237,0,0.05
50238,0,0.05
50239,1,0.05625
50240,4,0.025
50241,3,0.03125
50242,3,0.03125
50243,2,0.0375
50244,3,0.03125
50245,2,0.0375
50246,2,0.0375
50247,1,0.04375
50248,3,0.03125
50249,2,0.0375
50250,2,0.0375
50251,1,0.04375
50252,2,0.0375
50253,1,0.04375
50254,1,0.04375
50255,0,0.05
50256,3,0.03125
50257,2,0.0375
50258,2,0.0375
50259,1,0.04375
50260,2,0.0375
50261,1,0.04375
50262,1,0.04375
50263,0,0.05
50264,2,0.0375
50265,1,0.04375
50266,1,0.04375
50267,0,0.05
50268,1,0.04375
50269,0,0.05
50270,0,0.05
50271,1,0.05625
50272,3,0.03125
50273,2,0.0375
50274,2,0.0375
50275,1,0.04375
50276,2,0.0375
50277,1,0.04375
50278,1,0.04375
50279,0,0.05
50280,2,0.0375
50281,1,0.04375
50282,1,0.04375
50283,0,0.05
50284,1,0.04375
50285,0,0.05
50286,0,0.05
50287,1,0.05625
50288,2,0.0375
50289,1,0.04375
50290,1,0.04375
50291,0,0.05
50292,1,0.04375
50293,0,0.05
50294,0,0.05
50295,1,0.05625
50296,1,0.04375
50297,0,0.05
50298,0,0.05
50299,1,0.05625
50300,0,0.05
50301,1,0.05625
50302,1,0.05625
50303,2,0.0625
50304,4,0.025
50305,3,0.03125
50306,3,0.03125
50307,2,0.0375
50308,3,0.03125
50309,2,0.0375
50310,2,0.0375
50311,1,0.04375
50312,3,0.03125
50313,2,0.0375
50314,2,0.0375
50315,1,0.04375
50316,2,0.0375
50317,1,0.04375
50318,1,0.04375
50319,0,0.05
50320,3,0.03125
50321,2,0.0375
50322,2,0.0375
50323,1,0.04375
50324,2,0.0375
50325,1,0.04375
50326,1,0.04375
50327,0,0.05
50328,2,0.0375
50329,1,0.04375
50330,1,0.04375
50331,0,0.05
50332,1,0.04375
50333,0,0.05
50334,0,0.05
50335,1,0.05625
50336,3,0.03125
50337,2,0.0375
50338,2,0.0375
50339,1,0.04375
50340,2,0.0375
50341,1,0.04375
50342,1,0.04375
50343,0,0.05
50344,2,0.0375
50345,1,0.04375
50346,1,0.04375
50347,0,0.05
50348,1,0.04375
50349,0,0.05
50350,0,0.05
50351,1,0.05625
50352,2,0.0375
50353,1,0.04375
50354,1,0.04375
50355,0,0.05
50356,1,0.04375
50357,0,0.05
50358,0,0.05
50359,1,0.05625
50360,1,0.04375
50361,0,0.05
50362,0,0.05
50363,1,0.05625
50364,0,0.05
50365,1,0.05625
50366,1,0.05625
50367,2,0.0625
50368,3,0.03125
50369,2,0.0375
50370,2,0.0375
50371,1,0.04375
50372,2,0.0375
50373,1,0.04375
50374,1,0.04375
50375,0,0.05
50376,2,0.0375
50377,1,0.04375
50378,1,0.04375
50379,0,0.05
50380,1,0.04375
50381,0,0.05
50382,0,0.05
50383,1,0.05625
50384,2,0.0375
50385,1,0.04375
50386,1,0.04375
50387,0,0.05
50388,1,0.04375
50389,0,0.05
50390,0,0.05
50391,1,0.05625
50392,1,0.04375
50393,0,0.05
50394,0,0.05
50395,1,0.05625
50396,0,0.05
50397,1,0.05625
50398,1,0.05625
50399,2,0.0625
50400,2,0.0375
50401,1,0.04375
50402,1,0.04375
50403,0,0.05
50404,1,0.04375
50405,0,0.05
50406,0,0.05
50407,1,0.05625
50408,1,0.04375
50409,0,0.05
50410,0,0.05
50411,1,0.05625
50412,0,0.05
50413,1,0.05625
50414,1,0.05625
50415,2,0.0625
50416,1,0.04375
50417,0,0.05
50418,0,0.05
50419,1,0.05625
50420,0,0.05
50421,1,0.05625
50422,1,0.05625
50423,2,0.0625
50424,0,0.05
50425,1,0.05625
50426,1,0.05625
50427,2,0.0625
50428,1,0.05625
50429,2,0.0625
50430,2,0.0625
50431,3,0.06875
50432,4,0.025
50433,3,0.03125
50434,3,0.03125
50435,2,0.0375
50436,3,0.03125
50437,2,0.0375
50438,2,0.0375
50439,1,0.04375
50440,3,0.03125
50441,2,0.0375
50442,2,0.0375
50443,1,0.04375
50444,2,0.0375
50445,1,0.04375
50446,1,0.04375
50447,0,0.05
50448,3,0.03125
50449,2,0.0375
50450,2,0.0375
50451,1,0.04375
50452,2,0.0375
50453,1,0.04375
50454,1,0.04375
50455,0,0.05
50456,2,0.0375
50457,1,0.04375
50458,1,0.04375
50459,0,0.05
50460,1,0.04375
50461,0,0.05
50462,0,0.05
50463,1,0.05625
50464,3,0.03125
50465,2,0.0375
50466,2,0.0375
50467,1,0.04375
50468,2,0.0375
50469,1,0.04375
50470,1,0.04375
50471,0,0.05
50472,2,0.0375
50473,1,0.04375
50474,1,0.04375
50475,0,0.05
50476,1,0.04375
50477,0,0.05
50478,0,0.05
50479,1,0.05625
50480,2,0.0375
50481,1,0.04375
50482,1,0.04375
50483,0,0.05
50484,1,0.04375
50485,0,0.05
50486,0,0.05
50487,1,0.05625
50488,1,0.04375
50489,0,0.05
50490,0,0.05
50491,1,0.05625
50492,0,0.05
50493,1,0.05625
50494,1,0.05625
50495,2,0.0625
50496,3,0.03125
50497,2,0.0375
50498,2,0.0375
50499,1,0.04375
50500,2,0.0375
50501,1,0.04375
50502,1,0.04375
50503,0,0.05
50504,2,0.0375
50505,1,0.04375
50506,1,0.04375
50507,0,0.05
50508,1,0.04375
50509,0,0.05
50510,0,0.05
50511,1,0.05625
50512,2,0.0375
50513,1,0.04375
50514,1,0.04375
50515,0,0.05
50516,1,0.04375
50517,0,0.05
50518,0,0.05
50519,1,0.05625
50520,1,0.04375
50521,0,0.05
50522,0,0.05
50523,1,0.05625
50524,0,0.05
50525,1,0.05625
50526,1,0.05625
50527,2,0.0625
50528,2,0.0375
50529,1,0.04375
50530,1,0.04375
50531,0,0.05
50532,1,0.04375
50533,0,0.05
50534,0,0.05
50535,1,0.05625
50536,1,0.04375
50537,0,0.05
50538,0,0.05
50539,1,0.05625
50540,0,0.05
50541,1,0.05625
50542,1,0.05625
50543,2,0.0625
50544,1,0.04375
50545,0,0.05
50546,0,0.05
50547,1,0.05625
50548,0,0.05
50549,1,0.05625
50550,1,0.05625
50551,2,0.0625
50552,0,0.05
50553,1,0.05625
50554,1,0.05625
50555,2,0.0625
50556,1,0.05625
50557,2,0.0625
50558,2,0.0625
50559,3,0.06875
50560,3,0.03125
50561,2,0.0375
50562,2,0.0375
50563,1,0.04375
50564,2,0.0375
50565,1,0.04375
50566,1,0.04375
50567,0,0.05
50568,2,0.0375
50569,1,0.04375
50570,1,0.04375
50571,0,0.05
50572,1,0.04375
50573,0,0.05
50574,0,0.05
50575,1,0.05625
50576,2,0.0375
50577,1,0.04375
50578,1,0.04375
50579,0,0.05
50580,1,0.04375
50581,0,0.05
50582,0,0.05
50583,1,0.05625
50584,1,0.04375
50585,0,0.05
50586,0,0.05
50587,1,0.05625
50588,0,0.05
50589,1,0.05625
50590,1,0.05625
50591,2,0.0625
50592,2,0.0375
50593,1,0.04375
50594,1,0.04375
50595,0,0.05
50596,1,0.04375
50597,0,0.05
50598,0,0.05
50599,1,0.05625
50600,1,0.04375
50601,0,0.05
50602,0,0.05
50603,1,0.05625
50604,0,0.05
50605,1,0.05625
50606,1,0.05625
50607,2,0.0625
50608,1,0.04375
50609,0,0.05
50610,0,0.05
50611,1,0.05625
50612,0,0.05
50613,1,0.05625
50614,1,0.05625
50615,2,0.0625
50616,0,0.05
50617,1,0.05625
50618,1,0.05625
50619,2,0.0625
50620,1,0.05625
50621,2,0.0625
50622,2,0.0625
50623,3,0.06875
50624,2,0.0375
50625,1,0.04375
50626,1,0.04375
50627,0,0.05
50628,1,0.04375
50629,0,0.05
50630,0,0.05
50631,1,0.05625
50632,1,0.04375
50633,0,0.05
50634,0,0.05
50635,1,0.05625
50636,0,0.05
50637,1,0.05625
50638,1,0.05625
50639,2,0.0625
50640,1,0.04375
50641,0,0.05
50642,0,0.05
50643,1,0.05625
50644,0,0.05
50645,1,0.05625
50646,1,0.05625
50647,2,0.0625
50648,0,0.05
50649,1,0.05625
50650,1,0.05625
50651,2,0.0625
50652,1,0.05625
50653,2,0.0625
50654,2,0.0625
50655,3,0.06875
50656,1,0.04375
50657,0,0.05
50658,0,0.05
50659,1,0.05625
50660,0,0.05
50661,1,0.05625
50662,1,0.05625
50663,2,0.0625
50664,0,0.05
50665,1,0.05625
50666,1,0.05625
50667,2,0.0625
50668,1,0.05625
50669,2,0.0625
50670,2,0.0625
50671,3,0.06875
50672,0,0.05
50673,1,0.05625
50674,1,0.05625
50675,2,0.0625
50676,1,0.05625
50677,2,0.0625
50678,2,0.0625
50679,3,0.06875
50680,1,0.05625
50681,2,0.0625
50682,2,0.0625
50683,3,0.06875
50684,2,0.0625
50685,3,0.06875
50686,3,0.06875
50687,4,0.075
50688,4,0.025
50689,3,0.03125
50690,3,0.03125
50691,2,0.0375
50692,3,0.03125
50693,2,0.0375
50694,2,0.0375
50695,1,0.04375
50696,3,0.03125
50697,2,0.0375
50698,2,0.0375
50699,1,0.04375
50700,2,0.0375
50701,1,0.04375
50702,1,0.04375
50703,0,0.05
50704,3,0.03125
50705,2,0.0375
50706,2,0.0375
50707,1,0.04375
50708,2,0.0375
50709,1,0.04375
50710,1,0.04375
50711,0,0.05
50712,2,0.0375
50713,1,0.04375
50714,1,0.04375
50715,0,0.05
50716,1,0.04375
50717,0,0.05
50718,0,0.05
50719,1,0.05625
50720,3,0.03125
50721,2,0.0375
50722,2,0.0375
50723,1,0.04375
50724,2,0.0375
50725,1,0.04375
50726,1,0.04375
50727,0,0.05
50728,2,0.0375
50729,1,0.04375
50730,1,0.04375
50731,0,0.05
50732,1,0.04375
50733,0,0.05
50734,0,0.05
50735,1,0.05625
50736,2,0.0375
50737,1,0.04375
50738,1,0.04375
50739,0,0.05
50740,1,0.04375
50741,0,0.05
50742,0,0.05
50743,1,0.05625
50744,1,0.04375
50745,0,0.05
50746,0,0.05
50747,1,0.05625
50748,0,0.05
50749,1,0.05625
50750,1,0.05625
50751,2,0.0625
50752,3,0.03125
50753,2,0.0375
50754,2,0.0375
50755,1,0.04375
50756,2,0.0375
50757,1,0.04375
50758,1,0.04375
50759,0,0.05
50760,2,0.0375
50761,1,0.04375
50762,1,0.04375
50763,0,0.05
50764,1,0.04375
50765,0,0.05
50766,0,0.05
50767,1,0.05625
50768,2,0.0375
50769,1,0.04375
50770,1,0.04375
50771,0,0.05
50772,1,0.04375
50773,0,0.05
50774,0,0.05
50775,1,0.05625
50776,1,0.04375
50777,0,0.05
50778,0,0.05
50779,1,0.05625
50780,0,0.05
50781,1,0.05625
50782,1,0.05625
50783,2,0.0625
50784,2,0.0375
50785,1,0.04375
50786,1,0.04375
50787,0,0.05
50788,1,0.04375
50789,0,0.05
50790,0,0.05
50791,1,0.05625
50792,1,0.04375
50793,0,0.05
50794,0,0.05
50795,1,0.05625
50796,0,0.05
50797,1,0.05625
50798,1,0.05625
50799,2,0.0625
50800,1,0.04375
50801,0,0.05
50802,0,0.05
50803,1,0.05625
50804,0,0.05
50805,1,0.05625
50806,1,0.05625
50807,2,0.0625
50808,0,0.05
50809,1,0.05625
50810,1,0.05625
50811,2,0.0625
50812,1,0.05625
50813,2,0.0625
50814,2,0.0625
50815,3,0.06875
50816,3,0.03125
50817,2,0.0375
50818,2,0.0375
50819,1,0.04375
50820,2,0.0375
50821,1,0.04375
50822,1,0.04375
50823,0,0.05
50824,2,0.0375
50825,1,0.04375
50826,1,0.04375
50827,0,0.05
50828,1,0.04375
50829,0,0.05
50830,0,0.05
50831,1,0.05625
50832,2,0.0375
50833,1,0.04375
50834,1,0.04375
50835,0,0.05
50836,1,0.04375
50837,0,0.05
50838,0,0.05
50839,1,0.05625
50840,1,0.04375
50841,0,0.05
50842,0,0.05
50843,1,0.05625
50844,0,0.05
50845,1,0.05625
50846,1,0.05625
50847,2,0.0625
50848,2,0.0375
50849,1,0.04375
50850,1,0.04375
50851,0,0.05
50852,1,0.04375
50853,0,0.05
50854,0,0.05
50855,1,0.05625
50856,1,0.04375
50857,0,0.05
50858,0,0.05
50859,1,0.05625
50860,0,0.05
50861,1,0.05625
50862,1,0.05625
50863,2,0.0625
50864,1,0.04375
50865,0,0.05
50866,0,0.05
50867,1,0.05625
50868,0,0.05
50869,1,0.05625
50870,1,0.05625
50871,2,0.0625
50872,0,0.05
50873,1,0.05625
50874,1,0.05625
50875,2,0.0625
50876,1,0.05625
50877,2,0.0625
50878,2,0.0625
50879,3,0.06875
50880,2,0.0375
50881,1,0.04375
50882,1,0.04375
50883,0,0.05
50884,1,0.04375
50885,0,0.05
50886,0,0.05
50887,1,0.05625
50888,1,0.04375
50889,0,0.05
50890,0,0.05
50891,1,0.05625
50892,0,0.05
50893,1,0.05625
50894,1,0.05625
50895,2,0.0625
50896,1,0.04375
50897,0,0.05
50898,0,0.05
50899,1,0.05625
50900,0,0.05
50901,1,0.05625
50902,1,0.05625
50903,2,0.0625
50904,0,0.05
50905,1,0.05625
50906,1,0.05625
50907,2,0.0625
50908,1,0.05625
50909,2,0.0625
50910,2,0.0625
50911,3,0.06875
50912,1,0.04375
50913,0,0.05
50914,0,0.05
50915,1,0.05625
50916,0,0.05
50917,1,0.05625
50918,1,0.05625
50919,2,0.0625
50920,0,0.05
50921,1,0.05625
50922,1,0.05625
50923,2,0.0625
50924,1,0.05625
50925,2,0.0625
50926,2,0.0625
50927,3,0.06875
50928,0,0.05
50929,1,0.05625
50930,1,0.05625
50931,2,0.0625
50932,1,0.05625
50933,2,0.0625
50934,2,0.0625
50935,3,0.06875
50936,1,0.05625
50937,2,0.0625
50938,2,0.0625
50939,3,0.06875
50940,2,0.0625
50941,3,0.06875
50942,3,0.06875
50943,4,0.075
50944,3,0.03125
50945,2,0.0375
50946,2,0.0375
50947,1,0.04375
50948,2,0.0375
50949,1,0.04375
50950,1,0.04375
50951,0,0.05
50952,2,0.0375
50953,1,0.04375
50954,1,0.04375
50955,0,0.05
50956,1,0.04375
50957,0,0.05
50958,0,0.05
50959,1,0.05625
50960,2,0.0375
50961,1,0.04375
50962,1,0.04375
50963,0,0.05
50964,1,0.04375
50965,0,0.05
50966,0,0.05
50967,1,0.05625
50968,1,0.04375
50969,0,0.05
50970,0,0.05
50971,1,0.05625
50972,0,0.05
50973,1,0.05625
50974,1,0.05625
50975,2,0.0625
50976,2,0.0375
50977,1,0.04375
50978,1,0.04375
50979,0,0.05
50980,1,0.04375
50981,0,0.05
50982,0,0.05
50983,1,0.05625
50984,1,0.04375
50985,0,0.05
50986,0,0.05
50987,1,0.05625
50988,0,0.05
50989,1,0.05625
50990,1,0.05625
50991,2,0.0625
50992,1,0.04375
50993,0,0.05
50994,0,0.05
50995,1,0.05625
50996,0,0.05
50997,1,0.05625
50998,1,0.05625
50999,2,0.0625
51000,0,0.05
51001,1,0.05625
51002,1,0.05625
51003,2,0.0625
51004,1,0.05625
51005,2,0.0625
51006,2,0.0625
51007,3,0.06875
51008,2,0.0375
51009,1,0.04375
51010,1,0.04375
51011,0,0.05
51012,1,0.04375
51013,0,0.05
51014,0,0.05
51015,1,0.05625
51016,1,0.04375
51017,0,0.05
51018,0,0.05
51019,1,0.05625
51020,0,0.05
51021,1,0.05625
51022,1,0.05625
51023,2,0.0625
51024,1,0.04375
51025,0,0.05
51026,0,0.05
51027,1,0.05625
51028,0,0.05
51029,1,0.05625
51030,1,0.05625
51031,2,0.0625
51032,0,0.05
51033,1,0.05625
51034,1,0.05625
51035,2,0.0625
51036,1,0.05625
51037,2,0.0625
51038,2,0.0625
51039,3,0.06875
51040,1,0.04375
51041,0,0.05
51042,0,0.05
51043,1,0.05625
51044,0,0.05
51045,1,0.05625
51046,1,0.05625
51047,2,0.0625
51048,0,0.05
51049,1,0.05625
51050,1,0.05625
51051,2,0.0625
51052,1,0.05625
51053,2,0.0625
51054,2,0.0625
51055,3,0.06875
51056,0,0.05
51057,1,0.05625
51058,1,0.05625
51059,2,0.0625
51060,1,0.05625
51061,2,0.0625
51062,2,0.0625
51063,3,0.06875
51064,1,0.05625
51065,2,0.0625
51066,2,0.0625
51067,3,0.06875
51068,2,0.0625
51069,3,0.06875
51070,3,0.06875
51071,4,0.075
51072,2,0.0375
51073,1,0.04375
51074,1,0.04375
51075,0,0.05
51076,1,0.04375
51077,0,0.05
51078,0,0.05
51079,1,0.05625
51080,1,0.04375
51081,0,0.05
51082,0,0.05
51083,1,0.05625
51084,0,0.05
51085,1,0.05625
51086,1,0.05625
51087,2,0.0625
51088,1,0.04375
51089,0,0.05
51090,0,0.05
51091,1,0.05625
51092,0,0.05
51093,1,0.05625
51094,1,0.05625
51095,2,0.0625
51096,0,0.05
51097,1,0.05625
51098,1,0.05625
51099,2,0.0625
51100,1,0.05625
51101,2,0.0625
51102,2,0.0625
51103,3,0.06875
51104,1,0.04375
51105,0,0.05
51106,0,0.05
51107,1,0.05625
51108,0,0.05
51109,1,0.05625
51110,1,0.05625
51111,2,0.0625
51112,0,0.05
51113,1,0.05625
51114,1,0.05625
51115,2,0.0625
51116,1,0.05625
51117,2,0.0625
51118,2,0.0625
51119,3,0.06875
51120,0,0.05
51121,1,0.05625
51122,1,0.05625
51123,2,0.0625
51124,1,0.05625
51125,2,0.0625
51126,2,0.0625
51127,3,0.06875
51128,1,0.05625
51129,2,0.0625
51130,2,0.0625
51131,3,0.06875
51132,2,0.0625
51133,3,0.06875
51134,3,0.06875
51135,4,0.075
51136,1,0.04375
51137,0,0.05
51138,0,0.05
51139,1,0.05625
51140,0,0.05
51141,1,0.05625
51142,1,0.05625
51143,2,0.0625
51144,0,0.05
51145,1,0.05625
51146,1,0.05625
51147,2,0.0625
51148,1,0.05625
51149,2,0.0625
51150,2,0.0625
51151,3,0.06875
51152,0,0.05
51153,1,0.05625
51154,1,0.05625
51155,2,0.0625
51156,1,0.05625
51157,2,0.0625
51158,2,0.0625
51159,3,0.06875
51160,1,0.05625
51161,2,0.0625
51162,2,0.0625
51163,3,0.06875
51164,2,0.0625
51165,3,0.06875
51166,3,0.06875
51167,4,0.075
51168,0,0.05
51169,1,0.05625
51170,1,0.05625
51171,2,0.0625
51172,1,0.05625
51173,2,0.0625
51174,2,0.0625
51175,3,0.06875
51176,1,0.05625
51177,2,0.0625
51178,2,0.0625
51179,3,0.06875
51180,2,0.0625
51181,3,0.06875
51182,3,0.06875
51183,4,0.075
51184,1,0.05625
51185,2,0.0625
51186,2,0.0625
51187,3,0.06875
51188,2,0.0625
51189,3,0.06875
51190,3,0.06875
51191,4,0.075
51192,2,0.0625
51193,3,0.06875
51194,3,0.06875
51195,4,0.075
51196,3,0.06875
51197,4,0.075
51198,4,0.075
51199,3,0.08125
51200,3,0.01875
51201,4,0.025
51202,4,0.025
51203,3,0.03125
51204,4,0.025
51205,3,0.03125
51206,3,0.03125
51207,2,0.0375
51208,4,0.025
51209,3,0.03125
51210,3,0.03125
51211,2,0.0375
51212,3,0.03125
51213,2,0.0375
51214,2,0.0375
51215,1,0.04375
51216,4,0.025
51217,3,0.03125
51218,3,0.03125
51219,2,0.0375
51220,3,0.03125
51221,2,0.0375
51222,2,0.0375
51223,1,0.04375
51224,3,0.03125
51225,2,0.0375
51226,2,0.0375
51227,1,0.04375
51228,2,0.0375
51229,1,0.04375
51230,1,0.04375
51231,0,0.05
51232,4,0.025
51233,3,0.03125
51234,3,0.03125
51235,2,0.0375
51236,3,0.03125
51237,2,0.0375
51238,2,0.0375
51239,1,0.04375
51240,3,0.03125
51241,2,0.0375
51242,2,0.0375
51243,1,0.04375
51244,2,0.0375
51245,1,0.04375
51246,1,0.04375
51247,0,0.05
51248,3,0.03125
51249,2,0.0375
51250,2,0.0375
51251,1,0.04375
51252,2,0.0375
51253,1,0.04375
51254,1,0.04375
51255,0,0.05
51256,2,0.0375
51257,1,0.04375
51258,1,0.04375
51259,0,0.05
51260,1,0.04375
51261,0,0.05
51262,0,0.05
51263,1,0.05625
51264,4,0.025
51265,3,0.03125
51266,3,0.03125
51267,2,0.0375
51268,3,0.03125
51269,2,0.0375
51270,2,0.0375
51271,1,0.04375
51272,3,0.03125
51273,2,0.0375
51274,2,0.0375
51275,1,0.04375
51276,2,0.0375
51277,1,0.04375
51278,1,0.04375
51279,0,0.05
51280,3,0.03125
51281,2,0.0375
51282,2,0.0375
51283,1,0.04375
51284,2,0.0375
51285,1,0.04375
51286,1,0.04375
51287,0,0.05
51288,2,0.0375
51289,1,0.04375
51290,1,0.04375
51291,0,0.05
51292,1,0.04375
51293,0,0.05
51294,0,0.05
51295,1,0.05625
51296,3,0.03125
51297,2,0.0375
51298,2,0.0375
51299,1,0.04375
51300,2,0.0375
51301,1,0.04375
51302,1,0.04375
51303,0,0.05
51304,2,0.0375
51305,1,0.04375
51306,1,0.04375
51307,0,0.05
51308,1,0.04375
51309,0,0.05
51310,0,0.05
51311,1,0.05625
51312,2,0.0375
51313,1,0.04375
51314,1,0.04375
51315,0,0.05
51316,1,0.04375
51317,0,0.05
51318,0,0.05
51319,1,0.05625
51320,1,0.04375
51321,0,0.05
51322,0,0.05
51323,1,0.05625
51324,0,0.05
51325,1,0.05625
51326,1,0.05625
51327,2,0.0625
51328,4,0.025
51329,3,0.03125
51330,3,0.03125
51331,2,0.0375
51332,3,0.03125
51333,2,0.0375
51334,2,0.0375
51335,1,0.04375
51336,3,0.03125
51337,2,0.0375
51338,2,0.0375
51339,1,0.04375
51340,2,0.0375
51341,1,0.04375
51342,1,0.04375
51343,0,0.05
51344,3,0.03125
51345,2,0.0375
51346,2,0.0375
51347,1,0.04375
51348,2,0.0375
51349,1,0.04375
51350,1,0.04375
51351,0,0.05
51352,2,0.0375
51353,1,0.04375
51354,1,0.04375
51355,0,0.05
51356,1,0.04375
51357,0,0.05
51358,0,0.05
51359,1,0.05625
51360,3,0.03125
51361,2,0.0375
51362,2,0.0375
51363,1,0.04375
51364,2,0.0375
51365,1,0.04375
51366,1,0.04375
51367,0,0.05
51368,2,0.0375
51369,1,0.04375
51370,1,0.04375
51371,0,0.05
51372,1,0.04375
51373,0,0.05
51374,0,0.05
51375,1,0.05625
51376,2,0.0375
51377,1,0.04375
51378,1,0.04375
51379,0,0.05
51380,1,0.04375
51381,0,0.05
51382,0,0.05
51383,1,0.05625
51384,1,0.04375
51385,0,0.05
51386,0,0.05
51387,1,0.05625
51388,0,0.05
51389,1,0.05625
51390,1,0.05625
51391,2,0.0625
51392,3,0.03125
51393,2,0.0375
51394,2,0.0375
51395,1,0.04375
51396,2,0.0375
51397,1,0.04375
51398,1,0.04375
51399,0,0.05
51400,2,0.0375
51401,1,0.04375
51402,1,0.04375
51403,0,0.05
51404,1,0.04375
51405,0,0.05
51406,0,0.05
51407,1,0.05625
51408,2,0.0375
51409,1,0.04375
51410,1,0.04375
51411,0,0.05
51412,1,0.04375
51413,0,0.05
51414,0,0.05
51415,1,0.05625
51416,1,0.04375
51417,0,0.05
51418,0,0.05
51419,1,0.05625
51420,0,0.05
51421,1,0.05625
51422,1,0.05625
51423,2,0.0625
51424,2,0.0375
51425,1,0.04375
51426,1,0.04375
51427,0,0.05
51428,1,0.04375
51429,0,0.05
51430,0,0.05
51431,1,0.05625
51432,1,0.04375
51433,0,0.05
51434,0,0.05
51435,1,0.05625
51436,0,0.05
51437,1,0.05625
51438,1,0.05625
51439,2,0.0625
51440,1,0.04375
51441,0,0.05
51442,0,0.05
51443,1,0.05625
51444,0,0.05
51445,1,0.05625
51446,1,0.05625
51447,2,0.0625
51448,0,0.05
51449,1,0.05625
51450,1,0.05625
51451,2,0.0625
51452,1,0.05625
51453,2,0.0625
51454,2,0.0625
51455,3,0.06875
51456,4,0.025
51457,3,0.03125
51458,3,0.03125
51459,2,0.0375
51460,3,0.03125
51461,2,0.0375
51462,2,0.0375
51463,1,0.04375
51464,3,0.03125
51465,2,0.0375
51466,2,0.0375
51467,1,0.04375
51468,2,0.0375
51469,1,0.04375
51470,1,0.04375
51471,0,0.05
51472,3,0.03125
51473,2,0.0375
51474,2,0.0375
51475,1,0.04375
51476,2,0.0375
51477,1,0.04375
51478,1,0.04375
51479,0,0.05
51480,2,0.0375
51481,1,0.04375
51482,1,0.04375
51483,0,0.05
51484,1,0.04375
51485,0,0.05
51486,0,0.05
51487,1,0.05625
51488,3,0.03125
51489,2,0.0375
51490,2,0.0375
51491,1,0.04375
51492,2,0.0375
51493,1,0.04375
51494,1,0.04375
51495,0,0.05
51496,2,0.0375
51497,1,0.04375
51498,1,0.04375
51499,0,0.05
51500,1,0.04375
51501,0,0.05
51502,0,0.05
51503,1,0.05625
51504,2,0.0375
51505,1,0.04375
51506,1,0.04375
51507,0,0.05
51508,1,0.04375
51509,0,0.05
51510,0,0.05
51511,1,0.05625
51512,1,0.04375
51513,0,0.05
51514,0,0.05
51515,1,0.05625
51516,0,0.05
51517,1,0.05625
51518,1,0.05625
51519,2,0.0625
51520,3,0.03125
51521,2,0.0375
51522,2,0.0375
51523,1,0.04375
51524,2,0.0375
51525,1,0.04375
51526,1,0.04375
51527,0,0.05
51528,2,0.0375
51529,1,0.04375
51530,1,0.04375
51531,0,0.05
51532,1,0.04375
51533,0,0.05
51534,0,0.05
51535,1,0.05625
51536,2,0.0375
51537,1,0.04375
51538,1,0.04375
51539,0,0.05
51540,1,0.04375
51541,0,0.05
51542,0,0.05
51543,1,0.05625
51544,1,0.04375
51545,0,0.05
51546,0,0.05
51547,1,0.05625
51548,0,0.05
51549,1,0.05625
51550,1,0.05625
51551,2,0.0625
51552,2,0.0375
51553,1,0.04375
51554,1,0.04375
51555,0,0.05
51556,1,0.04375
51557,0,0.05
51558,0,0.05
51559,1,0.05625
51560,1,0.04375
51561,0,0.05
51562,0,0.05
51563,1,0.05625
51564,0,0.05
51565,1,0.05625
51566,1,0.05625
51567,2,0.0625
51568,1,0.04375
51569,0,0.05
51570,0,0.05
51571,1,0.05625
51572,0,0.05
51573,1,0.05625
51574,1,0.05625
51575,2,0.0625
51576,0,0.05
51577,1,0.05625
51578,1,0.05625
51579,2,0.0625
51580,1,0.05625
51581,2,0.0625
51582,2,0.0625
51583,3,0.06875
51584,3,0.03125
51585,2,0.0375
51586,2,0.0375
51587,1,0.04375
51588,2,0.0375
51589,1,0.04375
51590,1,0.04375
51591,0,0.05
51592,2,0.0375
51593,1,0.04375
51594,1,0.04375
51595,0,0.05
51596,1,0.04375
51597,0,0.05
51598,0,0.05
51599,1,0.05625
51600,2,0.0375
51601,1,0.04375
51602,1,0.04375
51603,0,0.05
51604,1,0.04375
51605,0,0.05
51606,0,0.05
51607,1,0.05625
51608,1,0.04375
51609,0,0.05
51610,0,0.05
51611,1,0.05625
51612,0,0.05
51613,1,0.05625
51614,1,0.05625
51615,2,0.0625
51616,2,0.0375
51617,1,0.04375
51618,1,0.04375
51619,0,0.05
51620,1,0.04375
51621,0,0.05
51622,0,0.05
51623,1,0.05625
51624,1,0.04375
51625,0,0.05
51626,0,0.05
51627,1,0.05625
51628,0,0.05
51629,1,0.05625
51630,1,0.05625
51631,2,0.0625
51632,1,0.04375
51633,0,0.05
51634,0,0.05
51635,1,0.05625
51636,0,0.05
51637,1,0.05625
51638,1,0.05625
51639,2,0.0625
51640,0,0.05
51641,1,0.05625
51642,1,0.05625
51643,2,0.0625
51644,1,0.05625
51645,2,0.0625
51646,2,0.0625
51647,3,0.06875
51648,2,0.0375
51649,1,0.04375
51650,1,0.04375
51651,0,0.05
51652,1,0.04375
51653,0,0.05
51654,0,0.05
51655,1,0.05625
51656,1,0.04375
51657,0,0.05
51658,0,0.05
51659,1,0.05625
51660,0,0.05
51661,1,0.05625
51662,1,0.05625
51663,2,0.0625
51664,1,0.04375
51665,0,0.05
51666,0,0.05
51667,1,0.05625
51668,0,0.05
51669,1,0.05625
51670,1,0.05625
51671,2,0.0625
51672,0,0.05
51673,1,0.05625
51674,1,0.05625
51675,2,0.0625
51676,1,0.05625
51677,2,0.0625
51678,2,0.0625
51679,3,0.06875
51680,1,0.04375
51681,0,0.05
51682,0,0.05
51683,1,0.05625
51684,0,0.05
51685,1,0.05625
51686,1,0.05625
51687,2,0.0625
51688,0,0.05
51689,1,0.05625
51690,1,0.05625
51691,2,0.0625
51692,1,0.05625
51693,2,0.0625
51694,2,0.0625
51695,3,0.06875
51696,0,0.05
51697,1,0.05625
51698,1,0.05625
51699,2,0.0625
51700,1,0.05625
51701,2,0.0625
51702,2,0.0625
51703,3,0.06875
51704,1,0.05625
51705,2,0.0625
51706,2,0.0625
51707,3,0.06875
51708,2,0.0625
51709,3,0.06875
51710,3,0.06875
51711,4,0.075
51712,4,0.025
51713,3,0.03125
51714,3,0.03125
51715,2,0.0375
51716,3,0.03125
51717,2,0.0375
51718,2,0.0375
51719,1,0.04375
51720,3,0.03125
51721,2,0.0375
51722,2,0.0375
51723,1,0.04375
51724,2,0.0375
51725,1,0.04375
51726,1,0.04375
51727,0,0.05
51728,3,0.03125
51729,2,0.0375
51730,2,0.0375
51731,1,0.04375
51732,2,0.0375
51733,1,0.04375
51734,1,0.04375
51735,0,0.05
51736,2,0.0375
51737,1,0.04375
51738,1,0.04375
51739,0,0.05
51740,1,0.04375
51741,0,0.05
51742,0,0.05
51743,1,0.05625
51744,3,0.03125
51745,2,0.0375
51746,2,0.0375
51747,1,0.04375
51748,2,0.0375
51749,1,0.04375
51750,1,0.04375
51751,0,0.05
51752,2,0.0375
51753,1,0.04375
51754,1,0.04375
51755,0,0.05
51756,1,0.04375
51757,0,0.05
51758,0,0.05
51759,1,0.05625
51760,2,0.0375
51761,1,0.04375
51762,1,0.04375
51763,0,0.05
51764,1,0.04375
51765,0,0.05
51766,0,0.05
51767,1,0.05625
51768,1,0.04375
51769,0,0.05
51770,0,0.05
51771,1,0.05625
51772,0,0.05
51773,1,0.05625
51774,1,0.05625
51775,2,0.0625
51776,3,0.03125
51777,2,0.0375
51778,2,0.0375
51779,1,0.04375
51780,2,0.0375
51781,1,0.04375
51782,1,0.04375
51783,0,0.05
51784,2,0.0375
51785,1,0.04375
51786,1,0.04375
51787,0,0.05
51788,1,0.04375
51789,0,0.05
51790,0,0.05
51791,1,0.05625
51792,2,0.0375
51793,1,0.04375
51794,1,0.04375
51795,0,0.05
51796,1,0.04375
51797,0,0.05
51798,0,0.05
51799,1,0.05625
51800,1,0.04375
51801,0,0.05
51802,0,0.05
51803,1,0.05625
51804,0,0.05
51805,1,0.05625
51806,1,0.05625
51807,2,0.0625
51808,2,0.0375
51809,1,0.04375
51810,1,0.04375
51811,0,0.05
51812,1,0.04375
51813,0,0.05
51814,0,0.05
51815,1,0.05625
51816,1,0.04375
51817,0,0.05
51818,0,0.05
51819,1,0.05625
51820,0,0.05
51821,1,0.05625
51822,1,0.05625
51823,2,0.0625
51824,1,0.04375
51825,0,0.05
51826,0,0.05
51827,1,0.05625
51828,0,0.05
51829,1,0.05625
51830,1,0.05625
51831,2,0.0625
51832,0,0.05
51833,1,0.05625
51834,1,0.05625
51835,2,0.0625
51836,1,0.05625
51837,2,0.0625
51838,2,0.0625
51839,3,0.06875
51840,3,0.03125
51841,2,0.0375
51842,2,0.0375
51843,1,0.04375
51844,2,0.0375
51845,1,0.04375
51846,1,0.04375
51847,0,0.05
51848,2,0.0375
51849,1,0.04375
51850,1,0.04375
51851,0,0.05
51852,1,0.04375
51853,0,0.05
51854,0,0.05
51855,1,0.05625
51856,2,0.0375
51857,1,0.04375
51858,1,0.04375
51859,0,0.05
51860,1,0.04375
51861,0,0.05
51862,0,0.05
51863,1,0.05625
51864,1,0.04375
51865,0,0.05
51866,0,0.05
51867,1,0.05625
51868,0,0.05
51869,1,0.05625
51870,1,0.05625
51871,2,0.0625
51872,2,0.0375
51873,1,0.04375
51874,1,0.04375
51875,0,0.05
51876,1,0.04375
51877,0,0.05
51878,0,0.05
51879,1,0.05625
51880,1,0.04375
51881,0,0.05
51882,0,0.05
51883,1,0.05625
51884,0,0.05
51885,1,0.05625
51886,1,0.05625
51887,2,0.0625
51888,1,0.04375
51889,0,0.05
51890,0,0.05
51891,1,0.05625
51892,0,0.05
51893,1,0.05625
51894,1,0.05625
51895,2,0.0625
51896,0,0.05
51897,1,0.05625
51898,1,0.05625
51899,2,0.0625
51900,1,0.05625
51901,2,0.0625
51902,2,0.0625
51903,3,0.06875
51904,2,0.0375
51905,1,0.04375
51906,1,0.04375
51907,0,0.05
51908,1,0.04375
51909,0,0.05
51910,0,0.05
51911,1,0.05625
51912,1,0.04375
51913,0,0.05
51914,0,0.05
51915,1,0.05625
51916,0,0.05
51917,1,0.05625
51918,1,0.05625
51919,2,0.0625
51920,1,0.04375
51921,0,0.05
51922,0,0.05
51923,1,0.05625
51924,0,0.05
51925,1,0.05625
51926,1,0.05625
51927,2,0.0625
51928,0,0.05
51929,1,0.05625
51930,1,0.05625
51931,2,0.0625
51932,1,0.05625
51933,2,0.0625
51934,2,0.0625
51935,3,0.06875
51936,1,0.04375
51937,0,0.05
51938,0,0.05
51939,1,0.05625
51940,0,0.05
51941,1,0.05625
51942,1,0.05625
51943,2,0.0625
51944,0,0.05
51945,1,0.05625
51946,1,0.05625
51947,2,0.0625
51948,1,0.05625
51949,2,0.0625
51950,2,0.0625
51951,3,0.06875
51952,0,0.05
51953,1,0.05625
51954,1,0.05625
51955,2,0.0625
51956,1,0.05625
51957,2,0.0625
51958,2,0.0625
51959,3,0.06875
51960,1,0.05625
51961,2,0.0625
51962,2,0.0625
51963,3,0.06875
51964,2,0.0625
51965,3,0.06875
51966,3,0.06875
51967,4,0.075
51968,3,0.03125
51969,2,0.0375
51970,2,0.0375
51971,1,0.04375
51972,2,0.0375
51973,1,0.04375
51974,1,0.04375
51975,0,0.05
51976,2,0.0375
51977,1,0.04375
51978,1,0.04375
51979,0,0.05
51980,1,0.04375
51981,0,0.05
51982,0,0.05
51983,1,0.05625
51984,2,0.0375
51985,1,0.04375
51986,1,0.04375
51987,0,0.05
51988,1,0.04375
51989,0,0.05
51990,0,0.05
51991,1,0.05625
51992,1,0.04375
51993,0,0.05
51994,0,0.05
51995,1,0.05625
51996,0,0.05
51997,1,0.05625
51998,1,0.05625
51999,2,0.0625
52000,2,0.0375
52001,1,0.04375
52002,1,0.04375
52003,0,0.05
52004,1,0.04375
52005,0,0.05
52006,0,0.05
52007,1,0.05625
52008,1,0.04375
52009,0,0.05
52010,0,0.05
52011,1,0.05625
52012,0,0.05
52013,1,0.05625
52014,1,0.05625
52015,2,0.0625
52016,1,0.04375
52017,0,0.05
52018,0,0.05
52019,1,0.05625
52020,0,0.05
52021,1,0.05625
52022,1,0.05625
52023,2,0.0625
52024,0,0.05
52025,1,0.05625
52026,1,0.05625
52027,2,0.0625
52028,1,0.05625
52029,2,0.0625
52030,2,0.0625
52031,3,0.06875
52032,2,0.0375
52033,1,0.04375
52034,1,0.04375
52035,0,0.05
52036,1,0.04375
52037,0,0.05
52038,0,0.05
52039,1,0.05625
52040,1,0.04375
52041,0,0.05
52042,0,0.05
52043,1,0.05625
52044,0,0.05
52045,1,0.05625
52046,1,0.05625
52047,2,0.0625
52048,1,0.04375
52049,0,0.05
52050,0,0.05
52051,1,0.05625
52052,0,0.05
52053,1,0.05625
52054,1,0.05625
52055,2,0.0625
52056,0,0.05
52057,1,0.05625
52058,1,0.05625
52059,2,0.0625
52060,1,0.05625
52061,2,0.0625
52062,2,0.0625
52063,3,0.06875
52064,1,0.04375
52065,0,0.05
52066,0,0.05
52067,1,0.05625
52068,0,0.05
52069,1,0.05625
52070,1,0.05625
52071,2,0.0625
52072,0,0.05
52073,1,0.05625
52074,1,0.05625
52075,2,0.0625
52076,1,0.05625
52077,2,0.0625
52078,2,0.0625
52079,3,0.06875
52080,0,0.05
52081,1,0.05625
52082,1,0.05625
52083,2,0.0625
52084,1,0.05625
52085,2,0.0625
52086,2,0.0625
52087,3,0.06875
52088,1,0.05625
52089,2,0.0625
52090,2,0.0625
52091,3,0.06875
52092,2,0.0625
52093,3,0.06875
52094,3,0.06875
52095,4,0.075
52096,2,0.0375
52097,1,0.04375
52098,1,0.04375
52099,0,0.05
52100,1,0.04375
52101,0,0.05
52102,0,0.05
52103,1,0.05625
52104,1,0.04375
52105,0,0.05
52106,0,0.05
52107,1,0.05625
52108,0,0.05
52109,1,0.05625
52110,1,0.05625
52111,2,0.0625
52112,1,0.04375
52113,0,0.05
52114,0,0.05
52115,1,0.05625
52116,0,0.05
52117,1,0.05625
52118,1,0.05625
52119,2,0.0625
52120,0,0.05
52121,1,0.05625
52122,1,0.05625
52123,2,0.0625
52124,1,0.05625
52125,2,0.0625
52126,2,0.0625
52127,3,0.06875
52128,1,0.04375
52129,0,0.05
52130,0,0.05
52131,1,0.05625
52132,0,0.05
52133,1,0.05625
52134,1,0.05625
52135,2,0.0625
52136,0,0.05
52137,1,0.05625
52138,1,0.05625
52139,2,0.0625
52140,1,0.05625
52141,2,0.0625
52142,2,0.0625
52143,3,0.06875
52144,0,0.05
52145,1,0.05625
52146,1,0.05625
52147,2,0.0625
52148,1,0.05625
52149,2,0.0625
52150,2,0.0625
52151,3,0.06875
52152,1,0.05625
52153,2,0.0625
52154,2,0.0625
52155,3,0.06875
52156,2,0.0625
52157,3,0.06875
52158,3,0.06875
52159,4,0.075
52160,1,0.04375
52161,0,0.05
52162,0,0.05
52163,1,0.05625
52164,0,0.05
52165,1,0.05625
52166,1,0.05625
52167,2,0.0625
52168,0,0.05
52169,1,0.05625
52170,1,0.05625
52171,2,0.0625
52172,1,0.05625
52173,2,0.0625
52174,2,0.0625
52175,3,0.06875
52176,0,0.05
52177,1,0.05625
52178,1,0.05625
52179,2,0.0625
52180,1,0.05625
52181,2,0.0625
52182,2,0.0625
52183,3,0.06875
52184,1,0.05625
52185,2,0.0625
52186,2,0.0625
52187,3,0.06875
52188,2,0.0625
52189,3,0.06875
52190,3,0.06875
52191,4,0.075
52192,0,0.05
52193,1,0.05625
52194,1,0.05625
52195,2,0.0625
52196,1,0.05625
52197,2,0.0625
52198,2,0.0625
52199,3,0.06875
52200,1,0.05625
52201,2,0.0625
52202,2,0.0625
52203,3,0.06875
52204,2,0.0625
52205,3,0.06875
52206,3,0.06875
52207,4,0.075
52208,1,0.05625
52209,2,0.0625
52210,2,0.0625
52211,3,0.06875
52212,2,0.0625
52213,3,0.06875
52214,3,0.06875
52215,4,0.075
52216,2,0.0625
52217,3,0.06875
52218,3,0.06875
52219,4,0.075
52220,3,0.06875
52221,4,0.075
52222,4,0.075
52223,3,0.08125
52224,4,0.025
52225,3,0.03125
52226,3,0.03125
52227,2,0.0375
52228,3,0.03125
52229,2,0.0375
52230,2,0.0375
52231,1,0.04375
52232,3,0.03125
52233,2,0.0375
52234,2,0.0375
52235,1,0.04375
52236,2,0.0375
52237,1,0.04375
52238,1,0.04375
52239,0,0.05
52240,3,0.03125
52241,2,0.0375
52242,2,0.0375
52243,1,0.04375
52244,2,0.0375
52245,1,0.04375
52246,1,0.04375
52247,0,0.05
52248,2,0.0375
52249,1,0.04375
52250,1,0.04375
52251,0,0.05
52252,1,0.04375
52253,0,0.05
52254,0,0.05
52255,1,0.05625
52256,3,0.03125
52257,2,0.0375
52258,2,0.0375
52259,1,0.04375
52260,2,0.0375
52261,1,0.04375
52262,1,0.04375
52263,0,0.05
52264,2,0.0375
52265,1,0.04375
52266,1,0.04375
52267,0,0.05
52268,1,0.04375
52269,0,0.05
52270,0,0.05
52271,1,0.05625
52272,2,0.0375
52273,1,0.04375
52274,1,0.04375
52275,0,0.05
52276,1,0.04375
52277,0,0.05
52278,0,0.05
52279,1,0.05625
52280,1,0.04375
52281,0,0.05
52282,0,0.05
52283,1,0.05625
52284,0,0.05
52285,1,0.05625
52286,1,0.05625
52287,2,0.0625
52288,3,0.03125
52289,2,0.0375
52290,2,0.0375
52291,1,0.04375
52292,2,0.0375
52293,1,0.04375
52294,1,0.04375
52295,0,0.05
52296,2,0.0375
52297,1,0.04375
52298,1,0.04375
52299,0,0.05
52300,1,0.04375
52301,0,0.05
52302,0,0.05
52303,1,0.05625
52304,2,0.0375
52305,1,0.04375
52306,1,0.04375
52307,0,0.05
52308,1,0.04375
52309,0,0.05
52310,0,0.05
52311,1,0.05625
52312,1,0.04375
52313,0,0.05
52314,0,0.05
52315,1,0.05625
52316,0,0.05
52317,1,0.05625
52318,1,0.05625
52319,2,0.0625
52320,2,0.0375
52321,1,0.04375
52322,1,0.04375
52323,0,0.05
52324,1,0.04375
52325,0,0.05
52326,0,0.05
52327,1,0.05625
52328,1,0.04375
52329,0,0.05
52330,0,0.05
52331,1,0.05625
52332,0,0.05
52333,1,0.05625
52334,1,0.05625
52335,2,0.0625
52336,1,0.04375
52337,0,0.05
52338,0,0.05
52339,1,0.05625
52340,0,0.05
52341,1,0.05625
52342,1,0.05625
52343,2,0.0625
52344,0,0.05
52345,1,0.05625
52346,1,0.05625
52347,2,0.0625
52348,1,0.05625
52349,2,0.0625
52350,2,0.0625
52351,3,0.06875
52352,3,0.03125
52353,2,0.0375
52354,2,0.0375
52355,1,0.04375
52356,2,0.0375
52357,1,0.04375
52358,1,0.04375
52359,0,0.05
52360,2,0.0375
52361,1,0.04375
52362,1,0.04375
52363,0,0.05
52364,1,0.04375
52365,0,0.05
52366,0,0.05
52367,1,0.05625
52368,2,0.0375
52369,1,0.04375
52370,1,0.04375
52371,0,0.05
52372,1,0.04375
52373,0,0.05
52374,0,0.05
52375,1,0.05625
52376,1,0.04375
52377,0,0.05
52378,0,0.05
52379,1,0.05625
52380,0,0.05
52381,1,0.05625
52382,1,0.05625
52383,2,0.0625
52384,2,0.0375
52385,1,0.04375
52386,1,0.04375
52387,0,0.05
52388,1,0.04375
52389,0,0.05
52390,0,0.05
52391,1,0.05625
52392,1,0.04375
52393,0,0.05
52394,0,0.05
52395,1,0.05625
52396,0,0.05
52397,1,0.05625
52398,1,0.05625
52399,2,0.0625
52400,1,0.04375
52401,0,0.05
52402,0,0.05
52403,1,0.05625
52404,0,0.05
52405,1,0.05625
52406,1,0.05625
52407,2,0.0625
52408,0,0.05
52409,1,0.05625
52410,1,0.05625
52411,2,0.0625
52412,1,0.05625
52413,2,0.0625
52414,2,0.0625
52415,3,0.06875
52416,2,0.0375
52417,1,0.04375
52418,1,0.04375
52419,0,0.05
52420,1,0.04375
52421,0,0.05
52422,0,0.05
52423,1,0.05625
52424,1,0.04375
52425,0,0.05
52426,0,0.05
52427,1,0.05625
52428,0,0.05
52429,1,0.05625
52430,1,0.05625
52431,2,0.0625
52432,1,0.04375
52433,0,0.05
52434,0,0.05
52435,1,0.05625
52436,0,0.05
52437,1,0.05625
52438,1,0.05625
52439,2,0.0625
52440,0,0.05
52441,1,0.05625
52442,1,0.05625
52443,2,0.0625
52444,1,0.05625
52445,2,0.0625
52446,2,0.0625
52447,3,0.06875
52448,1,0.04375
52449,0,0.05
52450,0,0.05
52451,1,0.05625
52452,0,0.05
52453,1,0.05625
52454,1,0.05625
52455,2,0.0625
52456,0,0.05
52457,1,0.05625
52458,1,0.05625
52459,2,0.0625
52460,1,0.05625
52461,2,0.0625
52462,2,0.0625
52463,3,0.06875
52464,0,0.05
52465,1,0.05625
52466,1,0.05625
52467,2,0.0625
52468,1,0.05625
52469,2,0.0625
52470,2,0.0625
52471,3,0.06875
52472,1,0.05625
52473,2,0.0625
52474,2,0.0625
52475,3,0.06875
52476,2,0.0625
52477,3,0.06875
52478,3,0.06875
52479,4,0.075
52480,3,0.03125
52481,2,0.0375
52482,2,0.0375
52483,1,0.04375
52484,2,0.0375
52485,1,0.04375
52486,1,0.04375
52487,0,0.05
52488,2,0.0375
52489,1,0.04375
52490,1,0.04375
52491,0,0.05
52492,1,0.04375
52493,0,0.05
52494,0,0.05
52495,1,0.05625
52496,2,0.0375
52497,1,0.04375
52498,1,0.04375
52499,0,0.05
52500,1,0.04375
52501,0,0.05
52502,0,0.05
52503,1,0.05625
52504,1,0.04375
52505,0,0.05
52506,0,0.05
52507,1,0.05625
52508,0,0.05
52509,1,0.05625
52510,1,0.05625
52511,2,0.0625
52512,2,0.0375
52513,1,0.04375
52514,1,0.04375
52515,0,0.05
52516,1,0.04375
52517,0,0.05
52518,0,0.05
52519,1,0.05625
52520,1,0.04375
52521,0,0.05
52522,0,0.05
52523,1,0.05625
52524,0,0.05
52525,1,0.05625
52526,1,0.05625
52527,2,0.0625
52528,1,0.04375
52529,0,0.05
52530,0,0.05
52531,1,0.05625
52532,0,0.05
52533,1,0.05625
52534,1,0.05625
52535,2,0.0625
52536,0,0.05
52537,1,0.05625
52538,1,0.05625
52539,2,0.0625
52540,1,0.05625
52541,2,0.0625
52542,2,0.0625
52543,3,0.06875
52544,2,0.0375
52545,1,0.04375
52546,1,0.04375
52547,0,0.05
52548,1,0.04375
52549,0,0.05
52550,0,0.05
52551,1,0.05625
52552,1,0.04375
52553,0,0.05
52554,0,0.05
52555,1,0.05625
52556,0,0.05
52557,1,0.05625
52558,1,0.05625
52559,2,0.0625
52560,1,0.04375
52561,0,0.05
52562,0,0.05
52563,1,0.05625
52564,0,0.05
52565,1,0.05625
52566,1,0.05625
52567,2,0.0625
52568,0,0.05
52569,1,0.05625
52570,1,0.05625
52571,2,0.0625
52572,1,0.05625
52573,2,0.0625
52574,2,0.0625
52575,3,0.06875
52576,1,0.04375
52577,0,0.05
52578,0,0.05
52579,1,0.05625
52580,0,0.05
52581,1,0.05625
52582,1,0.05625
52583,2,0.0625
52584,0,0.05
52585,1,0.05625
52586,1,0.05625
52587,2,0.0625
52588,1,0.05625
52589,2,0.0625
52590,2,0.0625
52591,3,0.06875
52592,0,0.05
52593,1,0.05625
52594,1,0.05625
52595,2,0.0625
52596,1,0.05625
52597,2,0.0625
52598,2,0.0625
52599,3,0.06875
52600,1,0.05625
52601,2,0.0625
52602,2,0.0625
52603,3,0.06875
52604,2,0.0625
52605,3,0.06875
52606,3,0.06875
52607,4,0.075
52608,2,0.0375
52609,1,0.04375
52610,1,0.04375
52611,0,0.05
52612,1,0.04375
52613,0,0.05
52614,0,0.05
52615,1,0.05625
52616,1,0.04375
52617,0,0.05
52618,0,0.05
52619,1,0.05625
52620,0,0.05
52621,1,0.05625
52622,1,0.05625
52623,2,0.0625
52624,1,0.04375
52625,0,0.05
52626,0,0.05
52627,1,0.05625
52628,0,0.05
52629,1,0.05625
52630,1,0.05625
52631,2,0.0625
52632,0,0.05
52633,1,0.05625
52634,1,0.05625
52635,2,0.0625
52636,1,0.05625
52637,2,0.0625
52638,2,0.0625
52639,3,0.06875
52640,1,0.04375
52641,0,0.05
52642,0,0.05
52643,1,0.05625
52644,0,0.05
52645,1,0.05625
52646,1,0.05625
52647,2,0.0625
52648,0,0.05
52649,1,0.05625
52650,1,0.05625
52651,2,0.0625
52652,1,0.05625
52653,2,0.0625
52654,2,0.0625
52655,3,0.06875
52656,0,0.05
52657,1,0.05625
52658,1,0.05625
52659,2,0.0625
52660,1,0.05625
52661,2,0.0625
52662,2,0.0625
52663,3,0.06875
52664,1,0.05625
52665,2,0.0625
52666,2,0.0625
52667,3,0.06875
52668,2,0.0625
52669,3,0.06875
52670,3,0.06875
52671,4,0.075
52672,1,0.04375
52673,0,0.05
52674,0,0.05
52675,1,0.05625
52676,0,0.05
52677,1,0.05625
52678,1,0.05625
52679,2,0.0625
52680,0,0.05
52681,1,0.05625
52682,1,0.05625
52683,2,0.0625
52684,1,0.05625
52685,2,0.0625
52686,2,0.0625
52687,3,0.06875
52688,0,0.05
52689,1,0.05625
52690,1,0.05625
52691,2,0.0625
52692,1,0.05625
52693,2,0.0625
52694,2,0.0625
52695,3,0.06875
52696,1,0.05625
52697,2,0.0625
52698,2,0.0625
52699,3,0.06875
52700,2,0.0625
52701,3,0.06875
52702,3,0.06875
52703,4,0.075
52704,0,0.05
52705,1,0.05625
52706,1,0.05625
52707,2,0.0625
52708,1,0.05625
52709,2,0.0625
52710,2,0.0625
52711,3,0.06875
52712,1,0.05625
52713,2,0.0625
52714,2,0.0625
52715,3,0.06875
52716,2,0.0625
52717,3,0.06875
52718,3,0.06875
52719,4,0.075
52720,1,0.05625
52721,2,0.0625
52722,2,0.0625
52723,3,0.06875
52724,2,0.0625
52725,3,0.06875
52726,3,0.06875
52727,4,0.075
52728,2,0.0625
52729,3,0.06875
52730,3,0.06875
52731,4,0.075
52732,3,0.06875
52733,4,0.075
52734,4,0.075
52735,3,0.08125
52736,3,0.03125
52737,2,0.0375
52738,2,0.0375
52739,1,0.04375
52740,2,0.0375
52741,1,0.04375
52742,1,0.04375
52743,0,0.05
52744,2,0.0375
52745,1,0.04375
52746,1,0.04375
52747,0,0.05
52748,1,0.04375
52749,0,0.05
52750,0,0.05
52751,1,0.05625
52752,2,0.0375
52753,1,0.04375
52754,1,0.04375
52755,0,0.05
52756,1,0.04375
52757,0,0.05
52758,0,0.05
52759,1,0.05625
52760,1,0.04375
52761,0,0.05
52762,0,0.05
52763,1,0.05625
52764,0,0.05
52765,1,0.05625
52766,1,0.05625
52767,2,0.0625
52768,2,0.0375
52769,1,0.04375
52770,1,0.04375
52771,0,0.05
52772,1,0.04375
52773,0,0.05
52774,0,0.05
52775,1,0.05625
52776,1,0.04375
52777,0,0.05
52778,0,0.05
52779,1,0.05625
52780,0,0.05
52781,1,0.05625
52782,1,0.05625
52783,2,0.0625
52784,1,0.04375
52785,0,0.05
52786,0,0.05
52787,1,0.05625
52788,0,0.05
52789,1,0.05625
52790,1,0.05625
52791,2,0.0625
52792,0,0.05
52793,1,0.05625
52794,1,0.05625
52795,2,0.0625
52796,1,0.05625
52797,2,0.0625
52798,2,0.0625
52799,3,0.06875
52800,2,0.0375
52801,1,0.04375
52802,1,0.04375
52803,0,0.05
52804,1,0.04375
52805,0,0.05
52806,0,0.05
52807,1,0.05625
52808,1,0.04375
52809,0,0.05
52810,0,0.05
52811,1,0.05625
52812,0,0.05
52813,1,0.05625
52814,1,0.05625
52815,2,0.0625
52816,1,0.04375
52817,0,0.05
52818,0,0.05
52819,1,0.05625
52820,0,0.05
52821,1,0.05625
52822,1,0.05625
52823,2,0.0625
52824,0,0.05
52825,1,0.05625
52826,1,0.05625
52827,2,0.0625
52828,1,0.05625
52829,2,0.0625
52830,2,0.0625
52831,3,0.06875
52832,1,0.04375
52833,0,0.05
52834,0,0.05
52835,1,0.05625
52836,0,0.05
52837,1,0.05625
52838,1,0.05625
52839,2,0.0625
52840,0,0.05
52841,1,0.05625
52842,1,0.05625
52843,2,0.0625
52844,1,0.05625
52845,2,0.0625
52846,2,0.0625
52847,3,0.06875
52848,0,0.05
52849,1,0.05625
52850,1,0.05625
52851,2,0.0625
52852,1,0.05625
52853,2,0.0625
52854,2,0.0625
52855,3,0.06875
52856,1,0.05625
52857,2,0.0625
52858,2,0.0625
52859,3,0.06875
52860,2,0.0625
52861,3,0.06875
52862,3,0.06875
52863,4,0.075
52864,2,0.0375
52865,1,0.04375
52866,1,0.04375
52867,0,0.05
52868,1,0.04375
52869,0,0.05
52870,0,0.05
52871,1,0.05625
52872,1,0.04375
52873,0,0.05
52874,0,0.05
52875,1,0.05625
52876,0,0.05
52877,1,0.05625
52878,1,0.05625
52879,2,0.0625
52880,1,0.04375
52881,0,0.05
52882,0,0.05
52883,1,0.05625
52884,0,0.05
52885,1,0.05625
52886,1,0.05625
52887,2,0.0625
52888,0,0.05
52889,1,0.05625
52890,1,0.05625
52891,2,0.0625
52892,1,0.05625
52893,2,0.0625
52894,2,0.0625
52895,3,0.06875
52896,1,0.04375
52897,0,0.05
52898,0,0.05
52899,1,0.05625
52900,0,0.05
52901,1,0.05625
52902,1,0.05625
52903,2,0.0625
52904,0,0.05
52905,1,0.05625
52906,1,0.05625
52907,2,0.0625
52908,1,0.05625
52909,2,0.0625
52910,2,0.0625
52911,3,0.06875
52912,0,0.05
52913,1,0.05625
52914,1,0.05625
52915,2,0.0625
52916,1,0.05625
52917,2,0.0625
52918,2,0.0625
52919,3,0.06875
52920,1,0.05625
52921,2,0.0625
52922,2,0.0625
52923,3,0.06875
52924,2,0.0625
52925,3,0.06875
52926,3,0.06875
52927,4,0.075
52928,1,0.04375
52929,0,0.05
52930,0,0.05
52931,1,0.05625
52932,0,0.05
52933,1,0.05625
52934,1,0.05625
52935,2,0.0625
52936,0,0.05
52937,1,0.05625
52938,1,0.05625
52939,2,0.0625
52940,1,0.05625
52941,2,0.0625
52942,2,0.0625
52943,3,0.06875
52944,0,0.05
52945,1,0.05625
52946,1,0.05625
52947,2,0.0625
52948,1,0.05625
52949,2,0.0625
52950,2,0.0625
52951,3,0.06875
52952,1,0.05625
52953,2,0.0625
52954,2,0.0625
52955,3,0.06875
52956,2,0.0625
52957,3,0.06875
52958,3,0.06875
52959,4,0.075
52960,0,0.05
52961,1,0.05625
52962,1,0.05625
52963,2,0.0625
52964,1,0.05625
52965,2,0.0625
52966,2,0.0625
52967,3,0.06875
52968,1,0.05625
52969,2,0.0625
52970,2,0.0625
52971,3,0.06875
52972,2,0.0625
52973,3,0.06875
52974,3,0.06875
52975,4,0.075
52976,1,0.05625
52977,2,0.0625
52978,2,0.0625
52979,3,0.06875
52980,2,0.0625
52981,3,0.06875
52982,3,0.06875
52983,4,0.075
52984,2,0.0625
52985,3,0.06875
52986,3,0.06875
52987,4,0.075
52988,3,0.06875
52989,4,0.075
52990,4,0.075
52991,3,0.08125
52992,2,0.0375
52993,1,0.04375
52994,1,0.04375
52995,0,0.05
52996,1,0.04375
52997,0,0.05
52998,0,0.05
52999,1,0.05625
53000,1,0.04375
53001,0,0.05
53002,0,0.05
53003,1,0.05625
53004,0,0.05
53005,1,0.05625
53006,1,0.05625
53007,2,0.0625
53008,1,0.04375
53009,0,0.05
53010,0,0.05
53011,1,0.05625
53012,0,0.05
53013,1,0.05625
53014,1,0.05625
53015,2,0.0625
53016,0,0.05
53017,1,0.05625
53018,1,0.05625
53019,2,0.0625
53020,1,0.05625
53021,2,0.0625
53022,2,0.0625
53023,3,0.06875
53024,1,0.04375
53025,0,0.05
53026,0,0.05
53027,1,0.05625
53028,0,0.05
53029,1,0.05625
53030,1,0.05625
53031,2,0.0625
53032,0,0.05
53033,1,0.05625
53034,1,0.05625
53035,2,0.0625
53036,1,0.05625
53037,2,0.0625
53038,2,0.0625
53039,3,0.06875
53040,0,0.05
53041,1,0.05625
53042,1,0.05625
53043,2,0.0625
53044,1,0.05625
53045,2,0.0625
53046,2,0.0625
53047,3,0.06875
53048,1,0.05625
53049,2,0.0625
53050,2,0.0625
53051,3,0.06875
53052,2,0.0625
53053,3,0.06875
53054,3,0.06875
53055,4,0.075
53056,1,0.04375
53057,0,0.05
53058,0,0.05
53059,1,0.05625
53060,0,0.05
53061,1,0.05625
53062,1,0.05625
53063,2,0.0625
53064,0,0.05
53065,1,0.05625
53066,1,0.05625
53067,2,0.0625
53068,1,0.05625
53069,2,0.0625
53070,2,0.0625
53071,3,0.06875
53072,0,0.05
53073,1,0.05625
53074,1,0.05625
53075,2,0.0625
53076,1,0.05625
53077,2,0.0625
53078,2,0.0625
53079,3,0.06875
53080,1,0.05625
53081,2,0.0625
53082,2,0.0625
53083,3,0.06875
53084,2,0.0625
53085,3,0.06875
53086,3,0.06875
53087,4,0.075
53088,0,0.05
53089,1,0.05625
53090,1,0.05625
53091,2,0.0625
53092,1,0.05625
53093,2,0.0625
53094,2,0.0625
53095,3,0.06875
53096,1,0.05625
53097,2,0.0625
53098,2,0.0625
53099,3,0.06875
53100,2,0.0625
53101,3,0.06875
53102,3,0.06875
53103,4,0.075
53104,1,0.05625
53105,2,0.0625
53106,2,0.0625
53107,3,0.06875
53108,2,0.0625
53109,3,0.06875
53110,3,0.06875
53111,4,0.075
53112,2,0.0625
53113,3,0.06875
53114,3,0.06875
53115,4,0.075
53116,3,0.06875
53117,4,0.075
53118,4,0.075
53119,3,0.08125
53120,1,0.04375
53121,0,0.05
53122,0,0.05
53123,1,0.05625
53124,0,0.05
53125,1,0.05625
53126,1,0.05625
53127,2,0.0625
53128,0,0.05
53129,1,0.05625
53130,1,0.05625
53131,2,0.0625
53132,1,0.05625
53133,2,0.0625
53134,2,0.0625
53135,3,0.06875
53136,0,0.05
53137,1,0.05625
53138,1,0.05625
53139,2,0.0625
53140,1,0.05625
53141,2,0.0625
53142,2,0.0625
53143,3,0.06875
53144,1,0.05625
53145,2,0.0625
53146,2,0.0625
53147,3,0.06875
53148,2,0.0625
53149,3,0.06875
53150,3,0.06875
53151,4,0.075
53152,0,0.05
53153,1,0.05625
53154,1,0.05625
53155,2,0.0625
53156,1,0.05625
53157,2,0.0625
53158,2,0.0625
53159,3,0.06875
53160,1,0.05625
53161,2,0.0625
53162,2,0.0625
53163,3,0.06875
53164,2,0.0625
53165,3,0.06875
53166,3,0.06875
53167,4,0.075
53168,1,0.05625
53169,2,0.0625
53170,2,0.0625
53171,3,0.06875
53172,2,0.0625
53173,3,0.06875
53174,3,0.06875
53175,4,0.075
53176,2,0.0625
53177,3,0.06875
53178,3,0.06875
53179,4,0.075
53180,3,0.06875
53181,4,0.075
53182,4,0.075
53183,3,0.08125
53184,0,0.05
53185,1,0.05625
53186,1,0.05625
53187,2,0.0625
53188,1,0.05625
53189,2,0.0625
53190,2,0.0625
53191,3,0.06875
53192,1,0.05625
53193,2,0.0625
53194,2,0.0625
53195,3,0.06875
53196,2,0.0625
53197,3,0.06875
53198,3,0.06875
53199,4,0.075
53200,1,0.05625
53201,2,0.0625
53202,2,0.0625
53203,3,0.06875
53204,2,0.0625
53205,3,0.06875
53206,3,0.06875
53207,4,0.075
53208,2,0.0625
53209,3,0.06875
53210,3,0.06875
53211,4,0.075
53212,3,0.06875
53213,4,0.075
53214,4,0.075
53215,3,0.08125
53216,1,0.05625
53217,2,0.0625
53218,2,0.0625
53219,3,0.06875
53220,2,0.0625
53221,3,0.06875
53222,3,0.06875
53223,4,0.075
53224,2,0.0625
53225,3,0.06875
53226,3,0.06875
53227,4,0.075
53228,3,0.06875
53229,4,0.075
53230,4,0.075
53231,3,0.08125
53232,2,0.0625
53233,3,0.06875
53234,3,0.06875
53235,4,0.075
53236,3,0.06875
53237,4,0.075
53238,4,0.075
53239,3,0.08125
53240,3,0.06875
53241,4,0.075
53242,4,0.075
53243,3,0.08125
53244,4,0.075
53245,3,0.08125
53246,3,0.08125
53247,2,0.0875
53248,3,0.01875
53249,4,0.025
53250,4,0.025
53251,3,0.03125
53252,4,0.025
53253,3,0.03125
53254,3,0.03125
53255,2,0.0375
53256,4,0.025
53257,3,0.03125
53258,3,0.03125
53259,2,0.0375
53260,3,0.03125
53261,2,0.0375
53262,2,0.0375
53263,1,0.04375
53264,4,0.025
53265,3,0.03125
53266,3,0.03125
53267,2,0.0375
53268,3,0.03125
53269,2,0.0375
53270,2,0.0375
53271,1,0.04375
53272,3,0.03125
53273,2,0.0375
53274,2,0.0375
53275,1,0.04375
53276,2,0.0375
53277,1,0.04375
53278,1,0.04375
53279,0,0.05
53280,4,0.025
53281,3,0.03125
53282,3,0.03125
53283,2,0.0375
53284,3,0.03125
53285,2,0.0375
53286,2,0.0375
53287,1,0.04375
53288,3,0.03125
53289,2,0.0375
53290,2,0.0375
53291,1,0.04375
53292,2,0.0375
53293,1,0.04375
53294,1,0.04375
53295,0,0.05
53296,3,0.03125
53297,2,0.0375
53298,2,0.0375
53299,1,0.04375
53300,2,0.0375
53301,1,0.04375
53302,1,0.04375
53303,0,0.05
53304,2,0.0375
53305,1,0.04375
53306,1,0.04375
53307,0,0.05
53308,1,0.04375
53309,0,0.05
53310,0,0.05
53311,1,0.05625
53312,4,0.025
53313,3,0.03125
53314,3,0.03125
53315,2,0.0375
53316,3,0.03125
53317,2,0.0375
53318,2,0.0375
53319,1,0.04375
53320,3,0.03125
53321,2,0.0375
53322,2,0.0375
53323,1,0.04375
53324,2,0.0375
53325,1,0.04375
53326,1,0.04375
53327,0,0.05
53328,3,0.03125
53329,2,0.0375
53330,2,0.0375
53331,1,0.04375
53332,2,0.0375
53333,1,0.04375
53334,1,0.04375
53335,0,0.05
53336,2,0.0375
53337,1,0.04375
53338,1,0.04375
53339,0,0.05
53340,1,0.04375
53341,0,0.05
53342,0,0.05
53343,1,0.05625
53344,3,0.03125
53345,2,0.0375
53346,2,0.0375
53347,1,0.04375
53348,2,0.0375
53349,1,0.04375
53350,1,0.04375
53351,0,0.05
53352,2,0.0375
53353,1,0.04375
53354,1,0.04375
53355,0,0.05
53356,1,0.04375
53357,0,0.05
53358,0,0.05
53359,1,0.05625
53360,2,0.0375
53361,1,0.04375
53362,1,0.04375
53363,0,0.05
53364,1,0.04375
53365,0,0.05
53366,0,0.05
53367,1,0.05625
53368,1,0.04375
53369,0,0.05
53370,0,0.05
53371,1,0.05625
53372,0,0.05
53373,1,0.05625
53374,1,0.05625
53375,2,0.0625
53376,4,0.025
53377,3,0.03125
53378,3,0.03125
53379,2,0.0375
53380,3,0.03125
53381,2,0.0375
53382,2,0.0375
53383,1,0.04375
53384,3,0.03125
53385,2,0.0375
53386,2,0.0375
53387,1,0.04375
53388,2,0.0375
53389,1,0.04375
53390,1,0.04375
53391,0,0.05
53392,3,0.03125
53393,2,0.0375
53394,2,0.0375
53395,1,0.04375
53396,2,0.0375
53397,1,0.04375
53398,1,0.04375
53399,0,0.05
53400,2,0.0375
53401,1,0.04375
53402,1,0.04375
53403,0,0.05
53404,1,0.04375
53405,0,0.05
53406,0,0.05
53407,1,0.05625
53408,3,0.03125
53409,2,0.0375
53410,2,0.0375
53411,1,0.04375
53412,2,0.0375
53413,1,0.04375
53414,1,0.04375
53415,0,0.05
53416,2,0.0375
53417,1,0.04375
53418,1,0.04375
53419,0,0.05
53420,1,0.04375
53421,0,0.05
53422,0,0.05
53423,1,0.05625
53424,2,0.0375
53425,1,0.04375
53426,1,0.04375
53427,0,0.05
53428,1,0.04375
53429,0,0.05
53430,0,0.05
53431,1,0.05625
53432,1,0.04375
53433,0,0.05
53434,0,0.05
53435,1,0.05625
53436,0,0.05
53437,1,0.05625
53438,1,0.05625
53439,2,0.0625
53440,3,0.03125
53441,2,0.0375
53442,2,0.0375
53443,1,0.04375
53444,2,0.0375
53445,1,0.04375
53446,1,0.04375
53447,0,0.05
53448,2,0.0375
53449,1,0.04375
53450,1,0.04375
53451,0,0.05
53452,1,0.04375
53453,0,0.05
53454,0,0.05
53455,1,0.05625
53456,2,0.0375
53457,1,0.04375
53458,1,0.04375
53459,0,0.05
53460,1,0.04375
53461,0,0.05
53462,0,0.05
53463,1,0.05625
53464,1,0.04375
53465,0,0.05
53466,0,0.05
53467,1,0.05625
53468,0,0.05
53469,1,0.05625
53470,1,0.05625
53471,2,0.0625
53472,2,0.0375
53473,1,0.04375
53474,1,0.04375
53475,0,0.05
53476,1,0.04375
53477,0,0.05
53478,0,0.05
53479,1,0.05625
53480,1,0.04375
53481,0,0.05
53482,0,0.05
53483,1,0.05625
53484,0,0.05
53485,1,0.05625
53486,1,0.05625
53487,2,0.0625
53488,1,0.04375
53489,0,0.05
53490,0,0.05
53491,1,0.05625
53492,0,0.05
53493,1,0.05625
53494,1,0.05625
53495,2,0.0625
53496,0,0.05
53497,1,0.05625
53498,1,0.05625
53499,2,0.0625
53500,1,0.05625
53501,2,0.0625
53502,2,0.0625
53503,3,0.06875
53504,4,0.025
53505,3,0.03125
53506,3,0.03125
53507,2,0.0375
53508,3,0.03125
53509,2,0.0375
53510,2,0.0375
53511,1,0.04375
53512,3,0.03125
53513,2,0.0375
53514,2,0.0375
53515,1,0.04375
53516,2,0.0375
53517,1,0.04375
53518,1,0.04375
53519,0,0.05
53520,3,0.03125
53521,2,0.0375
53522,2,0.0375
53523,1,0.04375
53524,2,0.0375
53525,1,0.04375
53526,1,0.04375
53527,0,0.05
53528,2,0.0375
53529,1,0.04375
53530,1,0.04375
53531,0,0.05
53532,1,0.04375
53533,0,0.05
53534,0,0.05
53535,1,0.05625
53536,3,0.03125
53537,2,0.0375
53538,2,0.0375
53539,1,0.04375
53540,2,0.0375
53541,1,0.04375
53542,1,0.04375
53543,0,0.05
53544,2,0.0375
53545,1,0.04375
53546,1,0.04375
53547,0,0.05
53548,1,0.04375
53549,0,0.05
53550,0,0.05
53551,1,0.05625
53552,2,0.0375
53553,1,0.04375
53554,1,0.04375
53555,0,0.05
53556,1,0.04375
53557,0,0.05
53558,0,0.05
53559,1,0.05625
53560,1,0.04375
53561,0,0.05
53562,0,0.05
53563,1,0.05625
53564,0,0.05
53565,1,0.05625
53566,1,0.05625
53567,2,0.0625
53568,3,0.03125
53569,2,0.0375
53570,2,0.0375
53571,1,0.04375
53572,2,0.0375
53573,1,0.04375
53574,1,0.04375
53575,0,0.05
53576,2,0.0375
53577,1,0.04375
53578,1,0.04375
53579,0,0.05
53580,1,0.04375
53581,0,0.05
53582,0,0.05
53583,1,0.05625
53584,2,0.0375
53585,1,0.04375
53586,1,0.04375
53587,0,0.05
53588,1,0.04375
53589,0,0.05
53590,0,0.05
53591,1,0.05625
53592,1,0.04375
53593,0,0.05
53594,0,0.05
53595,1,0.05625
53596,0,0.05
53597,1,0.05625
53598,1,0.05625
53599,2,0.0625
53600,2,0.0375
53601,1,0.04375
53602,1,0.04375
53603,0,0.05
53604,1,0.04375
53605,0,0.05
53606,0,0.05
53607,1,0.05625
53608,1,0.04375
53609,0,0.05
53610,0,0.05
53611,1,0.05625
53612,0,0.05
53613,1,0.05625
53614,1,0.05625
53615,2,0.0625
53616,1,0.04375
53617,0,0.05
53618,0,0.05
53619,1,0.05625
53620,0,0.05
53621,1,0.05625
53622,1,0.05625
53623,2,0.0625
53624,0,0.05
53625,1,0.05625
53626,1,0.05625
53627,2,0.0625
53628,1,0.05625
53629,2,0.0625
53630,2,0.0625
53631,3,0.06875
53632,3,0.03125
53633,2,0.0375
53634,2,0.0375
53635,1,0.04375
53636,2,0.0375
53637,1,0.04375
53638,1,0.04375
53639,0,0.05
53640,2,0.0375
53641,1,0.04375
53642,1,0.04375
53643,0,0.05
53644,1,0.04375
53645,0,0.05
53646,0,0.05
53647,1,0.05625
53648,2,0.0375
53649,1,0.04375
53650,1,0.04375
53651,0,0.05
53652,1,0.04375
53653,0,0.05
53654,0,0.05
53655,1,0.05625
53656,1,0.04375
53657,0,0.05
53658,0,0.05
53659,1,0.05625
53660,0,0.05
53661,1,0.05625
53662,1,0.05625
53663,2,0.0625
53664,2,0.0375
53665,1,0.04375
53666,1,0.04375
53667,0,0.05
53668,1,0.04375
53669,0,0.05
53670,0,0.05
53671,1,0.05625
53672,1,0.04375
53673,0,0.05
53674,0,0.05
53675,1,0.05625
53676,0,0.05
53677,1,0.05625
53678,1,0.05625
53679,2,0.0625
53680,1,0.04375
53681,0,0.05
53682,0,0.05
53683,1,0.05625
53684,0,0.05
53685,1,0.05625
53686,1,0.05625
53687,2,0.0625
53688,0,0.05
53689,1,0.05625
53690,1,0.05625
53691,2,0.0625
53692,1,0.05625
53693,2,0.0625
53694,2,0.0625
53695,3,0.06875
53696,2,0.0375
53697,1,0.04375
53698,1,0.04375
53699,0,0.05
53700,1,0.04375
53701,0,0.05
53702,0,0.05
53703,1,0.05625
53704,1,0.04375
53705,0,0.05
53706,0,0.05
53707,1,0.05625
53708,0,0.05
53709,1,0.05625
53710,1,0.05625
53711,2,0.0625
53712,1,0.04375
53713,0,0.05
53714,0,0.05
53715,1,0.05625
53716,0,0.05
53717,1,0.05625
53718,1,0.05625
53719,2,0.0625
53720,0,0.05
53721,1,0.05625
53722,1,0.05625
53723,2,0.0625
53724,1,0.05625
53725,2,0.0625
53726,2,0.0625
53727,3,0.06875
53728,1,0.04375
53729,0,0.05
53730,0,0.05
53731,1,0.05625
53732,0,0.05
53733,1,0.05625
53734,1,0.05625
53735,2,0.0625
53736,0,0.05
53737,1,0.05625
53738,1,0.05625
53739,2,0.0625
53740,1,0.05625
53741,2,0.0625
53742,2,0.0625
53743,3,0.06875
53744,0,0.05
53745,1,0.05625
53746,1,0.05625
53747,2,0.0625
53748,1,0.05625
53749,2,0.0625
53750,2,0.0625
53751,3,0.06875
53752,1,0.05625
53753,2,0.0625
53754,2,0.0625
53755,3,0.06875
53756,2,0.0625
53757,3,0.06875
53758,3,0.06875
53759,4,0.075
53760,4,0.025
53761,3,0.03125
53762,3,0.03125
53763,2,0.0375
53764,3,0.03125
53765,2,0.0375
53766,2,0.0375
53767,1,0.04375
53768,3,0.03125
53769,2,0.0375
53770,2,0.0375
53771,1,0.04375
53772,2,0.0375
53773,1,0.04375
53774,1,0.04375
53775,0,0.05
53776,3,0.03125
53777,2,0.0375
53778,2,0.0375
53779,1,0.04375
53780,2,0.0375
53781,1,0.04375
53782,1,0.04375
53783,0,0.05
53784,2,0.0375
53785,1,0.04375
53786,1,0.04375
53787,0,0.05
53788,1,0.04375
53789,0,0.05
53790,0,0.05
53791,1,0.05625
53792,3,0.03125
53793,2,0.0375
53794,2,0.0375
53795,1,0.04375
53796,2,0.0375
53797,1,0.04375
53798,1,0.04375
53799,0,0.05
53800,2,0.0375
53801,1,0.04375
53802,1,0.04375
53803,0,0.05
53804,1,0.04375
53805,0,0.05
53806,0,0.05
53807,1,0.05625
53808,2,0.0375
53809,1,0.04375
53810,1,0.04375
53811,0,0.05
53812,1,0.04375
53813,0,0.05
53814,0,0.05
53815,1,0.05625
53816,1,0.04375
53817,0,0.05
53818,0,0.05
53819,1,0.05625
53820,0,0.05
53821,1,0.05625
53822,1,0.05625
53823,2,0.0625
53824,3,0.03125
53825,2,0.0375
53826,2,0.0375
53827,1,0.04375
53828,2,0.0375
53829,1,0.04375
53830,1,0.04375
53831,0,0.05
53832,2,0.0375
53833,1,0.04375
53834,1,0.04375
53835,0,0.05
53836,1,0.04375
53837,0,0.05
53838,0,0.05
53839,1,0.05625
53840,2,0.0375
53841,1,0.04375
53842,1,0.04375
53843,0,0.05
53844,1,0.04375
53845,0,0.05
53846,0,0.05
53847,1,0.05625
53848,1,0.04375
53849,0,0.05
53850,0,0.05
53851,1,0.05625
53852,0,0.05
53853,1,0.05625
53854,1,0.05625
53855,2,0.0625
53856,2,0.0375
53857,1,0.04375
53858,1,0.04375
53859,0,0.05
53860,1,0.04375
53861,0,0.05
53862,0,0.05
53863,1,0.05625
53864,1,0.04375
53865,0,0.05
53866,0,0.05
53867,1,0.05625
53868,0,0.05
53869,1,0.05625
53870,1,0.05625
53871,2,0.0625
53872,1,0.04375
53873,0,0.05
53874,0,0.05
53875,1,0.05625
53876,0,0.05
53877,1,0.05625
53878,1,0.05625
53879,2,0.0625
53880,0,0.05
53881,1,0.05625
53882,1,0.05625
53883,2,0.0625
53884,1,0.05625
53885,2,0.0625
53886,2,0.0625
53887,3,0.06875
53888,3,0.03125
53889,2,0.0375
53890,2,0.0375
53891,1,0.04375
53892,2,0.0375
53893,1,0.04375
53894,1,0.04375
53895,0,0.05
53896,2,0.0375
53897,1,0.04375
53898,1,0.04375
53899,0,0.05
53900,1,0.04375
53901,0,0.05
53902,0,0.05
53903,1,0.05625
53904,2,0.0375
53905,1,0.04375
53906,1,0.04375
53907,0,0.05
53908,1,0.04375
53909,0,0.05
53910,0,0.05
53911,1,0.05625
53912,1,0.04375
53913,0,0.05
53914,0,0.05
53915,1,0.05625
53916,0,0.05
53917,1,0.05625
53918,1,0.05625
53919,2,0.0625
53920,2,0.0375
53921,1,0.04375
53922,1,0.04375
53923,0,0.05
53924,1,0.04375
53925,0,0.05
53926,0,0.05
53927,1,0.05625
53928,1,0.04375
53929,0,0.05
53930,0,0.05
53931,1,0.05625
53932,0,0.05
53933,1,0.05625
53934,1,0.05625
53935,2,0.0625
53936,1,0.04375
53937,0,0.05
53938,0,0.05
53939,1,0.05625
53940,0,0.05
53941,1,0.05625
53942,1,0.05625
53943,2,0.0625
53944,0,0.05
53945,1,0.05625
53946,1,0.05625
53947,2,0.0625
53948,1,0.05625
53949,2,0.0625
53950,2,0.0625
53951,3,0.06875
53952,2,0.0375
53953,1,0.04375
53954,1,0.04375
53955,0,0.05
53956,1,0.04375
53957,0,0.05
53958,0,0.05
53959,1,0.05625
53960,1,0.04375
53961,0,0.05
53962,0,0.05
53963,1,0.05625
53964,0,0.05
53965,1,0.05625
53966,1,0.05625
53967,2,0.0625
53968,1,0.04375
53969,0,0.05
53970,0,0.05
53971,1,0.05625
53972,0,0.05
53973,1,0.05625
53974,1,0.05625
53975,2,0.0625
53976,0,0.05
53977,1,0.05625
53978,1,0.05625
53979,2,0.0625
53980,1,0.05625
53981,2,0.0625
53982,2,0.0625
53983,3,0.06875
53984,1,0.04375
53985,0,0.05
53986,0,0.05
53987,1,0.05625
53988,0,0.05
53989,1,0.05625
53990,1,0.05625
53991,2,0.0625
53992,0,0.05
53993,1,0.05625
53994,1,0.05625
53995,2,0.0625
53996,1,0.05625
53997,2,0.0625
53998,2,0.0625
53999,3,0.06875
54000,0,0.05
54001,1,0.05625
54002,1,0.05625
54003,2,0.0625
54004,1,0.05625
54005,2,0.0625
54006,2,0.0625
54007,3,0.06875
54008,1,0.05625
54009,2,0.0625
54010,2,0.0625
54011,3,0.06875
54012,2,0.0625
54013,3,0.06875
54014,3,0.06875
54015,4,0.075
54016,3,0.03125
54017,2,0.0375
54018,2,0.0375
54019,1,0.04375
54020,2,0.0375
54021,1,0.04375
54022,1,0.04375
54023,0,0.05
54024,2,0.0375
54025,1,0.04375
54026,1,0.04375
54027,0,0.05
54028,1,0.04375
54029,0,0.05
54030,0,0.05
54031,1,0.05625
54032,2,0.0375
54033,1,0.04375
54034,1,0.04375
54035,0,0.05
54036,1,0.04375
54037,0,0.05
54038,0,0.05
54039,1,0.05625
54040,1,0.04375
54041,0,0.05
54042,0,0.05
54043,1,0.05625
54044,0,0.05
54045,1,0.05625
54046,1,0.05625
54047,2,0.0625
54048,2,0.0375
54049,1,0.04375
54050,1,0.04375
54051,0,0.05
54052,1,0.04375
54053,0,0.05
54054,0,0.05
54055,1,0.05625
54056,1,0.04375
54057,0,0.05
54058,0,0.05
54059,1,0.05625
54060,0,0.05
54061,1,0.05625
54062,1,0.05625
54063,2,0.0625
54064,1,0.04375
54065,0,0.05
54066,0,0.05
54067,1,0.05625
54068,0,0.05
54069,1,0.05625
54070,1,0.05625
54071,2,0.0625
54072,0,0.05
54073,1,0.05625
54074,1,0.05625
54075,2,0.0625
54076,1,0.05625
54077,2,0.0625
54078,2,0.0625
54079,3,0.06875
54080,2,0.0375
54081,1,0.04375
54082,1,0.04375
54083,0,0.05
54084,1,0.04375
54085,0,0.05
54086,0,0.05
54087,1,0.05625
54088,1,0.04375
54089,0,0.05
54090,0,0.05
54091,1,0.05625
54092,0,0.05
54093,1,0.05625
54094,1,0.05625
54095,2,0.0625
54096,1,0.04375
54097,0,0.05
54098,0,0.05
54099,1,0.05625
54100,0,0.05
54101,1,0.05625
54102,1,0.05625
54103,2,0.0625
54104,0,0.05
54105,1,0.05625
54106,1,0.05625
54107,2,0.0625
54108,1,0.05625
54109,2,0.0625
54110,2,0.0625
54111,3,0.06875
54112,1,0.04375
54113,0,0.05
54114,0,0.05
54115,1,0.05625
54116,0,0.05
54117,1,0.05625
54118,1,0.05625
54119,2,0.0625
54120,0,0.05
54121,1,0.05625
54122,1,0.05625
54123,2,0.0625
54124,1,0.05625
54125,2,0.0625
54126,2,0.0625
54127,3,0.06875
54128,0,0.05
54129,1,0.05625
54130,1,0.05625
54131,2,0.0625
54132,1,0.05625
54133,2,0.0625
54134,2,0.0625
54135,3,0.06875
54136,1,0.05625
54137,2,0.0625
54138,2,0.0625
54139,3,0.06875
54140,2,0.0625
54141,3,0.06875
54142,3,0.06875
54143,4,0.075
54144,2,0.0375
54145,1,0.04375
54146,1,0.04375
54147,0,0.05
54148,1,0.04375
54149,0,0.05
54150,0,0.05
54151,1,0.05625
54152,1,0.04375
54153,0,0.05
54154,0,0.05
54155,1,0.05625
54156,0,0.05
54157,1,0.05625
54158,1,0.05625
54159,2,0.0625
54160,1,0.04375
54161,0,0.05
54162,0,0.05
54163,1,0.05625
54164,0,0.05
54165,1,0.05625
54166,1,0.05625
54167,2,0.0625
54168,0,0.05
54169,1,0.05625
54170,1,0.05625
54171,2,0.0625
54172,1,0.05625
54173,2,0.0625
54174,2,0.0625
54175,3,0.06875
54176,1,0.04375
54177,0,0.05
54178,0,0.05
54179,1,0.05625
54180,0,0.05
54181,1,0.05625
54182,1,0.05625
54183,2,0.0625
54184,0,0.05
54185,1,0.05625
54186,1,0.05625
54187,2,0.0625
54188,1,0.05625
54189,2,0.0625
54190,2,0.0625
54191,3,0.06875
54192,0,0.05
54193,1,0.05625
54194,1,0.05625
54195,2,0.0625
54196,1,0.05625
54197,2,0.0625
54198,2,0.0625
54199,3,0.06875
54200,1,0.05625
54201,2,0.0625
54202,2,0.0625
54203,3,0.06875
54204,2,0.0625
54205,3,0.06875
54206,3,0.06875
54207,4,0.075
54208,1,0.04375
54209,0,0.05
54210,0,0.05
54211,1,0.05625
54212,0,0.05
54213,1,0.05625
54214,1,0.05625
54215,2,0.0625
54216,0,0.05
54217,1,0.05625
54218,1,0.05625
54219,2,0.0625
54220,1,0.05625
54221,2,0.0625
54222,2,0.0625
54223,3,0.06875
54224,0,0.05
54225,1,0.05625
54226,1,0.05625
54227,2,0.0625
54228,1,0.05625
54229,2,0.0625
54230,2,0.0625
54231,3,0.06875
54232,1,0.05625
54233,2,0.0625
54234,2,0.0625
54235,3,0.06875
54236,2,0.0625
54237,3,0.06875
54238,3,0.06875
54239,4,0.075
54240,0,0.05
54241,1,0.05625
54242,1,0.05625
54243,2,0.0625
54244,1,0.05625
54245,2,0.0625
54246,2,0.0625
54247,3,0.06875
54248,1,0.05625
54249,2,0.0625
54250,2,0.0625
54251,3,0.06875
54252,2,0.0625
54253,3,0.06875
54254,3,0.06875
54255,4,0.075
54256,1,0.05625
54257,2,0.0625
54258,2,0.0625
54259,3,0.06875
54260,2,0.0625
54261,3,0.06875
54262,3,0.06875
54263,4,0.075
54264,2,0.0625
54265,3,0.06875
54266,3,0.06875
54267,4,0.075
54268,3,0.06875
54269,4,0.075
54270,4,0.075
54271,3,0.08125
54272,4,0.025
54273,3,0.03125
54274,3,0.03125
54275,2,0.0375
54276,3,0.03125
54277,2,0.0375
54278,2,0.0375
54279,1,0.04375
54280,3,0.03125
54281,2,0.0375
54282,2,0.0375
54283,1,0.04375
54284,2,0.0375
54285,1,0.04375
54286,1,0.04375
54287,0,0.05
54288,3,0.03125
54289,2,0.0375
54290,2,0.0375
54291,1,0.04375
54292,2,0.0375
54293,1,0.04375
54294,1,0.04375
54295,0,0.05
54296,2,0.0375
54297,1,0.04375
54298,1,0.04375
54299,0,0.05
54300,1,0.04375
54301,0,0.05
54302,0,0.05
54303,1,0.05625
54304,3,0.03125
54305,2,0.0375
54306,2,0.0375
54307,1,0.04375
54308,2,0.0375
54309,1,0.04375
54310,1,0.04375
54311,0,0.05
54312,2,0.0375
54313,1,0.04375
54314,1,0.04375
54315,0,0.05
54316,1,0.04375
54317,0,0.05
54318,0,0.05
54319,1,0.05625
54320,2,0.0375
54321,1,0.04375
54322,1,0.04375
54323,0,0.05
54324,1,0.04375
54325,0,0.05
54326,0,0.05
54327,1,0.05625
54328,1,0.04375
54329,0,0.05
54330,0,0.05
54331,1,0.05625
54332,0,0.05
54333,1,0.05625
54334,1,0.05625
54335,2,0.0625
54336,3,0.03125
54337,2,0.0375
54338,2,0.0375
54339,1,0.04375
54340,2,0.0375
54341,1,0.04375
54342,1,0.04375
54343,0,0.05
54344,2,0.0375
54345,1,0.04375
54346,1,0.04375
54347,0,0.05
54348,1,0.04375
54349,0,0.05
54350,0,0.05
54351,1,0.05625
54352,2,0.0375
54353,1,0.04375
54354,1,0.04375
54355,0,0.05
54356,1,0.04375
54357,0,0.05
54358,0,0.05
54359,1,0.05625
54360,1,0.04375
54361,0,0.05
54362,0,0.05
54363,1,0.05625
54364,0,0.05
54365,1,0.05625
54366,1,0.05625
54367,2,0.0625
54368,2,0.0375
54369,1,0.04375
54370,1,0.04375
54371,0,0.05
54372,1,0.04375
54373,0,0.05
54374,0,0.05
54375,1,0.05625
54376,1,0.04375
54377,0,0.05
54378,0,0.05
54379,1,0.05625
54380,0,0.05
54381,1,0.05625
54382,1,0.05625
54383,2,0.0625
54384,1,0.04375
54385,0,0.05
54386,0,0.05
54387,1,0.05625
54388,0,0.05
54389,1,0.05625
54390,1,0.05625
54391,2,0.0625
54392,0,0.05
54393,1,0.05625
54394,1,0.05625
54395,2,0.0625
54396,1,0.05625
54397,2,0.0625
54398,2,0.0625
54399,3,0.06875
54400,3,0.03125
54401,2,0.0375
54402,2,0.0375
54403,1,0.04375
54404,2,0.0375
54405,1,0.04375
54406,1,0.04375
54407,0,0.05
54408,2,0.0375
54409,1,0.04375
54410,1,0.04375
54411,0,0.05
54412,1,0.04375
54413,0,0.05
54414,0,0.05
54415,1,0.05625
54416,2,0.0375
54417,1,0.04375
54418,1,0.04375
54419,0,0.05
54420,1,0.04375
54421,0,0.05
54422,0,0.05
54423,1,0.05625
54424,1,0.04375
54425,0,0.05
54426,0,0.05
54427,1,0.05625
54428,0,0.05
54429,1,0.05625
54430,1,0.05625
54431,2,0.0625
54432,2,0.0375
54433,1,0.04375
54434,1,0.04375
54435,0,0.05
54436,1,0.04375
54437,0,0.05
54438,0,0.05
54439,1,0.05625
54440,1,0.04375
54441,0,0.05
54442,0,0.05
54443,1,0.05625
54444,0,0.05
54445,1,0.05625
54446,1,0.05625
54447,2,0.0625
54448,1,0.04375
54449,0,0.05
54450,0,0.05
54451,1,0.05625
54452,0,0.05
54453,1,0.05625
54454,1,0.05625
54455,2,0.0625
54456,0,0.05
54457,1,0.05625
54458,1,0.05625
54459,2,0.0625
54460,1,0.05625
54461,2,0.0625
54462,2,0.0625
54463,3,0.06875
54464,2,0.0375
54465,1,0.04375
54466,1,0.04375
54467,0,0.05
54468,1,0.04375
54469,0,0.05
54470,0,0.05
54471,1,0.05625
54472,1,0.04375
54473,0,0.05
54474,0,0.05
54475,1,0.05625
54476,0,0.05
54477,1,0.05625
54478,1,0.05625
54479,2,0.0625
54480,1,0.04375
54481,0,0.05
54482,0,0.05
54483,1,0.05625
54484,0,0.05
54485,1,0.05625
54486,1,0.05625
54487,2,0.0625
54488,0,0.05
54489,1,0.05625
54490,1,0.05625
54491,2,0.0625
54492,1,0.05625
54493,2,0.0625
54494,2,0.0625
54495,3,0.06875
54496,1,0.04375
54497,0,0.05
54498,0,0.05
54499,1,0.05625
54500,0,0.05
54501,1,0.05625
54502,1,0.05625
54503,2,0.0625
54504,0,0.05
54505,1,0.05625
54506,1,0.05625
54507,2,0.0625
54508,1,0.05625
54509,2,0.0625
54510,2,0.0625
54511,3,0.06875
54512,0,0.05
54513,1,0.05625
54514,1,0.05625
54515,2,0.0625
54516,1,0.05625
54517,2,0.0625
54518,2,0.0625
54519,3,0.06875
54520,1,0.05625
54521,2,0.0625
54522,2,0.0625
54523,3,0.06875
54524,2,0.0625
54525,3,0.06875
54526,3,0.06875
54527,4,0.075
54528,3,0.03125
54529,2,0.0375
54530,2,0.0375
54531,1,0.04375
54532,2,0.0375
54533,1,0.04375
54534,1,0.04375
54535,0,0.05
54536,2,0.0375
54537,1,0.04375
54538,1,0.04375
54539,0,0.05
54540,1,0.04375
54541,0,0.05
54542,0,0.05
54543,1,0.05625
54544,2,0.0375
54545,1,0.04375
54546,1,0.04375
54547,0,0.05
54548,1,0.04375
54549,0,0.05
54550,0,0.05
54551,1,0.05625
54552,1,0.04375
54553,0,0.05
54554,0,0.05
54555,1,0.05625
54556,0,0.05
54557,1,0.05625
54558,1,0.05625
54559,2,0.0625
54560,2,0.0375
54561,1,0.04375
54562,1,0.04375
54563,0,0.05
54564,1,0.04375
54565,0,0.05
54566,0,0.05
54567,1,0.05625
54568,1,0.04375
54569,0,0.05
54570,0,0.05
54571,1,0.05625
54572,0,0.05
54573,1,0.05625
54574,1,0.05625
54575,2,0.0625
54576,1,0.04375
54577,0,0.05
54578,0,0.05
54579,1,0.05625
54580,0,0.05
54581,1,0.05625
54582,1,0.05625
54583,2,0.0625
54584,0,0.05
54585,1,0.05625
54586,1,0.05625
54587,2,0.0625
54588,1,0.05625
54589,2,0.0625
54590,2,0.0625
54591,3,0.06875
54592,2,0.0375
54593,1,0.04375
54594,1,0.04375
54595,0,0.05
54596,1,0.04375
54597,0,0.05
54598,0,0.05
54599,1,0.05625
54600,1,0.04375
54601,0,0.05
54602,0,0.05
54603,1,0.05625
54604,0,0.05
54605,1,0.05625
54606,1,0.05625
54607,2,0.0625
54608,1,0.04375
54609,0,0.05
54610,0,0.05
54611,1,0.05625
54612,0,0.05
54613,1,0.05625
54614,1,0.05625
54615,2,0.0625
54616,0,0.05
54617,1,0.05625
54618,1,0.05625
54619,2,0.0625
54620,1,0.05625
54621,2,0.0625
54622,2,0.0625
54623,3,0.06875
54624,1,0.04375
54625,0,0.05
54626,0,0.05
54627,1,0.05625
54628,0,0.05
54629,1,0.05625
54630,1,0.05625
54631,2,0.0625
54632,0,0.05
54633,1,0.05625
54634,1,0.05625
54635,2,0.0625
54636,1,0.05625
54637,2,0.0625
54638,2,0.0625
54639,3,0.06875
54640,0,0.05
54641,1,0.05625
54642,1,0.05625
54643,2,0.0625
54644,1,0.05625
54645,2,0.0625
54646,2,0.0625
54647,3,0.06875
54648,1,0.05625
54649,2,0.0625
54650,2,0.0625
54651,3,0.06875
54652,2,0.0625
54653,3,0.06875
54654,3,0.06875
54655,4,0.075
54656,2,0.0375
54657,1,0.04375
54658,1,0.04375
54659,0,0.05
54660,1,0.04375
54661,0,0.05
54662,0,0.05
54663,1,0.05625
54664,1,0.04375
54665,0,0.05
54666,0,0.05
54667,1,0.05625
54668,0,0.05
54669,1,0.05625
54670,1,0.05625
54671,2,0.0625
54672,1,0.04375
54673,0,0.05
54674,0,0.05
54675,1,0.05625
54676,0,0.05
54677,1,0.05625
54678,1,0.05625
54679,2,0.0625
54680,0,0.05
54681,1,0.05625
54682,1,0.05625
54683,2,0.0625
54684,1,0.05625
54685,2,0.0625
54686,2,0.0625
54687,3,0.06875
54688,1,0.04375
54689,0,0.05
54690,0,0.05
54691,1,0.05625
54692,0,0.05
54693,1,0.05625
54694,1,0.05625
54695,2,0.0625
54696,0,0.05
54697,1,0.05625
54698,1,0.05625
54699,2,0.0625
54700,1,0.05625
54701,2,0.0625
54702,2,0.0625
54703,3,0.06875
54704,0,0.05
54705,1,0.05625
54706,1,0.05625
54707,2,0.0625
54708,1,0.05625
54709,2,0.0625
54710,2,0.0625
54711,3,0.06875
54712,1,0.05625
54713,2,0.0625
54714,2,0.0625
54715,3,0.06875
54716,2,0.0625
54717,3,0.06875
54718,3,0.06875
54719,4,0.075
54720,1,0.04375
54721,0,0.05
54722,0,0.05
54723,1,0.05625
54724,0,0.05
54725,1,0.05625
54726,1,0.05625
54727,2,0.0625
54728,0,0.05
54729,1,0.05625
54730,1,0.05625
54731,2,0.0625
54732,1,0.05625
54733,2,0.0625
54734,2,0.0625
54735,3,0.06875
54736,0,0.05
54737,1,0.05625
54738,1,0.05625
54739,2,0.0625
54740,1,0.05625
54741,2,0.0625
54742,2,0.0625
54743,3,0.06875
54744,1,0.05625
54745,2,0.0625
54746,2,0.0625
54747,3,0.06875
54748,2,0.0625
54749,3,0.06875
54750,3,0.06875
54751,4,0.075
54752,0,0.05
54753,1,0.05625
54754,1,0.05625
54755,2,0.0625
54756,1,0.05625
54757,2,0.0625
54758,2,0.0625
54759,3,0.06875
54760,1,0.05625
54761,2,0.0625
54762,2,0.0625
54763,3,0.06875
54764,2,0.0625
54765,3,0.06875
54766,3,0.06875
54767,4,0.075
54768,1,0.05625
54769,2,0.0625
54770,2,0.0625
54771,3,0.06875
54772,2,0.0625
54773,3,0.06875
54774,3,0.06875
54775,4,0.075
54776,2,0.0625
54777,3,0.06875
54778,3,0.06875
54779,4,0.075
54780,3,0.06875
54781,4,0.075
54782,4,0.075
54783,3,0.08125
54784,3,0.03125
54785,2,0.0375
54786,2,0.0375
54787,1,0.04375
54788,2,0.0375
54789,1,0.04375
54790,1,0.04375
54791,0,0.05
54792,2,0.0375
54793,1,0.04375
54794,1,0.04375
54795,0,0.05
54796,1,0.04375
54797,0,0.05
54798,0,0.05
54799,1,0.05625
54800,2,0.0375
54801,1,0.04375
54802,1,0.04375
54803,0,0.05
54804,1,0.04375
54805,0,0.05
54806,0,0.05
54807,1,0.05625
54808,1,0.04375
54809,0,0.05
54810,0,0.05
54811,1,0.05625
54812,0,0.05
54813,1,0.05625
54814,1,0.05625
54815,2,0.0625
54816,2,0.0375
54817,1,0.04375
54818,1,0.04375
54819,0,0.05
54820,1,0.04375
54821,0,0.05
54822,0,0.05
54823,1,0.05625
54824,1,0.04375
54825,0,0.05
54826,0,0.05
54827,1,0.05625
54828,0,0.05
54829,1,0.05625
54830,1,0.05625
54831,2,0.0625
54832,1,0.04375
54833,0,0.05
54834,0,0.05
54835,1,0.05625
54836,0,0.05
54837,1,0.05625
54838,1,0.05625
54839,2,0.0625
54840,0,0.05
54841,1,0.05625
54842,1,0.05625
54843,2,0.0625
54844,1,0.05625
54845,2,0.0625
54846,2,0.0625
54847,3,0.06875
54848,2,0.0375
54849,1,0.04375
54850,1,0.04375
54851,0,0.05
54852,1,0.04375
54853,0,0.05
54854,0,0.05
54855,1,0.05625
54856,1,0.04375
54857,0,0.05
54858,0,0.05
54859,1,0.05625
54860,0,0.05
54861,1,0.05625
54862,1,0.05625
54863,2,0.0625
54864,1,0.04375
54865,0,0.05
54866,0,0.05
54867,1,0.05625
54868,0,0.05
54869,1,0.05625
54870,1,0.05625
54871,2,0.0625
54872,0,0.05
54873,1,0.05625
54874,1,0.05625
54875,2,0.0625
54876,1,0.05625
54877,2,0.0625
54878,2,0.0625
54879,3,0.06875
54880,1,0.04375
54881,0,0.05
54882,0,0.05
54883,1,0.05625
54884,0,0.05
54885,1,0.05625
54886,1,0.05625
54887,2,0.0625
54888,0,0.05
54889,1,0.05625
54890,1,0.05625
54891,2,0.0625
54892,1,0.05625
54893,2,0.0625
54894,2,0.0625
54895,3,0.06875
54896,0,0.05
54897,1,0.05625
54898,1,0.05625
54899,2,0.0625
54900,1,0.05625
54901,2,0.0625
54902,2,0.0625
54903,3,0.06875
54904,1,0.05625
54905,2,0.0625
54906,2,0.0625
54907,3,0.06875
54908,2,0.0625
54909,3,0.06875
54910,3,0.06875
54911,4,0.075
54912,2,0.0375
54913,1,0.04375
54914,1,0.04375
54915,0,0.05
54916,1,0.04375
54917,0,0.05
54918,0,0.05
54919,1,0.05625
54920,1,0.04375
54921,0,0.05
54922,0,0.05
54923,1,0.05625
54924,0,0.05
54925,1,0.05625
54926,1,0.05625
54927,2,0.0625
54928,1,0.04375
54929,0,0.05
54930,0,0.05
54931,1,0.05625
54932,0,0.05
54933,1,0.05625
54934,1,0.05625
54935,2,0.0625
54936,0,0.05
54937,1,0.05625
54938,1,0.05625
54939,2,0.0625
54940,1,0.05625
54941,2,0.0625
54942,2,0.0625
54943,3,0.06875
54944,1,0.04375
54945,0,0.05
54946,0,0.05
54947,1,0.05625
54948,0,0.05
54949,1,0.05625
54950,1,0.05625
54951,2,0.0625
54952,0,0.05
54953,1,0.05625
54954,1,0.05625
54955,2,0.0625
54956,1,0.05625
54957,2,0.0625
54958,2,0.0625
54959,3,0.06875
54960,0,0.05
54961,1,0.05625
54962,1,0.05625
54963,2,0.0625
54964,1,0.05625
54965,2,0.0625
54966,2,0.0625
54967,3,0.06875
54968,1,0.05625
54969,2,0.0625
54970,2,0.0625
54971,3,0.06875
54972,2,0.0625
54973,3,0.06875
54974,3,0.06875
54975,4,0.075
54976,1,0.04375
54977,0,0.05
54978,0,0.05
54979,1,0.05625
54980,0,0.05
54981,1,0.05625
54982,1,0.05625
54983,2,0.0625
54984,0,0.05
54985,1,0.05625
54986,1,0.05625
54987,2,0.0625
54988,1,0.05625
54989,2,0.0625
54990,2,0.0625
54991,3,0.06875
54992,0,0.05
54993,1,0.05625
54994,1,0.05625
54995,2,0.0625
54996,1,0.05625
54997,2,0.0625
54998,2,0.0625
54999,3,0.06875
55000,1,0.05625
55001,2,0.0625
55002,2,0.0625
55003,3,0.06875
55004,2,0.0625
55005,3,0.06875
55006,3,0.06875
55007,4,0.075
55008,0,0.05
55009,1,0.05625
55010,1,0.05625
55011,2,0.0625
55012,1,0.05625
55013,2,0.0625
55014,2,0.0625
55015,3,0.06875
55016,1,0.05625
55017,2,0.0625
55018,2,0.0625
55019,3,0.06875
55020,2,0.0625
55021,3,0.06875
55022,3,0.06875
55023,4,0.075
55024,1,0.05625
55025,2,0.0625
55026,2,0.0625
55027,3,0.06875
55028,2,0.0625
55029,3,0.06875
55030,3,0.06875
55031,4,0.075
55032,2,0.0625
55033,3,0.06875
55034,3,0.06875
55035,4,0.075
55036,3,0.06875
55037,4,0.075
55038,4,0.075
55039,3,0.08125
55040,2,0.0375
55041,1,0.04375
55042,1,0.04375
55043,0,0.05
55044,1,0.04375
55045,0,0.05
55046,0,0.05
55047,1,0.05625
55048,1,0.04375
55049,0,0.05
55050,0,0.05
55051,1,0.05625
55052,0,0.05
55053,1,0.05625
55054,1,0.05625
55055,2,0.0625
55056,1,0.04375
55057,0,0.05
55058,0,0.05
55059,1,0.05625
55060,0,0.05
55061,1,0.05625
55062,1,0.05625
55063,2,0.0625
55064,0,0.05
55065,1,0.05625
55066,1,0.05625
55067,2,0.0625
55068,1,0.05625
55069,2,0.0625
55070,2,0.0625
55071,3,0.06875
55072,1,0.04375
55073,0,0.05
55074,0,0.05
55075,1,0.05625
55076,0,0.05
55077,1,0.05625
55078,1,0.05625
55079,2,0.0625
55080,0,0.05
55081,1,0.05625
55082,1,0.05625
55083,2,0.0625
55084,1,0.05625
55085,2,0.0625
55086,2,0.0625
55087,3,0.06875
55088,0,0.05
55089,1,0.05625
55090,1,0.05625
55091,2,0.0625
55092,1,0.05625
55093,2,0.0625
55094,2,0.0625
55095,3,0.06875
55096,1,0.05625
55097,2,0.0625
55098,2,0.0625
55099,3,0.06875
55100,2,0.0625
55101,3,0.06875
55102,3,0.06875
55103,4,0.075
55104,1,0.04375
55105,0,0.05
55106,0,0.05
55107,1,0.05625
55108,0,0.05
55109,1,0.05625
55110,1,0.05625
55111,2,0.0625
55112,0,0.05
55113,1,0.05625
55114,1,0.05625
55115,2,0.0625
55116,1,0.05625
55117,2,0.0625
55118,2,0.0625
55119,3,0.06875
55120,0,0.05
55121,1,0.05625
55122,1,0.05625
55123,2,0.0625
55124,1,0.05625
55125,2,0.0625
55126,2,0.0625
55127,3,0.06875
55128,1,0.05625
55129,2,0.0625
55130,2,0.0625
55131,3,0.06875
55132,2,0.0625
55133,3,0.06875
55134,3,0.06875
55135,4,0.075
55136,0,0.05
55137,1,0.05625
55138,1,0.05625
55139,2,0.0625
55140,1,0.05625
55141,2,0.0625
55142,2,0.0625
55143,3,0.06875
55144,1,0.05625
55145,2,0.0625
55146,2,0.0625
55147,3,0.06875
55148,2,0.0625
55149,3,0.06875
55150,3,0.06875
55151,4,0.075
55152,1,0.05625
55153,2,0.0625
55154,2,0.0625
55155,3,0.06875
55156,2,0.0625
55157,3,0.06875
55158,3,0.06875
55159,4,0.075
55160,2,0.0625
55161,3,0.06875
55162,3,0.06875
55163,4,0.075
55164,3,0.06875
55165,4,0.075
55166,4,0.075
55167,3,0.08125
55168,1,0.04375
55169,0,0.05
55170,0,0.05
55171,1,0.05625
55172,0,0.05
55173,1,0.05625
55174,1,0.05625
55175,2,0.0625
55176,0,0.05
55177,1,0.05625
55178,1,0.05625
55179,2,0.0625
55180,1,0.05625
55181,2,0.0625
55182,2,0.0625
55183,3,0.06875
55184,0,0.05
55185,1,0.05625
55186,1,0.05625
55187,2,0.0625
55188,1,0.05625
55189,2,0.0625
55190,2,0.0625
55191,3,0.06875
55192,1,0.05625
55193,2,0.0625
55194,2,0.0625
55195,3,0.06875
55196,2,0.0625
55197,3,0.06875
55198,3,0.06875
55199,4,0.075
55200,0,0.05
55201,1,0.05625
55202,1,0.05625
55203,2,0.0625
55204,1,0.05625
55205,2,0.0625
55206,2,0.0625
55207,3,0.06875
55208,1,0.05625
55209,2,0.0625
55210,2,0.0625
55211,3,0.06875
55212,2,0.0625
55213,3,0.06875
55214,3,0.06875
55215,4,0.075
55216,1,0.05625
55217,2,0.0625
55218,2,0.0625
55219,3,0.06875
55220,2,0.0625
55221,3,0.06875
55222,3,0.06875
55223,4,0.075
55224,2,0.0625
55225,3,0.06875
55226,3,0.06875
55227,4,0.075
55228,3,0.06875
55229,4,0.075
55230,4,0.075
55231,3,0.08125
55232,0,0.05
55233,1,0.05625
55234,1,0.05625
55235,2,0.0625
55236,1,0.05625
55237,2,0.0625
55238,2,0.0625
55239,3,0.06875
55240,1,0.05625
55241,2,0.0625
55242,2,0.0625
55243,3,0.06875
55244,2,0.0625
55245,3,0.06875
55246,3,0.06875
55247,4,0.075
55248,1,0.05625
55249,2,0.0625
55250,2,0.0625
55251,3,0.06875
55252,2,0.0625
55253,3,0.06875
55254,3,0.06875
55255,4,0.075
55256,2,0.0625
55257,3,0.06875
55258,3,0.06875
55259,4,0.075
55260,3,0.06875
55261,4,0.075
55262,4,0.075
55263,3,0.08125
55264,1,0.05625
55265,2,0.0625
55266,2,0.0625
55267,3,0.06875
55268,2,0.0625
55269,3,0.06875
55270,3,0.06875
55271,4,0.075
55272,2,0.0625
55273,3,0.06875
55274,3,0.06875
55275,4,0.075
55276,3,0.06875
55277,4,0.075
55278,4,0.075
55279,3,0.08125
55280,2,0.0625
55281,3,0.06875
55282,3,0.06875
55283,4,0.075
55284,3,0.06875
55285,4,0.075
55286,4,0.075
55287,3,0.08125
55288,3,0.06875
55289,4,0.075
55290,4,0.075
55291,3,0.08125
55292,4,0.075
55293,3,0.08125
55294,3,0.08125
55295,2,0.0875
55296,4,0.025
55297,3,0.03125
55298,3,0.03125
55299,2,0.0375
55300,3,0.03125
55301,2,0.0375
55302,2,0.0375
55303,1,0.04375
55304,3,0.03125
55305,2,0.0375
55306,2,0.0375
55307,1,0.04375
55308,2,0.0375
55309,1,0.04375
55310,1,0.04375
55311,0,0.05
55312,3,0.03125
55313,2,0.0375
55314,2,0.0375
55315,1,0.04375
55316,2,0.0375
55317,1,0.04375
55318,1,0.04375
55319,0,0.05
55320,2,0.0375
55321,1,0.04375
55322,1,0.04375
55323,0,0.05
55324,1,0.04375
55325,0,0.05
55326,0,0.05
55327,1,0.05625
55328,3,0.03125
55329,2,0.0375
55330,2,0.0375
55331,1,0.04375
55332,2,0.0375
55333,1,0.04375
55334,1,0.04375
55335,0,0.05
55336,2,0.0375
55337,1,0.04375
55338,1,0.04375
55339,0,0.05
55340,1,0.04375
55341,0,0.05
55342,0,0.05
55343,1,0.05625
55344,2,0.0375
55345,1,0.04375
55346,1,0.04375
55347,0,0.05
55348,1,0.04375
55349,0,0.05
55350,0,0.05
55351,1,0.05625
55352,1,0.04375
55353,0,0.05
55354,0,0.05
55355,1,0.05625
55356,0,0.05
55357,1,0.05625
55358,1,0.05625
55359,2,0.0625
55360,3,0.03125
55361,2,0.0375
55362,2,0.0375
55363,1,0.04375
55364,2,0.0375
55365,1,0.04375
55366,1,0.04375
55367,0,0.05
55368,2,0.0375
55369,1,0.04375
55370,1,0.04375
55371,0,0.05
55372,1,0.04375
55373,0,0.05
55374,0,0.05
55375,1,0.05625
55376,2,0.0375
55377,1,0.04375
55378,1,0.04375
55379,0,0.05
55380,1,0.04375
55381,0,0.05
55382,0,0.05
55383,1,0.05625
55384,1,0.04375
55385,0,0.05
55386,0,0.05
55387,1,0.05625
55388,0,0.05
55389,1,0.05625
55390,1,0.05625
55391,2,0.0625
55392,2,0.0375
55393,1,0.04375
55394,1,0.04375
55395,0,0.05
55396,1,0.04375
55397,0,0.05
55398,0,0.05
55399,1,0.05625
55400,1,0.04375
55401,0,0.05
55402,0,0.05
55403,1,0.05625
55404,0,0.05
55405,1,0.05625
55406,1,0.05625
55407,2,0.0625
55408,1,0.04375
55409,0,0.05
55410,0,0.05
55411,1,0.05625
55412,0,0.05
55413,1,0.05625
55414,1,0.05625
55415,2,0.0625
55416,0,0.05
55417,1,0.05625
55418,1,0.05625
55419,2,0.0625
55420,1,0.05625
55421,2,0.0625
55422,2,0.0625
55423,3,0.06875
55424,3,0.03125
55425,2,0.0375
55426,2,0.0375
55427,1,0.04375
55428,2,0.0375
55429,1,0.04375
55430,1,0.04375
55431,0,0.05
55432,2,0.0375
55433,1,0.04375
55434,1,0.04375
55435,0,0.05
55436,1,0.04375
55437,0,0.05
55438,0,0.05
55439,1,0.05625
55440,2,0.0375
55441,1,0.04375
55442,1,0.04375
55443,0,0.05
55444,1,0.04375
55445,0,0.05
55446,0,0.05
55447,1,0.05625
55448,1,0.04375
55449,0,0.05
55450,0,0.05
55451,1,0.05625
55452,0,0.05
55453,1,0.05625
55454,1,0.05625
55455,2,0.0625
55456,2,0.0375
55457,1,0.04375
55458,1,0.04375
55459,0,0.05
55460,1,0.04375
55461,0,0.05
55462,0,0.05
55463,1,0.05625
55464,1,0.04375
55465,0,0.05
55466,0,0.05
55467,1,0.05625
55468,0,0.05
55469,1,0.05625
55470,1,0.05625
55471,2,0.0625
55472,1,0.04375
55473,0,0.05
55474,0,0.05
55475,1,0.05625
55476,0,0.05
55477,1,0.05625
55478,1,0.05625
55479,2,0.0625
55480,0,0.05
55481,1,0.05625
55482,1,0.05625
55483,2,0.0625
55484,1,0.05625
55485,2,0.0625
55486,2,0.0625
55487,3,0.06875
55488,2,0.0375
55489,1,0.04375
55490,1,0.04375
55491,0,0.05
55492,1,0.04375
55493,0,0.05
55494,0,0.05
55495,1,0.05625
55496,1,0.04375
55497,0,0.05
55498,0,0.05
55499,1,0.05625
55500,0,0.05
55501,1,0.05625
55502,1,0.05625
55503,2,0.0625
55504,1,0.04375
55505,0,0.05
55506,0,0.05
55507,1,0.05625
55508,0,0.05
55509,1,0.05625
55510,1,0.05625
55511,2,0.0625
55512,0,0.05
55513,1,0.05625
55514,1,0.05625
55515,2,0.0625
55516,1,0.05625
55517,2,0.0625
55518,2,0.0625
55519,3,0.06875
55520,1,0.04375
55521,0,0.05
55522,0,0.05
55523,1,0.05625
55524,0,0.05
55525,1,0.05625
55526,1,0.05625
55527,2,0.0625
55528,0,0.05
55529,1,0.05625
55530,1,0.05625
55531,2,0.0625
55532,1,0.05625
55533,2,0.0625
55534,2,0.0625
55535,3,0.06875
55536,0,0.05
55537,1,0.05625
55538,1,0.05625
55539,2,0.0625
55540,1,0.05625
55541,2,0.0625
55542,2,0.0625
55543,3,0.06875
55544,1,0.05625
55545,2,0.0625
55546,2,0.0625
55547,3,0.06875
55548,2,0.0625
55549,3,0.06875
55550,3,0.06875
55551,4,0.075
55552,3,0.03125
55553,2,0.0375
55554,2,0.0375
55555,1,0.04375
55556,2,0.0375
55557,1,0.04375
55558,1,0.04375
55559,0,0.05
55560,2,0.0375
55561,1,0.04375
55562,1,0.04375
55563,0,0.05
55564,1,0.04375
55565,0,0.05
55566,0,0.05
55567,1,0.05625
55568,2,0.0375
55569,1,0.04375
55570,1,0.04375
55571,0,0.05
55572,1,0.04375
55573,0,0.05
55574,0,0.05
55575,1,0.05625
55576,1,0.04375
55577,0,0.05
55578,0,0.05
55579,1,0.05625
55580,0,0.05
55581,1,0.05625
55582,1,0.05625
55583,2,0.0625
55584,2,0.0375
55585,1,0.04375
55586,1,0.04375
55587,0,0.05
55588,1,0.04375
55589,0,0.05
55590,0,0.05
55591,1,0.05625
55592,1,0.04375
55593,0,0.05
55594,0,0.05
55595,1,0.05625
55596,0,0.05
55597,1,0.05625
55598,1,0.05625
55599,2,0.0625
55600,1,0.04375
55601,0,0.05
55602,0,0.05
55603,1,0.05625
55604,0,0.05
55605,1,0.05625
55606,1,0.05625
55607,2,0.0625
55608,0,0.05
55609,1,0.05625
55610,1,0.05625
55611,2,0.0625
55612,1,0.05625
55613,2,0.0625
55614,2,0.0625
55615,3,0.06875
55616,2,0.0375
55617,1,0.04375
55618,1,0.04375
55619,0,0.05
55620,1,0.04375
55621,0,0.05
55622,0,0.05
55623,1,0.05625
55624,1,0.04375
55625,0,0.05
55626,0,0.05
55627,1,0.05625
55628,0,0.05
55629,1,0.05625
55630,1,0.05625
55631,2,0.0625
55632,1,0.04375
55633,0,0.05
55634,0,0.05
55635,1,0.05625
55636,0,0.05
55637,1,0.05625
55638,1,0.05625
55639,2,0.0625
55640,0,0.05
55641,1,0.05625
55642,1,0.05625
55643,2,0.0625
55644,1,0.05625
55645,2,0.0625
55646,2,0.0625
55647,3,0.06875
55648,1,0.04375
55649,0,0.05
55650,0,0.05
55651,1,0.05625
55652,0,0.05
55653,1,0.05625
55654,1,0.05625
55655,2,0.0625
55656,0,0.05
55657,1,0.05625
55658,1,0.05625
55659,2,0.0625
55660,1,0.05625
55661,2,0.0625
55662,2,0.0625
55663,3,0.06875
55664,0,0.05
55665,1,0.05625
55666,1,0.05625
55667,2,0.0625
55668,1,0.05625
55669,2,0.0625
55670,2,0.0625
55671,3,0.06875
55672,1,0.05625
55673,2,0.0625
55674,2,0.0625
55675,3,0.06875
55676,2,0.0625
55677,3,0.06875
55678,3,0.06875
55679,4,0.075
55680,2,0.0375
55681,1,0.04375
55682,1,0.04375
55683,0,0.05
55684,1,0.04375
55685,0,0.05
55686,0,0.05
55687,1,0.05625
55688,1,0.04375
55689,0,0.05
55690,0,0.05
55691,1,0.05625
55692,0,0.05
55693,1,0.05625
55694,1,0.05625
55695,2,0.0625
55696,1,0.04375
55697,0,0.05
55698,0,0.05
55699,1,0.05625
55700,0,0.05
55701,1,0.05625
55702,1,0.05625
55703,2,0.0625
55704,0,0.05
55705,1,0.05625
55706,1,0.05625
55707,2,0.0625
55708,1,0.05625
55709,2,0.0625
55710,2,0.0625
55711,3,0.06875
55712,1,0.04375
55713,0,0.05
55714,0,0.05
55715,1,0.05625
55716,0,0.05
55717,1,0.05625
55718,1,0.05625
55719,2,0.0625
55720,0,0.05
55721,1,0.05625
55722,1,0.05625
55723,2,0.0625
55724,1,0.05625
55725,2,0.0625
55726,2,0.0625
55727,3,0.06875
55728,0,0.05
55729,1,0.05625
55730,1,0.05625
55731,2,0.0625
55732,1,0.05625
55733,2,0.0625
55734,2,0.0625
55735,3,0.06875
55736,1,0.05625
55737,2,0.0625
55738,2,0.0625
55739,3,0.06875
55740,2,0.0625
55741,3,0.06875
55742,3,0.06875
55743,4,0.075
55744,1,0.04375
55745,0,0.05
55746,0,0.05
55747,1,0.05625
55748,0,0.05
55749,1,0.05625
55750,1,0.05625
55751,2,0.0625
55752,0,0.05
55753,1,0.05625
55754,1,0.05625
55755,2,0.0625
55756,1,0.05625
55757,2,0.0625
55758,2,0.0625
55759,3,0.06875
55760,0,0.05
55761,1,0.05625
55762,1,0.05625
55763,2,0.0625
55764,1,0.05625
55765,2,0.0625
55766,2,0.0625
55767,3,0.06875
55768,1,0.05625
55769,2,0.0625
55770,2,0.0625
55771,3,0.06875
55772,2,0.0625
55773,3,0.06875
55774,3,0.06875
55775,4,0.075
55776,0,0.05
55777,1,0.05625
55778,1,0.05625
55779,2,0.0625
55780,1,0.05625
55781,2,0.0625
55782,2,0.0625
55783,3,0.06875
55784,1,0.05625
55785,2,0.0625
55786,2,0.0625
55787,3,0.06875
55788,2,0.0625
55789,3,0.06875
55790,3,0.06875
55791,4,0.075
55792,1,0.05625
55793,2,0.0625
55794,2,0.0625
55795,3,0.06875
55796,2,0.0625
55797,3,0.06875
55798,3,0.06875
55799,4,0.075
55800,2,0.0625
55801,3,0.06875
55802,3,0.06875
55803,4,0.075
55804,3,0.06875
55805,4,0.075
55806,4,0.075
55807,3,0.08125
55808,3,0.03125
55809,2,0.0375
55810,2,0.0375
55811,1,0.04375
55812,2,0.0375
55813,1,0.04375
55814,1,0.04375
55815,0,0.05
55816,2,0.0375
55817,1,0.04375
55818,1,0.04375
55819,0,0.05
55820,1,0.04375
55821,0,0.05
55822,0,0.05
55823,1,0.05625
55824,2,0.0375
55825,1,0.04375
55826,1,0.04375
55827,0,0.05
55828,1,0.04375
55829,0,0.05
55830,0,0.05
55831,1,0.05625
55832,1,0.04375
55833,0,0.05
55834,0,0.05
55835,1,0.05625
55836,0,0.05
55837,1,0.05625
55838,1,0.05625
55839,2,0.0625
55840,2,0.0375
55841,1,0.04375
55842,1,0.04375
55843,0,0.05
55844,1,0.04375
55845,0,0.05
55846,0,0.05
55847,1,0.05625
55848,1,0.04375
55849,0,0.05
55850,0,0.05
55851,1,0.05625
55852,0,0.05
55853,1,0.05625
55854,1,0.05625
55855,2,0.0625
55856,1,0.04375
55857,0,0.05
55858,0,0.05
55859,1,0.05625
55860,0,0.05
55861,1,0.05625
55862,1,0.05625
55863,2,0.0625
55864,0,0.05
55865,1,0.05625
55866,1,0.05625
55867,2,0.0625
55868,1,0.05625
55869,2,0.0625
55870,2,0.0625
55871,3,0.06875
55872,2,0.0375
55873,1,0.04375
55874,1,0.04375
55875,0,0.05
55876,1,0.04375
55877,0,0.05
55878,0,0.05
55879,1,0.05625
55880,1,0.04375
55881,0,0.05
55882,0,0.05
55883,1,0.05625
55884,0,0.05
55885,1,0.05625
55886,1,0.05625
55887,2,0.0625
55888,1,0.04375
55889,0,0.05
55890,0,0.05
55891,1,0.05625
55892,0,0.05
55893,1,0.05625
55894,1,0.05625
55895,2,0.0625
55896,0,0.05
55897,1,0.05625
55898,1,0.05625
55899,2,0.0625
55900,1,0.05625
55901,2,0.0625
55902,2,0.0625
55903,3,0.06875
55904,1,0.04375
55905,0,0.05
55906,0,0.05
55907,1,0.05625
55908,0,0.05
55909,1,0.05625
55910,1,0.05625
55911,2,0.0625
55912,0,0.05
55913,1,0.05625
55914,1,0.05625
55915,2,0.0625
55916,1,0.05625
55917,2,0.0625
55918,2,0.0625
55919,3,0.06875
55920,0,0.05
55921,1,0.05625
55922,1,0.05625
55923,2,0.0625
55924,1,0.05625
55925,2,0.0625
55926,2,0.0625
55927,3,0.06875
55928,1,0.05625
55929,2,0.0625
55930,2,0.0625
55931,3,0.06875
55932,2,0.0625
55933,3,0.06875
55934,3,0.06875
55935,4,0.075
55936,2,0.0375
55937,1,0.04375
55938,1,0.04375
55939,0,0.05
55940,1,0.04375
55941,0,0.05
55942,0,0.05
55943,1,0.05625
55944,1,0.04375
55945,0,0.05
55946,0,0.05
55947,1,0.05625
55948,0,0.05
55949,1,0.05625
55950,1,0.05625
55951,2,0.0625
55952,1,0.04375
55953,0,0.05
55954,0,0.05
55955,1,0.05625
55956,0,0.05
55957,1,0.05625
55958,1,0.05625
55959,2,0.0625
55960,0,0.05
55961,1,0.05625
55962,1,0.05625
55963,2,0.0625
55964,1,0.05625
55965,2,0.0625
55966,2,0.0625
55967,3,0.06875
55968,1,0.04375
55969,0,0.05
55970,0,0.05
55971,1,0.05625
55972,0,0.05
55973,1,0.05625
55974,1,0.05625
55975,2,0.0625
55976,0,0.05
55977,1,0.05625
55978,1,0.05625
55979,2,0.0625
55980,1,0.05625
55981,2,0.0625
55982,2,0.0625
55983,3,0.06875
55984,0,0.05
55985,1,0.05625
55986,1,0.05625
55987,2,0.0625
55988,1,0.05625
55989,2,0.0625
55990,2,0.0625
55991,3,0.06875
55992,1,0.05625
55993,2,0.0625
55994,2,0.0625
55995,3,0.06875
55996,2,0.0625
55997,3,0.06875
55998,3,0.06875
55999,4,0.075
56000,1,0.04375
56001,0,0.05
56002,0,0.05
56003,1,0.05625
56004,0,0.05
56005,1,0.05625
56006,1,0.05625
56007,2,0.0625
56008,0,0.05
56009,1,0.05625
56010,1,0.05625
56011,2,0.0625
56012,1,0.05625
56013,2,0.0625
56014,2,0.0625
56015,3,0.06875
56016,0,0.05
56017,1,0.05625
56018,1,0.05625
56019,2,0.0625
56020,1,0.05625
56021,2,0.0625
56022,2,0.0625
56023,3,0.06875
56024,1,0.05625
56025,2,0.0625
56026,2,0.0625
56027,3,0.06875
56028,2,0.0625
56029,3,0.06875
56030,3,0.06875
56031,4,0.075
56032,0,0.05
56033,1,0.05625
56034,1,0.05625
56035,2,0.0625
56036,1,0.05625
56037,2,0.0625
56038,2,0.0625
56039,3,0.06875
56040,1,0.05625
56041,2,0.0625
56042,2,0.0625
56043,3,0.06875
56044,2,0.0625
56045,3,0.06875
56046,3,0.06875
56047,4,0.075
56048,1,0.05625
56049,2,0.0625
56050,2,0.0625
56051,3,0.06875
56052,2,0.0625
56053,3,0.06875
56054,3,0.06875
56055,4,0.075
56056,2,0.0625
56057,3,0.06875
56058,3,0.06875
56059,4,0.075
56060,3,0.06875
56061,4,0.075
56062,4,0.075
56063,3,0.08125
56064,2,0.0375
56065,1,0.04375
56066,1,0.04375
56067,0,0.05
56068,1,0.04375
56069,0,0.05
56070,0,0.05
56071,1,0.05625
56072,1,0.04375
56073,0,0.05
56074,0,0.05
56075,1,0.05625
56076,0,0.05
56077,1,0.05625
56078,1,0.05625
56079,2,0.0625
56080,1,0.04375
56081,0,0.05
56082,0,0.05
56083,1,0.05625
56084,0,0.05
56085,1,0.05625
56086,1,0.05625
56087,2,0.0625
56088,0,0.05
56089,1,0.05625
56090,1,0.05625
56091,2,0.0625
56092,1,0.05625
56093,2,0.0625
56094,2,0.0625
56095,3,0.06875
56096,1,0.04375
56097,0,0.05
56098,0,0.05
56099,1,0.05625
56100,0,0.05
56101,1,0.05625
56102,1,0.05625
56103,2,0.0625
56104,0,0.05
56105,1,0.05625
56106,1,0.05625
56107,2,0.0625
56108,1,0.05625
56109,2,0.0625
56110,2,0.0625
56111,3,0.06875
56112,0,0.05
56113,1,0.05625
56114,1,0.05625
56115,2,0.0625
56116,1,0.05625
56117,2,0.0625
56118,2,0.0625
56119,3,0.06875
56120,1,0.05625
56121,2,0.0625
56122,2,0.0625
56123,3,0.06875
56124,2,0.0625
56125,3,0.06875
56126,3,0.06875
56127,4,0.075
56128,1,0.04375
56129,0,0.05
56130,0,0.05
56131,1,0.05625
56132,0,0.05
56133,1,0.05625
56134,1,0.05625
56135,2,0.0625
56136,0,0.05
56137,1,0.05625
56138,1,0.05625
56139,2,0.0625
56140,1,0.05625
56141,2,0.0625
56142,2,0.0625
56143,3,0.06875
56144,0,0.05
56145,1,0.05625
56146,1,0.05625
56147,2,0.0625
56148,1,0.05625
56149,2,0.0625
56150,2,0.0625
56151,3,0.06875
56152,1,0.05625
56153,2,0.0625
56154,2,0.0625
56155,3,0.06875
56156,2,0.0625
56157,3,0.06875
56158,3,0.06875
56159,4,0.075
56160,0,0.05
56161,1,0.05625
56162,1,0.05625
56163,2,0.0625
56164,1,0.05625
56165,2,0.0625
56166,2,0.0625
56167,3,0.06875
56168,1,0.05625
56169,2,0.0625
56170,2,0.0625
56171,3,0.06875
56172,2,0.0625
56173,3,0.06875
56174,3,0.06875
56175,4,0.075
56176,1,0.05625
56177,2,0.0625
56178,2,0.0625
56179,3,0.06875
56180,2,0.0625
56181,3,0.06875
56182,3,0.06875
56183,4,0.075
56184,2,0.0625
56185,3,0.06875
56186,3,0.06875
56187,4,0.075
56188,3,0.06875
56189,4,0.075
56190,4,0.075
56191,3,0.08125
56192,1,0.04375
56193,0,0.05
56194,0,0.05
56195,1,0.05625
56196,0,0.05
56197,1,0.05625
56198,1,0.05625
56199,2,0.0625
56200,0,0.05
56201,1,0.05625
56202,1,0.05625
56203,2,0.0625
56204,1,0.05625
56205,2,0.0625
56206,2,0.0625
56207,3,0.06875
56208,0,0.05
56209,1,0.05625
56210,1,0.05625
56211,2,0.0625
56212,1,0.05625
56213,2,0.0625
56214,2,0.0625
56215,3,0.06875
56216,1,0.05625
56217,2,0.0625
56218,2,0.0625
56219,3,0.06875
56220,2,0.0625
56221,3,0.06875
56222,3,0.06875
56223,4,0.075
56224,0,0.05
56225,1,0.05625
56226,1,0.05625
56227,2,0.0625
56228,1,0.05625
56229,2,0.0625
56230,2,0.0625
56231,3,0.06875
56232,1,0.05625
56233,2,0.0625
56234,2,0.0625
56235,3,0.06875
56236,2,0.0625
56237,3,0.06875
56238,3,0.06875
56239,4,0.075
56240,1,0.05625
56241,2,0.0625
56242,2,0.0625
56243,3,0.06875
56244,2,0.0625
56245,3,0.06875
56246,3,0.06875
56247,4,0.075
56248,2,0.0625
56249,3,0.06875
56250,3,0.06875
56251,4,0.075
56252,3,0.06875
56253,4,0.075
56254,4,0.075
56255,3,0.08125
56256,0,0.05
56257,1,0.05625
56258,1,0.05625
56259,2,0.0625
56260,1,0.05625
56261,2,0.0625
56262,2,0.0625
56263,3,0.06875
56264,1,0.05625
56265,2,0.0625
56266,2,0.0625
56267,3,0.06875
56268,2,0.0625
56269,3,0.06875
56270,3,0.06875
56271,4,0.075
56272,1,0.05625
56273,2,0.0625
56274,2,0.0625
56275,3,0.06875
56276,2,0.0625
56277,3,0.06875
56278,3,0.06875
56279,4,0.075
56280,2,0.0625
56281,3,0.06875
56282,3,0.06875
56283,4,0.075
56284,3,0.06875
56285,4,0.075
56286,4,0.075
56287,3,0.08125
56288,1,0.05625
56289,2,0.0625
56290,2,0.0625
56291,3,0.06875
56292,2,0.0625
56293,3,0.06875
56294,3,0.06875
56295,4,0.075
56296,2,0.0625
56297,3,0.06875
56298,3,0.06875
56299,4,0.075
56300,3,0.06875
56301,4,0.075
56302,4,0.075
56303,3,0.08125
56304,2,0.0625
56305,3,0.06875
56306,3,0.06875
56307,4,0.075
56308,3,0.06875
56309,4,0.075
56310,4,0.075
56311,3,0.08125
56312,3,0.06875
56313,4,0.075
56314,4,0.075
56315,3,0.08125
56316,4,0.075
56317,3,0.08125
56318,3,0.08125
56319,2,0.0875
56320,3,0.03125
56321,2,0.0375
56322,2,0.0375
56323,1,0.04375
56324,2,0.0375
56325,1,0.04375
56326,1,0.04375
56327,0,0.05
56328,2,0.0375
56329,1,0.04375
56330,1,0.04375
56331,0,0.05
56332,1,0.04375
56333,0,0.05
56334,0,0.05
56335,1,0.05625
56336,2,0.0375
56337,1,0.04375
56338,1,0.04375
56339,0,0.05
56340,1,0.04375
56341,0,0.05
56342,0,0.05
56343,1,0.05625
56344,1,0.04375
56345,0,0.05
56346,0,0.05
56347,1,0.05625
56348,0,0.05
56349,1,0.05625
56350,1,0.05625
56351,2,0.0625
56352,2,0.0375
56353,1,0.04375
56354,1,0.04375
56355,0,0.05
56356,1,0.04375
56357,0,0.05
56358,0,0.05
56359,1,0.05625
56360,1,0.04375
56361,0,0.05
56362,0,0.05
56363,1,0.05625
56364,0,0.05
56365,1,0.05625
56366,1,0.05625
56367,2,0.0625
56368,1,0.04375
56369,0,0.05
56370,0,0.05
56371,1,0.05625
56372,0,0.05
56373,1,0.05625
56374,1,0.05625
56375,2,0.0625
56376,0,0.05
56377,1,0.05625
56378,1,0.05625
56379,2,0.0625
56380,1,0.05625
56381,2,0.0625
56382,2,0.0625
56383,3,0.06875
56384,2,0.0375
56385,1,0.04375
56386,1,0.04375
56387,0,0.05
56388,1,0.04375
56389,0,0.05
56390,0,0.05
56391,1,0.05625
56392,1,0.04375
56393,0,0.05
56394,0,0.05
56395,1,0.05625
56396,0,0.05
56397,1,0.05625
56398,1,0.05625
56399,2,0.0625
56400,1,0.04375
56401,0,0.05
56402,0,0.05
56403,1,0.05625
56404,0,0.05
56405,1,0.05625
56406,1,0.05625
56407,2,0.0625
56408,0,0.05
56409,1,0.05625
56410,1,0.05625
56411,2,0.0625
56412,1,0.05625
56413,2,0.0625
56414,2,0.0625
56415,3,0.06875
56416,1,0.04375
56417,0,0.05
56418,0,0.05
56419,1,0.05625
56420,0,0.05
56421,1,0.05625
56422,1,0.05625
56423,2,0.0625
56424,0,0.05
56425,1,0.05625
56426,1,0.05625
56427,2,0.0625
56428,1,0.05625
56429,2,0.0625
56430,2,0.0625
56431,3,0.06875
56432,0,0.05
56433,1,0.05625
56434,1,0.05625
56435,2,0.0625
56436,1,0.05625
56437,2,0.0625
56438,2,0.0625
56439,3,0.06875
56440,1,0.05625
56441,2,0.0625
56442,2,0.0625
56443,3,0.06875
56444,2,0.0625
56445,3,0.06875
56446,3,0.06875
56447,4,0.075
56448,2,0.0375
56449,1,0.04375
56450,1,0.04375
56451,0,0.05
56452,1,0.04375
56453,0,0.05
56454,0,0.05
56455,1,0.05625
56456,1,0.04375
56457,0,0.05
56458,0,0.05
56459,1,0.05625
56460,0,0.05
56461,1,0.05625
56462,1,0.05625
56463,2,0.0625
56464,1,0.04375
56465,0,0.05
56466,0,0.05
56467,1,0.05625
56468,0,0.05
56469,1,0.05625
56470,1,0.05625
56471,2,0.0625
56472,0,0.05
56473,1,0.05625
56474,1,0.05625
56475,2,0.0625
56476,1,0.05625
56477,2,0.0625
56478,2,0.0625
56479,3,0.06875
56480,1,0.04375
56481,0,0.05
56482,0,0.05
56483,1,0.05625
56484,0,0.05
56485,1,0.05625
56486,1,0.05625
56487,2,0.0625
56488,0,0.05
56489,1,0.05625
56490,1,0.05625
56491,2,0.0625
56492,1,0.05625
56493,2,0.0625
56494,2,0.0625
56495,3,0.06875
56496,0,0.05
56497,1,0.05625
56498,1,0.05625
56499,2,0.0625
56500,1,0.05625
56501,2,0.0625
56502,2,0.0625
56503,3,0.06875
56504,1,0.05625
56505,2,0.0625
56506,2,0.0625
56507,3,0.06875
56508,2,0.0625
56509,3,0.06875
56510,3,0.06875
56511,4,0.075
56512,1,0.04375
56513,0,0.05
56514,0,0.05
56515,1,0.05625
56516,0,0.05
56517,1,0.05625
56518,1,0.05625
56519,2,0.0625
56520,0,0.05
56521,1,0.05625
56522,1,0.05625
56523,2,0.0625
56524,1,0.05625
56525,2,0.0625
56526,2,0.0625
56527,3,0.06875
56528,0,0.05
56529,1,0.05625
56530,1,0.05625
56531,2,0.0625
56532,1,0.05625
56533,2,0.0625
56534,2,0.0625
56535,3,0.06875
56536,1,0.05625
56537,2,0.0625
56538,2,0.0625
56539,3,0.06875
56540,2,0.0625
56541,3,0.06875
56542,3,0.06875
56543,4,0.075
56544,0,0.05
56545,1,0.05625
56546,1,0.05625
56547,2,0.0625
56548,1,0.05625
56549,2,0.0625
56550,2,0.0625
56551,3,0.06875
56552,1,0.05625
56553,2,0.0625
56554,2,0.0625
56555,3,0.06875
56556,2,0.0625
56557,3,0.06875
56558,3,0.06875
56559,4,0.075
56560,1,0.05625
56561,2,0.0625
56562,2,0.0625
56563,3,0.06875
56564,2,0.0625
56565,3,0.06875
56566,3,0.06875
56567,4,0.075
56568,2,0.0625
56569,3,0.06875
56570,3,0.06875
56571,4,0.075
56572,3,0.06875
56573,4,0.075
56574,4,0.075
56575,3,0.08125
56576,2,0.0375
56577,1,0.04375
56578,1,0.04375
56579,0,0.05
56580,1,0.04375
56581,0,0.05
56582,0,0.05
56583,1,0.05625
56584,1,0.04375
56585,0,0.05
56586,0,0.05
56587,1,0.05625
56588,0,0.05
56589,1,0.05625
56590,1,0.05625
56591,2,0.0625
56592,1,0.04375
56593,0,0.05
56594,0,0.05
56595,1,0.05625
56596,0,0.05
56597,1,0.05625
56598,1,0.05625
56599,2,0.0625
56600,0,0.05
56601,1,0.05625
56602,1,0.05625
56603,2,0.0625
56604,1,0.05625
56605,2,0.0625
56606,2,0.0625
56607,3,0.06875
56608,1,0.04375
56609,0,0.05
56610,0,0.05
56611,1,0.05625
56612,0,0.05
56613,1,0.05625
56614,1,0.05625
56615,2,0.0625
56616,0,0.05
56617,1,0.05625
56618,1,0.05625
56619,2,0.0625
56620,1,0.05625
56621,2,0.0625
56622,2,0.0625
56623,3,0.06875
56624,0,0.05
56625,1,0.05625
56626,1,0.05625
56627,2,0.0625
56628,1,0.05625
56629,2,0.0625
56630,2,0.0625
56631,3,0.06875
56632,1,0.05625
56633,2,0.0625
56634,2,0.0625
56635,3,0.06875
56636,2,0.0625
56637,3,0.06875
56638,3,0.06875
56639,4,0.075
56640,1,0.04375
56641,0,0.05
56642,0,0.05
56643,1,0.05625
56644,0,0.05
56645,1,0.05625
56646,1,0.05625
56647,2,0.0625
56648,0,0.05
56649,1,0.05625
56650,1,0.05625
56651,2,0.0625
56652,1,0.05625
56653,2,0.0625
56654,2,0.0625
56655,3,0.06875
56656,0,0.05
56657,1,0.05625
56658,1,0.05625
56659,2,0.0625
56660,1,0.05625
56661,2,0.0625
56662,2,0.0625
56663,3,0.06875
56664,1,0.05625
56665,2,0.0625
56666,2,0.0625
56667,3,0.06875
56668,2,0.0625
56669,3,0.06875
56670,3,0.06875
56671,4,0.075
56672,0,0.05
56673,1,0.05625
56674,1,0.05625
56675,2,0.0625
56676,1,0.05625
56677,2,0.0625
56678,2,0.0625
56679,3,0.06875
56680,1,0.05625
56681,2,0.0625
56682,2,0.0625
56683,3,0.06875
56684,2,0.0625
56685,3,0.06875
56686,3,0.06875
56687,4,0.075
56688,1,0.05625
56689,2,0.0625
56690,2,0.0625
56691,3,0.06875
56692,2,0.0625
56693,3,0.06875
56694,3,0.06875
56695,4,0.075
56696,2,0.0625
56697,3,0.06875
56698,3,0.06875
56699,4,0.075
56700,3,0.06875
56701,4,0.075
56702,4,0.075
56703,3,0.08125
56704,1,0.04375
56705,0,0.05
56706,0,0.05
56707,1,0.05625
56708,0,0.05
56709,1,0.05625
56710,1,0.05625
56711,2,0.0625
56712,0,0.05
56713,1,0.05625
56714,1,0.05625
56715,2,0.0625
56716,1,0.05625
56717,2,0.0625
56718,2,0.0625
56719,3,0.06875
56720,0,0.05
56721,1,0.05625
56722,1,0.05625
56723,2,0.0625
56724,1,0.05625
56725,2,0.0625
56726,2,0.0625
56727,3,0.06875
56728,1,0.05625
56729,2,0.0625
56730,2,0.0625
56731,3,0.06875
56732,2,0.0625
56733,3,0.06875
56734,3,0.06875
56735,4,0.075
56736,0,0.05
56737,1,0.05625
56738,1,0.05625
56739,2,0.0625
56740,1,0.05625
56741,2,0.0625
56742,2,0.0625
56743,3,0.06875
56744,1,0.05625
56745,2,0.0625
56746,2,0.0625
56747,3,0.06875
56748,2,0.0625
56749,3,0.06875
56750,3,0.06875
56751,4,0.075
56752,1,0.05625
56753,2,0.0625
56754,2,0.0625
56755,3,0.06875
56756,2,0.0625
56757,3,0.06875
56758,3,0.06875
56759,4,0.075
56760,2,0.0625
56761,3,0.06875
56762,3,0.06875
56763,4,0.075
56764,3,0.06875
56765,4,0.075
56766,4,0.075
56767,3,0.08125
56768,0,0.05
56769,1,0.05625
56770,1,0.05625
56771,2,0.0625
56772,1,0.05625
56773,2,0.0625
56774,2,0.0625
56775,3,0.06875
56776,1,0.05625
56777,2,0.0625
56778,2,0.0625
56779,3,0.06875
56780,2,0.0625
56781,3,0.06875
56782,3,0.06875
56783,4,0.075
56784,1,0.05625
56785,2,0.0625
56786,2,0.0625
56787,3,0.06875
56788,2,0.0625
56789,3,0.06875
56790,3,0.06875
56791,4,0.075
56792,2,0.0625
56793,3,0.06875
56794,3,0.06875
56795,4,0.075
56796,3,0.06875
56797,4,0.075
56798,4,0.075
56799,3,0.08125
56800,1,0.05625
56801,2,0.0625
56802,2,0.0625
56803,3,0.06875
56804,2,0.0625
56805,3,0.06875
56806,3,0.06875
56807,4,0.075
56808,2,0.0625
56809,3,0.06875
56810,3,0.06875
56811,4,0.075
56812,3,0.06875
56813,4,0.075
56814,4,0.075
56815,3,0.08125
56816,2,0.0625
56817,3,0.06875
56818,3,0.06875
56819,4,0.075
56820,3,0.06875
56821,4,0.075
56822,4,0.075
56823,3,0.08125
56824,3,0.06875
56825,4,0.075
56826,4,0.075
56827,3,0.08125
56828,4,0.075
56829,3,0.08125
56830,3,0.08125
56831,2,0.0875
56832,2,0.0375
56833,1,0.04375
56834,1,0.04375
56835,0,0.05
56836,1,0.04375
56837,0,0.05
56838,0,0.05
56839,1,0.05625
56840,1,0.04375
56841,0,0.05
56842,0,0.05
56843,1,0.05625
56844,0,0.05
56845,1,0.05625
56846,1,0.05625
56847,2,0.0625
56848,1,0.04375
56849,0,0.05
56850,0,0.05
56851,1,0.05625
56852,0,0.05
56853,1,0.05625
56854,1,0.05625
56855,2,0.0625
56856,0,0.05
56857,1,0.05625
56858,1,0.05625
56859,2,0.0625
56860,1,0.05625
56861,2,0.0625
56862,2,0.0625
56863,3,0.06875
56864,1,0.04375
56865,0,0.05
56866,0,0.05
56867,1,0.05625
56868,0,0.05
56869,1,0.05625
56870,1,0.05625
56871,2,0.0625
56872,0,0.05
56873,1,0.05625
56874,1,0.05625
56875,2,0.0625
56876,1,0.05625
56877,2,0.0625
56878,2,0.0625
56879,3,0.06875
56880,0,0.05
56881,1,0.05625
56882,1,0.05625
56883,2,0.0625
56884,1,0.05625
56885,2,0.0625
56886,2,0.0625
56887,3,0.06875
56888,1,0.05625
56889,2,0.0625
56890,2,0.0625
56891,3,0.06875
56892,2,0.0625
56893,3,0.06875
56894,3,0.06875
56895,4,0.075
56896,1,0.04375
56897,0,0.05
56898,0,0.05
56899,1,0.05625
56900,0,0.05
56901,1,0.05625
56902,1,0.05625
56903,2,0.0625
56904,0,0.05
56905,1,0.05625
56906,1,0.05625
56907,2,0.0625
56908,1,0.05625
56909,2,0.0625
56910,2,0.0625
56911,3,0.06875
56912,0,0.05
56913,1,0.05625
56914,1,0.05625
56915,2,0.0625
56916,1,0.05625
56917,2,0.0625
56918,2,0.0625
56919,3,0.06875
56920,1,0.05625
56921,2,0.0625
56922,2,0.0625
56923,3,0.06875
56924,2,0.0625
56925,3,0.06875
56926,3,0.06875
56927,4,0.075
56928,0,0.05
56929,1,0.05625
56930,1,0.05625
56931,2,0.0625
56932,1,0.05625
56933,2,0.0625
56934,2,0.0625
56935,3,0.06875
56936,1,0.05625
56937,2,0.0625
56938,2,0.0625
56939,3,0.06875
56940,2,0.0625
56941,3,0.06875
56942,3,0.06875
56943,4,0.075
56944,1,0.05625
56945,2,0.0625
56946,2,0.0625
56947,3,0.06875
56948,2,0.0625
56949,3,0.06875
56950,3,0.06875
56951,4,0.075
56952,2,0.0625
56953,3,0.06875
56954,3,0.06875
56955,4,0.075
56956,3,0.06875
56957,4,0.075
56958,4,0.075
56959,3,0.08125
56960,1,0.04375
56961,0,0.05
56962,0,0.05
56963,1,0.05625
56964,0,0.05
56965,1,0.05625
56966,1,0.05625
56967,2,0.0625
56968,0,0.05
56969,1,0.05625
56970,1,0.05625
56971,2,0.0625
56972,1,0.05625
56973,2,0.0625
56974,2,0.0625
56975,3,0.06875
56976,0,0.05
56977,1,0.05625
56978,1,0.05625
56979,2,0.0625
56980,1,0.05625
56981,2,0.0625
56982,2,0.0625
56983,3,0.06875
56984,1,0.05625
56985,2,0.0625
56986,2,0.0625
56987,3,0.06875
56988,2,0.0625
56989,3,0.06875
56990,3,0.06875
56991,4,0.075
56992,0,0.05
56993,1,0.05625
56994,1,0.05625
56995,2,0.0625
56996,1,0.05625
56997,2,0.0625
56998,2,0.0625
56999,3,0.06875
57000,1,0.05625
57001,2,0.0625
57002,2,0.0625
57003,3,0.06875
57004,2,0.0625
57005,3,0.06875
57006,3,0.06875
57007,4,0.075
57008,1,0.05625
57009,2,0.0625
57010,2,0.0625
57011,3,0.06875
57012,2,0.0625
57013,3,0.06875
57014,3,0.06875
57015,4,0.075
57016,2,0.0625
57017,3,0.06875
57018,3,0.06875
57019,4,0.075
57020,3,0.06875
57021,4,0.075
57022,4,0.075
57023,3,0.08125
57024,0,0.05
57025,1,0.05625
57026,1,0.05625
57027,2,0.0625
57028,1,0.05625
57029,2,0.0625
57030,2,0.0625
57031,3,0.06875
57032,1,0.05625
57033,2,0.0625
57034,2,0.0625
57035,3,0.06875
57036,2,0.0625
57037,3,0.06875
57038,3,0.06875
57039,4,0.075
57040,1,0.05625
57041,2,0.0625
57042,2,0.0625
57043,3,0.06875
57044,2,0.0625
57045,3,0.06875
57046,3,0.06875
57047,4,0.075
57048,2,0.0625
57049,3,0.06875
57050,3,0.06875
57051,4,0.075
57052,3,0.06875
57053,4,0.075
57054,4,0.075
57055,3,0.08125
57056,1,0.05625
57057,2,0.0625
57058,2,0.0625
57059,3,0.06875
57060,2,0.0625
57061,3,0.06875
57062,3,0.06875
57063,4,0.075
57064,2,0.0625
57065,3,0.06875
57066,3,0.06875
57067,4,0.075
57068,3,0.06875
57069,4,0.075
57070,4,0.075
57071,3,0.08125
57072,2,0.0625
57073,3,0.06875
57074,3,0.06875
57075,4,0.075
57076,3,0.06875
57077,4,0.075
57078,4,0.075
57079,3,0.08125
57080,3,0.06875
57081,4,0.075
57082,4,0.075
57083,3,0.08125
57084,4,0.075
57085,3,0.08125
57086,3,0.08125
57087,2,0.0875
57088,1,0.04375
57089,0,0.05
57090,0,0.05
57091,1,0.05625
57092,0,0.05
57093,1,0.05625
57094,1,0.05625
57095,2,0.0625
57096,0,0.05
57097,1,0.05625
57098,1,0.05625
57099,2,0.0625
57100,1,0.05625
57101,2,0.0625
57102,2,0.0625
57103,3,0.06875
57104,0,0.05
57105,1,0.05625
57106,1,0.05625
57107,2,0.0625
57108,1,0.05625
57109,2,0.0625
57110,2,0.0625
57111,3,0.06875
57112,1,0.05625
57113,2,0.0625
57114,2,0.0625
57115,3,0.06875
57116,2,0.0625
57117,3,0.06875
57118,3,0.06875
57119,4,0.075
57120,0,0.05
57121,1,0.05625
57122,1,0.05625
57123,2,0.0625
57124,1,0.05625
57125,2,0.0625
57126,2,0.0625
57127,3,0.06875
57128,1,0.05625
57129,2,0.0625
57130,2,0.0625
57131,3,0.06875
57132,2,0.0625
57133,3,0.06875
57134,3,0.06875
57135,4,0.075
57136,1,0.05625
57137,2,0.0625
57138,2,0.0625
57139,3,0.06875
57140,2,0.0625
57141,3,0.06875
57142,3,0.06875
57143,4,0.075
57144,2,0.0625
57145,3,0.06875
57146,3,0.06875
57147,4,0.075
57148,3,0.06875
57149,4,0.075
57150,4,0.075
57151,3,0.08125
57152,0,0.05
57153,1,0.05625
57154,1,0.05625
57155,2,0.0625
57156,1,0.05625
57157,2,0.0625
57158,2,0.0625
57159,3,0.06875
57160,1,0.05625
57161,2,0.0625
57162,2,0.0625
57163,3,0.06875
57164,2,0.0625
57165,3,0.06875
57166,3,0.06875
57167,4,0.075
57168,1,0.05625
57169,2,0.0625
57170,2,0.0625
57171,3,0.06875
57172,2,0.0625
57173,3,0.06875
57174,3,0.06875
57175,4,0.075
57176,2,0.0625
57177,3,0.06875
57178,3,0.06875
57179,4,0.075
57180,3,0.06875
57181,4,0.075
57182,4,0.075
57183,3,0.08125
57184,1,0.05625
57185,2,0.0625
57186,2,0.0625
57187,3,0.06875
57188,2,0.0625
57189,3,0.06875
57190,3,0.06875
57191,4,0.075
57192,2,0.0625
57193,3,0.06875
57194,3,0.06875
57195,4,0.075
57196,3,0.06875
57197,4,0.075
57198,4,0.075
57199,3,0.08125
57200,2,0.0625
57201,3,0.06875
57202,3,0.06875
57203,4,0.075
57204,3,0.06875
57205,4,0.075
57206,4,0.075
57207,3,0.08125
57208,3,0.06875
57209,4,0.075
57210,4,0.075
57211,3,0.08125
57212,4,0.075
57213,3,0.08125
57214,3,0.08125
57215,2,0.0875
57216,0,0.05
57217,1,0.05625
57218,1,0.05625
57219,2,0.0625
57220,1,0.05625
57221,2,0.0625
57222,2,0.0625
57223,3,0.06875
57224,1,0.05625
57225,2,0.0625
57226,2,0.0625
57227,3,0.06875
57228,2,0.0625
57229,3,0.06875
57230,3,0.06875
57231,4,0.075
57232,1,0.05625
57233,2,0.0625
57234,2,0.0625
57235,3,0.06875
57236,2,0.0625
57237,3,0.06875
57238,3,0.06875
57239,4,0.075
57240,2,0.0625
57241,3,0.06875
57242,3,0.06875
57243,4,0.075
57244,3,0.06875
57245,4,0.075
57246,4,0.075
57247,3,0.08125
57248,1,0.05625
57249,2,0.0625
57250,2,0.0625
57251,3,0.06875
57252,2,0.0625
57253,3,0.06875
57254,3,0.06875
57255,4,0.075
57256,2,0.0625
57257,3,0.06875
57258,3,0.06875
57259,4,0.075
57260,3,0.06875
57261,4,0.075
57262,4,0.075
57263,3,0.08125
57264,2,0.0625
57265,3,0.06875
57266,3,0.06875
57267,4,0.075
57268,3,0.06875
57269,4,0.075
57270,4,0.075
57271,3,0.08125
57272,3,0.06875
57273,4,0.075
57274,4,0.075
57275,3,0.08125
57276,4,0.075
57277,3,0.08125
57278,3,0.08125
57279,2,0.0875
57280,1,0.05625
57281,2,0.0625
57282,2,0.0625
57283,3,0.06875
57284,2,0.0625
57285,3,0.06875
57286,3,0.06875
57287,4,0.075
57288,2,0.0625
57289,3,0.06875
57290,3,0.06875
57291,4,0.075
57292,3,0.06875
57293,4,0.075
57294,4,0.075
57295,3,0.08125
57296,2,0.0625
57297,3,0.06875
57298,3,0.06875
57299,4,0.075
57300,3,0.06875
57301,4,0.075
57302,4,0.075
57303,3,0.08125
57304,3,0.06875
57305,4,0.075
57306,4,0.075
57307,3,0.08125
57308,4,0.075
57309,3,0.08125
57310,3,0.08125
57311,2,0.0875
57312,2,0.0625
57313,3,0.06875
57314,3,0.06875
57315,4,0.075
57316,3,0.06875
57317,4,0.075
57318,4,0.075
57319,3,0.08125
57320,3,0.06875
57321,4,0.075
57322,4,0.075
57323,3,0.08125
57324,4,0.075
57325,3,0.08125
57326,3,0.08125
57327,2,0.0875
57328,3,0.06875
57329,4,0.075
57330,4,0.075
57331,3,0.08125
57332,4,0.075
57333,3,0.08125
57334,3,0.08125
57335,2,0.0875
57336,4,0.075
57337,3,0.08125
57338,3,0.08125
57339,2,0.0875
57340,3,0.08125
57341,2,0.0875
57342,2,0.0875
57343,1,0.09375
57344,3,0.01875
57345,4,0.025
57346,4,0.025
57347,3,0.03125
57348,4,0.025
57349,3,0.03125
57350,3,0.03125
57351,2,0.0375
57352,4,0.025
57353,3,0.03125
57354,3,0.03125
57355,2,0.0375
57356,3,0.03125
57357,2,0.0375
57358,2,0.0375
57359,1,0.04375
57360,4,0.025
57361,3,0.03125
57362,3,0.03125
57363,2,0.0375
57364,3,0.03125
57365,2,0.0375
57366,2,0.0375
57367,1,0.04375
57368,3,0.03125
57369,2,0.0375
57370,2,0.0375
57371,1,0.04375
57372,2,0.0375
57373,1,0.04375
57374,1,0.04375
57375,0,0.05
57376,4,0.025
57377,3,0.03125
57378,3,0.03125
57379,2,0.0375
57380,3,0.03125
57381,2,0.0375
57382,2,0.0375
57383,1,0.04375
57384,3,0.03125
57385,2,0.0375
57386,2,0.0375
57387,1,0.04375
57388,2,0.0375
57389,1,0.04375
57390,1,0.04375
57391,0,0.05
57392,3,0.03125
57393,2,0.0375
57394,2,0.0375
57395,1,0.04375
57396,2,0.0375
57397,1,0.04375
57398,1,0.04375
57399,0,0.05
57400,2,0.0375
57401,1,0.04375
57402,1,0.04375
57403,0,0.05
57404,1,0.04375
57405,0,0.05
57406,0,0.05
57407,1,0.05625
57408,4,0.025
57409,3,0.03125
57410,3,0.03125
57411,2,0.0375
57412,3,0.03125
57413,2,0.0375
57414,2,0.0375
57415,1,0.04375
57416,3,0.03125
57417,2,0.0375
57418,2,0.0375
57419,1,0.04375
57420,2,0.0375
57421,1,0.04375
57422,1,0.04375
57423,0,0.05
57424,3,0.03125
57425,2,0.0375
57426,2,0.0375
57427,1,0.04375
57428,2,0.0375
57429,1,0.04375
57430,1,0.04375
57431,0,0.05
57432,2,0.0375
57433,1,0.04375
57434,1,0.04375
57435,0,0.05
57436,1,0.04375
57437,0,0.05
57438,0,0.05
57439,1,0.05625
57440,3,0.03125
57441,2,0.0375
57442,2,0.0375
57443,1,0.04375
57444,2,0.0375
57445,1,0.04375
57446,1,0.04375
57447,0,0.05
57448,2,0.0375
57449,1,0.04375
57450,1,0.04375
57451,0,0.05
57452,1,0.04375
57453,0,0.05
57454,0,0.05
57455,1,0.05625
57456,2,0.0375
57457,1,0.04375
57458,1,0.04375
57459,0,0.05
57460,1,0.04375
57461,0,0.05
57462,0,0.05
57463,1,0.05625
57464,1,0.04375
57465,0,0.05
57466,0,0.05
57467,1,0.05625
57468,0,0.05
57469,1,0.05625
57470,1,0.05625
57471,2,0.0625
57472,4,0.025
57473,3,0.03125
57474,3,0.03125
57475,2,0.0375
57476,3,0.03125
57477,2,0.0375
57478,2,0.0375
57479,1,0.04375
57480,3,0.03125
57481,2,0.0375
57482,2,0.0375
57483,1,0.04375
57484,2,0.0375
57485,1,0.04375
57486,1,0.04375
57487,0,0.05
57488,3,0.03125
57489,2,0.0375
57490,2,0.0375
57491,1,0.04375
57492,2,0.0375
57493,1,0.04375
57494,1,0.04375
57495,0,0.05
57496,2,0.0375
57497,1,0.04375
57498,1,0.04375
57499,0,0.05
57500,1,0.04375
57501,0,0.05
57502,0,0.05
57503,1,0.05625
57504,3,0.03125
57505,2,0.0375
57506,2,0.0375
57507,1,0.04375
57508,2,0.0375
57509,1,0.04375
57510,1,0.04375
57511,0,0.05
57512,2,0.0375
57513,1,0.04375
57514,1,0.04375
57515,0,0.05
57516,1,0.04375
57517,0,0.05
57518,0,0.05
57519,1,0.05625
57520,2,0.0375
57521,1,0.04375
57522,1,0.04375
57523,0,0.05
57524,1,0.04375
57525,0,0.05
57526,0,0.05
57527,1,0.05625
57528,1,0.04375
57529,0,0.05
57530,0,0.05
57531,1,0.05625
57532,0,0.05
57533,1,0.05625
57534,1,0.05625
57535,2,0.0625
57536,3,0.03125
57537,2,0.0375
57538,2,0.0375
57539,1,0.04375
57540,2,0.0375
57541,1,0.04375
57542,1,0.04375
57543,0,0.05
57544,2,0.0375
57545,1,0.04375
57546,1,0.04375
57547,0,0.05
57548,1,0.04375
57549,0,0.05
57550,0,0.05
57551,1,0.05625
57552,2,0.0375
57553,1,0.04375
57554,1,0.04375
57555,0,0.05
57556,1,0.04375
57557,0,0.05
57558,0,0.05
57559,1,0.05625
57560,1,0.04375
57561,0,0.05
57562,0,0.05
57563,1,0.05625
57564,0,0.05
57565,1,0.05625
57566,1,0.05625
57567,2,0.0625
57568,2,0.0375
57569,1,0.04375
57570,1,0.04375
57571,0,0.05
57572,1,0.04375
57573,0,0.05
57574,0,0.05
57575,1,0.05625
57576,1,0.04375
57577,0,0.05
57578,0,0.05
57579,1,0.05625
57580,0,0.05
57581,1,0.05625
57582,1,0.05625
57583,2,0.0625
57584,1,0.04375
57585,0,0.05
57586,0,0.05
57587,1,0.05625
57588,0,0.05
57589,1,0.05625
57590,1,0.05625
57591,2,0.0625
57592,0,0.05
57593,1,0.05625
57594,1,0.05625
57595,2,0.0625
57596,1,0.05625
57597,2,0.0625
57598,2,0.0625
57599,3,0.06875
57600,4,0.025
57601,3,0.03125
57602,3,0.03125
57603,2,0.0375
57604,3,0.03125
57605,2,0.0375
57606,2,0.0375
57607,1,0.04375
57608,3,0.03125
57609,2,0.0375
57610,2,0.0375
57611,1,0.04375
57612,2,0.0375
57613,1,0.04375
57614,1,0.04375
57615,0,0.05
57616,3,0.03125
57617,2,0.0375
57618,2,0.0375
57619,1,0.04375
57620,2,0.0375
57621,1,0.04375
57622,1,0.04375
57623,0,0.05
57624,2,0.0375
57625,1,0.04375
57626,1,0.04375
57627,0,0.05
57628,1,0.04375
57629,0,0.05
57630,0,0.05
57631,1,0.05625
57632,3,0.03125
57633,2,0.0375
57634,2,0.0375
57635,1,0.04375
57636,2,0.0375
57637,1,0.04375
57638,1,0.04375
57639,0,0.05
57640,2,0.0375
57641,1,0.04375
57642,1,0.04375
57643,0,0.05
57644,1,0.04375
57645,0,0.05
57646,0,0.05
57647,1,0.05625
57648,2,0.0375
57649,1,0.04375
57650,1,0.04375
57651,0,0.05
57652,1,0.04375
57653,0,0.05
57654,0,0.05
57655,1,0.05625
57656,1,0.04375
57657,0,0.05
57658,0,0.05
57659,1,0.05625
57660,0,0.05
57661,1,0.05625
57662,1,0.05625
57663,2,0.0625
57664,3,0.03125
57665,2,0.0375
57666,2,0.0375
57667,1,0.04375
57668,2,0.0375
57669,1,0.04375
57670,1,0.04375
57671,0,0.05
57672,2,0.0375
57673,1,0.04375
57674,1,0.04375
57675,0,0.05
57676,1,0.04375
57677,0,0.05
57678,0,0.05
57679,1,0.05625
57680,2,0.0375
57681,1,0.04375
57682,1,0.04375
57683,0,0.05
57684,1,0.04375
57685,0,0.05
57686,0,0.05
57687,1,0.05625
57688,1,0.04375
57689,0,0.05
57690,0,0.05
57691,1,0.05625
57692,0,0.05
57693,1,0.05625
57694,1,0.05625
57695,2,0.0625
57696,2,0.0375
57697,1,0.04375
57698,1,0.04375
57699,0,0.05
57700,1,0.04375
57701,0,0.05
57702,0,0.05
57703,1,0.05625
57704,1,0.04375
57705,0,0.05
57706,0,0.05
57707,1,0.05625
57708,0,0.05
57709,1,0.05625
57710,1,0.05625
57711,2,0.0625
57712,1,0.04375
57713,0,0.05
57714,0,0.05
57715,1,0.05625
57716,0,0.05
57717,1,0.05625
57718,1,0.05625
57719,2,0.0625
57720,0,0.05
57721,1,0.05625
57722,1,0.05625
57723,2,0.0625
57724,1,0.05625
57725,2,0.0625
57726,2,0.0625
57727,3,0.06875
57728,3,0.03125
57729,2,0.0375
57730,2,0.0375
57731,1,0.04375
57732,2,0.0375
57733,1,0.04375
57734,1,0.04375
57735,0,0.05
57736,2,0.0375
57737,1,0.04375
57738,1,0.04375
57739,0,0.05
57740,1,0.04375
57741,0,0.05
57742,0,0.05
57743,1,0.05625
57744,2,0.0375
57745,1,0.04375
57746,1,0.04375
57747,0,0.05
57748,1,0.04375
57749,0,0.05
57750,0,0.05
57751,1,0.05625
57752,1,0.04375
57753,0,0.05
57754,0,0.05
57755,1,0.05625
57756,0,0.05
57757,1,0.05625
57758,1,0.05625
57759,2,0.0625
57760,2,0.0375
57761,1,0.04375
57762,1,0.04375
57763,0,0.05
57764,1,0.04375
57765,0,0.05
57766,0,0.05
57767,1,0.05625
57768,1,0.04375
57769,0,0.05
57770,0,0.05
57771,1,0.05625
57772,0,0.05
57773,1,0.05625
57774,1,0.05625
57775,2,0.0625
57776,1,0.04375
57777,0,0.05
57778,0,0.05
57779,1,0.05625
57780,0,0.05
57781,1,0.05625
57782,1,0.05625
57783,2,0.0625
57784,0,0.05
57785,1,0.05625
57786,1,0.05625
57787,2,0.0625
57788,1,0.05625
57789,2,0.0625
57790,2,0.0625
57791,3,0.06875
57792,2,0.0375
57793,1,0.04375
57794,1,0.04375
57795,0,0.05
57796,1,0.04375
57797,0,0.05
57798,0,0.05
57799,1,0.05625
57800,1,0.04375
57801,0,0.05
57802,0,0.05
57803,1,0.05625
57804,0,0.05
57805,1,0.05625
57806,1,0.05625
57807,2,0.0625
57808,1,0.04375
57809,0,0.05
57810,0,0.05
57811,1,0.05625
57812,0,0.05
57813,1,0.05625
57814,1,0.05625
57815,2,0.0625
57816,0,0.05
57817,1,0.05625
57818,1,0.05625
57819,2,0.0625
57820,1,0.05625
57821,2,0.0625
57822,2,0.0625
57823,3,0.06875
57824,1,0.04375
57825,0,0.05
57826,0,0.05
57827,1,0.05625
57828,0,0.05
57829,1,0.05625
57830,1,0.05625
57831,2,0.0625
57832,0,0.05
57833,1,0.05625
57834,1,0.05625
57835,2,0.0625
57836,1,0.05625
57837,2,0.0625
57838,2,0.0625
57839,3,0.06875
57840,0,0.05
57841,1,0.05625
57842,1,0.05625
57843,2,0.0625
57844,1,0.05625
57845,2,0.0625
57846,2,0.0625
57847,3,0.06875
57848,1,0.05625
57849,2,0.0625
57850,2,0.0625
57851,3,0.06875
57852,2,0.0625
57853,3,0.06875
57854,3,0.06875
57855,4,0.075
57856,4,0.025
57857,3,0.03125
57858,3,0.03125
57859,2,0.0375
57860,3,0.03125
57861,2,0.0375
57862,2,0.0375
57863,1,0.04375
57864,3,0.03125
57865,2,0.0375
57866,2,0.0375
57867,1,0.04375
57868,2,0.0375
57869,1,0.04375
57870,1,0.04375
57871,0,0.05
57872,3,0.03125
57873,2,0.0375
57874,2,0.0375
57875,1,0.04375
57876,2,0.0375
57877,1,0.04375
57878,1,0.04375
57879,0,0.05
57880,2,0.0375
57881,1,0.04375
57882,1,0.04375
57883,0,0.05
57884,1,0.04375
57885,0,0.05
57886,0,0.05
57887,1,0.05625
57888,3,0.03125
57889,2,0.0375
57890,2,0.0375
57891,1,0.04375
57892,2,0.0375
57893,1,0.04375
57894,1,0.04375
57895,0,0.05
57896,2,0.0375
57897,1,0.04375
57898,1,0.04375
57899,0,0.05
57900,1,0.04375
57901,0,0.05
57902,0,0.05
57903,1,0.05625
57904,2,0.0375
57905,1,0.04375
57906,1,0.04375
57907,0,0.05
57908,1,0.04375
57909,0,0.05
57910,0,0.05
57911,1,0.05625
57912,1,0.04375
57913,0,0.05
57914,0,0.05
57915,1,0.05625
57916,0,0.05
57917,1,0.05625
57918,1,0.05625
57919,2,0.0625
57920,3,0.03125
57921,2,0.0375
57922,2,0.0375
57923,1,0.04375
57924,2,0.0375
57925,1,0.04375
57926,1,0.04375
57927,0,0.05
57928,2,0.0375
57929,1,0.04375
57930,1,0.04375
57931,0,0.05
57932,1,0.04375
57933,0,0.05
57934,0,0.05
57935,1,0.05625
57936,2,0.0375
57937,1,0.04375
57938,1,0.04375
57939,0,0.05
57940,1,0.04375
57941,0,0.05
57942,0,0.05
57943,1,0.05625
57944,1,0.04375
57945,0,0.05
57946,0,0.05
57947,1,0.05625
57948,0,0.05
57949,1,0.05625
57950,1,0.05625
57951,2,0.0625
57952,2,0.0375
57953,1,0.04375
57954,1,0.04375
57955,0,0.05
57956,1,0.04375
57957,0,0.05
57958,0,0.05
57959,1,0.05625
57960,1,0.04375
57961,0,0.05
57962,0,0.05
57963,1,0.05625
57964,0,0.05
57965,1,0.05625
57966,1,0.05625
57967,2,0.0625
57968,1,0.04375
57969,0,0.05
57970,0,0.05
57971,1,0.05625
57972,0,0.05
57973,1,0.05625
57974,1,0.05625
57975,2,0.0625
57976,0,0.05
57977,1,0.05625
57978,1,0.05625
57979,2,0.0625
57980,1,0.05625
57981,2,0.0625
57982,2,0.0625
57983,3,0.06875
57984,3,0.03125
57985,2,0.0375
57986,2,0.0375
57987,1,0.04375
57988,2,0.0375
57989,1,0.04375
57990,1,0.04375
57991,0,0.05
57992,2,0.0375
57993,1,0.04375
57994,1,0.04375
57995,0,0.05
57996,1,0.04375
57997,0,0.05
57998,0,0.05
57999,1,0.05625
58000,2,0.0375
58001,1,0.04375
58002,1,0.04375
58003,0,0.05
58004,1,0.04375
58005,0,0.05
58006,0,0.05
58007,1,0.05625
58008,1,0.04375
58009,0,0.05
58010,0,0.05
58011,1,0.05625
58012,0,0.05
58013,1,0.05625
58014,1,0.05625
58015,2,0.0625
58016,2,0.0375
58017,1,0.04375
58018,1,0.04375
58019,0,0.05
58020,1,0.04375
58021,0,0.05
58022,0,0.05
58023,1,0.05625
58024,1,0.04375
58025,0,0.05
58026,0,0.05
58027,1,0.05625
58028,0,0.05
58029,1,0.05625
58030,1,0.05625
58031,2,0.0625
58032,1,0.04375
58033,0,0.05
58034,0,0.05
58035,1,0.05625
58036,0,0.05
58037,1,0.05625
58038,1,0.05625
58039,2,0.0625
58040,0,0.05
58041,1,0.05625
58042,1,0.05625
58043,2,0.0625
58044,1,0.05625
58045,2,0.0625
58046,2,0.0625
58047,3,0.06875
58048,2,0.0375
58049,1,0.04375
58050,1,0.04375
58051,0,0.05
58052,1,0.04375
58053,0,0.05
58054,0,0.05
58055,1,0.05625
58056,1,0.04375
58057,0,0.05
58058,0,0.05
58059,1,0.05625
58060,0,0.05
58061,1,0.05625
58062,1,0.05625
58063,2,0.0625
58064,1,0.04375
58065,0,0.05
58066,0,0.05
58067,1,0.05625
58068,0,0.05
58069,1,0.05625
58070,1,0.05625
58071,2,0.0625
58072,0,0.05
58073,1,0.05625
58074,1,0.05625
58075,2,0.0625
58076,1,0.05625
58077,2,0.0625
58078,2,0.0625
58079,3,0.06875
58080,1,0.04375
58081,0,0.05
58082,0,0.05
58083,1,0.05625
58084,0,0.05
58085,1,0.05625
58086,1,0.05625
58087,2,0.0625
58088,0,0.05
58089,1,0.05625
58090,1,0.05625
58091,2,0.0625
58092,1,0.05625
58093,2,0.0625
58094,2,0.0625
58095,3,0.06875
58096,0,0.05
58097,1,0.05625
58098,1,0.05625
58099,2,0.0625
58100,1,0.05625
58101,2,0.0625
58102,2,0.0625
58103,3,0.06875
58104,1,0.05625
58105,2,0.0625
58106,2,0.0625
58107,3,0.06875
58108,2,0.0625
58109,3,0.06875
58110,3,0.06875
58111,4,0.075
58112,3,0.03125
58113,2,0.0375
58114,2,0.0375
58115,1,0.04375
58116,2,0.0375
58117,1,0.04375
58118,1,0.04375
58119,0,0.05
58120,2,0.0375
58121,1,0.04375
58122,1,0.04375
58123,0,0.05
58124,1,0.04375
58125,0,0.05
58126,0,0.05
58127,1,0.05625
58128,2,0.0375
58129,1,0.04375
58130,1,0.04375
58131,0,0.05
58132,1,0.04375
58133,0,0.05
58134,0,0.05
58135,1,0.05625
58136,1,0.04375
58137,0,0.05
58138,0,0.05
58139,1,0.05625
58140,0,0.05
58141,1,0.05625
58142,1,0.05625
58143,2,0.0625
58144,2,0.0375
58145,1,0.04375
58146,1,0.04375
58147,0,0.05
58148,1,0.04375
58149,0,0.05
58150,0,0.05
58151,1,0.05625
58152,1,0.04375
58153,0,0.05
58154,0,0.05
58155,1,0.05625
58156,0,0.05
58157,1,0.05625
58158,1,0.05625
58159,2,0.0625
58160,1,0.04375
58161,0,0.05
58162,0,0.05
58163,1,0.05625
58164,0,0.05
58165,1,0.05625
58166,1,0.05625
58167,2,0.0625
58168,0,0.05
58169,1,0.05625
58170,1,0.05625
58171,2,0.0625
58172,1,0.05625
58173,2,0.0625
58174,2,0.0625
58175,3,0.06875
58176,2,0.0375
58177,1,0.04375
58178,1,0.04375
58179,0,0.05
58180,1,0.04375
58181,0,0.05
58182,0,0.05
58183,1,0.05625
58184,1,0.04375
58185,0,0.05
58186,0,0.05
58187,1,0.05625
58188,0,0.05
58189,1,0.05625
58190,1,0.05625
58191,2,0.0625
58192,1,0.04375
58193,0,0.05
58194,0,0.05
58195,1,0.05625
58196,0,0.05
58197,1,0.05625
58198,1,0.05625
58199,2,0.0625
58200,0,0.05
58201,1,0.05625
58202,1,0.05625
58203,2,0.0625
58204,1,0.05625
58205,2,0.0625
58206,2,0.0625
58207,3,0.06875
58208,1,0.04375
58209,0,0.05
58210,0,0.05
58211,1,0.05625
58212,0,0.05
58213,1,0.05625
58214,1,0.05625
58215,2,0.0625
58216,0,0.05
58217,1,0.05625
58218,1,0.05625
58219,2,0.0625
58220,1,0.05625
58221,2,0.0625
58222,2,0.0625
58223,3,0.06875
58224,0,0.05
58225,1,0.05625
58226,1,0.05625
58227,2,0.0625
58228,1,0.05625
58229,2,0.0625
58230,2,0.0625
58231,3,0.06875
58232,1,0.05625
58233,2,0.0625
58234,2,0.0625
58235,3,0.06875
58236,2,0.0625
58237,3,0.06875
58238,3,0.06875
58239,4,0.075
58240,2,0.0375
58241,1,0.04375
58242,1,0.04375
58243,0,0.05
58244,1,0.04375
58245,0,0.05
58246,0,0.05
58247,1,0.05625
58248,1,0.04375
58249,0,0.05
58250,0,0.05
58251,1,0.05625
58252,0,0.05
58253,1,0.05625
58254,1,0.05625
58255,2,0.0625
58256,1,0.04375
58257,0,0.05
58258,0,0.05
58259,1,0.05625
58260,0,0.05
58261,1,0.05625
58262,1,0.05625
58263,2,0.0625
58264,0,0.05
58265,1,0.05625
58266,1,0.05625
58267,2,0.0625
58268,1,0.05625
58269,2,0.0625
58270,2,0.0625
58271,3,0.06875
58272,1,0.04375
58273,0,0.05
58274,0,0.05
58275,1,0.05625
58276,0,0.05
58277,1,0.05625
58278,1,0.05625
58279,2,0.0625
58280,0,0.05
58281,1,0.05625
58282,1,0.05625
58283,2,0.0625
58284,1,0.05625
58285,2,0.0625
58286,2,0.0625
58287,3,0.06875
58288,0,0.05
58289,1,0.05625
58290,1,0.05625
58291,2,0.0625
58292,1,0.05625
58293,2,0.0625
58294,2,0.0625
58295,3,0.06875
58296,1,0.05625
58297,2,0.0625
58298,2,0.0625
58299,3,0.06875
58300,2,0.0625
58301,3,0.06875
58302,3,0.06875
58303,4,0.075
58304,1,0.04375
58305,0,0.05
58306,0,0.05
58307,1,0.05625
58308,0,0.05
58309,1,0.05625
58310,1,0.05625
58311,2,0.0625
58312,0,0.05
58313,1,0.05625
58314,1,0.05625
58315,2,0.0625
58316,1,0.05625
58317,2,0.0625
58318,2,0.0625
58319,3,0.06875
58320,0,0.05
58321,1,0.05625
58322,1,0.05625
58323,2,0.0625
58324,1,0.05625
58325,2,0.0625
58326,2,0.0625
58327,3,0.06875
58328,1,0.05625
58329,2,0.0625
58330,2,0.0625
58331,3,0.06875
58332,2,0.0625
58333,3,0.06875
58334,3,0.06875
58335,4,0.075
58336,0,0.05
58337,1,0.05625
58338,1,0.05625
58339,2,0.0625
58340,1,0.05625
58341,2,0.0625
58342,2,0.0625
58343,3,0.06875
58344,1,0.05625
58345,2,0.0625
58346,2,0.0625
58347,3,0.06875
58348,2,0.0625
58349,3,0.06875
58350,3,0.06875
58351,4,0.075
58352,1,0.05625
58353,2,0.0625
58354,2,0.0625
58355,3,0.06875
58356,2,0.0625
58357,3,0.06875
58358,3,0.06875
58359,4,0.075
58360,2,0.0625
58361,3,0.06875
58362,3,0.06875
58363,4,0.075
58364,3,0.06875
58365,4,0.075
58366,4,0.075
58367,3,0.08125
58368,4,0.025
58369,3,0.03125
58370,3,0.03125
58371,2,0.0375
58372,3,0.03125
58373,2,0.0375
58374,2,0.0375
58375,1,0.04375
58376,3,0.03125
58377,2,0.0375
58378,2,0.0375
58379,1,0.04375
58380,2,0.0375
58381,1,0.04375
58382,1,0.04375
58383,0,0.05
58384,3,0.03125
58385,2,0.0375
58386,2,0.0375
58387,1,0.04375
58388,2,0.0375
58389,1,0.04375
58390,1,0.04375
58391,0,0.05
58392,2,0.0375
58393,1,0.04375
58394,1,0.04375
58395,0,0.05
58396,1,0.04375
58397,0,0.05
58398,0,0.05
58399,1,0.05625
58400,3,0.03125
58401,2,0.0375
58402,2,0.0375
58403,1,0.04375
58404,2,0.0375
58405,1,0.04375
58406,1,0.04375
58407,0,0.05
58408,2,0.0375
58409,1,0.04375
58410,1,0.04375
58411,0,0.05
58412,1,0.04375
58413,0,0.05
58414,0,0.05
58415,1,0.05625
58416,2,0.0375
58417,1,0.04375
58418,1,0.04375
58419,0,0.05
58420,1,0.04375
58421,0,0.05
58422,0,0.05
58423,1,0.05625
58424,1,0.04375
58425,0,0.05
58426,0,0.05
58427,1,0.05625
58428,0,0.05
58429,1,0.05625
58430,1,0.05625
58431,2,0.0625
58432,3,0.03125
58433,2,0.0375
58434,2,0.0375
58435,1,0.04375
58436,2,0.0375
58437,1,0.04375
58438,1,0.04375
58439,0,0.05
58440,2,0.0375
58441,1,0.04375
58442,1,0.04375
58443,0,0.05
58444,1,0.04375
58445,0,0.05
58446,0,0.05
58447,1,0.05625
58448,2,0.0375
58449,1,0.04375
58450,1,0.04375
58451,0,0.05
58452,1,0.04375
58453,0,0.05
58454,0,0.05
58455,1,0.05625
58456,1,0.04375
58457,0,0.05
58458,0,0.05
58459,1,0.05625
58460,0,0.05
58461,1,0.05625
58462,1,0.05625
58463,2,0.0625
58464,2,0.0375
58465,1,0.04375
58466,1,0.04375
58467,0,0.05
58468,1,0.04375
58469,0,0.05
58470,0,0.05
58471,1,0.05625
58472,1,0.04375
58473,0,0.05
58474,0,0.05
58475,1,0.05625
58476,0,0.05
58477,1,0.05625
58478,1,0.05625
58479,2,0.0625
58480,1,0.04375
58481,0,0.05
58482,0,0.05
58483,1,0.05625
58484,0,0.05
58485,1,0.05625
58486,1,0.05625
58487,2,0.0625
58488,0,0.05
58489,1,0.05625
58490,1,0.05625
58491,2,0.0625
58492,1,0.05625
58493,2,0.0625
58494,2,0.0625
58495,3,0.06875
58496,3,0.03125
58497,2,0.0375
58498,2,0.0375
58499,1,0.04375
58500,2,0.0375
58501,1,0.04375
58502,1,0.04375
58503,0,0.05
58504,2,0.0375
58505,1,0.04375
58506,1,0.04375
58507,0,0.05
58508,1,0.04375
58509,0,0.05
58510,0,0.05
58511,1,0.05625
58512,2,0.0375
58513,1,0.04375
58514,1,0.04375
58515,0,0.05
58516,1,0.04375
58517,0,0.05
58518,0,0.05
58519,1,0.05625
58520,1,0.04375
58521,0,0.05
58522,0,0.05
58523,1,0.05625
58524,0,0.05
58525,1,0.05625
58526,1,0.05625
58527,2,0.0625
58528,2,0.0375
58529,1,0.04375
58530,1,0.04375
58531,0,0.05
58532,1,0.04375
58533,0,0.05
58534,0,0.05
58535,1,0.05625
58536,1,0.04375
58537,0,0.05
58538,0,0.05
58539,1,0.05625
58540,0,0.05
58541,1,0.05625
58542,1,0.05625
58543,2,0.0625
58544,1,0.04375
58545,0,0.05
58546,0,0.05
58547,1,0.05625
58548,0,0.05
58549,1,0.05625
58550,1,0.05625
58551,2,0.0625
58552,0,0.05
58553,1,0.05625
58554,1,0.05625
58555,2,0.0625
58556,1,0.05625
58557,2,0.0625
58558,2,0.0625
58559,3,0.06875
58560,2,0.0375
58561,1,0.04375
58562,1,0.04375
58563,0,0.05
58564,1,0.04375
58565,0,0.05
58566,0,0.05
58567,1,0.05625
58568,1,0.04375
58569,0,0.05
58570,0,0.05
58571,1,0.05625
58572,0,0.05
58573,1,0.05625
58574,1,0.05625
58575,2,0.0625
58576,1,0.04375
58577,0,0.05
58578,0,0.05
58579,1,0.05625
58580,0,0.05
58581,1,0.05625
58582,1,0.05625
58583,2,0.0625
58584,0,0.05
58585,1,0.05625
58586,1,0.05625
58587,2,0.0625
58588,1,0.05625
58589,2,0.0625
58590,2,0.0625
58591,3,0.06875
58592,1,0.04375
58593,0,0.05
58594,0,0.05
58595,1,0.05625
58596,0,0.05
58597,1,0.05625
58598,1,0.05625
58599,2,0.0625
58600,0,0.05
58601,1,0.05625
58602,1,0.05625
58603,2,0.0625
58604,1,0.05625
58605,2,0.0625
58606,2,0.0625
58607,3,0.06875
58608,0,0.05
58609,1,0.05625
58610,1,0.05625
58611,2,0.0625
58612,1,0.05625
58613,2,0.0625
58614,2,0.0625
58615,3,0.06875
58616,1,0.05625
58617,2,0.0625
58618,2,0.0625
58619,3,0.06875
58620,2,0.0625
58621,3,0.06875
58622,3,0.06875
58623,4,0.075
58624,3,0.03125
58625,2,0.0375
58626,2,0.0375
58627,1,0.04375
58628,2,0.0375
58629,1,0.04375
58630,1,0.04375
58631,0,0.05
58632,2,0.0375
58633,1,0.04375
58634,1,0.04375
58635,0,0.05
58636,1,0.04375
58637,0,0.05
58638,0,0.05
58639,1,0.05625
58640,2,0.0375
58641,1,0.04375
58642,1,0.04375
58643,0,0.05
58644,1,0.04375
58645,0,0.05
58646,0,0.05
58647,1,0.05625
58648,1,0.04375
58649,0,0.05
58650,0,0.05
58651,1,0.05625
58652,0,0.05
58653,1,0.05625
58654,1,0.05625
58655,2,0.0625
58656,2,0.0375
58657,1,0.04375
58658,1,0.04375
58659,0,0.05
58660,1,0.04375
58661,0,0.05
58662,0,0.05
58663,1,0.05625
58664,1,0.04375
58665,0,0.05
58666,0,0.05
58667,1,0.05625
58668,0,0.05
58669,1,0.05625
58670,1,0.05625
58671,2,0.0625
58672,1,0.04375
58673,0,0.05
58674,0,0.05
58675,1,0.05625
58676,0,0.05
58677,1,0.05625
58678,1,0.05625
58679,2,0.0625
58680,0,0.05
58681,1,0.05625
58682,1,0.05625
58683,2,0.0625
58684,1,0.05625
58685,2,0.0625
58686,2,0.0625
58687,3,0.06875
58688,2,0.0375
58689,1,0.04375
58690,1,0.04375
58691,0,0.05
58692,1,0.04375
58693,0,0.05
58694,0,0.05
58695,1,0.05625
58696,1,0.04375
58697,0,0.05
58698,0,0.05
58699,1,0.05625
58700,0,0.05
58701,1,0.05625
58702,1,0.05625
58703,2,0.0625
58704,1,0.04375
58705,0,0.05
58706,0,0.05
58707,1,0.05625
58708,0,0.05
58709,1,0.05625
58710,1,0.05625
58711,2,0.0625
58712,0,0.05
58713,1,0.05625
58714,1,0.05625
58715,2,0.0625
58716,1,0.05625
58717,2,0.0625
58718,2,0.0625
58719,3,0.06875
58720,1,0.04375
58721,0,0.05
58722,0,0.05
58723,1,0.05625
58724,0,0.05
58725,1,0.05625
58726,1,0.05625
58727,2,0.0625
58728,0,0.05
58729,1,0.05625
58730,1,0.05625
58731,2,0.0625
58732,1,0.05625
58733,2,0.0625
58734,2,0.0625
58735,3,0.06875
58736,0,0.05
58737,1,0.05625
58738,1,0.05625
58739,2,0.0625
58740,1,0.05625
58741,2,0.0625
58742,2,0.0625
58743,3,0.06875
58744,1,0.05625
58745,2,0.0625
58746,2,0.0625
58747,3,0.06875
58748,2,0.0625
58749,3,0.06875
58750,3,0.06875
58751,4,0.075
58752,2,0.0375
58753,1,0.04375
58754,1,0.04375
58755,0,0.05
58756,1,0.04375
58757,0,0.05
58758,0,0.05
58759,1,0.05625
58760,1,0.04375
58761,0,0.05
58762,0,0.05
58763,1,0.05625
58764,0,0.05
58765,1,0.05625
58766,1,0.05625
58767,2,0.0625
58768,1,0.04375
58769,0,0.05
58770,0,0.05
58771,1,0.05625
58772,0,0.05
58773,1,0.05625
58774,1,0.05625
58775,2,0.0625
58776,0,0.05
58777,1,0.05625
58778,1,0.05625
58779,2,0.0625
58780,1,0.05625
58781,2,0.0625
58782,2,0.0625
58783,3,0.06875
58784,1,0.04375
58785,0,0.05
58786,0,0.05
58787,1,0.05625
58788,0,0.05
58789,1,0.05625
58790,1,0.05625
58791,2,0.0625
58792,0,0.05
58793,1,0.05625
58794,1,0.05625
58795,2,0.0625
58796,1,0.05625
58797,2,0.0625
58798,2,0.0625
58799,3,0.06875
58800,0,0.05
58801,1,0.05625
58802,1,0.05625
58803,2,0.0625
58804,1,0.05625
58805,2,0.0625
58806,2,0.0625
58807,3,0.06875
58808,1,0.05625
58809,2,0.0625
58810,2,0.0625
58811,3,0.06875
58812,2,0.0625
58813,3,0.06875
58814,3,0.06875
58815,4,0.075
58816,1,0.04375
58817,0,0.05
58818,0,0.05
58819,1,0.05625
58820,0,0.05
58821,1,0.05625
58822,1,0.05625
58823,2,0.0625
58824,0,0.05
58825,1,0.05625
58826,1,0.05625
58827,2,0.0625
58828,1,0.05625
58829,2,0.0625
58830,2,0.0625
58831,3,0.06875
58832,0,0.05
58833,1,0.05625
58834,1,0.05625
58835,2,0.0625
58836,1,0.05625
58837,2,0.0625
58838,2,0.0625
58839,3,0.06875
58840,1,0.05625
58841,2,0.0625
58842,2,0.0625
58843,3,0.06875
58844,2,0.0625
58845,3,0.06875
58846,3,0.06875
58847,4,0.075
58848,0,0.05
58849,1,0.05625
58850,1,0.05625
58851,2,0.0625
58852,1,0.05625
58853,2,0.0625
58854,2,0.0625
58855,3,0.06875
58856,1,0.05625
58857,2,0.0625
58858,2,0.0625
58859,3,0.06875
58860,2,0.0625
58861,3,0.06875
58862,3,0.06875
58863,4,0.075
58864,1,0.05625
58865,2,0.0625
58866,2,0.0625
58867,3,0.06875
58868,2,0.0625
58869,3,0.06875
58870,3,0.06875
58871,4,0.075
58872,2,0.0625
58873,3,0.06875
58874,3,0.06875
58875,4,0.075
58876,3,0.06875
58877,4,0.075
58878,4,0.075
58879,3,0.08125
58880,3,0.03125
58881,2,0.0375
58882,2,0.0375
58883,1,0.04375
58884,2,0.0375
58885,1,0.04375
58886,1,0.04375
58887,0,0.05
58888,2,0.0375
58889,1,0.04375
58890,1,0.04375
58891,0,0.05
58892,1,0.04375
58893,0,0.05
58894,0,0.05
58895,1,0.05625
58896,2,0.0375
58897,1,0.04375
58898,1,0.04375
58899,0,0.05
58900,1,0.04375
58901,0,0.05
58902,0,0.05
58903,1,0.05625
58904,1,0.04375
58905,0,0.05
58906,0,0.05
58907,1,0.05625
58908,0,0.05
58909,1,0.05625
58910,1,0.05625
58911,2,0.0625
58912,2,0.0375
58913,1,0.04375
58914,1,0.04375
58915,0,0.05
58916,1,0.04375
58917,0,0.05
58918,0,0.05
58919,1,0.05625
58920,1,0.04375
58921,0,0.05
58922,0,0.05
58923,1,0.05625
58924,0,0.05
58925,1,0.05625
58926,1,0.05625
58927,2,0.0625
58928,1,0.04375
58929,0,0.05
58930,0,0.05
58931,1,0.05625
58932,0,0.05
58933,1,0.05625
58934,1,0.05625
58935,2,0.0625
58936,0,0.05
58937,1,0.05625
58938,1,0.05625
58939,2,0.0625
58940,1,0.05625
58941,2,0.0625
58942,2,0.0625
58943,3,0.06875
58944,2,0.0375
58945,1,0.04375
58946,1,0.04375
58947,0,0.05
58948,1,0.04375
58949,0,0.05
58950,0,0.05
58951,1,0.05625
58952,1,0.04375
58953,0,0.05
58954,0,0.05
58955,1,0.05625
58956,0,0.05
58957,1,0.05625
58958,1,0.05625
58959,2,0.0625
58960,1,0.04375
58961,0,0.05
58962,0,0.05
58963,1,0.05625
58964,0,0.05
58965,1,0.05625
58966,1,0.05625
58967,2,0.0625
58968,0,0.05
58969,1,0.05625
58970,1,0.05625
58971,2,0.0625
58972,1,0.05625
58973,2,0.0625
58974,2,0.0625
58975,3,0.06875
58976,1,0.04375
58977,0,0.05
58978,0,0.05
58979,1,0.05625
58980,0,0.05
58981,1,0.05625
58982,1,0.05625
58983,2,0.0625
58984,0,0.05
58985,1,0.05625
58986,1,0.05625
58987,2,0.0625
58988,1,0.05625
58989,2,0.0625
58990,2,0.0625
58991,3,0.06875
58992,0,0.05
58993,1,0.05625
58994,1,0.05625
58995,2,0.0625
58996,1,0.05625
58997,2,0.0625
58998,2,0.0625
58999,3,0.06875
59000,1,0.05625
59001,2,0.0625
59002,2,0.0625
59003,3,0.06875
59004,2,0.0625
59005,3,0.06875
59006,3,0.06875
59007,4,0.075
59008,2,0.0375
59009,1,0.04375
59010,1,0.04375
59011,0,0.05
59012,1,0.04375
59013,0,0.05
59014,0,0.05
59015,1,0.05625
59016,1,0.04375
59017,0,0.05
59018,0,0.05
59019,1,0.05625
59020,0,0.05
59021,1,0.05625
59022,1,0.05625
59023,2,0.0625
59024,1,0.04375
59025,0,0.05
59026,0,0.05
59027,1,0.05625
59028,0,0.05
59029,1,0.05625
59030,1,0.05625
59031,2,0.0625
59032,0,0.05
59033,1,0.05625
59034,1,0.05625
59035,2,0.0625
59036,1,0.05625
59037,2,0.0625
59038,2,0.0625
59039,3,0.06875
59040,1,0.04375
59041,0,0.05
59042,0,0.05
59043,1,0.05625
59044,0,0.05
59045,1,0.05625
59046,1,0.05625
59047,2,0.0625
59048,0,0.05
59049,1,0.05625
59050,1,0.05625
59051,2,0.0625
59052,1,0.05625
59053,2,0.0625
59054,2,0.0625
59055,3,0.06875
59056,0,0.05
59057,1,0.05625
59058,1,0.05625
59059,2,0.0625
59060,1,0.05625
59061,2,0.0625
59062,2,0.0625
59063,3,0.06875
59064,1,0.05625
59065,2,0.0625
59066,2,0.0625
59067,3,0.06875
59068,2,0.0625
59069,3,0.06875
59070,3,0.06875
59071,4,0.075
59072,1,0.04375
59073,0,0.05
59074,0,0.05
59075,1,0.05625
59076,0,0.05
59077,1,0.05625
59078,1,0.05625
59079,2,0.0625
59080,0,0.05
59081,1,0.05625
59082,1,0.05625
59083,2,0.0625
59084,1,0.05625
59085,2,0.0625
59086,2,0.0625
59087,3,0.06875
59088,0,0.05
59089,1,0.05625
59090,1,0.05625
59091,2,0.0625
59092,1,0.05625
59093,2,0.0625
59094,2,0.0625
59095,3,0.06875
59096,1,0.05625
59097,2,0.0625
59098,2,0.0625
59099,3,0.06875
59100,2,0.0625
59101,3,0.06875
59102,3,0.06875
59103,4,0.075
59104,0,0.05
59105,1,0.05625
59106,1,0.05625
59107,2,0.0625
59108,1,0.05625
59109,2,0.0625
59110,2,0.0625
59111,3,0.06875
59112,1,0.05625
59113,2,0.0625
59114,2,0.0625
59115,3,0.06875
59116,2,0.0625
59117,3,0.06875
59118,3,0.06875
59119,4,0.075
59120,1,0.05625
59121,2,0.0625
59122,2,0.0625
59123,3,0.06875
59124,2,0.0625
59125,3,0.06875
59126,3,0.06875
59127,4,0.075
59128,2,0.0625
59129,3,0.06875
59130,3,0.06875
59131,4,0.075
59132,3,0.06875
59133,4,0.075
59134,4,0.075
59135,3,0.08125
59136,2,0.0375
59137,1,0.04375
59138,1,0.04375
59139,0,0.05
59140,1,0.04375
59141,0,0.05
59142,0,0.05
59143,1,0.05625
59144,1,0.04375
59145,0,0.05
59146,0,0.05
59147,1,0.05625
59148,0,0.05
59149,1,0.05625
59150,1,0.05625
59151,2,0.0625
59152,1,0.04375
59153,0,0.05
59154,0,0.05
59155,1,0.05625
59156,0,0.05
59157,1,0.05625
59158,1,0.05625
59159,2,0.0625
59160,0,0.05
59161,1,0.05625
59162,1,0.05625
59163,2,0.0625
59164,1,0.05625
59165,2,0.0625
59166,2,0.0625
59167,3,0.06875
59168,1,0.04375
59169,0,0.05
59170,0,0.05
59171,1,0.05625
59172,0,0.05
59173,1,0.05625
59174,1,0.05625
59175,2,0.0625
59176,0,0.05
59177,1,0.05625
59178,1,0.05625
59179,2,0.0625
59180,1,0.05625
59181,2,0.0625
59182,2,0.0625
59183,3,0.06875
59184,0,0.05
59185,1,0.05625
59186,1,0.05625
59187,2,0.0625
59188,1,0.05625
59189,2,0.0625
59190,2,0.0625
59191,3,0.06875
59192,1,0.05625
59193,2,0.0625
59194,2,0.0625
59195,3,0.06875
59196,2,0.0625
59197,3,0.06875
59198,3,0.06875
59199,4,0.075
59200,1,0.04375
59201,0,0.05
59202,0,0.05
59203,1,0.05625
59204,0,0.05
59205,1,0.05625
59206,1,0.05625
59207,2,0.0625
59208,0,0.05
59209,1,0.05625
59210,1,0.05625
59211,2,0.0625
59212,1,0.05625
59213,2,0.0625
59214,2,0.0625
59215,3,0.06875
59216,0,0.05
59217,1,0.05625
59218,1,0.05625
59219,2,0.0625
59220,1,0.05625
59221,2,0.0625
59222,2,0.0625
59223,3,0.06875
59224,1,0.05625
59225,2,0.0625
59226,2,0.0625
59227,3,0.06875
59228,2,0.0625
59229,3,0.06875
59230,3,0.06875
59231,4,0.075
59232,0,0.05
59233,1,0.05625
59234,1,0.05625
59235,2,0.0625
59236,1,0.05625
59237,2,0.0625
59238,2,0.0625
59239,3,0.06875
59240,1,0.05625
59241,2,0.0625
59242,2,0.0625
59243,3,0.06875
59244,2,0.0625
59245,3,0.06875
59246,3,0.06875
59247,4,0.075
59248,1,0.05625
59249,2,0.0625
59250,2,0.0625
59251,3,0.06875
59252,2,0.0625
59253,3,0.06875
59254,3,0.06875
59255,4,0.075
59256,2,0.0625
59257,3,0.06875
59258,3,0.06875
59259,4,0.075
59260,3,0.06875
59261,4,0.075
59262,4,0.075
59263,3,0.08125
59264,1,0.04375
59265,0,0.05
59266,0,0.05
59267,1,0.05625
59268,0,0.05
59269,1,0.05625
59270,1,0.05625
59271,2,0.0625
59272,0,0.05
59273,1,0.05625
59274,1,0.05625
59275,2,0.0625
59276,1,0.05625
59277,2,0.0625
59278,2,0.0625
59279,3,0.06875
59280,0,0.05
59281,1,0.05625
59282,1,0.05625
59283,2,0.0625
59284,1,0.05625
59285,2,0.0625
59286,2,0.0625
59287,3,0.06875
59288,1,0.05625
59289,2,0.0625
59290,2,0.0625
59291,3,0.06875
59292,2,0.0625
59293,3,0.06875
59294,3,0.06875
59295,4,0.075
59296,0,0.05
59297,1,0.05625
59298,1,0.05625
59299,2,0.0625
59300,1,0.05625
59301,2,0.0625
59302,2,0.0625
59303,3,0.06875
59304,1,0.05625
59305,2,0.0625
59306,2,0.0625
59307,3,0.06875
59308,2,0.0625
59309,3,0.06875
59310,3,0.06875
59311,4,0.075
59312,1,0.05625
59313,2,0.0625
59314,2,0.0625
59315,3,0.06875
59316,2,0.0625
59317,3,0.06875
59318,3,0.06875
59319,4,0.075
59320,2,0.0625
59321,3,0.06875
59322,3,0.06875
59323,4,0.075
59324,3,0.06875
59325,4,0.075
59326,4,0.075
59327,3,0.08125
59328,0,0.05
59329,1,0.05625
59330,1,0.05625
59331,2,0.0625
59332,1,0.05625
59333,2,0.0625
59334,2,0.0625
59335,3,0.06875
59336,1,0.05625
59337,2,0.0625
59338,2,0.0625
59339,3,0.06875
59340,2,0.0625
59341,3,0.06875
59342,3,0.06875
59343,4,0.075
59344,1,0.05625
59345,2,0.0625
59346,2,0.0625
59347,3,0.06875
59348,2,0.0625
59349,3,0.06875
59350,3,0.06875
59351,4,0.075
59352,2,0.0625
59353,3,0.06875
59354,3,0.06875
59355,4,0.075
59356,3,0.06875
59357,4,0.075
59358,4,0.075
59359,3,0.08125
59360,1,0.05625
59361,2,0.0625
59362,2,0.0625
59363,3,0.06875
59364,2,0.0625
59365,3,0.06875
59366,3,0.06875
59367,4,0.075
59368,2,0.0625
59369,3,0.06875
59370,3,0.06875
59371,4,0.075
59372,3,0.06875
59373,4,0.075
59374,4,0.075
59375,3,0.08125
59376,2,0.0625
59377,3,0.06875
59378,3,0.06875
59379,4,0.075
59380,3,0.06875
59381,4,0.075
59382,4,0.075
59383,3,0.08125
59384,3,0.06875
59385,4,0.075
59386,4,0.075
59387,3,0.08125
59388,4,0.075
59389,3,0.08125
59390,3,0.08125
59391,2,0.0875
59392,4,0.025
59393,3,0.03125
59394,3,0.03125
59395,2,0.0375
59396,3,0.03125
59397,2,0.0375
59398,2,0.0375
59399,1,0.04375
59400,3,0.03125
59401,2,0.0375
59402,2,0.0375
59403,1,0.04375
59404,2,0.0375
59405,1,0.04375
59406,1,0.04375
59407,0,0.05
59408,3,0.03125
59409,2,0.0375
59410,2,0.0375
59411,1,0.04375
59412,2,0.0375
59413,1,0.04375
59414,1,0.04375
59415,0,0.05
59416,2,0.0375
59417,1,0.04375
59418,1,0.04375
59419,0,0.05
59420,1,0.04375
59421,0,0.05
59422,0,0.05
59423,1,0.05625
59424,3,0.03125
59425,2,0.0375
59426,2,0.0375
59427,1,0.04375
59428,2,0.0375
59429,1,0.04375
59430,1,0.04375
59431,0,0.05
59432,2,0.0375
59433,1,0.04375
59434,1,0.04375
59435,0,0.05
59436,1,0.04375
59437,0,0.05
59438,0,0.05
59439,1,0.05625
59440,2,0.0375
59441,1,0.04375
59442,1,0.04375
59443,0,0.05
59444,1,0.04375
59445,0,0.05
59446,0,0.05
59447,1,0.05625
59448,1,0.04375
59449,0,0.05
59450,0,0.05
59451,1,0.05625
59452,0,0.05
59453,1,0.05625
59454,1,0.05625
59455,2,0.0625
59456,3,0.03125
59457,2,0.0375
59458,2,0.0375
59459,1,0.04375
59460,2,0.0375
59461,1,0.04375
59462,1,0.04375
59463,0,0.05
59464,2,0.0375
59465,1,0.04375
59466,1,0.04375
59467,0,0.05
59468,1,0.04375
59469,0,0.05
59470,0,0.05
59471,1,0.05625
59472,2,0.0375
59473,1,0.04375
59474,1,0.04375
59475,0,0.05
59476,1,0.04375
59477,0,0.05
59478,0,0.05
59479,1,0.05625
59480,1,0.04375
59481,0,0.05
59482,0,0.05
59483,1,0.05625
59484,0,0.05
59485,1,0.05625
59486,1,0.05625
59487,2,0.0625
59488,2,0.0375
59489,1,0.04375
59490,1,0.04375
59491,0,0.05
59492,1,0.04375
59493,0,0.05
59494,0,0.05
59495,1,0.05625
59496,1,0.04375
59497,0,0.05
59498,0,0.05
59499,1,0.05625
59500,0,0.05
59501,1,0.05625
59502,1,0.05625
59503,2,0.0625
59504,1,0.04375
59505,0,0.05
59506,0,0.05
59507,1,0.05625
59508,0,0.05
59509,1,0.05625
59510,1,0.05625
59511,2,0.0625
59512,0,0.05
59513,1,0.05625
59514,1,0.05625
59515,2,0.0625
59516,1,0.05625
59517,2,0.0625
59518,2,0.0625
59519,3,0.06875
59520,3,0.03125
59521,2,0.0375
59522,2,0.0375
59523,1,0.04375
59524,2,0.0375
59525,1,0.04375
59526,1,0.04375
59527,0,0.05
59528,2,0.0375
59529,1,0.04375
59530,1,0.04375
59531,0,0.05
59532,1,0.04375
59533,0,0.05
59534,0,0.05
59535,1,0.05625
59536,2,0.0375
59537,1,0.04375
59538,1,0.04375
59539,0,0.05
59540,1,0.04375
59541,0,0.05
59542,0,0.05
59543,1,0.05625
59544,1,0.04375
59545,0,0.05
59546,0,0.05
59547,1,0.05625
59548,0,0.05
59549,1,0.05625
59550,1,0.05625
59551,2,0.0625
59552,2,0.0375
59553,1,0.04375
59554,1,0.04375
59555,0,0.05
59556,1,0.04375
59557,0,0.05
59558,0,0.05
59559,1,0.05625
59560,1,0.04375
59561,0,0.05
59562,0,0.05
59563,1,0.05625
59564,0,0.05
59565,1,0.05625
59566,1,0.05625
59567,2,0.0625
59568,1,0.04375
59569,0,0.05
59570,0,0.05
59571,1,0.05625
59572,0,0.05
59573,1,0.05625
59574,1,0.05625
59575,2,0.0625
59576,0,0.05
59577,1,0.05625
59578,1,0.05625
59579,2,0.0625
59580,1,0.05625
59581,2,0.0625
59582,2,0.0625
59583,3,0.06875
59584,2,0.0375
59585,1,0.04375
59586,1,0.04375
59587,0,0.05
59588,1,0.04375
59589,0,0.05
59590,0,0.05
59591,1,0.05625
59592,1,0.04375
59593,0,0.05
59594,0,0.05
59595,1,0.05625
59596,0,0.05
59597,1,0.05625
59598,1,0.05625
59599,2,0.0625
59600,1,0.04375
59601,0,0.05
59602,0,0.05
59603,1,0.05625
59604,0,0.05
59605,1,0.05625
59606,1,0.05625
59607,2,0.0625
59608,0,0.05
59609,1,0.05625
59610,1,0.05625
59611,2,0.0625
59612,1,0.05625
59613,2,0.0625
59614,2,0.0625
59615,3,0.06875
59616,1,0.04375
59617,0,0.05
59618,0,0.05
59619,1,0.05625
59620,0,0.05
59621,1,0.05625
59622,1,0.05625
59623,2,0.0625
59624,0,0.05
59625,1,0.05625
59626,1,0.05625
59627,2,0.0625
59628,1,0.05625
59629,2,0.0625
59630,2,0.0625
59631,3,0.06875
59632,0,0.05
59633,1,0.05625
59634,1,0.05625
59635,2,0.0625
59636,1,0.05625
59637,2,0.0625
59638,2,0.0625
59639,3,0.06875
59640,1,0.05625
59641,2,0.0625
59642,2,0.0625
59643,3,0.06875
59644,2,0.0625
59645,3,0.06875
59646,3,0.06875
59647,4,0.075
59648,3,0.03125
59649,2,0.0375
59650,2,0.0375
59651,1,0.04375
59652,2,0.0375
59653,1,0.04375
59654,1,0.04375
59655,0,0.05
59656,2,0.0375
59657,1,0.04375
59658,1,0.04375
59659,0,0.05
59660,1,0.04375
59661,0,0.05
59662,0,0.05
59663,1,0.05625
59664,2,0.0375
59665,1,0.04375
59666,1,0.04375
59667,0,0.05
59668,1,0.04375
59669,0,0.05
59670,0,0.05
59671,1,0.05625
59672,1,0.04375
59673,0,0.05
59674,0,0.05
59675,1,0.05625
59676,0,0.05
59677,1,0.05625
59678,1,0.05625
59679,2,0.0625
59680,2,0.0375
59681,1,0.04375
59682,1,0.04375
59683,0,0.05
59684,1,0.04375
59685,0,0.05
59686,0,0.05
59687,1,0.05625
59688,1,0.04375
59689,0,0.05
59690,0,0.05
59691,1,0.05625
59692,0,0.05
59693,1,0.05625
59694,1,0.05625
59695,2,0.0625
59696,1,0.04375
59697,0,0.05
59698,0,0.05
59699,1,0.05625
59700,0,0.05
59701,1,0.05625
59702,1,0.05625
59703,2,0.0625
59704,0,0.05
59705,1,0.05625
59706,1,0.05625
59707,2,0.0625
59708,1,0.05625
59709,2,0.0625
59710,2,0.0625
59711,3,0.06875
59712,2,0.0375
59713,1,0.04375
59714,1,0.04375
59715,0,0.05
59716,1,0.04375
59717,0,0.05
59718,0,0.05
59719,1,0.05625
59720,1,0.04375
59721,0,0.05
59722,0,0.05
59723,1,0.05625
59724,0,0.05
59725,1,0.05625
59726,1,0.05625
59727,2,0.0625
59728,1,0.04375
59729,0,0.05
59730,0,0.05
59731,1,0.05625
59732,0,0.05
59733,1,0.05625
59734,1,0.05625
59735,2,0.0625
59736,0,0.05
59737,1,0.05625
59738,1,0.05625
59739,2,0.0625
59740,1,0.05625
59741,2,0.0625
59742,2,0.0625
59743,3,0.06875
59744,1,0.04375
59745,0,0.05
59746,0,0.05
59747,1,0.05625
59748,0,0.05
59749,1,0.05625
59750,1,0.05625
59751,2,0.0625
59752,0,0.05
59753,1,0.05625
59754,1,0.05625
59755,2,0.0625
59756,1,0.05625
59757,2,0.0625
59758,2,0.0625
59759,3,0.06875
59760,0,0.05
59761,1,0.05625
59762,1,0.05625
59763,2,0.0625
59764,1,0.05625
59765,2,0.0625
59766,2,0.0625
59767,3,0.06875
59768,1,0.05625
59769,2,0.0625
59770,2,0.0625
59771,3,0.06875
59772,2,0.0625
59773,3,0.06875
59774,3,0.06875
59775,4,0.075
59776,2,0.0375
59777,1,0.04375
59778,1,0.04375
59779,0,0.05
59780,1,0.04375
59781,0,0.05
59782,0,0.05
59783,1,0.05625
59784,1,0.04375
59785,0,0.05
59786,0,0.05
59787,1,0.05625
59788,0,0.05
59789,1,0.05625
59790,1,0.05625
59791,2,0.0625
59792,1,0.04375
59793,0,0.05
59794,0,0.05
59795,1,0.05625
59796,0,0.05
59797,1,0.05625
59798,1,0.05625
59799,2,0.0625
59800,0,0.05
59801,1,0.05625
59802,1,0.05625
59803,2,0.0625
59804,1,0.05625
59805,2,0.0625
59806,2,0.0625
59807,3,0.06875
59808,1,0.04375
59809,0,0.05
59810,0,0.05
59811,1,0.05625
59812,0,0.05
59813,1,0.05625
59814,1,0.05625
59815,2,0.0625
59816,0,0.05
59817,1,0.05625
59818,1,0.05625
59819,2,0.0625
59820,1,0.05625
59821,2,0.0625
59822,2,0.0625
59823,3,0.06875
59824,0,0.05
59825,1,0.05625
59826,1,0.05625
59827,2,0.0625
59828,1,0.05625
59829,2,0.0625
59830,2,0.0625
59831,3,0.06875
59832,1,0.05625
59833,2,0.0625
59834,2,0.0625
59835,3,0.06875
59836,2,0.0625
59837,3,0.06875
59838,3,0.06875
59839,4,0.075
59840,1,0.04375
59841,0,0.05
59842,0,0.05
59843,1,0.05625
59844,0,0.05
59845,1,0.05625
59846,1,0.05625
59847,2,0.0625
59848,0,0.05
59849,1,0.05625
59850,1,0.05625
59851,2,0.0625
59852,1,0.05625
59853,2,0.0625
59854,2,0.0625
59855,3,0.06875
59856,0,0.05
59857,1,0.05625
59858,1,0.05625
59859,2,0.0625
59860,1,0.05625
59861,2,0.0625
59862,2,0.0625
59863,3,0.06875
59864,1,0.05625
59865,2,0.0625
59866,2,0.0625
59867,3,0.06875
59868,2,0.0625
59869,3,0.06875
59870,3,0.06875
59871,4,0.075
59872,0,0.05
59873,1,0.05625
59874,1,0.05625
59875,2,0.0625
59876,1,0.05625
59877,2,0.0625
59878,2,0.0625
59879,3,0.06875
59880,1,0.05625
59881,2,0.0625
59882,2,0.0625
59883,3,0.06875
59884,2,0.0625
59885,3,0.06875
59886,3,0.06875
59887,4,0.075
59888,1,0.05625
59889,2,0.0625
59890,2,0.0625
59891,3,0.06875
59892,2,0.0625
59893,3,0.06875
59894,3,0.06875
59895,4,0.075
59896,2,0.0625
59897,3,0.06875
59898,3,0.06875
59899,4,0.075
59900,3,0.06875
59901,4,0.075
59902,4,0.075
59903,3,0.08125
59904,3,0.03125
59905,2,0.0375
59906,2,0.0375
59907,1,0.04375
59908,2,0.0375
59909,1,0.04375
59910,1,0.04375
59911,0,0.05
59912,2,0.0375
59913,1,0.04375
59914,1,0.04375
59915,0,0.05
59916,1,0.04375
59917,0,0.05
59918,0,0.05
59919,1,0.05625
59920,2,0.0375
59921,1,0.04375
59922,1,0.04375
59923,0,0.05
59924,1,0.04375
59925,0,0.05
59926,0,0.05
59927,1,0.05625
59928,1,0.04375
59929,0,0.05
59930,0,0.05
59931,1,0.05625
59932,0,0.05
59933,1,0.05625
59934,1,0.05625
59935,2,0.0625
59936,2,0.0375
59937,1,0.04375
59938,1,0.04375
59939,0,0.05
59940,1,0.04375
59941,0,0.05
59942,0,0.05
59943,1,0.05625
59944,1,0.04375
59945,0,0.05
59946,0,0.05
59947,1,0.05625
59948,0,0.05
59949,1,0.05625
59950,1,0.05625
59951,2,0.0625
59952,1,0.04375
59953,0,0.05
59954,0,0.05
59955,1,0.05625
59956,0,0.05
59957,1,0.05625
59958,1,0.05625
59959,2,0.0625
59960,0,0.05
59961,1,0.05625
59962,1,0.05625
59963,2,0.0625
59964,1,0.05625
59965,2,0.0625
59966,2,0.0625
59967,3,0.06875
59968,2,0.0375
59969,1,0.04375
59970,1,0.04375
59971,0,0.05
59972,1,0.04375
59973,0,0.05
59974,0,0.05
59975,1,0.05625
59976,1,0.04375
59977,0,0.05
59978,0,0.05
59979,1,0.05625
59980,0,0.05
59981,1,0.05625
59982,1,0.05625
59983,2,0.0625
59984,1,0.04375
59985,0,0.05
59986,0,0.05
59987,1,0.05625
59988,0,0.05
59989,1,0.05625
59990,1,0.05625
59991,2,0.0625
59992,0,0.05
59993,1,0.05625
59994,1,0.05625
59995,2,0.0625
59996,1,0.05625
59997,2,0.0625
59998,2,0.0625
59999,3,0.06875
60000,1,0.04375
60001,0,0.05
60002,0,0.05
60003,1,0.05625
60004,0,0.05
60005,1,0.05625
60006,1,0.05625
60007,2,0.0625
60008,0,0.05
60009,1,0.05625
60010,1,0.05625
60011,2,0.0625
60012,1,0.05625
60013,2,0.0625
60014,2,0.0625
60015,3,0.06875
60016,0,0.05
60017,1,0.05625
60018,1,0.05625
60019,2,0.0625
60020,1,0.05625
60021,2,0.0625
60022,2,0.0625
60023,3,0.06875
60024,1,0.05625
60025,2,0.0625
60026,2,0.0625
60027,3,0.06875
60028,2,0.0625
60029,3,0.06875
60030,3,0.06875
60031,4,0.075
60032,2,0.0375
60033,1,0.04375
60034,1,0.04375
60035,0,0.05
60036,1,0.04375
60037,0,0.05
60038,0,0.05
60039,1,0.05625
60040,1,0.04375
60041,0,0.05
60042,0,0.05
60043,1,0.05625
60044,0,0.05
60045,1,0.05625
60046,1,0.05625
60047,2,0.0625
60048,1,0.04375
60049,0,0.05
60050,0,0.05
60051,1,0.05625
60052,0,0.05
60053,1,0.05625
60054,1,0.05625
60055,2,0.0625
60056,0,0.05
60057,1,0.05625
60058,1,0.05625
60059,2,0.0625
60060,1,0.05625
60061,2,0.0625
60062,2,0.0625
60063,3,0.06875
60064,1,0.04375
60065,0,0.05
60066,0,0.05
60067,1,0.05625
60068,0,0.05
60069,1,0.05625
60070,1,0.05625
60071,2,0.0625
60072,0,0.05
60073,1,0.05625
60074,1,0.05625
60075,2,0.0625
60076,1,0.05625
60077,2,0.0625
60078,2,0.0625
60079,3,0.06875
60080,0,0.05
60081,1,0.05625
60082,1,0.05625
60083,2,0.0625
60084,1,0.05625
60085,2,0.0625
60086,2,0.0625
60087,3,0.06875
60088,1,0.05625
60089,2,0.0625
60090,2,0.0625
60091,3,0.06875
60092,2,0.0625
60093,3,0.06875
60094,3,0.06875
60095,4,0.075
60096,1,0.04375
60097,0,0.05
60098,0,0.05
60099,1,0.05625
60100,0,0.05
60101,1,0.05625
60102,1,0.05625
60103,2,0.0625
60104,0,0.05
60105,1,0.05625
60106,1,0.05625
60107,2,0.0625
60108,1,0.05625
60109,2,0.0625
60110,2,0.0625
60111,3,0.06875
60112,0,0.05
60113,1,0.05625
60114,1,0.05625
60115,2,0.0625
60116,1,0.05625
60117,2,0.0625
60118,2,0.0625
60119,3,0.06875
60120,1,0.05625
60121,2,0.0625
60122,2,0.0625
60123,3,0.06875
60124,2,0.0625
60125,3,0.06875
60126,3,0.06875
60127,4,0.075
60128,0,0.05
60129,1,0.05625
60130,1,0.05625
60131,2,0.0625
60132,1,0.05625
60133,2,0.0625
60134,2,0.0625
60135,3,0.06875
60136,1,0.05625
60137,2,0.0625
60138,2,0.0625
60139,3,0.06875
60140,2,0.0625
60141,3,0.06875
60142,3,0.06875
60143,4,0.075
60144,1,0.05625
60145,2,0.0625
60146,2,0.0625
60147,3,0.06875
60148,2,0.0625
60149,3,0.06875
60150,3,0.06875
60151,4,0.075
60152,2,0.0625
60153,3,0.06875
60154,3,0.06875
60155,4,0.075
60156,3,0.06875
60157,4,0.075
60158,4,0.075
60159,3,0.08125
60160,2,0.0375
60161,1,0.04375
60162,1,0.04375
60163,0,0.05
60164,1,0.04375
60165,0,0.05
60166,0,0.05
60167,1,0.05625
60168,1,0.04375
60169,0,0.05
60170,0,0.05
60171,1,0.05625
60172,0,0.05
60173,1,0.05625
60174,1,0.05625
60175,2,0.0625
60176,1,0.04375
60177,0,0.05
60178,0,0.05
60179,1,0.05625
60180,0,0.05
60181,1,0.05625
60182,1,0.05625
60183,2,0.0625
60184,0,0.05
60185,1,0.05625
60186,1,0.05625
60187,2,0.0625
60188,1,0.05625
60189,2,0.0625
60190,2,0.0625
60191,3,0.06875
60192,1,0.04375
60193,0,0.05
60194,0,0.05
60195,1,0.05625
60196,0,0.05
60197,1,0.05625
60198,1,0.05625
60199,2,0.0625
60200,0,0.05
60201,1,0.05625
60202,1,0.05625
60203,2,0.0625
60204,1,0.05625
60205,2,0.0625
60206,2,0.0625
60207,3,0.06875
60208,0,0.05
60209,1,0.05625
60210,1,0.05625
60211,2,0.0625
60212,1,0.05625
60213,2,0.0625
60214,2,0.0625
60215,3,0.06875
60216,1,0.05625
60217,2,0.0625
60218,2,0.0625
60219,3,0.06875
60220,2,0.0625
60221,3,0.06875
60222,3,0.06875
60223,4,0.075
60224,1,0.04375
60225,0,0.05
60226,0,0.05
60227,1,0.05625
60228,0,0.05
60229,1,0.05625
60230,1,0.05625
60231,2,0.0625
60232,0,0.05
60233,1,0.05625
60234,1,0.05625
60235,2,0.0625
60236,1,0.05625
60237,2,0.0625
60238,2,0.0625
60239,3,0.06875
60240,0,0.05
60241,1,0.05625
60242,1,0.05625
60243,2,0.0625
60244,1,0.05625
60245,2,0.0625
60246,2,0.0625
60247,3,0.06875
60248,1,0.05625
60249,2,0.0625
60250,2,0.0625
60251,3,0.06875
60252,2,0.0625
60253,3,0.06875
60254,3,0.06875
60255,4,0.075
60256,0,0.05
60257,1,0.05625
60258,1,0.05625
60259,2,0.0625
60260,1,0.05625
60261,2,0.0625
60262,2,0.0625
60263,3,0.06875
60264,1,0.05625
60265,2,0.0625
60266,2,0.0625
60267,3,0.06875
60268,2,0.0625
60269,3,0.06875
60270,3,0.06875
60271,4,0.075
60272,1,0.05625
60273,2,0.0625
60274,2,0.0625
60275,3,0.06875
60276,2,0.0625
60277,3,0.06875
60278,3,0.06875
60279,4,0.075
60280,2,0.0625
60281,3,0.06875
60282,3,0.06875
60283,4,0.075
60284,3,0.06875
60285,4,0.075
60286,4,0.075
60287,3,0.08125
60288,1,0.04375
60289,0,0.05
60290,0,0.05
60291,1,0.05625
60292,0,0.05
60293,1,0.05625
60294,1,0.05625
60295,2,0.0625
60296,0,0.05
60297,1,0.05625
60298,1,0.05625
60299,2,0.0625
60300,1,0.05625
60301,2,0.0625
60302,2,0.0625
60303,3,0.06875
60304,0,0.05
60305,1,0.05625
60306,1,0.05625
60307,2,0.0625
60308,1,0.05625
60309,2,0.0625
60310,2,0.0625
60311,3,0.06875
60312,1,0.05625
60313,2,0.0625
60314,2,0.0625
60315,3,0.06875
60316,2,0.0625
60317,3,0.06875
60318,3,0.06875
60319,4,0.075
60320,0,0.05
60321,1,0.05625
60322,1,0.05625
60323,2,0.0625
60324,1,0.05625
60325,2,0.0625
60326,2,0.0625
60327,3,0.06875
60328,1,0.05625
60329,2,0.0625
60330,2,0.0625
60331,3,0.06875
60332,2,0.0625
60333,3,0.06875
60334,3,0.06875
60335,4,0.075
60336,1,0.05625
60337,2,0.0625
60338,2,0.0625
60339,3,0.06875
60340,2,0.0625
60341,3,0.06875
60342,3,0.06875
60343,4,0.075
60344,2,0.0625
60345,3,0.06875
60346,3,0.06875
60347,4,0.075
60348,3,0.06875
60349,4,0.075
60350,4,0.075
60351,3,0.08125
60352,0,0.05
60353,1,0.05625
60354,1,0.05625
60355,2,0.0625
60356,1,0.05625
60357,2,0.0625
60358,2,0.0625
60359,3,0.06875
60360,1,0.05625
60361,2,0.0625
60362,2,0.0625
60363,3,0.06875
60364,2,0.0625
60365,3,0.06875
60366,3,0.06875
60367,4,0.075
60368,1,0.05625
60369,2,0.0625
60370,2,0.0625
60371,3,0.06875
60372,2,0.0625
60373,3,0.06875
60374,3,0.06875
60375,4,0.075
60376,2,0.0625
60377,3,0.06875
60378,3,0.06875
60379,4,0.075
60380,3,0.06875
60381,4,0.075
60382,4,0.075
60383,3,0.08125
60384,1,0.05625
60385,2,0.0625
60386,2,0.0625
60387,3,0.06875
60388,2,0.0625
60389,3,0.06875
60390,3,0.06875
60391,4,0.075
60392,2,0.0625
60393,3,0.06875
60394,3,0.06875
60395,4,0.075
60396,3,0.06875
60397,4,0.075
60398,4,0.075
60399,3,0.08125
60400,2,0.0625
60401,3,0.06875
60402,3,0.06875
60403,4,0.075
60404,3,0.06875
60405,4,0.075
60406,4,0.075
60407,3,0.08125
60408,3,0.06875
60409,4,0.075
60410,4,0.075
60411,3,0.08125
60412,4,0.075
60413,3,0.08125
60414,3,0.08125
60415,2,0.0875
60416,3,0.03125
60417,2,0.0375
60418,2,0.0375
60419,1,0.04375
60420,2,0.0375
60421,1,0.04375
60422,1,0.04375
60423,0,0.05
60424,2,0.0375
60425,1,0.04375
60426,1,0.04375
60427,0,0.05
60428,1,0.04375
60429,0,0.05
60430,0,0.05
60431,1,0.05625
60432,2,0.0375
60433,1,0.04375
60434,1,0.04375
60435,0,0.05
60436,1,0.04375
60437,0,0.05
60438,0,0.05
60439,1,0.05625
60440,1,0.04375
60441,0,0.05
60442,0,0.05
60443,1,0.05625
60444,0,0.05
60445,1,0.05625
60446,1,0.05625
60447,2,0.0625
60448,2,0.0375
60449,1,0.04375
60450,1,0.04375
60451,0,0.05
60452,1,0.04375
60453,0,0.05
60454,0,0.05
60455,1,0.05625
60456,1,0.04375
60457,0,0.05
60458,0,0.05
60459,1,0.05625
60460,0,0.05
60461,1,0.05625
60462,1,0.05625
60463,2,0.0625
60464,1,0.04375
60465,0,0.05
60466,0,0.05
60467,1,0.05625
60468,0,0.05
60469,1,0.05625
60470,1,0.05625
60471,2,0.0625
60472,0,0.05
60473,1,0.05625
60474,1,0.05625
60475,2,0.0625
60476,1,0.05625
60477,2,0.0625
60478,2,0.0625
60479,3,0.06875
60480,2,0.0375
60481,1,0.04375
60482,1,0.04375
60483,0,0.05
60484,1,0.04375
60485,0,0.05
60486,0,0.05
60487,1,0.05625
60488,1,0.04375
60489,0,0.05
60490,0,0.05
60491,1,0.05625
60492,0,0.05
60493,1,0.05625
60494,1,0.05625
60495,2,0.0625
60496,1,0.04375
60497,0,0.05
60498,0,0.05
60499,1,0.05625
60500,0,0.05
60501,1,0.05625
60502,1,0.05625
60503,2,0.0625
60504,0,0.05
60505,1,0.05625
60506,1,0.05625
60507,2,0.0625
60508,1,0.05625
60509,2,0.0625
60510,2,0.0625
60511,3,0.06875
60512,1,0.04375
60513,0,0.05
60514,0,0.05
60515,1,0.05625
60516,0,0.05
60517,1,0.05625
60518,1,0.05625
60519,2,0.0625
60520,0,0.05
60521,1,0.05625
60522,1,0.05625
60523,2,0.0625
60524,1,0.05625
60525,2,0.0625
60526,2,0.0625
60527,3,0.06875
60528,0,0.05
60529,1,0.05625
60530,1,0.05625
60531,2,0.0625
60532,1,0.05625
60533,2,0.0625
60534,2,0.0625
60535,3,0.06875
60536,1,0.05625
60537,2,0.0625
60538,2,0.0625
60539,3,0.06875
60540,2,0.0625
60541,3,0.06875
60542,3,0.06875
60543,4,0.075
60544,2,0.0375
60545,1,0.04375
60546,1,0.04375
60547,0,0.05
60548,1,0.04375
60549,0,0.05
60550,0,0.05
60551,1,0.05625
60552,1,0.04375
60553,0,0.05
60554,0,0.05
60555,1,0.05625
60556,0,0.05
60557,1,0.05625
60558,1,0.05625
60559,2,0.0625
60560,1,0.04375
60561,0,0.05
60562,0,0.05
60563,1,0.05625
60564,0,0.05
60565,1,0.05625
60566,1,0.05625
60567,2,0.0625
60568,0,0.05
60569,1,0.05625
60570,1,0.05625
60571,2,0.0625
60572,1,0.05625
60573,2,0.0625
60574,2,0.0625
60575,3,0.06875
60576,1,0.04375
60577,0,0.05
60578,0,0.05
60579,1,0.05625
60580,0,0.05
60581,1,0.05625
60582,1,0.05625
60583,2,0.0625
60584,0,0.05
60585,1,0.05625
60586,1,0.05625
60587,2,0.0625
60588,1,0.05625
60589,2,0.0625
60590,2,0.0625
60591,3,0.06875
60592,0,0.05
60593,1,0.05625
60594,1,0.05625
60595,2,0.0625
60596,1,0.05625
60597,2,0.0625
60598,2,0.0625
60599,3,0.06875
60600,1,0.05625
60601,2,0.0625
60602,2,0.0625
60603,3,0.06875
60604,2,0.0625
60605,3,0.06875
60606,3,0.06875
60607,4,0.075
60608,1,0.04375
60609,0,0.05
60610,0,0.05
60611,1,0.05625
60612,0,0.05
60613,1,0.05625
60614,1,0.05625
60615,2,0.0625
60616,0,0.05
60617,1,0.05625
60618,1,0.05625
60619,2,0.0625
60620,1,0.05625
60621,2,0.0625
60622,2,0.0625
60623,3,0.06875
60624,0,0.05
60625,1,0.05625
60626,1,0.05625
60627,2,0.0625
60628,1,0.05625
60629,2,0.0625
60630,2,0.0625
60631,3,0.06875
60632,1,0.05625
60633,2,0.0625
60634,2,0.0625
60635,3,0.06875
60636,2,0.0625
60637,3,0.06875
60638,3,0.06875
60639,4,0.075
60640,0,0.05
60641,1,0.05625
60642,1,0.05625
60643,2,0.0625
60644,1,0.05625
60645,2,0.0625
60646,2,0.0625
60647,3,0.06875
60648,1,0.05625
60649,2,0.0625
60650,2,0.0625
60651,3,0.06875
60652,2,0.0625
60653,3,0.06875
60654,3,0.06875
60655,4,0.075
60656,1,0.05625
60657,2,0.0625
60658,2,0.0625
60659,3,0.06875
60660,2,0.0625
60661,3,0.06875
60662,3,0.06875
60663,4,0.075
60664,2,0.0625
60665,3,0.06875
60666,3,0.06875
60667,4,0.075
60668,3,0.06875
60669,4,0.075
60670,4,0.075
60671,3,0.08125
60672,2,0.0375
60673,1,0.04375
60674,1,0.04375
60675,0,0.05
60676,1,0.04375
60677,0,0.05
60678,0,0.05
60679,1,0.05625
60680,1,0.04375
60681,0,0.05
60682,0,0.05
60683,1,0.05625
60684,0,0.05
60685,1,0.05625
60686,1,0.05625
60687,2,0.0625
60688,1,0.04375
60689,0,0.05
60690,0,0.05
60691,1,0.05625
60692,0,0.05
60693,1,0.05625
60694,1,0.05625
60695,2,0.0625
60696,0,0.05
60697,1,0.05625
60698,1,0.05625
60699,2,0.0625
60700,1,0.05625
60701,2,0.0625
60702,2,0.0625
60703,3,0.06875
60704,1,0.04375
60705,0,0.05
60706,0,0.05
60707,1,0.05625
60708,0,0.05
60709,1,0.05625
60710,1,0.05625
60711,2,0.0625
60712,0,0.05
60713,1,0.05625
60714,1,0.05625
60715,2,0.0625
60716,1,0.05625
60717,2,0.0625
60718,2,0.0625
60719,3,0.06875
60720,0,0.05
60721,1,0.05625
60722,1,0.05625
60723,2,0.0625
60724,1,0.05625
60725,2,0.0625
60726,2,0.0625
60727,3,0.06875
60728,1,0.05625
60729,2,0.0625
60730,2,0.0625
60731,3,0.06875
60732,2,0.0625
60733,3,0.06875
60734,3,0.06875
60735,4,0.075
60736,1,0.04375
60737,0,0.05
60738,0,0.05
60739,1,0.05625
60740,0,0.05
60741,1,0.05625
60742,1,0.05625
60743,2,0.0625
60744,0,0.05
60745,1,0.05625
60746,1,0.05625
60747,2,0.0625
60748,1,0.05625
60749,2,0.0625
60750,2,0.0625
60751,3,0.06875
60752,0,0.05
60753,1,0.05625
60754,1,0.05625
60755,2,0.0625
60756,1,0.05625
60757,2,0.0625
60758,2,0.0625
60759,3,0.06875
60760,1,0.05625
60761,2,0.0625
60762,2,0.0625
60763,3,0.06875
60764,2,0.0625
60765,3,0.06875
60766,3,0.06875
60767,4,0.075
60768,0,0.05
60769,1,0.05625
60770,1,0.05625
60771,2,0.0625
60772,1,0.05625
60773,2,0.0625
60774,2,0.0625
60775,3,0.06875
60776,1,0.05625
60777,2,0.0625
60778,2,0.0625
60779,3,0.06875
60780,2,0.0625
60781,3,0.06875
60782,3,0.06875
60783,4,0.075
60784,1,0.05625
60785,2,0.0625
60786,2,0.0625
60787,3,0.06875
60788,2,0.0625
60789,3,0.06875
60790,3,0.06875
60791,4,0.075
60792,2,0.0625
60793,3,0.06875
60794,3,0.06875
60795,4,0.075
60796,3,0.06875
60797,4,0.075
60798,4,0.075
60799,3,0.08125
60800,1,0.04375
60801,0,0.05
60802,0,0.05
60803,1,0.05625
60804,0,0.05
60805,1,0.05625
60806,1,0.05625
60807,2,0.0625
60808,0,0.05
60809,1,0.05625
60810,1,0.05625
60811,2,0.0625
60812,1,0.05625
60813,2,0.0625
60814,2,0.0625
60815,3,0.06875
60816,0,0.05
60817,1,0.05625
60818,1,0.05625
60819,2,0.0625
60820,1,0.05625
60821,2,0.0625
60822,2,0.0625
60823,3,0.06875
60824,1,0.05625
60825,2,0.0625
60826,2,0.0625
60827,3,0.06875
60828,2,0.0625
60829,3,0.06875
60830,3,0.06875
60831,4,0.075
60832,0,0.05
60833,1,0.05625
60834,1,0.05625
60835,2,0.0625
60836,1,0.05625
60837,2,0.0625
60838,2,0.0625
60839,3,0.06875
60840,1,0.05625
60841,2,0.0625
60842,2,0.0625
60843,3,0.06875
60844,2,0.0625
60845,3,0.06875
60846,3,0.06875
60847,4,0.075
60848,1,0.05625
60849,2,0.0625
60850,2,0.0625
60851,3,0.06875
60852,2,0.0625
60853,3,0.06875
60854,3,0.06875
60855,4,0.075
60856,2,0.0625
60857,3,0.06875
60858,3,0.06875
60859,4,0.075
60860,3,0.06875
60861,4,0.075
60862,4,0.075
60863,3,0.08125
60864,0,0.05
60865,1,0.05625
60866,1,0.05625
60867,2,0.0625
60868,1,0.05625
60869,2,0.0625
60870,2,0.0625
60871,3,0.06875
60872,1,0.05625
60873,2,0.0625
60874,2,0.0625
60875,3,0.06875
60876,2,0.0625
60877,3,0.06875
60878,3,0.06875
60879,4,0.075
60880,1,0.05625
60881,2,0.0625
60882,2,0.0625
60883,3,0.06875
60884,2,0.0625
60885,3,0.06875
60886,3,0.06875
60887,4,0.075
60888,2,0.0625
60889,3,0.06875
60890,3,0.06875
60891,4,0.075
60892,3,0.06875
60893,4,0.075
60894,4,0.075
60895,3,0.08125
60896,1,0.05625
60897,2,0.0625
60898,2,0.0625
60899,3,0.06875
60900,2,0.0625
60901,3,0.06875
60902,3,0.06875
60903,4,0.075
60904,2,0.0625
60905,3,0.06875
60906,3,0.06875
60907,4,0.075
60908,3,0.06875
60909,4,0.075
60910,4,0.075
60911,3,0.08125
60912,2,0.0625
60913,3,0.06875
60914,3,0.06875
60915,4,0.075
60916,3,0.06875
60917,4,0.075
60918,4,0.075
60919,3,0.08125
60920,3,0.06875
60921,4,0.075
60922,4,0.075
60923,3,0.08125
60924,4,0.075
60925,3,0.08125
60926,3,0.08125
60927,2,0.0875
60928,2,0.0375
60929,1,0.04375
60930,1,0.04375
60931,0,0.05
60932,1,0.04375
60933,0,0.05
60934,0,0.05
60935,1,0.05625
60936,1,0.04375
60937,0,0.05
60938,0,0.05
60939,1,0.05625
60940,0,0.05
60941,1,0.05625
60942,1,0.05625
60943,2,0.0625
60944,1,0.04375
60945,0,0.05
60946,0,0.05
60947,1,0.05625
60948,0,0.05
60949,1,0.05625
60950,1,0.05625
60951,2,0.0625
60952,0,0.05
60953,1,0.05625
60954,1,0.05625
60955,2,0.0625
60956,1,0.05625
60957,2,0.0625
60958,2,0.0625
60959,3,0.06875
60960,1,0.04375
60961,0,0.05
60962,0,0.05
60963,1,0.05625
60964,0,0.05
60965,1,0.05625
60966,1,0.05625
60967,2,0.0625
60968,0,0.05
60969,1,0.05625
60970,1,0.05625
60971,2,0.0625
60972,1,0.05625
60973,2,0.0625
60974,2,0.0625
60975,3,0.06875
60976,0,0.05
60977,1,0.05625
60978,1,0.05625
60979,2,0.0625
60980,1,0.05625
60981,2,0.0625
60982,2,0.0625
60983,3,0.06875
60984,1,0.05625
60985,2,0.0625
60986,2,0.0625
60987,3,0.06875
60988,2,0.0625
60989,3,0.06875
60990,3,0.06875
60991,4,0.075
60992,1,0.04375
60993,0,0.05
60994,0,0.05
60995,1,0.05625
60996,0,0.05
60997,1,0.05625
60998,1,0.05625
60999,2,0.0625
61000,0,0.05
61001,1,0.05625
61002,1,0.05625
61003,2,0.0625
61004,1,0.05625
61005,2,0.0625
61006,2,0.0625
61007,3,0.06875
61008,0,0.05
61009,1,0.05625
61010,1,0.05625
61011,2,0.0625
61012,1,0.05625
61013,2,0.0625
61014,2,0.0625
61015,3,0.06875
61016,1,0.05625
61017,2,0.0625
61018,2,0.0625
61019,3,0.06875
61020,2,0.0625
61021,3,0.06875
61022,3,0.06875
61023,4,0.075
61024,0,0.05
61025,1,0.05625
61026,1,0.05625
61027,2,0.0625
61028,1,0.05625
61029,2,0.0625
61030,2,0.0625
61031,3,0.06875
61032,1,0.05625
61033,2,0.0625
61034,2,0.0625
61035,3,0.06875
61036,2,0.0625
61037,3,0.06875
61038,3,0.06875
61039,4,0.075
61040,1,0.05625
61041,2,0.0625
61042,2,0.0625
61043,3,0.06875
61044,2,0.0625
61045,3,0.06875
61046,3,0.06875
61047,4,0.075
61048,2,0.0625
61049,3,0.06875
61050,3,0.06875
61051,4,0.075
61052,3,0.06875
61053,4,0.075
61054,4,0.075
61055,3,0.08125
61056,1,0.04375
61057,0,0.05
61058,0,0.05
61059,1,0.05625
61060,0,0.05
61061,1,0.05625
61062,1,0.05625
61063,2,0.0625
61064,0,0.05
61065,1,0.05625
61066,1,0.05625
61067,2,0.0625
61068,1,0.05625
61069,2,0.0625
61070,2,0.0625
61071,3,0.06875
61072,0,0.05
61073,1,0.05625
61074,1,0.05625
61075,2,0.0625
61076,1,0.05625
61077,2,0.0625
61078,2,0.0625
61079,3,0.06875
61080,1,0.05625
61081,2,0.0625
61082,2,0.0625
61083,3,0.06875
61084,2,0.0625
61085,3,0.06875
61086,3,0.06875
61087,4,0.075
61088,0,0.05
61089,1,0.05625
61090,1,0.05625
61091,2,0.0625
61092,1,0.05625
61093,2,0.0625
61094,2,0.0625
61095,3,0.06875
61096,1,0.05625
61097,2,0.0625
61098,2,0.0625
61099,3,0.06875
61100,2,0.0625
61101,3,0.06875
61102,3,0.06875
61103,4,0.075
61104,1,0.05625
61105,2,0.0625
61106,2,0.0625
61107,3,0.06875
61108,2,0.0625
61109,3,0.06875
61110,3,0.06875
61111,4,0.075
61112,2,0.0625
61113,3,0.06875
61114,3,0.06875
61115,4,0.075
61116,3,0.06875
61117,4,0.075
61118,4,0.075
61119,3,0.08125
61120,0,0.05
61121,1,0.05625
61122,1,0.05625
61123,2,0.0625
61124,1,0.05625
61125,2,0.0625
61126,2,0.0625
61127,3,0.06875
61128,1,0.05625
61129,2,0.0625
61130,2,0.0625
61131,3,0.06875
61132,2,0.0625
61133,3,0.06875
61134,3,0.06875
61135,4,0.075
61136,1,0.05625
61137,2,0.0625
61138,2,0.0625
61139,3,0.06875
61140,2,0.0625
61141,3,0.06875
61142,3,0.06875
61143,4,0.075
61144,2,0.0625
61145,3,0.06875
61146,3,0.06875
61147,4,0.075
61148,3,0.06875
61149,4,0.075
61150,4,0.075
61151,3,0.08125
61152,1,0.05625
61153,2,0.0625
61154,2,0.0625
61155,3,0.06875
61156,2,0.0625
61157,3,0.06875
61158,3,0.06875
61159,4,0.075
61160,2,0.0625
61161,3,0.06875
61162,3,0.06875
61163,4,0.075
61164,3,0.06875
61165,4,0.075
61166,4,0.075
61167,3,0.08125
61168,2,0.0625
61169,3,0.06875
61170,3,0.06875
61171,4,0.075
61172,3,0.06875
61173,4,0.075
61174,4,0.075
61175,3,0.08125
61176,3,0.06875
61177,4,0.075
61178,4,0.075
61179,3,0.08125
61180,4,0.075
61181,3,0.08125
61182,3,0.08125
61183,2,0.0875
61184,1,0.04375
61185,0,0.05
61186,0,0.05
61187,1,0.05625
61188,0,0.05
61189,1,0.05625
61190,1,0.05625
61191,2,0.0625
61192,0,0.05
61193,1,0.05625
61194,1,0.05625
61195,2,0.0625
61196,1,0.05625
61197,2,0.0625
61198,2,0.0625
61199,3,0.06875
61200,0,0.05
61201,1,0.05625
61202,1,0.05625
61203,2,0.0625
61204,1,0.05625
61205,2,0.0625
61206,2,0.0625
61207,3,0.06875
61208,1,0.05625
61209,2,0.0625
61210,2,0.0625
61211,3,0.06875
61212,2,0.0625
61213,3,0.06875
61214,3,0.06875
61215,4,0.075
61216,0,0.05
61217,1,0.05625
61218,1,0.05625
61219,2,0.0625
61220,1,0.05625
61221,2,0.0625
61222,2,0.0625
61223,3,0.06875
61224,1,0.05625
61225,2,0.0625
61226,2,0.0625
61227,3,0.06875
61228,2,0.0625
61229,3,0.06875
61230,3,0.06875
61231,4,0.075
61232,1,0.05625
61233,2,0.0625
61234,2,0.0625
61235,3,0.06875
61236,2,0.0625
61237,3,0.06875
61238,3,0.06875
61239,4,0.075
61240,2,0.0625
61241,3,0.06875
61242,3,0.06875
61243,4,0.075
61244,3,0.06875
61245,4,0.075
61246,4,0.075
61247,3,0.08125
61248,0,0.05
61249,1,0.05625
61250,1,0.05625
61251,2,0.0625
61252,1,0.05625
61253,2,0.0625
61254,2,0.0625
61255,3,0.06875
61256,1,0.05625
61257,2,0.0625
61258,2,0.0625
61259,3,0.06875
61260,2,0.0625
61261,3,0.06875
61262,3,0.06875
61263,4,0.075
61264,1,0.05625
61265,2,0.0625
61266,2,0.0625
61267,3,0.06875
61268,2,0.0625
61269,3,0.06875
61270,3,0.06875
61271,4,0.075
61272,2,0.0625
61273,3,0.06875
61274,3,0.06875
61275,4,0.075
61276,3,0.06875
61277,4,0.075
61278,4,0.075
61279,3,0.08125
61280,1,0.05625
61281,2,0.0625
61282,2,0.0625
61283,3,0.06875
61284,2,0.0625
61285,3,0.06875
61286,3,0.06875
61287,4,0.075
61288,2,0.0625
61289,3,0.06875
61290,3,0.06875
61291,4,0.075
61292,3,0.06875
61293,4,0.075
61294,4,0.075
61295,3,0.08125
61296,2,0.0625
61297,3,0.06875
61298,3,0.06875
61299,4,0.075
61300,3,0.06875
61301,4,0.075
61302,4,0.075
61303,3,0.08125
61304,3,0.06875
61305,4,0.075
61306,4,0.075
61307,3,0.08125
61308,4,0.075
61309,3,0.08125
61310,3,0.08125
61311,2,0.0875
61312,0,0.05
61313,1,0.05625
61314,1,0.05625
61315,2,0.0625
61316,1,0.05625
61317,2,0.0625
61318,2,0.0625
61319,3,0.06875
61320,1,0.05625
61321,2,0.0625
61322,2,0.0625
61323,3,0.06875
61324,2,0.0625
61325,3,0.06875
61326,3,0.06875
61327,4,0.075
61328,1,0.05625
61329,2,0.0625
61330,2,0.0625
61331,3,0.06875
61332,2,0.0625
61333,3,0.06875
61334,3,0.06875
61335,4,0.075
61336,2,0.0625
61337,3,0.06875
61338,3,0.06875
61339,4,0.075
61340,3,0.06875
61341,4,0.075
61342,4,0.075
61343,3,0.08125
61344,1,0.05625
61345,2,0.0625
61346,2,0.0625
61347,3,0.06875
61348,2,0.0625
61349,3,0.06875
61350,3,0.06875
61351,4,0.075
61352,2,0.0625
61353,3,0.06875
61354,3,0.06875
61355,4,0.075
61356,3,0.06875
61357,4,0.075
61358,4,0.075
61359,3,0.08125
61360,2,0.0625
61361,3,0.06875
61362,3,0.06875
61363,4,0.075
61364,3,0.06875
61365,4,0.075
61366,4,0.075
61367,3,0.08125
61368,3,0.06875
61369,4,0.075
61370,4,0.075
61371,3,0.08125
61372,4,0.075
61373,3,0.08125
61374,3,0.08125
61375,2,0.0875
61376,1,0.05625
61377,2,0.0625
61378,2,0.0625
61379,3,0.06875
61380,2,0.0625
61381,3,0.06875
61382,3,0.06875
61383,4,0.075
61384,2,0.0625
61385,3,0.06875
61386,3,0.06875
61387,4,0.075
61388,3,0.06875
61389,4,0.075
61390,4,0.075
61391,3,0.08125
61392,2,0.0625
61393,3,0.06875
61394,3,0.06875
61395,4,0.075
61396,3,0.06875
61397,4,0.075
61398,4,0.075
61399,3,0.08125
61400,3,0.06875
61401,4,0.075
61402,4,0.075
61403,3,0.08125
61404,4,0.075
61405,3,0.08125
61406,3,0.08125
61407,2,0.0875
61408,2,0.0625
61409,3,0.06875
61410,3,0.06875
61411,4,0.075
61412,3,0.06875
61413,4,0.075
61414,4,0.075
61415,3,0.08125
61416,3,0.06875
61417,4,0.075
61418,4,0.075
61419,3,0.08125
61420,4,0.075
61421,3,0.08125
61422,3,0.08125
61423,2,0.0875
61424,3,0.06875
61425,4,0.075
61426,4,0.075
61427,3,0.08125
61428,4,0.075
61429,3,0.08125
61430,3,0.08125
61431,2,0.0875
61432,4,0.075
61433,3,0.08125
61434,3,0.08125
61435,2,0.0875
61436,3,0.08125
61437,2,0.0875
61438,2,0.0875
61439,1,0.09375
61440,4,0.025
61441,3,0.03125
61442,3,0.03125
61443,2,0.0375
61444,3,0.03125
61445,2,0.0375
61446,2,0.0375
61447,1,0.04375
61448,3,0.03125
61449,2,0.0375
61450,2,0.0375
61451,1,0.04375
61452,2,0.0375
61453,1,0.04375
61454,1,0.04375
61455,0,0.05
61456,3,0.03125
61457,2,0.0375
61458,2,0.0375
61459,1,0.04375
61460,2,0.0375
61461,1,0.04375
61462,1,0.04375
61463,0,0.05
61464,2,0.0375
61465,1,0.04375
61466,1,0.04375
61467,0,0.05
61468,1,0.04375
61469,0,0.05
61470,0,0.05
61471,1,0.05625
61472,3,0.03125
61473,2,0.0375
61474,2,0.0375
61475,1,0.04375
61476,2,0.0375
61477,1,0.04375
61478,1,0.04375
61479,0,0.05
61480,2,0.0375
61481,1,0.04375
61482,1,0.04375
61483,0,0.05
61484,1,0.04375
61485,0,0.05
61486,0,0.05
61487,1,0.05625
61488,2,0.0375
61489,1,0.04375
61490,1,0.04375
61491,0,0.05
61492,1,0.04375
61493,0,0.05
61494,0,0.05
61495,1,0.05625
61496,1,0.04375
61497,0,0.05
61498,0,0.05
61499,1,0.05625
61500,0,0.05
61501,1,0.05625
61502,1,0.05625
61503,2,0.0625
61504,3,0.03125
61505,2,0.0375
61506,2,0.0375
61507,1,0.04375
61508,2,0.0375
61509,1,0.04375
61510,1,0.04375
61511,0,0.05
61512,2,0.0375
61513,1,0.04375
61514,1,0.04375
61515,0,0.05
61516,1,0.04375
61517,0,0.05
61518,0,0.05
61519,1,0.05625
61520,2,0.0375
61521,1,0.04375
61522,1,0.04375
61523,0,0.05
61524,1,0.04375
61525,0,0.05
61526,0,0.05
61527,1,0.05625
61528,1,0.04375
61529,0,0.05
61530,0,0.05
61531,1,0.05625
61532,0,0.05
61533,1,0.05625
61534,1,0.05625
61535,2,0.0625
61536,2,0.0375
61537,1,0.04375
61538,1,0.04375
61539,0,0.05
61540,1,0.04375
61541,0,0.05
61542,0,0.05
61543,1,0.05625
61544,1,0.04375
61545,0,0.05
61546,0,0.05
61547,1,0.05625
61548,0,0.05
61549,1,0.05625
61550,1,0.05625
61551,2,0.0625
61552,1,0.04375
61553,0,0.05
61554,0,0.05
61555,1,0.05625
61556,0,0.05
61557,1,0.05625
61558,1,0.05625
61559,2,0.0625
61560,0,0.05
61561,1,0.05625
61562,1,0.05625
61563,2,0.0625
61564,1,0.05625
61565,2,0.0625
61566,2,0.0625
61567,3,0.06875
61568,3,0.03125
61569,2,0.0375
61570,2,0.0375
61571,1,0.04375
61572,2,0.0375
61573,1,0.04375
61574,1,0.04375
61575,0,0.05
61576,2,0.0375
61577,1,0.04375
61578,1,0.04375
61579,0,0.05
61580,1,0.04375
61581,0,0.05
61582,0,0.05
61583,1,0.05625
61584,2,0.0375
61585,1,0.04375
61586,1,0.04375
61587,0,0.05
61588,1,0.04375
61589,0,0.05
61590,0,0.05
61591,1,0.05625
61592,1,0.04375
61593,0,0.05
61594,0,0.05
61595,1,0.05625
61596,0,0.05
61597,1,0.05625
61598,1,0.05625
61599,2,0.0625
61600,2,0.0375
61601,1,0.04375
61602,1,0.04375
61603,0,0.05
61604,1,0.04375
61605,0,0.05
61606,0,0.05
61607,1,0.05625
61608,1,0.04375
61609,0,0.05
61610,0,0.05
61611,1,0.05625
61612,0,0.05
61613,1,0.05625
61614,1,0.05625
61615,2,0.0625
61616,1,0.04375
61617,0,0.05
61618,0,0.05
61619,1,0.05625
61620,0,0.05
61621,1,0.05625
61622,1,0.05625
61623,2,0.0625
61624,0,0.05
61625,1,0.05625
61626,1,0.05625
61627,2,0.0625
61628,1,0.05625
61629,2,0.0625
61630,2,0.0625
61631,3,0.06875
61632,2,0.0375
61633,1,0.04375
61634,1,0.04375
61635,0,0.05
61636,1,0.04375
61637,0,0.05
61638,0,0.05
61639,1,0.05625
61640,1,0.04375
61641,0,0.05
61642,0,0.05
61643,1,0.05625
61644,0,0.05
61645,1,0.05625
61646,1,0.05625
61647,2,0.0625
61648,1,0.04375
61649,0,0.05
61650,0,0.05
61651,1,0.05625
61652,0,0.05
61653,1,0.05625
61654,1,0.05625
61655,2,0.0625
61656,0,0.05
61657,1,0.05625
61658,1,0.05625
61659,2,0.0625
61660,1,0.05625
61661,2,0.0625
61662,2,0.0625
61663,3,0.06875
61664,1,0.04375
61665,0,0.05
61666,0,0.05
61667,1,0.05625
61668,0,0.05
61669,1,0.05625
61670,1,0.05625
61671,2,0.0625
61672,0,0.05
61673,1,0.05625
61674,1,0.05625
61675,2,0.0625
61676,1,0.05625
61677,2,0.0625
61678,2,0.0625
61679,3,0.06875
61680,0,0.05
61681,1,0.05625
61682,1,0.05625
61683,2,0.0625
61684,1,0.05625
61685,2,0.0625
61686,2,0.0625
61687,3,0.06875
61688,1,0.05625
61689,2,0.0625
61690,2,0.0625
61691,3,0.06875
61692,2,0.0625
61693,3,0.06875
61694,3,0.06875
61695,4,0.075
61696,3,0.03125
61697,2,0.0375
61698,2,0.0375
61699,1,0.04375
61700,2,0.0375
61701,1,0.04375
61702,1,0.04375
61703,0,0.05
61704,2,0.0375
61705,1,0.04375
61706,1,0.04375
61707,0,0.05
61708,1,0.04375
61709,0,0.05
61710,0,0.05
61711,1,0.05625
61712,2,0.0375
61713,1,0.04375
61714,1,0.04375
61715,0,0.05
61716,1,0.04375
61717,0,0.05
61718,0,0.05
61719,1,0.05625
61720,1,0.04375
61721,0,0.05
61722,0,0.05
61723,1,0.05625
61724,0,0.05
61725,1,0.05625
61726,1,0.05625
61727,2,0.0625
61728,2,0.0375
61729,1,0.04375
61730,1,0.04375
61731,0,0.05
61732,1,0.04375
61733,0,0.05
61734,0,0.05
61735,1,0.05625
61736,1,0.04375
61737,0,0.05
61738,0,0.05
61739,1,0.05625
61740,0,0.05
61741,1,0.05625
61742,1,0.05625
61743,2,0.0625
61744,1,0.04375
61745,0,0.05
61746,0,0.05
61747,1,0.05625
61748,0,0.05
61749,1,0.05625
61750,1,0.05625
61751,2,0.0625
61752,0,0.05
61753,1,0.05625
61754,1,0.05625
61755,2,0.0625
61756,1,0.05625
61757,2,0.0625
61758,2,0.0625
61759,3,0.06875
61760,2,0.0375
61761,1,0.04375
61762,1,0.04375
61763,0,0.05
61764,1,0.04375
61765,0,0.05
61766,0,0.05
61767,1,0.05625
61768,1,0.04375
61769,0,0.05
61770,0,0.05
61771,1,0.05625
61772,0,0.05
61773,1,0.05625
61774,1,0.05625
61775,2,0.0625
61776,1,0.04375
61777,0,0.05
61778,0,0.05
61779,1,0.05625
61780,0,0.05
61781,1,0.05625
61782,1,0.05625
61783,2,0.0625
61784,0,0.05
61785,1,0.05625
61786,1,0.05625
61787,2,0.0625
61788,1,0.05625
61789,2,0.0625
61790,2,0.0625
61791,3,0.06875
61792,1,0.04375
61793,0,0.05
61794,0,0.05
61795,1,0.05625
61796,0,0.05
61797,1,0.05625
61798,1,0.05625
61799,2,0.0625
61800,0,0.05
61801,1,0.05625
61802,1,0.05625
61803,2,0.0625
61804,1,0.05625
61805,2,0.0625
61806,2,0.0625
61807,3,0.06875
61808,0,0.05
61809,1,0.05625
61810,1,0.05625
61811,2,0.0625
61812,1,0.05625
61813,2,0.0625
61814,2,0.0625
61815,3,0.06875
61816,1,0.05625
61817,2,0.0625
61818,2,0.0625
61819,3,0.06875
61820,2,0.0625
61821,3,0.06875
61822,3,0.06875
61823,4,0.075
61824,2,0.0375
61825,1,0.04375
61826,1,0.04375
61827,0,0.05
61828,1,0.04375
61829,0,0.05
61830,0,0.05
61831,1,0.05625
61832,1,0.04375
61833,0,0.05
61834,0,0.05
61835,1,0.05625
61836,0,0.05
61837,1,0.05625
61838,1,0.05625
61839,2,0.0625
61840,1,0.04375
61841,0,0.05
61842,0,0.05
61843,1,0.05625
61844,0,0.05
61845,1,0.05625
61846,1,0.05625
61847,2,0.0625
61848,0,0.05
61849,1,0.05625
61850,1,0.05625
61851,2,0.0625
61852,1,0.05625
61853,2,0.0625
61854,2,0.0625
61855,3,0.06875
61856,1,0.04375
61857,0,0.05
61858,0,0.05
61859,1,0.05625
61860,0,0.05
61861,1,0.05625
61862,1,0.05625
61863,2,0.0625
61864,0,0.05
61865,1,0.05625
61866,1,0.05625
61867,2,0.0625
61868,1,0.05625
61869,2,0.0625
61870,2,0.0625
61871,3,0.06875
61872,0,0.05
61873,1,0.05625
61874,1,0.05625
61875,2,0.0625
61876,1,0.05625
61877,2,0.0625
61878,2,0.0625
61879,3,0.06875
61880,1,0.05625
61881,2,0.0625
61882,2,0.0625
61883,3,0.06875
61884,2,0.0625
61885,3,0.06875
61886,3,0.06875
61887,4,0.075
61888,1,0.04375
61889,0,0.05
61890,0,0.05
61891,1,0.05625
61892,0,0.05
61893,1,0.05625
61894,1,0.05625
61895,2,0.0625
61896,0,0.05
61897,1,0.05625
61898,1,0.05625
61899,2,0.0625
61900,1,0.05625
61901,2,0.0625
61902,2,0.0625
61903,3,0.06875
61904,0,0.05
61905,1,0.05625
61906,1,0.05625
61907,2,0.0625
61908,1,0.05625
61909,2,0.0625
61910,2,0.0625
61911,3,0.06875
61912,1,0.05625
61913,2,0.0625
61914,2,0.0625
61915,3,0.06875
61916,2,0.0625
61917,3,0.06875
61918,3,0.06875
61919,4,0.075
61920,0,0.05
61921,1,0.05625
61922,1,0.05625
61923,2,0.0625
61924,1,0.05625
61925,2,0.0625
61926,2,0.0625
61927,3,0.06875
61928,1,0.05625
61929,2,0.0625
61930,2,0.0625
61931,3,0.06875
61932,2,0.0625
61933,3,0.06875
61934,3,0.06875
61935,4,0.075
61936,1,0.05625
61937,2,0.0625
61938,2,0.0625
61939,3,0.06875
61940,2,0.0625
61941,3,0.06875
61942,3,0.06875
61943,4,0.075
61944,2,0.0625
61945,3,0.06875
61946,3,0.06875
61947,4,0.075
61948,3,0.06875
61949,4,0.075
61950,4,0.075
61951,3,0.08125
61952,3,0.03125
61953,2,0.0375
61954,2,0.0375
61955,1,0.04375
61956,2,0.0375
61957,1,0.04375
61958,1,0.04375
61959,0,0.05
61960,2,0.0375
61961,1,0.04375
61962,1,0.04375
61963,0,0.05
61964,1,0.04375
61965,0,0.05
61966,0,0.05
61967,1,0.05625
61968,2,0.0375
61969,1,0.04375
61970,1,0.04375
61971,0,0.05
61972,1,0.04375
61973,0,0.05
61974,0,0.05
61975,1,0.05625
61976,1,0.04375
61977,0,0.05
61978,0,0.05
61979,1,0.05625
61980,0,0.05
61981,1,0.05625
61982,1,0.05625
61983,2,0.0625
61984,2,0.0375
61985,1,0.04375
61986,1,0.04375
61987,0,0.05
61988,1,0.04375
61989,0,0.05
61990,0,0.05
61991,1,0.05625
61992,1,0.04375
61993,0,0.05
61994,0,0.05
61995,1,0.05625
61996,0,0.05
61997,1,0.05625
61998,1,0.05625
61999,2,0.0625
62000,1,0.04375
62001,0,0.05
62002,0,0.05
62003,1,0.05625
62004,0,0.05
62005,1,0.05625
62006,1,0.05625
62007,2,0.0625
62008,0,0.05
62009,1,0.05625
62010,1,0.05625
62011,2,0.0625
62012,1,0.05625
62013,2,0.0625
62014,2,0.0625
62015,3,0.06875
62016,2,0.0375
62017,1,0.04375
62018,1,0.04375
62019,0,0.05
62020,1,0.04375
62021,0,0.05
62022,0,0.05
62023,1,0.05625
62024,1,0.04375
62025,0,0.05
62026,0,0.05
62027,1,0.05625
62028,0,0.05
62029,1,0.05625
62030,1,0.05625
62031,2,0.0625
62032,1,0.04375
62033,0,0.05
62034,0,0.05
62035,1,0.05625
62036,0,0.05
62037,1,0.05625
62038,1,0.05625
62039,2,0.0625
62040,0,0.05
62041,1,0.05625
62042,1,0.05625
62043,2,0.0625
62044,1,0.05625
62045,2,0.0625
62046,2,0.0625
62047,3,0.06875
62048,1,0.04375
62049,0,0.05
62050,0,0.05
62051,1,0.05625
62052,0,0.05
62053,1,0.05625
62054,1,0.05625
62055,2,0.0625
62056,0,0.05
62057,1,0.05625
62058,1,0.05625
62059,2,0.0625
62060,1,0.05625
62061,2,0.0625
62062,2,0.0625
62063,3,0.06875
62064,0,0.05
62065,1,0.05625
62066,1,0.05625
62067,2,0.0625
62068,1,0.05625
62069,2,0.0625
62070,2,0.0625
62071,3,0.06875
62072,1,0.05625
62073,2,0.0625
62074,2,0.0625
62075,3,0.06875
62076,2,0.0625
62077,3,0.06875
62078,3,0.06875
62079,4,0.075
62080,2,0.0375
62081,1,0.04375
62082,1,0.04375
62083,0,0.05
62084,1,0.04375
62085,0,0.05
62086,0,0.05
62087,1,0.05625
62088,1,0.04375
62089,0,0.05
62090,0,0.05
62091,1,0.05625
62092,0,0.05
62093,1,0.05625
62094,1,0.05625
62095,2,0.0625
62096,1,0.04375
62097,0,0.05
62098,0,0.05
62099,1,0.05625
62100,0,0.05
62101,1,0.05625
62102,1,0.05625
62103,2,0.0625
62104,0,0.05
62105,1,0.05625
62106,1,0.05625
62107,2,0.0625
62108,1,0.05625
62109,2,0.0625
62110,2,0.0625
62111,3,0.06875
62112,1,0.04375
62113,0,0.05
62114,0,0.05
62115,1,0.05625
62116,0,0.05
62117,1,0.05625
62118,1,0.05625
62119,2,0.0625
62120,0,0.05
62121,1,0.05625
62122,1,0.05625
62123,2,0.0625
62124,1,0.05625
62125,2,0.0625
62126,2,0.0625
62127,3,0.06875
62128,0,0.05
62129,1,0.05625
62130,1,0.05625
62131,2,0.0625
62132,1,0.05625
62133,2,0.0625
62134,2,0.0625
62135,3,0.06875
62136,1,0.05625
62137,2,0.0625
62138,2,0.0625
62139,3,0.06875
62140,2,0.0625
62141,3,0.06875
62142,3,0.06875
62143,4,0.075
62144,1,0.04375
62145,0,0.05
62146,0,0.05
62147,1,0.05625
62148,0,0.05
62149,1,0.05625
62150,1,0.05625
62151,2,0.0625
62152,0,0.05
62153,1,0.05625
62154,1,0.05625
62155,2,0.0625
62156,1,0.05625
62157,2,0.0625
62158,2,0.0625
62159,3,0.06875
62160,0,0.05
62161,1,0.05625
62162,1,0.05625
62163,2,0.0625
62164,1,0.05625
62165,2,0.0625
62166,2,0.0625
62167,3,0.06875
62168,1,0.05625
62169,2,0.0625
62170,2,0.0625
62171,3,0.06875
62172,2,0.0625
62173,3,0.06875
62174,3,0.06875
62175,4,0.075
62176,0,0.05
62177,1,0.05625
62178,1,0.05625
62179,2,0.0625
62180,1,0.05625
62181,2,0.0625
62182,2,0.0625
62183,3,0.06875
62184,1,0.05625
62185,2,0.0625
62186,2,0.0625
62187,3,0.06875
62188,2,0.0625
62189,3,0.06875
62190,3,0.06875
62191,4,0.075
62192,1,0.05625
62193,2,0.0625
62194,2,0.0625
62195,3,0.06875
62196,2,0.0625
62197,3,0.06875
62198,3,0.06875
62199,4,0.075
62200,2,0.0625
62201,3,0.06875
62202,3,0.06875
62203,4,0.075
62204,3,0.06875
62205,4,0.075
62206,4,0.075
62207,3,0.08125
62208,2,0.0375
62209,1,0.04375
62210,1,0.04375
62211,0,0.05
62212,1,0.04375
62213,0,0.05
62214,0,0.05
62215,1,0.05625
62216,1,0.04375
62217,0,0.05
62218,0,0.05
62219,1,0.05625
62220,0,0.05
62221,1,0.05625
62222,1,0.05625
62223,2,0.0625
62224,1,0.04375
62225,0,0.05
62226,0,0.05
62227,1,0.05625
62228,0,0.05
62229,1,0.05625
62230,1,0.05625
62231,2,0.0625
62232,0,0.05
62233,1,0.05625
62234,1,0.05625
62235,2,0.0625
62236,1,0.05625
62237,2,0.0625
62238,2,0.0625
62239,3,0.06875
62240,1,0.04375
62241,0,0.05
62242,0,0.05
62243,1,0.05625
62244,0,0.05
62245,1,0.05625
62246,1,0.05625
62247,2,0.0625
62248,0,0.05
62249,1,0.05625
62250,1,0.05625
62251,2,0.0625
62252,1,0.05625
62253,2,0.0625
62254,2,0.0625
62255,3,0.06875
62256,0,0.05
62257,1,0.05625
62258,1,0.05625
62259,2,0.0625
62260,1,0.05625
62261,2,0.0625
62262,2,0.0625
62263,3,0.06875
62264,1,0.05625
62265,2,0.0625
62266,2,0.0625
62267,3,0.06875
62268,2,0.0625
62269,3,0.06875
62270,3,0.06875
62271,4,0.075
62272,1,0.04375
62273,0,0.05
62274,0,0.05
62275,1,0.05625
62276,0,0.05
62277,1,0.05625
62278,1,0.05625
62279,2,0.0625
62280,0,0.05
62281,1,0.05625
62282,1,0.05625
62283,2,0.0625
62284,1,0.05625
62285,2,0.0625
62286,2,0.0625
62287,3,0.06875
62288,0,0.05
62289,1,0.05625
62290,1,0.05625
62291,2,0.0625
62292,1,0.05625
62293,2,0.0625
62294,2,0.0625
62295,3,0.06875
62296,1,0.05625
62297,2,0.0625
62298,2,0.0625
62299,3,0.06875
62300,2,0.0625
62301,3,0.06875
62302,3,0.06875
62303,4,0.075
62304,0,0.05
62305,1,0.05625
62306,1,0.05625
62307,2,0.0625
62308,1,0.05625
62309,2,0.0625
62310,2,0.0625
62311,3,0.06875
62312,1,0.05625
62313,2,0.0625
62314,2,0.0625
62315,3,0.06875
62316,2,0.0625
62317,3,0.06875
62318,3,0.06875
62319,4,0.075
62320,1,0.05625
62321,2,0.0625
62322,2,0.0625
62323,3,0.06875
62324,2,0.0625
62325,3,0.06875
62326,3,0.06875
62327,4,0.075
62328,2,0.0625
62329,3,0.06875
62330,3,0.06875
62331,4,0.075
62332,3,0.06875
62333,4,0.075
62334,4,0.075
62335,3,0.08125
62336,1,0.04375
62337,0,0.05
62338,0,0.05
62339,1,0.05625
62340,0,0.05
62341,1,0.05625
62342,1,0.05625
62343,2,0.0625
62344,0,0.05
62345,1,0.05625
62346,1,0.05625
62347,2,0.0625
62348,1,0.05625
62349,2,0.0625
62350,2,0.0625
62351,3,0.06875
62352,0,0.05
62353,1,0.05625
62354,1,0.05625
62355,2,0.0625
62356,1,0.05625
62357,2,0.0625
62358,2,0.0625
62359,3,0.06875
62360,1,0.05625
62361,2,0.0625
62362,2,0.0625
62363,3,0.06875
62364,2,0.0625
62365,3,0.06875
62366,3,0.06875
62367,4,0.075
62368,0,0.05
62369,1,0.05625
62370,1,0.05625
62371,2,0.0625
62372,1,0.05625
62373,2,0.0625
62374,2,0.0625
62375,3,0.06875
62376,1,0.05625
62377,2,0.0625
62378,2,0.0625
62379,3,0.06875
62380,2,0.0625
62381,3,0.06875
62382,3,0.06875
62383,4,0.075
62384,1,0.05625
62385,2,0.0625
62386,2,0.0625
62387,3,0.06875
62388,2,0.0625
62389,3,0.06875
62390,3,0.06875
62391,4,0.075
62392,2,0.0625
62393,3,0.06875
62394,3,0.06875
62395,4,0.075
62396,3,0.06875
62397,4,0.075
62398,4,0.075
62399,3,0.08125
62400,0,0.05
62401,1,0.05625
62402,1,0.05625
62403,2,0.0625
62404,1,0.05625
62405,2,0.0625
62406,2,0.0625
62407,3,0.06875
62408,1,0.05625
62409,2,0.0625
62410,2,0.0625
62411,3,0.06875
62412,2,0.0625
62413,3,0.06875
62414,3,0.06875
62415,4,0.075
62416,1,0.05625
62417,2,0.0625
62418,2,0.0625
62419,3,0.06875
62420,2,0.0625
62421,3,0.06875
62422,3,0.06875
62423,4,0.075
62424,2,0.0625
62425,3,0.06875
62426,3,0.06875
62427,4,0.075
62428,3,0.06875
62429,4,0.075
62430,4,0.075
62431,3,0.08125
62432,1,0.05625
62433,2,0.0625
62434,2,0.0625
62435,3,0.06875
62436,2,0.0625
62437,3,0.06875
62438,3,0.06875
62439,4,0.075
62440,2,0.0625
62441,3,0.06875
62442,3,0.06875
62443,4,0.075
62444,3,0.06875
62445,4,0.075
62446,4,0.075
62447,3,0.08125
62448,2,0.0625
62449,3,0.06875
62450,3,0.06875
62451,4,0.075
62452,3,0.06875
62453,4,0.075
62454,4,0.075
62455,3,0.08125
62456,3,0.06875
62457,4,0.075
62458,4,0.075
62459,3,0.08125
62460,4,0.075
62461,3,0.08125
62462,3,0.08125
62463,2,0.0875
62464,3,0.03125
62465,2,0.0375
62466,2,0.0375
62467,1,0.04375
62468,2,0.0375
62469,1,0.04375
62470,1,0.04375
62471,0,0.05
62472,2,0.0375
62473,1,0.04375
62474,1,0.04375
62475,0,0.05
62476,1,0.04375
62477,0,0.05
62478,0,0.05
62479,1,0.05625
62480,2,0.0375
62481,1,0.04375
62482,1,0.04375
62483,0,0.05
62484,1,0.04375
62485,0,0.05
62486,0,0.05
62487,1,0.05625
62488,1,0.04375
62489,0,0.05
62490,0,0.05
62491,1,0.05625
62492,0,0.05
62493,1,0.05625
62494,1,0.05625
62495,2,0.0625
62496,2,0.0375
62497,1,0.04375
62498,1,0.04375
62499,0,0.05
62500,1,0.04375
62501,0,0.05
62502,0,0.05
62503,1,0.05625
62504,1,0.04375
62505,0,0.05
62506,0,0.05
62507,1,0.05625
62508,0,0.05
62509,1,0.05625
62510,1,0.05625
62511,2,0.0625
62512,1,0.04375
62513,0,0.05
62514,0,0.05
62515,1,0.05625
62516,0,0.05
62517,1,0.05625
62518,1,0.05625
62519,2,0.0625
62520,0,0.05
62521,1,0.05625
62522,1,0.05625
62523,2,0.0625
62524,1,0.05625
62525,2,0.0625
62526,2,0.0625
62527,3,0.06875
62528,2,0.0375
62529,1,0.04375
62530,1,0.04375
62531,0,0.05
62532,1,0.04375
62533,0,0.05
62534,0,0.05
62535,1,0.05625
62536,1,0.04375
62537,0,0.05
62538,0,0.05
62539,1,0.05625
62540,0,0.05
62541,1,0.05625
62542,1,0.05625
62543,2,0.0625
62544,1,0.04375
62545,0,0.05
62546,0,0.05
62547,1,0.05625
62548,0,0.05
62549,1,0.05625
62550,1,0.05625
62551,2,0.0625
62552,0,0.05
62553,1,0.05625
62554,1,0.05625
62555,2,0.0625
62556,1,0.05625
62557,2,0.0625
62558,2,0.0625
62559,3,0.06875
62560,1,0.04375
62561,0,0.05
62562,0,0.05
62563,1,0.05625
62564,0,0.05
62565,1,0.05625
62566,1,0.05625
62567,2,0.0625
62568,0,0.05
62569,1,0.05625
62570,1,0.05625
62571,2,0.0625
62572,1,0.05625
62573,2,0.0625
62574,2,0.0625
62575,3,0.06875
62576,0,0.05
62577,1,0.05625
62578,1,0.05625
62579,2,0.0625
62580,1,0.05625
62581,2,0.0625
62582,2,0.0625
62583,3,0.06875
62584,1,0.05625
62585,2,0.0625
62586,2,0.0625
62587,3,0.06875
62588,2,0.0625
62589,3,0.06875
62590,3,0.06875
62591,4,0.075
62592,2,0.0375
62593,1,0.04375
62594,1,0.04375
62595,0,0.05
62596,1,0.04375
62597,0,0.05
62598,0,0.05
62599,1,0.05625
62600,1,0.04375
62601,0,0.05
62602,0,0.05
62603,1,0.05625
62604,0,0.05
62605,1,0.05625
62606,1,0.05625
62607,2,0.0625
62608,1,0.04375
62609,0,0.05
62610,0,0.05
62611,1,0.05625
62612,0,0.05
62613,1,0.05625
62614,1,0.05625
62615,2,0.0625
62616,0,0.05
62617,1,0.05625
62618,1,0.05625
62619,2,0.0625
62620,1,0.05625
62621,2,0.0625
62622,2,0.0625
62623,3,0.06875
62624,1,0.04375
62625,0,0.05
62626,0,0.05
62627,1,0.05625
62628,0,0.05
62629,1,0.05625
62630,1,0.05625
62631,2,0.0625
62632,0,0.05
62633,1,0.05625
62634,1,0.05625
62635,2,0.0625
62636,1,0.05625
62637,2,0.0625
62638,2,0.0625
62639,3,0.06875
62640,0,0.05
62641,1,0.05625
62642,1,0.05625
62643,2,0.0625
62644,1,0.05625
62645,2,0.0625
62646,2,0.0625
62647,3,0.06875
62648,1,0.05625
62649,2,0.0625
62650,2,0.0625
62651,3,0.06875
62652,2,0.0625
62653,3,0.06875
62654,3,0.06875
62655,4,0.075
62656,1,0.04375
62657,0,0.05
62658,0,0.05
62659,1,0.05625
62660,0,0.05
62661,1,0.05625
62662,1,0.05625
62663,2,0.0625
62664,0,0.05
62665,1,0.05625
62666,1,0.05625
62667,2,0.0625
62668,1,0.05625
62669,2,0.0625
62670,2,0.0625
62671,3,0.06875
62672,0,0.05
62673,1,0.05625
62674,1,0.05625
62675,2,0.0625
62676,1,0.05625
62677,2,0.0625
62678,2,0.0625
62679,3,0.06875
62680,1,0.05625
62681,2,0.0625
62682,2,0.0625
62683,3,0.06875
62684,2,0.0625
62685,3,0.06875
62686,3,0.06875
62687,4,0.075
62688,0,0.05
62689,1,0.05625
62690,1,0.05625
62691,2,0.0625
62692,1,0.05625
62693,2,0.0625
62694,2,0.0625
62695,3,0.06875
62696,1,0.05625
62697,2,0.0625
62698,2,0.0625
62699,3,0.06875
62700,2,0.0625
62701,3,0.06875
62702,3,0.06875
62703,4,0.075
62704,1,0.05625
62705,2,0.0625
62706,2,0.0625
62707,3,0.06875
62708,2,0.0625
62709,3,0.06875
62710,3,0.06875
62711,4,0.075
62712,2,0.0625
62713,3,0.06875
62714,3,0.06875
62715,4,0.075
62716,3,0.06875
62717,4,0.075
62718,4,0.075
62719,3,0.08125
62720,2,0.0375
62721,1,0.04375
62722,1,0.04375
62723,0,0.05
62724,1,0.04375
62725,0,0.05
62726,0,0.05
62727,1,0.05625
62728,1,0.04375
62729,0,0.05
62730,0,0.05
62731,1,0.05625
62732,0,0.05
62733,1,0.05625
62734,1,0.05625
62735,2,0.0625
62736,1,0.04375
62737,0,0.05
62738,0,0.05
62739,1,0.05625
62740,0,0.05
62741,1,0.05625
62742,1,0.05625
62743,2,0.0625
62744,0,0.05
62745,1,0.05625
62746,1,0.05625
62747,2,0.0625
62748,1,0.05625
62749,2,0.0625
62750,2,0.0625
62751,3,0.06875
62752,1,0.04375
62753,0,0.05
62754,0,0.05
62755,1,0.05625
62756,0,0.05
62757,1,0.05625
62758,1,0.05625
62759,2,0.0625
62760,0,0.05
62761,1,0.05625
62762,1,0.05625
62763,2,0.0625
62764,1,0.05625
62765,2,0.0625
62766,2,0.0625
62767,3,0.06875
62768,0,0.05
62769,1,0.05625
62770,1,0.05625
62771,2,0.0625
62772,1,0.05625
62773,2,0.0625
62774,2,0.0625
62775,3,0.06875
62776,1,0.05625
62777,2,0.0625
62778,2,0.0625
62779,3,0.06875
62780,2,0.0625
62781,3,0.06875
62782,3,0.06875
62783,4,0.075
62784,1,0.04375
62785,0,0.05
62786,0,0.05
62787,1,0.05625
62788,0,0.05
62789,1,0.05625
62790,1,0.05625
62791,2,0.0625
62792,0,0.05
62793,1,0.05625
62794,1,0.05625
62795,2,0.0625
62796,1,0.05625
62797,2,0.0625
62798,2,0.0625
62799,3,0.06875
62800,0,0.05
62801,1,0.05625
62802,1,0.05625
62803,2,0.0625
62804,1,0.05625
62805,2,0.0625
62806,2,0.0625
62807,3,0.06875
62808,1,0.05625
62809,2,0.0625
62810,2,0.0625
62811,3,0.06875
62812,2,0.0625
62813,3,0.06875
62814,3,0.06875
62815,4,0.075
62816,0,0.05
62817,1,0.05625
62818,1,0.05625
62819,2,0.0625
62820,1,0.05625
62821,2,0.0625
62822,2,0.0625
62823,3,0.06875
62824,1,0.05625
62825,2,0.0625
62826,2,0.0625
62827,3,0.06875
62828,2,0.0625
62829,3,0.06875
62830,3,0.06875
62831,4,0.075
62832,1,0.05625
62833,2,0.0625
62834,2,0.0625
62835,3,0.06875
62836,2,0.0625
62837,3,0.06875
62838,3,0.06875
62839,4,0.075
62840,2,0.0625
62841,3,0.06875
62842,3,0.06875
62843,4,0.075
62844,3,0.06875
62845,4,0.075
62846,4,0.075
62847,3,0.08125
62848,1,0.04375
62849,0,0.05
62850,0,0.05
62851,1,0.05625
62852,0,0.05
62853,1,0.05625
62854,1,0.05625
62855,2,0.0625
62856,0,0.05
62857,1,0.05625
62858,1,0.05625
62859,2,0.0625
62860,1,0.05625
62861,2,0.0625
62862,2,0.0625
62863,3,0.06875
62864,0,0.05
62865,1,0.05625
62866,1,0.05625
62867,2,0.0625
62868,1,0.05625
62869,2,0.0625
62870,2,0.0625
62871,3,0.06875
62872,1,0.05625
62873,2,0.0625
62874,2,0.0625
62875,3,0.06875
62876,2,0.0625
62877,3,0.06875
62878,3,0.06875
62879,4,0.075
62880,0,0.05
62881,1,0.05625
62882,1,0.05625
62883,2,0.0625
62884,1,0.05625
62885,2,0.0625
62886,2,0.0625
62887,3,0.06875
62888,1,0.05625
62889,2,0.0625
62890,2,0.0625
62891,3,0.06875
62892,2,0.0625
62893,3,0.06875
62894,3,0.06875
62895,4,0.075
62896,1,0.05625
62897,2,0.0625
62898,2,0.0625
62899,3,0.06875
62900,2,0.0625
62901,3,0.06875
62902,3,0.06875
62903,4,0.075
62904,2,0.0625
62905,3,0.06875
62906,3,0.06875
62907,4,0.075
62908,3,0.06875
62909,4,0.075
62910,4,0.075
62911,3,0.08125
62912,0,0.05
62913,1,0.05625
62914,1,0.05625
62915,2,0.0625
62916,1,0.05625
62917,2,0.0625
62918,2,0.0625
62919,3,0.06875
62920,1,0.05625
62921,2,0.0625
62922,2,0.0625
62923,3,0.06875
62924,2,0.0625
62925,3,0.06875
62926,3,0.06875
62927,4,0.075
62928,1,0.05625
62929,2,0.0625
62930,2,0.0625
62931,3,0.06875
62932,2,0.0625
62933,3,0.06875
62934,3,0.06875
62935,4,0.075
62936,2,0.0625
62937,3,0.06875
62938,3,0.06875
62939,4,0.075
62940,3,0.06875
62941,4,0.075
62942,4,0.075
62943,3,0.08125
62944,1,0.05625
62945,2,0.0625
62946,2,0.0625
62947,3,0.06875
62948,2,0.0625
62949,3,0.06875
62950,3,0.06875
62951,4,0.075
62952,2,0.0625
62953,3,0.06875
62954,3,0.06875
62955,4,0.075
62956,3,0.06875
62957,4,0.075
62958,4,0.075
62959,3,0.08125
62960,2,0.0625
62961,3,0.06875
62962,3,0.06875
62963,4,0.075
62964,3,0.06875
62965,4,0.075
62966,4,0.075
62967,3,0.08125
62968,3,0.06875
62969,4,0.075
62970,4,0.075
62971,3,0.08125
62972,4,0.075
62973,3,0.08125
62974,3,0.08125
62975,2,0.0875
62976,2,0.0375
62977,1,0.04375
62978,1,0.04375
62979,0,0.05
62980,1,0.04375
62981,0,0.05
62982,0,0.05
62983,1,0.05625
62984,1,0.04375
62985,0,0.05
62986,0,0.05
62987,1,0.05625
62988,0,0.05
62989,1,0.05625
62990,1,0.05625
62991,2,0.0625
62992,1,0.04375
62993,0,0.05
62994,0,0.05
62995,1,0.05625
62996,0,0.05
62997,1,0.05625
62998,1,0.05625
62999,2,0.0625
63000,0,0.05
63001,1,0.05625
63002,1,0.05625
63003,2,0.0625
63004,1,0.05625
63005,2,0.0625
63006,2,0.0625
63007,3,0.06875
63008,1,0.04375
63009,0,0.05
63010,0,0.05
63011,1,0.05625
63012,0,0.05
63013,1,0.05625
63014,1,0.05625
63015,2,0.0625
63016,0,0.05
63017,1,0.05625
63018,1,0.05625
63019,2,0.0625
63020,1,0.05625
63021,2,0.0625
63022,2,0.0625
63023,3,0.06875
63024,0,0.05
63025,1,0.05625
63026,1,0.05625
63027,2,0.0625
63028,1,0.05625
63029,2,0.0625
63030,2,0.0625
63031,3,0.06875
63032,1,0.05625
63033,2,0.0625
63034,2,0.0625
63035,3,0.06875
63036,2,0.0625
63037,3,0.06875
63038,3,0.06875
63039,4,0.075
63040,1,0.04375
63041,0,0.05
63042,0,0.05
63043,1,0.05625
63044,0,0.05
63045,1,0.05625
63046,1,0.05625
63047,2,0.0625
63048,0,0.05
63049,1,0.05625
63050,1,0.05625
63051,2,0.0625
63052,1,0.05625
63053,2,0.0625
63054,2,0.0625
63055,3,0.06875
63056,0,0.05
63057,1,0.05625
63058,1,0.05625
63059,2,0.0625
63060,1,0.05625
63061,2,0.0625
63062,2,0.0625
63063,3,0.06875
63064,1,0.05625
63065,2,0.0625
63066,2,0.0625
63067,3,0.06875
63068,2,0.0625
63069,3,0.06875
63070,3,0.06875
63071,4,0.075
63072,0,0.05
63073,1,0.05625
63074,1,0.05625
63075,2,0.0625
63076,1,0.05625
63077,2,0.0625
63078,2,0.0625
63079,3,0.06875
63080,1,0.05625
63081,2,0.0625
63082,2,0.0625
63083,3,0.06875
63084,2,0.0625
63085,3,0.06875
63086,3,0.06875
63087,4,0.075
63088,1,0.05625
63089,2,0.0625
63090,2,0.0625
63091,3,0.06875
63092,2,0.0625
63093,3,0.06875
63094,3,0.06875
63095,4,0.075
63096,2,0.0625
63097,3,0.06875
63098,3,0.06875
63099,4,0.075
63100,3,0.06875
63101,4,0.075
63102,4,0.075
63103,3,0.08125
63104,1,0.04375
63105,0,0.05
63106,0,0.05
63107,1,0.05625
63108,0,0.05
63109,1,0.05625
63110,1,0.05625
63111,2,0.0625
63112,0,0.05
63113,1,0.05625
63114,1,0.05625
63115,2,0.0625
63116,1,0.05625
63117,2,0.0625
63118,2,0.0625
63119,3,0.06875
63120,0,0.05
63121,1,0.05625
63122,1,0.05625
63123,2,0.0625
63124,1,0.05625
63125,2,0.0625
63126,2,0.0625
63127,3,0.06875
63128,1,0.05625
63129,2,0.0625
63130,2,0.0625
63131,3,0.06875
63132,2,0.0625
63133,3,0.06875
63134,3,0.06875
63135,4,0.075
63136,0,0.05
63137,1,0.05625
63138,1,0.05625
63139,2,0.0625
63140,1,0.05625
63141,2,0.0625
63142,2,0.0625
63143,3,0.06875
63144,1,0.05625
63145,2,0.0625
63146,2,0.0625
63147,3,0.06875
63148,2,0.0625
63149,3,0.06875
63150,3,0.06875
63151,4,0.075
63152,1,0.05625
63153,2,0.0625
63154,2,0.0625
63155,3,0.06875
63156,2,0.0625
63157,3,0.06875
63158,3,0.06875
63159,4,0.075
63160,2,0.0625
63161,3,0.06875
63162,3,0.06875
63163,4,0.075
63164,3,0.06875
63165,4,0.075
63166,4,0.075
63167,3,0.08125
63168,0,0.05
63169,1,0.05625
63170,1,0.05625
63171,2,0.0625
63172,1,0.05625
63173,2,0.0625
63174,2,0.0625
63175,3,0.06875
63176,1,0.05625
63177,2,0.0625
63178,2,0.0625
63179,3,0.06875
63180,2,0.0625
63181,3,0.06875
63182,3,0.06875
63183,4,0.075
63184,1,0.05625
63185,2,0.0625
63186,2,0.0625
63187,3,0.06875
63188,2,0.0625
63189,3,0.06875
63190,3,0.06875
63191,4,0.075
63192,2,0.0625
63193,3,0.06875
63194,3,0.06875
63195,4,0.075
63196,3,0.06875
63197,4,0.075
63198,4,0.075
63199,3,0.08125
63200,1,0.05625
63201,2,0.0625
63202,2,0.0625
63203,3,0.06875
63204,2,0.0625
63205,3,0.06875
63206,3,0.06875
63207,4,0.075
63208,2,0.0625
63209,3,0.06875
63210,3,0.06875
63211,4,0.075
63212,3,0.06875
63213,4,0.075
63214,4,0.075
63215,3,0.08125
63216,2,0.0625
63217,3,0.06875
63218,3,0.06875
63219,4,0.075
63220,3,0.06875
63221,4,0.075
63222,4,0.075
63223,3,0.08125
63224,3,0.06875
63225,4,0.075
63226,4,0.075
63227,3,0.08125
63228,4,0.075
63229,3,0.08125
63230,3,0.08125
63231,2,0.0875
63232,1,0.04375
63233,0,0.05
63234,0,0.05
63235,1,0.05625
63236,0,0.05
63237,1,0.05625
63238,1,0.05625
63239,2,0.0625
63240,0,0.05
63241,1,0.05625
63242,1,0.05625
63243,2,0.0625
63244,1,0.05625
63245,2,0.0625
63246,2,0.0625
63247,3,0.06875
63248,0,0.05
63249,1,0.05625
63250,1,0.05625
63251,2,0.0625
63252,1,0.05625
63253,2,0.0625
63254,2,0.0625
63255,3,0.06875
63256,1,0.05625
63257,2,0.0625
63258,2,0.0625
63259,3,0.06875
63260,2,0.0625
63261,3,0.06875
63262,3,0.06875
63263,4,0.075
63264,0,0.05
63265,1,0.05625
63266,1,0.05625
63267,2,0.0625
63268,1,0.05625
63269,2,0.0625
63270,2,0.0625
63271,3,0.06875
63272,1,0.05625
63273,2,0.0625
63274,2,0.0625
63275,3,0.06875
63276,2,0.0625
63277,3,0.06875
63278,3,0.06875
63279,4,0.075
63280,1,0.05625
63281,2,0.0625
63282,2,0.0625
63283,3,0.06875
63284,2,0.0625
63285,3,0.06875
63286,3,0.06875
63287,4,0.075
63288,2,0.0625
63289,3,0.06875
63290,3,0.06875
63291,4,0.075
63292,3,0.06875
63293,4,0.075
63294,4,0.075
63295,3,0.08125
63296,0,0.05
63297,1,0.05625
63298,1,0.05625
63299,2,0.0625
63300,1,0.05625
63301,2,0.0625
63302,2,0.0625
63303,3,0.06875
63304,1,0.05625
63305,2,0.0625
63306,2,0.0625
63307,3,0.06875
63308,2,0.0625
63309,3,0.06875
63310,3,0.06875
63311,4,0.075
63312,1,0.05625
63313,2,0.0625
63314,2,0.0625
63315,3,0.06875
63316,2,0.0625
63317,3,0.06875
63318,3,0.06875
63319,4,0.075
63320,2,0.0625
63321,3,0.06875
63322,3,0.06875
63323,4,0.075
63324,3,0.06875
63325,4,0.075
63326,4,0.075
63327,3,0.08125
63328,1,0.05625
63329,2,0.0625
63330,2,0.0625
63331,3,0.06875
63332,2,0.0625
63333,3,0.06875
63334,3,0.06875
63335,4,0.075
63336,2,0.0625
63337,3,0.06875
63338,3,0.06875
63339,4,0.075
63340,3,0.06875
63341,4,0.075
63342,4,0.075
63343,3,0.08125
63344,2,0.0625
63345,3,0.06875
63346,3,0.06875
63347,4,0.075
63348,3,0.06875
63349,4,0.075
63350,4,0.075
63351,3,0.08125
63352,3,0.06875
63353,4,0.075
63354,4,0.075
63355,3,0.08125
63356,4,0.075
63357,3,0.08125
63358,3,0.08125
63359,2,0.0875
63360,0,0.05
63361,1,0.05625
63362,1,0.05625
63363,2,0.0625
63364,1,0.05625
63365,2,0.0625
63366,2,0.0625
63367,3,0.06875
63368,1,0.05625
63369,2,0.0625
63370,2,0.0625
63371,3,0.06875
63372,2,0.0625
63373,3,0.06875
63374,3,0.06875
63375,4,0.075
63376,1,0.05625
63377,2,0.0625
63378,2,0.0625
63379,3,0.06875
63380,2,0.0625
63381,3,0.06875
63382,3,0.06875
63383,4,0.075
63384,2,0.0625
63385,3,0.06875
63386,3,0.06875
63387,4,0.075
63388,3,0.06875
63389,4,0.075
63390,4,0.075
63391,3,0.08125
63392,1,0.05625
63393,2,0.0625
63394,2,0.0625
63395,3,0.06875
63396,2,0.0625
63397,3,0.06875
63398,3,0.06875
63399,4,0.075
63400,2,0.0625
63401,3,0.06875
63402,3,0.06875
63403,4,0.075
63404,3,0.06875
63405,4,0.075
63406,4,0.075
63407,3,0.08125
63408,2,0.0625
63409,3,0.06875
63410,3,0.06875
63411,4,0.075
63412,3,0.06875
63413,4,0.075
63414,4,0.075
63415,3,0.08125
63416,3,0.06875
63417,4,0.075
63418,4,0.075
63419,3,0.08125
63420,4,0.075
63421,3,0.08125
63422,3,0.08125
63423,2,0.0875
63424,1,0.05625
63425,2,0.0625
63426,2,0.0625
63427,3,0.06875
63428,2,0.0625
63429,3,0.06875
63430,3,0.06875
63431,4,0.075
63432,2,0.0625
63433,3,0.06875
63434,3,0.06875
63435,4,0.075
63436,3,0.06875
63437,4,0.075
63438,4,0.075
63439,3,0.08125
63440,2,0.0625
63441,3,0.06875
63442,3,0.06875
63443,4,0.075
63444,3,0.06875
63445,4,0.075
63446,4,0.075
63447,3,0.08125
63448,3,0.06875
63449,4,0.075
63450,4,0.075
63451,3,0.08125
63452,4,0.075
63453,3,0.08125
63454,3,0.08125
63455,2,0.0875
63456,2,0.0625
63457,3,0.06875
63458,3,0.06875
63459,4,0.075
63460,3,0.06875
63461,4,0.075
63462,4,0.075
63463,3,0.08125
63464,3,0.06875
63465,4,0.075
63466,4,0.075
63467,3,0.08125
63468,4,0.075
63469,3,0.08125
63470,3,0.08125
63471,2,0.0875
63472,3,0.06875
63473,4,0.075
63474,4,0.075
63475,3,0.08125
63476,4,0.075
63477,3,0.08125
63478,3,0.08125
63479,2,0.0875
63480,4,0.075
63481,3,0.08125
63482,3,0.08125
63483,2,0.0875
63484,3,0.08125
63485,2,0.0875
63486,2,0.0875
63487,1,0.09375
63488,3,0.03125
63489,2,0.0375
63490,2,0.0375
63491,1,0.04375
63492,2,0.0375
63493,1,0.04375
63494,1,0.04375
63495,0,0.05
63496,2,0.0375
63497,1,0.04375
63498,1,0.04375
63499,0,0.05
63500,1,0.04375
63501,0,0.05
63502,0,0.05
63503,1,0.05625
63504,2,0.0375
63505,1,0.04375
63506,1,0.04375
63507,0,0.05
63508,1,0.04375
63509,0,0.05
63510,0,0.05
63511,1,0.05625
63512,1,0.04375
63513,0,0.05
63514,0,0.05
63515,1,0.05625
63516,0,0.05
63517,1,0.05625
63518,1,0.05625
63519,2,0.0625
63520,2,0.0375
63521,1,0.04375
63522,1,0.04375
63523,0,0.05
63524,1,0.04375
63525,0,0.05
63526,0,0.05
63527,1,0.05625
63528,1,0.04375
63529,0,0.05
63530,0,0.05
63531,1,0.05625
63532,0,0.05
63533,1,0.05625
63534,1,0.05625
63535,2,0.0625
63536,1,0.04375
63537,0,0.05
63538,0,0.05
63539,1,0.05625
63540,0,0.05
63541,1,0.05625
63542,1,0.05625
63543,2,0.0625
63544,0,0.05
63545,1,0.05625
63546,1,0.05625
63547,2,0.0625
63548,1,0.05625
63549,2,0.0625
63550,2,0.0625
63551,3,0.06875
63552,2,0.0375
63553,1,0.04375
63554,1,0.04375
63555,0,0.05
63556,1,0.04375
63557,0,0.05
63558,0,0.05
63559,1,0.05625
63560,1,0.04375
63561,0,0.05
63562,0,0.05
63563,1,0.05625
63564,0,0.05
63565,1,0.05625
63566,1,0.05625
63567,2,0.0625
63568,1,0.04375
63569,0,0.05
63570,0,0.05
63571,1,0.05625
63572,0,0.05
63573,1,0.05625
63574,1,0.05625
63575,2,0.0625
63576,0,0.05
63577,1,0.05625
63578,1,0.05625
63579,2,0.0625
63580,1,0.05625
63581,2,0.0625
63582,2,0.0625
63583,3,0.06875
63584,1,0.04375
63585,0,0.05
63586,0,0.05
63587,1,0.05625
63588,0,0.05
63589,1,0.05625
63590,1,0.05625
63591,2,0.0625
63592,0,0.05
63593,1,0.05625
63594,1,0.05625
63595,2,0.0625
63596,1,0.05625
63597,2,0.0625
63598,2,0.0625
63599,3,0.06875
63600,0,0.05
63601,1,0.05625
63602,1,0.05625
63603,2,0.0625
63604,1,0.05625
63605,2,0.0625
63606,2,0.0625
63607,3,0.06875
63608,1,0.05625
63609,2,0.0625
63610,2,0.0625
63611,3,0.06875
63612,2,0.0625
63613,3,0.06875
63614,3,0.06875
63615,4,0.075
63616,2,0.0375
63617,1,0.04375
63618,1,0.04375
63619,0,0.05
63620,1,0.04375
63621,0,0.05
63622,0,0.05
63623,1,0.05625
63624,1,0.04375
63625,0,0.05
63626,0,0.05
63627,1,0.05625
63628,0,0.05
63629,1,0.05625
63630,1,0.05625
63631,2,0.0625
63632,1,0.04375
63633,0,0.05
63634,0,0.05
63635,1,0.05625
63636,0,0.05
63637,1,0.05625
63638,1,0.05625
63639,2,0.0625
63640,0,0.05
63641,1,0.05625
63642,1,0.05625
63643,2,0.0625
63644,1,0.05625
63645,2,0.0625
63646,2,0.0625
63647,3,0.06875
63648,1,0.04375
63649,0,0.05
63650,0,0.05
63651,1,0.05625
63652,0,0.05
63653,1,0.05625
63654,1,0.05625
63655,2,0.0625
63656,0,0.05
63657,1,0.05625
63658,1,0.05625
63659,2,0.0625
63660,1,0.05625
63661,2,0.0625
63662,2,0.0625
63663,3,0.06875
63664,0,0.05
63665,1,0.05625
63666,1,0.05625
63667,2,0.0625
63668,1,0.05625
63669,2,0.0625
63670,2,0.0625
63671,3,0.06875
63672,1,0.05625
63673,2,0.0625
63674,2,0.0625
63675,3,0.06875
63676,2,0.0625
63677,3,0.06875
63678,3,0.06875
63679,4,0.075
63680,1,0.04375
63681,0,0.05
63682,0,0.05
63683,1,0.05625
63684,0,0.05
63685,1,0.05625
63686,1,0.05625
63687,2,0.0625
63688,0,0.05
63689,1,0.05625
63690,1,0.05625
63691,2,0.0625
63692,1,0.05625
63693,2,0.0625
63694,2,0.0625
63695,3,0.06875
63696,0,0.05
63697,1,0.05625
63698,1,0.05625
63699,2,0.0625
63700,1,0.05625
63701,2,0.0625
63702,2,0.0625
63703,3,0.06875
63704,1,0.05625
63705,2,0.0625
63706,2,0.0625
63707,3,0.06875
63708,2,0.0625
63709,3,0.06875
63710,3,0.06875
63711,4,0.075
63712,0,0.05
63713,1,0.05625
63714,1,0.05625
63715,2,0.0625
63716,1,0.05625
63717,2,0.0625
63718,2,0.0625
63719,3,0.06875
63720,1,0.05625
63721,2,0.0625
63722,2,0.0625
63723,3,0.06875
63724,2,0.0625
63725,3,0.06875
63726,3,0.06875
63727,4,0.075
63728,1,0.05625
63729,2,0.0625
63730,2,0.0625
63731,3,0.06875
63732,2,0.0625
63733,3,0.06875
63734,3,0.06875
63735,4,0.075
63736,2,0.0625
63737,3,0.06875
63738,3,0.06875
63739,4,0.075
63740,3,0.06875
63741,4,0.075
63742,4,0.075
63743,3,0.08125
63744,2,0.0375
63745,1,0.04375
63746,1,0.04375
63747,0,0.05
63748,1,0.04375
63749,0,0.05
63750,0,0.05
63751,1,0.05625
63752,1,0.04375
63753,0,0.05
63754,0,0.05
63755,1,0.05625
63756,0,0.05
63757,1,0.05625
63758,1,0.05625
63759,2,0.0625
63760,1,0.04375
63761,0,0.05
63762,0,0.05
63763,1,0.05625
63764,0,0.05
63765,1,0.05625
63766,1,0.05625
63767,2,0.0625
63768,0,0.05
63769,1,0.05625
63770,1,0.05625
63771,2,0.0625
63772,1,0.05625
63773,2,0.0625
63774,2,0.0625
63775,3,0.06875
63776,1,0.04375
63777,0,0.05
63778,0,0.05
63779,1,0.05625
63780,0,0.05
63781,1,0.05625
63782,1,0.05625
63783,2,0.0625
63784,0,0.05
63785,1,0.05625
63786,1,0.05625
63787,2,0.0625
63788,1,0.05625
63789,2,0.0625
63790,2,0.0625
63791,3,0.06875
63792,0,0.05
63793,1,0.05625
63794,1,0.05625
63795,2,0.0625
63796,1,0.05625
63797,2,0.0625
63798,2,0.0625
63799,3,0.06875
63800,1,0.05625
63801,2,0.0625
63802,2,0.0625
63803,3,0.06875
63804,2,0.0625
63805,3,0.06875
63806,3,0.06875
63807,4,0.075
63808,1,0.04375
63809,0,0.05
63810,0,0.05
63811,1,0.05625
63812,0,0.05
63813,1,0.05625
63814,1,0.05625
63815,2,0.0625
63816,0,0.05
63817,1,0.05625
63818,1,0.05625
63819,2,0.0625
63820,1,0.05625
63821,2,0.0625
63822,2,0.0625
63823,3,0.06875
63824,0,0.05
63825,1,0.05625
63826,1,0.05625
63827,2,0.0625
63828,1,0.05625
63829,2,0.0625
63830,2,0.0625
63831,3,0.06875
63832,1,0.05625
63833,2,0.0625
63834,2,0.0625
63835,3,0.06875
63836,2,0.0625
63837,3,0.06875
63838,3,0.06875
63839,4,0.075
63840,0,0.05
63841,1,0.05625
63842,1,0.05625
63843,2,0.0625
63844,1,0.05625
63845,2,0.0625
63846,2,0.0625
63847,3,0.06875
63848,1,0.05625
63849,2,0.0625
63850,2,0.0625
63851,3,0.06875
63852,2,0.0625
63853,3,0.06875
63854,3,0.06875
63855,4,0.075
63856,1,0.05625
63857,2,0.0625
63858,2,0.0625
63859,3,0.06875
63860,2,0.0625
63861,3,0.06875
63862,3,0.06875
63863,4,0.075
63864,2,0.0625
63865,3,0.06875
63866,3,0.06875
63867,4,0.075
63868,3,0.06875
63869,4,0.075
63870,4,0.075
63871,3,0.08125
63872,1,0.04375
63873,0,0.05
63874,0,0.05
63875,1,0.05625
63876,0,0.05
63877,1,0.05625
63878,1,0.05625
63879,2,0.0625
63880,0,0.05
63881,1,0.05625
63882,1,0.05625
63883,2,0.0625
63884,1,0.05625
63885,2,0.0625
63886,2,0.0625
63887,3,0.06875
63888,0,0.05
63889,1,0.05625
63890,1,0.05625
63891,2,0.0625
63892,1,0.05625
63893,2,0.0625
63894,2,0.0625
63895,3,0.06875
63896,1,0.05625
63897,2,0.0625
63898,2,0.0625
63899,3,0.06875
63900,2,0.0625
63901,3,0.06875
63902,3,0.06875
63903,4,0.075
63904,0,0.05
63905,1,0.05625
63906,1,0.05625
63907,2,0.0625
63908,1,0.05625
63909,2,0.0625
63910,2,0.0625
63911,3,0.06875
63912,1,0.05625
63913,2,0.0625
63914,2,0.0625
63915,3,0.06875
63916,2,0.0625
63917,3,0.06875
63918,3,0.06875
63919,4,0.075
63920,1,0.05625
63921,2,0.0625
63922,2,0.0625
63923,3,0.06875
63924,2,0.0625
63925,3,0.06875
63926,3,0.06875
63927,4,0.075
63928,2,0.0625
63929,3,0.06875
63930,3,0.06875
63931,4,0.075
63932,3,0.06875
63933,4,0.075
63934,4,0.075
63935,3,0.08125
63936,0,0.05
63937,1,0.05625
63938,1,0.05625
63939,2,0.0625
63940,1,0.05625
63941,2,0.0625
63942,2,0.0625
63943,3,0.06875
63944,1,0.05625
63945,2,0.0625
63946,2,0.0625
63947,3,0.06875
63948,2,0.0625
63949,3,0.06875
63950,3,0.06875
63951,4,0.075
63952,1,0.05625
63953,2,0.0625
63954,2,0.0625
63955,3,0.06875
63956,2,0.0625
63957,3,0.06875
63958,3,0.06875
63959,4,0.075
63960,2,0.0625
63961,3,0.06875
63962,3,0.06875
63963,4,0.075
63964,3,0.06875
63965,4,0.075
63966,4,0.075
63967,3,0.08125
63968,1,0.05625
63969,2,0.0625
63970,2,0.0625
63971,3,0.06875
63972,2,0.0625
63973,3,0.06875
63974,3,0.06875
63975,4,0.075
63976,2,0.0625
63977,3,0.06875
63978,3,0.06875
63979,4,0.075
63980,3,0.06875
63981,4,0.075
63982,4,0.075
63983,3,0.08125
63984,2,0.0625
63985,3,0.06875
63986,3,0.06875
63987,4,0.075
63988,3,0.06875
63989,4,0.075
63990,4,0.075
63991,3,0.08125
63992,3,0.06875
63993,4,0.075
63994,4,0.075
63995,3,0.08125
63996,4,0.075
63997,3,0.08125
63998,3,0.08125
63999,2,0.0875
64000,2,0.0375
64001,1,0.04375
64002,1,0.04375
64003,0,0.05
64004,1,0.04375
64005,0,0.05
64006,0,0.05
64007,1,0.05625
64008,1,0.04375
64009,0,0.05
64010,0,0.05
64011,1,0.05625
64012,0,0.05
64013,1,0.05625
64014,1,0.05625
64015,2,0.0625
64016,1,0.04375
64017,0,0.05
64018,0,0.05
64019,1,0.05625
64020,0,0.05
64021,1,0.05625
64022,1,0.05625
64023,2,0.0625
64024,0,0.05
64025,1,0.05625
64026,1,0.05625
64027,2,0.0625
64028,1,0.05625
64029,2,0.0625
64030,2,0.0625
64031,3,0.06875
64032,1,0.04375
64033,0,0.05
64034,0,0.05
64035,1,0.05625
64036,0,0.05
64037,1,0.05625
64038,1,0.05625
64039,2,0.0625
64040,0,0.05
64041,1,0.05625
64042,1,0.05625
64043,2,0.0625
64044,1,0.05625
64045,2,0.0625
64046,2,0.0625
64047,3,0.06875
64048,0,0.05
64049,1,0.05625
64050,1,0.05625
64051,2,0.0625
64052,1,0.05625
64053,2,0.0625
64054,2,0.0625
64055,3,0.06875
64056,1,0.05625
64057,2,0.0625
64058,2,0.0625
64059,3,0.06875
64060,2,0.0625
64061,3,0.06875
64062,3,0.06875
64063,4,0.075
64064,1,0.04375
64065,0,0.05
64066,0,0.05
64067,1,0.05625
64068,0,0.05
64069,1,0.05625
64070,1,0.05625
64071,2,0.0625
64072,0,0.05
64073,1,0.05625
64074,1,0.05625
64075,2,0.0625
64076,1,0.05625
64077,2,0.0625
64078,2,0.0625
64079,3,0.06875
64080,0,0.05
64081,1,0.05625
64082,1,0.05625
64083,2,0.0625
64084,1,0.05625
64085,2,0.0625
64086,2,0.0625
64087,3,0.06875
64088,1,0.05625
64089,2,0.0625
64090,2,0.0625
64091,3,0.06875
64092,2,0.0625
64093,3,0.06875
64094,3,0.06875
64095,4,0.075
64096,0,0.05
64097,1,0.05625
64098,1,0.05625
64099,2,0.0625
64100,1,0.05625
64101,2,0.0625
64102,2,0.0625
64103,3,0.06875
64104,1,0.05625
64105,2,0.0625
64106,2,0.0625
64107,3,0.06875
64108,2,0.0625
64109,3,0.06875
64110,3,0.06875
64111,4,0.075
64112,1,0.05625
64113,2,0.0625
64114,2,0.0625
64115,3,0.06875
64116,2,0.0625
64117,3,0.06875
64118,3,0.06875
64119,4,0.075
64120,2,0.0625
64121,3,0.06875
64122,3,0.06875
64123,4,0.075
64124,3,0.06875
64125,4,0.075
64126,4,0.075
64127,3,0.08125
64128,1,0.04375
64129,0,0.05
64130,0,0.05
64131,1,0.05625
64132,0,0.05
64133,1,0.05625
64134,1,0.05625
64135,2,0.0625
64136,0,0.05
64137,1,0.05625
64138,1,0.05625
64139,2,0.0625
64140,1,0.05625
64141,2,0.0625
64142,2,0.0625
64143,3,0.06875
64144,0,0.05
64145,1,0.05625
64146,1,0.05625
64147,2,0.0625
64148,1,0.05625
64149,2,0.0625
64150,2,0.0625
64151,3,0.06875
64152,1,0.05625
64153,2,0.0625
64154,2,0.0625
64155,3,0.06875
64156,2,0.0625
64157,3,0.06875
64158,3,0.06875
64159,4,0.075
64160,0,0.05
64161,1,0.05625
64162,1,0.05625
64163,2,0.0625
64164,1,0.05625
64165,2,0.0625
64166,2,0.0625
64167,3,0.06875
64168,1,0.05625
64169,2,0.0625
64170,2,0.0625
64171,3,0.06875
64172,2,0.0625
64173,3,0.06875
64174,3,0.06875
64175,4,0.075
64176,1,0.05625
64177,2,0.0625
64178,2,0.0625
64179,3,0.06875
64180,2,0.0625
64181,3,0.06875
64182,3,0.06875
64183,4,0.075
64184,2,0.0625
64185,3,0.06875
64186,3,0.06875
64187,4,0.075
64188,3,0.06875
64189,4,0.075
64190,4,0.075
64191,3,0.08125
64192,0,0.05
64193,1,0.05625
64194,1,0.05625
64195,2,0.0625
64196,1,0.05625
64197,2,0.0625
64198,2,0.0625
64199,3,0.06875
64200,1,0.05625
64201,2,0.0625
64202,2,0.0625
64203,3,0.06875
64204,2,0.0625
64205,3,0.06875
64206,3,0.06875
64207,4,0.075
64208,1,0.05625
64209,2,0.0625
64210,2,0.0625
64211,3,0.06875
64212,2,0.0625
64213,3,0.06875
64214,3,0.06875
64215,4,0.075
64216,2,0.0625
64217,3,0.06875
64218,3,0.06875
64219,4,0.075
64220,3,0.06875
64221,4,0.075
64222,4,0.075
64223,3,0.08125
64224,1,0.05625
64225,2,0.0625
64226,2,0.0625
64227,3,0.06875
64228,2,0.0625
64229,3,0.06875
64230,3,0.06875
64231,4,0.075
64232,2,0.0625
64233,3,0.06875
64234,3,0.06875
64235,4,0.075
64236,3,0.06875
64237,4,0.075
64238,4,0.075
64239,3,0.08125
64240,2,0.0625
64241,3,0.06875
64242,3,0.06875
64243,4,0.075
64244,3,0.06875
64245,4,0.075
64246,4,0.075
64247,3,0.08125
64248,3,0.06875
64249,4,0.075
64250,4,0.075
64251,3,0.08125
64252,4,0.075
64253,3,0.08125
64254,3,0.08125
64255,2,0.0875
64256,1,0.04375
64257,0,0.05
64258,0,0.05
64259,1,0.05625
64260,0,0.05
64261,1,0.05625
64262,1,0.05625
64263,2,0.0625
64264,0,0.05
64265,1,0.05625
64266,1,0.05625
64267,2,0.0625
64268,1,0.05625
64269,2,0.0625
64270,2,0.0625
64271,3,0.06875
64272,0,0.05
64273,1,0.05625
64274,1,0.05625
64275,2,0.0625
64276,1,0.05625
64277,2,0.0625
64278,2,0.0625
64279,3,0.06875
64280,1,0.05625
64281,2,0.0625
64282,2,0.0625
64283,3,0.06875
64284,2,0.0625
64285,3,0.06875
64286,3,0.06875
64287,4,0.075
64288,0,0.05
64289,1,0.05625
64290,1,0.05625
64291,2,0.0625
64292,1,0.05625
64293,2,0.0625
64294,2,0.0625
64295,3,0.06875
64296,1,0.05625
64297,2,0.0625
64298,2,0.0625
64299,3,0.06875
64300,2,0.0625
64301,3,0.06875
64302,3,0.06875
64303,4,0.075
64304,1,0.05625
64305,2,0.0625
64306,2,0.0625
64307,3,0.06875
64308,2,0.0625
64309,3,0.06875
64310,3,0.06875
64311,4,0.075
64312,2,0.0625
64313,3,0.06875
64314,3,0.06875
64315,4,0.075
64316,3,0.06875
64317,4,0.075
64318,4,0.075
64319,3,0.08125
64320,0,0.05
64321,1,0.05625
64322,1,0.05625
64323,2,0.0625
64324,1,0.05625
64325,2,0.0625
64326,2,0.0625
64327,3,0.06875
64328,1,0.05625
64329,2,0.0625
64330,2,0.0625
64331,3,0.06875
64332,2,0.0625
64333,3,0.06875
64334,3,0.06875
64335,4,0.075
64336,1,0.05625
64337,2,0.0625
64338,2,0.0625
64339,3,0.06875
64340,2,0.0625
64341,3,0.06875
64342,3,0.06875
64343,4,0.075
64344,2,0.0625
64345,3,0.06875
64346,3,0.06875
64347,4,0.075
64348,3,0.06875
64349,4,0.075
64350,4,0.075
64351,3,0.08125
64352,1,0.05625
64353,2,0.0625
64354,2,0.0625
64355,3,0.06875
64356,2,0.0625
64357,3,0.06875
64358,3,0.06875
64359,4,0.075
64360,2,0.0625
64361,3,0.06875
64362,3,0.06875
64363,4,0.075
64364,3,0.06875
64365,4,0.075
64366,4,0.075
64367,3,0.08125
64368,2,0.0625
64369,3,0.06875
64370,3,0.06875
64371,4,0.075
64372,3,0.06875
64373,4,0.075
64374,4,0.075
64375,3,0.08125
64376,3,0.06875
64377,4,0.075
64378,4,0.075
64379,3,0.08125
64380,4,0.075
64381,3,0.08125
64382,3,0.08125
64383,2,0.0875
64384,0,0.05
64385,1,0.05625
64386,1,0.05625
64387,2,0.0625
64388,1,0.05625
64389,2,0.0625
64390,2,0.0625
64391,3,0.06875
64392,1,0.05625
64393,2,0.0625
64394,2,0.0625
64395,3,0.06875
64396,2,0.0625
64397,3,0.06875
64398,3,0.06875
64399,4,0.075
64400,1,0.05625
64401,2,0.0625
64402,2,0.0625
64403,3,0.06875
64404,2,0.0625
64405,3,0.06875
64406,3,0.06875
64407,4,0.075
64408,2,0.0625
64409,3,0.06875
64410,3,0.06875
64411,4,0.075
64412,3,0.06875
64413,4,0.075
64414,4,0.075
64415,3,0.08125
64416,1,0.05625
64417,2,0.0625
64418,2,0.0625
64419,3,0.06875
64420,2,0.0625
64421,3,0.06875
64422,3,0.06875
64423,4,0.075
64424,2,0.0625
64425,3,0.06875
64426,3,0.06875
64427,4,0.075
64428,3,0.06875
64429,4,0.075
64430,4,0.075
64431,3,0.08125
64432,2,0.0625
64433,3,0.06875
64434,3,0.06875
64435,4,0.075
64436,3,0.06875
64437,4,0.075
64438,4,0.075
64439,3,0.08125
64440,3,0.06875
64441,4,0.075
64442,4,0.075
64443,3,0.08125
64444,4,0.075
64445,3,0.08125
64446,3,0.08125
64447,2,0.0875
64448,1,0.05625
64449,2,0.0625
64450,2,0.0625
64451,3,0.06875
64452,2,0.0625
64453,3,0.06875
64454,3,0.06875
64455,4,0.075
64456,2,0.0625
64457,3,0.06875
64458,3,0.06875
64459,4,0.075
64460,3,0.06875
64461,4,0.075
64462,4,0.075
64463,3,0.08125
64464,2,0.0625
64465,3,0.06875
64466,3,0.06875
64467,4,0.075
64468,3,0.06875
64469,4,0.075
64470,4,0.075
64471,3,0.08125
64472,3,0.06875
64473,4,0.075
64474,4,0.075
64475,3,0.08125
64476,4,0.075
64477,3,0.08125
64478,3,0.08125
64479,2,0.0875
64480,2,0.0625
64481,3,0.06875
64482,3,0.06875
64483,4,0.075
64484,3,0.06875
64485,4,0.075
64486,4,0.075
64487,3,0.08125
64488,3,0.06875
64489,4,0.075
64490,4,0.075
64491,3,0.08125
64492,4,0.075
64493,3,0.08125
64494,3,0.08125
64495,2,0.0875
64496,3,0.06875
64497,4,0.075
64498,4,0.075
64499,3,0.08125
64500,4,0.075
64501,3,0.08125
64502,3,0.08125
64503,2,0.0875
64504,4,0.075
64505,3,0.08125
64506,3,0.08125
64507,2,0.0875
64508,3,0.08125
64509,2,0.0875
64510,2,0.0875
64511,1,0.09375
64512,2,0.0375
64513,1,0.04375
64514,1,0.04375
64515,0,0.05
64516,1,0.04375
64517,0,0.05
64518,0,0.05
64519,1,0.05625
64520,1,0.04375
64521,0,0.05
64522,0,0.05
64523,1,0.05625
64524,0,0.05
64525,1,0.05625
64526,1,0.05625
64527,2,0.0625
64528,1,0.04375
64529,0,0.05
64530,0,0.05
64531,1,0.05625
64532,0,0.05
64533,1,0.05625
64534,1,0.05625
64535,2,0.0625
64536,0,0.05
64537,1,0.05625
64538,1,0.05625
64539,2,0.0625
64540,1,0.05625
64541,2,0.0625
64542,2,0.0625
64543,3,0.06875
64544,1,0.04375
64545,0,0.05
64546,0,0.05
64547,1,0.05625
64548,0,0.05
64549,1,0.05625
64550,1,0.05625
64551,2,0.0625
64552,0,0.05
64553,1,0.05625
64554,1,0.05625
64555,2,0.0625
64556,1,0.05625
64557,2,0.0625
64558,2,0.0625
64559,3,0.06875
64560,0,0.05
64561,1,0.05625
64562,1,0.05625
64563,2,0.0625
64564,1,0.05625
64565,2,0.0625
64566,2,0.0625
64567,3,0.06875
64568,1,0.05625
64569,2,0.0625
64570,2,0.0625
64571,3,0.06875
64572,2,0.0625
64573,3,0.06875
64574,3,0.06875
64575,4,0.075
64576,1,0.04375
64577,0,0.05
64578,0,0.05
64579,1,0.05625
64580,0,0.05
64581,1,0.05625
64582,1,0.05625
64583,2,0.0625
64584,0,0.05
64585,1,0.05625
64586,1,0.05625
64587,2,0.0625
64588,1,0.05625
64589,2,0.0625
64590,2,0.0625
64591,3,0.06875
64592,0,0.05
64593,1,0.05625
64594,1,0.05625
64595,2,0.0625
64596,1,0.05625
64597,2,0.0625
64598,2,0.0625
64599,3,0.06875
64600,1,0.05625
64601,2,0.0625
64602,2,0.0625
64603,3,0.06875
64604,2,0.0625
64605,3,0.06875
64606,3,0.06875
64607,4,0.075
64608,0,0.05
64609,1,0.05625
64610,1,0.05625
64611,2,0.0625
64612,1,0.05625
64613,2,0.0625
64614,2,0.0625
64615,3,0.06875
64616,1,0.05625
64617,2,0.0625
64618,2,0.0625
64619,3,0.06875
64620,2,0.0625
64621,3,0.06875
64622,3,0.06875
64623,4,0.075
64624,1,0.05625
64625,2,0.0625
64626,2,0.0625
64627,3,0.06875
64628,2,0.0625
64629,3,0.06875
64630,3,0.06875
64631,4,0.075
64632,2,0.0625
64633,3,0.06875
64634,3,0.06875
64635,4,0.075
64636,3,0.06875
64637,4,0.075
64638,4,0.075
64639,3,0.08125
64640,1,0.04375
64641,0,0.05
64642,0,0.05
64643,1,0.05625
64644,0,0.05
64645,1,0.05625
64646,1,0.05625
64647,2,0.0625
64648,0,0.05
64649,1,0.05625
64650,1,0.05625
64651,2,0.0625
64652,1,0.05625
64653,2,0.0625
64654,2,0.0625
64655,3,0.06875
64656,0,0.05
64657,1,0.05625
64658,1,0.05625
64659,2,0.0625
64660,1,0.05625
64661,2,0.0625
64662,2,0.0625
64663,3,0.06875
64664,1,0.05625
64665,2,0.0625
64666,2,0.0625
64667,3,0.06875
64668,2,0.0625
64669,3,0.06875
64670,3,0.06875
64671,4,0.075
64672,0,0.05
64673,1,0.05625
64674,1,0.05625
64675,2,0.0625
64676,1,0.05625
64677,2,0.0625
64678,2,0.0625
64679,3,0.06875
64680,1,0.05625
64681,2,0.0625
64682,2,0.0625
64683,3,0.06875
64684,2,0.0625
64685,3,0.06875
64686,3,0.06875
64687,4,0.075
64688,1,0.05625
64689,2,0.0625
64690,2,0.0625
64691,3,0.06875
64692,2,0.0625
64693,3,0.06875
64694,3,0.06875
64695,4,0.075
64696,2,0.0625
64697,3,0.06875
64698,3,0.06875
64699,4,0.075
64700,3,0.06875
64701,4,0.075
64702,4,0.075
64703,3,0.08125
64704,0,0.05
64705,1,0.05625
64706,1,0.05625
64707,2,0.0625
64708,1,0.05625
64709,2,0.0625
64710,2,0.0625
64711,3,0.06875
64712,1,0.05625
64713,2,0.0625
64714,2,0.0625
64715,3,0.06875
64716,2,0.0625
64717,3,0.06875
64718,3,0.06875
64719,4,0.075
64720,1,0.05625
64721,2,0.0625
64722,2,0.0625
64723,3,0.06875
64724,2,0.0625
64725,3,0.06875
64726,3,0.06875
64727,4,0.075
64728,2,0.0625
64729,3,0.06875
64730,3,0.06875
64731,4,0.075
64732,3,0.06875
64733,4,0.075
64734,4,0.075
64735,3,0.08125
64736,1,0.05625
64737,2,0.0625
64738,2,0.0625
64739,3,0.06875
64740,2,0.0625
64741,3,0.06875
64742,3,0.06875
64743,4,0.075
64744,2,0.0625
64745,3,0.06875
64746,3,0.06875
64747,4,0.075
64748,3,0.06875
64749,4,0.075
64750,4,0.075
64751,3,0.08125
64752,2,0.0625
64753,3,0.06875
64754,3,0.06875
64755,4,0.075
64756,3,0.06875
64757,4,0.075
64758,4,0.075
64759,3,0.08125
64760,3,0.06875
64761,4,0.075
64762,4,0.075
64763,3,0.08125
64764,4,0.075
64765,3,0.08125
64766,3,0.08125
64767,2,0.0875
64768,1,0.04375
64769,0,0.05
64770,0,0.05
64771,1,0.05625
64772,0,0.05
64773,1,0.05625
64774,1,0.05625
64775,2,0.0625
64776,0,0.05
64777,1,0.05625
64778,1,0.05625
64779,2,0.0625
64780,1,0.05625
64781,2,0.0625
64782,2,0.0625
64783,3,0.06875
64784,0,0.05
64785,1,0.05625
64786,1,0.05625
64787,2,0.0625
64788,1,0.05625
64789,2,0.0625
64790,2,0.0625
64791,3,0.06875
64792,1,0.05625
64793,2,0.0625
64794,2,0.0625
64795,3,0.06875
64796,2,0.0625
64797,3,0.06875
64798,3,0.06875
64799,4,0.075
64800,0,0.05
64801,1,0.05625
64802,1,0.05625
64803,2,0.0625
64804,1,0.05625
64805,2,0.0625
64806,2,0.0625
64807,3,0.06875
64808,1,0.05625
64809,2,0.0625
64810,2,0.0625
64811,3,0.06875
64812,2,0.0625
64813,3,0.06875
64814,3,0.06875
64815,4,0.075
64816,1,0.05625
64817,2,0.0625
64818,2,0.0625
64819,3,0.06875
64820,2,0.0625
64821,3,0.06875
64822,3,0.06875
64823,4,0.075
64824,2,0.0625
64825,3,0.06875
64826,3,0.06875
64827,4,0.075
64828,3,0.06875
64829,4,0.075
64830,4,0.075
64831,3,0.08125
64832,0,0.05
64833,1,0.05625
64834,1,0.05625
64835,2,0.0625
64836,1,0.05625
64837,2,0.0625
64838,2,0.0625
64839,3,0.06875
64840,1,0.05625
64841,2,0.0625
64842,2,0.0625
64843,3,0.06875
64844,2,0.0625
64845,3,0.06875
64846,3,0.06875
64847,4,0.075
64848,1,0.05625
64849,2,0.0625
64850,2,0.0625
64851,3,0.06875
64852,2,0.0625
64853,3,0.06875
64854,3,0.06875
64855,4,0.075
64856,2,0.0625
64857,3,0.06875
64858,3,0.06875
64859,4,0.075
64860,3,0.06875
64861,4,0.075
64862,4,0.075
64863,3,0.08125
64864,1,0.05625
64865,2,0.0625
64866,2,0.0625
64867,3,0.06875
64868,2,0.0625
64869,3,0.06875
64870,3,0.06875
64871,4,0.075
64872,2,0.0625
64873,3,0.06875
64874,3,0.06875
64875,4,0.075
64876,3,0.06875
64877,4,0.075
64878,4,0.075
64879,3,0.08125
64880,2,0.0625
64881,3,0.06875
64882,3,0.06875
64883,4,0.075
64884,3,0.06875
64885,4,0.075
64886,4,0.075
64887,3,0.08125
64888,3,0.06875
64889,4,0.075
64890,4,0.075
64891,3,0.08125
64892,4,0.075
64893,3,0.08125
64894,3,0.08125
64895,2,0.0875
64896,0,0.05
64897,1,0.05625
64898,1,0.05625
64899,2,0.0625
64900,1,0.05625
64901,2,0.0625
64902,2,0.0625
64903,3,0.06875
64904,1,0.05625
64905,2,0.0625
64906,2,0.0625
64907,3,0.06875
64908,2,0.0625
64909,3,0.06875
64910,3,0.06875
64911,4,0.075
64912,1,0.05625
64913,2,0.0625
64914,2,0.0625
64915,3,0.06875
64916,2,0.0625
64917,3,0.06875
64918,3,0.06875
64919,4,0.075
64920,2,0.0625
64921,3,0.06875
64922,3,0.06875
64923,4,0.075
64924,3,0.06875
64925,4,0.075
64926,4,0.075
64927,3,0.08125
64928,1,0.05625
64929,2,0.0625
64930,2,0.0625
64931,3,0.06875
64932,2,0.0625
64933,3,0.06875
64934,3,0.06875
64935,4,0.075
64936,2,0.0625
64937,3,0.06875
64938,3,0.06875
64939,4,0.075
64940,3,0.06875
64941,4,0.075
64942,4,0.075
64943,3,0.08125
64944,2,0.0625
64945,3,0.06875
64946,3,0.06875
64947,4,0.075
64948,3,0.06875
64949,4,0.075
64950,4,0.075
64951,3,0.08125
64952,3,0.06875
64953,4,0.075
64954,4,0.075
64955,3,0.08125
64956,4,0.075
64957,3,0.08125
64958,3,0.08125
64959,2,0.0875
64960,1,0.05625
64961,2,0.0625
64962,2,0.0625
64963,3,0.06875
64964,2,0.0625
64965,3,0.06875
64966,3,0.06875
64967,4,0.075
64968,2,0.0625
64969,3,0.06875
64970,3,0.06875
64971,4,0.075
64972,3,0.06875
64973,4,0.075
64974,4,0.075
64975,3,0.08125
64976,2,0.0625
64977,3,0.06875
64978,3,0.06875
64979,4,0.075
64980,3,0.06875
64981,4,0.075
64982,4,0.075
64983,3,0.08125
64984,3,0.06875
64985,4,0.075
64986,4,0.075
64987,3,0.08125
64988,4,0.075
64989,3,0.08125
64990,3,0.08125
64991,2,0.0875
64992,2,0.0625
64993,3,0.06875
64994,3,0.06875
64995,4,0.075
64996,3,0.06875
64997,4,0.075
64998,4,0.075
64999,3,0.08125
65000,3,0.06875
65001,4,0.075
65002,4,0.075
65003,3,0.08125
65004,4,0.075
65005,3,0.08125
65006,3,0.08125
65007,2,0.0875
65008,3,0.06875
65009,4,0.075
65010,4,0.075
65011,3,0.08125
65012,4,0.075
65013,3,0.08125
65014,3,0.08125
65015,2,0.0875
65016,4,0.075
65017,3,0.08125
65018,3,0.08125
65019,2,0.0875
65020,3,0.08125
65021,2,0.0875
65022,2,0.0875
65023,1,0.09375
65024,1,0.04375
65025,0,0.05
65026,0,0.05
65027,1,0.05625
65028,0,0.05
65029,1,0.05625
65030,1,0.05625
65031,2,0.0625
65032,0,0.05
65033,1,0.05625
65034,1,0.05625
65035,2,0.0625
65036,1,0.05625
65037,2,0.0625
65038,2,0.0625
65039,3,0.06875
65040,0,0.05
65041,1,0.05625
65042,1,0.05625
65043,2,0.0625
65044,1,0.05625
65045,2,0.0625
65046,2,0.0625
65047,3,0.06875
65048,1,0.05625
65049,2,0.0625
65050,2,0.0625
65051,3,0.06875
65052,2,0.0625
65053,3,0.06875
65054,3,0.06875
65055,4,0.075
65056,0,0.05
65057,1,0.05625
65058,1,0.05625
65059,2,0.0625
65060,1,0.05625
65061,2,0.0625
65062,2,0.0625
65063,3,0.06875
65064,1,0.05625
65065,2,0.0625
65066,2,0.0625
65067,3,0.06875
65068,2,0.0625
65069,3,0.06875
65070,3,0.06875
65071,4,0.075
65072,1,0.05625
65073,2,0.0625
65074,2,0.0625
65075,3,0.06875
65076,2,0.0625
65077,3,0.06875
65078,3,0.06875
65079,4,0.075
65080,2,0.0625
65081,3,0.06875
65082,3,0.06875
65083,4,0.075
65084,3,0.06875
65085,4,0.075
65086,4,0.075
65087,3,0.08125
65088,0,0.05
65089,1,0.05625
65090,1,0.05625
65091,2,0.0625
65092,1,0.05625
65093,2,0.0625
65094,2,0.0625
65095,3,0.06875
65096,1,0.05625
65097,2,0.0625
65098,2,0.0625
65099,3,0.06875
65100,2,0.0625
65101,3,0.06875
65102,3,0.06875
65103,4,0.075
65104,1,0.05625
65105,2,0.0625
65106,2,0.0625
65107,3,0.06875
65108,2,0.0625
65109,3,0.06875
65110,3,0.06875
65111,4,0.075
65112,2,0.0625
65113,3,0.06875
65114,3,0.06875
65115,4,0.075
65116,3,0.06875
65117,4,0.075
65118,4,0.075
65119,3,0.08125
65120,1,0.05625
65121,2,0.0625
65122,2,0.0625
65123,3,0.06875
65124,2,0.0625
65125,3,0.06875
65126,3,0.06875
65127,4,0.075
65128,2,0.0625
65129,3,0.06875
65130,3,0.06875
65131,4,0.075
65132,3,0.06875
65133,4,0.075
65134,4,0.075
65135,3,0.08125
65136,2,0.0625
65137,3,0.06875
65138,3,0.06875
65139,4,0.075
65140,3,0.06875
65141,4,0.075
65142,4,0.075
65143,3,0.08125
65144,3,0.06875
65145,4,0.075
65146,4,0.075
65147,3,0.08125
65148,4,0.075
65149,3,0.08125
65150,3,0.08125
65151,2,0.0875
65152,0,0.05
65153,1,0.05625
65154,1,0.05625
65155,2,0.0625
65156,1,0.05625
65157,2,0.0625
65158,2,0.0625
65159,3,0.06875
65160,1,0.05625
65161,2,0.0625
65162,2,0.0625
65163,3,0.06875
65164,2,0.0625
65165,3,0.06875
65166,3,0.06875
65167,4,0.075
65168,1,0.05625
65169,2,0.0625
65170,2,0.0625
65171,3,0.06875
65172,2,0.0625
65173,3,0.06875
65174,3,0.06875
65175,4,0.075
65176,2,0.0625
65177,3,0.06875
65178,3,0.06875
65179,4,0.075
65180,3,0.06875
65181,4,0.075
65182,4,0.075
65183,3,0.08125
65184,1,0.05625
65185,2,0.0625
65186,2,0.0625
65187,3,0.06875
65188,2,0.0625
65189,3,0.06875
65190,3,0.06875
65191,4,0.075
65192,2,0.0625
65193,3,0.06875
65194,3,0.06875
65195,4,0.075
65196,3,0.06875
65197,4,0.075
65198,4,0.075
65199,3,0.08125
65200,2,0.0625
65201,3,0.06875
65202,3,0.06875
65203,4,0.075
65204,3,0.06875
65205,4,0.075
65206,4,0.075
65207,3,0.08125
65208,3,0.06875
65209,4,0.075
65210,4,0.075
65211,3,0.08125
65212,4,0.075
65213,3,0.08125
65214,3,0.08125
65215,2,0.0875
65216,1,0.05625
65217,2,0.0625
65218,2,0.0625
65219,3,0.06875
65220,2,0.0625
65221,3,0.06875
65222,3,0.06875
65223,4,0.075
65224,2,0.0625
65225,3,0.06875
65226,3,0.06875
65227,4,0.075
65228,3,0.06875
65229,4,0.075
65230,4,0.075
65231,3,0.08125
65232,2,0.0625
65233,3,0.06875
65234,3,0.06875
65235,4,0.075
65236,3,0.06875
65237,4,0.075
65238,4,0.075
65239,3,0.08125
65240,3,0.06875
65241,4,0.075
65242,4,0.075
65243,3,0.08125
65244,4,0.075
65245,3,0.08125
65246,3,0.08125
65247,2,0.0875
65248,2,0.0625
65249,3,0.06875
65250,3,0.06875
65251,4,0.075
65252,3,0.06875
65253,4,0.075
65254,4,0.075
65255,3,0.08125
65256,3,0.06875
65257,4,0.075
65258,4,0.075
65259,3,0.08125
65260,4,0.075
65261,3,0.08125
65262,3,0.08125
65263,2,0.0875
65264,3,0.06875
65265,4,0.075
65266,4,0.075
65267,3,0.08125
65268,4,0.075
65269,3,0.08125
65270,3,0.08125
65271,2,0.0875
65272,4,0.075
65273,3,0.08125
65274,3,0.08125
65275,2,0.0875
65276,3,0.08125
65277,2,0.0875
65278,2,0.0875
65279,1,0.09375
65280,0,0.05
65281,1,0.05625
65282,1,0.05625
65283,2,0.0625
65284,1,0.05625
65285,2,0.0625
65286,2,0.0625
65287,3,0.06875
65288,1,0.05625
65289,2,0.0625
65290,2,0.0625
65291,3,0.06875
65292,2,0.0625
65293,3,0.06875
65294,3,0.06875
65295,4,0.075
65296,1,0.05625
65297,2,0.0625
65298,2,0.0625
65299,3,0.06875
65300,2,0.0625
65301,3,0.06875
65302,3,0.06875
65303,4,0.075
65304,2,0.0625
65305,3,0.06875
65306,3,0.06875
65307,4,0.075
65308,3,0.06875
65309,4,0.075
65310,4,0.075
65311,3,0.08125
65312,1,0.05625
65313,2,0.0625
65314,2,0.0625
65315,3,0.06875
65316,2,0.0625
65317,3,0.06875
65318,3,0.06875
65319,4,0.075
65320,2,0.0625
65321,3,0.06875
65322,3,0.06875
65323,4,0.075
65324,3,0.06875
65325,4,0.075
65326,4,0.075
65327,3,0.08125
65328,2,0.0625
65329,3,0.06875
65330,3,0.06875
65331,4,0.075
65332,3,0.06875
65333,4,0.075
65334,4,0.075
65335,3,0.08125
65336,3,0.06875
65337,4,0.075
65338,4,0.075
65339,3,0.08125
65340,4,0.075
65341,3,0.08125
65342,3,0.08125
65343,2,0.0875
65344,1,0.05625
65345,2,0.0625
65346,2,0.0625
65347,3,0.06875
65348,2,0.0625
65349,3,0.06875
65350,3,0.06875
65351,4,0.075
65352,2,0.0625
65353,3,0.06875
65354,3,0.06875
65355,4,0.075
65356,3,0.06875
65357,4,0.075
65358,4,0.075
65359,3,0.08125
65360,2,0.0625
65361,3,0.06875
65362,3,0.06875
65363,4,0.075
65364,3,0.06875
65365,4,0.075
65366,4,0.075
65367,3,0.08125
65368,3,0.06875
65369,4,0.075
65370,4,0.075
65371,3,0.08125
65372,4,0.075
65373,3,0.08125
65374,3,0.08125
65375,2,0.0875
65376,2,0.0625
65377,3,0.06875
65378,3,0.06875
65379,4,0.075
65380,3,0.06875
65381,4,0.075
65382,4,0.075
65383,3,0.08125
65384,3,0.06875
65385,4,0.075
65386,4,0.075
65387,3,0.08125
65388,4,0.075
65389,3,0.08125
65390,3,0.08125
65391,2,0.0875
65392,3,0.06875
65393,4,0.075
65394,4,0.075
65395,3,0.08125
65396,4,0.075
65397,3,0.08125
65398,3,0.08125
65399,2,0.0875
65400,4,0.075
65401,3,0.08125
65402,3,0.08125
65403,2,0.0875
65404,3,0.08125
65405,2,0.0875
65406,2,0.0875
65407,1,0.09375
65408,1,0.05625
65409,2,0.0625
65410,2,0.0625
65411,3,0.06875
65412,2,0.0625
65413,3,0.06875
65414,3,0.06875
65415,4,0.075
65416,2,0.0625
65417,3,0.06875
65418,3,0.06875
65419,4,0.075
65420,3,0.06875
65421,4,0.075
65422,4,0.075
65423,3,0.08125
65424,2,0.0625
65425,3,0.06875
65426,3,0.06875
65427,4,0.075
65428,3,0.06875
65429,4,0.075
65430,4,0.075
65431,3,0.08125
65432,3,0.06875
65433,4,0.075
65434,4,0.075
65435,3,0.08125
65436,4,0.075
65437,3,0.08125
65438,3,0.08125
65439,2,0.0875
65440,2,0.0625
65441,3,0.06875
65442,3,0.06875
65443,4,0.075
65444,3,0.06875
65445,4,0.075
65446,4,0.075
65447,3,0.08125
65448,3,0.06875
65449,4,0.075
65450,4,0.075
65451,3,0.08125
65452,4,0.075
65453,3,0.08125
65454,3,0.08125
65455,2,0.0875
65456,3,0.06875
65457,4,0.075
65458,4,0.075
65459,3,0.08125
65460,4,0.075
65461,3,0.08125
65462,3,0.08125
65463,2,0.0875
65464,4,0.075
65465,3,0.08125
65466,3,0.08125
65467,2,0.0875
65468,3,0.08125
65469,2,0.0875
65470,2,0.0875
65471,1,0.09375
65472,2,0.0625
65473,3,0.06875
65474,3,0.06875
65475,4,0.075
65476,3,0.06875
65477,4,0.075
65478,4,0.075
65479,3,0.08125
65480,3,0.06875
65481,4,0.075
65482,4,0.075
65483,3,0.08125
65484,4,0.075
65485,3,0.08125
65486,3,0.08125
65487,2,0.0875
65488,3,0.06875
65489,4,0.075
65490,4,0.075
65491,3,0.08125
65492,4,0.075
65493,3,0.08125
65494,3,0.08125
65495,2,0.0875
65496,4,0.075
65497,3,0.08125
65498,3,0.08125
65499,2,0.0875
65500,3,0.08125
65501,2,0.0875
65502,2,0.0875
65503,1,0.09375
65504,3,0.06875
65505,4,0.075
65506,4,0.075
65507,3,0.08125
65508,4,0.075
65509,3,0.08125
65510,3,0.08125
65511,2,0.0875
65512,4,0.075
65513,3,0.08125
65514,3,0.08125
65515,2,0.0875
65516,3,0.08125
65517,2,0.0875
65518,2,0.0875
65519,1,0.09375
65520,4,0.075
65521,3,0.08125
65522,3,0.08125
65523,2,0.0875
65524,3,0.08125
65525,2,0.0875
65526,2,0.0875
65527,1,0.09375
65528,3,0.08125
65529,2,0.0875
65530,2,0.0875
65531,1,0.09375
65532,2,0.0875
65533,1,0.09375
65534,1,0.09375
65535,0,0.1
